step,probe_index,log_prob,perplexity,target_rank
0,0,-33.39204788208008,64.9752197265625,3502.0
0,1,-34.898155212402344,18.32341194152832,54.0
0,2,-7.568815231323242,2.948390245437622,12.0
0,3,-22.49289321899414,1803.7642822265625,4279.0
0,4,-16.784704208374023,8.1505708694458,21.0
0,5,-10.443428039550781,13.610711097717285,17.0
0,6,-13.813933372497559,15.84393310546875,10.0
0,7,-12.550067901611328,8.098491668701172,17.0
0,8,-33.529991149902344,16.34898567199707,61.0
0,9,-22.399621963500977,88.22798156738281,1033.0
0,10,-8.967389106750488,9.410699844360352,13.0
0,11,-8.746648788452148,5.7507476806640625,3.0
0,12,-24.850849151611328,7.931990623474121,136.0
0,13,-94.47373962402344,73.27803802490234,2934.0
0,14,-1.6189920902252197,1.2243058681488037,1.0
0,15,-17.637691497802734,2.024874210357666,13.0
0,16,-5.5945329666137695,16.399757385253906,32.0
0,17,-30.54703712463379,78.55998992919922,3970.0
0,18,-12.169355392456055,20.954193115234375,143.0
0,19,-9.163705825805664,3.143897294998169,7.0
0,20,-16.989940643310547,11.326376914978027,207.0
0,21,-51.50341033935547,10.392290115356445,1068.0
0,22,-26.609098434448242,84.3394546508789,6969.0
0,23,-46.0561408996582,21.550722122192383,1300.0
0,24,-31.845083236694336,24.15540885925293,6491.0
0,25,-37.080787658691406,483.0554504394531,1195.0
0,26,-21.18561553955078,34.155921936035156,45.0
0,27,-10.956024169921875,6.209026336669922,8.0
0,28,-5.622723579406738,4.07830286026001,3.0
0,29,-57.77736282348633,13.821755409240723,2833.0
0,30,-26.52376937866211,44.2170295715332,3870.0
0,31,-9.276350021362305,22.023643493652344,11.0
0,32,-9.263972282409668,102.7178726196289,164.0
0,33,-9.987578392028809,12.144721984863281,6.0
0,34,-37.04670333862305,102.5999984741211,1716.0
0,35,-5.797178745269775,6.9060163497924805,8.0
0,36,-8.28177261352539,15.809179306030273,33.0
0,37,-7.6010918617248535,12.600007057189941,15.0
0,38,-3.9526426792144775,1.3901156187057495,1.0
0,39,-70.28335571289062,33.58796310424805,10864.0
0,40,-41.999794006347656,11.829258918762207,944.0
0,41,-23.698148727416992,114.391845703125,428.0
0,42,-41.701385498046875,64.72440338134766,187.0
0,43,-5.81711483001709,2.069153070449829,3.0
0,44,-31.235776901245117,17.109195709228516,3599.0
0,45,-12.471474647521973,510.6770324707031,170.0
0,46,-33.05833053588867,20.19232749938965,31.0
0,47,-61.51718521118164,168.41513061523438,10809.0
0,48,-17.76401138305664,34.911014556884766,938.0
0,49,-15.866050720214844,9.646340370178223,38.0
0,50,-18.362987518310547,7.693161487579346,21.0
0,51,-11.491897583007812,46.09168243408203,22.0
0,52,-3.2381672859191895,2.2468783855438232,2.0
0,53,-37.978912353515625,227.1383056640625,7786.0
0,54,-47.44015884399414,16.290754318237305,454.0
0,55,-15.305584907531738,21.35139274597168,393.0
0,56,-11.420975685119629,17.378677368164062,109.0
0,57,-11.057050704956055,6.314456939697266,13.0
0,58,-40.560089111328125,57.743385314941406,1072.0
0,59,-57.01323699951172,11.927376747131348,263.0
0,60,-34.22669219970703,17.326278686523438,93.0
0,61,-11.171808242797852,6.436391353607178,9.0
0,62,-60.852638244628906,107.87488555908203,179.0
0,63,-111.1297607421875,52.92734146118164,334.0
0,64,-58.705543518066406,91.45169830322266,526.0
0,65,-9.354122161865234,107.45381164550781,13.0
0,66,-5.928155422210693,7.214203357696533,12.0
2,0,-33.31840896606445,64.3798828125,3519.0
2,1,-34.90174102783203,18.328889846801758,54.0
2,2,-7.56257963180542,2.9457650184631348,12.0
2,3,-22.53684425354004,1830.3846435546875,4323.0
2,4,-16.737287521362305,8.102404594421387,21.0
2,5,-10.423995971679688,13.544750213623047,18.0
2,6,-13.868558883666992,16.01797866821289,11.0
2,7,-12.546640396118164,8.093867301940918,17.0
2,8,-33.52337646484375,16.339975357055664,61.0
2,9,-22.371295928955078,87.72960662841797,1035.0
2,10,-9.00212287902832,9.492773056030273,13.0
2,11,-8.70135498046875,5.698887825012207,3.0
2,12,-24.928823471069336,7.983699321746826,137.0
2,13,-94.42491149902344,73.11556243896484,2868.0
2,14,-1.6321046352386475,1.2263141870498657,1.0
2,15,-17.482078552246094,2.0123097896575928,11.0
2,16,-5.61901330947876,16.601726531982422,33.0
2,17,-30.48990249633789,77.92138671875,3946.0
2,18,-12.133228302001953,20.765792846679688,143.0
2,19,-9.13752269744873,3.133624315261841,7.0
2,20,-16.969757080078125,11.293768882751465,204.0
2,21,-51.35340881347656,10.321674346923828,1116.0
2,22,-26.718812942504883,85.8958511352539,6948.0
2,23,-46.06214141845703,21.559345245361328,1349.0
2,24,-31.822860717773438,24.101789474487305,6533.0
2,25,-37.09889602661133,484.51544189453125,1218.0
2,26,-21.17563247680664,34.09913635253906,45.0
2,27,-10.976242065429688,6.229983806610107,8.0
2,28,-5.656245231628418,4.112624168395996,3.0
2,29,-57.9267692565918,13.915940284729004,2844.0
2,30,-26.47126007080078,43.88658142089844,3633.0
2,31,-9.26572036743164,21.945749282836914,11.0
2,32,-9.229644775390625,100.96989440917969,162.0
2,33,-9.975128173828125,12.106979370117188,6.0
2,34,-37.03839111328125,102.49344635009766,1729.0
2,35,-5.807741641998291,6.930375576019287,8.0
2,36,-8.259010314941406,15.689682960510254,33.0
2,37,-7.581436634063721,12.517724990844727,15.0
2,38,-3.973421335220337,1.3925246000289917,1.0
2,39,-70.31752014160156,33.645389556884766,10738.0
2,40,-41.7320556640625,11.644416809082031,920.0
2,41,-23.693273544311523,114.28035736083984,427.0
2,42,-41.459449768066406,63.17729949951172,191.0
2,43,-5.772783279418945,2.0577187538146973,3.0
2,44,-31.215621948242188,17.0778751373291,3495.0
2,45,-12.466304779052734,509.358642578125,163.0
2,46,-33.02095031738281,20.12382698059082,30.0
2,47,-61.335289001464844,165.881591796875,10550.0
2,48,-17.734397888183594,34.70485305786133,936.0
2,49,-15.978591918945312,9.802681922912598,38.0
2,50,-18.346145629882812,7.678780555725098,21.0
2,51,-11.466007232666016,45.69561767578125,22.0
2,52,-3.2794110774993896,2.27016544342041,2.0
2,53,-38.00845718383789,228.09896850585938,7986.0
2,54,-47.58917236328125,16.43417739868164,473.0
2,55,-15.229730606079102,21.029918670654297,389.0
2,56,-11.438164710998535,17.45351791381836,109.0
2,57,-10.986090660095215,6.240218162536621,12.0
2,58,-40.21955490112305,55.81013488769531,897.0
2,59,-57.1263427734375,11.986174583435059,259.0
2,60,-34.12705993652344,17.183019638061523,94.0
2,61,-11.146368026733398,6.409159183502197,9.0
2,62,-60.845252990722656,107.81363677978516,175.0
2,63,-111.13117218017578,52.93001174926758,345.0
2,64,-58.52251052856445,90.17312622070312,519.0
2,65,-9.352004051208496,107.34007263183594,13.0
2,66,-5.945801734924316,7.256763458251953,14.0
4,0,-32.75535583496094,60.004493713378906,2927.0
4,1,-34.700687408447266,18.024354934692383,53.0
4,2,-7.581605911254883,2.953782796859741,12.0
4,3,-22.42751693725586,1764.882080078125,4171.0
4,4,-16.7911434173584,8.157134056091309,21.0
4,5,-10.432960510253906,13.575139999389648,16.0
4,6,-13.823280334472656,15.873579025268555,11.0
4,7,-12.549192428588867,8.097311019897461,18.0
4,8,-33.558677673339844,16.38811683654785,59.0
4,9,-22.407922744750977,88.37459564208984,1037.0
4,10,-9.005268096923828,9.500240325927734,14.0
4,11,-8.754707336425781,5.760023593902588,3.0
4,12,-24.817428588867188,7.909931182861328,134.0
4,13,-91.3163070678711,63.48102951049805,2566.0
4,14,-1.6596951484680176,1.2305508852005005,1.0
4,15,-17.49915313720703,2.0136845111846924,12.0
4,16,-5.560617446899414,16.123998641967773,31.0
4,17,-30.067554473876953,73.35897827148438,3192.0
4,18,-12.147586822509766,20.840469360351562,144.0
4,19,-9.17116641998291,3.1468305587768555,7.0
4,20,-16.373680114746094,10.371869087219238,181.0
4,21,-49.61467742919922,9.537320137023926,816.0
4,22,-26.73188018798828,86.0831069946289,6992.0
4,23,-45.93444061279297,21.376585006713867,1300.0
4,24,-31.620542526245117,23.61906623840332,6351.0
4,25,-37.083648681640625,483.2858581542969,1254.0
4,26,-21.17653465270996,34.10426712036133,42.0
4,27,-10.987875938415527,6.242074966430664,8.0
4,28,-5.650625705718994,4.106850624084473,3.0
4,29,-57.74577331542969,13.801922798156738,2844.0
4,30,-25.995193481445312,41.00110626220703,3114.0
4,31,-9.277061462402344,22.02886962890625,11.0
4,32,-9.21691608428955,100.3293228149414,161.0
4,33,-9.970094680786133,12.091753959655762,6.0
4,34,-37.004920959472656,102.0655288696289,1787.0
4,35,-5.799674034118652,6.911762714385986,8.0
4,36,-8.243127822875977,15.606840133666992,33.0
4,37,-7.594411373138428,12.571980476379395,15.0
4,38,-3.9726457595825195,1.3924347162246704,1.0
4,39,-69.41533660888672,32.16139221191406,10745.0
4,40,-37.58822250366211,9.125494003295898,916.0
4,41,-23.665035247802734,113.63675689697266,430.0
4,42,-37.64068603515625,43.12351989746094,188.0
4,43,-5.890570640563965,2.0882394313812256,3.0
4,44,-31.198158264160156,17.050785064697266,3537.0
4,45,-12.46567153930664,509.1974182128906,170.0
4,46,-33.088539123535156,20.24785804748535,31.0
4,47,-59.32063674926758,140.244384765625,9955.0
4,48,-17.76809310913086,34.93952560424805,949.0
4,49,-15.817323684692383,9.579424858093262,35.0
4,50,-18.30457305908203,7.643391132354736,21.0
4,51,-11.437437057495117,45.26250457763672,22.0
4,52,-3.285593032836914,2.273676872253418,2.0
4,53,-37.79841232299805,221.35618591308594,7359.0
4,54,-47.55854797363281,16.404598236083984,489.0
4,55,-15.32479476928711,21.433584213256836,408.0
4,56,-11.359421730041504,17.113290786743164,107.0
4,57,-11.021331787109375,6.276978015899658,13.0
4,58,-37.053829193115234,40.665611267089844,253.0
4,59,-57.0632209777832,11.953328132629395,259.0
4,60,-34.178443908691406,17.256755828857422,92.0
4,61,-11.246572494506836,6.51709508895874,10.0
4,62,-59.93777847290039,100.5443115234375,183.0
4,63,-109.2698974609375,49.52592849731445,346.0
4,64,-57.0606689453125,80.58255767822266,510.0
4,65,-9.354358673095703,107.46652221679688,13.0
4,66,-5.940448760986328,7.243826866149902,12.0
6,0,-31.32418441772461,50.17530822753906,1755.0
6,1,-34.190914154052734,17.27469825744629,52.0
6,2,-7.691118240356445,3.000356435775757,12.0
6,3,-22.345186233520508,1717.1053466796875,4249.0
6,4,-16.84370994567871,8.210909843444824,21.0
6,5,-10.571158409118652,14.052350044250488,18.0
6,6,-13.869657516479492,16.021499633789062,11.0
6,7,-12.535369873046875,8.078679084777832,17.0
6,8,-33.53943634033203,16.361862182617188,60.0
6,9,-22.258283615112305,85.76892852783203,1037.0
6,10,-9.050996780395508,9.609471321105957,14.0
6,11,-8.805339813232422,5.818648815155029,3.0
6,12,-24.458324432373047,7.676730155944824,133.0
6,13,-82.20370483398438,41.952247619628906,1901.0
6,14,-1.7018330097198486,1.2370495796203613,1.0
6,15,-17.026504516601562,1.9759714603424072,11.0
6,16,-5.444121360778809,15.21163558959961,28.0
6,17,-28.989246368408203,62.88581848144531,1733.0
6,18,-12.077478408813477,20.478378295898438,135.0
6,19,-9.201170921325684,3.1586554050445557,7.0
6,20,-14.818058013916016,8.30506420135498,130.0
6,21,-44.093509674072266,7.420530319213867,339.0
6,22,-26.50048065185547,82.82638549804688,7001.0
6,23,-45.90686798095703,21.337326049804688,1316.0
6,24,-31.678638458251953,23.756683349609375,6447.0
6,25,-36.883331298828125,467.4171447753906,1198.0
6,26,-21.380489349365234,35.28348159790039,41.0
6,27,-10.957337379455566,6.210384845733643,7.0
6,28,-5.670543670654297,4.1273512840271,3.0
6,29,-57.304710388183594,13.527971267700195,2812.0
6,30,-24.449077606201172,32.875423431396484,1809.0
6,31,-9.247859954833984,21.81548309326172,11.0
6,32,-9.228385925292969,100.90635681152344,165.0
6,33,-9.897523880004883,11.874354362487793,6.0
6,34,-36.86451721191406,100.28986358642578,1771.0
6,35,-5.82834005355835,6.978123188018799,8.0
6,36,-8.213495254516602,15.45344352722168,33.0
6,37,-7.527225017547607,12.29355239868164,14.0
6,38,-4.107448577880859,1.4081649780273438,1.0
6,39,-66.19645690917969,27.380273818969727,9554.0
6,40,-32.21268081665039,6.651640892028809,923.0
6,41,-23.547388076782227,110.99414825439453,406.0
6,42,-33.465457916259766,28.404447555541992,187.0
6,43,-5.8661346435546875,2.0818707942962646,3.0
6,44,-31.14305877685547,16.965591430664062,3507.0
6,45,-12.396430969238281,491.8705139160156,168.0
6,46,-32.97014617919922,20.03110122680664,30.0
6,47,-52.947566986083984,82.45867156982422,7938.0
6,48,-17.760677337646484,34.88774108886719,933.0
6,49,-15.992082595825195,9.821593284606934,33.0
6,50,-18.287261962890625,7.62870454788208,21.0
6,51,-11.386149406433105,44.49528121948242,21.0
6,52,-3.356153964996338,2.314141035079956,2.0
6,53,-36.76707077026367,191.0315399169922,5436.0
6,54,-47.52892303466797,16.376035690307617,489.0
6,55,-15.34594440460205,21.52443504333496,400.0
6,56,-11.439332008361816,17.4586124420166,109.0
6,57,-11.08823013305664,6.347355842590332,14.0
6,58,-29.183860778808594,18.51138687133789,253.0
6,59,-57.157508850097656,12.002429962158203,247.0
6,60,-34.0071907043457,17.01223373413086,91.0
6,61,-11.431135177612305,6.720678806304932,11.0
6,62,-58.07046127319336,87.0914306640625,196.0
6,63,-103.88803100585938,40.86552810668945,309.0
6,64,-52.81244659423828,58.119178771972656,507.0
6,65,-9.3411283493042,106.75796508789062,13.0
6,66,-5.942929744720459,7.249819755554199,10.0
8,0,-27.166975021362305,29.840660095214844,284.0
8,1,-32.295631408691406,14.750877380371094,42.0
8,2,-7.903929710388184,3.092973232269287,12.0
8,3,-22.145511627197266,1606.538818359375,4201.0
8,4,-16.929962158203125,8.299915313720703,22.0
8,5,-10.742362976074219,14.666863441467285,21.0
8,6,-13.890275001525879,16.08769989013672,11.0
8,7,-12.48625659942627,8.01282024383545,16.0
8,8,-33.665496826171875,16.53464698791504,62.0
8,9,-22.025266647338867,81.86349487304688,979.0
8,10,-8.950946807861328,9.372095108032227,14.0
8,11,-9.00796890258789,6.05929708480835,3.0
8,12,-23.613971710205078,7.1551408767700195,115.0
8,13,-50.97380065917969,10.145100593566895,771.0
8,14,-1.9028983116149902,1.268534541130066,1.0
8,15,-16.318370819091797,1.9207866191864014,9.0
8,16,-5.326103210449219,14.339982032775879,27.0
8,17,-25.382278442382812,37.563758850097656,272.0
8,18,-11.931416511535645,19.74408721923828,128.0
8,19,-9.221240997314453,3.1665894985198975,7.0
8,20,-11.503267288208008,5.172333240509033,49.0
8,21,-27.112443923950195,3.4293949604034424,22.0
8,22,-25.68972396850586,72.35759735107422,6884.0
8,23,-45.77361297607422,21.148611068725586,1279.0
8,24,-31.5989933013916,23.568222045898438,6536.0
8,25,-36.609962463378906,446.5986328125,1134.0
8,26,-22.421775817871094,41.970314025878906,70.0
8,27,-10.92747688293457,6.179554462432861,7.0
8,28,-5.717043876647949,4.175611972808838,3.0
8,29,-56.609962463378906,13.107441902160645,2740.0
8,30,-19.699729919433594,16.680612564086914,171.0
8,31,-9.132803916931152,20.99465560913086,11.0
8,32,-9.156914710998535,97.36408233642578,163.0
8,33,-9.829487800598145,11.674090385437012,6.0
8,34,-36.968448638916016,101.60127258300781,1822.0
8,35,-5.847633361816406,7.0231451988220215,8.0
8,36,-8.092485427856445,14.842508316040039,32.0
8,37,-7.4900898933410645,12.142318725585938,15.0
8,38,-4.392346382141113,1.4419969320297241,1.0
8,39,-61.479881286621094,21.628116607666016,7066.0
8,40,-30.030696868896484,5.850409030914307,878.0
8,41,-22.854341506958008,96.62799835205078,372.0
8,42,-31.758346557617188,23.94679832458496,178.0
8,43,-6.198318958282471,2.1701362133026123,3.0
8,44,-31.09421157836914,16.890419006347656,3407.0
8,45,-12.445253372192383,504.025390625,197.0
8,46,-32.809349060058594,19.74041748046875,31.0
8,47,-33.31056213378906,16.05274772644043,4275.0
8,48,-17.83975601196289,35.44390106201172,982.0
8,49,-16.032377243041992,9.87829303741455,33.0
8,50,-18.235851287841797,7.585251808166504,21.0
8,51,-11.122416496276855,40.75066375732422,20.0
8,52,-3.438107967376709,2.3620431423187256,2.0
8,53,-34.24304962158203,133.20167541503906,2011.0
8,54,-47.51957702636719,16.367034912109375,557.0
8,55,-15.55018138885498,22.421859741210938,384.0
8,56,-11.453980445861816,17.522663116455078,109.0
8,57,-11.166845321655273,6.431069850921631,15.0
8,58,-26.177806854248047,13.70527458190918,253.0
8,59,-57.367393493652344,12.112458229064941,225.0
8,60,-33.54641342163086,16.371374130249023,86.0
8,61,-11.787220001220703,7.131608009338379,10.0
8,62,-51.60251998901367,52.95405960083008,213.0
8,63,-83.21736145019531,19.531890869140625,254.0
8,64,-39.974185943603516,21.64852523803711,441.0
8,65,-9.395545959472656,109.70259094238281,13.0
8,66,-5.892425537109375,7.128792762756348,9.0
10,0,-22.909683227539062,17.52643585205078,37.0
10,1,-30.367191314697266,12.56103229522705,29.0
10,2,-8.013038635253906,3.1415610313415527,12.0
10,3,-22.03502655029297,1548.4486083984375,4231.0
10,4,-17.010251998901367,8.383633613586426,22.0
10,5,-10.890691757202148,15.220952987670898,23.0
10,6,-13.919130325317383,16.18081283569336,11.0
10,7,-12.506490707397461,8.039888381958008,16.0
10,8,-34.03400421142578,17.050289154052734,59.0
10,9,-21.737152099609375,77.27961730957031,959.0
10,10,-8.912018775939941,9.281328201293945,16.0
10,11,-9.058669090270996,6.12105131149292,3.0
10,12,-22.655250549316406,6.605731010437012,98.0
10,13,-43.09088897705078,7.089939594268799,197.0
10,14,-1.9145915508270264,1.2703900337219238,1.0
10,15,-15.382953643798828,1.8502451181411743,8.0
10,16,-5.210515975952148,13.534716606140137,25.0
10,17,-22.10279655456543,23.512741088867188,23.0
10,18,-11.731819152832031,18.783048629760742,119.0
10,19,-9.197710037231445,3.1572890281677246,7.0
10,20,-10.354818344116211,4.389694690704346,22.0
10,21,-25.98239517211914,3.2576887607574463,24.0
10,22,-24.006359100341797,54.65605545043945,7130.0
10,23,-45.057411193847656,20.16255760192871,1166.0
10,24,-31.556556701660156,23.46841812133789,6072.0
10,25,-36.711090087890625,454.18975830078125,1460.0
10,26,-24.1189022064209,55.6909065246582,159.0
10,27,-10.790021896362305,6.039595127105713,6.0
10,28,-5.814658164978027,4.2787652015686035,3.0
10,29,-56.312171936035156,12.9312162399292,2591.0
10,30,-17.11520767211914,11.530892372131348,27.0
10,31,-8.939179420471191,19.68243408203125,10.0
10,32,-9.073312759399414,93.37805938720703,160.0
10,33,-9.731302261352539,11.391022682189941,6.0
10,34,-36.62177276611328,97.29246520996094,1654.0
10,35,-5.827260971069336,6.975614547729492,8.0
10,36,-7.791497230529785,13.425633430480957,32.0
10,37,-7.473343372344971,12.074725151062012,13.0
10,38,-4.507952690124512,1.455955982208252,1.0
10,39,-60.678672790527344,20.77880859375,4729.0
10,40,-30.385591506958008,5.973826885223389,831.0
10,41,-22.388355255126953,88.02942657470703,365.0
10,42,-29.29831314086914,18.724470138549805,181.0
10,43,-6.572993278503418,2.2741904258728027,3.0
10,44,-31.02537727355957,16.78505516052246,3299.0
10,45,-12.417045593261719,496.9665832519531,224.0
10,46,-32.25312042236328,18.76703643798828,31.0
10,47,-29.669269561767578,11.851318359375,1541.0
10,48,-17.654348373413086,34.153656005859375,1027.0
10,49,-16.287887573242188,10.245526313781738,33.0
10,50,-18.074573516845703,7.450536251068115,21.0
10,51,-11.017372131347656,39.34848403930664,19.0
10,52,-3.541577100753784,2.4239399433135986,2.0
10,53,-28.704391479492188,60.37815856933594,157.0
10,54,-47.368919372558594,16.222625732421875,593.0
10,55,-15.679033279418945,23.007186889648438,376.0
10,56,-11.396961212158203,17.274654388427734,104.0
10,57,-11.327129364013672,6.605185031890869,16.0
10,58,-24.72822380065918,11.85586166381836,233.0
10,59,-57.3780632019043,12.11807632446289,196.0
10,60,-32.90410232543945,15.518120765686035,73.0
10,61,-11.854867935180664,7.212469100952148,9.0
10,62,-42.98234558105469,27.284923553466797,230.0
10,63,-81.73530578613281,18.524946212768555,186.0
10,64,-39.307621002197266,20.566490173339844,393.0
10,65,-9.288249969482422,103.97235107421875,13.0
10,66,-5.682546615600586,6.647110462188721,7.0
12,0,-21.14504051208496,14.057134628295898,19.0
12,1,-28.497859954833984,10.749095916748047,26.0
12,2,-7.676844596862793,2.9942448139190674,12.0
12,3,-22.051559448242188,1557.0054931640625,4082.0
12,4,-16.978506088256836,8.350432395935059,22.0
12,5,-10.66600227355957,14.389525413513184,22.0
12,6,-13.528033256530762,14.96339225769043,10.0
12,7,-12.508903503417969,8.043120384216309,16.0
12,8,-33.92186737060547,16.891698837280273,58.0
12,9,-21.663007736206055,76.14212036132812,966.0
12,10,-8.797989845275879,9.020479202270508,17.0
12,11,-8.765331268310547,5.772275447845459,3.0
12,12,-21.13892364501953,5.821610927581787,89.0
12,13,-38.726924896240234,5.814268112182617,75.0
12,14,-1.6769206523895264,1.2332032918930054,1.0
12,15,-14.258099555969238,1.7688400745391846,8.0
12,16,-5.319291114807129,14.291223526000977,28.0
12,17,-20.146162033081055,17.779090881347656,14.0
12,18,-11.372781753540039,17.17054557800293,121.0
12,19,-9.140469551086426,3.1347789764404297,7.0
12,20,-8.32493782043457,3.2847049236297607,4.0
12,21,-24.197046279907227,3.00376296043396,24.0
12,22,-21.769207000732422,37.645042419433594,7048.0
12,23,-44.434356689453125,19.34222412109375,1073.0
12,24,-31.39829444885254,23.099925994873047,5774.0
12,25,-36.772911071777344,458.8936767578125,1550.0
12,26,-23.16577911376953,47.51108932495117,101.0
12,27,-10.521318435668945,5.77508544921875,6.0
12,28,-5.367089748382568,3.8258185386657715,2.0
12,29,-55.533634185791016,12.481605529785156,2474.0
12,30,-16.18340492248535,10.093734741210938,18.0
12,31,-8.794256210327148,18.75421714782715,10.0
12,32,-9.011792182922363,90.54944610595703,161.0
12,33,-9.56560230255127,10.928790092468262,5.0
12,34,-36.20210266113281,92.3201904296875,1298.0
12,35,-5.718671798706055,6.727636814117432,8.0
12,36,-7.607481002807617,12.62686824798584,30.0
12,37,-7.654289245605469,12.825428009033203,14.0
12,38,-4.4433913230896,1.4481438398361206,1.0
12,39,-58.290653228759766,18.44019317626953,1968.0
12,40,-29.695884704589844,5.736313819885254,832.0
12,41,-22.38904571533203,88.04155731201172,380.0
12,42,-27.703580856323242,15.964349746704102,178.0
12,43,-6.631653308868408,2.2909274101257324,3.0
12,44,-30.88817024230957,16.576990127563477,3175.0
12,45,-12.229124069213867,452.39788818359375,202.0
12,46,-31.61287498474121,17.70589828491211,27.0
12,47,-25.413124084472656,8.3125,311.0
12,48,-17.489391326904297,33.045265197753906,1002.0
12,49,-16.50869369506836,10.573859214782715,33.0
12,50,-17.772714614868164,7.2047905921936035,17.0
12,51,-10.97669792175293,38.8185920715332,19.0
12,52,-3.359058380126953,2.315821647644043,2.0
12,53,-24.986398696899414,35.498321533203125,52.0
12,54,-46.57890319824219,15.485984802246094,497.0
12,55,-15.76723575592041,23.41664695739746,391.0
12,56,-11.130401611328125,16.160991668701172,100.0
12,57,-11.61917495727539,6.934640407562256,16.0
12,58,-23.948732376098633,10.966806411743164,207.0
12,59,-56.791297912597656,11.812836647033691,201.0
12,60,-32.527923583984375,15.039200782775879,71.0
12,61,-11.095151901245117,6.3546833992004395,7.0
12,62,-40.65326690673828,22.809436798095703,211.0
12,63,-80.2674789428711,17.57883644104004,144.0
12,64,-38.21452331542969,18.907880783081055,344.0
12,65,-9.115833282470703,95.38455200195312,10.0
12,66,-5.529031753540039,6.315523147583008,7.0
14,0,-18.67845916748047,10.327470779418945,13.0
14,1,-26.351848602294922,8.988872528076172,29.0
14,2,-7.555177688598633,2.9426517486572266,16.0
14,3,-21.978015899658203,1519.3006591796875,3892.0
14,4,-16.90047836303711,8.269381523132324,22.0
14,5,-10.456092834472656,13.653873443603516,20.0
14,6,-13.004859924316406,13.47683048248291,10.0
14,7,-12.578889846801758,8.13748836517334,17.0
14,8,-33.244102478027344,15.964091300964355,61.0
14,9,-21.782451629638672,77.98294067382812,1023.0
14,10,-8.143168449401855,7.658316612243652,9.0
14,11,-8.191300392150879,5.146207809448242,3.0
14,12,-19.10391616821289,4.91353178024292,64.0
14,13,-34.43220138549805,4.783153533935547,37.0
14,14,-1.547121524810791,1.2133561372756958,1.0
14,15,-12.898988723754883,1.6752451658248901,9.0
14,16,-5.342308521270752,14.456645965576172,28.0
14,17,-17.289684295654297,11.821914672851562,9.0
14,18,-10.87509822845459,15.161730766296387,113.0
14,19,-8.866440773010254,3.029219627380371,7.0
14,20,-6.571774482727051,2.5569751262664795,4.0
14,21,-22.292251586914062,2.7546329498291016,23.0
14,22,-19.528852462768555,25.914655685424805,7012.0
14,23,-43.75931167602539,18.491060256958008,931.0
14,24,-30.920516967773438,22.022214889526367,5364.0
14,25,-36.50151824951172,438.5992736816406,1337.0
14,26,-22.698936462402344,43.954551696777344,68.0
14,27,-10.323371887207031,5.587667465209961,6.0
14,28,-5.001248359680176,3.4914324283599854,2.0
14,29,-54.534854888916016,11.927623748779297,2462.0
14,30,-15.15017032623291,8.70859146118164,12.0
14,31,-8.55048942565918,17.290603637695312,10.0
14,32,-8.91350269317627,86.20700073242188,159.0
14,33,-9.429363250732422,10.562826156616211,6.0
14,34,-35.32756042480469,82.76001739501953,984.0
14,35,-5.416493892669678,6.083000183105469,6.0
14,36,-7.387608051300049,11.73453426361084,29.0
14,37,-7.8629255294799805,13.749126434326172,14.0
14,38,-4.173358917236328,1.415920615196228,1.0
14,39,-53.75319290161133,14.697239875793457,626.0
14,40,-27.724328994750977,5.108178615570068,740.0
14,41,-22.363052368164062,87.5850601196289,361.0
14,42,-26.537452697753906,14.207147598266602,172.0
14,43,-6.569674968719482,2.273247241973877,3.0
14,44,-30.564123153686523,16.09577178955078,2964.0
14,45,-11.938096046447754,391.1331481933594,181.0
14,46,-30.52825355529785,16.043371200561523,23.0
14,47,-19.892383575439453,5.247220993041992,77.0
14,48,-17.313465118408203,31.902774810791016,931.0
14,49,-16.570945739746094,10.668312072753906,34.0
14,50,-17.329387664794922,6.85849142074585,16.0
14,51,-10.826274871826172,36.9201774597168,17.0
14,52,-3.2223873138427734,2.2380318641662598,2.0
14,53,-23.221315383911133,27.586618423461914,55.0
14,54,-45.66426467895508,14.674820899963379,349.0
14,55,-15.702632904052734,23.11603546142578,396.0
14,56,-10.897113800048828,15.245409965515137,92.0
14,57,-11.584249496459961,6.894392013549805,15.0
14,58,-23.49066162109375,10.475783348083496,171.0
14,59,-56.09917449951172,11.462657928466797,207.0
14,60,-32.573673248291016,15.096649169921875,80.0
14,61,-10.426263809204102,5.684315204620361,5.0
14,62,-39.94537353515625,21.600597381591797,174.0
14,63,-77.91433715820312,16.161874771118164,121.0
14,64,-36.519447326660156,16.59644317626953,331.0
14,65,-8.949992179870605,87.79425048828125,10.0
14,66,-5.413444519042969,6.076819896697998,6.0
16,0,-15.179309844970703,6.6686248779296875,7.0
16,1,-23.596607208251953,7.14479398727417,24.0
16,2,-7.417663097381592,2.8854076862335205,13.0
16,3,-21.842206954956055,1452.0556640625,3669.0
16,4,-16.9073486328125,8.276487350463867,22.0
16,5,-10.442644119262695,13.608043670654297,19.0
16,6,-12.695411682128906,12.668041229248047,9.0
16,7,-12.440126419067383,7.951451301574707,16.0
16,8,-33.13233184814453,15.816086769104004,61.0
16,9,-21.73171043395996,77.19557189941406,1028.0
16,10,-7.780211448669434,6.994001865386963,8.0
16,11,-7.9499711990356445,4.903720378875732,3.0
16,12,-16.89251708984375,4.086585521697998,45.0
16,13,-30.950023651123047,4.082948207855225,17.0
16,14,-1.6414402723312378,1.2277461290359497,1.0
16,15,-12.337854385375977,1.638062596321106,9.0
16,16,-5.534727096557617,15.91661548614502,36.0
16,17,-13.968221664428711,7.355587959289551,7.0
16,18,-10.40164852142334,13.46928882598877,104.0
16,19,-8.944191932678223,3.0588040351867676,7.0
16,20,-5.693421840667725,2.2554421424865723,4.0
16,21,-21.330108642578125,2.63675856590271,24.0
16,22,-18.572080612182617,22.094898223876953,7110.0
16,23,-43.23896026611328,17.860605239868164,847.0
16,24,-30.516754150390625,21.15074920654297,5060.0
16,25,-36.11301040649414,411.09942626953125,1188.0
16,26,-22.10762596130371,39.82936477661133,52.0
16,27,-10.021219253540039,5.313247203826904,6.0
16,28,-4.711495399475098,3.247462272644043,2.0
16,29,-54.06880569458008,11.677607536315918,2400.0
16,30,-12.681537628173828,6.120527267456055,9.0
16,31,-8.300592422485352,15.90866756439209,9.0
16,32,-8.84455680847168,83.28582763671875,155.0
16,33,-9.223312377929688,10.032483100891113,6.0
16,34,-34.49805450439453,74.60868072509766,866.0
16,35,-5.123331069946289,5.516684532165527,5.0
16,36,-7.234145641326904,11.149357795715332,25.0
16,37,-7.881518363952637,13.834600448608398,14.0
16,38,-4.010820388793945,1.3968714475631714,1.0
16,39,-50.5866813659668,12.545149803161621,432.0
16,40,-25.646699905395508,4.520531177520752,563.0
16,41,-22.209667205810547,84.93902587890625,320.0
16,42,-26.092689514160156,13.589112281799316,159.0
16,43,-6.511847496032715,2.2568745613098145,3.0
16,44,-30.329025268554688,15.755413055419922,2872.0
16,45,-12.061956405639648,416.12188720703125,195.0
16,46,-29.64520835876465,14.80579948425293,22.0
16,47,-16.70026206970215,4.021635055541992,58.0
16,48,-17.307554244995117,31.86508560180664,921.0
16,49,-16.490779876708984,10.546833992004395,34.0
16,50,-17.170368194580078,6.73837423324585,16.0
16,51,-10.554481506347656,33.72234344482422,16.0
16,52,-3.0082759857177734,2.121384620666504,2.0
16,53,-20.397357940673828,18.428682327270508,63.0
16,54,-45.050559997558594,14.15450668334961,249.0
16,55,-15.817831993103027,23.65480613708496,434.0
16,56,-10.522823333740234,13.883565902709961,83.0
16,57,-11.411630630493164,6.698867321014404,14.0
16,58,-23.404754638671875,10.386174201965332,160.0
16,59,-55.81976318359375,11.324246406555176,198.0
16,60,-32.173858642578125,14.601948738098145,77.0
16,61,-10.174556732177734,5.450784206390381,5.0
16,62,-39.337364196777344,20.613601684570312,149.0
16,63,-77.09221649169922,15.694235801696777,109.0
16,64,-35.89270782470703,15.815295219421387,341.0
16,65,-8.756746292114258,79.708251953125,10.0
16,66,-5.289096355438232,5.830088138580322,5.0
18,0,-11.77725601196289,4.358626842498779,4.0
18,1,-20.828197479248047,5.672801494598389,23.0
18,2,-7.412565231323242,2.8833069801330566,13.0
18,3,-21.641128540039062,1357.919921875,3413.0
18,4,-16.828380584716797,8.195191383361816,22.0
18,5,-10.466094017028809,13.688055038452148,18.0
18,6,-12.392148971557617,11.922529220581055,9.0
18,7,-12.310726165771484,7.78179931640625,16.0
18,8,-33.412010192871094,16.18903350830078,62.0
18,9,-21.686054229736328,76.4938735961914,997.0
18,10,-7.731285572052002,6.908976078033447,8.0
18,11,-8.098597526550293,5.05167293548584,3.0
18,12,-14.471343040466309,3.339914560317993,26.0
18,13,-28.035633087158203,3.5763649940490723,12.0
18,14,-1.8110389709472656,1.2540520429611206,1.0
18,15,-12.063027381896973,1.6201539039611816,10.0
18,16,-5.782393932342529,18.014860153198242,39.0
18,17,-11.00478458404541,4.816810607910156,4.0
18,18,-10.000829696655273,12.18502140045166,93.0
18,19,-8.975044250488281,3.0706233978271484,7.0
18,20,-5.186398506164551,2.0978522300720215,4.0
18,21,-20.678844451904297,2.559847116470337,23.0
18,22,-18.28009033203125,21.045392990112305,7545.0
18,23,-42.5810546875,17.094161987304688,719.0
18,24,-30.4500675201416,21.010173797607422,4989.0
18,25,-36.10886001586914,410.8150939941406,1151.0
18,26,-21.951152801513672,38.804080963134766,50.0
18,27,-9.732144355773926,5.063328266143799,6.0
18,28,-4.532919883728027,3.1056716442108154,2.0
18,29,-53.8973503112793,11.586952209472656,2377.0
18,30,-10.137690544128418,4.255624294281006,6.0
18,31,-8.062113761901855,14.693001747131348,7.0
18,32,-8.76745891571045,80.13634490966797,131.0
18,33,-9.072101593017578,9.660306930541992,6.0
18,34,-33.98793029785156,69.99971771240234,782.0
18,35,-4.818432807922363,4.983558654785156,3.0
18,36,-7.152311325073242,10.849334716796875,23.0
18,37,-7.834052085876465,13.617431640625,15.0
18,38,-3.771975517272949,1.3693432807922363,1.0
18,39,-49.456871032714844,11.85611343383789,394.0
18,40,-23.7097225189209,4.033722400665283,418.0
18,41,-22.152441024780273,83.97239685058594,301.0
18,42,-25.527557373046875,12.842447280883789,151.0
18,43,-6.374806880950928,2.218543529510498,3.0
18,44,-30.4686279296875,15.956644058227539,2931.0
18,45,-12.509546279907227,520.4912719726562,212.0
18,46,-29.02904510498047,13.999253273010254,21.0
18,47,-14.920317649841309,3.4672434329986572,39.0
18,48,-17.058433532714844,30.316335678100586,918.0
18,49,-16.23134422302246,10.16309928894043,31.0
18,50,-16.91983985900879,6.553388595581055,15.0
18,51,-10.350181579589844,31.502300262451172,14.0
18,52,-2.838029384613037,2.032989501953125,2.0
18,53,-17.7575740814209,12.639114379882812,69.0
18,54,-44.21493148803711,13.475567817687988,165.0
18,55,-15.901793479919434,24.05537986755371,463.0
18,56,-10.135676383972168,12.602802276611328,72.0
18,57,-11.289987564086914,6.564423561096191,13.0
18,58,-23.354530334472656,10.33414077758789,147.0
18,59,-55.859519958496094,11.34383773803711,200.0
18,60,-31.773269653320312,14.122546195983887,75.0
18,61,-9.972606658935547,5.2703728675842285,5.0
18,62,-38.63054656982422,19.522750854492188,160.0
18,63,-76.67837524414062,15.463980674743652,96.0
18,64,-35.96259307861328,15.900544166564941,329.0
18,65,-8.613018989562988,74.18110656738281,10.0
18,66,-5.0390625,5.363879680633545,5.0
20,0,-10.060134887695312,3.5166780948638916,4.0
20,1,-18.29556655883789,4.593446254730225,19.0
20,2,-7.290799617767334,2.833585262298584,12.0
20,3,-21.54513931274414,1315.159423828125,3294.0
20,4,-16.850854873657227,8.218246459960938,22.0
20,5,-10.517417907714844,13.86481761932373,17.0
20,6,-12.149094581604004,11.35682487487793,8.0
20,7,-12.289300918579102,7.754062175750732,16.0
20,8,-33.314369201660156,16.057844161987305,63.0
20,9,-21.774219512939453,77.85469055175781,952.0
20,10,-7.8320817947387695,7.085287570953369,6.0
20,11,-8.028446197509766,4.981292247772217,3.0
20,12,-12.335065841674805,2.7952516078948975,22.0
20,13,-25.78110122680664,3.228017568588257,9.0
20,14,-1.932259202003479,1.2731987237930298,1.0
20,15,-11.80732536315918,1.6036672592163086,9.0
20,16,-5.892562389373779,19.0350341796875,40.0
20,17,-9.417181015014648,3.8393824100494385,4.0
20,18,-9.626840591430664,11.097392082214355,84.0
20,19,-8.853643417358398,3.0243778228759766,7.0
20,20,-4.874787330627441,2.0065126419067383,4.0
20,21,-20.000659942626953,2.482139825820923,21.0
20,22,-17.86700439453125,19.645219802856445,7761.0
20,23,-41.422584533691406,15.823649406433105,659.0
20,24,-30.043603897094727,20.173309326171875,4426.0
20,25,-36.08853530883789,409.42584228515625,1140.0
20,26,-21.574081420898438,36.44047927856445,53.0
20,27,-9.597145080566406,4.950676441192627,6.0
20,28,-4.40812349319458,3.0102732181549072,2.0
20,29,-53.53489303588867,11.397616386413574,2400.0
20,30,-9.007574081420898,3.621166944503784,4.0
20,31,-8.013675689697266,14.457673072814941,6.0
20,32,-8.723869323730469,78.40868377685547,114.0
20,33,-8.92353630065918,9.308091163635254,6.0
20,34,-33.669288635253906,67.26641845703125,695.0
20,35,-4.571807861328125,4.590256690979004,3.0
20,36,-7.106310844421387,10.684247016906738,22.0
20,37,-7.741543769836426,13.203932762145996,15.0
20,38,-3.3784422874450684,1.325164794921875,1.0
20,39,-48.900882720947266,11.531058311462402,386.0
20,40,-22.431123733520508,3.741467237472534,357.0
20,41,-22.069650650024414,82.59342193603516,318.0
20,42,-24.80846405029297,11.951375961303711,131.0
20,43,-5.848423957824707,2.0772666931152344,3.0
20,44,-30.750167846679688,16.370317459106445,2941.0
20,45,-12.703858375549316,573.5982055664062,213.0
20,46,-28.295991897583008,13.096734046936035,18.0
20,47,-14.00863265991211,3.2135815620422363,22.0
20,48,-16.606176376342773,27.694538116455078,831.0
20,49,-15.959935188293457,9.776589393615723,31.0
20,50,-16.665084838867188,6.370488166809082,15.0
20,51,-10.513856887817383,33.268760681152344,14.0
20,52,-2.662140369415283,1.9455313682556152,2.0
20,53,-16.574554443359375,10.67381477355957,77.0
20,54,-43.24108123779297,12.725310325622559,122.0
20,55,-15.63064193725586,22.785593032836914,446.0
20,56,-9.92009162902832,11.941537857055664,74.0
20,57,-11.453703880310059,6.746006488800049,14.0
20,58,-22.757320404052734,9.735042572021484,143.0
20,59,-55.888916015625,11.358346939086914,205.0
20,60,-31.697410583496094,14.033550262451172,76.0
20,61,-9.596707344055176,4.950314998626709,5.0
20,62,-37.81583023071289,18.336801528930664,167.0
20,63,-75.60228729248047,14.880946159362793,76.0
20,64,-35.79199981689453,15.693251609802246,323.0
20,65,-8.654829025268555,75.74818420410156,8.0
20,66,-4.918087959289551,5.151885032653809,4.0
22,0,-9.153209686279297,3.139775276184082,3.0
22,1,-16.042203903198242,3.8070333003997803,13.0
22,2,-7.226133346557617,2.8075292110443115,11.0
22,3,-21.663593292236328,1368.1265869140625,3125.0
22,4,-16.955453872680664,8.326404571533203,22.0
22,5,-10.689355850219727,14.473783493041992,17.0
22,6,-11.977250099182129,10.973135948181152,8.0
22,7,-12.254180908203125,7.708806991577148,16.0
22,8,-33.274017333984375,16.003936767578125,70.0
22,9,-22.004074096679688,81.51728057861328,949.0
22,10,-7.855513095855713,7.126914024353027,5.0
22,11,-7.825684547424316,4.783329486846924,3.0
22,12,-10.295991897583008,2.3584375381469727,15.0
22,13,-23.95475196838379,2.970862865447998,9.0
22,14,-1.9836293458938599,1.2814005613327026,1.0
22,15,-11.582926750183105,1.5893372297286987,10.0
22,16,-5.993359088897705,20.018953323364258,41.0
22,17,-8.438834190368652,3.3385870456695557,4.0
22,18,-9.182502746582031,9.930647850036621,69.0
22,19,-8.614194869995117,2.9351963996887207,7.0
22,20,-4.632596969604492,1.9382771253585815,4.0
22,21,-19.38250160217285,2.4133667945861816,22.0
22,22,-17.642908096313477,18.925018310546875,8091.0
22,23,-40.10154342651367,14.489672660827637,608.0
22,24,-29.695213317871094,19.48259162902832,4003.0
22,25,-36.066158294677734,407.9017639160156,1088.0
22,26,-21.596651077270508,36.57780838012695,60.0
22,27,-9.456613540649414,4.836069107055664,6.0
22,28,-4.23474645614624,2.882582664489746,2.0
22,29,-52.59027862548828,10.918593406677246,2300.0
22,30,-8.552567481994629,3.3932743072509766,3.0
22,31,-7.983053207397461,14.310845375061035,5.0
22,32,-8.624202728271484,74.59707641601562,104.0
22,33,-8.793871879577637,9.011198043823242,7.0
22,34,-33.327064514160156,64.44957733154297,619.0
22,35,-4.456554889678955,4.417254447937012,3.0
22,36,-7.080480098724365,10.592647552490234,22.0
22,37,-7.651060104370117,12.811629295349121,13.0
22,38,-3.0065464973449707,1.2847261428833008,1.0
22,39,-47.9443473815918,10.992544174194336,380.0
22,40,-20.98211097717285,3.435772657394409,272.0
22,41,-21.858272552490234,79.17452239990234,319.0
22,42,-24.086633682250977,11.119088172912598,110.0
22,43,-5.3682990074157715,1.9562655687332153,3.0
22,44,-30.69990348815918,16.295682907104492,2859.0
22,45,-12.821239471435547,608.2705688476562,219.0
22,46,-27.414661407470703,12.088346481323242,17.0
22,47,-13.715213775634766,3.1359570026397705,21.0
22,48,-16.11623764038086,25.10953140258789,710.0
22,49,-15.536876678466797,9.203222274780273,34.0
22,50,-16.508623123168945,6.2606964111328125,15.0
22,51,-10.632843017578125,34.61478805541992,15.0
22,52,-2.613753318786621,1.9221384525299072,2.0
22,53,-16.23676300048828,10.17096996307373,89.0
22,54,-42.20377731323242,11.972054481506348,110.0
22,55,-15.410294532775879,21.803247451782227,429.0
22,56,-9.740396499633789,11.416950225830078,73.0
22,57,-11.407160758972168,6.693879127502441,15.0
22,58,-22.424278259277344,9.41616439819336,142.0
22,59,-55.92779541015625,11.377562522888184,215.0
22,60,-31.624897003173828,13.949005126953125,79.0
22,61,-9.222978591918945,4.651376247406006,5.0
22,62,-36.50139617919922,16.57341194152832,167.0
22,63,-74.27265167236328,14.190813064575195,66.0
22,64,-35.60334014892578,15.467151641845703,325.0
22,65,-8.612360000610352,74.15666961669922,8.0
22,66,-4.738943099975586,4.853245735168457,4.0
24,0,-7.8513712882995605,2.668246269226074,2.0
24,1,-14.103906631469727,3.239197254180908,11.0
24,2,-7.143687725067139,2.774656057357788,11.0
24,3,-21.66991424560547,1371.012451171875,3004.0
24,4,-16.98080062866211,8.352827072143555,22.0
24,5,-10.811163902282715,14.921318054199219,18.0
24,6,-11.786640167236328,10.562689781188965,8.0
24,7,-12.154989242553711,7.582413196563721,16.0
24,8,-33.301719665527344,16.04092788696289,71.0
24,9,-21.898395538330078,79.81242370605469,935.0
24,10,-7.829320907592773,7.080399036407471,5.0
24,11,-7.719646453857422,4.682954788208008,2.0
24,12,-8.589700698852539,2.045839786529541,11.0
24,13,-22.269275665283203,2.7517576217651367,9.0
24,14,-1.9912439584732056,1.2826207876205444,1.0
24,15,-11.627130508422852,1.5921497344970703,10.0
24,16,-6.15799617767334,21.73661231994629,46.0
24,17,-7.270319938659668,2.8253071308135986,4.0
24,18,-8.789710998535156,9.001829147338867,64.0
24,19,-8.547828674316406,2.910947322845459,7.0
24,20,-4.359082221984863,1.8640023469924927,4.0
24,21,-19.06038475036621,2.378288507461548,21.0
24,22,-17.542936325073242,18.6122989654541,8318.0
24,23,-38.69702911376953,13.194525718688965,535.0
24,24,-29.291889190673828,18.712448120117188,3518.0
24,25,-36.03657531738281,405.89556884765625,1126.0
24,26,-21.355838775634766,35.138816833496094,63.0
24,27,-9.399758338928223,4.790460109710693,6.0
24,28,-4.088024139404297,2.7787632942199707,2.0
24,29,-51.965301513671875,10.612781524658203,2244.0
24,30,-7.844932556152344,3.067014694213867,3.0
24,31,-7.851776123046875,13.698122024536133,4.0
24,32,-8.456391334533691,68.5933609008789,98.0
24,33,-8.50078296661377,8.374536514282227,7.0
24,34,-32.99785614013672,61.85123062133789,554.0
24,35,-4.260599136352539,4.137946605682373,3.0
24,36,-7.047412395477295,10.476531028747559,23.0
24,37,-7.6995134353637695,13.020232200622559,13.0
24,38,-3.019052505493164,1.286065697669983,1.0
24,39,-46.5228271484375,10.238359451293945,370.0
24,40,-19.818946838378906,3.2085540294647217,200.0
24,41,-21.52355194091797,74.04776763916016,295.0
24,42,-24.16949462890625,11.2116060256958,116.0
24,43,-5.073246002197266,1.8854296207427979,3.0
24,44,-30.317487716674805,15.738897323608398,2842.0
24,45,-12.901597023010254,633.2077026367188,227.0
24,46,-26.810617446899414,11.442435264587402,17.0
24,47,-13.755777359008789,3.146575450897217,24.0
24,48,-15.897977828979492,24.03702735900879,672.0
24,49,-15.510542869567871,9.168667793273926,34.0
24,50,-16.231494903564453,6.070855140686035,15.0
24,51,-10.546113967895508,33.62841033935547,17.0
24,52,-2.56461501121521,1.8986701965332031,3.0
24,53,-15.77362060546875,9.519804954528809,103.0
24,54,-41.553436279296875,11.522708892822266,109.0
24,55,-15.406952857971191,21.788681030273438,470.0
24,56,-9.574944496154785,10.954344749450684,68.0
24,57,-11.477936744689941,6.7733073234558105,14.0
24,58,-22.458248138427734,9.448205947875977,149.0
24,59,-55.465087890625,11.150958061218262,202.0
24,60,-31.136260986328125,13.392414093017578,72.0
24,61,-8.84327507019043,4.3661394119262695,5.0
24,62,-35.43494415283203,15.268089294433594,164.0
24,63,-73.07038879394531,13.594385147094727,60.0
24,64,-35.30584716796875,15.117218017578125,317.0
24,65,-8.483510971069336,69.52980041503906,7.0
24,66,-4.631811141967773,4.6829915046691895,4.0
26,0,-6.838225841522217,2.3508529663085938,2.0
26,1,-12.538350105285645,2.8430075645446777,10.0
26,2,-7.163260459899902,2.7824251651763916,11.0
26,3,-21.61980438232422,1348.302490234375,2878.0
26,4,-17.109973907470703,8.488792419433594,22.0
26,5,-10.981729507446289,15.571344375610352,19.0
26,6,-11.557541847229004,10.089632034301758,8.0
26,7,-12.05335807800293,7.455060005187988,15.0
26,8,-33.11082458496094,15.787766456604004,66.0
26,9,-21.730344772338867,77.17448425292969,896.0
26,10,-7.656377792358398,6.780796051025391,4.0
26,11,-7.820711612701416,4.7785749435424805,2.0
26,12,-7.3074235916137695,1.8385034799575806,3.0
26,13,-20.987056732177734,2.5959620475769043,9.0
26,14,-2.060906410217285,1.293838381767273,1.0
26,15,-12.037521362304688,1.6185017824172974,11.0
26,16,-6.198005199432373,22.175823211669922,49.0
26,17,-6.483163356781006,2.524811029434204,4.0
26,18,-8.448280334472656,8.26533317565918,56.0
26,19,-8.619234085083008,2.9370458126068115,7.0
26,20,-3.8448338508605957,1.7319743633270264,2.0
26,21,-18.903547286987305,2.361394166946411,21.0
26,22,-17.502267837524414,18.486572265625,8244.0
26,23,-37.42625045776367,12.122743606567383,464.0
26,24,-29.24471092224121,18.624374389648438,3474.0
26,25,-36.06713104248047,407.9678955078125,1223.0
26,26,-21.235265731811523,34.439735412597656,61.0
26,27,-9.408798217773438,4.797682762145996,6.0
26,28,-4.006765365600586,2.7228832244873047,2.0
26,29,-51.82529067993164,10.545455932617188,2265.0
26,30,-7.300482749938965,2.837507724761963,3.0
26,31,-7.740973949432373,13.201423645019531,4.0
26,32,-8.3281831741333,64.33421325683594,97.0
26,33,-8.127941131591797,7.629217624664307,8.0
26,34,-32.482200622558594,57.990257263183594,443.0
26,35,-4.171243190765381,4.016514301300049,3.0
26,36,-7.037386417388916,10.441574096679688,23.0
26,37,-7.816997528076172,13.540239334106445,15.0
26,38,-3.376966953277588,1.3250019550323486,1.0
26,39,-45.25212478637695,9.608097076416016,349.0
26,40,-19.328495025634766,3.1173095703125,162.0
26,41,-21.205001831054688,69.47731018066406,261.0
26,42,-24.36199188232422,11.429516792297363,118.0
26,43,-4.594244003295898,1.7758524417877197,3.0
26,44,-29.95111083984375,15.223315238952637,2948.0
26,45,-12.955205917358398,650.4100341796875,234.0
26,46,-26.47982406616211,11.103460311889648,17.0
26,47,-13.81464958190918,3.16205096244812,24.0
26,48,-15.84150218963623,23.76705551147461,681.0
26,49,-15.343116760253906,8.951971054077148,32.0
26,50,-16.0103816986084,5.923521995544434,15.0
26,51,-10.302927017211914,31.009977340698242,18.0
26,52,-2.5752415657043457,1.9037209749221802,3.0
26,53,-15.431607246398926,9.065855979919434,111.0
26,54,-41.0391845703125,11.179364204406738,118.0
26,55,-15.408549308776855,21.795637130737305,471.0
26,56,-9.478167533874512,10.692492485046387,60.0
26,57,-11.17514419555664,6.439970970153809,12.0
26,58,-22.65250015258789,9.633532524108887,156.0
26,59,-54.64628601074219,10.760968208312988,177.0
26,60,-30.431480407714844,12.62850570678711,69.0
26,61,-8.602825164794922,4.1946258544921875,5.0
26,62,-34.36051940917969,14.056950569152832,160.0
26,63,-72.07184600830078,13.118119239807129,63.0
26,64,-35.18329620361328,14.975377082824707,320.0
26,65,-8.391393661499023,66.39998626708984,7.0
26,66,-4.538852214813232,4.540107727050781,4.0
28,0,-6.397673606872559,2.224893808364868,2.0
28,1,-11.685983657836914,2.6480724811553955,9.0
28,2,-7.222211837768555,2.8059568405151367,11.0
28,3,-21.457775115966797,1277.412353515625,2725.0
28,4,-17.06768226623535,8.444034576416016,22.0
28,5,-11.118017196655273,16.111032485961914,17.0
28,6,-11.389113426208496,9.755416870117188,8.0
28,7,-12.125568389892578,7.54532527923584,15.0
28,8,-33.19710922241211,15.90169620513916,65.0
28,9,-21.614376068115234,75.40510559082031,910.0
28,10,-7.526313781738281,6.5638580322265625,4.0
28,11,-7.997635364532471,4.950690746307373,2.0
28,12,-5.9990715980529785,1.6485936641693115,2.0
28,13,-19.642337799072266,2.4420394897460938,9.0
28,14,-2.2387027740478516,1.3229153156280518,1.0
28,15,-12.829949378967285,1.6706253290176392,11.0
28,16,-6.366618633270264,24.12646484375,54.0
28,17,-5.952877998352051,2.340608835220337,2.0
28,18,-8.197164535522461,7.762396812438965,51.0
28,19,-8.68478012084961,2.9612085819244385,7.0
28,20,-3.4664669036865234,1.6408419609069824,2.0
28,21,-18.92548370361328,2.3637497425079346,22.0
28,22,-17.6306095123291,18.886262893676758,8384.0
28,23,-36.20563507080078,11.175333023071289,400.0
28,24,-29.373807907104492,18.86636734008789,3375.0
28,25,-36.01239013671875,404.2628173828125,1367.0
28,26,-21.172550201416016,34.08162307739258,62.0
28,27,-9.389626502990723,4.782377243041992,6.0
28,28,-3.964724540710449,2.6944150924682617,2.0
28,29,-52.01040267944336,10.634562492370605,2336.0
28,30,-7.099358558654785,2.757140636444092,3.0
28,31,-7.629942893981934,12.721763610839844,4.0
28,32,-8.221078872680664,60.9796028137207,89.0
28,33,-7.853395938873291,7.123142719268799,8.0
28,34,-32.02349853515625,54.75875473022461,394.0
28,35,-4.128853797912598,3.960160493850708,3.0
28,36,-7.034149169921875,10.430313110351562,24.0
28,37,-7.903510093688965,13.936389923095703,15.0
28,38,-3.6290955543518066,1.3531357049942017,1.0
28,39,-44.18547821044922,9.109099388122559,326.0
28,40,-19.235633850097656,3.100327968597412,135.0
28,41,-21.011260986328125,66.83670806884766,235.0
28,42,-24.561948776245117,11.660357475280762,122.0
28,43,-4.396641254425049,1.7325254678726196,3.0
28,44,-29.67563819885254,14.846816062927246,2912.0
28,45,-13.12197494506836,706.969482421875,255.0
28,46,-26.32295036315918,10.946235656738281,16.0
28,47,-13.48318862915039,3.0759048461914062,23.0
28,48,-15.82104778289795,23.670026779174805,672.0
28,49,-15.359395980834961,8.972814559936523,32.0
28,50,-15.770005226135254,5.76740837097168,14.0
28,51,-10.05674934387207,28.56693458557129,18.0
28,52,-2.5101656913757324,1.872999906539917,3.0
28,53,-15.086883544921875,8.630212783813477,102.0
28,54,-40.72077941894531,10.971927642822266,116.0
28,55,-15.531259536743164,22.33716583251953,472.0
28,56,-9.539894104003906,10.85877513885498,55.0
28,57,-11.024337768554688,6.280123233795166,12.0
28,58,-22.571224212646484,9.555553436279297,149.0
28,59,-54.09569549560547,10.50642204284668,170.0
28,60,-29.783960342407227,11.965131759643555,60.0
28,61,-8.50210189819336,4.124797821044922,5.0
28,62,-33.59541702270508,13.25351619720459,157.0
28,63,-71.45336151123047,12.831536293029785,66.0
28,64,-35.197322845458984,14.991544723510742,320.0
28,65,-8.213582992553711,60.75148391723633,6.0
28,66,-4.446417808532715,4.402353286743164,4.0
30,0,-6.135478973388672,2.1531565189361572,2.0
30,1,-10.982463836669922,2.4972877502441406,7.0
30,2,-7.201808929443359,2.7977898120880127,11.0
30,3,-21.186443328857422,1166.9486083984375,2634.0
30,4,-17.032766342163086,8.40726089477539,22.0
30,5,-11.190719604492188,16.406538009643555,17.0
30,6,-11.323919296264648,9.629043579101562,9.0
30,7,-12.20415210723877,7.644798278808594,16.0
30,8,-33.13072204589844,15.81396770477295,63.0
30,9,-21.579059600830078,74.87440490722656,904.0
30,10,-7.372241497039795,6.315837860107422,3.0
30,11,-7.921633720397949,4.876007556915283,2.0
30,12,-4.868717670440674,1.5003920793533325,1.0
30,13,-18.161046981811523,2.283026933670044,9.0
30,14,-2.320101022720337,1.33644437789917,1.0
30,15,-13.239575386047363,1.6982240676879883,11.0
30,16,-6.465132713317871,25.34461784362793,58.0
30,17,-5.56220817565918,2.2135579586029053,2.0
30,18,-7.998180866241455,7.3856964111328125,45.0
30,19,-8.809222221374512,3.0076310634613037,7.0
30,20,-3.1761739253997803,1.5741872787475586,2.0
30,21,-18.830839157104492,2.353602886199951,22.0
30,22,-17.54282569885254,18.611957550048828,8242.0
30,23,-34.910831451416016,10.251138687133789,348.0
30,24,-29.441802978515625,18.995084762573242,3266.0
30,25,-35.78636169433594,389.31689453125,1192.0
30,26,-21.05341911315918,33.41160583496094,66.0
30,27,-9.335610389709473,4.739515781402588,6.0
30,28,-3.8543589115142822,2.6210885047912598,2.0
30,29,-51.89710998535156,10.579936981201172,2310.0
30,30,-7.33584451675415,2.8518784046173096,3.0
30,31,-7.564970970153809,12.44920825958252,4.0
30,32,-8.109481811523438,57.67021942138672,83.0
30,33,-7.505881309509277,6.53041410446167,7.0
30,34,-31.66829490661621,52.38063049316406,375.0
30,35,-4.096200942993164,3.9172909259796143,3.0
30,36,-7.0213494300842285,10.385907173156738,24.0
30,37,-7.89388370513916,13.891740798950195,14.0
30,38,-3.6660475730895996,1.3573088645935059,1.0
30,39,-43.43069839477539,8.77173900604248,293.0
30,40,-18.824424743652344,3.0262343883514404,110.0
30,41,-20.682987213134766,62.589508056640625,231.0
30,42,-24.310579299926758,11.370905876159668,117.0
30,43,-4.225196838378906,1.695791482925415,3.0
30,44,-29.706069946289062,14.887944221496582,2959.0
30,45,-13.173437118530273,725.3966064453125,279.0
30,46,-26.267114639282227,10.890811920166016,16.0
30,47,-12.974831581115723,2.9483213424682617,23.0
30,48,-15.785188674926758,23.500877380371094,677.0
30,49,-15.289756774902344,8.883993148803711,32.0
30,50,-15.534228324890137,5.618278980255127,11.0
30,51,-9.938976287841797,27.467187881469727,17.0
30,52,-2.4965062141418457,1.866614818572998,3.0
30,53,-15.03459358215332,8.565984725952148,102.0
30,54,-40.41547393798828,10.776640892028809,113.0
30,55,-15.296011924743652,21.31055450439453,432.0
30,56,-9.63649845123291,11.124217987060547,59.0
30,57,-10.854066848754883,6.104407787322998,12.0
30,58,-22.193172454833984,9.201045989990234,138.0
30,59,-53.99298858642578,10.459611892700195,168.0
30,60,-29.311616897583008,11.503311157226562,56.0
30,61,-8.336736679077148,4.012667179107666,4.0
30,62,-33.0849609375,12.743188858032227,158.0
30,63,-70.72686004638672,12.502882957458496,67.0
30,64,-35.26040267944336,15.06446647644043,318.0
30,65,-8.048944473266602,55.95077133178711,6.0
30,66,-4.496198654174805,4.476014137268066,4.0
32,0,-6.3899641036987305,2.222750663757324,2.0
32,1,-10.88201904296875,2.4764719009399414,7.0
32,2,-7.120881080627441,2.7656309604644775,11.0
32,3,-21.099376678466797,1133.56787109375,2534.0
32,4,-16.90655517578125,8.275665283203125,22.0
32,5,-11.244085311889648,16.62689208984375,18.0
32,6,-11.102835655212402,9.212554931640625,9.0
32,7,-12.373481750488281,7.863620281219482,17.0
32,8,-32.96868896484375,15.601869583129883,62.0
32,9,-21.542678833007812,74.33155059814453,871.0
32,10,-7.081266403198242,5.8727126121521,3.0
32,11,-7.513032913208008,4.493386268615723,2.0
32,12,-4.123932838439941,1.4101006984710693,1.0
32,13,-16.89368438720703,2.155224323272705,9.0
32,14,-2.297743558883667,1.332714557647705,1.0
32,15,-13.136407852172852,1.6912304162979126,10.0
32,16,-6.4113359451293945,24.671974182128906,56.0
32,17,-5.6067795753479,2.2276973724365234,2.0
32,18,-7.740776538848877,6.925388813018799,43.0
32,19,-8.585748672485352,2.9247779846191406,7.0
32,20,-2.921226978302002,1.5178853273391724,2.0
32,21,-18.641971588134766,2.3334836959838867,22.0
32,22,-17.47114372253418,18.390926361083984,8085.0
32,23,-33.48731231689453,9.323027610778809,321.0
32,24,-29.319599151611328,18.76436996459961,2966.0
32,25,-35.703636169433594,383.98590087890625,1087.0
32,26,-21.012052536010742,33.182037353515625,74.0
32,27,-9.298277854919434,4.710118293762207,6.0
32,28,-3.7508673667907715,2.554143190383911,2.0
32,29,-51.650577545166016,10.462040901184082,2362.0
32,30,-7.755428314208984,3.028048515319824,3.0
32,31,-7.582869529724121,12.523703575134277,4.0
32,32,-7.9242424964904785,52.56871795654297,72.0
32,33,-7.291074752807617,6.18897008895874,7.0
32,34,-31.45395278930664,50.9958381652832,382.0
32,35,-4.0971174240112305,3.918487787246704,3.0
32,36,-6.9730095863342285,10.219898223876953,22.0
32,37,-7.794408321380615,13.438668251037598,14.0
32,38,-3.5020532608032227,1.33888578414917,1.0
32,39,-43.048484802246094,8.605696678161621,279.0
32,40,-18.5979061126709,2.986178398132324,98.0
32,41,-20.442983627319336,59.656124114990234,236.0
32,42,-24.188798904418945,11.233271598815918,122.0
32,43,-3.912309169769287,1.6307477951049805,3.0
32,44,-29.68655014038086,14.86154842376709,3020.0
32,45,-13.080936431884766,692.61083984375,281.0
32,46,-25.98918914794922,10.619091033935547,15.0
32,47,-12.38443374633789,2.8067750930786133,20.0
32,48,-15.5015230178833,22.204713821411133,603.0
32,49,-15.28560733795166,8.878726959228516,33.0
32,50,-15.360580444335938,5.510917663574219,9.0
32,51,-9.988271713256836,27.922250747680664,16.0
32,52,-2.452040910720825,1.8459798097610474,2.0
32,53,-15.157224655151367,8.717370986938477,98.0
32,54,-39.61408233642578,10.280411720275879,104.0
32,55,-14.990161895751953,20.04605484008789,400.0
32,56,-9.793346405029297,11.569087028503418,66.0
32,57,-10.732656478881836,5.982126235961914,12.0
32,58,-21.655868530273438,8.719717979431152,122.0
32,59,-53.85501480102539,10.397053718566895,175.0
32,60,-29.263328552246094,11.457113265991211,57.0
32,61,-8.125283241271973,3.8737142086029053,5.0
32,62,-32.54085922241211,12.220845222473145,162.0
32,63,-69.59402465820312,12.007132530212402,68.0
32,64,-34.96806716918945,14.729485511779785,280.0
32,65,-7.949087619781494,53.225830078125,6.0
32,66,-4.537493705749512,4.538052082061768,4.0
34,0,-6.544677734375,2.266155242919922,2.0
34,1,-10.696208953857422,2.4384212493896484,6.0
34,2,-7.000648021697998,2.718533515930176,9.0
34,3,-20.88860511779785,1056.659912109375,2393.0
34,4,-16.814851760864258,8.181344985961914,23.0
34,5,-11.171103477478027,16.326276779174805,18.0
34,6,-10.960474014282227,8.953949928283691,9.0
34,7,-12.417060852050781,7.920942783355713,20.0
34,8,-32.63017272949219,15.167895317077637,61.0
34,9,-21.593494415283203,75.09085845947266,867.0
34,10,-6.868165493011475,5.568029880523682,3.0
34,11,-7.305624008178711,4.310805320739746,2.0
34,12,-3.7512056827545166,1.3669753074645996,1.0
34,13,-16.164508819580078,2.0849616527557373,9.0
34,14,-2.381850242614746,1.3467998504638672,1.0
34,15,-13.493024826049805,1.7155282497406006,10.0
34,16,-6.441665172576904,25.048965454101562,56.0
34,17,-5.754520416259766,2.275214433670044,2.0
34,18,-7.319679260253906,6.233386993408203,30.0
34,19,-8.400201797485352,2.8577232360839844,7.0
34,20,-2.791049003601074,1.4899183511734009,2.0
34,21,-18.51934051513672,2.3205130100250244,21.0
34,22,-17.38300323486328,18.12273406982422,8163.0
34,23,-32.35549545288086,8.645448684692383,290.0
34,24,-29.263900756835938,18.66014862060547,2778.0
34,25,-35.34251403808594,361.5567321777344,965.0
34,26,-20.740856170654297,31.715620040893555,76.0
34,27,-9.382614135742188,4.776791095733643,6.0
34,28,-3.6996240615844727,2.5216312408447266,2.0
34,29,-51.68235397338867,10.47716236114502,2406.0
34,30,-8.02497673034668,3.146923303604126,3.0
34,31,-7.59864616394043,12.589737892150879,4.0
34,32,-7.754867076873779,48.30009460449219,67.0
34,33,-7.090921401977539,5.886905193328857,7.0
34,34,-31.22595977783203,49.563018798828125,375.0
34,35,-4.129524230957031,3.961045742034912,3.0
34,36,-6.925329685211182,10.058753967285156,21.0
34,37,-7.776810646057129,13.360066413879395,14.0
34,38,-3.5493273735046387,1.3441706895828247,1.0
34,39,-42.57267761230469,8.403379440307617,258.0
34,40,-18.56867218017578,2.9810476303100586,90.0
34,41,-20.425092697143555,59.44304275512695,245.0
34,42,-24.067880630493164,11.098257064819336,118.0
34,43,-3.6298766136169434,1.5741801261901855,3.0
34,44,-29.635364532470703,14.79255485534668,3072.0
34,45,-12.90031623840332,632.8023681640625,269.0
34,46,-25.58993911743164,10.240578651428223,13.0
34,47,-11.879344940185547,2.6910877227783203,17.0
34,48,-15.297008514404297,21.314802169799805,565.0
34,49,-15.175814628601074,8.740553855895996,31.0
34,50,-15.277460098266602,5.4602556228637695,8.0
34,51,-10.196022033691406,29.924394607543945,13.0
34,52,-2.411280632019043,1.8272647857666016,2.0
34,53,-15.430635452270508,9.064597129821777,110.0
34,54,-38.84932327270508,9.828185081481934,98.0
34,55,-14.737446784973145,19.05804443359375,380.0
34,56,-9.861963272094727,11.769258499145508,71.0
34,57,-10.654632568359375,5.904839038848877,12.0
34,58,-21.25702476501465,8.378780364990234,111.0
34,59,-53.30989456176758,10.15353012084961,164.0
34,60,-29.480403900146484,11.666253089904785,60.0
34,61,-7.923656463623047,3.7457032203674316,5.0
34,62,-32.27073669433594,11.969532012939453,158.0
34,63,-68.39006805419922,11.501788139343262,65.0
34,64,-34.525360107421875,14.236329078674316,255.0
34,65,-7.873889923095703,51.26175308227539,6.0
34,66,-4.552074909210205,4.560162544250488,4.0
36,0,-6.217879772186279,2.1754488945007324,2.0
36,1,-10.49354362487793,2.397584915161133,5.0
36,2,-6.780081272125244,2.634209394454956,9.0
36,3,-20.948244094848633,1077.8763427734375,2354.0
36,4,-16.702241897583008,8.066988945007324,23.0
36,5,-11.18871784210205,16.398330688476562,18.0
36,6,-10.810882568359375,8.690032005310059,9.0
36,7,-12.332164764404297,7.80965518951416,21.0
36,8,-32.634395599365234,15.173233985900879,62.0
36,9,-21.510082244873047,73.84854125976562,897.0
36,10,-6.928318977355957,5.652397632598877,3.0
36,11,-7.126513481140137,4.159116744995117,2.0
36,12,-3.3930299282073975,1.3267767429351807,1.0
36,13,-15.430997848510742,2.016592264175415,9.0
36,14,-2.3568902015686035,1.342604398727417,1.0
36,15,-13.71541976928711,1.7308571338653564,10.0
36,16,-6.455585956573486,25.223926544189453,56.0
36,17,-5.314454078674316,2.136582851409912,2.0
36,18,-7.006993770599365,5.764673709869385,26.0
36,19,-8.234628677368164,2.7991857528686523,7.0
36,20,-2.6059017181396484,1.4510271549224854,2.0
36,21,-18.34526252746582,2.3022239208221436,21.0
36,22,-17.28219223022461,17.820783615112305,7860.0
36,23,-31.19525909423828,8.00193977355957,235.0
36,24,-28.95738983154297,18.09687042236328,2568.0
36,25,-35.063926696777344,345.153076171875,877.0
36,26,-20.602949142456055,30.994966506958008,76.0
36,27,-9.435872077941895,4.819380283355713,6.0
36,28,-3.5860838890075684,2.4510610103607178,2.0
36,29,-51.350582122802734,10.320347785949707,2409.0
36,30,-7.9456915855407715,3.111480951309204,3.0
36,31,-7.448488235473633,11.975098609924316,4.0
36,32,-7.608253002166748,44.886024475097656,64.0
36,33,-6.995295524597168,5.747838973999023,7.0
36,34,-30.828548431396484,47.16106033325195,357.0
36,35,-4.0244245529174805,3.8246803283691406,3.0
36,36,-6.972659587860107,10.218706130981445,22.0
36,37,-7.65818452835083,12.842092514038086,12.0
36,38,-3.3540797233581543,1.3224772214889526,1.0
36,39,-41.899871826171875,8.125389099121094,245.0
36,40,-17.55031394958496,2.807716131210327,76.0
36,41,-20.523906707763672,60.62947463989258,251.0
36,42,-23.843595504760742,10.852110862731934,109.0
36,43,-3.4821982383728027,1.545387625694275,3.0
36,44,-29.350257873535156,14.414076805114746,3095.0
36,45,-12.856948852539062,619.228515625,259.0
36,46,-25.081117630004883,9.777673721313477,12.0
36,47,-11.502091407775879,2.607801675796509,15.0
36,48,-15.067827224731445,20.35986328125,533.0
36,49,-14.896766662597656,8.39897346496582,31.0
36,50,-15.107454299926758,5.358081817626953,8.0
36,51,-10.252431869506836,30.49239730834961,13.0
36,52,-2.3093924522399902,1.7813084125518799,2.0
36,53,-15.364415168762207,8.97925090789795,120.0
36,54,-38.34096908569336,9.538640975952148,91.0
36,55,-14.672682762145996,18.812780380249023,364.0
36,56,-9.94261360168457,12.008964538574219,80.0
36,57,-10.68935775756836,5.939111709594727,12.0
36,58,-21.118871688842773,8.263822555541992,110.0
36,59,-53.28813171386719,10.143927574157715,161.0
36,60,-29.293991088867188,11.48642635345459,55.0
36,61,-7.744721412658691,3.635646104812622,5.0
36,62,-31.563308715820312,11.335583686828613,162.0
36,63,-67.1548080444336,11.005398750305176,59.0
36,64,-34.257110595703125,13.945576667785645,239.0
36,65,-7.730371952056885,47.7121467590332,6.0
36,66,-4.469642639160156,4.436567306518555,4.0
38,0,-6.048943996429443,2.1299915313720703,2.0
38,1,-10.052675247192383,2.311098575592041,5.0
38,2,-6.615626335144043,2.5730435848236084,9.0
38,3,-20.914329528808594,1065.759765625,2241.0
38,4,-16.693845748901367,8.058526992797852,23.0
38,5,-11.242734909057617,16.621278762817383,18.0
38,6,-10.70910358428955,8.51492691040039,9.0
38,7,-12.209396362304688,7.651483058929443,19.0
38,8,-32.67144012451172,15.220146179199219,59.0
38,9,-21.485485076904297,73.48616790771484,905.0
38,10,-7.007236957550049,5.765023708343506,3.0
38,11,-7.191917896270752,4.213879108428955,2.0
38,12,-3.068826675415039,1.2914111614227295,1.0
38,13,-14.64884090423584,1.94615638256073,10.0
38,14,-2.317720651626587,1.3360466957092285,1.0
38,15,-13.857982635498047,1.7407557964324951,10.0
38,16,-6.540800094604492,26.321868896484375,57.0
38,17,-5.067523956298828,2.0625269412994385,2.0
38,18,-6.74265193939209,5.396027565002441,21.0
38,19,-8.146113395690918,2.768385410308838,7.0
38,20,-2.4102840423583984,1.4110389947891235,2.0
38,21,-18.226764678955078,2.2898566722869873,20.0
38,22,-17.51150131225586,18.515045166015625,8066.0
38,23,-30.12472915649414,7.450754642486572,199.0
38,24,-29.00960922241211,18.191617965698242,2440.0
38,25,-34.818572998046875,331.3235168457031,805.0
38,26,-20.668821334838867,31.33712387084961,78.0
38,27,-9.391050338745117,4.783512115478516,6.0
38,28,-3.56492018699646,2.438126802444458,2.0
38,29,-51.17797088623047,10.239689826965332,2359.0
38,30,-7.953023910522461,3.1147420406341553,3.0
38,31,-7.415537357330322,11.844289779663086,4.0
38,32,-7.438910007476807,41.241912841796875,54.0
38,33,-6.875063896179199,5.577641487121582,7.0
38,34,-30.608917236328125,45.88391876220703,338.0
38,35,-3.9189858436584473,3.692591905593872,3.0
38,36,-7.006523132324219,10.334705352783203,23.0
38,37,-7.6025872230529785,12.606287956237793,12.0
38,38,-3.1924896240234375,1.3047882318496704,1.0
38,39,-41.33562469482422,7.899356365203857,226.0
38,40,-16.32527732849121,2.6125073432922363,49.0
38,41,-20.770748138427734,63.6977653503418,244.0
38,42,-23.813711166381836,10.819726943969727,110.0
38,43,-3.3335108757019043,1.5169304609298706,3.0
38,44,-29.06239128112793,14.041756629943848,3036.0
38,45,-12.854686737060547,618.528564453125,253.0
38,46,-24.904727935791016,9.622135162353516,12.0
38,47,-11.186565399169922,2.540126085281372,10.0
38,48,-15.000378608703613,20.087060928344727,519.0
38,49,-14.714807510375977,8.183463096618652,30.0
38,50,-14.873266220092773,5.220458030700684,7.0
38,51,-10.310279846191406,31.086074829101562,13.0
38,52,-2.2316031455993652,1.74700129032135,2.0
38,53,-15.36898422241211,8.985115051269531,128.0
38,54,-37.824989318847656,9.253478050231934,90.0
38,55,-14.749896049499512,19.105558395385742,380.0
38,56,-9.941808700561523,12.006547927856445,82.0
38,57,-10.660308837890625,5.910427570343018,12.0
38,58,-21.080890655517578,8.232494354248047,120.0
38,59,-53.27891159057617,10.139863014221191,154.0
38,60,-29.079654693603516,11.28308391571045,52.0
38,61,-7.537954330444336,3.5124919414520264,5.0
38,62,-31.03673553466797,10.885603904724121,163.0
38,63,-66.38795471191406,10.708077430725098,57.0
38,64,-33.86603927612305,13.532306671142578,215.0
38,65,-7.687788486480713,46.707008361816406,6.0
38,66,-4.321093559265137,4.222234725952148,4.0
40,0,-6.02224063873291,2.122893810272217,2.0
40,1,-9.980178833007812,2.2971785068511963,5.0
40,2,-6.540402412414551,2.5455410480499268,9.0
40,3,-20.856693267822266,1045.4796142578125,2236.0
40,4,-16.673336029052734,8.037893295288086,22.0
40,5,-11.25439453125,16.6697998046875,21.0
40,6,-10.792320251464844,8.657829284667969,9.0
40,7,-12.178119659423828,7.611701488494873,19.0
40,8,-32.59626007080078,15.125092506408691,60.0
40,9,-21.418127059936523,72.5028305053711,932.0
40,10,-7.097673416137695,5.896850109100342,3.0
40,11,-7.56833028793335,4.543356418609619,2.0
40,12,-3.154989004135132,1.3007172346115112,1.0
40,13,-14.586118698120117,1.9406158924102783,9.0
40,14,-2.524324417114258,1.3710001707077026,1.0
40,15,-14.760208129882812,1.804725170135498,10.0
40,16,-6.631049156188965,27.536836624145508,58.0
40,17,-5.519044876098633,2.199950695037842,2.0
40,18,-6.653816223144531,5.277508735656738,21.0
40,19,-8.16958999633789,2.7765209674835205,7.0
40,20,-2.294645309448242,1.3879202604293823,1.0
40,21,-18.40578842163086,2.3085665702819824,20.0
40,22,-17.39269256591797,18.152021408081055,7768.0
40,23,-29.757108688354492,7.2703704833984375,169.0
40,24,-28.9581298828125,18.098209381103516,2561.0
40,25,-34.826507568359375,331.7620849609375,896.0
40,26,-20.331148147583008,29.622220993041992,76.0
40,27,-9.407610893249512,4.796733379364014,6.0
40,28,-3.6493191719055176,2.490117073059082,2.0
40,29,-52.210567474365234,10.731760025024414,2467.0
40,30,-7.994235038757324,3.1331331729888916,3.0
40,31,-7.377243518829346,11.694062232971191,4.0
40,32,-7.4492926597595215,41.456565856933594,55.0
40,33,-6.54115104675293,5.130934238433838,6.0
40,34,-30.609960556030273,45.8899040222168,362.0
40,35,-3.8701868057250977,3.6330130100250244,3.0
40,36,-6.914134979248047,10.021286964416504,20.0
40,37,-7.6042399406433105,12.613235473632812,12.0
40,38,-3.618964910507202,1.3519937992095947,1.0
40,39,-40.675392150878906,7.642842769622803,199.0
40,40,-16.687076568603516,2.668703317642212,57.0
40,41,-20.988609313964844,66.53458404541016,250.0
40,42,-24.159812927246094,11.200756072998047,115.0
40,43,-3.435685396194458,1.536428689956665,3.0
40,44,-28.907312393188477,13.845186233520508,3149.0
40,45,-12.779358863830566,595.6655883789062,250.0
40,46,-24.923561096191406,9.638623237609863,12.0
40,47,-10.79286003112793,2.4581401348114014,9.0
40,48,-14.953483581542969,19.899539947509766,505.0
40,49,-14.712820053100586,8.181139945983887,30.0
40,50,-14.776128768920898,5.164416313171387,7.0
40,51,-10.190727233886719,29.871625900268555,13.0
40,52,-2.2330808639526367,1.7476468086242676,2.0
40,53,-15.626626968383789,9.321983337402344,128.0
40,54,-37.55344009399414,9.106840133666992,91.0
40,55,-14.700918197631836,18.91931915283203,338.0
40,56,-9.826025009155273,11.663990020751953,79.0
40,57,-10.500423431396484,5.755009174346924,11.0
40,58,-21.564613342285156,8.640507698059082,135.0
40,59,-52.822540283203125,9.940648078918457,136.0
40,60,-28.927692413330078,11.141098976135254,51.0
40,61,-7.389926910400391,3.4268946647644043,4.0
40,62,-30.817787170410156,10.703802108764648,161.0
40,63,-65.54069519042969,10.388911247253418,54.0
40,64,-33.640419006347656,13.299473762512207,226.0
40,65,-7.638383388519287,45.567359924316406,6.0
40,66,-4.289629936218262,4.1781840324401855,4.0
42,0,-6.31669282913208,2.2024857997894287,2.0
42,1,-9.956963539123535,2.292738676071167,5.0
42,2,-6.438869476318359,2.508885145187378,9.0
42,3,-20.808666229248047,1028.8758544921875,2106.0
42,4,-16.653268814086914,8.017756462097168,22.0
42,5,-11.363249778747559,17.129676818847656,21.0
42,6,-10.812686920166016,8.693167686462402,9.0
42,7,-12.119827270507812,7.538107872009277,19.0
42,8,-32.57172393798828,15.094198226928711,61.0
42,9,-21.461877822875977,73.1400146484375,953.0
42,10,-7.053147315979004,5.831573486328125,3.0
42,11,-7.6855974197387695,4.651173114776611,2.0
42,12,-2.9865100383758545,1.2825828790664673,1.0
42,13,-14.19112777709961,1.906084656715393,9.0
42,14,-2.5401082038879395,1.3737077713012695,1.0
42,15,-15.205976486206055,1.837193250656128,10.0
42,16,-6.5750508308410645,26.776519775390625,56.0
42,17,-5.759824275970459,2.2769391536712646,2.0
42,18,-6.456708908081055,5.023752689361572,19.0
42,19,-8.2042875289917,2.7885894775390625,7.0
42,20,-2.0874156951904297,1.347434401512146,1.0
42,21,-18.32004165649414,2.299586296081543,19.0
42,22,-17.451948165893555,18.332181930541992,7846.0
42,23,-28.93067741394043,6.880640983581543,148.0
42,24,-29.07592010498047,18.31264877319336,2472.0
42,25,-34.75559997558594,327.86444091796875,877.0
42,26,-20.289167404174805,29.415679931640625,75.0
42,27,-9.31817626953125,4.725764751434326,6.0
42,28,-3.625453472137451,2.475304365158081,2.0
42,29,-52.411346435546875,10.830151557922363,2514.0
42,30,-8.532632827758789,3.38362455368042,3.0
42,31,-7.393996715545654,11.759550094604492,4.0
42,32,-7.454407215118408,41.562721252441406,52.0
42,33,-6.377200126647949,4.9248809814453125,6.0
42,34,-30.718305587768555,46.515625,372.0
42,35,-3.751917839050293,3.492575168609619,3.0
42,36,-6.88693904876709,9.930853843688965,19.0
42,37,-7.657660484313965,12.839848518371582,13.0
42,38,-3.6136507987976074,1.3513953685760498,1.0
42,39,-40.06672286987305,7.4137492179870605,178.0
42,40,-15.99856185913086,2.5627782344818115,46.0
42,41,-21.022506713867188,66.98717498779297,247.0
42,42,-24.171310424804688,11.213641166687012,118.0
42,43,-3.404144525527954,1.5303831100463867,3.0
42,44,-28.84593963623047,13.768152236938477,3139.0
42,45,-12.804704666137695,603.262451171875,246.0
42,46,-24.770292282104492,9.505253791809082,12.0
42,47,-10.4115629196167,2.381261110305786,7.0
42,48,-14.894412994384766,19.665828704833984,478.0
42,49,-14.570619583129883,8.016620635986328,30.0
42,50,-14.600088119506836,5.064381122589111,7.0
42,51,-10.172536849975586,29.6910457611084,13.0
42,52,-2.2466917037963867,1.7536038160324097,2.0
42,53,-15.820027351379395,9.583126068115234,126.0
42,54,-37.323951721191406,8.984731674194336,90.0
42,55,-14.595516204833984,18.52466583251953,315.0
42,56,-9.844329833984375,11.717489242553711,83.0
42,57,-10.392559051513672,5.652473449707031,11.0
42,58,-21.624401092529297,8.69232177734375,136.0
42,59,-52.5977897644043,9.843982696533203,131.0
42,60,-28.81637954711914,11.038233757019043,50.0
42,61,-7.225347518920898,3.334172487258911,4.0
42,62,-30.57257843017578,10.503796577453613,162.0
42,63,-64.90451049804688,10.15552806854248,53.0
42,64,-33.47524642944336,13.13156509399414,240.0
42,65,-7.694835662841797,46.87187576293945,6.0
42,66,-4.251016139984131,4.124750137329102,4.0
44,0,-6.857962608337402,2.3566598892211914,2.0
44,1,-9.593502044677734,2.2243361473083496,4.0
44,2,-6.306894302368164,2.462026834487915,9.0
44,3,-21.074451446533203,1124.1888427734375,2072.0
44,4,-16.483800888061523,7.849698066711426,22.0
44,5,-11.62191390991211,18.273984909057617,24.0
44,6,-10.65668773651123,8.426130294799805,9.0
44,7,-11.954157829284668,7.332816123962402,20.0
44,8,-33.157257080078125,15.84897232055664,62.0
44,9,-21.442140579223633,72.85187530517578,928.0
44,10,-6.926027297973633,5.649159908294678,3.0
44,11,-7.1463117599487305,4.1756181716918945,2.0
44,12,-2.259603977203369,1.2071959972381592,1.0
44,13,-12.614350318908691,1.7742531299591064,9.0
44,14,-2.3264291286468506,1.337501883506775,1.0
44,15,-14.951652526855469,1.8185983896255493,11.0
44,16,-6.498417854309082,25.76994514465332,55.0
44,17,-5.350096702575684,2.147489547729492,2.0
44,18,-6.1983819007873535,4.709564685821533,19.0
44,19,-8.001620292663574,2.718832492828369,7.0
44,20,-1.7292994260787964,1.2802338600158691,1.0
44,21,-17.861812591552734,2.2521843910217285,19.0
44,22,-17.548974990844727,18.631044387817383,7609.0
44,23,-26.119693756103516,5.704828262329102,98.0
44,24,-29.003084182739258,18.179750442504883,2021.0
44,25,-35.23039627075195,354.8633117675781,887.0
44,26,-20.283828735351562,29.38951873779297,82.0
44,27,-9.006963729858398,4.486893653869629,6.0
44,28,-3.349485397338867,2.310286045074463,2.0
44,29,-50.82080078125,10.07479190826416,2343.0
44,30,-8.845353126525879,3.5382134914398193,3.0
44,31,-7.331617832183838,11.517559051513672,4.0
44,32,-7.336426258087158,39.18183135986328,47.0
44,33,-6.091021537780762,4.584841251373291,7.0
44,34,-31.213584899902344,49.486412048339844,427.0
44,35,-3.4008679389953613,3.106891393661499,3.0
44,36,-6.992997169494629,10.288215637207031,20.0
44,37,-7.69700813293457,13.009363174438477,13.0
44,38,-2.735457420349121,1.2560285329818726,1.0
44,39,-39.469886779785156,7.19577693939209,168.0
44,40,-12.46115779876709,2.0813345909118652,10.0
44,41,-20.927162170410156,65.72191619873047,233.0
44,42,-23.70025062561035,10.697661399841309,97.0
44,43,-3.34509539604187,1.519128680229187,3.0
44,44,-28.82483673095703,13.741765022277832,3099.0
44,45,-13.352882385253906,793.4901733398438,293.0
44,46,-24.322593688964844,9.12615966796875,11.0
44,47,-10.29591178894043,2.358421802520752,7.0
44,48,-14.96847152709961,19.95928192138672,487.0
44,49,-14.185208320617676,7.587167263031006,34.0
44,50,-14.180282592773438,4.833577632904053,7.0
44,51,-10.054973602294922,28.55002784729004,14.0
44,52,-2.2361230850219727,1.7489765882492065,2.0
44,53,-16.064733505249023,9.924057960510254,134.0
44,54,-37.012351989746094,8.821547508239746,97.0
44,55,-14.401294708251953,17.818889617919922,291.0
44,56,-10.153433799743652,12.658873558044434,93.0
44,57,-10.532979965209961,5.78632116317749,12.0
44,58,-20.916671752929688,8.098405838012695,154.0
44,59,-53.31096267700195,10.15400218963623,133.0
44,60,-28.13326644897461,10.42741870880127,45.0
44,61,-6.78459358215332,3.098027229309082,4.0
44,62,-29.36003875732422,9.56838607788086,154.0
44,63,-63.747066497802734,9.744284629821777,54.0
44,64,-32.94416427612305,12.605920791625977,233.0
44,65,-7.530567169189453,43.17594909667969,6.0
44,66,-4.07930850982666,3.8952951431274414,3.0
46,0,-7.224578857421875,2.4671714305877686,2.0
46,1,-9.471426010131836,2.2018227577209473,4.0
46,2,-6.230131149291992,2.4351754188537598,9.0
46,3,-21.104042053222656,1135.33251953125,2075.0
46,4,-16.356815338134766,7.726082801818848,22.0
46,5,-11.648696899414062,18.39675521850586,25.0
46,6,-10.615400314331055,8.356837272644043,9.0
46,7,-11.986392974853516,7.372317790985107,20.0
46,8,-33.22111511230469,15.933538436889648,60.0
46,9,-21.493263244628906,73.6005630493164,922.0
46,10,-6.768235206604004,5.430649757385254,3.0
46,11,-7.05728006362915,4.10192346572876,2.0
46,12,-2.042473077774048,1.1855491399765015,1.0
46,13,-12.178837776184082,1.7394753694534302,9.0
46,14,-2.367677927017212,1.3444160223007202,1.0
46,15,-14.91063117980957,1.8156168460845947,11.0
46,16,-6.474754810333252,25.46684455871582,55.0
46,17,-5.326786041259766,2.140350341796875,2.0
46,18,-6.062860488891602,4.552675724029541,15.0
46,19,-7.929341793060303,2.6943790912628174,7.0
46,20,-1.6517382860183716,1.2661269903182983,1.0
46,21,-17.715822219848633,2.237288475036621,19.0
46,22,-17.60427474975586,18.803552627563477,7511.0
46,23,-24.859928131103516,5.245279312133789,82.0
46,24,-28.655563354492188,17.55881690979004,1882.0
46,25,-35.05311584472656,344.5316467285156,851.0
46,26,-20.226314544677734,29.109148025512695,89.0
46,27,-8.961894989013672,4.453316688537598,6.0
46,28,-3.27600359916687,2.268232583999634,2.0
46,29,-50.45649719238281,9.909333229064941,2311.0
46,30,-9.231513023376465,3.7388856410980225,3.0
46,31,-7.291698932647705,11.365316390991211,4.0
46,32,-7.315940856933594,38.78255081176758,46.0
46,33,-5.987422466278076,4.467618942260742,6.0
46,34,-31.287527084350586,49.9459228515625,470.0
46,35,-3.301727771759033,3.00589656829834,3.0
46,36,-6.952456951141357,10.150120735168457,20.0
46,37,-7.751837730407715,13.249317169189453,13.0
46,38,-2.6692957878112793,1.2491225004196167,1.0
46,39,-39.09503173828125,7.062164783477783,154.0
46,40,-11.910364151000977,2.0149807929992676,6.0
46,41,-20.874156951904297,65.02886962890625,233.0
46,42,-23.620330810546875,10.612506866455078,94.0
46,43,-3.4029107093811035,1.5301470756530762,3.0
46,44,-28.702980041503906,13.590376853942871,3027.0
46,45,-13.291321754455566,769.4384155273438,300.0
46,46,-24.398059844970703,9.188984870910645,11.0
46,47,-10.161548614501953,2.3321621417999268,7.0
46,48,-14.912008285522461,19.73515510559082,480.0
46,49,-13.930309295654297,7.315857887268066,32.0
46,50,-14.143872261047363,4.814062595367432,7.0
46,51,-10.10230827331543,29.00406837463379,14.0
46,52,-2.25223708152771,1.756036400794983,2.0
46,53,-16.108871459960938,9.986831665039062,137.0
46,54,-36.77872848510742,8.701144218444824,95.0
46,55,-14.2802095413208,17.392549514770508,290.0
46,56,-10.347867965698242,13.289403915405273,106.0
46,57,-10.627460479736328,5.878158092498779,12.0
46,58,-20.88793182373047,8.075164794921875,158.0
46,59,-53.49288558959961,10.234635353088379,133.0
46,60,-28.15355110168457,10.445060729980469,46.0
46,61,-6.613649368286133,3.011007785797119,4.0
46,62,-29.21361541748047,9.46121883392334,150.0
46,63,-63.01814651489258,9.49388599395752,53.0
46,64,-32.662689208984375,12.33591079711914,233.0
46,65,-7.527995586395264,43.1204719543457,6.0
46,66,-4.032896041870117,3.835495948791504,3.0
48,0,-6.9602131843566895,2.386974573135376,2.0
48,1,-9.49606990814209,2.2063491344451904,4.0
48,2,-6.275319576263428,2.450946569442749,9.0
48,3,-21.084495544433594,1127.959228515625,2135.0
48,4,-16.283302307128906,7.655411720275879,22.0
48,5,-11.36268424987793,17.127254486083984,24.0
48,6,-10.624008178710938,8.371236801147461,9.0
48,7,-12.046947479248047,7.447099685668945,20.0
48,8,-32.56496047973633,15.085693359375,63.0
48,9,-21.448566436767578,72.945556640625,920.0
48,10,-6.695035457611084,5.332172870635986,3.0
48,11,-7.199810981750488,4.220536231994629,2.0
48,12,-2.2335221767425537,1.2045749425888062,1.0
48,13,-12.354223251342773,1.753398060798645,8.0
48,14,-2.4392576217651367,1.3564990758895874,1.0
48,15,-14.785894393920898,1.8065804243087769,11.0
48,16,-6.429375648498535,24.895519256591797,55.0
48,17,-5.32727575302124,2.1404998302459717,2.0
48,18,-6.050339698791504,4.538447380065918,14.0
48,19,-7.905378818511963,2.6863203048706055,7.0
48,20,-1.7552562952041626,1.2849899530410767,1.0
48,21,-17.97624969482422,2.263929843902588,19.0
48,22,-17.423660278320312,18.245952606201172,7454.0
48,23,-25.575199127197266,5.501458644866943,87.0
48,24,-28.3311767578125,16.998374938964844,2067.0
48,25,-34.62362289428711,320.7312927246094,863.0
48,26,-20.098146438598633,28.493932723999023,82.0
48,27,-9.240034103393555,4.664616584777832,6.0
48,28,-3.5323634147644043,2.418363094329834,2.0
48,29,-51.68313217163086,10.477534294128418,2421.0
48,30,-8.714770317077637,3.472820997238159,3.0
48,31,-7.386810302734375,11.731411933898926,4.0
48,32,-7.30525541305542,38.575897216796875,46.0
48,33,-5.917181968688965,4.3898515701293945,4.0
48,34,-31.263370513916016,49.79533386230469,476.0
48,35,-3.4062726497650146,3.1124939918518066,3.0
48,36,-6.858984470367432,9.838744163513184,19.0
48,37,-7.781405448913574,13.38054370880127,13.0
48,38,-3.379951000213623,1.325331449508667,1.0
48,39,-38.82765579223633,6.968380451202393,140.0
48,40,-13.867740631103516,2.260869264602661,19.0
48,41,-21.026508331298828,67.04082489013672,238.0
48,42,-23.989704132080078,11.011832237243652,103.0
48,43,-3.237727642059326,1.4988765716552734,3.0
48,44,-28.43795394897461,13.266850471496582,3087.0
48,45,-12.873666763305664,624.4263305664062,263.0
48,46,-24.643798828125,9.396574974060059,11.0
48,47,-10.1185884475708,2.3238277435302734,6.0
48,48,-14.705277442932129,18.935823440551758,459.0
48,49,-14.060342788696289,7.453028678894043,33.0
48,50,-14.345146179199219,4.922935962677002,7.0
48,51,-10.16634750366211,29.62985610961914,14.0
48,52,-2.209768056869507,1.7374907732009888,2.0
48,53,-15.845223426818848,9.617683410644531,125.0
48,54,-36.522335052490234,8.57089900970459,94.0
48,55,-14.119373321533203,16.841981887817383,274.0
48,56,-10.311147689819336,13.167963981628418,107.0
48,57,-10.403606414794922,5.6628899574279785,12.0
48,58,-21.41446876525879,8.511744499206543,150.0
48,59,-52.461490631103516,9.785819053649902,131.0
48,60,-28.67700958251953,10.910773277282715,48.0
48,61,-6.775426387786865,3.0932977199554443,4.0
48,62,-29.346590042114258,9.558492660522461,147.0
48,63,-62.74869155883789,9.402961730957031,49.0
48,64,-32.646846771240234,12.32088565826416,247.0
48,65,-7.544898986816406,43.486454010009766,6.0
48,66,-4.114605903625488,3.941397190093994,3.0
50,0,-6.719508171081543,2.3162245750427246,2.0
50,1,-9.558880805969238,2.217927932739258,4.0
50,2,-6.221487045288086,2.4321701526641846,9.0
50,3,-21.011157989501953,1100.719482421875,2192.0
50,4,-16.262481689453125,7.635513782501221,22.0
50,5,-11.227152824401855,16.556655883789062,22.0
50,6,-10.647109985351562,8.410004615783691,9.0
50,7,-12.037223815917969,7.435039520263672,19.0
50,8,-32.28369140625,14.736207962036133,58.0
50,9,-21.340003967285156,71.37877655029297,920.0
50,10,-6.482185363769531,5.055851936340332,3.0
50,11,-7.194888114929199,4.21638298034668,2.0
50,12,-2.33223557472229,1.2145249843597412,1.0
50,13,-12.622171401977539,1.7748839855194092,8.0
50,14,-2.4690213203430176,1.3615553379058838,1.0
50,15,-14.894618034362793,1.814454197883606,10.0
50,16,-6.389388084411621,24.402706146240234,54.0
50,17,-5.382045269012451,2.157313346862793,2.0
50,18,-5.989704132080078,4.470168113708496,13.0
50,19,-7.812543869018555,2.655327558517456,7.0
50,20,-1.820847749710083,1.2970871925354004,1.0
50,21,-18.14334487915039,2.2811906337738037,20.0
50,22,-17.456981658935547,18.34756851196289,7544.0
50,23,-25.614925384521484,5.516048431396484,84.0
50,24,-28.18190574645996,16.74652099609375,2092.0
50,25,-34.42937469482422,310.51409912109375,851.0
50,26,-19.88766098022461,27.511669158935547,77.0
50,27,-9.32115364074707,4.728110313415527,6.0
50,28,-3.6021180152893066,2.4609057903289795,2.0
50,29,-52.13324737548828,10.694108963012695,2412.0
50,30,-8.529808044433594,3.3822596073150635,3.0
50,31,-7.444182395935059,11.95792293548584,4.0
50,32,-7.358602046966553,39.618690490722656,48.0
50,33,-5.796099662780762,4.258959770202637,4.0
50,34,-31.306884765625,50.066925048828125,488.0
50,35,-3.4031546115875244,3.1092605590820312,3.0
50,36,-6.834055423736572,9.75732707977295,14.0
50,37,-7.849270343780518,13.686683654785156,14.0
50,38,-3.66802978515625,1.3575330972671509,1.0
50,39,-38.6416015625,6.903855800628662,125.0
50,40,-14.777351379394531,2.3851356506347656,26.0
50,41,-21.15374183654785,68.76866149902344,250.0
50,42,-24.212188720703125,11.259574890136719,109.0
50,43,-3.2911009788513184,1.508910059928894,3.0
50,44,-28.356201171875,13.168617248535156,3141.0
50,45,-12.643478393554688,556.5401000976562,248.0
50,46,-24.820466995239258,9.548709869384766,11.0
50,47,-9.975506782531738,2.2962841987609863,6.0
50,48,-14.668716430664062,18.797863006591797,465.0
50,49,-13.988210678100586,7.376622200012207,31.0
50,50,-14.428979873657227,4.9690070152282715,6.0
50,51,-10.217290878295898,30.137300491333008,13.0
50,52,-2.248814582824707,1.7545346021652222,2.0
50,53,-15.813529014587402,9.574234962463379,129.0
50,54,-36.26274871826172,8.441018104553223,91.0
50,55,-14.038778305053711,16.572683334350586,262.0
50,56,-10.28756332397461,13.090553283691406,105.0
50,57,-10.326221466064453,5.590322017669678,11.0
50,58,-21.78359603881836,8.831806182861328,154.0
50,59,-51.994476318359375,9.589122772216797,125.0
50,60,-28.867197036743164,11.085078239440918,49.0
50,61,-6.676784992218018,3.042858839035034,4.0
50,62,-29.668895721435547,9.798436164855957,151.0
50,63,-62.762474060058594,9.40758991241455,48.0
50,64,-32.71233367919922,12.383109092712402,260.0
50,65,-7.560908794403076,43.83595657348633,6.0
50,66,-4.130160808563232,3.961886405944824,3.0
52,0,-6.886394500732422,2.3650503158569336,2.0
52,1,-9.55544662475586,2.2172932624816895,4.0
52,2,-6.2152276039123535,2.4299962520599365,9.0
52,3,-20.99687957763672,1095.4932861328125,2123.0
52,4,-16.219099044799805,7.59421968460083,22.0
52,5,-11.25895881652832,16.688831329345703,22.0
52,6,-10.710675239562988,8.51760482788086,9.0
52,7,-11.86467170715332,7.2242631912231445,19.0
52,8,-32.32560348510742,14.787765502929688,53.0
52,9,-21.26952362060547,70.37969970703125,937.0
52,10,-6.350332260131836,4.891911029815674,3.0
52,11,-7.286708831787109,4.294528484344482,2.0
52,12,-2.326476573944092,1.2139421701431274,1.0
52,13,-12.307807922363281,1.7497025728225708,8.0
52,14,-2.3503646850585938,1.3415095806121826,1.0
52,15,-14.832945823669434,1.8099836111068726,11.0
52,16,-6.422631740570068,24.81171417236328,55.0
52,17,-5.662586688995361,2.24552845954895,2.0
52,18,-5.809327125549316,4.273066520690918,9.0
52,19,-7.7455525398254395,2.6331849098205566,7.0
52,20,-1.8109710216522217,1.2952582836151123,1.0
52,21,-18.015525817871094,2.267975330352783,20.0
52,22,-17.628665924072266,18.880149841308594,7559.0
52,23,-25.209827423095703,5.369071960449219,76.0
52,24,-28.202865600585938,16.781658172607422,2035.0
52,25,-34.36756134033203,307.3314514160156,828.0
52,26,-20.1390438079834,28.688814163208008,78.0
52,27,-9.265839576721191,4.684721946716309,6.0
52,28,-3.4827871322631836,2.3885746002197266,2.0
52,29,-52.36145782470703,10.805618286132812,2445.0
52,30,-8.76830005645752,3.4994797706604004,3.0
52,31,-7.486171722412109,12.126470565795898,4.0
52,32,-7.3987298011779785,40.42162322998047,48.0
52,33,-5.705085754394531,4.163147449493408,4.0
52,34,-31.122867584228516,48.92842102050781,441.0
52,35,-3.265136241912842,2.969456195831299,3.0
52,36,-6.8199052810668945,9.711413383483887,13.0
52,37,-7.82370662689209,13.57055377960205,13.0
52,38,-3.486192226409912,1.3371171951293945,1.0
52,39,-38.40380859375,6.8222575187683105,114.0
52,40,-14.43144416809082,2.337094306945801,25.0
52,41,-21.269468307495117,70.37892150878906,240.0
52,42,-24.31063461303711,11.370967864990234,103.0
52,43,-3.2685651779174805,1.5046656131744385,3.0
52,44,-28.341655731201172,13.151216506958008,3229.0
52,45,-12.558696746826172,533.44091796875,246.0
52,46,-24.873085021972656,9.594494819641113,12.0
52,47,-9.770927429199219,2.2574684619903564,6.0
52,48,-14.661867141723633,18.77213478088379,451.0
52,49,-13.915931701660156,7.300846576690674,31.0
52,50,-14.370512962341309,4.936830997467041,6.0
52,51,-10.185237884521484,29.817020416259766,13.0
52,52,-2.195077419281006,1.731121301651001,2.0
52,53,-16.0612850189209,9.919171333312988,126.0
52,54,-36.13817596435547,8.379389762878418,90.0
52,55,-14.036933898925781,16.566570281982422,275.0
52,56,-10.13260269165039,12.593120574951172,103.0
52,57,-10.321758270263672,5.586165428161621,11.0
52,58,-21.815807342529297,8.86030101776123,152.0
52,59,-51.85981750488281,9.533143997192383,125.0
52,60,-28.756797790527344,10.983561515808105,50.0
52,61,-6.573733329772949,2.9910430908203125,4.0
52,62,-29.51824951171875,9.685544967651367,147.0
52,63,-62.46807098388672,9.309194564819336,47.0
52,64,-32.64247512817383,12.316743850708008,255.0
52,65,-7.426619529724121,40.98925018310547,6.0
52,66,-4.060970306396484,3.8715569972991943,3.0
54,0,-7.105457305908203,2.4307069778442383,2.0
54,1,-9.400246620178223,2.188800811767578,4.0
54,2,-6.200197696685791,2.4247841835021973,9.0
54,3,-21.042003631591797,1112.0955810546875,2123.0
54,4,-16.16943359375,7.547219276428223,22.0
54,5,-11.328245162963867,16.980426788330078,22.0
54,6,-10.680747985839844,8.466774940490723,9.0
54,7,-11.748825073242188,7.086117267608643,19.0
54,8,-32.511131286621094,15.018172264099121,52.0
54,9,-21.28215789794922,70.55775451660156,958.0
54,10,-6.131353378295898,4.631303787231445,3.0
54,11,-7.199978351593018,4.220677375793457,2.0
54,12,-2.2943239212036133,1.2106938362121582,1.0
54,13,-12.13667106628418,1.7361445426940918,8.0
54,14,-2.344505548477173,1.3405275344848633,1.0
54,15,-14.702892303466797,1.800592303276062,11.0
54,16,-6.517861366271973,26.021697998046875,57.0
54,17,-5.903690338134766,2.3242194652557373,2.0
54,18,-5.756882667541504,4.217407703399658,8.0
54,19,-7.791010856628418,2.6481897830963135,7.0
54,20,-1.7577886581420898,1.2854548692703247,1.0
54,21,-17.889999389648438,2.2550718784332275,20.0
54,22,-17.871885299682617,19.661205291748047,7760.0
54,23,-24.874832153320312,5.250494003295898,76.0
54,24,-28.22686004638672,16.821971893310547,1972.0
54,25,-34.31237030029297,304.5174865722656,811.0
54,26,-20.243732452392578,29.19377326965332,79.0
54,27,-9.267430305480957,4.685964584350586,6.0
54,28,-3.4090733528137207,2.3449599742889404,2.0
54,29,-52.45188903808594,10.850126266479492,2413.0
54,30,-9.168807029724121,3.7055420875549316,3.0
54,31,-7.457420349121094,12.0108060836792,4.0
54,32,-7.433760643005371,41.135860443115234,49.0
54,33,-5.570718288421631,4.025622844696045,4.0
54,34,-31.029457092285156,48.36043930053711,439.0
54,35,-3.1921944618225098,2.898127555847168,3.0
54,36,-6.7718377113342285,9.557049751281738,13.0
54,37,-7.808802604675293,13.503299713134766,13.0
54,38,-3.291804790496826,1.3156318664550781,1.0
54,39,-38.33879089355469,6.80011510848999,104.0
54,40,-14.295378684997559,2.3184635639190674,22.0
54,41,-21.56072235107422,74.60028076171875,246.0
54,42,-24.267337799072266,11.321842193603516,100.0
54,43,-3.1690311431884766,1.4860608577728271,3.0
54,44,-28.199390411376953,12.982224464416504,3164.0
54,45,-12.601795196533203,545.0609130859375,243.0
54,46,-24.95659828186035,9.667614936828613,12.0
54,47,-9.553976058959961,2.2170214653015137,6.0
54,48,-14.61266040802002,18.588294982910156,448.0
54,49,-13.830066680908203,7.211838722229004,29.0
54,50,-14.268385887145996,4.88112735748291,6.0
54,51,-10.184967041015625,29.81432342529297,13.0
54,52,-2.1720168590545654,1.7211698293685913,2.0
54,53,-16.24973487854004,10.189834594726562,127.0
54,54,-35.965389251708984,8.294652938842773,92.0
54,55,-13.957015991210938,16.303882598876953,266.0
54,56,-10.041980743408203,12.311025619506836,95.0
54,57,-10.307572364807129,5.572973728179932,10.0
54,58,-21.750749588012695,8.80284595489502,167.0
54,59,-51.69506072998047,9.465099334716797,125.0
54,60,-28.601001739501953,10.84188461303711,49.0
54,61,-6.500229835510254,2.954624652862549,4.0
54,62,-29.30206298828125,9.525809288024902,144.0
54,63,-62.36370849609375,9.27456283569336,45.0
54,64,-32.49851608276367,12.181103706359863,240.0
54,65,-7.346246242523193,39.37468719482422,6.0
54,66,-4.043300151824951,3.848820686340332,3.0
56,0,-7.150013446807861,2.4442827701568604,2.0
56,1,-9.394153594970703,2.187690019607544,4.0
56,2,-6.217001914978027,2.430612087249756,9.0
56,3,-21.112855911254883,1138.6727294921875,2163.0
56,4,-16.144222259521484,7.523472309112549,22.0
56,5,-11.315633773803711,16.926973342895508,19.0
56,6,-10.709022521972656,8.514788627624512,9.0
56,7,-11.659358978271484,6.981239318847656,16.0
56,8,-32.696800231933594,15.25234603881836,53.0
56,9,-21.218738555908203,69.66846466064453,978.0
56,10,-6.129047870635986,4.628634929656982,3.0
56,11,-7.163267612457275,4.189802169799805,2.0
56,12,-2.265282154083252,1.207767367362976,1.0
56,13,-12.190733909606934,1.740416169166565,8.0
56,14,-2.2833518981933594,1.3303192853927612,1.0
56,15,-14.24108600616455,1.7676366567611694,10.0
56,16,-6.379088878631592,24.277366638183594,54.0
56,17,-6.0959343910217285,2.388935089111328,2.0
56,18,-5.743520736694336,4.203342914581299,9.0
56,19,-7.7954912185668945,2.6496734619140625,7.0
56,20,-1.8013323545455933,1.2934761047363281,1.0
56,21,-17.84256362915039,2.2502145767211914,20.0
56,22,-17.965866088867188,19.97159767150879,7884.0
56,23,-24.733047485351562,5.201098442077637,74.0
56,24,-28.245834350585938,16.853923797607422,1974.0
56,25,-34.21621322631836,299.676025390625,848.0
56,26,-20.266815185546875,29.306303024291992,79.0
56,27,-9.286144256591797,4.7006025314331055,6.0
56,28,-3.454623222351074,2.3718159198760986,2.0
56,29,-52.80719757080078,11.02678394317627,2415.0
56,30,-9.325540542602539,3.789447069168091,3.0
56,31,-7.599587917327881,12.593690872192383,4.0
56,32,-7.473994255065918,41.971763610839844,53.0
56,33,-5.492916107177734,3.9480783939361572,4.0
56,34,-30.81740379333496,47.09540939331055,380.0
56,35,-3.1264305114746094,2.8352878093719482,3.0
56,36,-6.804989337921143,9.663248062133789,13.0
56,37,-7.829547882080078,13.597000122070312,12.0
56,38,-3.2517189979553223,1.3112443685531616,1.0
56,39,-38.414825439453125,6.826016902923584,101.0
56,40,-14.587118148803711,2.3585941791534424,26.0
56,41,-21.59170913696289,75.06404876708984,250.0
56,42,-24.28769302368164,11.344911575317383,92.0
56,43,-3.13863205909729,1.4804246425628662,3.0
56,44,-28.38515281677246,13.20332145690918,3230.0
56,45,-12.462323188781738,508.3456115722656,234.0
56,46,-25.00861358642578,9.7134370803833,12.0
56,47,-9.414783477783203,2.1914539337158203,6.0
56,48,-14.487119674682617,18.12738800048828,433.0
56,49,-13.880328178405762,7.26380729675293,29.0
56,50,-14.422893524169922,4.9656476974487305,6.0
56,51,-10.178264617919922,29.747787475585938,13.0
56,52,-2.2024104595184326,1.734297752380371,2.0
56,53,-16.451339721679688,10.487576484680176,124.0
56,54,-35.87432098388672,8.25033950805664,86.0
56,55,-13.82632064819336,15.883233070373535,250.0
56,56,-9.930575370788574,11.972877502441406,84.0
56,57,-10.268515586853027,5.536814212799072,10.0
56,58,-21.836498260498047,8.878652572631836,168.0
56,59,-51.35963439941406,9.328065872192383,124.0
56,60,-28.476093292236328,10.729616165161133,50.0
56,61,-6.504753112792969,2.956852912902832,4.0
56,62,-29.219913482666016,9.465803146362305,147.0
56,63,-62.23563003540039,9.232234954833984,45.0
56,64,-32.424095153808594,12.11156940460205,229.0
56,65,-7.322793006896973,38.9156494140625,6.0
56,66,-4.110202789306641,3.9356167316436768,3.0
58,0,-7.205574035644531,2.461317539215088,2.0
58,1,-9.378713607788086,2.1848769187927246,5.0
58,2,-6.212615966796875,2.4290895462036133,9.0
58,3,-21.126850128173828,1143.9969482421875,2155.0
58,4,-16.118202209472656,7.499042510986328,22.0
58,5,-11.27685546875,16.7636661529541,20.0
58,6,-10.63924789428711,8.396790504455566,9.0
58,7,-11.618078231811523,6.93337345123291,16.0
58,8,-32.63146209716797,15.169527053833008,53.0
58,9,-21.196273803710938,69.35616302490234,971.0
58,10,-5.936147689819336,4.410715579986572,3.0
58,11,-7.075006008148193,4.116491317749023,2.0
58,12,-2.2980010509490967,1.2110649347305298,1.0
58,13,-12.19748592376709,1.7409504652023315,8.0
58,14,-2.1794137954711914,1.3131471872329712,1.0
58,15,-14.228116989135742,1.7667198181152344,10.0
58,16,-6.270626068115234,22.995834350585938,51.0
58,17,-6.277974605560303,2.451876163482666,2.0
58,18,-5.732385635375977,4.191658020019531,8.0
58,19,-7.80077600479126,2.6514244079589844,7.0
58,20,-1.7902402877807617,1.2914280891418457,1.0
58,21,-17.846302032470703,2.2505972385406494,19.0
58,22,-18.022300720214844,20.160327911376953,7907.0
58,23,-24.539085388183594,5.134276866912842,74.0
58,24,-28.4710693359375,17.237838745117188,2021.0
58,25,-34.207027435302734,299.2176818847656,833.0
58,26,-20.289316177368164,29.41640853881836,79.0
58,27,-9.247584342956543,4.670490264892578,6.0
58,28,-3.4477739334106445,2.36775803565979,2.0
58,29,-52.87457275390625,11.0606050491333,2380.0
58,30,-9.525169372558594,3.899071455001831,4.0
58,31,-7.624295711517334,12.697840690612793,4.0
58,32,-7.490579128265381,42.32126235961914,53.0
58,33,-5.49955415725708,3.9546358585357666,5.0
58,34,-30.70732879638672,46.451839447021484,352.0
58,35,-3.099860668182373,2.8102879524230957,3.0
58,36,-6.783790111541748,9.595203399658203,13.0
58,37,-7.8166913986206055,13.538857460021973,11.0
58,38,-3.266970157623291,1.312911868095398,1.0
58,39,-38.44912338256836,6.837732315063477,100.0
58,40,-14.473936080932617,2.3429434299468994,25.0
58,41,-21.810230255126953,78.41742706298828,259.0
58,42,-24.18916130065918,11.233677864074707,87.0
58,43,-3.1662404537200928,1.4855425357818604,3.0
58,44,-28.430326461791992,13.25765609741211,3297.0
58,45,-12.364758491516113,484.1424560546875,230.0
58,46,-25.12210464477539,9.81417465209961,12.0
58,47,-9.278848648071289,2.1667697429656982,6.0
58,48,-14.414121627807617,17.86465835571289,434.0
58,49,-13.918557167053223,7.303585052490234,28.0
58,50,-14.476943969726562,4.995559215545654,6.0
58,51,-10.217575073242188,30.140155792236328,13.0
58,52,-2.2086455821990967,1.7370033264160156,2.0
58,53,-16.551319122314453,10.638442039489746,122.0
58,54,-35.79073715209961,8.209872245788574,88.0
58,55,-13.761333465576172,15.678128242492676,240.0
58,56,-9.836029052734375,11.693197250366211,84.0
58,57,-10.208099365234375,5.481341361999512,10.0
58,58,-21.82819175720215,8.871280670166016,174.0
58,59,-51.113182067871094,9.228644371032715,124.0
58,60,-28.509117126464844,10.759185791015625,51.0
58,61,-6.520388603210449,2.9645681381225586,4.0
58,62,-29.166629791259766,9.427085876464844,152.0
58,63,-61.933780670166016,9.1332426071167,45.0
58,64,-32.31410217285156,12.009526252746582,222.0
58,65,-7.2164626121521,36.90073013305664,6.0
58,66,-4.1697998046875,4.01458215713501,3.0
60,0,-7.250066757202148,2.4750444889068604,3.0
60,1,-9.2718505859375,2.165506362915039,5.0
60,2,-6.127840042114258,2.3998489379882812,8.0
60,3,-21.15607261657715,1155.1949462890625,2159.0
60,4,-16.0557861328125,7.440762042999268,22.0
60,5,-11.223193168640137,16.540273666381836,20.0
60,6,-10.651894569396973,8.41805648803711,8.0
60,7,-11.578566551208496,6.887864112854004,17.0
60,8,-32.80373001098633,15.388866424560547,58.0
60,9,-21.29060173034668,70.6770248413086,997.0
60,10,-5.830899238586426,4.296173572540283,3.0
60,11,-6.776092529296875,3.877608299255371,2.0
60,12,-2.3220667839050293,1.2134960889816284,1.0
60,13,-12.255188941955566,1.7455227375030518,8.0
60,14,-2.1102399826049805,1.3018417358398438,1.0
60,15,-13.624975204467773,1.7246066331863403,10.0
60,16,-6.165566921234131,21.819049835205078,46.0
60,17,-6.461914539337158,2.517158269882202,3.0
60,18,-5.765965461730957,4.22699499130249,9.0
60,19,-7.832629203796387,2.6620023250579834,7.0
60,20,-1.7791237831115723,1.2893787622451782,1.0
60,21,-17.657079696655273,2.231322765350342,19.0
60,22,-18.05634307861328,20.275041580200195,8052.0
60,23,-24.463748931884766,5.108555316925049,74.0
60,24,-28.439313888549805,17.18318748474121,1966.0
60,25,-34.165077209472656,297.1329040527344,824.0
60,26,-20.25900650024414,29.268184661865234,84.0
60,27,-9.108536720275879,4.563498020172119,6.0
60,28,-3.4800870418548584,2.386962890625,2.0
60,29,-52.711185455322266,10.978764533996582,2349.0
60,30,-9.676796913146973,3.9844510555267334,4.0
60,31,-7.642191410064697,12.773812294006348,4.0
60,32,-7.53411865234375,43.252685546875,55.0
60,33,-5.385303497314453,3.8432788848876953,5.0
60,34,-30.59073257446289,45.77973556518555,346.0
60,35,-3.054533004760742,2.7681455612182617,3.0
60,36,-6.822937965393066,9.721235275268555,13.0
60,37,-7.796718120574951,13.449017524719238,10.0
60,38,-3.0773940086364746,1.2923334836959839,1.0
60,39,-38.32007598876953,6.793755054473877,101.0
60,40,-14.469425201416016,2.3423218727111816,24.0
60,41,-21.752132415771484,77.51152801513672,255.0
60,42,-23.982254028320312,11.003631591796875,83.0
60,43,-3.210020065307617,1.4936944246292114,3.0
60,44,-28.446250915527344,13.276863098144531,3243.0
60,45,-12.414801597595215,496.4093017578125,221.0
60,46,-24.987728118896484,9.695013999938965,12.0
60,47,-9.205856323242188,2.153629779815674,6.0
60,48,-14.355653762817383,17.656972885131836,432.0
60,49,-13.902581214904785,7.286935329437256,27.0
60,50,-14.537381172180176,5.0292181968688965,7.0
60,51,-10.281461715698242,30.788888931274414,13.0
60,52,-2.204291820526123,1.7351138591766357,2.0
60,53,-16.638484954833984,10.771744728088379,119.0
60,54,-35.61668395996094,8.126245498657227,85.0
60,55,-13.60853099822998,15.206244468688965,222.0
60,56,-9.897807121276855,11.875195503234863,88.0
60,57,-10.325199127197266,5.589369773864746,11.0
60,58,-21.658077239990234,8.721643447875977,169.0
60,59,-50.84626770019531,9.122164726257324,126.0
60,60,-28.411685943603516,10.672181129455566,51.0
60,61,-6.535545349121094,2.972066640853882,4.0
60,62,-28.97549057006836,9.2894926071167,152.0
60,63,-61.8193359375,9.095988273620605,45.0
60,64,-32.26127624511719,11.960822105407715,218.0
60,65,-7.348135948181152,39.41190719604492,6.0
60,66,-4.1968278884887695,4.050914287567139,3.0
62,0,-7.481982707977295,2.547844886779785,3.0
62,1,-9.341951370239258,2.1781938076019287,5.0
62,2,-6.0498199462890625,2.3732492923736572,8.0
62,3,-21.15411949157715,1154.4427490234375,2130.0
62,4,-16.107173919677734,7.488711357116699,22.0
62,5,-11.191962242126465,16.411636352539062,20.0
62,6,-10.691022872924805,8.48419189453125,8.0
62,7,-11.54733943939209,6.852109909057617,18.0
62,8,-33.067684173583984,15.731109619140625,54.0
62,9,-21.17442512512207,69.05375671386719,997.0
62,10,-5.770256996154785,4.231532573699951,3.0
62,11,-6.6526336669921875,3.7830352783203125,2.0
62,12,-2.3353984355926514,1.214845061302185,1.0
62,13,-12.245171546936035,1.7447280883789062,8.0
62,14,-2.0221104621887207,1.2875791788101196,1.0
62,15,-13.3485107421875,1.7056399583816528,10.0
62,16,-6.069228649139404,20.792957305908203,43.0
62,17,-6.533348560333252,2.5429770946502686,3.0
62,18,-5.7944512367248535,4.257205009460449,10.0
62,19,-7.85932731628418,2.670901298522949,7.0
62,20,-1.8042241334915161,1.2940105199813843,1.0
62,21,-17.548694610595703,2.2203569412231445,20.0
62,22,-18.01279640197754,20.12841796875,8112.0
62,23,-24.328020095825195,5.0625386238098145,75.0
62,24,-28.438501358032227,17.181791305541992,1951.0
62,25,-34.24230194091797,300.9819641113281,792.0
62,26,-20.207557678222656,29.018291473388672,85.0
62,27,-9.150516510009766,4.595539093017578,6.0
62,28,-3.4653801918029785,2.3782026767730713,2.0
62,29,-52.35655212402344,10.80320930480957,2300.0
62,30,-9.652724266052246,3.9707722663879395,4.0
62,31,-7.635157585144043,12.743897438049316,4.0
62,32,-7.609766960144043,44.920013427734375,57.0
62,33,-5.357818126678467,3.8169608116149902,5.0
62,34,-30.478208541870117,45.14032745361328,328.0
62,35,-3.019196033477783,2.7357311248779297,3.0
62,36,-6.777095794677734,9.573817253112793,13.0
62,37,-7.751721382141113,13.248802185058594,10.0
62,38,-2.9591927528381348,1.2796664237976074,1.0
62,39,-38.284332275390625,6.781624794006348,94.0
62,40,-14.319303512573242,2.321728467941284,20.0
62,41,-21.76221466064453,77.66795349121094,253.0
62,42,-23.77658462524414,10.779631614685059,81.0
62,43,-3.139004707336426,1.4804936647415161,3.0
62,44,-28.414291381835938,13.238344192504883,3271.0
62,45,-12.465353012084961,509.1163024902344,219.0
62,46,-24.950790405273438,9.662510871887207,12.0
62,47,-9.042272567749023,2.1244707107543945,6.0
62,48,-14.2672119140625,17.347396850585938,427.0
62,49,-13.97584342956543,7.363600730895996,27.0
62,50,-14.528281211853027,5.024136543273926,7.0
62,51,-10.293336868286133,30.911006927490234,14.0
62,52,-2.1924638748168945,1.7299906015396118,2.0
62,53,-16.61048126220703,10.728738784790039,113.0
62,54,-35.61181640625,8.123918533325195,87.0
62,55,-13.573226928710938,15.099255561828613,222.0
62,56,-9.905631065368652,11.898446083068848,91.0
62,57,-10.407868385314941,5.666914463043213,11.0
62,58,-21.770549774169922,8.820291519165039,170.0
62,59,-50.6553955078125,9.04677677154541,126.0
62,60,-28.40487289428711,10.666125297546387,52.0
62,61,-6.574440956115723,2.991395950317383,4.0
62,62,-29.006694793701172,9.311817169189453,148.0
62,63,-61.76609420776367,9.07870864868164,47.0
62,64,-32.11830139160156,11.829998016357422,203.0
62,65,-7.4041547775268555,40.53141784667969,6.0
62,66,-4.218146324157715,4.079802989959717,3.0
64,0,-7.640371322631836,2.5987911224365234,3.0
64,1,-9.29403018951416,2.1695125102996826,5.0
64,2,-6.054339408874512,2.374782085418701,8.0
64,3,-21.150053024291992,1152.87939453125,2143.0
64,4,-16.020597457885742,7.408105373382568,22.0
64,5,-11.147570610046387,16.230506896972656,20.0
64,6,-10.694087028503418,8.489391326904297,10.0
64,7,-11.514341354370117,6.814528465270996,18.0
64,8,-33.14512252807617,15.832955360412598,60.0
64,9,-21.27579116821289,70.46797943115234,1052.0
64,10,-5.8329668045043945,4.298395156860352,3.0
64,11,-6.53291654586792,3.6935322284698486,2.0
64,12,-2.4139602184295654,1.2228244543075562,1.0
64,13,-12.310285568237305,1.7498997449874878,8.0
64,14,-1.9884456396102905,1.2821722030639648,1.0
64,15,-12.916778564453125,1.6764377355575562,10.0
64,16,-5.937770843505859,19.470205307006836,40.0
64,17,-6.590649127960205,2.5638790130615234,3.0
64,18,-5.757565498352051,4.218127727508545,9.0
64,19,-7.821993827819824,2.658466100692749,7.0
64,20,-1.8069323301315308,1.2945111989974976,1.0
64,21,-17.35167694091797,2.2005615234375,20.0
64,22,-18.108354568481445,20.451557159423828,8373.0
64,23,-24.269283294677734,5.042753219604492,73.0
64,24,-28.486839294433594,17.265043258666992,1963.0
64,25,-34.241886138916016,300.9611511230469,793.0
64,26,-20.19683265686035,28.966463088989258,94.0
64,27,-9.058425903320312,4.525543212890625,5.0
64,28,-3.459371566772461,2.3746330738067627,2.0
64,29,-52.00453186035156,10.631722450256348,2325.0
64,30,-9.704401016235352,4.000194549560547,4.0
64,31,-7.570343971252441,12.471524238586426,4.0
64,32,-7.616985321044922,45.08243179321289,58.0
64,33,-5.362340450286865,3.8212788105010986,5.0
64,34,-30.406063079833984,44.735076904296875,326.0
64,35,-2.989041328430176,2.7083704471588135,3.0
64,36,-6.741638660430908,9.461328506469727,12.0
64,37,-7.648360252380371,12.8001070022583,9.0
64,38,-2.786874294281006,1.2614219188690186,1.0
64,39,-38.0149040222168,6.690878391265869,91.0
64,40,-14.308170318603516,2.320208787918091,20.0
64,41,-21.805644989013672,78.34552764892578,245.0
64,42,-23.557523727416992,10.546062469482422,76.0
64,43,-3.163867473602295,1.4851020574569702,3.0
64,44,-28.414241790771484,13.238285064697266,3287.0
64,45,-12.533904075622559,526.8690185546875,216.0
64,46,-24.77619171142578,9.510354042053223,12.0
64,47,-8.953112602233887,2.1087443828582764,5.0
64,48,-14.214755058288574,17.166349411010742,427.0
64,49,-13.918407440185547,7.303429126739502,27.0
64,50,-14.572092056274414,5.048652172088623,7.0
64,51,-10.265935897827148,30.629962921142578,14.0
64,52,-2.2152886390686035,1.739890456199646,2.0
64,53,-16.61336898803711,10.73316478729248,110.0
64,54,-35.57017517089844,8.104044914245605,91.0
64,55,-13.559288024902344,15.057219505310059,217.0
64,56,-10.026263236999512,12.26274585723877,96.0
64,57,-10.42325210571289,5.68146276473999,11.0
64,58,-21.961387634277344,8.990233421325684,165.0
64,59,-50.708770751953125,9.067794799804688,128.0
64,60,-28.39698028564453,10.659111022949219,53.0
64,61,-6.576517105102539,2.992431163787842,4.0
64,62,-28.85261344909668,9.202101707458496,151.0
64,63,-61.74024963378906,9.070332527160645,49.0
64,64,-32.21918487548828,11.922160148620605,194.0
64,65,-7.4922943115234375,42.357566833496094,6.0
64,66,-4.283173561096191,4.169201374053955,3.0
66,0,-7.803396701812744,2.6522929668426514,3.0
66,1,-9.172392845153809,2.147632598876953,5.0
66,2,-6.060304164886475,2.3768064975738525,8.0
66,3,-21.16459846496582,1158.4825439453125,2128.0
66,4,-16.041976928710938,7.427929401397705,22.0
66,5,-11.093757629394531,16.01361656188965,20.0
66,6,-10.658504486083984,8.429192543029785,10.0
66,7,-11.472528457641602,6.767204284667969,16.0
66,8,-33.26872253417969,15.99687671661377,61.0
66,9,-21.252120971679688,70.13516998291016,1049.0
66,10,-5.882796287536621,4.352276802062988,3.0
66,11,-6.453936576843262,3.635647773742676,2.0
66,12,-2.3841187953948975,1.219787359237671,1.0
66,13,-12.385940551757812,1.755927562713623,8.0
66,14,-1.9255096912384033,1.2721248865127563,1.0
66,15,-12.779584884643555,1.6672630310058594,10.0
66,16,-5.920884609222412,19.306509017944336,40.0
66,17,-6.61823034286499,2.574000835418701,3.0
66,18,-5.709123611450195,4.167352199554443,9.0
66,19,-7.864010810852051,2.6724653244018555,7.0
66,20,-1.785517692565918,1.2905571460723877,1.0
66,21,-17.27192497253418,2.192598819732666,20.0
66,22,-18.146940231323242,20.583507537841797,8626.0
66,23,-24.248056411743164,5.0356221199035645,75.0
66,24,-28.53160858154297,17.342514038085938,1944.0
66,25,-34.129051208496094,295.3541564941406,768.0
66,26,-20.082988739013672,28.422039031982422,92.0
66,27,-9.065607070922852,4.530962944030762,5.0
66,28,-3.4616026878356934,2.37595796585083,2.0
66,29,-51.822784423828125,10.544254302978516,2301.0
66,30,-9.734846115112305,4.0176310539245605,4.0
66,31,-7.5444440841674805,12.3643159866333,4.0
66,32,-7.572508811950684,44.090946197509766,56.0
66,33,-5.372418403625488,3.830918550491333,5.0
66,34,-30.326555252075195,44.29267883300781,316.0
66,35,-2.978369951248169,2.698753595352173,3.0
66,36,-6.756220817565918,9.507429122924805,13.0
66,37,-7.647095680236816,12.794713020324707,9.0
66,38,-2.716325044631958,1.2540276050567627,1.0
66,39,-37.93342590332031,6.663675785064697,92.0
66,40,-14.029943466186523,2.2825443744659424,18.0
66,41,-21.822086334228516,78.60356903076172,244.0
66,42,-23.501821517944336,10.487478256225586,77.0
66,43,-3.227363348007202,1.4969360828399658,3.0
66,44,-28.439735412597656,13.268999099731445,3251.0
66,45,-12.520270347595215,523.2896728515625,209.0
66,46,-24.6505126953125,9.402311325073242,12.0
66,47,-9.001091003417969,2.117192506790161,5.0
66,48,-14.15093994140625,16.94864845275879,421.0
66,49,-14.012033462524414,7.401769161224365,27.0
66,50,-14.530781745910645,5.025531768798828,7.0
66,51,-10.23736572265625,30.339645385742188,14.0
66,52,-2.207854986190796,1.7366600036621094,2.0
66,53,-16.641942977905273,10.777067184448242,105.0
66,54,-35.653560638427734,8.143893241882324,98.0
66,55,-13.550939559936523,15.032100677490234,215.0
66,56,-10.070467948913574,12.399014472961426,101.0
66,57,-10.502803802490234,5.757292747497559,11.0
66,58,-22.10215187072754,9.117677688598633,169.0
66,59,-50.75631332397461,9.086557388305664,132.0
66,60,-28.305904388427734,10.578519821166992,54.0
66,61,-6.648843765258789,3.028721332550049,4.0
66,62,-28.809837341308594,9.171870231628418,150.0
66,63,-61.747581481933594,9.072707176208496,48.0
66,64,-32.28889083862305,11.986258506774902,195.0
66,65,-7.47904109954834,42.07781219482422,6.0
66,66,-4.288997650146484,4.177303791046143,3.0
68,0,-7.854245185852051,2.6692049503326416,3.0
68,1,-9.205224990844727,2.1535165309906006,5.0
68,2,-6.045688152313232,2.3718488216400146,7.0
68,3,-21.104822158813477,1135.6275634765625,2090.0
68,4,-15.991341590881348,7.381063461303711,22.0
68,5,-11.119457244873047,16.11683464050293,20.0
68,6,-10.680922508239746,8.467069625854492,10.0
68,7,-11.442205429077148,6.733090877532959,18.0
68,8,-33.23993682861328,15.958550453186035,64.0
68,9,-21.28125762939453,70.54503631591797,1046.0
68,10,-5.929929733276367,4.40386438369751,3.0
68,11,-6.387853622436523,3.5879130363464355,2.0
68,12,-2.3851230144500732,1.219889521598816,1.0
68,13,-12.431278228759766,1.7595500946044922,8.0
68,14,-1.9328467845916748,1.2732923030853271,1.0
68,15,-12.612497329711914,1.65615713596344,10.0
68,16,-5.911367893218994,19.214859008789062,39.0
68,17,-6.673791885375977,2.594512939453125,3.0
68,18,-5.729457855224609,4.188591003417969,8.0
68,19,-7.904636383056641,2.6860711574554443,7.0
68,20,-1.8073081970214844,1.2945808172225952,1.0
68,21,-17.1588191986084,2.1813552379608154,20.0
68,22,-18.083166122436523,20.36587905883789,8486.0
68,23,-24.306787490844727,5.05537748336792,77.0
68,24,-28.586793899536133,17.438480377197266,1998.0
68,25,-34.13597106933594,295.6950378417969,773.0
68,26,-20.14928436279297,28.737821578979492,94.0
68,27,-9.187954902648926,4.624303817749023,6.0
68,28,-3.440767288208008,2.363614082336426,2.0
68,29,-51.86510467529297,10.564558029174805,2328.0
68,30,-9.7446928024292,4.02328634262085,4.0
68,31,-7.574641704559326,12.48940372467041,4.0
68,32,-7.5873703956604,44.419795989990234,57.0
68,33,-5.368311882019043,3.8269877433776855,5.0
68,34,-30.222030639648438,43.717735290527344,319.0
68,35,-2.9523134231567383,2.6754150390625,3.0
68,36,-6.754054069519043,9.500565528869629,13.0
68,37,-7.653349876403809,12.821413040161133,9.0
68,38,-2.708888530731201,1.2532507181167603,1.0
68,39,-37.58556365966797,6.548776149749756,91.0
68,40,-14.17807388305664,2.302520513534546,18.0
68,41,-21.853469848632812,79.09851837158203,247.0
68,42,-23.47016143798828,10.454328536987305,77.0
68,43,-3.310609817504883,1.512594223022461,3.0
68,44,-28.36141014099121,13.174853324890137,3334.0
68,45,-12.501235008239746,518.332763671875,205.0
68,46,-24.79495620727539,9.526591300964355,12.0
68,47,-9.01640510559082,2.119896173477173,5.0
68,48,-14.17534351348877,17.031570434570312,427.0
68,49,-13.960357666015625,7.347329139709473,26.0
68,50,-14.536066055297852,5.028483867645264,7.0
68,51,-10.245830535888672,30.425369262695312,14.0
68,52,-2.2288522720336914,1.745800256729126,2.0
68,53,-16.63124656677246,10.760611534118652,106.0
68,54,-35.562042236328125,8.100168228149414,92.0
68,55,-13.583991050720215,15.131797790527344,214.0
68,56,-10.061054229736328,12.369868278503418,100.0
68,57,-10.509292602539062,5.763522624969482,11.0
68,58,-22.045059204101562,9.065771102905273,168.0
68,59,-50.54874038696289,9.004921913146973,130.0
68,60,-28.38351821899414,10.647160530090332,55.0
68,61,-6.637528419494629,3.023015022277832,4.0
68,62,-28.768491744995117,9.14274787902832,149.0
68,63,-61.656185150146484,9.04314136505127,48.0
68,64,-32.2979736328125,11.994633674621582,192.0
68,65,-7.48966121673584,42.301841735839844,6.0
68,66,-4.3192949295043945,4.2197041511535645,3.0
70,0,-7.8710432052612305,2.6748154163360596,3.0
70,1,-9.374238967895508,2.1840622425079346,5.0
70,2,-6.09832763671875,2.389752149581909,8.0
70,3,-21.09375762939453,1131.4466552734375,2075.0
70,4,-16.001951217651367,7.3908586502075195,22.0
70,5,-11.093547821044922,16.01277732849121,20.0
70,6,-10.710041999816895,8.516524314880371,9.0
70,7,-11.4352445602417,6.725284099578857,17.0
70,8,-33.198760986328125,15.903884887695312,62.0
70,9,-21.272132873535156,70.41641998291016,1062.0
70,10,-6.054225921630859,4.542858600616455,3.0
70,11,-6.319672584533691,3.5393195152282715,2.0
70,12,-2.4004764556884766,1.2214512825012207,1.0
70,13,-12.374937057495117,1.7550495862960815,8.0
70,14,-1.9300098419189453,1.2728407382965088,1.0
70,15,-12.772555351257324,1.6667943000793457,10.0
70,16,-5.900023460388184,19.106178283691406,41.0
70,17,-6.7670488357543945,2.62930965423584,3.0
70,18,-5.760244369506836,4.220953464508057,10.0
70,19,-7.9068603515625,2.6868181228637695,7.0
70,20,-1.806243896484375,1.2943840026855469,1.0
70,21,-17.214553833007812,2.1868884563446045,19.0
70,22,-18.082836151123047,20.364761352539062,8724.0
70,23,-24.263866424560547,5.040932655334473,74.0
70,24,-28.61248779296875,17.48334503173828,2060.0
70,25,-34.1531982421875,296.54522705078125,769.0
70,26,-20.10634422302246,28.532886505126953,93.0
70,27,-9.145044326782227,4.591350078582764,5.0
70,28,-3.4443655014038086,2.36574125289917,2.0
70,29,-51.94329071044922,10.60216999053955,2357.0
70,30,-9.843473434448242,4.080463409423828,4.0
70,31,-7.573436260223389,12.48438549041748,4.0
70,32,-7.588994979858398,44.45589065551758,59.0
70,33,-5.368238925933838,3.826917886734009,5.0
70,34,-30.149188995361328,43.32147979736328,307.0
70,35,-2.9619181156158447,2.6839942932128906,3.0
70,36,-6.786767482757568,9.604731559753418,14.0
70,37,-7.6433868408203125,12.778902053833008,9.0
70,38,-2.688035488128662,1.2510747909545898,1.0
70,39,-37.66501998901367,6.574845314025879,92.0
70,40,-14.28398323059082,2.3169097900390625,18.0
70,41,-21.792678833007812,78.14263153076172,238.0
70,42,-23.46812629699707,10.452202796936035,79.0
70,43,-3.360250949859619,1.5220093727111816,3.0
70,44,-28.37761688232422,13.194280624389648,3308.0
70,45,-12.47654914855957,511.9743957519531,199.0
70,46,-24.634525299072266,9.388655662536621,12.0
70,47,-9.02911376953125,2.1221425533294678,5.0
70,48,-14.156028747558594,16.96590805053711,418.0
70,49,-13.985455513000488,7.373718738555908,27.0
70,50,-14.60197639465332,5.065443992614746,7.0
70,51,-10.241140365600586,30.377840042114258,15.0
70,52,-2.20205020904541,1.7341415882110596,2.0
70,53,-16.62590980529785,10.752410888671875,101.0
70,54,-35.67878723144531,8.155986785888672,96.0
70,55,-13.656559944152832,15.353017807006836,222.0
70,56,-10.103097915649414,12.50057315826416,101.0
70,57,-10.530637741088867,5.78406286239624,11.0
70,58,-22.060375213623047,9.079667091369629,165.0
70,59,-50.546966552734375,9.004228591918945,130.0
70,60,-28.42867660522461,10.68730354309082,54.0
70,61,-6.599798202514648,3.0040650367736816,4.0
70,62,-28.860755920410156,9.207866668701172,145.0
70,63,-61.92162322998047,9.129277229309082,48.0
70,64,-32.34562683105469,12.038683891296387,198.0
70,65,-7.469195365905762,41.87117385864258,6.0
70,66,-4.3444414138793945,4.255223274230957,3.0
72,0,-8.030792236328125,2.728764772415161,4.0
72,1,-9.34707260131836,2.1791234016418457,5.0
72,2,-6.104015827178955,2.3916947841644287,8.0
72,3,-21.029666900634766,1107.53173828125,2061.0
72,4,-16.03268051147461,7.419302940368652,22.0
72,5,-11.106634140014648,16.065250396728516,19.0
72,6,-10.733882904052734,8.557230949401855,9.0
72,7,-11.42922306060791,6.7185378074646,18.0
72,8,-33.292213439941406,16.028223037719727,63.0
72,9,-21.29641342163086,70.75920104980469,1058.0
72,10,-6.054426670074463,4.543086528778076,3.0
72,11,-6.395073890686035,3.5930981636047363,2.0
72,12,-2.473072052001953,1.228863000869751,1.0
72,13,-12.399480819702148,1.7570087909698486,8.0
72,14,-1.9480456113815308,1.275713562965393,1.0
72,15,-12.582784652709961,1.6541898250579834,10.0
72,16,-5.8837971687316895,18.951793670654297,40.0
72,17,-6.738375186920166,2.618561267852783,3.0
72,18,-5.741052627563477,4.200750350952148,8.0
72,19,-7.918039321899414,2.690575122833252,7.0
72,20,-1.8184195756912231,1.2966372966766357,1.0
72,21,-17.179630279541016,2.183419704437256,19.0
72,22,-18.040752410888672,20.222423553466797,8588.0
72,23,-24.386686325073242,5.082376956939697,78.0
72,24,-28.659183502197266,17.565176010131836,2124.0
72,25,-34.1351318359375,295.6535949707031,787.0
72,26,-20.063419342041016,28.329490661621094,93.0
72,27,-9.20890998840332,4.640481948852539,5.0
72,28,-3.431408405303955,2.358090400695801,2.0
72,29,-51.794593811035156,10.530753135681152,2349.0
72,30,-9.871891021728516,4.097062110900879,4.0
72,31,-7.594297409057617,12.571500778198242,4.0
72,32,-7.590043067932129,44.479190826416016,59.0
72,33,-5.418237686157227,3.8750534057617188,5.0
72,34,-30.23104476928711,43.76702117919922,321.0
72,35,-2.945788621902466,2.669602394104004,3.0
72,36,-6.791065216064453,9.618500709533691,14.0
72,37,-7.650909423828125,12.810988426208496,9.0
72,38,-2.6729769706726074,1.2495057582855225,1.0
72,39,-37.683006286621094,6.580760478973389,92.0
72,40,-13.93906307220459,2.2703745365142822,18.0
72,41,-21.8300838470459,78.72941589355469,250.0
72,42,-23.542648315429688,10.530384063720703,77.0
72,43,-3.30256724357605,1.5110743045806885,3.0
72,44,-28.395469665527344,13.21571159362793,3294.0
72,45,-12.460395812988281,507.8559875488281,192.0
72,46,-24.76150131225586,9.497660636901855,12.0
72,47,-8.983233451843262,2.114044189453125,5.0
72,48,-14.12998104095459,16.877750396728516,423.0
72,49,-13.87834644317627,7.261751174926758,26.0
72,50,-14.539650917053223,5.030487060546875,7.0
72,51,-10.231954574584961,30.28496551513672,14.0
72,52,-2.197622537612915,1.7322231531143188,2.0
72,53,-16.68671989440918,10.846226692199707,101.0
72,54,-35.586395263671875,8.11177921295166,98.0
72,55,-13.568471908569336,15.084901809692383,212.0
72,56,-10.115333557128906,12.53886890411377,104.0
72,57,-10.531610488891602,5.785000801086426,11.0
72,58,-21.96587371826172,8.994266510009766,165.0
72,59,-50.60588836669922,9.027324676513672,129.0
72,60,-28.53331756591797,10.780904769897461,54.0
72,61,-6.605650424957275,3.0069966316223145,4.0
72,62,-28.805980682373047,9.169150352478027,143.0
72,63,-61.82912063598633,9.099166870117188,48.0
72,64,-32.29292297363281,11.98997688293457,196.0
72,65,-7.512515068054199,42.78799057006836,6.0
72,66,-4.393946647644043,4.326024055480957,3.0
74,0,-8.142007827758789,2.766964912414551,4.0
74,1,-9.28703498840332,2.168248414993286,5.0
74,2,-6.140897750854492,2.404329776763916,8.0
74,3,-21.002077102661133,1097.3927001953125,2051.0
74,4,-15.93441390991211,7.328726291656494,22.0
74,5,-11.075065612792969,15.938959121704102,19.0
74,6,-10.743278503417969,8.573325157165527,10.0
74,7,-11.427701950073242,6.71683406829834,18.0
74,8,-33.235748291015625,15.952980995178223,65.0
74,9,-21.297285079956055,70.77155303955078,1040.0
74,10,-6.01474142074585,4.498236179351807,3.0
74,11,-6.388179779052734,3.588146924972534,2.0
74,12,-2.3715460300445557,1.2185100317001343,1.0
74,13,-12.252861022949219,1.745337963104248,8.0
74,14,-1.9124233722686768,1.2700457572937012,1.0
74,15,-12.510648727416992,1.6494237184524536,10.0
74,16,-5.8466362953186035,18.60291290283203,39.0
74,17,-6.7033562660217285,2.605494260787964,3.0
74,18,-5.776517868041992,4.238161087036133,10.0
74,19,-7.838895797729492,2.664088487625122,7.0
74,20,-1.7793394327163696,1.2894185781478882,1.0
74,21,-17.22687339782715,2.1881134510040283,19.0
74,22,-18.042682647705078,20.22892951965332,8391.0
74,23,-23.985408782958984,4.948216915130615,73.0
74,24,-28.527376174926758,17.335174560546875,2072.0
74,25,-34.21961212158203,299.8458557128906,771.0
74,26,-19.941648483276367,27.760334014892578,89.0
74,27,-9.221697807312012,4.650382995605469,5.0
74,28,-3.406008005142212,2.3431637287139893,2.0
74,29,-51.6278076171875,10.451217651367188,2356.0
74,30,-9.872356414794922,4.097334384918213,4.0
74,31,-7.62952184677124,12.71998119354248,4.0
74,32,-7.569847583770752,44.03231430053711,56.0
74,33,-5.445666790008545,3.901716947555542,5.0
74,34,-30.322898864746094,44.27244186401367,331.0
74,35,-2.948359489440918,2.6718909740448,3.0
74,36,-6.787809371948242,9.60806655883789,14.0
74,37,-7.712599277496338,13.077149391174316,9.0
74,38,-2.580706834793091,1.2399349212646484,1.0
74,39,-37.608089447021484,6.556156158447266,89.0
74,40,-13.791969299316406,2.250814914703369,16.0
74,41,-21.73345184326172,77.22244262695312,243.0
74,42,-23.507461547851562,10.493395805358887,77.0
74,43,-3.371851921081543,1.524217963218689,3.0
74,44,-28.335193634033203,13.143492698669434,3192.0
74,45,-12.504432678222656,519.1621704101562,196.0
74,46,-24.611644744873047,9.369148254394531,12.0
74,47,-8.900859832763672,2.0995819568634033,5.0
74,48,-14.18775749206543,17.073909759521484,423.0
74,49,-13.826641082763672,7.208309173583984,26.0
74,50,-14.509757041931152,5.013805866241455,7.0
74,51,-10.32241153717041,31.212034225463867,14.0
74,52,-2.200537919998169,1.7334861755371094,2.0
74,53,-16.715303421020508,10.890605926513672,101.0
74,54,-35.53809356689453,8.088764190673828,98.0
74,55,-13.578104019165039,15.11398983001709,224.0
74,56,-10.211731910705566,12.844721794128418,111.0
74,57,-10.494592666625977,5.749419212341309,11.0
74,58,-21.82966423034668,8.872587203979492,168.0
74,59,-50.669677734375,9.05239486694336,127.0
74,60,-28.510753631591797,10.760652542114258,54.0
74,61,-6.565007209777832,2.986696243286133,4.0
74,62,-28.83939552307129,9.1927490234375,146.0
74,63,-61.82106018066406,9.096548080444336,47.0
74,64,-32.36552429199219,12.057124137878418,203.0
74,65,-7.5402326583862305,43.385108947753906,6.0
74,66,-4.3696489334106445,4.291128158569336,4.0
76,0,-8.355207443237305,2.841695785522461,4.0
76,1,-9.296041488647461,2.1698763370513916,5.0
76,2,-6.119329929351807,2.39693284034729,8.0
76,3,-21.14413070678711,1150.605712890625,2093.0
76,4,-15.935989379882812,7.330170154571533,22.0
76,5,-11.142086029052734,16.208269119262695,18.0
76,6,-10.687232971191406,8.477763175964355,10.0
76,7,-11.426856994628906,6.715888500213623,18.0
76,8,-33.290924072265625,16.026500701904297,69.0
76,9,-21.159652709960938,68.85003662109375,1001.0
76,10,-6.16127347946167,4.666075229644775,3.0
76,11,-6.324464797973633,3.5427134037017822,2.0
76,12,-2.3542065620422363,1.2167506217956543,1.0
76,13,-12.041511535644531,1.7286511659622192,8.0
76,14,-1.9333949089050293,1.2733794450759888,1.0
76,15,-12.34060287475586,1.6382426023483276,10.0
76,16,-5.874703407287598,18.86581802368164,38.0
76,17,-6.551605701446533,2.5496182441711426,3.0
76,18,-5.738417148590088,4.197983264923096,9.0
76,19,-7.745815753936768,2.6332714557647705,7.0
76,20,-1.6784554719924927,1.2709686756134033,1.0
76,21,-17.082487106323242,2.173799753189087,19.0
76,22,-17.9254207611084,19.837419509887695,8407.0
76,23,-23.499958038330078,4.790639400482178,68.0
76,24,-28.505189895629883,17.296756744384766,1991.0
76,25,-34.30730438232422,304.26043701171875,772.0
76,26,-19.977691650390625,27.927597045898438,87.0
76,27,-9.185730934143066,4.622590065002441,6.0
76,28,-3.389667510986328,2.333611011505127,2.0
76,29,-51.189876556396484,10.245232582092285,2294.0
76,30,-9.848487854003906,4.08338737487793,4.0
76,31,-7.636224746704102,12.748432159423828,4.0
76,32,-7.568328857421875,43.9988899230957,55.0
76,33,-5.443436622619629,3.8995423316955566,5.0
76,34,-30.372344970703125,44.54692459106445,347.0
76,35,-2.923729419708252,2.6500444412231445,3.0
76,36,-6.771005630493164,9.554401397705078,14.0
76,37,-7.7763190269470215,13.357877731323242,9.0
76,38,-2.3918564319610596,1.220574140548706,1.0
76,39,-37.2620964050293,6.44371223449707,83.0
76,40,-12.969322204589844,2.144489049911499,9.0
76,41,-21.615482330322266,75.42179107666016,234.0
76,42,-23.410104751586914,10.391732215881348,77.0
76,43,-3.3294901847839355,1.5161683559417725,3.0
76,44,-28.390060424804688,13.209212303161621,3185.0
76,45,-12.668846130371094,563.6441040039062,206.0
76,46,-24.623647689819336,9.379377365112305,12.0
76,47,-8.991669654846191,2.1155307292938232,5.0
76,48,-14.295307159423828,17.445144653320312,430.0
76,49,-13.729181289672852,7.108644485473633,26.0
76,50,-14.386666297912598,4.945699691772461,7.0
76,51,-10.304422378540039,31.025440216064453,14.0
76,52,-2.2008259296417236,1.733610987663269,2.0
76,53,-16.618776321411133,10.741459846496582,98.0
76,54,-35.50974655151367,8.075288772583008,91.0
76,55,-13.571569442749023,15.09425163269043,223.0
76,56,-10.217689514160156,12.863866806030273,113.0
76,57,-10.602131843566895,5.853395938873291,11.0
76,58,-21.396198272705078,8.496207237243652,164.0
76,59,-50.99468231201172,9.181219100952148,128.0
76,60,-28.541837692260742,10.78856086730957,54.0
76,61,-6.4633026123046875,2.9364962577819824,4.0
76,62,-28.737548828125,9.121010780334473,143.0
76,63,-61.78943634033203,9.086280822753906,48.0
76,64,-32.392234802246094,12.081924438476562,202.0
76,65,-7.58904504776001,44.457000732421875,6.0
76,66,-4.292715549468994,4.182483673095703,4.0
78,0,-8.370818138122559,2.8472461700439453,4.0
78,1,-9.225616455078125,2.157179117202759,5.0
78,2,-6.115890979766846,2.3957557678222656,8.0
78,3,-21.019819259643555,1103.902099609375,2032.0
78,4,-15.916849136352539,7.312653541564941,22.0
78,5,-11.259054183959961,16.68922996520996,20.0
78,6,-10.647880554199219,8.411300659179688,11.0
78,7,-11.457059860229492,6.749780654907227,19.0
78,8,-33.39445495605469,16.165369033813477,68.0
78,9,-21.203018188476562,69.44975280761719,1023.0
78,10,-6.201886177062988,4.7136921882629395,3.0
78,11,-6.220182418823242,3.469589948654175,2.0
78,12,-2.2930898666381836,1.2105693817138672,1.0
78,13,-11.73752498626709,1.7049297094345093,8.0
78,14,-1.8871009349822998,1.2660319805145264,1.0
78,15,-12.354406356811523,1.639147400856018,10.0
78,16,-5.881657600402832,18.931529998779297,37.0
78,17,-6.353575229644775,2.4785003662109375,2.0
78,18,-5.70297384262085,4.160950183868408,9.0
78,19,-7.731739044189453,2.6286420822143555,7.0
78,20,-1.6302200555801392,1.2622407674789429,1.0
78,21,-17.011987686157227,2.1668448448181152,19.0
78,22,-17.929054260253906,19.849437713623047,8354.0
78,23,-22.8355770111084,4.58308219909668,59.0
78,24,-28.43831443786621,17.18147087097168,1956.0
78,25,-34.4248161315918,310.2781677246094,785.0
78,26,-20.059263229370117,28.30986785888672,88.0
78,27,-9.256375312805176,4.677338123321533,6.0
78,28,-3.4208030700683594,2.35184645652771,2.0
78,29,-50.730682373046875,10.033607482910156,2224.0
78,30,-9.850826263427734,4.084751605987549,4.0
78,31,-7.614808082580566,12.657745361328125,4.0
78,32,-7.539605140686035,43.371498107910156,53.0
78,33,-5.442419052124023,3.898550271987915,5.0
78,34,-30.631134033203125,46.01152038574219,391.0
78,35,-2.886345148086548,2.6172263622283936,3.0
78,36,-6.712535381317139,9.369988441467285,14.0
78,37,-7.807528495788574,13.497568130493164,10.0
78,38,-2.226500988006592,1.2038705348968506,1.0
78,39,-37.184837341308594,6.418868541717529,80.0
78,40,-12.310251235961914,2.0629405975341797,5.0
78,41,-21.550554275512695,74.4487533569336,231.0
78,42,-23.251747131347656,10.228468894958496,78.0
78,43,-3.304123878479004,1.5113683938980103,3.0
78,44,-28.389171600341797,13.208145141601562,3199.0
78,45,-12.802804946899414,602.689697265625,213.0
78,46,-24.521038055419922,9.292292594909668,12.0
78,47,-8.991128921508789,2.1154356002807617,5.0
78,48,-14.434309005737305,17.936931610107422,443.0
78,49,-13.726812362670898,7.106239318847656,28.0
78,50,-14.290042877197266,4.892887115478516,7.0
78,51,-10.295629501342773,30.934633255004883,13.0
78,52,-2.1716525554656982,1.7210131883621216,2.0
78,53,-16.63198471069336,10.761746406555176,99.0
78,54,-35.612945556640625,8.124459266662598,93.0
78,55,-13.530860900878906,14.971857070922852,221.0
78,56,-10.35186767578125,13.302698135375977,115.0
78,57,-10.716598510742188,5.9661383628845215,12.0
78,58,-21.17755126953125,8.312456130981445,178.0
78,59,-51.38465881347656,9.338218688964844,124.0
78,60,-28.508453369140625,10.758590698242188,52.0
78,61,-6.4238152503967285,2.917233943939209,5.0
78,62,-28.611242294311523,9.032821655273438,144.0
78,63,-61.708740234375,9.060131072998047,49.0
78,64,-32.46753692626953,12.15211009979248,214.0
78,65,-7.690860271453857,46.77880096435547,6.0
78,66,-4.226497173309326,4.0911760330200195,4.0
80,0,-8.381845474243164,2.8511736392974854,3.0
80,1,-9.378586769104004,2.1848537921905518,5.0
80,2,-6.1382341384887695,2.4034149646759033,8.0
80,3,-21.012998580932617,1101.395263671875,1970.0
80,4,-15.894742965698242,7.292474269866943,22.0
80,5,-11.267586708068848,16.72486686706543,19.0
80,6,-10.577705383300781,8.294071197509766,11.0
80,7,-11.47410774230957,6.768985748291016,19.0
80,8,-33.642417907714844,16.502878189086914,69.0
80,9,-21.21185874938965,69.5726547241211,1009.0
80,10,-6.293884754180908,4.823361873626709,3.0
80,11,-6.312440872192383,3.5342040061950684,2.0
80,12,-2.2150654792785645,1.2027238607406616,1.0
80,13,-11.587221145629883,1.6933212280273438,8.0
80,14,-1.9572293758392334,1.2771788835525513,1.0
80,15,-12.451592445373535,1.6455320119857788,10.0
80,16,-5.941884994506836,19.510299682617188,39.0
80,17,-6.132601261138916,2.4014816284179688,2.0
80,18,-5.681899070739746,4.139084815979004,9.0
80,19,-7.67546272277832,2.610215663909912,7.0
80,20,-1.5486888885498047,1.247624397277832,1.0
80,21,-16.99317169189453,2.164992570877075,19.0
80,22,-17.802515029907227,19.435199737548828,8278.0
80,23,-22.351072311401367,4.437412738800049,53.0
80,24,-28.34408187866211,17.020326614379883,1787.0
80,25,-34.47077560424805,312.66400146484375,772.0
80,26,-20.24612808227539,29.20543098449707,87.0
80,27,-9.143531799316406,4.590192794799805,6.0
80,28,-3.3535730838775635,2.312648296356201,2.0
80,29,-50.67964172363281,10.010354995727539,2267.0
80,30,-9.890874862670898,4.108188152313232,4.0
80,31,-7.5958404541015625,12.577970504760742,4.0
80,32,-7.532848358154297,43.225223541259766,51.0
80,33,-5.415700912475586,3.8725967407226562,5.0
80,34,-30.6315975189209,46.01418685913086,387.0
80,35,-2.830106735229492,2.568620443344116,3.0
80,36,-6.704113960266113,9.343722343444824,14.0
80,37,-7.8588995933532715,13.73068618774414,10.0
80,38,-2.1318185329437256,1.1944090127944946,1.0
80,39,-37.07708740234375,6.384380340576172,77.0
80,40,-11.736754417419434,1.9945077896118164,5.0
80,41,-21.45089340209961,72.9795150756836,227.0
80,42,-23.152698516845703,10.127656936645508,76.0
80,43,-3.397162675857544,1.5290480852127075,3.0
80,44,-28.519306182861328,13.36533260345459,3176.0
80,45,-12.89457893371582,630.9896850585938,219.0
80,46,-24.395580291748047,9.186914443969727,11.0
80,47,-8.878990173339844,2.095759153366089,5.0
80,48,-14.463747024536133,18.0428466796875,436.0
80,49,-13.489412307739258,6.8692779541015625,26.0
80,50,-14.124456405639648,4.8036885261535645,7.0
80,51,-10.233121871948242,30.296751022338867,13.0
80,52,-2.1605517864227295,1.7162436246871948,2.0
80,53,-16.450822830200195,10.486801147460938,99.0
80,54,-35.511207580566406,8.075983047485352,94.0
80,55,-13.567270278930664,15.081275939941406,220.0
80,56,-10.42645263671875,13.553071022033691,124.0
80,57,-10.685447692871094,5.935243129730225,11.0
80,58,-20.89801788330078,8.08331298828125,178.0
80,59,-51.64046859741211,9.44266128540039,126.0
80,60,-28.522884368896484,10.771535873413086,52.0
80,61,-6.3341827392578125,2.8739778995513916,5.0
80,62,-28.397687911987305,8.885648727416992,139.0
80,63,-61.91930389404297,9.128520011901855,51.0
80,64,-32.55847930908203,12.237420082092285,216.0
80,65,-7.694112777709961,46.85493850708008,6.0
80,66,-4.170263290405273,4.015202522277832,4.0
82,0,-8.382034301757812,2.851240873336792,3.0
82,1,-9.327203750610352,2.175518274307251,5.0
82,2,-6.171398162841797,2.4148285388946533,8.0
82,3,-20.935209274291992,1073.203125,1944.0
82,4,-15.836556434631348,7.239626407623291,22.0
82,5,-11.382050514221191,17.210378646850586,20.0
82,6,-10.555828094482422,8.257861137390137,10.0
82,7,-11.545047760009766,6.849493503570557,20.0
82,8,-33.6536750793457,16.518367767333984,72.0
82,9,-21.186641693115234,69.2226791381836,1010.0
82,10,-6.325793266296387,4.861992359161377,3.0
82,11,-6.367937088012695,3.5736501216888428,2.0
82,12,-2.1881067752838135,1.2000247240066528,1.0
82,13,-11.453418731689453,1.683053970336914,8.0
82,14,-2.0055153369903564,1.2849109172821045,1.0
82,15,-12.780482292175293,1.6673228740692139,10.0
82,16,-6.0839715003967285,20.946796417236328,43.0
82,17,-6.0200605392456055,2.3631811141967773,2.0
82,18,-5.662426948547363,4.118984699249268,9.0
82,19,-7.691766738891602,2.6155407428741455,7.0
82,20,-1.5352368354797363,1.2452291250228882,1.0
82,21,-16.966943740844727,2.1624131202697754,19.0
82,22,-17.88504409790039,19.704374313354492,8415.0
82,23,-22.21900749206543,4.398515701293945,53.0
82,24,-28.417709350585938,17.146102905273438,1770.0
82,25,-34.45173645019531,311.67352294921875,769.0
82,26,-20.28912925720215,29.415491104125977,84.0
82,27,-9.230012893676758,4.656832695007324,6.0
82,28,-3.3590779304504395,2.31583309173584,2.0
82,29,-50.609161376953125,9.978337287902832,2274.0
82,30,-9.986363410949707,4.164612770080566,4.0
82,31,-7.5703887939453125,12.471712112426758,4.0
82,32,-7.494766712188721,42.40996170043945,50.0
82,33,-5.457087993621826,3.9128732681274414,6.0
82,34,-30.61104965209961,45.896148681640625,402.0
82,35,-2.853947401046753,2.589114189147949,3.0
82,36,-6.717261791229248,9.384761810302734,14.0
82,37,-7.975240707397461,14.273629188537598,11.0
82,38,-2.149261474609375,1.1961464881896973,1.0
82,39,-36.9372673034668,6.339902877807617,76.0
82,40,-11.51141357421875,1.9682443141937256,5.0
82,41,-21.38166618347168,71.97604370117188,229.0
82,42,-23.217453002929688,10.193449974060059,77.0
82,43,-3.5136032104492188,1.5514661073684692,3.0
82,44,-28.550146102905273,13.402856826782227,3183.0
82,45,-12.984102249145508,659.87548828125,230.0
82,46,-24.288166046142578,9.097640991210938,11.0
82,47,-9.018342971801758,2.1202385425567627,5.0
82,48,-14.560469627380371,18.395275115966797,446.0
82,49,-13.368167877197266,6.751321792602539,29.0
82,50,-14.030906677246094,4.754015922546387,7.0
82,51,-10.237112998962402,30.337085723876953,13.0
82,52,-2.1294219493865967,1.7029387950897217,2.0
82,53,-16.464723587036133,10.507649421691895,103.0
82,54,-35.561866760253906,8.100085258483887,95.0
82,55,-13.599213600158691,15.177933692932129,216.0
82,56,-10.389972686767578,13.430028915405273,119.0
82,57,-10.626508712768555,5.877225875854492,11.0
82,58,-20.93977165222168,8.117134094238281,180.0
82,59,-51.71611785888672,9.473769187927246,124.0
82,60,-28.437625885009766,10.695277214050293,48.0
82,61,-6.249258995056152,2.8335862159729004,4.0
82,62,-28.463459014892578,8.930717468261719,133.0
82,63,-61.54713439941406,9.007990837097168,50.0
82,64,-32.4273796081543,12.114630699157715,212.0
82,65,-7.714354515075684,47.3315544128418,6.0
82,66,-4.128251075744629,3.959365129470825,4.0
84,0,-8.320777893066406,2.8294920921325684,2.0
84,1,-9.335332870483398,2.176992654800415,5.0
84,2,-6.191288948059082,2.4217002391815186,9.0
84,3,-20.895957946777344,1059.2529296875,1905.0
84,4,-15.824064254760742,7.228330135345459,22.0
84,5,-11.475000381469727,17.614986419677734,21.0
84,6,-10.565404891967773,8.273693084716797,9.0
84,7,-11.604022026062012,6.917149543762207,19.0
84,8,-33.518348693847656,16.333133697509766,70.0
84,9,-21.211273193359375,69.56452178955078,1010.0
84,10,-6.338642120361328,4.8776350021362305,3.0
84,11,-6.468153476715088,3.6460001468658447,2.0
84,12,-2.1666457653045654,1.197880506515503,1.0
84,13,-11.330244064331055,1.673656940460205,8.0
84,14,-2.0945467948913574,1.299290418624878,1.0
84,15,-12.995882034301758,1.6817505359649658,10.0
84,16,-6.17529296875,21.9254150390625,46.0
84,17,-5.945736885070801,2.3382222652435303,2.0
84,18,-5.625734329223633,4.08137321472168,9.0
84,19,-7.666014671325684,2.6071348190307617,7.0
84,20,-1.5141782760620117,1.2414886951446533,1.0
84,21,-17.119976043701172,2.177507162094116,19.0
84,22,-17.799152374267578,19.42430877685547,8041.0
84,23,-22.14441680908203,4.376697063446045,50.0
84,24,-28.561237335205078,17.393972396850586,1796.0
84,25,-34.481346130371094,313.2153625488281,811.0
84,26,-20.19344139099121,28.95009994506836,82.0
84,27,-9.176161766052246,4.6152238845825195,6.0
84,28,-3.3759450912475586,2.3256189823150635,2.0
84,29,-50.941097259521484,10.130030632019043,2302.0
84,30,-9.933972358703613,4.133559703826904,4.0
84,31,-7.59307861328125,12.566393852233887,4.0
84,32,-7.434959411621094,41.160526275634766,50.0
84,33,-5.4404754638671875,3.8966562747955322,5.0
84,34,-30.62604522705078,45.982261657714844,405.0
84,35,-2.812645196914673,2.553713083267212,3.0
84,36,-6.731886863708496,9.430624008178711,14.0
84,37,-7.9639387130737305,14.219953536987305,12.0
84,38,-2.1521873474121094,1.196438193321228,1.0
84,39,-36.944854736328125,6.342308044433594,80.0
84,40,-11.620803833007812,1.9809503555297852,5.0
84,41,-21.395336151123047,72.1730728149414,229.0
84,42,-23.304903030395508,10.282981872558594,77.0
84,43,-3.3150620460510254,1.5134363174438477,3.0
84,44,-28.594482421875,13.456988334655762,3204.0
84,45,-13.045388221740723,680.4089965820312,239.0
84,46,-24.151309967041016,8.985153198242188,11.0
84,47,-9.014724731445312,2.1195993423461914,5.0
84,48,-14.5935697555542,18.517459869384766,444.0
84,49,-13.438301086425781,6.819302558898926,26.0
84,50,-13.925692558288574,4.6987624168396,7.0
84,51,-10.188885688781738,29.85329818725586,13.0
84,52,-2.1580417156219482,1.7151669263839722,2.0
84,53,-16.51630401611328,10.58536148071289,108.0
84,54,-35.576934814453125,8.107266426086426,94.0
84,55,-13.663949012756348,15.375722885131836,218.0
84,56,-10.465402603149414,13.685688972473145,124.0
84,57,-10.618202209472656,5.869095325469971,11.0
84,58,-21.167072296142578,8.303750991821289,182.0
84,59,-51.75063705444336,9.487998008728027,125.0
84,60,-28.408517837524414,10.669364929199219,44.0
84,61,-6.254239559173584,2.835939407348633,4.0
84,62,-28.372711181640625,8.868595123291016,138.0
84,63,-61.24129867553711,8.910134315490723,49.0
84,64,-32.39669418334961,12.08607006072998,214.0
84,65,-7.576049327850342,44.1690673828125,6.0
84,66,-4.101785659790039,3.9245901107788086,4.0
86,0,-7.91152811050415,2.6883862018585205,2.0
86,1,-9.313579559326172,2.1730499267578125,5.0
86,2,-6.185732841491699,2.419778823852539,9.0
86,3,-20.966106414794922,1084.3134765625,1952.0
86,4,-15.849315643310547,7.2511820793151855,22.0
86,5,-11.487258911132812,17.66905403137207,20.0
86,6,-10.55936050415039,8.26369857788086,9.0
86,7,-11.620916366577148,6.9366536140441895,19.0
86,8,-33.478981018066406,16.279638290405273,71.0
86,9,-21.208322525024414,69.52347564697266,993.0
86,10,-6.297215938568115,4.827380180358887,3.0
86,11,-6.590362071990967,3.7362124919891357,2.0
86,12,-2.2507572174072266,1.2063063383102417,1.0
86,13,-11.367551803588867,1.6764975786209106,8.0
86,14,-2.186893939971924,1.314375638961792,1.0
86,15,-13.335857391357422,1.7047770023345947,10.0
86,16,-6.277615070343018,23.076332092285156,48.0
86,17,-6.013287544250488,2.3608956336975098,2.0
86,18,-5.588015079498291,4.043067932128906,9.0
86,19,-7.642385959625244,2.5994455814361572,7.0
86,20,-1.5081795454025269,1.2404252290725708,1.0
86,21,-17.099851608276367,2.175516128540039,20.0
86,22,-17.861385345458984,19.6268310546875,8027.0
86,23,-22.248159408569336,4.407073020935059,52.0
86,24,-28.621522903442383,17.4991512298584,1760.0
86,25,-34.39183044433594,308.57708740234375,766.0
86,26,-20.236543655395508,29.158815383911133,83.0
86,27,-9.188240051269531,4.624523639678955,6.0
86,28,-3.354280948638916,2.3130576610565186,2.0
86,29,-51.208805084228516,10.25405216217041,2298.0
86,30,-9.917057991027832,4.1235833168029785,4.0
86,31,-7.6185503005981445,12.673544883728027,4.0
86,32,-7.433470249176025,41.12989044189453,49.0
86,33,-5.427143096923828,3.883690118789673,5.0
86,34,-30.737138748168945,46.6252555847168,425.0
86,35,-2.845259666442871,2.581627368927002,3.0
86,36,-6.69265604019165,9.308101654052734,13.0
86,37,-7.9985809326171875,14.385111808776855,12.0
86,38,-2.220341205596924,1.2032526731491089,1.0
86,39,-36.876182556152344,6.320568561553955,77.0
86,40,-11.700860023498535,1.9903008937835693,5.0
86,41,-21.481382369995117,73.42588806152344,233.0
86,42,-23.45299530029297,10.43639850616455,82.0
86,43,-3.2533981800079346,1.5018155574798584,3.0
86,44,-28.59697723388672,13.460040092468262,3248.0
86,45,-12.993617057800293,663.022216796875,233.0
86,46,-24.110355377197266,8.951762199401855,11.0
86,47,-9.036140441894531,2.123385429382324,5.0
86,48,-14.549129486083984,18.353601455688477,427.0
86,49,-13.300642013549805,6.686508655548096,25.0
86,50,-13.910693168640137,4.6909379959106445,7.0
86,51,-10.218174934387207,30.146183013916016,13.0
86,52,-2.1513187885284424,1.7122867107391357,2.0
86,53,-16.406091690063477,10.420002937316895,106.0
86,54,-35.689701080322266,8.161223411560059,91.0
86,55,-13.713129043579102,15.527702331542969,222.0
86,56,-10.406078338623047,13.484212875366211,118.0
86,57,-10.541059494018555,5.794117450714111,12.0
86,58,-21.121707916259766,8.266164779663086,182.0
86,59,-51.6486930847168,9.446038246154785,125.0
86,60,-28.40151023864746,10.663135528564453,46.0
86,61,-6.242549896240234,2.8304195404052734,4.0
86,62,-28.33587074279785,8.84349536895752,136.0
86,63,-61.070274353027344,8.855876922607422,48.0
86,64,-32.282493591308594,11.980361938476562,219.0
86,65,-7.571426868438721,44.067100524902344,6.0
86,66,-4.131552696228027,3.9637248516082764,4.0
88,0,-7.995328903198242,2.7166953086853027,2.0
88,1,-9.309930801391602,2.172389268875122,4.0
88,2,-6.214458465576172,2.4297292232513428,9.0
88,3,-20.845996856689453,1041.7586669921875,1925.0
88,4,-15.793036460876465,7.200349807739258,22.0
88,5,-11.57513427734375,18.0615177154541,22.0
88,6,-10.494154930114746,8.156628608703613,8.0
88,7,-11.639060974121094,6.957662582397461,19.0
88,8,-33.43974304199219,16.226491928100586,70.0
88,9,-21.153732299804688,68.7685317993164,1012.0
88,10,-6.210511207580566,4.723867416381836,3.0
88,11,-6.766557216644287,3.870220184326172,2.0
88,12,-2.251378059387207,1.2063688039779663,1.0
88,13,-11.353177070617676,1.6754026412963867,8.0
88,14,-2.242233991622925,1.323499321937561,1.0
88,15,-13.6715087890625,1.727819800376892,11.0
88,16,-6.322328090667725,23.59804916381836,52.0
88,17,-5.907105445861816,2.3253536224365234,2.0
88,18,-5.5575714111328125,4.012413024902344,9.0
88,19,-7.67067289352417,2.6086533069610596,7.0
88,20,-1.514850378036499,1.241607904434204,1.0
88,21,-17.225271224975586,2.1879539489746094,20.0
88,22,-17.88886260986328,19.716917037963867,8135.0
88,23,-22.473047256469727,4.4736433029174805,53.0
88,24,-28.623334884643555,17.502321243286133,1738.0
88,25,-34.444801330566406,311.3134765625,818.0
88,26,-20.133586883544922,28.662731170654297,86.0
88,27,-9.170286178588867,4.610706329345703,6.0
88,28,-3.404876708984375,2.342500925064087,2.0
88,29,-51.291107177734375,10.292484283447266,2259.0
88,30,-9.861701011657715,4.091102123260498,4.0
88,31,-7.592960357666016,12.565899848937988,4.0
88,32,-7.403362274169922,40.51536178588867,50.0
88,33,-5.467132568359375,3.9227116107940674,5.0
88,34,-30.635845184326172,46.03862380981445,405.0
88,35,-2.82198166847229,2.561673164367676,3.0
88,36,-6.736225128173828,9.444271087646484,13.0
88,37,-8.000073432922363,14.392267227172852,12.0
88,38,-2.278306007385254,1.2090789079666138,1.0
88,39,-36.900177001953125,6.328155994415283,77.0
88,40,-11.877837181091309,2.011129140853882,6.0
88,41,-21.502342224121094,73.73432159423828,241.0
88,42,-23.468395233154297,10.452481269836426,82.0
88,43,-3.1958413124084473,1.4910494089126587,3.0
88,44,-28.587650299072266,13.448629379272461,3231.0
88,45,-13.06171703338623,685.9868774414062,243.0
88,46,-24.075761795043945,8.92365550994873,11.0
88,47,-9.087706565856934,2.1325297355651855,5.0
88,48,-14.586918830871582,18.492839813232422,432.0
88,49,-13.250539779663086,6.638819694519043,25.0
88,50,-13.840377807617188,4.654431343078613,7.0
88,51,-10.157718658447266,29.544755935668945,13.0
88,52,-2.1203792095184326,1.6990934610366821,2.0
88,53,-16.37542724609375,10.374456405639648,109.0
88,54,-35.79876708984375,8.213752746582031,95.0
88,55,-13.819160461425781,15.860505104064941,223.0
88,56,-10.405050277709961,13.480748176574707,120.0
88,57,-10.490150451660156,5.745163917541504,11.0
88,58,-20.999553680419922,8.165804862976074,175.0
88,59,-51.459266662597656,9.368560791015625,121.0
88,60,-28.35865020751953,10.62511920928955,48.0
88,61,-6.28041934967041,2.8483407497406006,4.0
88,62,-28.42837905883789,8.906651496887207,136.0
88,63,-61.008506774902344,8.8363618850708,49.0
88,64,-32.22642517089844,11.928801536560059,213.0
88,65,-7.518452167510986,42.915199279785156,6.0
88,66,-4.144331932067871,3.980645179748535,4.0
90,0,-7.839122772216797,2.6641640663146973,2.0
90,1,-9.313283920288086,2.1729962825775146,4.0
90,2,-6.221364974975586,2.4321274757385254,9.0
90,3,-20.920249938964844,1067.865234375,1942.0
90,4,-15.761886596679688,7.172367572784424,22.0
90,5,-11.579675674438477,18.082035064697266,22.0
90,6,-10.487578392028809,8.145906448364258,8.0
90,7,-11.67737865447998,7.002238750457764,20.0
90,8,-33.393272399902344,16.16377830505371,68.0
90,9,-21.21853256225586,69.66560363769531,1002.0
90,10,-6.15483283996582,4.658568382263184,3.0
90,11,-6.71756649017334,3.832484483718872,2.0
90,12,-2.234647274017334,1.2046879529953003,1.0
90,13,-11.3402099609375,1.6744154691696167,8.0
90,14,-2.292617082595825,1.331860899925232,1.0
90,15,-13.938170433044434,1.746348261833191,11.0
90,16,-6.381145000457764,24.302335739135742,53.0
90,17,-5.849899768829346,2.3064279556274414,2.0
90,18,-5.601335525512695,4.056554317474365,9.0
90,19,-7.713655948638916,2.6227071285247803,7.0
90,20,-1.5209640264511108,1.2426927089691162,1.0
90,21,-17.183740615844727,2.1838276386260986,20.0
90,22,-17.795738220214844,19.41326141357422,7969.0
90,23,-22.463422775268555,4.470774173736572,53.0
90,24,-28.77088737487793,17.762487411499023,1800.0
90,25,-34.261695861816406,301.9564514160156,755.0
90,26,-20.136920928955078,28.678665161132812,85.0
90,27,-9.173484802246094,4.613164901733398,6.0
90,28,-3.445953845977783,2.366680860519409,2.0
90,29,-51.60895919799805,10.442266464233398,2286.0
90,30,-9.891106605529785,4.1083245277404785,4.0
90,31,-7.594002723693848,12.570265769958496,4.0
90,32,-7.346158981323242,39.37296676635742,49.0
90,33,-5.4924211502075195,3.9475901126861572,5.0
90,34,-30.643892288208008,46.084957122802734,408.0
90,35,-2.8124077320098877,2.553510904312134,3.0
90,36,-6.7415900230407715,9.461175918579102,13.0
90,37,-8.01868724822998,14.481842994689941,13.0
90,38,-2.28201961517334,1.2094531059265137,1.0
90,39,-36.92901611328125,6.337287425994873,80.0
90,40,-12.064828872680664,2.033372640609741,7.0
90,41,-21.575439453125,74.8201904296875,248.0
90,42,-23.574451446533203,10.563928604125977,86.0
90,43,-3.3245136737823486,1.5152254104614258,3.0
90,44,-28.629901885986328,13.500387191772461,3294.0
90,45,-13.03664779663086,677.4420166015625,241.0
90,46,-24.00499725341797,8.866432189941406,11.0
90,47,-9.006052017211914,2.118067979812622,5.0
90,48,-14.531634330749512,18.289493560791016,424.0
90,49,-13.265154838562012,6.652695655822754,25.0
90,50,-13.861472129821777,4.665352821350098,7.0
90,51,-10.130025863647461,29.273286819458008,13.0
90,52,-2.133894443511963,1.7048439979553223,2.0
90,53,-16.392681121826172,10.400060653686523,115.0
90,54,-35.776954650878906,8.20322036743164,94.0
90,55,-13.866710662841797,16.01205825805664,224.0
90,56,-10.322407722473145,13.205084800720215,113.0
90,57,-10.477294921875,5.73286771774292,11.0
90,58,-21.222126007080078,8.349592208862305,181.0
90,59,-51.35016632080078,9.324225425720215,122.0
90,60,-28.396507263183594,10.65869140625,48.0
90,61,-6.274499416351318,2.845531463623047,4.0
90,62,-28.435420989990234,8.911477088928223,135.0
90,63,-60.7295036315918,8.748748779296875,47.0
90,64,-32.068843841552734,11.785077095031738,212.0
90,65,-7.478466033935547,42.065711975097656,6.0
90,66,-4.143171310424805,3.9791059494018555,4.0
92,0,-7.858249187469482,2.670541286468506,2.0
92,1,-9.306367874145508,2.1717443466186523,4.0
92,2,-6.150496006011963,2.4076285362243652,9.0
92,3,-20.89556884765625,1059.115478515625,1951.0
92,4,-15.774332046508789,7.183534145355225,22.0
92,5,-11.644821166992188,18.378936767578125,24.0
92,6,-10.498802185058594,8.164215087890625,7.0
92,7,-11.602373123168945,6.915248394012451,19.0
92,8,-33.35177993774414,16.107982635498047,67.0
92,9,-21.111541748046875,68.19070434570312,999.0
92,10,-6.098073482513428,4.592931270599365,3.0
92,11,-6.848055362701416,3.9338200092315674,2.0
92,12,-2.172499656677246,1.19846510887146,1.0
92,13,-11.202873229980469,1.6639952659606934,8.0
92,14,-2.298821210861206,1.332894206047058,1.0
92,15,-14.197091102600098,1.764528751373291,11.0
92,16,-6.452539920806885,25.18553924560547,54.0
92,17,-5.905965805053711,2.3249752521514893,2.0
92,18,-5.566490173339844,4.021369457244873,8.0
92,19,-7.68214225769043,2.612396001815796,7.0
92,20,-1.5328119993209839,1.2447978258132935,1.0
92,21,-17.292537689208984,2.1946539878845215,20.0
92,22,-17.913372039794922,19.79762840270996,8068.0
92,23,-22.705169677734375,4.543410778045654,55.0
92,24,-28.750686645507812,17.726642608642578,1814.0
92,25,-34.21548843383789,299.639892578125,782.0
92,26,-20.081525802612305,28.41510772705078,84.0
92,27,-9.123026847839355,4.574532508850098,6.0
92,28,-3.4517321586608887,2.3701021671295166,2.0
92,29,-51.748008728027344,10.508476257324219,2310.0
92,30,-9.895201683044434,4.1107282638549805,4.0
92,31,-7.588625431060791,12.547754287719727,4.0
92,32,-7.403927803039551,40.526817321777344,49.0
92,33,-5.445292949676514,3.9013521671295166,5.0
92,34,-30.677946090698242,46.28154754638672,413.0
92,35,-2.8378701210021973,2.5752761363983154,3.0
92,36,-6.770214557647705,9.551881790161133,13.0
92,37,-7.969395637512207,14.245844841003418,12.0
92,38,-2.336221933364868,1.214928388595581,1.0
92,39,-36.730682373046875,6.274753093719482,83.0
92,40,-12.146263122558594,2.0431363582611084,7.0
92,41,-21.584796905517578,74.9603500366211,253.0
92,42,-23.563697814941406,10.552573204040527,86.0
92,43,-3.3143415451049805,1.5132999420166016,3.0
92,44,-28.62078285217285,13.489200592041016,3307.0
92,45,-13.024975776672363,673.4999389648438,235.0
92,46,-23.98686408996582,8.851827621459961,11.0
92,47,-9.141810417175293,2.1421661376953125,6.0
92,48,-14.549538612365723,18.355106353759766,429.0
92,49,-13.162506103515625,6.555851459503174,25.0
92,50,-13.848204612731934,4.658480644226074,6.0
92,51,-10.17326831817627,29.69828987121582,13.0
92,52,-2.145848274230957,1.7099465131759644,2.0
92,53,-16.351699829101562,10.339351654052734,114.0
92,54,-35.80666732788086,8.217570304870605,93.0
92,55,-13.881364822387695,16.059059143066406,215.0
92,56,-10.311214447021484,13.168184280395508,114.0
92,57,-10.486783981323242,5.741941928863525,11.0
92,58,-20.997798919677734,8.164372444152832,175.0
92,59,-51.20757293701172,9.266596794128418,120.0
92,60,-28.333494186401367,10.602867126464844,49.0
92,61,-6.229803085327148,2.8244128227233887,4.0
92,62,-28.489158630371094,8.94839096069336,137.0
92,63,-60.50907897949219,8.68014907836914,48.0
92,64,-32.100677490234375,11.813971519470215,209.0
92,65,-7.457907676696777,41.63552474975586,6.0
92,66,-4.08833646774292,3.9070348739624023,4.0
94,0,-7.732316970825195,2.6288321018218994,2.0
94,1,-9.391166687011719,2.187145471572876,5.0
94,2,-6.198451519012451,2.4241795539855957,9.0
94,3,-20.875608444213867,1052.09228515625,1968.0
94,4,-15.752277374267578,7.163758277893066,22.0
94,5,-11.66189193725586,18.45754051208496,24.0
94,6,-10.505887985229492,8.175792694091797,7.0
94,7,-11.718528747558594,7.050426959991455,20.0
94,8,-33.3258056640625,16.07315444946289,72.0
94,9,-21.158245086669922,68.83063507080078,1003.0
94,10,-6.2092366218566895,4.722362041473389,3.0
94,11,-6.911443710327148,3.984009265899658,2.0
94,12,-2.2011899948120117,1.2013338804244995,1.0
94,13,-11.143791198730469,1.6595325469970703,8.0
94,14,-2.295869827270508,1.3324024677276611,1.0
94,15,-14.250772476196289,1.7683217525482178,11.0
94,16,-6.43991231918335,25.027021408081055,54.0
94,17,-5.940935134887695,2.3366189002990723,2.0
94,18,-5.543503761291504,3.9983267784118652,8.0
94,19,-7.68738317489624,2.614108085632324,7.0
94,20,-1.5409457683563232,1.24624502658844,1.0
94,21,-17.29046058654785,2.1944470405578613,20.0
94,22,-17.927753448486328,19.845134735107422,7944.0
94,23,-22.706520080566406,4.543819427490234,53.0
94,24,-28.9278507232666,18.04349136352539,1818.0
94,25,-34.294044494628906,303.5887451171875,801.0
94,26,-20.130414962768555,28.647584915161133,88.0
94,27,-9.132355690002441,4.581650733947754,6.0
94,28,-3.414005756378174,2.347853183746338,2.0
94,29,-51.77878189086914,10.523185729980469,2296.0
94,30,-9.87824535369873,4.100782871246338,4.0
94,31,-7.613823890686035,12.653593063354492,4.0
94,32,-7.45516300201416,41.578426361083984,52.0
94,33,-5.425388336181641,3.881986618041992,5.0
94,34,-30.578676223754883,45.71080017089844,411.0
94,35,-2.812737464904785,2.5537915229797363,3.0
94,36,-6.764862537384033,9.534855842590332,13.0
94,37,-7.975909233093262,14.27680778503418,11.0
94,38,-2.347930669784546,1.2161144018173218,1.0
94,39,-36.63023376464844,6.243317604064941,86.0
94,40,-12.311548233032227,2.0630979537963867,8.0
94,41,-21.687583923339844,76.51729583740234,248.0
94,42,-23.626083374023438,10.618613243103027,88.0
94,43,-3.322575330734253,1.514858365058899,3.0
94,44,-28.64076042175293,13.51371955871582,3341.0
94,45,-13.007326126098633,667.58251953125,234.0
94,46,-23.93558692932129,8.810660362243652,11.0
94,47,-9.065933227539062,2.1286637783050537,5.0
94,48,-14.551942825317383,18.36393165588379,426.0
94,49,-13.222631454467773,6.612404823303223,25.0
94,50,-13.881352424621582,4.6756696701049805,6.0
94,51,-10.169517517089844,29.661182403564453,13.0
94,52,-2.1313493251800537,1.7037595510482788,2.0
94,53,-16.35422134399414,10.3430757522583,117.0
94,54,-35.7733039855957,8.201457977294922,88.0
94,55,-13.834556579589844,15.909418106079102,211.0
94,56,-10.270837783813477,13.035930633544922,108.0
94,57,-10.406133651733398,5.665275573730469,12.0
94,58,-21.158004760742188,8.296223640441895,177.0
94,59,-51.16457748413086,9.24929141998291,120.0
94,60,-28.299610137939453,10.572972297668457,46.0
94,61,-6.261885643005371,2.8395557403564453,4.0
94,62,-28.49420166015625,8.951862335205078,140.0
94,63,-60.51422119140625,8.681742668151855,45.0
94,64,-31.983524322509766,11.707985877990723,218.0
94,65,-7.432986259460449,41.119937896728516,6.0
94,66,-4.081364154815674,3.8979649543762207,4.0
96,0,-7.679547309875488,2.611548662185669,2.0
96,1,-9.369576454162598,2.183213949203491,5.0
96,2,-6.21699857711792,2.4306108951568604,9.0
96,3,-20.877424240112305,1052.7291259765625,1955.0
96,4,-15.74083137512207,7.153515815734863,22.0
96,5,-11.624969482421875,18.28795051574707,24.0
96,6,-10.500059127807617,8.166266441345215,7.0
96,7,-11.664260864257812,6.986946105957031,19.0
96,8,-33.2255859375,15.93947696685791,71.0
96,9,-21.13050651550293,68.4498519897461,997.0
96,10,-6.151708602905273,4.654931545257568,3.0
96,11,-6.884902000427246,3.9629170894622803,2.0
96,12,-2.1629347801208496,1.1975102424621582,1.0
96,13,-11.154633522033691,1.6603505611419678,8.0
96,14,-2.2944464683532715,1.3321654796600342,1.0
96,15,-14.21888256072998,1.7660675048828125,11.0
96,16,-6.468575477600098,25.388282775878906,54.0
96,17,-5.90223503112793,2.3237364292144775,2.0
96,18,-5.514692306518555,3.969630479812622,8.0
96,19,-7.6928019523620605,2.6158790588378906,7.0
96,20,-1.5418336391448975,1.2464030981063843,1.0
96,21,-17.308910369873047,2.1962881088256836,20.0
96,22,-17.979707717895508,20.017723083496094,8009.0
96,23,-22.66614532470703,4.531605243682861,54.0
96,24,-28.690420150756836,17.620128631591797,1783.0
96,25,-34.1959228515625,298.6643371582031,763.0
96,26,-20.12847137451172,28.6383056640625,87.0
96,27,-9.163445472717285,4.605452537536621,6.0
96,28,-3.4174468517303467,2.3498740196228027,2.0
96,29,-51.64385223388672,10.458843231201172,2257.0
96,30,-9.873434066772461,4.097965717315674,4.0
96,31,-7.624897003173828,12.700387001037598,4.0
96,32,-7.412524700164795,40.701393127441406,50.0
96,33,-5.428777694702148,3.885277271270752,5.0
96,34,-30.57437515258789,45.68622970581055,402.0
96,35,-2.8307018280029297,2.5691299438476562,3.0
96,36,-6.769341468811035,9.549100875854492,13.0
96,37,-7.961338043212891,14.207633018493652,11.0
96,38,-2.4144434928894043,1.2228738069534302,1.0
96,39,-36.80513381958008,6.298154830932617,83.0
96,40,-12.307435989379883,2.062598943710327,9.0
96,41,-21.734533309936523,77.23916625976562,253.0
96,42,-23.664531707763672,10.659518241882324,87.0
96,43,-3.282180070877075,1.5072284936904907,3.0
96,44,-28.564434051513672,13.420276641845703,3367.0
96,45,-12.966176986694336,653.9876708984375,237.0
96,46,-23.952293395996094,8.824051856994629,11.0
96,47,-9.175182342529297,2.148131847381592,5.0
96,48,-14.505847930908203,18.19541358947754,420.0
96,49,-13.303571701049805,6.689306259155273,24.0
96,50,-13.93970012664795,4.706081390380859,6.0
96,51,-10.160369873046875,29.570878982543945,13.0
96,52,-2.1715431213378906,1.720966100692749,2.0
96,53,-16.382591247558594,10.385080337524414,115.0
96,54,-35.686859130859375,8.159859657287598,93.0
96,55,-13.903131484985352,16.129119873046875,222.0
96,56,-10.247392654418945,12.959747314453125,108.0
96,57,-10.431159973144531,5.688955783843994,12.0
96,58,-21.159103393554688,8.297135353088379,173.0
96,59,-51.10282897949219,9.224492073059082,122.0
96,60,-28.346988677978516,10.614798545837402,48.0
96,61,-6.24029016494751,2.8293538093566895,4.0
96,62,-28.466894149780273,8.93307876586914,134.0
96,63,-60.531028747558594,8.686955451965332,46.0
96,64,-32.01701736450195,11.738187789916992,213.0
96,65,-7.443269729614258,41.331912994384766,6.0
96,66,-4.111431121826172,3.9372286796569824,4.0
98,0,-7.543670177459717,2.5675668716430664,2.0
98,1,-9.361696243286133,2.1817808151245117,4.0
98,2,-6.20107364654541,2.4250876903533936,9.0
98,3,-20.86048698425293,1046.802490234375,1957.0
98,4,-15.73116683959961,7.144879341125488,22.0
98,5,-11.587372779846191,18.116863250732422,24.0
98,6,-10.525382041931152,8.20772933959961,8.0
98,7,-11.643171310424805,6.962430000305176,19.0
98,8,-33.384029388427734,16.151330947875977,73.0
98,9,-21.207290649414062,69.50911712646484,1002.0
98,10,-6.105810165405273,4.601822853088379,3.0
98,11,-6.86617374420166,3.948101043701172,2.0
98,12,-2.194650411605835,1.2006794214248657,1.0
98,13,-11.215232849121094,1.6649303436279297,8.0
98,14,-2.3408162593841553,1.3399094343185425,1.0
98,15,-14.144163131713867,1.7607969045639038,11.0
98,16,-6.426123142242432,24.855066299438477,54.0
98,17,-5.914063453674316,2.3276665210723877,2.0
98,18,-5.578998565673828,4.03396463394165,9.0
98,19,-7.698273181915283,2.617668867111206,7.0
98,20,-1.529260277748108,1.244166374206543,1.0
98,21,-17.381805419921875,2.2035772800445557,20.0
98,22,-17.93124771118164,19.85669708251953,8029.0
98,23,-22.668563842773438,4.532336235046387,53.0
98,24,-28.851350784301758,17.905988693237305,1822.0
98,25,-34.255577087402344,301.64862060546875,780.0
98,26,-20.036989212036133,28.204971313476562,84.0
98,27,-9.185073852539062,4.622084140777588,6.0
98,28,-3.4184329509735107,2.3504533767700195,2.0
98,29,-51.70415496826172,10.487550735473633,2262.0
98,30,-9.725410461425781,4.012218475341797,4.0
98,31,-7.607975959777832,12.628952026367188,4.0
98,32,-7.455638885498047,41.588321685791016,52.0
98,33,-5.397913932800293,3.8554141521453857,5.0
98,34,-30.558992385864258,45.59846496582031,400.0
98,35,-2.7870357036590576,2.532006025314331,2.0
98,36,-6.786269187927246,9.60313606262207,13.0
98,37,-8.030234336853027,14.537692070007324,11.0
98,38,-2.424403190612793,1.2238891124725342,1.0
98,39,-36.83822250366211,6.3085832595825195,82.0
98,40,-12.432500839233398,2.077828884124756,10.0
98,41,-21.701581954956055,76.73180389404297,255.0
98,42,-23.679462432861328,10.675443649291992,87.0
98,43,-3.225233554840088,1.496537685394287,3.0
98,44,-28.57025718688965,13.42738151550293,3364.0
98,45,-12.907073020935059,634.94384765625,234.0
98,46,-23.91599464416504,8.794981002807617,11.0
98,47,-9.19088077545166,2.1509439945220947,6.0
98,48,-14.53059196472168,18.285682678222656,419.0
98,49,-13.365219116210938,6.748477935791016,25.0
98,50,-13.892732620239258,4.681585788726807,6.0
98,51,-10.183161735534668,29.796390533447266,13.0
98,52,-2.1540732383728027,1.7134661674499512,2.0
98,53,-16.321727752685547,10.295174598693848,112.0
98,54,-35.752830505371094,8.191587448120117,89.0
98,55,-13.87841510772705,16.049583435058594,221.0
98,56,-10.29456901550293,13.113500595092773,113.0
98,57,-10.379598617553711,5.640276908874512,12.0
98,58,-21.073657989501953,8.226542472839355,177.0
98,59,-50.97906494140625,9.17498779296875,120.0
98,60,-28.32538414001465,10.595703125,48.0
98,61,-6.2399444580078125,2.829190731048584,4.0
98,62,-28.50248908996582,8.957571983337402,135.0
98,63,-60.50407028198242,8.678594589233398,46.0
98,64,-32.07061767578125,11.786686897277832,217.0
98,65,-7.4586687088012695,41.65137481689453,6.0
98,66,-4.066296577453613,3.87843656539917,4.0
100,0,-7.617466926574707,2.5913612842559814,2.0
100,1,-9.430392265319824,2.1943063735961914,5.0
100,2,-6.1771135330200195,2.4168009757995605,9.0
100,3,-20.88532066345215,1055.5037841796875,1966.0
100,4,-15.707006454467773,7.123333930969238,22.0
100,5,-11.59046459197998,18.13087272644043,23.0
100,6,-10.525528907775879,8.207972526550293,7.0
100,7,-11.623994827270508,6.940213680267334,20.0
100,8,-33.27997589111328,16.01188850402832,71.0
100,9,-21.183664321899414,69.18146514892578,1019.0
100,10,-6.165976524353027,4.671565055847168,3.0
100,11,-6.878744125366211,3.9580397605895996,2.0
100,12,-2.1789755821228027,1.1991119384765625,1.0
100,13,-11.210729598999023,1.6645896434783936,8.0
100,14,-2.3350048065185547,1.3389363288879395,1.0
100,15,-14.436346054077148,1.7814966440200806,11.0
100,16,-6.491864204406738,25.685640335083008,54.0
100,17,-5.919373035430908,2.329432725906372,2.0
100,18,-5.556972980499268,4.011812686920166,9.0
100,19,-7.661256790161133,2.6055846214294434,7.0
100,20,-1.5131494998931885,1.2413063049316406,1.0
100,21,-17.397676467895508,2.205167531967163,20.0
100,22,-17.91429901123047,19.80068588256836,7971.0
100,23,-22.71738624572754,4.547112464904785,57.0
100,24,-28.89061737060547,17.9764347076416,1877.0
100,25,-34.24528503417969,301.1316833496094,776.0
100,26,-20.138751983642578,28.68741798400879,87.0
100,27,-9.164421081542969,4.606201171875,6.0
100,28,-3.400477409362793,2.33992600440979,2.0
100,29,-51.826316833496094,10.54594898223877,2334.0
100,30,-9.84640884399414,4.082174301147461,4.0
100,31,-7.605323314666748,12.617792129516602,4.0
100,32,-7.4473676681518555,41.41668701171875,53.0
100,33,-5.37864875793457,3.83689022064209,5.0
100,34,-30.675369262695312,46.26663589477539,426.0
100,35,-2.7991127967834473,2.542219638824463,3.0
100,36,-6.768907070159912,9.547719955444336,13.0
100,37,-7.956050395965576,14.18261432647705,11.0
100,38,-2.389385223388672,1.220322847366333,1.0
100,39,-36.67278289794922,6.256613731384277,80.0
100,40,-12.626997947692871,2.1017379760742188,11.0
100,41,-21.678455352783203,76.37771606445312,254.0
100,42,-23.783565521240234,10.78715991973877,88.0
100,43,-3.1722238063812256,1.4866540431976318,3.0
100,44,-28.527420043945312,13.37519645690918,3336.0
100,45,-12.967679977416992,654.4793090820312,240.0
100,46,-23.87630271911621,8.763303756713867,11.0
100,47,-9.184524536132812,2.1498048305511475,5.0
100,48,-14.506546020507812,18.197956085205078,418.0
100,49,-13.337773323059082,6.722070693969727,26.0
100,50,-13.943516731262207,4.708077907562256,6.0
100,51,-10.174160957336426,29.70712661743164,13.0
100,52,-2.162415027618408,1.7170432806015015,2.0
100,53,-16.297510147094727,10.259620666503906,111.0
100,54,-35.615699768066406,8.125776290893555,89.0
100,55,-13.827152252197266,15.885876655578613,217.0
100,56,-10.214879035949707,12.85483169555664,106.0
100,57,-10.431872367858887,5.689631462097168,12.0
100,58,-21.204437255859375,8.33483600616455,178.0
100,59,-51.05989074707031,9.207287788391113,119.0
100,60,-28.34345054626465,10.611668586730957,47.0
100,61,-6.306170463562012,2.860591173171997,4.0
100,62,-28.55946159362793,8.996914863586426,139.0
100,63,-60.489295959472656,8.674016952514648,47.0
100,64,-31.965349197387695,11.691628456115723,221.0
100,65,-7.422493934631348,40.904781341552734,6.0
100,66,-4.0701518058776855,3.8834238052368164,4.0
102,0,-7.663756370544434,2.6063990592956543,2.0
102,1,-9.280364036560059,2.167043447494507,4.0
102,2,-6.157145023345947,2.409916400909424,9.0
102,3,-20.906335830688477,1062.9237060546875,1980.0
102,4,-15.70921516418457,7.125300884246826,22.0
102,5,-11.676864624023438,18.52676010131836,24.0
102,6,-10.5111665725708,8.184428215026855,7.0
102,7,-11.623144149780273,6.9392290115356445,19.0
102,8,-33.36363983154297,16.123910903930664,76.0
102,9,-21.145931243896484,68.66132354736328,1001.0
102,10,-6.109685897827148,4.606284141540527,3.0
102,11,-6.95750617980957,4.020881652832031,2.0
102,12,-2.2237484455108643,1.203594446182251,1.0
102,13,-11.186808586120605,1.662780523300171,8.0
102,14,-2.2712771892547607,1.328312873840332,1.0
102,15,-14.240104675292969,1.7675671577453613,11.0
102,16,-6.483430862426758,25.577560424804688,55.0
102,17,-5.909460544586182,2.3261361122131348,2.0
102,18,-5.521551132202148,3.976443290710449,8.0
102,19,-7.647277355194092,2.6010355949401855,7.0
102,20,-1.5211145877838135,1.2427195310592651,1.0
102,21,-17.30585289001465,2.1959826946258545,20.0
102,22,-17.931814193725586,19.85857391357422,8176.0
102,23,-22.75531005859375,4.558623313903809,56.0
102,24,-28.897621154785156,17.989030838012695,1844.0
102,25,-34.28708267211914,303.2367248535156,814.0
102,26,-20.0721435546875,28.37070655822754,88.0
102,27,-9.172632217407227,4.612509250640869,6.0
102,28,-3.4159297943115234,2.3489830493927,2.0
102,29,-51.96010208129883,10.610275268554688,2276.0
102,30,-9.863374710083008,4.092080593109131,4.0
102,31,-7.613423824310303,12.651906967163086,4.0
102,32,-7.434263229370117,41.146202087402344,53.0
102,33,-5.416087627410889,3.8729710578918457,5.0
102,34,-30.632999420166016,46.022247314453125,407.0
102,35,-2.8105902671813965,2.551964521408081,2.0
102,36,-6.737549304962158,9.448442459106445,13.0
102,37,-7.986505031585693,14.32732105255127,11.0
102,38,-2.4263248443603516,1.2240850925445557,1.0
102,39,-36.80472183227539,6.298025131225586,80.0
102,40,-12.456195831298828,2.0807271003723145,9.0
102,41,-21.726055145263672,77.10830688476562,257.0
102,42,-23.71422576904297,10.712620735168457,87.0
102,43,-3.212703227996826,1.4941954612731934,3.0
102,44,-28.52792739868164,13.375810623168945,3322.0
102,45,-12.915502548217773,637.6255493164062,233.0
102,46,-23.883132934570312,8.768746376037598,11.0
102,47,-9.22166633605957,2.1564691066741943,5.0
102,48,-14.47403335571289,18.08000373840332,414.0
102,49,-13.270378112792969,6.657661437988281,23.0
102,50,-13.927922248840332,4.699926376342773,6.0
102,51,-10.18791389465332,29.843626022338867,13.0
102,52,-2.181262493133545,1.7251527309417725,2.0
102,53,-16.299625396728516,10.262720108032227,115.0
102,54,-35.73689270019531,8.18391227722168,90.0
102,55,-13.853918075561523,15.971145629882812,222.0
102,56,-10.233909606933594,12.916135787963867,106.0
102,57,-10.416967391967773,5.6755146980285645,12.0
102,58,-21.356319427490234,8.462392807006836,183.0
102,59,-51.056480407714844,9.205923080444336,120.0
102,60,-28.279672622680664,10.555418968200684,47.0
102,61,-6.254923343658447,2.8362627029418945,4.0
102,62,-28.506072998046875,8.960040092468262,137.0
102,63,-60.402469635009766,8.647161483764648,45.0
102,64,-32.066280364990234,11.782753944396973,212.0
102,65,-7.439582824707031,41.25578689575195,6.0
102,66,-4.091854095458984,3.911618947982788,4.0
104,0,-7.644399166107178,2.600100040435791,2.0
104,1,-9.263956069946289,2.1640822887420654,5.0
104,2,-6.0839314460754395,2.38484263420105,7.0
104,3,-20.832929611206055,1037.230712890625,1936.0
104,4,-15.691563606262207,7.109596252441406,22.0
104,5,-11.592937469482422,18.1420841217041,24.0
104,6,-10.536710739135742,8.226347923278809,7.0
104,7,-11.634517669677734,6.952396392822266,19.0
104,8,-33.33302307128906,16.082826614379883,74.0
104,9,-21.197559356689453,69.37399291992188,1027.0
104,10,-6.079601287841797,4.5717692375183105,3.0
104,11,-6.962302207946777,4.024740695953369,2.0
104,12,-2.198411464691162,1.2010557651519775,1.0
104,13,-11.228182792663574,1.6659106016159058,8.0
104,14,-2.301126003265381,1.3332781791687012,1.0
104,15,-14.404953956604004,1.7792611122131348,11.0
104,16,-6.452054500579834,25.179426193237305,54.0
104,17,-5.952822685241699,2.340590476989746,2.0
104,18,-5.529603958129883,3.984456777572632,8.0
104,19,-7.670955181121826,2.6087453365325928,7.0
104,20,-1.515944004058838,1.2418018579483032,1.0
104,21,-17.449251174926758,2.2103431224823,21.0
104,22,-17.928653717041016,19.848112106323242,7985.0
104,23,-22.731563568115234,4.551412105560303,53.0
104,24,-28.87181854248047,17.942672729492188,1829.0
104,25,-34.30625915527344,304.20751953125,815.0
104,26,-20.162397384643555,28.80069351196289,85.0
104,27,-9.169447898864746,4.610062122344971,6.0
104,28,-3.4116392135620117,2.3464646339416504,2.0
104,29,-51.930450439453125,10.59598445892334,2293.0
104,30,-9.788407325744629,4.048489570617676,4.0
104,31,-7.633706092834473,12.737733840942383,4.0
104,32,-7.440157413482666,41.267642974853516,52.0
104,33,-5.426671981811523,3.883232593536377,5.0
104,34,-30.59801483154297,45.82143020629883,399.0
104,35,-2.7726263999938965,2.519873857498169,2.0
104,36,-6.7580413818359375,9.513202667236328,13.0
104,37,-7.949577808380127,14.152045249938965,11.0
104,38,-2.386066436767578,1.2199853658676147,1.0
104,39,-36.74446105957031,6.279077529907227,82.0
104,40,-12.546046257019043,2.0917534828186035,11.0
104,41,-21.742923736572266,77.36888122558594,255.0
104,42,-23.669235229492188,10.664533615112305,88.0
104,43,-3.180094003677368,1.4881173372268677,3.0
104,44,-28.553974151611328,13.407522201538086,3361.0
104,45,-12.913257598876953,636.9102783203125,232.0
104,46,-23.8980770111084,8.78066635131836,11.0
104,47,-9.27309799194336,2.16573166847229,6.0
104,48,-14.474700927734375,18.08241844177246,419.0
104,49,-13.358743667602539,6.742238521575928,25.0
104,50,-13.972258567810059,4.723136901855469,6.0
104,51,-10.231454849243164,30.279926300048828,13.0
104,52,-2.1306724548339844,1.7034711837768555,2.0
104,53,-16.39607810974121,10.405108451843262,120.0
104,54,-35.549583435058594,8.094233512878418,89.0
104,55,-13.87987995147705,16.05428695678711,223.0
104,56,-10.196304321289062,12.795276641845703,108.0
104,57,-10.395261764526367,5.655019760131836,12.0
104,58,-21.122785568237305,8.267056465148926,173.0
104,59,-51.03295135498047,9.196508407592773,118.0
104,60,-28.34138298034668,10.60983943939209,46.0
104,61,-6.284296035766602,2.8501815795898438,4.0
104,62,-28.599977493286133,9.024998664855957,139.0
104,63,-60.488033294677734,8.673625946044922,46.0
104,64,-32.045631408691406,11.764053344726562,220.0
104,65,-7.3929948806762695,40.305885314941406,6.0
104,66,-4.071412563323975,3.885056495666504,4.0
106,0,-7.725707054138184,2.6266608238220215,2.0
106,1,-9.346080780029297,2.178943395614624,4.0
106,2,-6.183647632598877,2.419057846069336,9.0
106,3,-20.923660278320312,1069.079833984375,1984.0
106,4,-15.726676940917969,7.140870571136475,22.0
106,5,-11.614151000976562,18.238554000854492,23.0
106,6,-10.510222434997559,8.182883262634277,7.0
106,7,-11.616705894470215,6.931787490844727,19.0
106,8,-33.362060546875,16.121788024902344,69.0
106,9,-21.126985549926758,68.40166473388672,1012.0
106,10,-6.048524379730225,4.536387920379639,3.0
106,11,-6.960190773010254,4.023041248321533,2.0
106,12,-2.2581067085266113,1.207045316696167,1.0
106,13,-11.21749496459961,1.6651015281677246,8.0
106,14,-2.2626819610595703,1.326886534690857,1.0
106,15,-14.322389602661133,1.7733945846557617,11.0
106,16,-6.418078422546387,24.75528907775879,54.0
106,17,-5.911479949951172,2.3268074989318848,2.0
106,18,-5.54691743850708,4.001740455627441,8.0
106,19,-7.657358169555664,2.6043152809143066,7.0
106,20,-1.5088646411895752,1.240546703338623,1.0
106,21,-17.43045425415039,2.2084555625915527,21.0
106,22,-17.892969131469727,19.730417251586914,7829.0
106,23,-22.81630516052246,4.577198028564453,56.0
106,24,-28.917619705200195,18.025043487548828,1834.0
106,25,-34.30237579345703,304.01055908203125,806.0
106,26,-20.180072784423828,28.885663986206055,88.0
106,27,-9.208050727844238,4.63981819152832,6.0
106,28,-3.4175543785095215,2.3499372005462646,2.0
106,29,-51.80258560180664,10.534576416015625,2300.0
106,30,-9.808757781982422,4.060276508331299,4.0
106,31,-7.6036810874938965,12.610886573791504,4.0
106,32,-7.452170372009277,41.516258239746094,52.0
106,33,-5.392871379852295,3.8505570888519287,5.0
106,34,-30.640100479125977,46.06311798095703,412.0
106,35,-2.7959978580474854,2.539581298828125,2.0
106,36,-6.7949934005737305,9.631102561950684,13.0
106,37,-7.96785306930542,14.238521575927734,11.0
106,38,-2.408726215362549,1.222291350364685,1.0
106,39,-36.793514251708984,6.294497013092041,79.0
106,40,-12.435149192810059,2.078152656555176,10.0
106,41,-21.696672439575195,76.65650177001953,250.0
106,42,-23.728588104248047,10.728017807006836,87.0
106,43,-3.2824959754943848,1.5072879791259766,3.0
106,44,-28.57288360595703,13.43058967590332,3374.0
106,45,-12.921075820922852,639.4049072265625,233.0
106,46,-23.927387237548828,8.804095268249512,11.0
106,47,-9.24614143371582,2.160871982574463,6.0
106,48,-14.488459587097168,18.132246017456055,419.0
106,49,-13.267570495605469,6.654992580413818,25.0
106,50,-13.9486083984375,4.7107415199279785,6.0
106,51,-10.210418701171875,30.068344116210938,13.0
106,52,-2.1237008571624756,1.7005048990249634,2.0
106,53,-16.367528915405273,10.362757682800293,115.0
106,54,-35.59720230102539,8.116938591003418,89.0
106,55,-13.809901237487793,15.831161499023438,212.0
106,56,-10.247486114501953,12.960050582885742,108.0
106,57,-10.42044448852539,5.678804397583008,12.0
106,58,-21.26604461669922,8.386343002319336,181.0
106,59,-51.007896423339844,9.18649673461914,118.0
106,60,-28.31548309326172,10.586966514587402,46.0
106,61,-6.285772800445557,2.8508830070495605,4.0
106,62,-28.642601013183594,9.054637908935547,140.0
106,63,-60.33440017700195,8.626164436340332,45.0
106,64,-31.982364654541016,11.706941604614258,220.0
106,65,-7.392570972442627,40.297340393066406,6.0
106,66,-4.0854082107543945,3.9032230377197266,4.0
108,0,-7.690032005310059,2.614973545074463,2.0
108,1,-9.225678443908691,2.1571900844573975,5.0
108,2,-6.126794815063477,2.3994905948638916,8.0
108,3,-20.94087028503418,1075.22998046875,1980.0
108,4,-15.669682502746582,7.090177059173584,22.0
108,5,-11.607929229736328,18.210206985473633,23.0
108,6,-10.572944641113281,8.286179542541504,7.0
108,7,-11.59425163269043,6.905894756317139,19.0
108,8,-33.34513854980469,16.099071502685547,73.0
108,9,-21.10980224609375,68.16699981689453,1008.0
108,10,-6.127281665802002,4.626591205596924,3.0
108,11,-6.947469711303711,4.012818813323975,2.0
108,12,-2.2060768604278564,1.201823115348816,1.0
108,13,-11.282642364501953,1.6700396537780762,8.0
108,14,-2.3268513679504395,1.337572455406189,1.0
108,15,-14.155532836914062,1.7615978717803955,11.0
108,16,-6.454351425170898,25.208362579345703,54.0
108,17,-6.015213966369629,2.3615455627441406,2.0
108,18,-5.558108806610107,4.0129523277282715,8.0
108,19,-7.679697036743164,2.6115975379943848,7.0
108,20,-1.5386643409729004,1.24583899974823,1.0
108,21,-17.355369567871094,2.2009310722351074,21.0
108,22,-17.952478408813477,19.927082061767578,8055.0
108,23,-22.698814392089844,4.541485786437988,55.0
108,24,-28.771352767944336,17.76331329345703,1805.0
108,25,-34.236297607421875,300.68084716796875,761.0
108,26,-20.13458251953125,28.66748809814453,84.0
108,27,-9.149148941040039,4.594491481781006,6.0
108,28,-3.4185585975646973,2.350527048110962,2.0
108,29,-51.86266326904297,10.563385009765625,2235.0
108,30,-9.885688781738281,4.1051459312438965,4.0
108,31,-7.639876365661621,12.763957977294922,4.0
108,32,-7.462337017059326,41.727840423583984,52.0
108,33,-5.368234634399414,3.826913595199585,5.0
108,34,-30.68340301513672,46.31312561035156,416.0
108,35,-2.7959060668945312,2.539503812789917,2.0
108,36,-6.76519250869751,9.535905838012695,13.0
108,37,-7.989349365234375,14.340912818908691,12.0
108,38,-2.3957862854003906,1.2209739685058594,1.0
108,39,-36.713321685791016,6.269308567047119,79.0
108,40,-12.542442321777344,2.0913102626800537,10.0
108,41,-21.816326141357422,78.51306915283203,256.0
108,42,-23.677715301513672,10.67358112335205,88.0
108,43,-3.1942977905273438,1.4907617568969727,3.0
108,44,-28.536134719848633,13.385796546936035,3423.0
108,45,-12.959095001220703,651.676025390625,242.0
108,46,-23.944690704345703,8.817955017089844,11.0
108,47,-9.2717866897583,2.165494918823242,6.0
108,48,-14.474489212036133,18.081655502319336,417.0
108,49,-13.387857437133789,6.77033805847168,25.0
108,50,-13.967293739318848,4.720531940460205,6.0
108,51,-10.249874114990234,30.46640968322754,13.0
108,52,-2.1392831802368164,1.7071423530578613,2.0
108,53,-16.289464950561523,10.247834205627441,113.0
108,54,-35.5882682800293,8.112674713134766,90.0
108,55,-13.82748794555664,15.886944770812988,218.0
108,56,-10.304000854492188,13.144458770751953,114.0
108,57,-10.362983703613281,5.624679088592529,12.0
108,58,-21.165388107299805,8.302350997924805,181.0
108,59,-50.99380874633789,9.18087100982666,117.0
108,60,-28.257551193237305,10.535979270935059,46.0
108,61,-6.308114051818848,2.861518383026123,4.0
108,62,-28.592838287353516,9.020042419433594,138.0
108,63,-60.36817932128906,8.636576652526855,45.0
108,64,-32.00779724121094,11.729865074157715,219.0
108,65,-7.435183525085449,41.165138244628906,6.0
108,66,-4.073117256164551,3.8872644901275635,4.0
110,0,-7.695418357849121,2.616734743118286,2.0
110,1,-9.273488998413086,2.165802001953125,4.0
110,2,-6.065116882324219,2.378441095352173,7.0
110,3,-20.874317169189453,1051.639404296875,1971.0
110,4,-15.73935604095459,7.152196407318115,22.0
110,5,-11.631746292114258,18.318960189819336,23.0
110,6,-10.57915210723877,8.296472549438477,8.0
110,7,-11.592768669128418,6.904187202453613,19.0
110,8,-33.246307373046875,15.967026710510254,73.0
110,9,-21.101953506469727,68.06007385253906,1008.0
110,10,-6.1241607666015625,4.622982978820801,3.0
110,11,-6.974255561828613,4.034373760223389,2.0
110,12,-2.22836971282959,1.2040579319000244,1.0
110,13,-11.22208023071289,1.6654486656188965,8.0
110,14,-2.250234603881836,1.3248236179351807,1.0
110,15,-14.256362915039062,1.7687171697616577,11.0
110,16,-6.415708541870117,24.725975036621094,54.0
110,17,-5.955268383026123,2.3414084911346436,2.0
110,18,-5.526819705963135,3.9816842079162598,8.0
110,19,-7.6530280113220215,2.6029059886932373,7.0
110,20,-1.5334956645965576,1.2449194192886353,1.0
110,21,-17.39012908935547,2.204411029815674,21.0
110,22,-17.924205780029297,19.833406448364258,8044.0
110,23,-22.644264221191406,4.524999618530273,53.0
110,24,-28.814315795898438,17.839794158935547,1838.0
110,25,-34.26130676269531,301.9368591308594,803.0
110,26,-20.130216598510742,28.646635055541992,87.0
110,27,-9.163342475891113,4.605373382568359,6.0
110,28,-3.3813812732696533,2.328781843185425,2.0
110,29,-51.77368927001953,10.520750045776367,2281.0
110,30,-9.826498031616211,4.070579528808594,4.0
110,31,-7.619002342224121,12.675454139709473,4.0
110,32,-7.453912734985352,41.55244445800781,52.0
110,33,-5.342576503753662,3.8024442195892334,5.0
110,34,-30.689298629760742,46.34726333618164,429.0
110,35,-2.7705554962158203,2.518134832382202,2.0
110,36,-6.721585273742676,9.398295402526855,12.0
110,37,-7.986224174499512,14.325982093811035,11.0
110,38,-2.3845911026000977,1.2198354005813599,1.0
110,39,-36.82804870605469,6.305375099182129,79.0
110,40,-12.415647506713867,2.0757699012756348,9.0
110,41,-21.74861717224121,77.45703125,254.0
110,42,-23.75551986694336,10.756949424743652,86.0
110,43,-3.2292532920837402,1.497289776802063,3.0
110,44,-28.5102481842041,13.354331016540527,3365.0
110,45,-12.945639610290527,647.3064575195312,236.0
110,46,-23.943706512451172,8.817166328430176,11.0
110,47,-9.188092231750488,2.1504440307617188,6.0
110,48,-14.473520278930664,18.07815170288086,413.0
110,49,-13.240612030029297,6.629411220550537,24.0
110,50,-13.925057411193848,4.69843053817749,6.0
110,51,-10.225330352783203,30.218172073364258,13.0
110,52,-2.10646390914917,1.693192720413208,2.0
110,53,-16.35948371887207,10.350854873657227,116.0
110,54,-35.56332015991211,8.100776672363281,89.0
110,55,-13.793983459472656,15.780842781066895,210.0
110,56,-10.278509140014648,13.060955047607422,108.0
110,57,-10.36375617980957,5.62540340423584,12.0
110,58,-21.29806137084961,8.41323471069336,184.0
110,59,-50.91813659667969,9.150715827941895,117.0
110,60,-28.24126625061035,10.521690368652344,46.0
110,61,-6.275546550750732,2.8460280895233154,4.0
110,62,-28.608013153076172,9.030577659606934,136.0
110,63,-60.52705764770508,8.685724258422852,45.0
110,64,-31.98633575439453,11.710517883300781,209.0
110,65,-7.410310745239258,40.65636444091797,6.0
110,66,-4.08683967590332,3.9050865173339844,4.0
112,0,-7.742591857910156,2.6322104930877686,2.0
112,1,-9.24697494506836,2.1610219478607178,4.0
112,2,-6.084465980529785,2.3850245475769043,7.0
112,3,-20.886594772338867,1055.9522705078125,1976.0
112,4,-15.691179275512695,7.109254837036133,22.0
112,5,-11.582714080810547,18.095773696899414,23.0
112,6,-10.52758502960205,8.211346626281738,8.0
112,7,-11.571836471557617,6.880143165588379,19.0
112,8,-33.33381652832031,16.083887100219727,75.0
112,9,-21.129812240600586,68.44035339355469,1012.0
112,10,-6.143229007720947,4.645073890686035,3.0
112,11,-6.947037696838379,4.012472152709961,2.0
112,12,-2.2852535247802734,1.2097790241241455,1.0
112,13,-11.224322319030762,1.6656184196472168,8.0
112,14,-2.2534031867980957,1.3253483772277832,1.0
112,15,-14.153287887573242,1.7614396810531616,11.0
112,16,-6.399905204772949,24.531368255615234,54.0
112,17,-5.940462589263916,2.336461305618286,2.0
112,18,-5.544227123260498,3.999049663543701,8.0
112,19,-7.619332313537598,2.591965675354004,7.0
112,20,-1.5030295848846436,1.2395130395889282,1.0
112,21,-17.391149520874023,2.2045133113861084,21.0
112,22,-17.932348251342773,19.86033821105957,8125.0
112,23,-22.745983123779297,4.555789947509766,54.0
112,24,-28.777570724487305,17.77436065673828,1809.0
112,25,-34.253143310546875,301.5262451171875,823.0
112,26,-20.113500595092773,28.566940307617188,85.0
112,27,-9.178921699523926,4.617347240447998,6.0
112,28,-3.4048452377319336,2.342482566833496,2.0
112,29,-51.85071563720703,10.557649612426758,2298.0
112,30,-9.747122764587402,4.024682998657227,4.0
112,31,-7.6190032958984375,12.675459861755371,4.0
112,32,-7.444807052612305,41.36369323730469,52.0
112,33,-5.375280380249023,3.833660364151001,5.0
112,34,-30.669706344604492,46.2338981628418,416.0
112,35,-2.7819924354553223,2.5277531147003174,2.0
112,36,-6.768826007843018,9.547462463378906,13.0
112,37,-7.983621597290039,14.313558578491211,11.0
112,38,-2.3879270553588867,1.2201745510101318,1.0
112,39,-36.75807189941406,6.283352375030518,78.0
112,40,-12.437185287475586,2.078401565551758,10.0
112,41,-21.760812759399414,77.64617919921875,256.0
112,42,-23.70984649658203,10.707930564880371,87.0
112,43,-3.2250638008117676,1.496505856513977,3.0
112,44,-28.50579071044922,13.348919868469238,3415.0
112,45,-12.968249320983887,654.6657104492188,238.0
112,46,-23.972091674804688,8.839947700500488,11.0
112,47,-9.19161605834961,2.151075601577759,6.0
112,48,-14.46743392944336,18.056156158447266,413.0
112,49,-13.33985710144043,6.724071979522705,25.0
112,50,-13.970636367797852,4.722285747528076,6.0
112,51,-10.21662425994873,30.130605697631836,13.0
112,52,-2.115131139755249,1.6968655586242676,2.0
112,53,-16.29928970336914,10.262228965759277,111.0
112,54,-35.5382080078125,8.088818550109863,89.0
112,55,-13.836461067199707,15.915480613708496,220.0
112,56,-10.221321105957031,12.8755521774292,108.0
112,57,-10.469160079956055,5.725100517272949,12.0
112,58,-21.263412475585938,8.384135246276855,179.0
112,59,-51.01428985595703,9.18904972076416,119.0
112,60,-28.16514015197754,10.455153465270996,46.0
112,61,-6.283973693847656,2.8500282764434814,4.0
112,62,-28.674583435058594,9.076939582824707,136.0
112,63,-60.325462341308594,8.623411178588867,45.0
112,64,-32.04447937011719,11.76301097869873,223.0
112,65,-7.4072370529174805,40.593929290771484,6.0
112,66,-4.065777778625488,3.8777663707733154,4.0
114,0,-7.586492538452148,2.581347703933716,2.0
114,1,-9.311434745788574,2.172661542892456,4.0
114,2,-6.101902008056641,2.390972852706909,8.0
114,3,-20.903947830200195,1062.078125,1939.0
114,4,-15.65627384185791,7.078303337097168,22.0
114,5,-11.589677810668945,18.12730598449707,24.0
114,6,-10.559734344482422,8.264314651489258,8.0
114,7,-11.555940628051758,6.861939430236816,19.0
114,8,-33.48141860961914,16.282943725585938,74.0
114,9,-21.144100189208984,68.63617706298828,1033.0
114,10,-6.019758224487305,4.503881454467773,3.0
114,11,-7.031898021697998,4.081153392791748,2.0
114,12,-2.1734466552734375,1.1985596418380737,1.0
114,13,-11.265888214111328,1.6687684059143066,8.0
114,14,-2.2717981338500977,1.328399419784546,1.0
114,15,-14.32666301727295,1.7736977338790894,11.0
114,16,-6.3976311683654785,24.50349235534668,54.0
114,17,-5.909016132354736,2.325988531112671,2.0
114,18,-5.4990715980529785,3.9541587829589844,7.0
114,19,-7.652889251708984,2.602860689163208,7.0
114,20,-1.4982304573059082,1.2386634349822998,1.0
114,21,-17.427879333496094,2.2081968784332275,20.0
114,22,-18.0262393951416,20.17357063293457,8060.0
114,23,-22.6596736907959,4.529650688171387,52.0
114,24,-28.8704833984375,17.940277099609375,1866.0
114,25,-34.16600036621094,297.1786804199219,751.0
114,26,-20.08663558959961,28.43931770324707,87.0
114,27,-9.176117897033691,4.615190029144287,6.0
114,28,-3.428248882293701,2.3562285900115967,2.0
114,29,-51.85239791870117,10.558457374572754,2276.0
114,30,-9.838878631591797,4.077785491943359,4.0
114,31,-7.594865798950195,12.573884010314941,4.0
114,32,-7.485547065734863,42.21491241455078,54.0
114,33,-5.383874893188477,3.8419063091278076,5.0
114,34,-30.688737869262695,46.344017028808594,414.0
114,35,-2.767092227935791,2.5152294635772705,2.0
114,36,-6.729854583740234,9.424239158630371,12.0
114,37,-7.927530288696289,14.048423767089844,11.0
114,38,-2.373209238052368,1.2186789512634277,1.0
114,39,-36.690155029296875,6.262050628662109,78.0
114,40,-12.417659759521484,2.0760157108306885,9.0
114,41,-21.78664779663086,78.04841613769531,254.0
114,42,-23.75696563720703,10.758505821228027,88.0
114,43,-3.168850898742676,1.4860273599624634,3.0
114,44,-28.523971557617188,13.371002197265625,3286.0
114,45,-12.865278244018555,621.8128051757812,232.0
114,46,-23.968158721923828,8.83678913116455,11.0
114,47,-9.176153182983398,2.148305654525757,5.0
114,48,-14.4466552734375,17.981279373168945,414.0
114,49,-13.377140045166016,6.759981155395508,24.0
114,50,-13.90859317779541,4.689843654632568,6.0
114,51,-10.272115707397461,30.693124771118164,13.0
114,52,-2.1372275352478027,1.7062650918960571,2.0
114,53,-16.32114601135254,10.294321060180664,116.0
114,54,-35.556087493896484,8.097331047058105,88.0
114,55,-13.756589889526367,15.663262367248535,212.0
114,56,-10.22468090057373,12.886370658874512,108.0
114,57,-10.366716384887695,5.628180027008057,12.0
114,58,-21.129322052001953,8.272461891174316,178.0
114,59,-50.8658332824707,9.129928588867188,117.0
114,60,-28.22231674194336,10.505088806152344,45.0
114,61,-6.293128967285156,2.8543806076049805,4.0
114,62,-28.56341552734375,8.999650955200195,142.0
114,63,-60.455352783203125,8.663509368896484,46.0
114,64,-32.052330017089844,11.770116806030273,220.0
114,65,-7.4432373046875,41.331241607666016,6.0
114,66,-4.067525863647461,3.8800265789031982,4.0
116,0,-7.564076900482178,2.574124813079834,2.0
116,1,-9.384355545043945,2.1859042644500732,5.0
116,2,-6.088320732116699,2.386338233947754,8.0
116,3,-20.93418312072754,1072.8363037109375,1972.0
116,4,-15.711051940917969,7.126936912536621,22.0
116,5,-11.596906661987305,18.160097122192383,22.0
116,6,-10.584148406982422,8.304766654968262,8.0
116,7,-11.686370849609375,7.012740135192871,19.0
116,8,-33.364288330078125,16.12478256225586,73.0
116,9,-21.17353630065918,69.04147338867188,1023.0
116,10,-5.984681129455566,4.464558124542236,3.0
116,11,-7.047048568725586,4.093538761138916,2.0
116,12,-2.243621349334717,1.2055892944335938,1.0
116,13,-11.231010437011719,1.6661248207092285,8.0
116,14,-2.240377187728882,1.3231922388076782,1.0
116,15,-14.28731918334961,1.7709087133407593,11.0
116,16,-6.405220985412598,24.596656799316406,54.0
116,17,-5.955855369567871,2.341604471206665,2.0
116,18,-5.52677059173584,3.981635570526123,8.0
116,19,-7.665875434875488,2.6070892810821533,7.0
116,20,-1.5004010200500488,1.239047646522522,1.0
116,21,-17.440473556518555,2.2094614505767822,21.0
116,22,-17.908926010131836,19.782962799072266,7879.0
116,23,-22.715225219726562,4.546457290649414,54.0
116,24,-28.756908416748047,17.7376766204834,1817.0
116,25,-34.245941162109375,301.1645812988281,825.0
116,26,-20.085529327392578,28.4340763092041,84.0
116,27,-9.174189567565918,4.613707065582275,6.0
116,28,-3.3810014724731445,2.3285608291625977,2.0
116,29,-51.87960433959961,10.571523666381836,2301.0
116,30,-9.82250690460205,4.0682597160339355,4.0
116,31,-7.612849712371826,12.649484634399414,4.0
116,32,-7.443917274475098,41.34529495239258,50.0
116,33,-5.3566789627075195,3.8158740997314453,5.0
116,34,-30.724895477294922,46.553955078125,418.0
116,35,-2.7846672534942627,2.530007839202881,3.0
116,36,-6.780306339263916,9.584066390991211,13.0
116,37,-7.97288179397583,14.262410163879395,11.0
116,38,-2.3966243267059326,1.2210592031478882,1.0
116,39,-36.80500793457031,6.298115253448486,74.0
116,40,-12.518539428710938,2.088371753692627,9.0
116,41,-21.773548126220703,77.8442153930664,255.0
116,42,-23.642730712890625,10.636303901672363,87.0
116,43,-3.2584104537963867,1.5027568340301514,3.0
116,44,-28.449708938598633,13.281035423278809,3282.0
116,45,-12.938844680786133,645.1109619140625,237.0
116,46,-23.95311737060547,8.824712753295898,11.0
116,47,-9.230216979980469,2.158006429672241,5.0
116,48,-14.493999481201172,18.152347564697266,422.0
116,49,-13.376007080078125,6.758886814117432,23.0
116,50,-13.96666145324707,4.720200538635254,6.0
116,51,-10.214410781860352,30.108381271362305,13.0
116,52,-2.1456563472747803,1.7098643779754639,2.0
116,53,-16.337085723876953,10.317789077758789,111.0
116,54,-35.63291931152344,8.134010314941406,89.0
116,55,-13.77672004699707,15.726449012756348,212.0
116,56,-10.20505142211914,12.823287963867188,107.0
116,57,-10.39000129699707,5.650064468383789,12.0
116,58,-21.128902435302734,8.272115707397461,177.0
116,59,-51.038021087646484,9.19853687286377,119.0
116,60,-28.225618362426758,10.507980346679688,46.0
116,61,-6.309761047363281,2.8623037338256836,4.0
116,62,-28.611770629882812,9.033187866210938,144.0
116,63,-60.44618225097656,8.66067123413086,45.0
116,64,-32.004661560058594,11.727038383483887,219.0
116,65,-7.428862571716309,41.03524398803711,6.0
116,66,-4.037029266357422,3.8407835960388184,4.0
118,0,-7.656741142272949,2.604114294052124,2.0
118,1,-9.286436080932617,2.168140172958374,5.0
118,2,-6.052374839782715,2.3741157054901123,7.0
118,3,-20.92055320739746,1067.97314453125,1974.0
118,4,-15.716731071472168,7.131998062133789,22.0
118,5,-11.595558166503906,18.153974533081055,22.0
118,6,-10.51416015625,8.189330101013184,8.0
118,7,-11.6109619140625,6.925154209136963,19.0
118,8,-33.32827377319336,16.076461791992188,72.0
118,9,-21.104520797729492,68.09504699707031,1021.0
118,10,-6.087686061859131,4.581019401550293,3.0
118,11,-7.001246452331543,4.056210517883301,2.0
118,12,-2.208303213119507,1.2020461559295654,1.0
118,13,-11.177840232849121,1.6621029376983643,8.0
118,14,-2.2930312156677246,1.3319298028945923,1.0
118,15,-14.258509635925293,1.7688690423965454,11.0
118,16,-6.395211219787598,24.473859786987305,54.0
118,17,-5.964597225189209,2.3445308208465576,2.0
118,18,-5.512945175170898,3.9678971767425537,8.0
118,19,-7.65561580657959,2.603748083114624,7.0
118,20,-1.5147120952606201,1.2415833473205566,1.0
118,21,-17.39482879638672,2.2048821449279785,20.0
118,22,-17.922813415527344,19.82880401611328,8004.0
118,23,-22.685087203979492,4.537331581115723,54.0
118,24,-28.840534210205078,17.886629104614258,1844.0
118,25,-34.2868537902832,303.22515869140625,809.0
118,26,-20.11730194091797,28.58504295349121,86.0
118,27,-9.198334693908691,4.63231086730957,6.0
118,28,-3.4096426963806152,2.3452937602996826,2.0
118,29,-51.81106185913086,10.538636207580566,2281.0
118,30,-9.753796577453613,4.028521537780762,4.0
118,31,-7.631696701049805,12.729203224182129,4.0
118,32,-7.474201679229736,41.97611618041992,54.0
118,33,-5.364419937133789,3.82326602935791,5.0
118,34,-30.67124366760254,46.24278259277344,406.0
118,35,-2.786425828933716,2.53149151802063,2.0
118,36,-6.791942596435547,9.62131404876709,13.0
118,37,-7.9524431228637695,14.165569305419922,11.0
118,38,-2.3724188804626465,1.2185986042022705,1.0
118,39,-36.83142852783203,6.306441307067871,77.0
118,40,-12.384366989135742,2.0719540119171143,9.0
118,41,-21.73737335205078,77.28304290771484,252.0
118,42,-23.77172088623047,10.77439022064209,86.0
118,43,-3.2427194118499756,1.4998122453689575,3.0
118,44,-28.43561553955078,13.264033317565918,3206.0
118,45,-12.910645484924316,636.0789794921875,232.0
118,46,-24.068342208862305,8.917638778686523,11.0
118,47,-9.279397964477539,2.1668689250946045,6.0
118,48,-14.489123344421387,18.134654998779297,418.0
118,49,-13.358288764953613,6.741800308227539,25.0
118,50,-13.88715934753418,4.678688049316406,6.0
118,51,-10.185596466064453,29.82058334350586,13.0
118,52,-2.16086483001709,1.7163779735565186,2.0
118,53,-16.352558135986328,10.340620994567871,117.0
118,54,-35.4820671081543,8.062150955200195,88.0
118,55,-13.76759147644043,15.69776439666748,215.0
118,56,-10.149934768676758,12.647805213928223,105.0
118,57,-10.372749328613281,5.6338419914245605,12.0
118,58,-21.304466247558594,8.41862678527832,180.0
118,59,-51.073585510253906,9.212770462036133,119.0
118,60,-28.188669204711914,10.47567367553711,45.0
118,61,-6.318748474121094,2.8665947914123535,4.0
118,62,-28.574596405029297,9.00739574432373,140.0
118,63,-60.41168975830078,8.650009155273438,46.0
118,64,-32.18122100830078,11.887395858764648,218.0
118,65,-7.393717288970947,40.3204460144043,6.0
118,66,-4.080480575561523,3.896817445755005,4.0
120,0,-7.6106858253479,2.5891659259796143,2.0
120,1,-9.257200241088867,2.1628642082214355,4.0
120,2,-6.063355922698975,2.377842903137207,7.0
120,3,-20.909832000732422,1064.1632080078125,1986.0
120,4,-15.660615921020508,7.082146167755127,22.0
120,5,-11.572200775146484,18.048276901245117,22.0
120,6,-10.5325345993042,8.219478607177734,8.0
120,7,-11.623916625976562,6.940122604370117,19.0
120,8,-33.36180877685547,16.121450424194336,72.0
120,9,-21.131305694580078,68.46078491210938,1013.0
120,10,-6.114013671875,4.611270427703857,3.0
120,11,-6.980515480041504,4.039428234100342,2.0
120,12,-2.1945724487304688,1.2006715536117554,1.0
120,13,-11.252523422241211,1.667754888534546,8.0
120,14,-2.26580810546875,1.3274050951004028,1.0
120,15,-14.051166534423828,1.7542591094970703,11.0
120,16,-6.376656532287598,24.24785614013672,54.0
120,17,-5.99956750869751,2.3562729358673096,2.0
120,18,-5.5279693603515625,3.9828288555145264,8.0
120,19,-7.664055347442627,2.6064963340759277,7.0
120,20,-1.490920066833496,1.2373706102371216,1.0
120,21,-17.41099739074707,2.20650315284729,20.0
120,22,-18.009925842285156,20.118793487548828,8052.0
120,23,-22.81570816040039,4.5770158767700195,56.0
120,24,-28.84423828125,17.893253326416016,1899.0
120,25,-34.365718841552734,307.237060546875,838.0
120,26,-20.14406967163086,28.712852478027344,82.0
120,27,-9.157968521118164,4.601250648498535,6.0
120,28,-3.418729782104492,2.3506276607513428,2.0
120,29,-51.87898254394531,10.571222305297852,2314.0
120,30,-9.846498489379883,4.0822272300720215,4.0
120,31,-7.632279396057129,12.731677055358887,4.0
120,32,-7.487354278564453,42.253074645996094,53.0
120,33,-5.401349067687988,3.8587265014648438,5.0
120,34,-30.685009002685547,46.32242202758789,412.0
120,35,-2.772521495819092,2.5197856426239014,2.0
120,36,-6.766948223114014,9.541486740112305,13.0
120,37,-7.974226951599121,14.268803596496582,11.0
120,38,-2.3838062286376953,1.2197556495666504,1.0
120,39,-36.84674072265625,6.311270713806152,76.0
120,40,-12.482032775878906,2.0838918685913086,11.0
120,41,-21.795230865478516,78.1825180053711,257.0
120,42,-23.748214721679688,10.749094009399414,88.0
120,43,-3.2400031089782715,1.4993031024932861,3.0
120,44,-28.382129669189453,13.199692726135254,3280.0
120,45,-12.934892654418945,643.8374633789062,241.0
120,46,-23.99820899963379,8.860962867736816,11.0
120,47,-9.27420711517334,2.1659317016601562,6.0
120,48,-14.46832275390625,18.059368133544922,418.0
120,49,-13.308420181274414,6.693942070007324,25.0
120,50,-13.909536361694336,4.690335273742676,6.0
120,51,-10.186040878295898,29.824996948242188,13.0
120,52,-2.133047103881836,1.704482913017273,2.0
120,53,-16.273395538330078,10.224335670471191,111.0
120,54,-35.6722412109375,8.152847290039062,91.0
120,55,-13.738080024719238,15.605384826660156,212.0
120,56,-10.226431846618652,12.892013549804688,107.0
120,57,-10.359950065612793,5.6218366622924805,12.0
120,58,-21.136106491088867,8.278077125549316,182.0
120,59,-50.96936798095703,9.171120643615723,118.0
120,60,-28.254573822021484,10.533364295959473,47.0
120,61,-6.282751560211182,2.8494479656219482,4.0
120,62,-28.657503128051758,9.065023422241211,138.0
120,63,-60.25353240966797,8.601287841796875,46.0
120,64,-32.05110549926758,11.76900863647461,218.0
120,65,-7.421843528747559,40.891483306884766,6.0
120,66,-4.080964088439941,3.8974459171295166,4.0
