step,probe_index,log_prob,perplexity,hit_accuracy_at_1,hit_accuracy_at_10,hit_accuracy_at_100
0,0,-5.7392048835754395,17.630006790161133,0.5,1.0,1.0
0,1,-4.238266944885254,8.323921203613281,0.5,1.0,1.0
0,2,-8.712212562561035,18.248279571533203,0.6666666865348816,0.6666666865348816,0.6666666865348816
0,3,-17.699020385742188,6970.9736328125,0.0,0.0,0.0
0,4,-18.309795379638672,9460.662109375,0.0,0.0,0.5
0,5,-14.210725784301758,114.08097076416016,0.0,0.6666666865348816,0.6666666865348816
0,6,-30.071203231811523,150.18487548828125,0.5,0.6666666865348816,0.6666666865348816
0,7,-4.985685348510742,5.269287586212158,0.3333333432674408,1.0,1.0
0,8,-30.824989318847656,2222.1875,0.25,0.25,0.25
0,9,-16.73261833190918,264.4201965332031,0.0,0.6666666865348816,0.6666666865348816
0,10,-13.346391677856445,28.123287200927734,0.25,0.75,1.0
0,11,-17.053050994873047,11.428956031799316,0.5714285969734192,0.8571429252624512,0.8571429252624512
0,12,-12.542781829833984,529.2129516601562,0.5,0.5,0.5
0,13,-11.396530151367188,17.272790908813477,0.75,0.75,0.75
0,14,-18.07038116455078,8393.3134765625,0.0,0.0,0.5
0,15,-9.257163047790527,21.88323974609375,0.3333333432674408,0.6666666865348816,1.0
0,16,-7.100210189819336,34.816978454589844,0.5,0.5,1.0
0,17,-5.085314750671387,12.713410377502441,0.5,1.0,1.0
0,18,-3.989630699157715,7.350845813751221,0.5,1.0,1.0
0,19,-8.420701026916504,16.55851173400879,0.3333333432674408,0.6666666865348816,1.0
0,20,-6.100617408752441,446.1331481933594,0.0,0.0,1.0
0,21,-23.803560256958008,147529.015625,0.0,0.0,0.0
0,22,-25.925323486328125,25.550718307495117,0.25,0.625,0.875
0,23,-11.878338813781738,379.6195068359375,0.5,0.5,0.5
0,24,-5.880667209625244,18.922157287597656,0.5,0.5,1.0
0,25,-15.16069507598877,156.57968139648438,0.0,0.3333333432674408,1.0
0,26,-4.1381635665893555,7.917550086975098,0.5,1.0,1.0
0,27,-7.655381679534912,45.956298828125,0.0,1.0,1.0
0,28,-6.148895263671875,21.63792610168457,0.0,1.0,1.0
0,29,-6.765113830566406,29.445966720581055,0.0,1.0,1.0
0,30,-2.6685843467712402,14.41954231262207,0.0,1.0,1.0
0,31,-10.2524995803833,5.522054195404053,0.5,1.0,1.0
0,32,-2.9034578800201416,2.6321980953216553,0.6666666865348816,1.0,1.0
0,33,-15.961248397827148,2923.755615234375,0.0,0.0,0.5
0,34,-14.504036903381348,11.21597957611084,0.5,0.8333333730697632,0.8333333730697632
0,35,-5.538277626037598,15.944896697998047,0.5,0.5,1.0
0,36,-6.87519645690918,31.112144470214844,0.5,0.5,1.0
0,37,-12.838537216186523,4.976949214935303,0.75,0.875,1.0
0,38,-8.323609352111816,8.01169490814209,0.75,0.75,1.0
0,39,-13.605451583862305,900.2979736328125,0.5,0.5,0.5
0,40,-16.420671463012695,3678.77734375,0.0,0.5,0.5
0,41,-23.29823875427246,18.398696899414062,0.375,0.75,0.875
0,42,-5.9590229988098145,7.288815021514893,0.3333333432674408,1.0,1.0
0,43,-9.93341064453125,11.981366157531738,0.5,0.75,1.0
0,44,-17.484262466430664,79.1279067993164,0.0,0.5,0.75
0,45,-9.893308639526367,140.70343017578125,0.5,0.5,0.5
0,46,-11.547266960144043,46.95027160644531,0.6666666865348816,0.6666666865348816,0.6666666865348816
0,47,-9.236207962036133,21.730918884277344,0.6666666865348816,0.6666666865348816,0.6666666865348816
0,48,-12.98250675201416,8.70372486114502,0.3333333432674408,0.8333333730697632,1.0
0,49,-4.232407569885254,2.3314292430877686,0.800000011920929,1.0,1.0
0,50,-2.7113735675811768,3.8794240951538086,0.5,1.0,1.0
0,51,-19.811344146728516,27.16394805908203,0.3333333432674408,0.8333333730697632,0.8333333730697632
0,52,-9.956454277038574,145.21670532226562,0.5,0.5,0.5
0,53,-8.207232475280762,15.421216011047363,0.3333333432674408,0.6666666865348816,1.0
0,54,-11.641987800598145,10.261484146118164,0.6000000238418579,0.800000011920929,1.0
0,55,-9.987181663513184,12.143516540527344,0.5,0.75,1.0
0,56,-12.024698257446289,55.04949188232422,0.0,0.6666666865348816,1.0
0,57,-10.008785247802734,12.209280014038086,0.5,0.75,1.0
0,58,-19.571754455566406,681.2423095703125,0.0,0.0,0.6666666865348816
0,59,-5.9992547035217285,7.387220859527588,0.6666666865348816,0.6666666865348816,1.0
0,60,-8.643054008483887,8.67776107788086,0.5,1.0,1.0
0,61,-11.564628601074219,324.50933837890625,0.0,0.5,0.5
0,62,-9.728921890258789,11.384245872497559,0.25,1.0,1.0
0,63,-5.827884197235107,18.429306030273438,0.5,0.5,1.0
0,64,-9.578124046325684,120.18859100341797,0.0,0.5,1.0
0,65,-17.054214477539062,5049.81689453125,0.0,0.0,0.5
0,66,-11.622346878051758,48.14011001586914,0.6666666865348816,0.6666666865348816,0.6666666865348816
0,67,-18.068878173828125,8387.0078125,0.0,0.0,0.5
0,68,-11.0812349319458,40.19509506225586,0.3333333432674408,0.6666666865348816,0.6666666865348816
0,69,-9.676319122314453,126.23680877685547,0.0,0.5,1.0
0,70,-14.243043899536133,35.189964294433594,0.25,0.5,1.0
0,71,-6.632205486297607,27.55276107788086,0.5,0.5,1.0
1,0,-5.7392048835754395,17.630006790161133,0.5,1.0,1.0
1,1,-4.238266944885254,8.323921203613281,0.5,1.0,1.0
1,2,-8.712212562561035,18.248279571533203,0.6666666865348816,0.6666666865348816,0.6666666865348816
1,3,-17.699020385742188,6970.9736328125,0.0,0.0,0.0
1,4,-18.309795379638672,9460.662109375,0.0,0.0,0.5
1,5,-14.210725784301758,114.08097076416016,0.0,0.6666666865348816,0.6666666865348816
1,6,-30.071203231811523,150.18487548828125,0.5,0.6666666865348816,0.6666666865348816
1,7,-4.985685348510742,5.269287586212158,0.3333333432674408,1.0,1.0
1,8,-30.824989318847656,2222.1875,0.25,0.25,0.25
1,9,-16.73261833190918,264.4201965332031,0.0,0.6666666865348816,0.6666666865348816
1,10,-13.346391677856445,28.123287200927734,0.25,0.75,1.0
1,11,-17.053050994873047,11.428956031799316,0.5714285969734192,0.8571429252624512,0.8571429252624512
1,12,-12.542781829833984,529.2129516601562,0.5,0.5,0.5
1,13,-11.396530151367188,17.272790908813477,0.75,0.75,0.75
1,14,-18.07038116455078,8393.3134765625,0.0,0.0,0.5
1,15,-9.257163047790527,21.88323974609375,0.3333333432674408,0.6666666865348816,1.0
1,16,-7.100210189819336,34.816978454589844,0.5,0.5,1.0
1,17,-5.085314750671387,12.713410377502441,0.5,1.0,1.0
1,18,-3.989630699157715,7.350845813751221,0.5,1.0,1.0
1,19,-8.420701026916504,16.55851173400879,0.3333333432674408,0.6666666865348816,1.0
1,20,-6.100617408752441,446.1331481933594,0.0,0.0,1.0
1,21,-23.803560256958008,147529.015625,0.0,0.0,0.0
1,22,-25.925323486328125,25.550718307495117,0.25,0.625,0.875
1,23,-11.878338813781738,379.6195068359375,0.5,0.5,0.5
1,24,-5.880667209625244,18.922157287597656,0.5,0.5,1.0
1,25,-15.16069507598877,156.57968139648438,0.0,0.3333333432674408,1.0
1,26,-4.1381635665893555,7.917550086975098,0.5,1.0,1.0
1,27,-7.655381679534912,45.956298828125,0.0,1.0,1.0
1,28,-6.148895263671875,21.63792610168457,0.0,1.0,1.0
1,29,-6.765113830566406,29.445966720581055,0.0,1.0,1.0
1,30,-2.6685843467712402,14.41954231262207,0.0,1.0,1.0
1,31,-10.2524995803833,5.522054195404053,0.5,1.0,1.0
1,32,-2.9034578800201416,2.6321980953216553,0.6666666865348816,1.0,1.0
1,33,-15.961248397827148,2923.755615234375,0.0,0.0,0.5
1,34,-14.504036903381348,11.21597957611084,0.5,0.8333333730697632,0.8333333730697632
1,35,-5.538277626037598,15.944896697998047,0.5,0.5,1.0
1,36,-6.87519645690918,31.112144470214844,0.5,0.5,1.0
1,37,-12.838537216186523,4.976949214935303,0.75,0.875,1.0
1,38,-8.323609352111816,8.01169490814209,0.75,0.75,1.0
1,39,-13.605451583862305,900.2979736328125,0.5,0.5,0.5
1,40,-16.420671463012695,3678.77734375,0.0,0.5,0.5
1,41,-23.29823875427246,18.398696899414062,0.375,0.75,0.875
1,42,-5.9590229988098145,7.288815021514893,0.3333333432674408,1.0,1.0
1,43,-9.93341064453125,11.981366157531738,0.5,0.75,1.0
1,44,-17.484262466430664,79.1279067993164,0.0,0.5,0.75
1,45,-9.893308639526367,140.70343017578125,0.5,0.5,0.5
1,46,-11.547266960144043,46.95027160644531,0.6666666865348816,0.6666666865348816,0.6666666865348816
1,47,-9.236207962036133,21.730918884277344,0.6666666865348816,0.6666666865348816,0.6666666865348816
1,48,-12.98250675201416,8.70372486114502,0.3333333432674408,0.8333333730697632,1.0
1,49,-4.232407569885254,2.3314292430877686,0.800000011920929,1.0,1.0
1,50,-2.7113735675811768,3.8794240951538086,0.5,1.0,1.0
1,51,-19.811344146728516,27.16394805908203,0.3333333432674408,0.8333333730697632,0.8333333730697632
1,52,-9.956454277038574,145.21670532226562,0.5,0.5,0.5
1,53,-8.207232475280762,15.421216011047363,0.3333333432674408,0.6666666865348816,1.0
1,54,-11.641987800598145,10.261484146118164,0.6000000238418579,0.800000011920929,1.0
1,55,-9.987181663513184,12.143516540527344,0.5,0.75,1.0
1,56,-12.024698257446289,55.04949188232422,0.0,0.6666666865348816,1.0
1,57,-10.008785247802734,12.209280014038086,0.5,0.75,1.0
1,58,-19.571754455566406,681.2423095703125,0.0,0.0,0.6666666865348816
1,59,-5.9992547035217285,7.387220859527588,0.6666666865348816,0.6666666865348816,1.0
1,60,-8.643054008483887,8.67776107788086,0.5,1.0,1.0
1,61,-11.564628601074219,324.50933837890625,0.0,0.5,0.5
1,62,-9.728921890258789,11.384245872497559,0.25,1.0,1.0
1,63,-5.827884197235107,18.429306030273438,0.5,0.5,1.0
1,64,-9.578124046325684,120.18859100341797,0.0,0.5,1.0
1,65,-17.054214477539062,5049.81689453125,0.0,0.0,0.5
1,66,-11.622346878051758,48.14011001586914,0.6666666865348816,0.6666666865348816,0.6666666865348816
1,67,-18.068878173828125,8387.0078125,0.0,0.0,0.5
1,68,-11.0812349319458,40.19509506225586,0.3333333432674408,0.6666666865348816,0.6666666865348816
1,69,-9.676319122314453,126.23680877685547,0.0,0.5,1.0
1,70,-14.243043899536133,35.189964294433594,0.25,0.5,1.0
1,71,-6.632205486297607,27.55276107788086,0.5,0.5,1.0
2,0,-5.766090393066406,17.868602752685547,0.5,1.0,1.0
2,1,-4.209471702575684,8.204935073852539,0.5,1.0,1.0
2,2,-8.728833198547363,18.349658966064453,0.6666666865348816,0.6666666865348816,0.6666666865348816
2,3,-17.608028411865234,6660.9287109375,0.0,0.0,0.0
2,4,-18.040485382080078,8268.7841796875,0.0,0.0,0.5
2,5,-14.233291625976562,114.94232940673828,0.0,0.6666666865348816,0.6666666865348816
2,6,-30.19487190246582,153.3125762939453,0.5,0.6666666865348816,0.6666666865348816
2,7,-4.899252414703369,5.119640350341797,0.3333333432674408,1.0,1.0
2,8,-30.9047794342041,2266.95947265625,0.25,0.25,0.25
2,9,-16.685644149780273,260.3121643066406,0.0,0.6666666865348816,0.6666666865348816
2,10,-13.347152709960938,28.128637313842773,0.25,0.75,1.0
2,11,-17.084697723388672,11.480745315551758,0.5714285969734192,0.8571429252624512,0.8571429252624512
2,12,-12.439501762390137,502.5780334472656,0.5,0.5,0.5
2,13,-11.428829193115234,17.412830352783203,0.75,0.75,0.75
2,14,-17.998716354370117,8097.88525390625,0.0,0.0,0.5
2,15,-9.192030906677246,21.41326141357422,0.3333333432674408,0.6666666865348816,1.0
2,16,-7.091728210449219,34.66963195800781,0.5,0.5,1.0
2,17,-5.1879353523254395,13.382765769958496,0.5,1.0,1.0
2,18,-3.9239282608032227,7.113284587860107,0.5,1.0,1.0
2,19,-8.473113059997559,16.850343704223633,0.3333333432674408,0.6666666865348816,1.0
2,20,-6.067885875701904,431.76690673828125,0.0,0.0,1.0
2,21,-23.807315826416016,147806.296875,0.0,0.0,0.0
2,22,-25.83017921447754,25.248641967773438,0.25,0.625,0.875
2,23,-11.891634941101074,382.1516418457031,0.5,0.5,0.5
2,24,-5.88031530380249,18.9188289642334,0.5,0.5,1.0
2,25,-15.284608840942383,163.1825714111328,0.0,0.3333333432674408,1.0
2,26,-4.144731521606445,7.943593502044678,0.5,1.0,1.0
2,27,-7.630151748657227,45.38019943237305,0.0,1.0,1.0
2,28,-6.115606307983398,21.2807559967041,0.0,1.0,1.0
2,29,-6.73056697845459,28.941699981689453,0.0,1.0,1.0
2,30,-2.6715304851531982,14.46208667755127,0.0,1.0,1.0
2,31,-10.451187133789062,5.707976818084717,0.5,1.0,1.0
2,32,-2.9004480838775635,2.629558563232422,0.6666666865348816,1.0,1.0
2,33,-15.995550155639648,2974.3330078125,0.0,0.0,0.5
2,34,-14.463062286376953,11.139643669128418,0.5,0.8333333730697632,0.8333333730697632
2,35,-5.580479621887207,16.28492546081543,0.5,0.5,1.0
2,36,-6.847587585449219,30.685609817504883,0.5,0.5,1.0
2,37,-12.874323844909668,4.999262809753418,0.75,0.875,1.0
2,38,-8.335973739624023,8.036498069763184,0.75,0.75,1.0
2,39,-13.656699180603027,923.6651611328125,0.5,0.5,0.5
2,40,-16.39188003540039,3626.197998046875,0.0,0.5,0.5
2,41,-23.321441650390625,18.452138900756836,0.375,0.75,0.875
2,42,-5.966285705566406,7.306482791900635,0.3333333432674408,1.0,1.0
2,43,-9.94862174987793,12.027015686035156,0.5,0.75,1.0
2,44,-17.406753540039062,77.60939025878906,0.0,0.5,0.75
2,45,-9.904935836791992,141.5238037109375,0.5,0.5,0.5
2,46,-11.869966506958008,52.28217315673828,0.6666666865348816,0.6666666865348816,0.6666666865348816
2,47,-9.214624404907227,21.575136184692383,0.6666666865348816,0.6666666865348816,0.6666666865348816
2,48,-13.049619674682617,8.801626205444336,0.3333333432674408,0.8333333730697632,1.0
2,49,-4.24024772644043,2.335087776184082,0.800000011920929,1.0,1.0
2,50,-2.731175661087036,3.918025493621826,0.5,1.0,1.0
2,51,-19.852985382080078,27.35312843322754,0.3333333432674408,0.8333333730697632,0.8333333730697632
2,52,-9.899171829223633,141.11651611328125,0.5,0.5,0.5
2,53,-8.218435287475586,15.478907585144043,0.3333333432674408,0.6666666865348816,1.0
2,54,-11.60662841796875,10.189173698425293,0.6000000238418579,0.800000011920929,0.800000011920929
2,55,-9.975876808166504,12.109245300292969,0.5,0.75,1.0
2,56,-12.027231216430664,55.09599685668945,0.0,0.6666666865348816,1.0
2,57,-10.115217208862305,12.538504600524902,0.5,0.5,1.0
2,58,-19.57037353515625,680.928955078125,0.0,0.0,0.6666666865348816
2,59,-5.992582321166992,7.370809078216553,0.6666666865348816,0.6666666865348816,1.0
2,60,-8.629447937011719,8.648293495178223,0.5,1.0,1.0
2,61,-11.545536994934082,321.4263916015625,0.0,0.5,0.5
2,62,-9.697937965393066,11.296404838562012,0.25,1.0,1.0
2,63,-5.786666393280029,18.05338478088379,0.5,0.5,1.0
2,64,-9.522893905639648,116.91497802734375,0.0,0.5,1.0
2,65,-17.066234588623047,5080.25830078125,0.0,0.0,0.5
2,66,-11.655752182006836,48.67914962768555,0.6666666865348816,0.6666666865348816,0.6666666865348816
2,67,-18.16180419921875,8785.888671875,0.0,0.0,0.5
2,68,-11.08565616607666,40.25437927246094,0.3333333432674408,0.6666666865348816,0.6666666865348816
2,69,-9.659345626831055,125.17000579833984,0.0,0.5,1.0
2,70,-14.270021438598633,35.4281005859375,0.25,0.5,1.0
2,71,-6.609208583831787,27.237760543823242,0.5,0.5,1.0
3,0,-5.764298915863037,17.85260581970215,0.5,1.0,1.0
3,1,-4.16028356552124,8.005603790283203,0.5,1.0,1.0
3,2,-8.714424133300781,18.261737823486328,0.6666666865348816,0.6666666865348816,0.6666666865348816
3,3,-17.59265899658203,6609.9375,0.0,0.0,0.0
3,4,-18.304569244384766,9435.9736328125,0.0,0.0,0.5
3,5,-14.129456520080566,111.03204345703125,0.3333333432674408,0.6666666865348816,0.6666666865348816
3,6,-30.11492919921875,151.28341674804688,0.5,0.6666666865348816,0.6666666865348816
3,7,-5.031534194946289,5.350435733795166,0.3333333432674408,1.0,1.0
3,8,-30.85173225402832,2237.093994140625,0.25,0.25,0.25
3,9,-16.686872482299805,260.4186706542969,0.0,0.6666666865348816,0.6666666865348816
3,10,-13.34318733215332,28.100767135620117,0.25,0.75,1.0
3,11,-17.146608352661133,11.582735061645508,0.5714285969734192,0.8571429252624512,0.8571429252624512
3,12,-12.552011489868164,531.6608276367188,0.5,0.5,0.5
3,13,-11.409360885620117,17.32828712463379,0.75,0.75,0.75
3,14,-17.984378814697266,8040.04052734375,0.0,0.0,0.5
3,15,-9.228628158569336,21.67607879638672,0.3333333432674408,0.6666666865348816,1.0
3,16,-7.130704402923584,35.35190200805664,0.5,0.5,1.0
3,17,-5.1776204109191895,13.313921928405762,0.5,1.0,1.0
3,18,-4.027196407318115,7.490220069885254,0.5,1.0,1.0
3,19,-8.454647064208984,16.74694061279297,0.3333333432674408,0.6666666865348816,1.0
3,20,-6.1250433921813965,457.16455078125,0.0,0.0,1.0
3,21,-23.816322326660156,148473.40625,0.0,0.0,0.0
3,22,-25.984464645385742,25.740304946899414,0.25,0.625,0.875
3,23,-11.866982460021973,377.4700622558594,0.5,0.5,0.5
3,24,-5.849766254425049,18.632047653198242,0.5,0.5,1.0
3,25,-15.18774700164795,157.99801635742188,0.0,0.3333333432674408,1.0
3,26,-4.153317928314209,7.977770805358887,0.5,1.0,1.0
3,27,-7.605629920959473,44.82719421386719,0.0,1.0,1.0
3,28,-6.065878391265869,20.758155822753906,0.0,1.0,1.0
3,29,-6.747342109680176,29.18547248840332,0.0,1.0,1.0
3,30,-2.6735708713531494,14.49162483215332,0.0,1.0,1.0
3,31,-10.479715347290039,5.735180854797363,0.5,1.0,1.0
3,32,-2.8545899391174316,2.5896687507629395,0.6666666865348816,1.0,1.0
3,33,-15.966676712036133,2931.701904296875,0.0,0.0,0.5
3,34,-14.547637939453125,11.297780990600586,0.5,0.8333333730697632,0.8333333730697632
3,35,-5.479949951171875,15.486598014831543,0.5,0.5,1.0
3,36,-6.868405818939209,31.00668716430664,0.5,0.5,1.0
3,37,-12.891583442687988,5.0100603103637695,0.75,0.875,1.0
3,38,-8.335190773010254,8.03492546081543,0.75,0.75,1.0
3,39,-13.622307777404785,907.9178466796875,0.5,0.5,0.5
3,40,-16.391727447509766,3625.921630859375,0.0,0.5,0.5
3,41,-23.197084426879883,18.167522430419922,0.375,0.75,0.875
3,42,-6.0141777992248535,7.42405891418457,0.3333333432674408,1.0,1.0
3,43,-9.965034484863281,12.07646656036377,0.5,0.75,1.0
3,44,-17.441926956176758,78.29484558105469,0.0,0.5,0.75
3,45,-9.869832038879395,139.06146240234375,0.5,0.5,0.5
3,46,-11.755229949951172,50.32037353515625,0.6666666865348816,0.6666666865348816,0.6666666865348816
3,47,-9.238104820251465,21.74466323852539,0.6666666865348816,0.6666666865348816,0.6666666865348816
3,48,-12.99802017211914,8.726259231567383,0.3333333432674408,0.8333333730697632,1.0
3,49,-4.2233476638793945,2.3272085189819336,0.800000011920929,1.0,1.0
3,50,-2.7241783142089844,3.904341459274292,0.5,1.0,1.0
3,51,-19.76175308227539,26.94036293029785,0.3333333432674408,0.8333333730697632,0.8333333730697632
3,52,-9.873061180114746,139.2861785888672,0.5,0.5,0.5
3,53,-8.223384857177734,15.504467010498047,0.3333333432674408,0.6666666865348816,1.0
3,54,-11.71609115600586,10.414700508117676,0.6000000238418579,0.800000011920929,0.800000011920929
3,55,-10.018417358398438,12.238715171813965,0.5,0.75,1.0
3,56,-11.999557495117188,54.590091705322266,0.0,0.6666666865348816,1.0
3,57,-10.063444137573242,12.3772611618042,0.5,0.75,1.0
3,58,-19.413999557495117,646.3447875976562,0.0,0.0,0.6666666865348816
3,59,-6.007188320159912,7.406782150268555,0.6666666865348816,0.6666666865348816,1.0
3,60,-8.628805160522461,8.646903991699219,0.5,1.0,1.0
3,61,-11.661140441894531,340.55279541015625,0.0,0.5,0.5
3,62,-9.622611999511719,11.08566665649414,0.25,1.0,1.0
3,63,-5.817765235900879,18.3362979888916,0.5,0.5,1.0
3,64,-9.526992797851562,117.15483093261719,0.0,0.5,1.0
3,65,-17.12276268005371,5225.89501953125,0.0,0.0,0.5
3,66,-11.610671997070312,47.953125,0.6666666865348816,0.6666666865348816,0.6666666865348816
3,67,-18.153749465942383,8750.5751953125,0.0,0.0,0.5
3,68,-11.062384605407715,39.94332504272461,0.3333333432674408,0.6666666865348816,0.6666666865348816
3,69,-9.627618789672852,123.20004272460938,0.0,0.5,1.0
3,70,-14.161949157714844,34.48371887207031,0.25,0.5,1.0
3,71,-6.640575885772705,27.668317794799805,0.5,0.5,1.0
4,0,-5.761483669281006,17.82749366760254,0.5,1.0,1.0
4,1,-4.241683483123779,8.338152885437012,0.5,1.0,1.0
4,2,-8.734991073608398,18.387365341186523,0.6666666865348816,0.6666666865348816,0.6666666865348816
4,3,-17.570655822753906,6537.6162109375,0.0,0.0,0.0
4,4,-18.43827247619629,10088.3466796875,0.0,0.0,0.5
4,5,-14.260430335998535,115.98683166503906,0.3333333432674408,0.6666666865348816,0.6666666865348816
4,6,-30.038846969604492,149.37718200683594,0.5,0.6666666865348816,0.6666666865348816
4,7,-4.958553791046143,5.2218475341796875,0.3333333432674408,1.0,1.0
4,8,-30.861291885375977,2242.447021484375,0.25,0.25,0.5
4,9,-16.68324851989746,260.1043395996094,0.0,0.6666666865348816,0.6666666865348816
4,10,-13.380645751953125,28.365154266357422,0.25,0.75,1.0
4,11,-17.18584442138672,11.647838592529297,0.5714285969734192,0.8571429252624512,0.8571429252624512
4,12,-12.543889999389648,529.5062255859375,0.5,0.5,0.5
4,13,-11.406572341918945,17.31620979309082,0.75,0.75,0.75
4,14,-18.081409454345703,8439.72265625,0.0,0.0,0.5
4,15,-9.281481742858887,22.061351776123047,0.3333333432674408,0.6666666865348816,1.0
4,16,-7.129310131072998,35.327266693115234,0.5,0.5,1.0
4,17,-5.1548919677734375,13.16347599029541,0.5,1.0,1.0
4,18,-3.939692974090576,7.1695756912231445,0.5,1.0,1.0
4,19,-8.42276382446289,16.569900512695312,0.3333333432674408,0.6666666865348816,1.0
4,20,-6.102072238922119,446.7826843261719,0.0,0.0,1.0
4,21,-23.824424743652344,149076.125,0.0,0.0,0.0
4,22,-25.83852767944336,25.275005340576172,0.25,0.625,0.875
4,23,-11.889398574829102,381.72454833984375,0.5,0.5,0.5
4,24,-5.848849773406982,18.62351417541504,0.5,0.5,1.0
4,25,-15.190536499023438,158.14498901367188,0.0,0.3333333432674408,1.0
4,26,-4.181569576263428,8.091262817382812,0.5,1.0,1.0
4,27,-7.598882675170898,44.67621612548828,0.0,1.0,1.0
4,28,-6.125448226928711,21.38573455810547,0.0,1.0,1.0
4,29,-6.745780944824219,29.16269874572754,0.0,1.0,1.0
4,30,-2.6218924522399902,13.76174259185791,0.0,1.0,1.0
4,31,-10.378957748413086,5.639674186706543,0.5,1.0,1.0
4,32,-2.8756673336029053,2.6079273223876953,0.6666666865348816,1.0,1.0
4,33,-15.901430130004883,2837.603271484375,0.0,0.0,0.5
4,34,-14.466019630432129,11.145137786865234,0.5,0.8333333730697632,0.8333333730697632
4,35,-5.478454113006592,15.475019454956055,0.5,0.5,1.0
4,36,-6.847585678100586,30.685579299926758,0.5,0.5,1.0
4,37,-12.861969947814941,4.991548538208008,0.75,0.875,1.0
4,38,-8.331192970275879,8.026898384094238,0.75,0.75,1.0
4,39,-13.696030616760254,942.0093994140625,0.5,0.5,0.5
4,40,-16.393756866455078,3629.6025390625,0.0,0.5,0.5
4,41,-23.206501007080078,18.188919067382812,0.375,0.75,0.875
4,42,-5.979547500610352,7.338852882385254,0.3333333432674408,1.0,1.0
4,43,-9.885645866394043,11.839146614074707,0.5,0.75,1.0
4,44,-17.386674880981445,77.22079467773438,0.0,0.5,0.75
4,45,-9.84807014465332,137.55654907226562,0.5,0.5,0.5
4,46,-11.661309242248535,48.76940155029297,0.6666666865348816,0.6666666865348816,0.6666666865348816
4,47,-9.19102954864502,21.40611457824707,0.6666666865348816,0.6666666865348816,0.6666666865348816
4,48,-13.016946792602539,8.753827095031738,0.3333333432674408,0.8333333730697632,1.0
4,49,-4.149042129516602,2.292879581451416,0.800000011920929,1.0,1.0
4,50,-2.7418370246887207,3.938966989517212,0.5,1.0,1.0
4,51,-19.812711715698242,27.17013931274414,0.3333333432674408,0.8333333730697632,0.8333333730697632
4,52,-9.940729141235352,144.07940673828125,0.5,0.5,0.5
4,53,-8.300224304199219,15.906718254089355,0.3333333432674408,0.6666666865348816,1.0
4,54,-11.674184799194336,10.327775955200195,0.6000000238418579,0.800000011920929,0.800000011920929
4,55,-10.016751289367676,12.233619689941406,0.5,0.75,1.0
4,56,-12.062114715576172,55.74037551879883,0.0,0.6666666865348816,1.0
4,57,-9.991040229797363,12.155237197875977,0.5,0.75,1.0
4,58,-19.49945640563965,665.0211181640625,0.0,0.0,0.6666666865348816
4,59,-5.994694709777832,7.37600040435791,0.6666666865348816,0.6666666865348816,1.0
4,60,-8.672953605651855,8.742868423461914,0.5,1.0,1.0
4,61,-11.6237211227417,334.24041748046875,0.0,0.5,0.5
4,62,-9.665258407592773,11.204490661621094,0.25,1.0,1.0
4,63,-5.811591625213623,18.27978515625,0.5,0.5,1.0
4,64,-9.515686988830566,116.49443817138672,0.0,0.5,1.0
4,65,-17.070871353149414,5092.04931640625,0.0,0.0,0.5
4,66,-11.634952545166016,48.34281539916992,0.6666666865348816,0.6666666865348816,0.6666666865348816
4,67,-18.16324806213379,8792.2333984375,0.0,0.0,0.5
4,68,-11.070013046264648,40.045021057128906,0.3333333432674408,0.6666666865348816,0.6666666865348816
4,69,-9.678518295288086,126.37569427490234,0.0,0.5,1.0
4,70,-14.222644805908203,35.010963439941406,0.25,0.5,1.0
4,71,-6.6444478034973145,27.721933364868164,0.5,0.5,1.0
5,0,-5.7459564208984375,17.68962287902832,0.5,1.0,1.0
5,1,-4.215146064758301,8.22824764251709,0.5,1.0,1.0
5,2,-8.72748851776123,18.3414363861084,0.6666666865348816,0.6666666865348816,0.6666666865348816
5,3,-17.60173988342285,6640.01806640625,0.0,0.0,0.0
5,4,-18.2773494720459,9308.4208984375,0.0,0.0,0.5
5,5,-14.248336791992188,115.52021026611328,0.3333333432674408,0.6666666865348816,0.6666666865348816
5,6,-30.148193359375,152.12442016601562,0.5,0.6666666865348816,0.6666666865348816
5,7,-4.919099807739258,5.153622627258301,0.3333333432674408,1.0,1.0
5,8,-30.886428833007812,2256.58349609375,0.25,0.25,0.25
5,9,-16.569847106933594,250.455810546875,0.0,0.6666666865348816,0.6666666865348816
5,10,-13.363872528076172,28.2464599609375,0.25,0.75,1.0
5,11,-17.110698699951172,11.523467063903809,0.5714285969734192,0.8571429252624512,0.8571429252624512
5,12,-12.43482494354248,501.4041748046875,0.5,0.5,0.5
5,13,-11.396583557128906,17.27302360534668,0.75,0.75,0.75
5,14,-18.06709861755371,8379.548828125,0.0,0.0,0.5
5,15,-9.215579986572266,21.58201026916504,0.3333333432674408,0.6666666865348816,1.0
5,16,-7.160644054412842,35.885093688964844,0.5,0.5,1.0
5,17,-5.179940223693848,13.32937240600586,0.5,1.0,1.0
5,18,-3.983133554458618,7.327004909515381,0.5,1.0,1.0
5,19,-8.492347717285156,16.958728790283203,0.3333333432674408,0.6666666865348816,1.0
5,20,-6.093792915344238,443.098876953125,0.0,0.0,1.0
5,21,-23.864055633544922,152059.59375,0.0,0.0,0.0
5,22,-25.8154296875,25.202136993408203,0.25,0.625,0.875
5,23,-11.920381546020508,387.6840515136719,0.5,0.5,0.5
5,24,-5.868722438812256,18.80948257446289,0.5,0.5,1.0
5,25,-15.222339630126953,159.83041381835938,0.0,0.3333333432674408,1.0
5,26,-4.233108043670654,8.302477836608887,0.5,1.0,1.0
5,27,-7.544953346252441,43.48763656616211,0.0,1.0,1.0
5,28,-6.0638837814331055,20.737462997436523,0.0,1.0,1.0
5,29,-6.8015456199646,29.98726463317871,0.0,1.0,1.0
5,30,-2.6332077980041504,13.918346405029297,0.0,1.0,1.0
5,31,-10.372102737426758,5.633234977722168,0.5,1.0,1.0
5,32,-2.913364887237549,2.6409049034118652,0.6666666865348816,1.0,1.0
5,33,-15.975811004638672,2945.1220703125,0.0,0.0,0.5
5,34,-14.478649139404297,11.168620109558105,0.5,0.8333333730697632,0.8333333730697632
5,35,-5.537322521209717,15.937284469604492,0.5,0.5,1.0
5,36,-6.915600776672363,31.747066497802734,0.5,0.5,1.0
5,37,-12.847525596618652,4.982544422149658,0.75,0.875,1.0
5,38,-8.320987701416016,8.00644588470459,0.75,0.75,1.0
5,39,-13.64693546295166,919.1668701171875,0.5,0.5,0.5
5,40,-16.408967971801758,3657.313232421875,0.0,0.5,0.5
5,41,-23.303382873535156,18.410531997680664,0.375,0.75,0.875
5,42,-5.937206268310547,7.236001491546631,0.3333333432674408,1.0,1.0
5,43,-9.886775970458984,11.842491149902344,0.5,1.0,1.0
5,44,-17.44683074951172,78.39088439941406,0.0,0.5,0.75
5,45,-9.838807106018066,136.92092895507812,0.5,0.5,0.5
5,46,-11.672630310058594,48.95378875732422,0.6666666865348816,0.6666666865348816,0.6666666865348816
5,47,-9.235003471374512,21.72219467163086,0.6666666865348816,0.6666666865348816,0.6666666865348816
5,48,-13.031959533691406,8.775758743286133,0.3333333432674408,0.8333333730697632,1.0
5,49,-4.149352073669434,2.2930216789245605,0.800000011920929,1.0,1.0
5,50,-2.716524124145508,3.889427661895752,0.5,1.0,1.0
5,51,-19.792720794677734,27.079769134521484,0.3333333432674408,0.8333333730697632,0.8333333730697632
5,52,-9.92333984375,142.8321075439453,0.5,0.5,0.5
5,53,-8.214253425598145,15.457348823547363,0.3333333432674408,0.6666666865348816,1.0
5,54,-11.59269905090332,10.160826683044434,0.6000000238418579,0.800000011920929,1.0
5,55,-9.996177673339844,12.170858383178711,0.5,0.75,1.0
5,56,-12.016731262207031,54.903499603271484,0.0,0.6666666865348816,1.0
5,57,-10.057924270629883,12.360193252563477,0.5,0.75,1.0
5,58,-19.52232551574707,670.110107421875,0.0,0.0,0.6666666865348816
5,59,-6.056767463684082,7.530207633972168,0.6666666865348816,0.6666666865348816,1.0
5,60,-8.704846382141113,8.81285572052002,0.5,1.0,1.0
5,61,-11.546653747558594,321.60589599609375,0.0,0.5,0.5
5,62,-9.717095375061035,11.35063648223877,0.25,1.0,1.0
5,63,-5.8377790451049805,18.520709991455078,0.5,0.5,1.0
5,64,-9.552220344543457,118.64196014404297,0.0,0.5,1.0
5,65,-17.124927520751953,5231.5546875,0.0,0.0,0.5
5,66,-11.676915168762207,49.02376174926758,0.6666666865348816,0.6666666865348816,0.6666666865348816
5,67,-18.168121337890625,8813.6826171875,0.0,0.0,0.5
5,68,-11.109424591064453,40.57456970214844,0.3333333432674408,0.6666666865348816,0.6666666865348816
5,69,-9.627239227294922,123.17666625976562,0.0,0.5,1.0
5,70,-14.191267967224121,34.737403869628906,0.25,0.5,1.0
5,71,-6.672321319580078,28.110992431640625,0.5,0.5,1.0
6,0,-5.7716264724731445,17.918134689331055,0.5,1.0,1.0
6,1,-4.182958126068115,8.096881866455078,0.5,1.0,1.0
6,2,-8.71414852142334,18.260061264038086,0.6666666865348816,0.6666666865348816,0.6666666865348816
6,3,-17.5087890625,6338.48193359375,0.0,0.0,0.0
6,4,-18.316181182861328,9490.91796875,0.0,0.0,0.5
6,5,-14.169268608093262,112.5153579711914,0.3333333432674408,0.6666666865348816,0.6666666865348816
6,6,-30.0068359375,148.5823211669922,0.5,0.6666666865348816,0.6666666865348816
6,7,-4.912463665008545,5.14223575592041,0.3333333432674408,1.0,1.0
6,8,-30.893428802490234,2260.535888671875,0.25,0.25,0.25
6,9,-16.657052993774414,257.8430480957031,0.0,0.6666666865348816,0.6666666865348816
6,10,-13.3853759765625,28.398717880249023,0.25,0.75,1.0
6,11,-17.1445369720459,11.579304695129395,0.5714285969734192,0.8571429252624512,0.8571429252624512
6,12,-12.577094078063965,538.3704833984375,0.5,0.5,0.5
6,13,-11.366311073303223,17.142791748046875,0.75,0.75,0.75
6,14,-18.069183349609375,8388.287109375,0.0,0.0,0.5
6,15,-9.249917984008789,21.830455780029297,0.3333333432674408,0.6666666865348816,1.0
6,16,-7.143348693847656,35.57611083984375,0.5,0.5,1.0
6,17,-5.1747260093688965,13.294668197631836,0.5,1.0,1.0
6,18,-3.9309566020965576,7.138326644897461,0.5,1.0,1.0
6,19,-8.457962036132812,16.765457153320312,0.3333333432674408,0.6666666865348816,1.0
6,20,-6.109543800354004,450.1333312988281,0.0,0.0,1.0
6,21,-23.83083152770996,149554.4375,0.0,0.0,0.0
6,22,-25.936086654663086,25.58511734008789,0.25,0.625,0.875
6,23,-11.827289581298828,370.0524597167969,0.5,0.5,0.5
6,24,-5.869678974151611,18.8184814453125,0.5,0.5,1.0
6,25,-15.239264488220215,160.73464965820312,0.0,0.3333333432674408,1.0
6,26,-4.30900764465332,8.623610496520996,0.5,1.0,1.0
6,27,-7.542934417724609,43.44375991821289,0.0,1.0,1.0
6,28,-6.155214309692383,21.70639991760254,0.0,1.0,1.0
6,29,-6.7842206954956055,29.728622436523438,0.0,1.0,1.0
6,30,-2.6289429664611816,13.859113693237305,0.0,1.0,1.0
6,31,-10.314251899719238,5.5791802406311035,0.5,1.0,1.0
6,32,-2.9073989391326904,2.6356585025787354,0.6666666865348816,1.0,1.0
6,33,-15.99666976928711,2975.99853515625,0.0,0.0,0.5
6,34,-14.46658706665039,11.146190643310547,0.5,0.8333333730697632,0.8333333730697632
6,35,-5.474074363708496,15.441168785095215,0.5,0.5,1.0
6,36,-6.892645835876465,31.384775161743164,0.5,0.5,1.0
6,37,-12.875255584716797,4.999845027923584,0.75,0.875,1.0
6,38,-8.315443992614746,7.995357036590576,0.75,0.75,1.0
6,39,-13.652482032775879,921.7195434570312,0.5,0.5,0.5
6,40,-16.409849166870117,3658.9248046875,0.0,0.5,0.5
6,41,-23.217784881591797,18.2145938873291,0.375,0.75,0.875
6,42,-5.944207191467285,7.2529072761535645,0.3333333432674408,1.0,1.0
6,43,-9.93724250793457,11.992850303649902,0.5,0.75,1.0
6,44,-17.51126480102539,79.66387176513672,0.0,0.5,0.75
6,45,-9.894908905029297,140.8160400390625,0.5,0.5,0.5
6,46,-11.688399314880371,49.211788177490234,0.6666666865348816,0.6666666865348816,0.6666666865348816
6,47,-9.216930389404297,21.59172821044922,0.6666666865348816,0.6666666865348816,0.6666666865348816
6,48,-12.963312149047852,8.675926208496094,0.3333333432674408,0.8333333730697632,1.0
6,49,-4.149222373962402,2.292962074279785,0.800000011920929,1.0,1.0
6,50,-2.702930212020874,3.863081216812134,0.5,1.0,1.0
6,51,-19.74750518798828,26.876462936401367,0.3333333432674408,0.8333333730697632,0.8333333730697632
6,52,-9.908013343811035,141.7417449951172,0.5,0.5,0.5
6,53,-8.185683250427246,15.31084156036377,0.3333333432674408,0.6666666865348816,1.0
6,54,-11.693302154541016,10.367340087890625,0.6000000238418579,0.800000011920929,0.800000011920929
6,55,-10.011409759521484,12.217293739318848,0.5,0.75,1.0
6,56,-12.036685943603516,55.269901275634766,0.0,0.6666666865348816,1.0
6,57,-10.112981796264648,12.531499862670898,0.5,0.75,1.0
6,58,-19.528636932373047,671.5213012695312,0.0,0.0,0.6666666865348816
6,59,-6.027730941772461,7.457675457000732,0.6666666865348816,0.6666666865348816,1.0
6,60,-8.600141525268555,8.585162162780762,0.5,1.0,1.0
6,61,-11.652854919433594,339.1449279785156,0.0,0.5,0.5
6,62,-9.794183731079102,11.57150936126709,0.25,1.0,1.0
6,63,-5.780392169952393,17.99683952331543,0.5,0.5,1.0
6,64,-9.513916969299316,116.39138793945312,0.0,0.5,1.0
6,65,-17.126083374023438,5234.5791015625,0.0,0.0,0.5
6,66,-11.613424301147461,47.99713897705078,0.6666666865348816,0.6666666865348816,0.6666666865348816
6,67,-18.183082580566406,8879.8623046875,0.0,0.0,0.5
6,68,-11.091484069824219,40.3326530456543,0.3333333432674408,0.6666666865348816,0.6666666865348816
6,69,-9.628124237060547,123.23118591308594,0.0,0.5,1.0
6,70,-14.1781644821167,34.62379455566406,0.25,0.5,1.0
6,71,-6.658302307128906,27.914636611938477,0.5,0.5,1.0
7,0,-5.778463363647461,17.979490280151367,0.5,1.0,1.0
7,1,-4.1815338134765625,8.091117858886719,0.5,1.0,1.0
7,2,-8.679622650146484,18.051116943359375,0.6666666865348816,0.6666666865348816,0.6666666865348816
7,3,-17.579479217529297,6566.52197265625,0.0,0.0,0.0
7,4,-18.072954177856445,8404.1181640625,0.0,0.0,0.5
7,5,-14.24056339263916,115.22126770019531,0.0,0.6666666865348816,0.6666666865348816
7,6,-30.022916793823242,148.98110961914062,0.5,0.6666666865348816,0.6666666865348816
7,7,-4.958244323730469,5.221308708190918,0.3333333432674408,1.0,1.0
7,8,-30.8991641998291,2263.779541015625,0.25,0.25,0.25
7,9,-16.633712768554688,255.84478759765625,0.0,0.6666666865348816,0.6666666865348816
7,10,-13.386069297790527,28.40363883972168,0.25,0.75,1.0
7,11,-17.098636627197266,11.503628730773926,0.5714285969734192,0.8571429252624512,0.8571429252624512
7,12,-12.525003433227539,524.529541015625,0.5,0.5,0.5
7,13,-11.386299133300781,17.228668212890625,0.75,0.75,0.75
7,14,-18.036697387695312,8253.1376953125,0.0,0.0,0.5
7,15,-9.170220375061035,21.25814437866211,0.3333333432674408,0.6666666865348816,1.0
7,16,-7.141992568969727,35.55199432373047,0.5,0.5,1.0
7,17,-5.149413108825684,13.12746524810791,0.5,1.0,1.0
7,18,-3.8821702003479004,6.966306209564209,0.5,1.0,1.0
7,19,-8.379775047302246,16.334156036376953,0.3333333432674408,0.6666666865348816,1.0
7,20,-6.131724834442139,460.2292785644531,0.0,0.0,1.0
7,21,-23.754837036132812,143978.390625,0.0,0.0,0.0
7,22,-25.903972625732422,25.48261833190918,0.25,0.625,0.875
7,23,-11.86345386505127,376.8046875,0.5,0.5,0.5
7,24,-5.837163925170898,18.515012741088867,0.5,0.5,1.0
7,25,-15.196767807006836,158.4738311767578,0.0,0.3333333432674408,1.0
7,26,-4.22946834564209,8.287382125854492,0.5,1.0,1.0
7,27,-7.594522476196289,44.578922271728516,0.0,1.0,1.0
7,28,-6.099706649780273,21.112247467041016,0.0,1.0,1.0
7,29,-6.749197006225586,29.212553024291992,0.0,1.0,1.0
7,30,-2.6713504791259766,14.45948314666748,0.0,1.0,1.0
7,31,-10.372218132019043,5.63334321975708,0.5,1.0,1.0
7,32,-2.890629291534424,2.6209664344787598,0.6666666865348816,1.0,1.0
7,33,-16.068288803100586,3084.498779296875,0.0,0.0,0.5
7,34,-14.457837104797363,11.129949569702148,0.5,0.8333333730697632,0.8333333730697632
7,35,-5.39738655090332,14.86030101776123,0.5,0.5,1.0
7,36,-6.854228973388672,30.787675857543945,0.5,0.5,1.0
7,37,-12.841212272644043,4.97861385345459,0.75,0.875,1.0
7,38,-8.303315162658691,7.9711503982543945,0.75,0.75,1.0
7,39,-13.713708877563477,950.3728637695312,0.5,0.5,0.5
7,40,-16.357702255249023,3564.757080078125,0.0,0.5,0.5
7,41,-23.194255828857422,18.161100387573242,0.375,0.75,0.875
7,42,-5.897858619689941,7.141715049743652,0.3333333432674408,1.0,1.0
7,43,-9.988260269165039,12.1467924118042,0.5,0.75,1.0
7,44,-17.478269577026367,79.00944519042969,0.0,0.5,0.75
7,45,-9.877299308776855,139.58163452148438,0.5,0.5,0.5
7,46,-11.72748851776123,49.85719299316406,0.6666666865348816,0.6666666865348816,0.6666666865348816
7,47,-9.246174812316895,21.803232192993164,0.6666666865348816,0.6666666865348816,0.6666666865348816
7,48,-13.0020751953125,8.732157707214355,0.3333333432674408,0.8333333730697632,1.0
7,49,-4.134599685668945,2.2862658500671387,0.800000011920929,1.0,1.0
7,50,-2.7310879230499268,3.917853593826294,0.5,1.0,1.0
7,51,-19.815135955810547,27.181121826171875,0.3333333432674408,0.8333333730697632,0.8333333730697632
7,52,-9.934464454650879,143.62879943847656,0.5,0.5,0.5
7,53,-8.18625259399414,15.31374740600586,0.3333333432674408,0.6666666865348816,1.0
7,54,-11.652823448181152,10.283747673034668,0.6000000238418579,0.800000011920929,1.0
7,55,-10.040000915527344,12.304933547973633,0.5,0.75,1.0
7,56,-11.95439338684082,53.774410247802734,0.0,0.6666666865348816,1.0
7,57,-10.079046249389648,12.425633430480957,0.5,0.75,1.0
7,58,-19.502246856689453,665.6400756835938,0.0,0.0,0.6666666865348816
7,59,-6.017609596252441,7.432556629180908,0.6666666865348816,0.6666666865348816,1.0
7,60,-8.620110511779785,8.628129005432129,0.5,1.0,1.0
7,61,-11.709949493408203,348.9660949707031,0.0,0.5,0.5
7,62,-9.724964141845703,11.372987747192383,0.25,1.0,1.0
7,63,-5.8216657638549805,18.372093200683594,0.5,0.5,1.0
7,64,-9.501612663269043,115.67752075195312,0.0,0.5,1.0
7,65,-17.092622756958008,5147.7314453125,0.0,0.0,0.5
7,66,-11.641121864318848,48.44232940673828,0.6666666865348816,0.6666666865348816,0.6666666865348816
7,67,-18.11162567138672,8568.19921875,0.0,0.0,0.5
7,68,-11.06485366821289,39.97621536254883,0.3333333432674408,0.6666666865348816,0.6666666865348816
7,69,-9.645734786987305,124.32106018066406,0.0,0.5,1.0
7,70,-14.21187686920166,34.916839599609375,0.25,0.5,1.0
7,71,-6.642638683319092,27.696868896484375,0.5,0.5,1.0
8,0,-5.790020942687988,18.083688735961914,0.5,1.0,1.0
8,1,-4.227229595184326,8.27811050415039,0.5,1.0,1.0
8,2,-8.710260391235352,18.236412048339844,0.6666666865348816,0.6666666865348816,0.6666666865348816
8,3,-17.551422119140625,6475.04638671875,0.0,0.0,0.0
8,4,-18.324886322021484,9532.3173828125,0.0,0.0,0.5
8,5,-14.285786628723145,116.97135925292969,0.0,0.6666666865348816,0.6666666865348816
8,6,-30.064239501953125,150.0106658935547,0.5,0.6666666865348816,0.6666666865348816
8,7,-4.867066860198975,5.065007209777832,0.3333333432674408,1.0,1.0
8,8,-30.832021713256836,2226.09765625,0.25,0.25,0.25
8,9,-16.626161575317383,255.2015838623047,0.0,0.6666666865348816,0.6666666865348816
8,10,-13.367667198181152,28.273269653320312,0.25,0.75,1.0
8,11,-17.074207305908203,11.46355152130127,0.5714285969734192,0.8571429252624512,0.8571429252624512
8,12,-12.361257553100586,483.2957763671875,0.5,0.5,0.5
8,13,-11.374361038208008,17.177326202392578,0.75,0.75,0.75
8,14,-18.081926345825195,8441.904296875,0.0,0.0,0.5
8,15,-9.226341247558594,21.659563064575195,0.3333333432674408,0.6666666865348816,1.0
8,16,-7.1447248458862305,35.6005973815918,0.5,0.5,1.0
8,17,-5.2110748291015625,13.538498878479004,0.5,1.0,1.0
8,18,-3.9328339099884033,7.145029544830322,0.5,1.0,1.0
8,19,-8.403038024902344,16.4613094329834,0.3333333432674408,0.6666666865348816,1.0
8,20,-6.1118245124816895,451.1611328125,0.0,0.0,1.0
8,21,-23.846622467041016,150739.921875,0.0,0.0,0.0
8,22,-25.850271224975586,25.312135696411133,0.25,0.625,0.875
8,23,-11.862064361572266,376.54296875,0.5,0.5,0.5
8,24,-5.877052307128906,18.88798713684082,0.5,0.5,1.0
8,25,-15.16260051727295,156.67916870117188,0.0,0.3333333432674408,1.0
8,26,-4.256295204162598,8.399292945861816,0.5,1.0,1.0
8,27,-7.592755317687988,44.53955078125,0.0,1.0,1.0
8,28,-6.078615188598633,20.89077377319336,0.0,1.0,1.0
8,29,-6.713358402252197,28.693744659423828,0.0,1.0,1.0
8,30,-2.6697986125946045,14.437061309814453,0.0,1.0,1.0
8,31,-10.29979133605957,5.565750598907471,0.5,1.0,1.0
8,32,-2.8886027336120605,2.6191964149475098,0.6666666865348816,1.0,1.0
8,33,-16.00409698486328,2987.07080078125,0.0,0.0,0.5
8,34,-14.458934783935547,11.13198471069336,0.5,0.8333333730697632,0.8333333730697632
8,35,-5.460661888122559,15.337963104248047,0.5,0.5,1.0
8,36,-6.917201042175293,31.772480010986328,0.5,0.5,1.0
8,37,-12.833539962768555,4.973841667175293,0.75,0.875,1.0
8,38,-8.315855979919434,7.996181011199951,0.75,0.75,1.0
8,39,-13.674393653869629,931.873291015625,0.5,0.5,0.5
8,40,-16.392288208007812,3626.938232421875,0.0,0.5,0.5
8,41,-23.113807678222656,17.979387283325195,0.375,0.75,0.875
8,42,-5.973977565765381,7.325239658355713,0.3333333432674408,1.0,1.0
8,43,-10.043046951293945,12.314306259155273,0.5,0.75,1.0
8,44,-17.414371490478516,77.75733184814453,0.0,0.5,0.75
8,45,-9.870501518249512,139.1080322265625,0.5,0.5,0.5
8,46,-11.557640075683594,47.112892150878906,0.6666666865348816,0.6666666865348816,0.6666666865348816
8,47,-9.250823020935059,21.8370418548584,0.6666666865348816,0.6666666865348816,0.6666666865348816
8,48,-12.976204872131348,8.694589614868164,0.3333333432674408,0.8333333730697632,1.0
8,49,-4.119131088256836,2.2792038917541504,0.800000011920929,1.0,1.0
8,50,-2.741603374481201,3.938506841659546,0.5,1.0,1.0
8,51,-19.785179138183594,27.045751571655273,0.3333333432674408,0.8333333730697632,0.8333333730697632
8,52,-9.939680099487305,144.00384521484375,0.5,0.5,0.5
8,53,-8.221366882324219,15.494044303894043,0.3333333432674408,0.6666666865348816,1.0
8,54,-11.660368919372559,10.299277305603027,0.6000000238418579,0.800000011920929,0.800000011920929
8,55,-9.99528980255127,12.168157577514648,0.5,0.75,1.0
8,56,-11.976414680480957,54.17059326171875,0.0,0.6666666865348816,1.0
8,57,-10.00577449798584,12.200094223022461,0.5,0.75,1.0
8,58,-19.397533416748047,642.8070678710938,0.0,0.0,0.6666666865348816
8,59,-6.055177688598633,7.526217460632324,0.6666666865348816,0.6666666865348816,1.0
8,60,-8.639422416687012,8.669885635375977,0.5,1.0,1.0
8,61,-11.631444931030273,335.53369140625,0.0,0.5,0.5
8,62,-9.637036323547363,11.125715255737305,0.25,1.0,1.0
8,63,-5.852169990539551,18.654455184936523,0.5,0.5,1.0
8,64,-9.564867973327637,119.39460754394531,0.0,0.5,1.0
8,65,-17.0166015625,4955.73486328125,0.0,0.0,0.5
8,66,-11.629547119140625,48.25577926635742,0.6666666865348816,0.6666666865348816,0.6666666865348816
8,67,-18.139257431030273,8687.3984375,0.0,0.0,0.5
8,68,-11.011045455932617,39.265586853027344,0.3333333432674408,0.6666666865348816,0.6666666865348816
8,69,-9.695151329040527,127.43107604980469,0.0,0.5,1.0
8,70,-14.221400260925293,35.00006866455078,0.25,0.5,1.0
8,71,-6.658244609832764,27.91383171081543,0.5,0.5,1.0
9,0,-5.826332092285156,18.415010452270508,0.5,1.0,1.0
9,1,-4.218258857727051,8.241063117980957,0.5,1.0,1.0
9,2,-8.744751930236816,18.447284698486328,0.6666666865348816,0.6666666865348816,0.6666666865348816
9,3,-17.645187377929688,6785.84228515625,0.0,0.0,0.0
9,4,-18.208219528198242,8992.1728515625,0.0,0.0,0.5
9,5,-14.286617279052734,117.00371551513672,0.0,0.6666666865348816,0.6666666865348816
9,6,-30.088970184326172,150.63026428222656,0.5,0.6666666865348816,0.6666666865348816
9,7,-4.908598899841309,5.135615348815918,0.3333333432674408,1.0,1.0
9,8,-30.80417823791504,2210.656005859375,0.25,0.25,0.25
9,9,-16.73305892944336,264.4590148925781,0.0,0.6666666865348816,0.6666666865348816
9,10,-13.411334991455078,28.5836181640625,0.25,0.75,1.0
9,11,-17.13851547241211,11.56934928894043,0.5714285969734192,0.8571429252624512,0.8571429252624512
9,12,-12.570843696594238,536.690673828125,0.5,0.5,0.5
9,13,-11.361773490905762,17.123355865478516,0.75,0.75,0.75
9,14,-18.019046783447266,8180.62158203125,0.0,0.0,0.5
9,15,-9.204519271850586,21.502586364746094,0.3333333432674408,0.6666666865348816,1.0
9,16,-7.118670463562012,35.13983154296875,0.5,0.5,1.0
9,17,-5.119443893432617,12.932221412658691,0.5,1.0,1.0
9,18,-3.914670467376709,7.080434322357178,0.5,1.0,1.0
9,19,-8.424600601196289,16.580049514770508,0.3333333432674408,0.6666666865348816,1.0
9,20,-6.133666038513184,461.1235656738281,0.0,0.0,1.0
9,21,-23.7428035736084,143114.71875,0.0,0.0,0.0
9,22,-25.87598419189453,25.39362144470215,0.25,0.625,0.875
9,23,-11.880485534667969,380.0271911621094,0.5,0.5,0.5
9,24,-5.885446548461914,18.967430114746094,0.5,0.5,1.0
9,25,-15.19996452331543,158.64273071289062,0.0,0.3333333432674408,1.0
9,26,-4.28900671005249,8.537799835205078,0.5,1.0,1.0
9,27,-7.528094291687012,43.122596740722656,0.0,1.0,1.0
9,28,-6.047555923461914,20.5688533782959,0.0,1.0,1.0
9,29,-6.837580680847168,30.532459259033203,0.0,1.0,1.0
9,30,-2.674298048019409,14.502166748046875,0.0,1.0,1.0
9,31,-10.333290100097656,5.596912384033203,0.5,1.0,1.0
9,32,-2.903028964996338,2.631821870803833,0.6666666865348816,1.0,1.0
9,33,-16.007328033447266,2991.900390625,0.0,0.0,0.5
9,34,-14.477523803710938,11.166526794433594,0.5,0.8333333730697632,0.8333333730697632
9,35,-5.452112674713135,15.272538185119629,0.5,0.5,1.0
9,36,-6.940053462982178,32.137603759765625,0.5,0.5,1.0
9,37,-12.823882102966309,4.967840671539307,0.75,0.875,1.0
9,38,-8.320947647094727,8.006365776062012,0.75,0.75,1.0
9,39,-13.676346778869629,932.7837524414062,0.5,0.5,0.5
9,40,-16.394880294799805,3631.641845703125,0.0,0.5,0.5
9,41,-23.180862426757812,18.130720138549805,0.375,0.75,0.875
9,42,-6.008996963500977,7.411250114440918,0.3333333432674408,1.0,1.0
9,43,-10.00712776184082,12.204221725463867,0.5,0.75,1.0
9,44,-17.410781860351562,77.68758392333984,0.0,0.5,0.75
9,45,-9.856720924377441,138.15281677246094,0.5,0.5,0.5
9,46,-11.67422103881836,48.97975540161133,0.6666666865348816,0.6666666865348816,0.6666666865348816
9,47,-9.192902565002441,21.419479370117188,0.6666666865348816,0.6666666865348816,0.6666666865348816
9,48,-12.954177856445312,8.662728309631348,0.3333333432674408,0.8333333730697632,1.0
9,49,-4.183477878570557,2.308725357055664,0.800000011920929,1.0,1.0
9,50,-2.7197961807250977,3.895796060562134,0.5,1.0,1.0
9,51,-19.87630271911621,27.459636688232422,0.3333333432674408,0.8333333730697632,0.8333333730697632
9,52,-9.995100021362305,148.04998779296875,0.5,0.5,0.5
9,53,-8.156039237976074,15.16029167175293,0.3333333432674408,0.6666666865348816,1.0
9,54,-11.601076126098633,10.177865028381348,0.6000000238418579,0.800000011920929,1.0
9,55,-10.047271728515625,12.327320098876953,0.5,0.75,1.0
9,56,-11.971664428710938,54.08488845825195,0.0,0.6666666865348816,1.0
9,57,-10.041912078857422,12.310813903808594,0.5,0.75,1.0
9,58,-19.438583374023438,651.6632080078125,0.0,0.0,0.6666666865348816
9,59,-5.992524147033691,7.370665550231934,0.6666666865348816,0.6666666865348816,1.0
9,60,-8.639824867248535,8.670758247375488,0.5,1.0,1.0
9,61,-11.493701934814453,313.2028503417969,0.0,0.5,0.5
9,62,-9.702198028564453,11.308442115783691,0.25,1.0,1.0
9,63,-5.818970680236816,18.347352981567383,0.5,0.5,1.0
9,64,-9.534077644348145,117.5705795288086,0.0,0.5,1.0
9,65,-17.079570770263672,5114.24658203125,0.0,0.0,0.5
9,66,-11.620491027832031,48.11033248901367,0.6666666865348816,0.6666666865348816,0.6666666865348816
9,67,-18.185688018798828,8891.4375,0.0,0.0,0.5
9,68,-11.122828483581543,40.75625991821289,0.3333333432674408,0.6666666865348816,0.6666666865348816
9,69,-9.636757850646973,123.7643051147461,0.0,0.5,1.0
9,70,-14.135041236877441,34.252525329589844,0.25,0.5,1.0
9,71,-6.637526512145996,27.626163482666016,0.5,0.5,1.0
10,0,-5.8108439445495605,18.272953033447266,0.5,1.0,1.0
10,1,-4.192002296447754,8.13357925415039,0.5,1.0,1.0
10,2,-8.751334190368652,18.48780632019043,0.6666666865348816,0.6666666865348816,0.6666666865348816
10,3,-17.588701248168945,6596.87060546875,0.0,0.0,0.0
10,4,-18.111528396606445,8567.7822265625,0.0,0.0,0.5
10,5,-14.24310302734375,115.31888580322266,0.3333333432674408,0.6666666865348816,0.6666666865348816
10,6,-30.168720245361328,152.64578247070312,0.5,0.6666666865348816,0.6666666865348816
10,7,-4.906317234039307,5.131710529327393,0.3333333432674408,1.0,1.0
10,8,-30.815046310424805,2216.67041015625,0.25,0.25,0.5
10,9,-16.674657821655273,259.360595703125,0.0,0.6666666865348816,0.6666666865348816
10,10,-13.320331573486328,27.940656661987305,0.25,0.75,1.0
10,11,-17.154796600341797,11.596290588378906,0.5714285969734192,0.8571429252624512,0.8571429252624512
10,12,-12.397087097167969,492.0318908691406,0.5,0.5,0.5
10,13,-11.311137199401855,16.907957077026367,0.75,0.75,0.75
10,14,-18.067617416381836,8381.72265625,0.0,0.0,0.5
10,15,-9.296332359313965,22.17083168029785,0.3333333432674408,0.6666666865348816,1.0
10,16,-7.1655755043029785,35.97368621826172,0.5,0.5,1.0
10,17,-5.15649938583374,13.17405891418457,0.5,1.0,1.0
10,18,-3.947726011276245,7.19843053817749,0.5,1.0,1.0
10,19,-8.496334075927734,16.981277465820312,0.3333333432674408,0.6666666865348816,1.0
10,20,-6.1450324058532715,466.3947448730469,0.0,0.0,1.0
10,21,-23.886165618896484,153749.9375,0.0,0.0,0.0
10,22,-25.94119644165039,25.601463317871094,0.25,0.625,0.875
10,23,-11.775649070739746,360.6199035644531,0.5,0.5,0.5
10,24,-5.890004634857178,19.01070785522461,0.5,0.5,1.0
10,25,-15.152383804321289,156.146484375,0.0,0.3333333432674408,1.0
10,26,-4.250495910644531,8.374974250793457,0.5,1.0,1.0
10,27,-7.531708717346191,43.200599670410156,0.0,1.0,1.0
10,28,-6.076910018920898,20.872968673706055,0.0,1.0,1.0
10,29,-6.810921669006348,30.128177642822266,0.0,1.0,1.0
10,30,-2.675741195678711,14.523110389709473,0.0,1.0,1.0
10,31,-10.231050491333008,5.50234842300415,0.5,1.0,1.0
10,32,-2.8935444355010986,2.623514413833618,0.6666666865348816,1.0,1.0
10,33,-15.982715606689453,2955.30712890625,0.0,0.0,0.5
10,34,-14.377683639526367,10.98225212097168,0.5,0.8333333730697632,0.8333333730697632
10,35,-5.528155326843262,15.864400863647461,0.5,0.5,1.0
10,36,-6.869302749633789,31.02059555053711,0.5,0.5,1.0
10,37,-12.87244987487793,4.998092174530029,0.75,0.875,1.0
10,38,-8.359926223754883,8.084766387939453,0.75,0.75,1.0
10,39,-13.65937328338623,924.9009399414062,0.5,0.5,0.5
10,40,-16.323963165283203,3505.12548828125,0.0,0.5,0.5
10,41,-23.163820266723633,18.092138290405273,0.375,0.75,0.875
10,42,-6.0278215408325195,7.45789909362793,0.3333333432674408,1.0,1.0
10,43,-9.987064361572266,12.143159866333008,0.5,0.75,1.0
10,44,-17.56243133544922,80.689453125,0.0,0.5,0.75
10,45,-9.81435775756836,135.25729370117188,0.5,0.5,0.5
10,46,-11.700434684753418,49.40960693359375,0.6666666865348816,0.6666666865348816,0.6666666865348816
10,47,-9.262680053710938,21.92351722717285,0.6666666865348816,0.6666666865348816,0.6666666865348816
10,48,-13.041179656982422,8.789254188537598,0.3333333432674408,0.8333333730697632,1.0
10,49,-4.132596969604492,2.2853503227233887,0.800000011920929,1.0,1.0
10,50,-2.725254535675049,3.9064431190490723,0.5,1.0,1.0
10,51,-19.814542770385742,27.178430557250977,0.3333333432674408,0.8333333730697632,0.8333333730697632
10,52,-9.965249061584473,145.856689453125,0.5,0.5,0.5
10,53,-8.19449234008789,15.355866432189941,0.3333333432674408,0.6666666865348816,1.0
10,54,-11.652571678161621,10.283230781555176,0.6000000238418579,0.800000011920929,0.800000011920929
10,55,-10.040626525878906,12.306857109069824,0.5,0.75,1.0
10,56,-12.115748405456543,56.74586486816406,0.0,0.6666666865348816,1.0
10,57,-10.02427864074707,12.256662368774414,0.5,0.75,1.0
10,58,-19.388595581054688,640.8948364257812,0.0,0.0,0.6666666865348816
10,59,-6.074374198913574,7.574531555175781,0.6666666865348816,0.6666666865348816,1.0
10,60,-8.661262512207031,8.717352867126465,0.5,1.0,1.0
10,61,-11.61609172821045,332.96783447265625,0.0,0.5,0.5
10,62,-9.659370422363281,11.188009262084961,0.25,1.0,1.0
10,63,-5.811769485473633,18.281410217285156,0.5,0.5,1.0
10,64,-9.485015869140625,114.72156524658203,0.0,0.5,1.0
10,65,-17.040203094482422,5014.5634765625,0.0,0.0,0.5
10,66,-11.590523719787598,47.63215255737305,0.6666666865348816,0.6666666865348816,0.6666666865348816
10,67,-18.139402389526367,8688.02734375,0.0,0.0,0.5
10,68,-11.042926788330078,39.685096740722656,0.3333333432674408,0.6666666865348816,0.6666666865348816
10,69,-9.654191017150879,124.84780883789062,0.0,0.5,1.0
10,70,-14.188284873962402,34.71150588989258,0.25,0.5,1.0
10,71,-6.656251430511475,27.88602638244629,0.5,0.5,1.0
11,0,-5.801471710205078,18.187522888183594,0.5,1.0,1.0
11,1,-4.197957515716553,8.157835006713867,0.5,1.0,1.0
11,2,-8.771410942077637,18.6119441986084,0.6666666865348816,0.6666666865348816,0.6666666865348816
11,3,-17.599777221679688,6633.50537109375,0.0,0.0,0.0
11,4,-18.302671432495117,9427.0244140625,0.0,0.0,0.5
11,5,-14.184406280517578,113.08452606201172,0.3333333432674408,0.6666666865348816,0.6666666865348816
11,6,-30.066850662231445,150.07598876953125,0.5,0.6666666865348816,0.6666666865348816
11,7,-5.012948989868164,5.317391872406006,0.3333333432674408,1.0,1.0
11,8,-30.802743911743164,2209.863525390625,0.25,0.25,0.25
11,9,-16.65101432800293,257.3245849609375,0.0,0.6666666865348816,0.6666666865348816
11,10,-13.31066608428955,27.87322425842285,0.25,0.75,1.0
11,11,-17.00056266784668,11.343578338623047,0.5714285969734192,0.8571429252624512,0.8571429252624512
11,12,-12.427608489990234,499.5982360839844,0.5,0.5,0.5
11,13,-11.353254318237305,17.086925506591797,0.75,0.75,0.75
11,14,-18.02811050415039,8217.7783203125,0.0,0.0,0.5
11,15,-9.303851127624512,22.22646713256836,0.3333333432674408,0.6666666865348816,1.0
11,16,-7.191439151763916,36.44191360473633,0.5,0.5,1.0
11,17,-5.147631645202637,13.115777015686035,0.5,1.0,1.0
11,18,-3.9245150089263916,7.115372180938721,0.5,1.0,1.0
11,19,-8.461814880371094,16.787004470825195,0.3333333432674408,0.6666666865348816,1.0
11,20,-6.1455583572387695,466.6401672363281,0.0,0.0,1.0
11,21,-23.80864715576172,147904.71875,0.0,0.0,0.0
11,22,-25.91878890991211,25.529857635498047,0.25,0.625,0.875
11,23,-11.8002290725708,365.0793151855469,0.5,0.5,0.5
11,24,-5.900048732757568,19.10641860961914,0.5,0.5,1.0
11,25,-15.11935043334961,154.4365692138672,0.0,0.3333333432674408,1.0
11,26,-4.3661580085754395,8.87358570098877,0.5,1.0,1.0
11,27,-7.547635555267334,43.545997619628906,0.0,1.0,1.0
11,28,-6.106575965881348,21.184885025024414,0.0,1.0,1.0
11,29,-6.845884323120117,30.659486770629883,0.0,1.0,1.0
11,30,-2.669743061065674,14.436260223388672,0.0,1.0,1.0
11,31,-10.311628341674805,5.576741695404053,0.5,1.0,1.0
11,32,-2.8651485443115234,2.598799228668213,0.6666666865348816,1.0,1.0
11,33,-15.999564170837402,2980.30859375,0.0,0.0,0.5
11,34,-14.457584381103516,11.12947940826416,0.5,0.8333333730697632,0.8333333730697632
11,35,-5.538910865783691,15.949945449829102,0.5,0.5,1.0
11,36,-6.86712646484375,30.986862182617188,0.5,0.5,1.0
11,37,-12.880431175231934,5.00308084487915,0.75,0.875,1.0
11,38,-8.315032958984375,7.994535446166992,0.75,0.75,1.0
11,39,-13.668648719787598,929.2003784179688,0.5,0.5,0.5
11,40,-16.32196807861328,3501.630859375,0.0,0.5,0.5
11,41,-23.143096923828125,18.045333862304688,0.375,0.75,0.875
11,42,-5.98833703994751,7.360385894775391,0.3333333432674408,1.0,1.0
11,43,-10.058185577392578,12.361000061035156,0.5,0.75,1.0
11,44,-17.427555084228516,78.0140380859375,0.0,0.5,0.75
11,45,-9.857063293457031,138.17648315429688,0.5,0.5,0.5
11,46,-11.670652389526367,48.92152786254883,0.6666666865348816,0.6666666865348816,0.6666666865348816
11,47,-9.228699684143066,21.67659568786621,0.6666666865348816,0.6666666865348816,0.6666666865348816
11,48,-13.05744743347168,8.813117027282715,0.3333333432674408,0.8333333730697632,1.0
11,49,-4.190789222717285,2.312103748321533,0.800000011920929,1.0,1.0
11,50,-2.715963125228882,3.8883368968963623,0.5,1.0,1.0
11,51,-19.821247100830078,27.208818435668945,0.3333333432674408,0.8333333730697632,0.8333333730697632
11,52,-10.00312614440918,148.64532470703125,0.5,0.5,0.5
11,53,-8.200681686401367,15.387578010559082,0.3333333432674408,0.6666666865348816,1.0
11,54,-11.546875,10.068130493164062,0.6000000238418579,0.800000011920929,1.0
11,55,-10.06666374206543,12.387228012084961,0.5,0.75,1.0
11,56,-12.001744270324707,54.6298942565918,0.0,0.6666666865348816,1.0
11,57,-9.94066047668457,12.00310230255127,0.5,0.75,1.0
11,58,-19.42951202392578,649.695556640625,0.0,0.0,0.6666666865348816
11,59,-6.0331597328186035,7.471182823181152,0.6666666865348816,0.6666666865348816,1.0
11,60,-8.716325759887695,8.838184356689453,0.5,1.0,1.0
11,61,-11.57033634185791,325.436767578125,0.0,0.5,0.5
11,62,-9.777905464172363,11.524513244628906,0.25,1.0,1.0
11,63,-5.826526165008545,18.41679573059082,0.5,0.5,1.0
11,64,-9.5747709274292,119.98724365234375,0.0,0.5,1.0
11,65,-17.05062484741211,5040.76171875,0.0,0.0,0.5
11,66,-11.641016960144043,48.44062805175781,0.6666666865348816,0.6666666865348816,0.6666666865348816
11,67,-18.105072021484375,8540.16796875,0.0,0.0,0.5
11,68,-11.09101676940918,40.32636642456055,0.3333333432674408,0.6666666865348816,0.6666666865348816
11,69,-9.639875411987305,123.95736694335938,0.0,0.5,1.0
11,70,-14.217540740966797,34.96631622314453,0.25,0.5,1.0
11,71,-6.658013820648193,27.910612106323242,0.5,0.5,1.0
12,0,-5.840036869049072,18.541629791259766,0.5,1.0,1.0
12,1,-4.177740097045898,8.075784683227539,0.5,1.0,1.0
12,2,-8.783370971679688,18.686296463012695,0.6666666865348816,0.6666666865348816,0.6666666865348816
12,3,-17.609333038330078,6665.275390625,0.0,0.0,0.0
12,4,-18.167526245117188,8811.060546875,0.0,0.0,0.5
12,5,-14.232040405273438,114.8943862915039,0.0,0.6666666865348816,0.6666666865348816
12,6,-30.1315975189209,151.70428466796875,0.5,0.6666666865348816,0.6666666865348816
12,7,-4.912288188934326,5.141934394836426,0.3333333432674408,1.0,1.0
12,8,-30.694812774658203,2151.032470703125,0.25,0.25,0.5
12,9,-16.654598236083984,257.63214111328125,0.0,0.6666666865348816,0.6666666865348816
12,10,-13.350109100341797,28.14943504333496,0.25,0.75,1.0
12,11,-16.9908504486084,11.327851295471191,0.5714285969734192,0.8571429252624512,0.8571429252624512
12,12,-12.52501106262207,524.5315551757812,0.5,0.5,0.5
12,13,-11.31778335571289,16.936073303222656,0.75,0.75,0.75
12,14,-18.040817260742188,8270.15625,0.0,0.0,0.5
12,15,-9.297850608825684,22.182050704956055,0.3333333432674408,0.6666666865348816,1.0
12,16,-7.179067611694336,36.217185974121094,0.5,0.5,1.0
12,17,-5.074542999267578,12.645121574401855,0.5,1.0,1.0
12,18,-3.900526285171509,7.0305376052856445,0.5,1.0,1.0
12,19,-8.454970359802246,16.748746871948242,0.3333333432674408,0.6666666865348816,1.0
12,20,-6.124195575714111,456.7771301269531,0.0,0.0,1.0
12,21,-23.73773193359375,142752.265625,0.0,0.0,0.0
12,22,-25.855899810791016,25.3299503326416,0.25,0.625,0.875
12,23,-11.731508255004883,352.7480773925781,0.5,0.5,0.5
12,24,-5.907960414886475,19.18214988708496,0.5,0.5,1.0
12,25,-15.16861343383789,156.9934844970703,0.0,0.3333333432674408,1.0
12,26,-4.311761856079102,8.635494232177734,0.5,1.0,1.0
12,27,-7.500890731811523,42.54001998901367,0.0,1.0,1.0
12,28,-6.237201690673828,22.614717483520508,0.0,1.0,1.0
12,29,-6.850398063659668,30.728759765625,0.0,1.0,1.0
12,30,-2.648029088973999,14.12617015838623,0.0,1.0,1.0
12,31,-10.202552795410156,5.4762773513793945,0.5,1.0,1.0
12,32,-2.899610757827759,2.6288249492645264,0.6666666865348816,1.0,1.0
12,33,-15.964128494262695,2927.968994140625,0.0,0.0,0.5
12,34,-14.411332130432129,11.044014930725098,0.5,0.8333333730697632,0.8333333730697632
12,35,-5.472033500671387,15.425418853759766,0.5,0.5,1.0
12,36,-6.8707146644592285,31.042503356933594,0.5,0.5,1.0
12,37,-12.861614227294922,4.991326808929443,0.75,0.875,1.0
12,38,-8.327234268188477,8.018959045410156,0.75,0.75,1.0
12,39,-13.741205215454102,963.5289916992188,0.5,0.5,0.5
12,40,-16.304706573486328,3471.539306640625,0.0,0.5,0.5
12,41,-23.046939849853516,17.82973289489746,0.375,0.75,0.875
12,42,-6.081071853637695,7.591461181640625,0.0,1.0,1.0
12,43,-10.050060272216797,12.335917472839355,0.5,0.75,1.0
12,44,-17.43212127685547,78.1031494140625,0.0,0.5,0.75
12,45,-9.858994483947754,138.30996704101562,0.5,0.5,0.5
12,46,-11.732033729553223,49.93278884887695,0.6666666865348816,0.6666666865348816,0.6666666865348816
12,47,-9.264808654785156,21.939077377319336,0.6666666865348816,0.6666666865348816,0.6666666865348816
12,48,-13.011451721191406,8.745814323425293,0.3333333432674408,0.8333333730697632,1.0
12,49,-4.088587284088135,2.2653231620788574,0.800000011920929,1.0,1.0
12,50,-2.7307090759277344,3.91711163520813,0.5,1.0,1.0
12,51,-19.873733520507812,27.4478816986084,0.3333333432674408,0.8333333730697632,0.8333333730697632
12,52,-10.045134544372559,151.80052185058594,0.5,0.5,0.5
12,53,-8.237074851989746,15.5753812789917,0.3333333432674408,0.6666666865348816,1.0
12,54,-11.684175491333008,10.348433494567871,0.6000000238418579,0.800000011920929,1.0
12,55,-10.05008316040039,12.335987091064453,0.5,0.75,1.0
12,56,-12.107909202575684,56.597774505615234,0.0,0.6666666865348816,1.0
12,57,-9.933318138122559,11.98108959197998,0.5,0.75,1.0
12,58,-19.374563217163086,637.9038696289062,0.0,0.0,0.6666666865348816
12,59,-6.035709381103516,7.47753381729126,0.6666666865348816,0.6666666865348816,1.0
12,60,-8.653925895690918,8.70137882232666,0.5,1.0,1.0
12,61,-11.654064178466797,339.35003662109375,0.0,0.5,0.5
12,62,-9.775516510009766,11.517633438110352,0.25,1.0,1.0
12,63,-5.907337188720703,19.17617416381836,0.5,0.5,1.0
12,64,-9.554357528686523,118.76880645751953,0.0,0.5,1.0
12,65,-17.060298919677734,5065.203125,0.0,0.0,0.5
12,66,-11.615938186645508,48.03738021850586,0.6666666865348816,0.6666666865348816,0.6666666865348816
12,67,-18.120685577392578,8607.1005859375,0.0,0.0,0.5
12,68,-11.1380615234375,40.963741302490234,0.3333333432674408,0.6666666865348816,0.6666666865348816
12,69,-9.672518730163574,125.99715423583984,0.0,0.5,1.0
12,70,-14.163538932800293,34.4974250793457,0.25,0.5,1.0
12,71,-6.7047953605651855,28.571157455444336,0.5,0.5,1.0
13,0,-5.900457382202148,19.11032485961914,0.5,1.0,1.0
13,1,-4.208759307861328,8.202013969421387,0.5,1.0,1.0
13,2,-8.821063995361328,18.92255401611328,0.6666666865348816,0.6666666865348816,0.6666666865348816
13,3,-17.59805679321289,6627.80126953125,0.0,0.0,0.0
13,4,-18.139888763427734,8690.140625,0.0,0.0,0.5
13,5,-14.225240707397461,114.63428497314453,0.3333333432674408,0.6666666865348816,0.6666666865348816
13,6,-30.15535545349121,152.30616760253906,0.5,0.6666666865348816,0.6666666865348816
13,7,-4.9247846603393555,5.163397789001465,0.3333333432674408,1.0,1.0
13,8,-30.763975143432617,2188.54833984375,0.25,0.25,0.25
13,9,-16.67945671081543,259.7757263183594,0.0,0.6666666865348816,0.6666666865348816
13,10,-13.292329788208008,27.745744705200195,0.25,0.75,1.0
13,11,-16.93895721435547,11.244184494018555,0.5714285969734192,0.8571429252624512,0.8571429252624512
13,12,-12.558528900146484,533.3961791992188,0.5,0.5,0.5
13,13,-11.283626556396484,16.792068481445312,0.75,0.75,0.75
13,14,-18.045318603515625,8288.7900390625,0.0,0.0,0.5
13,15,-9.25732707977295,21.88443374633789,0.3333333432674408,0.6666666865348816,1.0
13,16,-7.177392959594727,36.18687438964844,0.5,0.5,1.0
13,17,-5.16964864730835,13.26095962524414,0.5,1.0,1.0
13,18,-3.9203083515167236,7.100421905517578,0.5,1.0,1.0
13,19,-8.541770935058594,17.24042510986328,0.3333333432674408,0.6666666865348816,1.0
13,20,-6.130428314208984,459.63299560546875,0.0,0.0,1.0
13,21,-23.705493927001953,140469.671875,0.0,0.0,0.0
13,22,-26.10809898376465,26.141191482543945,0.25,0.625,0.875
13,23,-11.791171073913574,363.4295959472656,0.5,0.5,0.5
13,24,-5.946256637573242,19.552993774414062,0.5,0.5,1.0
13,25,-15.237829208374023,160.6577911376953,0.0,0.3333333432674408,1.0
13,26,-4.3569159507751465,8.83267593383789,0.5,1.0,1.0
13,27,-7.5572710037231445,43.75629425048828,0.0,1.0,1.0
13,28,-6.081052780151367,20.916250228881836,0.0,1.0,1.0
13,29,-6.919365882873535,31.8068904876709,0.0,1.0,1.0
13,30,-2.68447208404541,14.65046501159668,0.0,1.0,1.0
13,31,-10.152131080627441,5.43044900894165,0.5,1.0,1.0
13,32,-2.8915512561798096,2.621772050857544,0.6666666865348816,1.0,1.0
13,33,-15.928277015686035,2875.950439453125,0.0,0.0,0.5
13,34,-14.451436996459961,11.118083000183105,0.5,0.8333333730697632,0.8333333730697632
13,35,-5.56442928314209,16.15475845336914,0.5,0.5,1.0
13,36,-6.855484962463379,30.807018280029297,0.5,0.5,1.0
13,37,-12.866561889648438,4.994414806365967,0.75,0.875,1.0
13,38,-8.23919677734375,7.844394207000732,0.75,0.75,1.0
13,39,-13.735936164855957,960.9939575195312,0.5,0.5,0.5
13,40,-16.309558868408203,3479.9716796875,0.0,0.5,0.5
13,41,-22.987369537353516,17.69746208190918,0.375,0.75,0.875
13,42,-6.057582855224609,7.532254219055176,0.0,1.0,1.0
13,43,-10.123340606689453,12.563994407653809,0.5,0.75,1.0
13,44,-17.512283325195312,79.68415832519531,0.0,0.5,0.75
13,45,-9.905479431152344,141.56227111816406,0.5,0.5,0.5
13,46,-11.524538040161133,46.595909118652344,0.6666666865348816,0.6666666865348816,0.6666666865348816
13,47,-9.296813011169434,22.17438507080078,0.6666666865348816,0.6666666865348816,0.6666666865348816
13,48,-12.976541519165039,8.695075988769531,0.3333333432674408,0.8333333730697632,1.0
13,49,-4.11062479019165,2.275329828262329,0.800000011920929,1.0,1.0
13,50,-2.7143077850341797,3.885120153427124,0.5,1.0,1.0
13,51,-19.92723846435547,27.693737030029297,0.3333333432674408,0.6666666865348816,0.8333333730697632
13,52,-10.083418846130371,154.73428344726562,0.5,0.5,0.5
13,53,-8.288216590881348,15.843177795410156,0.3333333432674408,0.6666666865348816,1.0
13,54,-11.680322647094727,10.340462684631348,0.6000000238418579,0.800000011920929,1.0
13,55,-10.062301635742188,12.373726844787598,0.5,0.75,1.0
13,56,-11.998261451721191,54.56651306152344,0.0,0.6666666865348816,1.0
13,57,-9.946060180664062,12.019316673278809,0.5,0.75,1.0
13,58,-19.391254425048828,641.462890625,0.0,0.0,0.6666666865348816
13,59,-6.039362907409668,7.4866461753845215,0.6666666865348816,0.6666666865348816,1.0
13,60,-8.67251205444336,8.741904258728027,0.5,1.0,1.0
13,61,-11.69736099243164,346.7764892578125,0.0,0.5,0.5
13,62,-9.867530822753906,11.785651206970215,0.25,1.0,1.0
13,63,-5.923700332641602,19.333709716796875,0.5,0.5,1.0
13,64,-9.487041473388672,114.83780670166016,0.0,0.5,1.0
13,65,-17.03890037536621,5011.2978515625,0.0,0.0,0.5
13,66,-11.648049354553223,48.55431365966797,0.6666666865348816,0.6666666865348816,0.6666666865348816
13,67,-18.222862243652344,9058.2490234375,0.0,0.0,0.5
13,68,-11.09010124206543,40.31406021118164,0.3333333432674408,0.6666666865348816,0.6666666865348816
13,69,-9.685064315795898,126.79000091552734,0.0,0.5,1.0
13,70,-14.1990966796875,34.805458068847656,0.25,0.75,1.0
13,71,-6.719038486480713,28.775352478027344,0.5,0.5,1.0
14,0,-5.932653427124023,19.420452117919922,0.5,1.0,1.0
14,1,-4.135389804840088,7.906577110290527,0.5,1.0,1.0
14,2,-8.818761825561523,18.908042907714844,0.6666666865348816,0.6666666865348816,0.6666666865348816
14,3,-17.813861846923828,7382.96728515625,0.0,0.0,0.0
14,4,-18.131317138671875,8652.9755859375,0.0,0.0,0.5
14,5,-14.191007614135742,113.33361053466797,0.3333333432674408,0.6666666865348816,0.6666666865348816
14,6,-30.168472290039062,152.6394500732422,0.5,0.6666666865348816,0.6666666865348816
14,7,-4.941178321838379,5.191690921783447,0.3333333432674408,1.0,1.0
14,8,-30.61407470703125,2108.050048828125,0.25,0.25,0.5
14,9,-16.712162017822266,262.623291015625,0.0,0.6666666865348816,0.6666666865348816
14,10,-13.277931213378906,27.64604949951172,0.25,0.75,1.0
14,11,-16.903940200805664,11.18807601928711,0.5714285969734192,0.8571429252624512,0.8571429252624512
14,12,-12.570322036743164,536.5506591796875,0.5,0.5,0.5
14,13,-11.264689445495605,16.712759017944336,0.75,0.75,0.75
14,14,-18.0181941986084,8177.134765625,0.0,0.0,0.5
14,15,-9.301372528076172,22.208106994628906,0.3333333432674408,0.6666666865348816,1.0
14,16,-7.135226249694824,35.43191909790039,0.5,0.5,1.0
14,17,-5.100890159606934,12.81280517578125,0.5,1.0,1.0
14,18,-3.9921951293945312,7.360276699066162,0.5,1.0,1.0
14,19,-8.494635581970215,16.971664428710938,0.3333333432674408,0.6666666865348816,1.0
14,20,-6.1344804763793945,461.4992980957031,0.0,0.0,1.0
14,21,-23.7669620513916,144853.90625,0.0,0.0,0.0
14,22,-25.9432430267334,25.608015060424805,0.25,0.625,0.875
14,23,-11.726788520812988,351.9165954589844,0.5,0.5,0.5
14,24,-5.932782173156738,19.421701431274414,0.5,0.5,1.0
14,25,-15.169268608093262,157.02777099609375,0.0,0.3333333432674408,1.0
14,26,-4.403069972991943,9.038877487182617,0.5,1.0,1.0
14,27,-7.463218688964844,41.746238708496094,0.0,1.0,1.0
14,28,-6.160945415496826,21.76869010925293,0.0,1.0,1.0
14,29,-6.95111083984375,32.315773010253906,0.0,1.0,1.0
14,30,-2.682457447052002,14.620980262756348,0.0,1.0,1.0
14,31,-10.078605651855469,5.364308834075928,0.5,1.0,1.0
14,32,-2.915228843688965,2.6425461769104004,0.6666666865348816,1.0,1.0
14,33,-15.950855255126953,2908.601318359375,0.0,0.0,0.5
14,34,-14.361412048339844,10.952510833740234,0.5,0.8333333730697632,0.8333333730697632
14,35,-5.511699199676514,15.734403610229492,0.5,0.5,1.0
14,36,-6.8440752029418945,30.63176727294922,0.5,0.5,1.0
14,37,-12.875308990478516,4.999878406524658,0.75,0.875,1.0
14,38,-8.300302505493164,7.96514892578125,0.75,0.75,1.0
14,39,-13.727405548095703,956.9036865234375,0.5,0.5,0.5
14,40,-16.223600387573242,3333.57373046875,0.0,0.5,0.5
14,41,-23.03384017944336,17.800561904907227,0.375,0.75,0.875
14,42,-6.077291011810303,7.581899166107178,0.0,1.0,1.0
14,43,-10.211997985839844,12.845576286315918,0.5,0.75,1.0
14,44,-17.436431884765625,78.18736267089844,0.0,0.5,0.75
14,45,-9.828727722167969,136.2326202392578,0.5,0.5,0.5
14,46,-11.579033851623535,47.450069427490234,0.6666666865348816,0.6666666865348816,0.6666666865348816
14,47,-9.255780220031738,21.873157501220703,0.6666666865348816,0.6666666865348816,0.6666666865348816
14,48,-12.976917266845703,8.695621490478516,0.3333333432674408,0.8333333730697632,1.0
14,49,-4.125657081604004,2.2821807861328125,0.800000011920929,1.0,1.0
14,50,-2.7061257362365723,3.869258403778076,0.5,1.0,1.0
14,51,-19.901288986206055,27.5742244720459,0.3333333432674408,0.6666666865348816,0.8333333730697632
14,52,-10.110095024108887,156.81198120117188,0.5,0.5,0.5
14,53,-8.264043807983398,15.716032028198242,0.3333333432674408,0.6666666865348816,1.0
14,54,-11.565454483032227,10.105610847473145,0.6000000238418579,0.800000011920929,0.800000011920929
14,55,-10.113998413085938,12.534685134887695,0.5,0.75,1.0
14,56,-12.034421920776367,55.22822570800781,0.0,0.6666666865348816,1.0
14,57,-9.862789154052734,11.771687507629395,0.5,0.75,1.0
14,58,-19.301698684692383,622.596923828125,0.0,0.3333333432674408,0.6666666865348816
14,59,-6.126579761505127,7.707495212554932,0.6666666865348816,0.6666666865348816,1.0
14,60,-8.668631553649902,8.733428001403809,0.5,1.0,1.0
14,61,-11.584973335266113,327.82720947265625,0.0,0.5,0.5
14,62,-9.894524574279785,11.865453720092773,0.25,1.0,1.0
14,63,-5.927757263183594,19.372966766357422,0.5,0.5,1.0
14,64,-9.527249336242676,117.16986083984375,0.0,0.5,1.0
14,65,-17.01990509033203,4963.92724609375,0.0,0.0,0.5
14,66,-11.605238914489746,47.86635971069336,0.6666666865348816,0.6666666865348816,0.6666666865348816
14,67,-18.226634979248047,9075.3525390625,0.0,0.0,0.5
14,68,-11.03906536102295,39.6340446472168,0.3333333432674408,0.6666666865348816,0.6666666865348816
14,69,-9.706032752990723,128.12628173828125,0.0,0.5,1.0
14,70,-14.171172142028809,34.563323974609375,0.25,0.75,1.0
14,71,-6.700558662414551,28.510698318481445,0.5,0.5,1.0
15,0,-6.005264759063721,20.138479232788086,0.5,1.0,1.0
15,1,-4.178377151489258,8.078357696533203,0.5,1.0,1.0
15,2,-8.856649398803711,19.148345947265625,0.6666666865348816,0.6666666865348816,0.6666666865348816
15,3,-17.862018585205078,7562.89501953125,0.0,0.0,0.0
15,4,-17.938968658447266,7859.54736328125,0.0,0.0,0.5
15,5,-14.265841484069824,116.19625091552734,0.0,0.6666666865348816,0.6666666865348816
15,6,-30.027990341186523,149.10711669921875,0.5,0.6666666865348816,0.6666666865348816
15,7,-4.935007095336914,5.1810221672058105,0.3333333432674408,1.0,1.0
15,8,-30.68539047241211,2145.971435546875,0.25,0.25,0.5
15,9,-16.715587615966797,262.92340087890625,0.0,0.6666666865348816,0.6666666865348816
15,10,-13.25771713256836,27.506690979003906,0.25,0.75,1.0
15,11,-16.88604736328125,11.159514427185059,0.5714285969734192,0.8571429252624512,0.8571429252624512
15,12,-12.581833839416504,539.6478881835938,0.5,0.5,0.5
15,13,-11.210697174072266,16.488683700561523,0.75,0.75,0.75
15,14,-18.071666717529297,8398.7099609375,0.0,0.0,0.5
15,15,-9.280158996582031,22.051626205444336,0.3333333432674408,0.6666666865348816,1.0
15,16,-7.141349792480469,35.54057312011719,0.5,0.5,1.0
15,17,-5.1003193855285645,12.809149742126465,0.5,1.0,1.0
15,18,-4.074794292449951,7.670618057250977,0.5,1.0,1.0
15,19,-8.584149360656738,17.48569679260254,0.3333333432674408,0.6666666865348816,1.0
15,20,-6.15910530090332,473.0046691894531,0.0,0.0,1.0
15,21,-23.789045333862305,146462.1875,0.0,0.0,0.0
15,22,-25.879667282104492,25.405317306518555,0.25,0.625,0.875
15,23,-11.664127349853516,341.0617980957031,0.5,0.5,0.5
15,24,-5.953315734863281,19.622127532958984,0.5,0.5,1.0
15,25,-15.179490089416504,157.56375122070312,0.0,0.3333333432674408,1.0
15,26,-4.439842700958252,9.2066068649292,0.5,1.0,1.0
15,27,-7.450122833251953,41.47378158569336,0.0,1.0,1.0
15,28,-6.187862396240234,22.063644409179688,0.0,1.0,1.0
15,29,-7.052380561828613,33.99421310424805,0.0,1.0,1.0
15,30,-2.6833224296569824,14.633631706237793,0.0,1.0,1.0
15,31,-10.042673110961914,5.332280158996582,0.5,1.0,1.0
15,32,-2.9113128185272217,2.63909912109375,0.6666666865348816,1.0,1.0
15,33,-15.974817276000977,2943.6591796875,0.0,0.0,0.5
15,34,-14.321751594543457,10.880352020263672,0.5,0.8333333730697632,0.8333333730697632
15,35,-5.53689432144165,15.93387222290039,0.5,0.5,1.0
15,36,-6.850493431091309,30.730224609375,0.5,0.5,1.0
15,37,-12.902839660644531,5.017114639282227,0.625,0.875,1.0
15,38,-8.292184829711914,7.949000358581543,0.75,0.75,1.0
15,39,-13.743636131286621,964.7008666992188,0.5,0.5,0.5
15,40,-16.264257431030273,3402.033935546875,0.0,0.5,0.5
15,41,-22.864402770996094,17.427515029907227,0.375,0.75,0.875
15,42,-6.073925018310547,7.573397636413574,0.0,1.0,1.0
15,43,-10.255790710449219,12.98698616027832,0.5,0.75,1.0
15,44,-17.501605987548828,79.47174072265625,0.0,0.5,0.75
15,45,-9.760932922363281,131.69207763671875,0.5,0.5,0.5
15,46,-11.514516830444336,46.44050979614258,0.6666666865348816,0.6666666865348816,0.6666666865348816
15,47,-9.342390060424805,22.513835906982422,0.6666666865348816,0.6666666865348816,0.6666666865348816
15,48,-12.986915588378906,8.710123062133789,0.3333333432674408,0.8333333730697632,1.0
15,49,-4.046309471130371,2.2462494373321533,0.800000011920929,1.0,1.0
15,50,-2.7443687915802,3.9439563751220703,0.5,1.0,1.0
15,51,-19.893611907958984,27.53896713256836,0.3333333432674408,0.6666666865348816,0.8333333730697632
15,52,-10.077779769897461,154.2986297607422,0.5,0.5,0.5
15,53,-8.216622352600098,15.469559669494629,0.3333333432674408,0.6666666865348816,1.0
15,54,-11.668482780456543,10.31600570678711,0.6000000238418579,0.800000011920929,1.0
15,55,-10.215200424194336,12.855865478515625,0.5,0.75,1.0
15,56,-12.012115478515625,54.8190803527832,0.0,0.6666666865348816,1.0
15,57,-9.800870895385742,11.59087085723877,0.5,0.75,1.0
15,58,-19.23961639404297,609.845458984375,0.0,0.3333333432674408,0.6666666865348816
15,59,-6.105011940002441,7.652282238006592,0.6666666865348816,0.6666666865348816,1.0
15,60,-8.693602561950684,8.788118362426758,0.5,1.0,1.0
15,61,-11.724740982055664,351.5565185546875,0.0,0.5,0.5
15,62,-9.909841537475586,11.910977363586426,0.25,1.0,1.0
15,63,-5.966414928436279,19.75106430053711,0.5,0.5,1.0
15,64,-9.49935531616211,115.54703521728516,0.0,0.5,1.0
15,65,-16.971900939941406,4846.201171875,0.0,0.0,0.5
15,66,-11.667930603027344,48.87715530395508,0.6666666865348816,0.6666666865348816,0.6666666865348816
15,67,-18.172691345214844,8833.845703125,0.0,0.0,0.5
15,68,-11.04804515838623,39.75286102294922,0.3333333432674408,0.6666666865348816,0.6666666865348816
15,69,-9.70495891571045,128.05751037597656,0.0,0.5,1.0
15,70,-14.254912376403809,35.294532775878906,0.0,0.75,1.0
15,71,-6.815267562866211,30.193716049194336,0.5,0.5,1.0
16,0,-6.020963668823242,20.297176361083984,0.5,1.0,1.0
16,1,-4.133784294128418,7.900232315063477,0.5,1.0,1.0
16,2,-8.857430458068848,19.15333366394043,0.6666666865348816,0.6666666865348816,0.6666666865348816
16,3,-17.709808349609375,7008.6767578125,0.0,0.0,0.0
16,4,-18.218875885009766,9040.2119140625,0.0,0.0,0.5
16,5,-14.157134056091309,112.06114959716797,0.3333333432674408,0.6666666865348816,0.6666666865348816
16,6,-30.134469985961914,151.7769317626953,0.5,0.6666666865348816,0.6666666865348816
16,7,-4.915119171142578,5.146789073944092,0.3333333432674408,1.0,1.0
16,8,-30.65054702758789,2127.359375,0.25,0.25,0.5
16,9,-16.714792251586914,262.85369873046875,0.0,0.6666666865348816,0.6666666865348816
16,10,-13.265279769897461,27.558744430541992,0.25,0.75,1.0
16,11,-16.80557632446289,11.031962394714355,0.5714285969734192,0.8571429252624512,0.8571429252624512
16,12,-12.723882675170898,579.3699951171875,0.5,0.5,0.5
16,13,-11.14165210723877,16.206510543823242,0.75,0.75,0.75
16,14,-17.99976348876953,8102.12548828125,0.0,0.0,0.5
16,15,-9.331930160522461,22.435474395751953,0.3333333432674408,0.6666666865348816,1.0
16,16,-7.157537937164307,35.82940673828125,0.5,0.5,1.0
16,17,-5.0830230712890625,12.698851585388184,0.5,1.0,1.0
16,18,-4.018640995025635,7.458248138427734,0.5,1.0,1.0
16,19,-8.49563217163086,16.977306365966797,0.3333333432674408,0.6666666865348816,1.0
16,20,-6.17851448059082,482.2749938964844,0.0,0.0,1.0
16,21,-23.873476028442383,152777.515625,0.0,0.0,0.0
16,22,-25.999589920043945,25.789018630981445,0.25,0.625,0.875
16,23,-11.662066459655762,340.71051025390625,0.5,0.5,0.5
16,24,-5.916195869445801,19.261301040649414,0.5,0.5,1.0
16,25,-15.330872535705566,165.71856689453125,0.0,0.3333333432674408,1.0
16,26,-4.556900978088379,9.761542320251465,0.5,1.0,1.0
16,27,-7.411535263061523,40.6812629699707,0.0,1.0,1.0
16,28,-6.131023406982422,21.445432662963867,0.0,1.0,1.0
16,29,-7.044034004211426,33.85264205932617,0.0,1.0,1.0
16,30,-2.7042434215545654,14.94300651550293,0.0,1.0,1.0
16,31,-9.954879760742188,5.254825115203857,0.5,1.0,1.0
16,32,-2.9215188026428223,2.64809250831604,0.6666666865348816,1.0,1.0
16,33,-16.028953552246094,3024.426513671875,0.0,0.0,0.5
16,34,-14.284406661987305,10.81284236907959,0.5,0.8333333730697632,0.8333333730697632
16,35,-5.530516147613525,15.883138656616211,0.5,0.5,1.0
16,36,-6.950544357299805,32.30662155151367,0.5,0.5,1.0
16,37,-12.795364379882812,4.9501633644104,0.625,0.875,1.0
16,38,-8.211478233337402,7.790223121643066,0.75,0.75,1.0
16,39,-13.784112930297852,984.4237670898438,0.5,0.5,0.5
16,40,-16.15973663330078,3228.80810546875,0.0,0.5,0.5
16,41,-22.915830612182617,17.53990936279297,0.375,0.75,0.875
16,42,-6.09649658203125,7.6305928230285645,0.0,1.0,1.0
16,43,-10.322772979736328,13.206290245056152,0.5,0.75,1.0
16,44,-17.586475372314453,81.17593383789062,0.0,0.5,0.75
16,45,-9.791935920715332,133.74940490722656,0.5,0.5,0.5
16,46,-11.416744232177734,44.95137405395508,0.6666666865348816,0.6666666865348816,0.6666666865348816
16,47,-9.355908393859863,22.615514755249023,0.6666666865348816,0.6666666865348816,0.6666666865348816
16,48,-13.025611877441406,8.766480445861816,0.3333333432674408,0.8333333730697632,1.0
16,49,-4.088466167449951,2.265268325805664,0.800000011920929,1.0,1.0
16,50,-2.727660655975342,3.9111454486846924,0.5,1.0,1.0
16,51,-19.865846633911133,27.411821365356445,0.3333333432674408,0.6666666865348816,0.8333333730697632
16,52,-10.186147689819336,162.88978576660156,0.5,0.5,0.5
16,53,-8.239141464233398,15.586115837097168,0.3333333432674408,0.6666666865348816,1.0
16,54,-11.613455772399902,10.203096389770508,0.6000000238418579,0.800000011920929,1.0
16,55,-10.067861557006836,12.390937805175781,0.5,0.75,1.0
16,56,-12.062931060791016,55.75555419921875,0.0,0.6666666865348816,1.0
16,57,-9.85488510131836,11.748449325561523,0.5,0.75,1.0
16,58,-19.18378257751465,598.600341796875,0.0,0.3333333432674408,0.6666666865348816
16,59,-6.108360767364502,7.660829067230225,0.6666666865348816,0.6666666865348816,1.0
16,60,-8.69796085357666,8.797698974609375,0.5,1.0,1.0
16,61,-11.582504272460938,327.4227600097656,0.0,0.5,0.5
16,62,-9.982349395751953,12.12885570526123,0.25,1.0,1.0
16,63,-5.9193620681762695,19.29181671142578,0.5,0.5,1.0
16,64,-9.518630981445312,116.66604614257812,0.0,0.5,1.0
16,65,-17.028776168823242,4985.994140625,0.0,0.0,0.5
16,66,-11.593616485595703,47.68128204345703,0.6666666865348816,0.6666666865348816,0.6666666865348816
16,67,-18.23443603515625,9110.8203125,0.0,0.0,0.5
16,68,-11.077609062194824,40.14654541015625,0.3333333432674408,0.6666666865348816,0.6666666865348816
16,69,-9.711202621459961,128.45791625976562,0.0,0.5,1.0
16,70,-14.281387329101562,35.52891159057617,0.0,0.75,1.0
16,71,-6.746102333068848,29.16738510131836,0.5,0.5,1.0
17,0,-6.046792030334473,20.560998916625977,0.5,1.0,1.0
17,1,-4.115904331207275,7.829919338226318,0.5,1.0,1.0
17,2,-8.892224311828613,19.376768112182617,0.6666666865348816,0.6666666865348816,0.6666666865348816
17,3,-17.669723510742188,6869.6044921875,0.0,0.0,0.0
17,4,-18.226285934448242,9073.7685546875,0.0,0.0,0.5
17,5,-14.188491821289062,113.23863983154297,0.3333333432674408,0.6666666865348816,0.6666666865348816
17,6,-30.122726440429688,151.48011779785156,0.5,0.6666666865348816,0.6666666865348816
17,7,-4.99807596206665,5.29109525680542,0.3333333432674408,1.0,1.0
17,8,-30.634479522705078,2118.8310546875,0.25,0.25,0.5
17,9,-16.70142364501953,261.6849060058594,0.0,0.6666666865348816,0.6666666865348816
17,10,-13.231510162353516,27.327062606811523,0.25,0.75,1.0
17,11,-16.80075454711914,11.024365425109863,0.5714285969734192,0.8571429252624512,0.8571429252624512
17,12,-12.642815589904785,556.355712890625,0.5,0.5,0.5
17,13,-11.104156494140625,16.055301666259766,0.75,0.75,0.75
17,14,-17.97662353515625,8008.9248046875,0.0,0.0,0.5
17,15,-9.338601112365723,22.48542022705078,0.3333333432674408,0.6666666865348816,1.0
17,16,-7.117611408233643,35.1212272644043,0.5,0.5,1.0
17,17,-5.12490177154541,12.967560768127441,0.5,1.0,1.0
17,18,-4.1028947830200195,7.7791523933410645,0.5,1.0,1.0
17,19,-8.562912940979004,17.362354278564453,0.3333333432674408,0.6666666865348816,1.0
17,20,-6.1725993156433105,479.4306945800781,0.0,0.0,1.0
17,21,-23.74852752685547,143524.890625,0.0,0.0,0.0
17,22,-25.997581481933594,25.782543182373047,0.25,0.625,0.875
17,23,-11.580096244812012,327.02874755859375,0.5,0.5,0.5
17,24,-5.960097312927246,19.68877410888672,0.5,0.5,1.0
17,25,-15.217855453491211,159.59165954589844,0.0,0.3333333432674408,1.0
17,26,-4.448120594024658,9.244791030883789,0.5,1.0,1.0
17,27,-7.312856674194336,38.7227897644043,0.0,1.0,1.0
17,28,-6.1973161697387695,22.168182373046875,0.0,1.0,1.0
17,29,-7.041593074798584,33.81135177612305,0.0,1.0,1.0
17,30,-2.6640405654907227,14.354170799255371,0.0,1.0,1.0
17,31,-9.887995719909668,5.196572780609131,0.5,1.0,1.0
17,32,-2.987286329269409,2.7067863941192627,0.6666666865348816,1.0,1.0
17,33,-15.920113563537598,2864.235595703125,0.0,0.0,0.5
17,34,-14.217025756835938,10.692090034484863,0.5,0.8333333730697632,0.8333333730697632
17,35,-5.578271865844727,16.266958236694336,0.5,0.5,1.0
17,36,-6.884592056274414,31.258647918701172,0.5,0.5,1.0
17,37,-12.886383056640625,5.006804466247559,0.625,0.875,1.0
17,38,-8.234384536743164,7.834963321685791,0.75,0.75,1.0
17,39,-13.737639427185059,961.8126831054688,0.5,0.5,0.5
17,40,-16.151729583740234,3215.9072265625,0.0,0.5,0.5
17,41,-22.89305877685547,17.490053176879883,0.375,0.75,0.875
17,42,-6.148131370544434,7.763064861297607,0.0,1.0,1.0
17,43,-10.494302749633789,13.784926414489746,0.5,0.75,1.0
17,44,-17.489715576171875,79.23585510253906,0.0,0.5,0.75
17,45,-9.885205268859863,140.13449096679688,0.5,0.5,0.5
17,46,-11.283077239990234,42.99250030517578,0.6666666865348816,0.6666666865348816,0.6666666865348816
17,47,-9.278203964233398,22.03725814819336,0.6666666865348816,0.6666666865348816,0.6666666865348816
17,48,-12.997143745422363,8.724984169006348,0.3333333432674408,0.8333333730697632,1.0
17,49,-4.047842502593994,2.2469382286071777,0.800000011920929,1.0,1.0
17,50,-2.733018636703491,3.921637535095215,0.5,1.0,1.0
17,51,-19.903274536132812,27.583349227905273,0.3333333432674408,0.6666666865348816,0.8333333730697632
17,52,-10.175727844238281,162.04335021972656,0.5,0.5,0.5
17,53,-8.288861274719238,15.84658145904541,0.3333333432674408,0.6666666865348816,1.0
17,54,-11.581269264221191,10.137626647949219,0.6000000238418579,0.800000011920929,1.0
17,55,-10.121431350708008,12.557998657226562,0.5,0.75,1.0
17,56,-12.046144485473633,55.444435119628906,0.0,0.6666666865348816,1.0
17,57,-9.818212509155273,11.641229629516602,0.5,0.75,1.0
17,58,-18.96551513671875,556.5952758789062,0.0,0.3333333432674408,0.6666666865348816
17,59,-6.110071182250977,7.665199279785156,0.6666666865348816,0.6666666865348816,1.0
17,60,-8.793429374694824,9.010200500488281,0.5,1.0,1.0
17,61,-11.587825775146484,328.29510498046875,0.0,0.5,0.5
17,62,-9.981000900268555,12.124767303466797,0.25,1.0,1.0
17,63,-5.944815635681152,19.538909912109375,0.5,0.5,1.0
17,64,-9.549605369567871,118.4869384765625,0.0,0.5,1.0
17,65,-16.95048713684082,4794.59033203125,0.0,0.0,0.5
17,66,-11.640138626098633,48.426448822021484,0.6666666865348816,0.6666666865348816,0.6666666865348816
17,67,-18.132713317871094,8659.0185546875,0.0,0.0,0.5
17,68,-10.996259689331055,39.07253646850586,0.3333333432674408,0.6666666865348816,0.6666666865348816
17,69,-9.745325088500977,130.66836547851562,0.0,0.5,1.0
17,70,-14.298532485961914,35.68152618408203,0.0,0.75,1.0
17,71,-6.779208183288574,29.65420913696289,0.5,0.5,1.0
18,0,-6.062145709991455,20.719449996948242,0.5,1.0,1.0
18,1,-4.111049175262451,7.810934543609619,0.5,1.0,1.0
18,2,-8.90438461303711,19.455469131469727,0.6666666865348816,0.6666666865348816,0.6666666865348816
18,3,-17.714126586914062,7023.82568359375,0.0,0.0,0.0
18,4,-18.188419342041016,8903.5888671875,0.0,0.0,0.5
18,5,-14.226508140563965,114.68272399902344,0.0,0.6666666865348816,0.6666666865348816
18,6,-30.155309677124023,152.3050079345703,0.5,0.6666666865348816,0.6666666865348816
18,7,-4.903122425079346,5.126248836517334,0.3333333432674408,1.0,1.0
18,8,-30.551403045654297,2075.278564453125,0.25,0.25,0.5
18,9,-16.675264358520508,259.4130554199219,0.0,0.6666666865348816,0.6666666865348816
18,10,-13.144220352172852,26.737178802490234,0.25,0.75,1.0
18,11,-16.752714157104492,10.948966026306152,0.5714285969734192,0.8571429252624512,0.8571429252624512
18,12,-12.498736381530762,517.6856079101562,0.5,0.5,0.5
18,13,-11.08816146850586,15.991228103637695,0.75,0.75,0.75
18,14,-17.956260681152344,7927.7958984375,0.0,0.0,0.5
18,15,-9.236737251281738,21.734752655029297,0.3333333432674408,0.6666666865348816,1.0
18,16,-7.1205244064331055,35.17241668701172,0.5,0.5,1.0
18,17,-5.09163761138916,12.753666877746582,0.5,1.0,1.0
18,18,-4.048576354980469,7.570720195770264,0.5,1.0,1.0
18,19,-8.541524887084961,17.239009857177734,0.3333333432674408,0.6666666865348816,1.0
18,20,-6.182849884033203,484.3703918457031,0.0,0.0,1.0
18,21,-23.683393478393555,138926.0,0.0,0.0,0.0
18,22,-25.996562957763672,25.77926254272461,0.25,0.625,0.875
18,23,-11.544502258300781,321.2601318359375,0.5,0.5,0.5
18,24,-5.980173110961914,19.88740348815918,0.5,0.5,1.0
18,25,-15.147939682006836,155.91531372070312,0.0,0.3333333432674408,1.0
18,26,-4.511937618255615,9.544535636901855,0.5,1.0,1.0
18,27,-7.302990913391113,38.53224563598633,0.0,1.0,1.0
18,28,-6.146142482757568,21.608165740966797,0.0,1.0,1.0
18,29,-7.125762939453125,35.26466369628906,0.0,1.0,1.0
18,30,-2.7020325660705566,14.910006523132324,0.0,1.0,1.0
18,31,-9.794577598571777,5.116290092468262,0.5,1.0,1.0
18,32,-2.9396677017211914,2.664160966873169,0.6666666865348816,1.0,1.0
18,33,-15.984840393066406,2958.448486328125,0.0,0.0,0.5
18,34,-14.208630561828613,10.677142143249512,0.6666666865348816,0.8333333730697632,0.8333333730697632
18,35,-5.560447692871094,16.122629165649414,0.5,0.5,1.0
18,36,-6.878107070922852,31.157453536987305,0.5,0.5,1.0
18,37,-12.817668914794922,4.96398401260376,0.625,0.875,1.0
18,38,-8.221651077270508,7.810060977935791,0.75,0.75,1.0
18,39,-13.746247291564941,965.961181640625,0.5,0.5,0.5
18,40,-16.13738250732422,3192.92041015625,0.0,0.5,0.5
18,41,-22.65574836730957,16.978851318359375,0.375,0.75,0.875
18,42,-6.107630729675293,7.658966541290283,0.0,1.0,1.0
18,43,-10.537650108337402,13.935123443603516,0.5,0.75,1.0
18,44,-17.511667251586914,79.67188262939453,0.0,0.5,0.75
18,45,-9.823348045349121,135.86666870117188,0.5,0.5,0.5
18,46,-11.32801628112793,43.64136505126953,0.6666666865348816,0.6666666865348816,0.6666666865348816
18,47,-9.2898530960083,22.122997283935547,0.6666666865348816,0.6666666865348816,0.6666666865348816
18,48,-12.992752075195312,8.718599319458008,0.3333333432674408,0.8333333730697632,1.0
18,49,-4.088959693908691,2.2654919624328613,0.800000011920929,1.0,1.0
18,50,-2.7647297382354736,3.9843127727508545,0.5,1.0,1.0
18,51,-19.950679779052734,27.802148818969727,0.3333333432674408,0.6666666865348816,0.8333333730697632
18,52,-10.223085403442383,165.92613220214844,0.5,0.5,0.5
18,53,-8.188810348510742,15.32680892944336,0.3333333432674408,0.6666666865348816,1.0
18,54,-11.649330139160156,10.27656364440918,0.6000000238418579,0.800000011920929,1.0
18,55,-10.188983917236328,12.771881103515625,0.5,0.75,1.0
18,56,-11.974781036376953,54.14109802246094,0.0,0.6666666865348816,1.0
18,57,-9.732152938842773,11.39344596862793,0.5,0.75,1.0
18,58,-19.046142578125,571.7571411132812,0.0,0.3333333432674408,0.6666666865348816
18,59,-6.08245849609375,7.594968795776367,0.6666666865348816,0.6666666865348816,1.0
18,60,-8.796217918395996,9.016484260559082,0.5,1.0,1.0
18,61,-11.63747787475586,336.54736328125,0.0,0.5,0.5
18,62,-10.078371047973633,12.42353630065918,0.25,1.0,1.0
18,63,-5.958049297332764,19.668622970581055,0.5,0.5,1.0
18,64,-9.514310836791992,116.414306640625,0.0,0.5,1.0
18,65,-16.9622859954834,4822.95947265625,0.0,0.0,0.5
18,66,-11.581048965454102,47.48194885253906,0.6666666865348816,0.6666666865348816,0.6666666865348816
18,67,-18.178415298461914,8859.1640625,0.0,0.0,0.5
18,68,-10.962677955627441,38.63760757446289,0.3333333432674408,0.6666666865348816,0.6666666865348816
18,69,-9.75265884399414,131.1483917236328,0.0,0.5,1.0
18,70,-14.267736434936523,35.40787124633789,0.0,0.75,1.0
18,71,-6.75926399230957,29.359966278076172,0.5,0.5,1.0
19,0,-6.063094139099121,20.729276657104492,0.5,1.0,1.0
19,1,-4.120702266693115,7.848725318908691,0.5,1.0,1.0
19,2,-8.902137756347656,19.44090461730957,0.6666666865348816,0.6666666865348816,0.6666666865348816
19,3,-17.561925888061523,6509.14208984375,0.0,0.0,0.0
19,4,-18.16281509399414,8790.330078125,0.0,0.0,0.5
19,5,-14.170416831970215,112.55839538574219,0.0,0.6666666865348816,0.6666666865348816
19,6,-30.155277252197266,152.30413818359375,0.5,0.6666666865348816,0.6666666865348816
19,7,-4.924043655395508,5.16212272644043,0.3333333432674408,1.0,1.0
19,8,-30.532791137695312,2065.64501953125,0.25,0.25,0.5
19,9,-16.648426055908203,257.10260009765625,0.0,0.6666666865348816,0.6666666865348816
19,10,-13.185503005981445,27.014554977416992,0.25,0.75,1.0
19,11,-16.671669006347656,10.822928428649902,0.5714285969734192,0.8571429252624512,0.8571429252624512
19,12,-12.539445877075195,528.3309936523438,0.5,0.5,0.5
19,13,-10.989290237426758,15.60080623626709,0.75,0.75,0.75
19,14,-18.020374298095703,8186.05322265625,0.0,0.0,0.5
19,15,-9.333645820617676,22.44831085205078,0.3333333432674408,0.6666666865348816,1.0
19,16,-7.147546291351318,35.650856018066406,0.5,0.5,1.0
19,17,-5.1379523277282715,13.052453994750977,0.5,1.0,1.0
19,18,-4.107840061187744,7.798410892486572,0.5,1.0,1.0
19,19,-8.456440925598145,16.7569580078125,0.3333333432674408,0.6666666865348816,1.0
19,20,-6.200367450714111,492.9301452636719,0.0,0.0,1.0
19,21,-23.73154067993164,142311.046875,0.0,0.0,0.0
19,22,-25.964950561523438,25.677595138549805,0.25,0.625,0.875
19,23,-11.517854690551758,317.00811767578125,0.5,0.5,0.5
19,24,-5.98613977432251,19.946821212768555,0.5,0.5,1.0
19,25,-15.298283576965332,163.92807006835938,0.0,0.3333333432674408,1.0
19,26,-4.5268635749816895,9.616032600402832,0.5,1.0,1.0
19,27,-7.329686164855957,39.05000686645508,0.0,1.0,1.0
19,28,-6.224936485290527,22.47645378112793,0.0,1.0,1.0
19,29,-7.156211853027344,35.80565643310547,0.0,1.0,1.0
19,30,-2.6977996826171875,14.847027778625488,0.0,1.0,1.0
19,31,-9.710729598999023,5.045289039611816,0.5,1.0,1.0
19,32,-2.935105323791504,2.6601126194000244,0.6666666865348816,1.0,1.0
19,33,-15.981432914733887,2953.412353515625,0.0,0.0,0.5
19,34,-14.21422290802002,10.687097549438477,0.6666666865348816,0.8333333730697632,0.8333333730697632
19,35,-5.543262958526611,15.984691619873047,0.5,0.5,1.0
19,36,-6.937930107116699,32.10350036621094,0.5,0.5,1.0
19,37,-12.854399681091309,4.986827373504639,0.625,0.875,1.0
19,38,-8.272638320922852,7.910251617431641,0.75,0.75,1.0
19,39,-13.882147789001465,1033.8798828125,0.5,0.5,0.5
19,40,-16.032432556152344,3029.692138671875,0.0,0.5,0.5
19,41,-22.869873046875,17.439435958862305,0.375,0.75,0.875
19,42,-6.1390461921691895,7.739590644836426,0.0,1.0,1.0
19,43,-10.571565628051758,14.053781509399414,0.5,0.75,1.0
19,44,-17.553428649902344,80.50804901123047,0.0,0.5,0.75
19,45,-9.790571212768555,133.65817260742188,0.5,0.5,0.5
19,46,-11.072237968444824,40.07473373413086,0.6666666865348816,0.6666666865348816,0.6666666865348816
19,47,-9.295639038085938,22.16570472717285,0.6666666865348816,0.6666666865348816,0.6666666865348816
19,48,-13.050825119018555,8.803396224975586,0.3333333432674408,0.8333333730697632,1.0
19,49,-4.034027099609375,2.2407383918762207,0.800000011920929,1.0,1.0
19,50,-2.7774391174316406,4.0097126960754395,0.5,1.0,1.0
19,51,-19.94078254699707,27.756322860717773,0.3333333432674408,0.6666666865348816,0.8333333730697632
19,52,-10.20522689819336,164.4511260986328,0.5,0.5,0.5
19,53,-8.194589614868164,15.356363296508789,0.3333333432674408,0.6666666865348816,1.0
19,54,-11.537816047668457,10.049905776977539,0.6000000238418579,0.800000011920929,1.0
19,55,-10.210034370422363,12.839271545410156,0.5,0.75,1.0
19,56,-12.006772994995117,54.721561431884766,0.0,0.6666666865348816,1.0
19,57,-9.69555950164795,11.289689064025879,0.5,0.75,1.0
19,58,-18.95005989074707,553.7352294921875,0.0,0.3333333432674408,0.6666666865348816
19,59,-6.145905494689941,7.757307052612305,0.6666666865348816,0.6666666865348816,1.0
19,60,-8.836932182312012,9.108728408813477,0.5,1.0,1.0
19,61,-11.581502914428711,327.25885009765625,0.0,0.5,0.5
19,62,-10.054217338562012,12.348743438720703,0.25,0.75,1.0
19,63,-5.974743366241455,19.833486557006836,0.5,0.5,1.0
19,64,-9.546096801757812,118.27925109863281,0.0,0.5,1.0
19,65,-16.987295150756836,4883.64697265625,0.0,0.0,0.5
19,66,-11.59337043762207,47.677371978759766,0.6666666865348816,0.6666666865348816,0.6666666865348816
19,67,-18.228601455688477,9084.2802734375,0.0,0.0,0.5
19,68,-10.96856689453125,38.71352005004883,0.3333333432674408,0.6666666865348816,0.6666666865348816
19,69,-9.749231338500977,130.923828125,0.0,0.5,1.0
19,70,-14.381166458129883,36.42631912231445,0.0,0.75,1.0
19,71,-6.804283618927002,30.02834701538086,0.5,0.5,1.0
20,0,-6.180440425872803,21.981916427612305,0.5,1.0,1.0
20,1,-4.085110664367676,7.710287094116211,0.5,1.0,1.0
20,2,-8.90243911743164,19.442855834960938,0.6666666865348816,0.6666666865348816,0.6666666865348816
20,3,-17.733224868774414,7091.21875,0.0,0.0,0.0
20,4,-18.077213287353516,8422.0341796875,0.0,0.0,0.5
20,5,-14.060094833374023,108.49439239501953,0.3333333432674408,0.6666666865348816,0.6666666865348816
20,6,-30.08292579650879,150.47862243652344,0.5,0.6666666865348816,0.6666666865348816
20,7,-4.9500627517700195,5.207088470458984,0.3333333432674408,1.0,1.0
20,8,-30.410503387451172,2003.44970703125,0.25,0.25,0.5
20,9,-16.77284049987793,267.98919677734375,0.0,0.6666666865348816,0.6666666865348816
20,10,-13.157045364379883,26.823043823242188,0.25,0.75,1.0
20,11,-16.723876953125,10.903952598571777,0.5714285969734192,0.8571429252624512,0.8571429252624512
20,12,-12.662986755371094,561.9952392578125,0.5,0.5,0.5
20,13,-10.956338882446289,15.472817420959473,0.75,0.75,0.75
20,14,-18.007387161254883,8133.06884765625,0.0,0.0,0.5
20,15,-9.306967735290527,22.24956703186035,0.3333333432674408,0.6666666865348816,1.0
20,16,-7.182146072387695,36.27297592163086,0.5,0.5,1.0
20,17,-5.0808796882629395,12.685249328613281,0.5,1.0,1.0
20,18,-4.152022838592529,7.972606182098389,0.5,1.0,1.0
20,19,-8.550386428833008,17.290010452270508,0.3333333432674408,0.6666666865348816,1.0
20,20,-6.242887020111084,514.34130859375,0.0,0.0,1.0
20,21,-23.75655746459961,144102.296875,0.0,0.0,0.0
20,22,-25.939172744750977,25.594989776611328,0.25,0.625,0.875
20,23,-11.427037239074707,302.93511962890625,0.5,0.5,0.5
20,24,-5.96123743057251,19.700000762939453,0.5,0.5,1.0
20,25,-15.242046356201172,160.8837890625,0.0,0.3333333432674408,1.0
20,26,-4.603828430175781,9.993293762207031,0.5,1.0,1.0
20,27,-7.3321990966796875,39.09910583496094,0.0,1.0,1.0
20,28,-6.134367942810059,21.481325149536133,0.0,1.0,1.0
20,29,-7.102851867675781,34.86299514770508,0.0,1.0,1.0
20,30,-2.7086310386657715,15.008715629577637,0.0,1.0,1.0
20,31,-9.696660995483398,5.033473014831543,0.5,1.0,1.0
20,32,-2.8844897747039795,2.6156082153320312,0.6666666865348816,1.0,1.0
20,33,-16.05240821838379,3060.10400390625,0.0,0.0,0.5
20,34,-14.118462562561035,10.517885208129883,0.6666666865348816,0.8333333730697632,0.8333333730697632
20,35,-5.5550312995910645,16.079025268554688,0.5,0.5,1.0
20,36,-6.851101398468018,30.73956871032715,0.5,0.5,1.0
20,37,-13.02197551727295,5.092388153076172,0.625,0.875,1.0
20,38,-8.244827270507812,7.855444431304932,0.75,0.75,1.0
20,39,-13.907793998718262,1047.222900390625,0.5,0.5,0.5
20,40,-16.034969329833984,3033.537353515625,0.0,0.5,0.5
20,41,-22.853248596191406,17.403234481811523,0.375,0.75,0.875
20,42,-6.110128879547119,7.665345668792725,0.0,1.0,1.0
20,43,-10.660484313964844,14.36968994140625,0.5,0.75,1.0
20,44,-17.591068267822266,81.26919555664062,0.0,0.5,0.75
20,45,-9.813826560974121,135.22137451171875,0.5,0.5,0.5
20,46,-11.215094566345215,42.029212951660156,0.6666666865348816,0.6666666865348816,0.6666666865348816
20,47,-9.31733226776123,22.326570510864258,0.6666666865348816,0.6666666865348816,0.6666666865348816
20,48,-13.066288948059082,8.826114654541016,0.3333333432674408,0.8333333730697632,1.0
20,49,-4.050464630126953,2.248116970062256,0.800000011920929,1.0,1.0
20,50,-2.732731580734253,3.921074628829956,0.5,1.0,1.0
20,51,-19.93463134765625,27.727882385253906,0.3333333432674408,0.6666666865348816,0.8333333730697632
20,52,-10.237622261047363,167.1365509033203,0.5,0.5,0.5
20,53,-8.13843822479248,15.07160758972168,0.3333333432674408,0.6666666865348816,1.0
20,54,-11.50259780883789,9.979364395141602,0.6000000238418579,0.800000011920929,1.0
20,55,-10.174822807312012,12.72674560546875,0.5,0.75,1.0
20,56,-12.155838012695312,57.50926971435547,0.0,0.6666666865348816,1.0
20,57,-9.772012710571289,11.507549285888672,0.5,0.75,1.0
20,58,-18.887401580810547,542.2898559570312,0.0,0.3333333432674408,0.6666666865348816
20,59,-6.124931812286377,7.7032623291015625,0.6666666865348816,0.6666666865348816,1.0
20,60,-8.78708267211914,8.995916366577148,0.5,1.0,1.0
20,61,-11.685768127441406,344.77227783203125,0.0,0.5,0.5
20,62,-10.083356857299805,12.439031600952148,0.25,1.0,1.0
20,63,-5.9817070960998535,19.90266227722168,0.5,0.5,1.0
20,64,-9.517478942871094,116.59886169433594,0.0,0.5,1.0
20,65,-16.915096282958984,4710.494140625,0.0,0.0,0.5
20,66,-11.588744163513184,47.603904724121094,0.6666666865348816,0.6666666865348816,0.6666666865348816
20,67,-18.200138092041016,8955.9111328125,0.0,0.0,0.5
20,68,-11.009618759155273,39.24692153930664,0.3333333432674408,0.6666666865348816,0.6666666865348816
20,69,-9.713680267333984,128.61715698242188,0.0,0.5,1.0
20,70,-14.38645076751709,36.4744758605957,0.0,0.75,1.0
20,71,-6.847731113433838,30.68781089782715,0.5,0.5,1.0
21,0,-6.158041000366211,21.73710060119629,0.5,1.0,1.0
21,1,-4.033929824829102,7.5154805183410645,0.5,1.0,1.0
21,2,-8.948567390441895,19.74411964416504,0.6666666865348816,0.6666666865348816,0.6666666865348816
21,3,-17.72995376586914,7079.6298828125,0.0,0.0,0.0
21,4,-18.175003051757812,8844.0615234375,0.0,0.0,0.5
21,5,-14.142311096191406,111.50882720947266,0.3333333432674408,0.6666666865348816,0.6666666865348816
21,6,-30.179136276245117,152.91102600097656,0.5,0.6666666865348816,0.6666666865348816
21,7,-4.891230583190918,5.105968952178955,0.3333333432674408,1.0,1.0
21,8,-30.44189453125,2019.2342529296875,0.25,0.25,0.5
21,9,-16.75110626220703,266.05474853515625,0.0,0.6666666865348816,0.6666666865348816
21,10,-13.083230972290039,26.33260154724121,0.25,0.75,1.0
21,11,-16.499248504638672,10.559600830078125,0.5714285969734192,0.8571429252624512,0.8571429252624512
21,12,-12.429149627685547,499.9833679199219,0.5,0.5,0.5
21,13,-10.903585433959961,15.270094871520996,0.75,0.75,0.75
21,14,-17.98453140258789,8040.65380859375,0.0,0.0,0.5
21,15,-9.27452278137207,22.010238647460938,0.3333333432674408,0.6666666865348816,1.0
21,16,-7.052446365356445,33.995330810546875,0.5,0.5,1.0
21,17,-5.142757892608643,13.083853721618652,0.5,1.0,1.0
21,18,-4.075490951538086,7.673290252685547,0.5,1.0,1.0
21,19,-8.521685600280762,17.125385284423828,0.3333333432674408,0.6666666865348816,1.0
21,20,-6.214895248413086,500.14361572265625,0.0,0.0,1.0
21,21,-23.90666389465332,155333.84375,0.0,0.0,0.0
21,22,-25.932947158813477,25.5750789642334,0.25,0.625,0.875
21,23,-11.476913452148438,310.584716796875,0.5,0.5,0.5
21,24,-5.980438709259033,19.890045166015625,0.5,0.5,1.0
21,25,-15.29749870300293,163.88523864746094,0.0,0.3333333432674408,1.0
21,26,-4.609692573547363,10.022638320922852,0.5,1.0,1.0
21,27,-7.354668617248535,39.54084777832031,0.0,1.0,1.0
21,28,-6.128745079040527,21.421016693115234,0.0,1.0,1.0
21,29,-7.11317777633667,35.04345703125,0.0,1.0,1.0
21,30,-2.7150182723999023,15.104887008666992,0.0,1.0,1.0
21,31,-9.6674222946167,5.00900411605835,0.5,1.0,1.0
21,32,-2.9023373126983643,2.6312150955200195,0.6666666865348816,1.0,1.0
21,33,-15.972574234008789,2940.359619140625,0.0,0.0,0.5
21,34,-13.944177627563477,10.216761589050293,0.6666666865348816,0.8333333730697632,0.8333333730697632
21,35,-5.6442790031433105,16.812782287597656,0.5,0.5,1.0
21,36,-6.9349493980407715,32.05569076538086,0.5,0.5,1.0
21,37,-12.820411682128906,4.965686321258545,0.625,0.875,1.0
21,38,-8.114953994750977,7.60448694229126,0.75,0.75,1.0
21,39,-13.88624382019043,1035.9993896484375,0.5,0.5,0.5
21,40,-15.981696128845215,2953.801025390625,0.0,0.5,0.5
21,41,-22.817123413085938,17.324825286865234,0.375,0.75,0.875
21,42,-6.075942039489746,7.5784912109375,0.0,1.0,1.0
21,43,-10.77030086517334,14.769661903381348,0.5,0.75,1.0
21,44,-17.591548919677734,81.27896118164062,0.0,0.5,0.75
21,45,-9.755524635314941,131.33644104003906,0.5,0.5,0.5
21,46,-11.088558197021484,40.2933349609375,0.6666666865348816,0.6666666865348816,0.6666666865348816
21,47,-9.311058044433594,22.279924392700195,0.6666666865348816,0.6666666865348816,0.6666666865348816
21,48,-13.093221664428711,8.86582088470459,0.3333333432674408,0.8333333730697632,1.0
21,49,-4.007248878479004,2.2287697792053223,0.800000011920929,1.0,1.0
21,50,-2.785430908203125,4.0257673263549805,0.5,1.0,1.0
21,51,-19.93250274658203,27.718048095703125,0.3333333432674408,0.6666666865348816,0.8333333730697632
21,52,-10.320549011230469,174.21226501464844,0.5,0.5,0.5
21,53,-8.29012680053711,15.853265762329102,0.3333333432674408,0.6666666865348816,1.0
21,54,-11.514086723327637,10.002323150634766,0.6000000238418579,0.800000011920929,1.0
21,55,-10.237625122070312,12.928139686584473,0.5,0.75,1.0
21,56,-12.013278007507324,54.84033966064453,0.0,0.6666666865348816,1.0
21,57,-9.732355117797852,11.394021987915039,0.5,0.75,1.0
21,58,-18.775062561035156,522.3585205078125,0.0,0.3333333432674408,0.6666666865348816
21,59,-6.204600811004639,7.910574436187744,0.6666666865348816,0.6666666865348816,1.0
21,60,-8.861167907714844,9.164084434509277,0.5,1.0,1.0
21,61,-11.663409233093262,340.9393615722656,0.0,0.5,0.5
21,62,-10.182701110839844,12.751835823059082,0.25,0.75,1.0
21,63,-6.037626266479492,20.46698570251465,0.5,0.5,1.0
21,64,-9.439945220947266,112.1651840209961,0.0,0.5,1.0
21,65,-16.852317810058594,4564.93212890625,0.0,0.0,0.5
21,66,-11.664270401000977,48.817562103271484,0.6666666865348816,0.6666666865348816,0.6666666865348816
21,67,-18.279945373535156,9320.5107421875,0.0,0.0,0.5
21,68,-10.922542572021484,38.12413024902344,0.3333333432674408,0.6666666865348816,0.6666666865348816
21,69,-9.772062301635742,132.42694091796875,0.0,0.5,1.0
21,70,-14.450546264648438,37.06364440917969,0.0,0.75,1.0
21,71,-6.863133907318115,30.92506217956543,0.5,0.5,1.0
22,0,-6.157989025115967,21.736536026000977,0.5,1.0,1.0
22,1,-4.027029037475586,7.489593505859375,0.5,1.0,1.0
22,2,-8.975034713745117,19.919082641601562,0.6666666865348816,0.6666666865348816,0.6666666865348816
22,3,-17.710739135742188,7011.93896484375,0.0,0.0,0.0
22,4,-17.840938568115234,7483.60009765625,0.0,0.0,0.5
22,5,-14.060425758361816,108.50634765625,0.3333333432674408,0.6666666865348816,0.6666666865348816
22,6,-30.097841262817383,150.8531494140625,0.5,0.6666666865348816,0.6666666865348816
22,7,-5.000865936279297,5.296018600463867,0.3333333432674408,1.0,1.0
22,8,-30.349353790283203,1973.05517578125,0.25,0.25,0.5
22,9,-16.799480438232422,270.37957763671875,0.0,0.6666666865348816,0.6666666865348816
22,10,-13.1568603515625,26.821802139282227,0.25,0.75,1.0
22,11,-16.550785064697266,10.637630462646484,0.5714285969734192,0.8571429252624512,0.8571429252624512
22,12,-12.52993392944336,525.82421875,0.5,0.5,0.5
22,13,-10.886514663696289,15.205065727233887,0.75,0.75,0.75
22,14,-18.08558464050293,8457.359375,0.0,0.0,0.5
22,15,-9.297492980957031,22.179407119750977,0.3333333432674408,0.6666666865348816,1.0
22,16,-7.128084182739258,35.30561828613281,0.5,0.5,1.0
22,17,-5.06796932220459,12.603628158569336,0.5,1.0,1.0
22,18,-4.135087013244629,7.905379772186279,0.5,1.0,1.0
22,19,-8.517773628234863,17.103069305419922,0.3333333432674408,0.6666666865348816,1.0
22,20,-6.195905685424805,490.7356872558594,0.0,0.0,1.0
22,21,-23.664737701416016,137636.140625,0.0,0.0,0.0
22,22,-25.97860336303711,25.721454620361328,0.25,0.625,0.875
22,23,-11.322805404663086,287.55169677734375,0.5,0.5,0.5
22,24,-5.994002342224121,20.025394439697266,0.5,0.5,1.0
22,25,-15.269697189331055,162.37347412109375,0.0,0.3333333432674408,1.0
22,26,-4.629449844360352,10.122138023376465,0.5,1.0,1.0
22,27,-7.314181327819824,38.74844741821289,0.0,1.0,1.0
22,28,-6.123403072357178,21.36387825012207,0.0,1.0,1.0
22,29,-7.220154762268066,36.96891403198242,0.0,0.5,1.0
22,30,-2.6821513175964355,14.616504669189453,0.0,1.0,1.0
22,31,-9.581501960754395,4.937786102294922,0.5,1.0,1.0
22,32,-2.867452383041382,2.6007957458496094,0.6666666865348816,1.0,1.0
22,33,-16.007442474365234,2992.071533203125,0.0,0.0,0.5
22,34,-13.918838500976562,10.17370319366455,0.6666666865348816,0.8333333730697632,0.8333333730697632
22,35,-5.568930625915527,16.1911563873291,0.5,0.5,1.0
22,36,-6.917581081390381,31.778518676757812,0.5,0.5,1.0
22,37,-12.863252639770508,4.992349147796631,0.625,0.875,1.0
22,38,-8.20244312286377,7.772646903991699,0.75,0.75,1.0
22,39,-13.923901557922363,1055.69091796875,0.5,0.5,0.5
22,40,-15.958733558654785,2920.08154296875,0.0,0.5,0.5
22,41,-22.721324920654297,17.118600845336914,0.375,0.75,0.875
22,42,-6.096616744995117,7.630898475646973,0.0,1.0,1.0
22,43,-10.774797439575195,14.786274909973145,0.5,0.75,1.0
22,44,-17.612899780273438,81.71397399902344,0.0,0.5,0.75
22,45,-9.811126708984375,135.03897094726562,0.5,0.5,0.5
22,46,-11.136734962463379,40.94562911987305,0.6666666865348816,0.6666666865348816,0.6666666865348816
22,47,-9.308191299438477,22.25864601135254,0.6666666865348816,0.6666666865348816,0.6666666865348816
22,48,-13.11109733581543,8.892273902893066,0.3333333432674408,0.8333333730697632,1.0
22,49,-4.011397361755371,2.2306196689605713,0.800000011920929,1.0,1.0
22,50,-2.7783212661743164,4.011481761932373,0.5,1.0,1.0
22,51,-19.93986701965332,27.75208854675293,0.3333333432674408,0.6666666865348816,0.8333333730697632
22,52,-10.22651481628418,166.2108917236328,0.5,0.5,0.5
22,53,-8.231669425964355,15.547344207763672,0.3333333432674408,0.6666666865348816,1.0
22,54,-11.539129257202148,10.052544593811035,0.6000000238418579,0.800000011920929,1.0
22,55,-10.248826026916504,12.96439266204834,0.5,0.75,1.0
22,56,-12.128459930419922,56.98681640625,0.0,0.6666666865348816,1.0
22,57,-9.826784133911133,11.666202545166016,0.5,0.75,1.0
22,58,-18.828792572021484,531.7982788085938,0.0,0.3333333432674408,0.6666666865348816
22,59,-6.116251468658447,7.681005477905273,0.6666666865348816,0.6666666865348816,1.0
22,60,-8.837127685546875,9.109172821044922,0.5,1.0,1.0
22,61,-11.635394096374512,336.1968994140625,0.0,0.5,0.5
22,62,-10.18756103515625,12.767338752746582,0.25,0.75,1.0
22,63,-6.001855850219727,20.104183197021484,0.5,0.5,1.0
22,64,-9.456607818603516,113.10356903076172,0.0,0.5,1.0
22,65,-16.829761505126953,4513.7373046875,0.0,0.0,0.5
22,66,-11.639322280883789,48.41327667236328,0.6666666865348816,0.6666666865348816,0.6666666865348816
22,67,-18.361469268798828,9708.2822265625,0.0,0.0,0.5
22,68,-10.878432273864746,37.56768035888672,0.3333333432674408,0.6666666865348816,0.6666666865348816
22,69,-9.817377090454102,135.46165466308594,0.0,0.5,1.0
22,70,-14.460458755493164,37.155609130859375,0.0,0.75,1.0
22,71,-6.917683124542236,31.780139923095703,0.5,0.5,1.0
23,0,-6.118529796600342,21.311885833740234,0.5,1.0,1.0
23,1,-4.029144287109375,7.497519016265869,0.5,1.0,1.0
23,2,-9.045153617858887,20.390132904052734,0.6666666865348816,0.6666666865348816,0.6666666865348816
23,3,-17.68593978881836,6925.5302734375,0.0,0.0,0.0
23,4,-18.166582107543945,8806.90234375,0.0,0.0,0.5
23,5,-14.09592342376709,109.79789733886719,0.3333333432674408,0.6666666865348816,0.6666666865348816
23,6,-30.3278865814209,156.7493438720703,0.5,0.6666666865348816,0.6666666865348816
23,7,-4.93521785736084,5.1813859939575195,0.3333333432674408,1.0,1.0
23,8,-30.422073364257812,2009.2530517578125,0.25,0.25,0.5
23,9,-16.872034072875977,276.99835205078125,0.0,0.6666666865348816,0.6666666865348816
23,10,-13.099597930908203,26.440568923950195,0.25,0.75,1.0
23,11,-16.256214141845703,10.199273109436035,0.5714285969734192,0.8571429252624512,0.8571429252624512
23,12,-12.612788200378418,548.0651245117188,0.5,0.5,0.5
23,13,-10.805535316467285,14.900337219238281,0.75,0.75,0.75
23,14,-17.999563217163086,8101.314453125,0.0,0.0,0.5
23,15,-9.287917137145996,22.10872459411621,0.3333333432674408,0.6666666865348816,1.0
23,16,-7.058250427246094,34.09413146972656,0.5,0.5,1.0
23,17,-5.119937419891357,12.935412406921387,0.5,1.0,1.0
23,18,-4.108179569244385,7.7997355461120605,0.5,1.0,1.0
23,19,-8.481314659118652,16.89647102355957,0.3333333432674408,0.6666666865348816,1.0
23,20,-6.232964515686035,509.2629699707031,0.0,0.0,1.0
23,21,-23.86192512512207,151897.703125,0.0,0.0,0.0
23,22,-25.911924362182617,25.507959365844727,0.25,0.625,0.875
23,23,-11.331290245056152,288.77423095703125,0.5,0.5,0.5
23,24,-6.0058369636535645,20.144241333007812,0.5,0.5,1.0
23,25,-15.244215965270996,161.0001220703125,0.0,0.3333333432674408,1.0
23,26,-4.591812610626221,9.93343448638916,0.5,1.0,1.0
23,27,-7.388861656188965,40.22267150878906,0.0,1.0,1.0
23,28,-6.138206958770752,21.522598266601562,0.0,1.0,1.0
23,29,-7.2603960037231445,37.72028350830078,0.0,1.0,1.0
23,30,-2.7461559772491455,15.582615852355957,0.0,1.0,1.0
23,31,-9.455516815185547,4.835185527801514,0.5,1.0,1.0
23,32,-2.8879268169403076,2.6186063289642334,0.6666666865348816,1.0,1.0
23,33,-16.071983337402344,3090.201904296875,0.0,0.0,0.5
23,34,-13.847013473510742,10.052643775939941,0.6666666865348816,0.8333333730697632,0.8333333730697632
23,35,-5.554728984832764,16.076595306396484,0.5,0.5,1.0
23,36,-6.892950057983398,31.389549255371094,0.5,0.5,1.0
23,37,-12.784431457519531,4.9434027671813965,0.625,0.875,1.0
23,38,-8.179519653320312,7.7282304763793945,0.75,0.75,1.0
23,39,-13.935879707336426,1062.032470703125,0.5,0.5,0.5
23,40,-15.869470596313477,2792.619384765625,0.0,0.5,0.5
23,41,-22.74155044555664,17.16193389892578,0.375,0.75,0.875
23,42,-6.062032699584961,7.5434346199035645,0.0,1.0,1.0
23,43,-10.933370590209961,15.384225845336914,0.5,0.75,1.0
23,44,-17.646686553955078,82.4071044921875,0.0,0.5,0.75
23,45,-9.723326683044434,129.23899841308594,0.5,0.5,0.5
23,46,-11.166290283203125,41.35100555419922,0.6666666865348816,0.6666666865348816,0.6666666865348816
23,47,-9.30666732788086,22.247339248657227,0.6666666865348816,0.6666666865348816,0.6666666865348816
23,48,-13.115188598632812,8.89833927154541,0.3333333432674408,0.8333333730697632,1.0
23,49,-3.9956109523773193,2.223588228225708,0.800000011920929,1.0,1.0
23,50,-2.8124465942382812,4.080515384674072,0.5,1.0,1.0
23,51,-19.98062515258789,27.94124984741211,0.3333333432674408,0.6666666865348816,0.8333333730697632
23,52,-10.205570220947266,164.4793701171875,0.5,0.5,0.5
23,53,-8.235426902770996,15.566827774047852,0.3333333432674408,0.6666666865348816,1.0
23,54,-11.451207160949707,9.87732219696045,0.6000000238418579,0.800000011920929,1.0
23,55,-10.326897621154785,13.219915390014648,0.5,0.75,1.0
23,56,-11.969823837280273,54.051719665527344,0.0,0.6666666865348816,1.0
23,57,-9.715737342834473,11.346784591674805,0.5,0.75,1.0
23,58,-18.82069206237793,530.3641357421875,0.0,0.3333333432674408,0.6666666865348816
23,59,-6.134474277496338,7.727805137634277,0.6666666865348816,0.6666666865348816,1.0
23,60,-8.958137512207031,9.388958930969238,0.5,1.0,1.0
23,61,-11.70263385772705,347.69195556640625,0.0,0.5,0.5
23,62,-10.163546562194824,12.69091796875,0.25,0.75,1.0
23,63,-6.016025543212891,20.24712371826172,0.5,0.5,1.0
23,64,-9.441864013671875,112.27284240722656,0.0,0.5,1.0
23,65,-16.861270904541016,4585.4130859375,0.0,0.0,0.5
23,66,-11.646957397460938,48.53664779663086,0.6666666865348816,0.6666666865348816,0.6666666865348816
23,67,-18.41033172607422,9948.388671875,0.0,0.0,0.5
23,68,-10.901978492736816,37.86370086669922,0.3333333432674408,0.6666666865348816,0.6666666865348816
23,69,-9.780736923217773,133.0025634765625,0.0,0.5,1.0
23,70,-14.554305076599121,38.03764343261719,0.0,0.75,1.0
23,71,-6.777833938598633,29.633840560913086,0.5,0.5,1.0
24,0,-6.096634387969971,21.07984161376953,0.5,1.0,1.0
24,1,-4.027282238006592,7.490541934967041,0.5,1.0,1.0
24,2,-9.000917434692383,20.09168243408203,0.6666666865348816,0.6666666865348816,0.6666666865348816
24,3,-17.661869049072266,6842.6787109375,0.0,0.0,0.0
24,4,-18.029123306274414,8221.94140625,0.0,0.0,0.5
24,5,-13.99450397491455,106.14802551269531,0.3333333432674408,0.6666666865348816,0.6666666865348816
24,6,-30.233980178833008,154.3151092529297,0.5,0.6666666865348816,0.6666666865348816
24,7,-4.92250919342041,5.159483432769775,0.3333333432674408,1.0,1.0
24,8,-30.375198364257812,1985.8446044921875,0.25,0.25,0.5
24,9,-16.799240112304688,270.35791015625,0.0,0.6666666865348816,0.6666666865348816
24,10,-13.12325668334961,26.5974178314209,0.25,0.75,1.0
24,11,-16.195266723632812,10.110855102539062,0.5714285969734192,0.8571429252624512,0.8571429252624512
24,12,-12.583765983581543,540.1695556640625,0.5,0.5,0.5
24,13,-10.68503189086914,14.458146095275879,0.75,0.75,0.75
24,14,-17.99646759033203,8088.78466796875,0.0,0.0,0.5
24,15,-9.328611373901367,22.410669326782227,0.3333333432674408,0.6666666865348816,1.0
24,16,-6.991973876953125,32.982826232910156,0.5,0.5,1.0
24,17,-5.143889427185059,13.09125804901123,0.5,1.0,1.0
24,18,-4.163855075836182,8.019912719726562,0.5,1.0,1.0
24,19,-8.483314514160156,16.907739639282227,0.3333333432674408,0.6666666865348816,1.0
24,20,-6.276890754699707,532.131591796875,0.0,0.0,1.0
24,21,-23.869422912597656,152468.21875,0.0,0.0,0.0
24,22,-25.794591903686523,25.13657569885254,0.25,0.625,0.875
24,23,-11.243753433227539,276.40765380859375,0.5,0.5,0.5
24,24,-6.041743278503418,20.5091609954834,0.5,0.5,1.0
24,25,-15.279154777526855,162.88613891601562,0.0,0.3333333432674408,1.0
24,26,-4.711846828460693,10.54786491394043,0.5,1.0,1.0
24,27,-7.242099761962891,37.37678909301758,0.0,1.0,1.0
24,28,-6.065217971801758,20.75130271911621,0.0,1.0,1.0
24,29,-7.3027753829956055,38.52809143066406,0.0,1.0,1.0
24,30,-2.7415785789489746,15.511452674865723,0.0,1.0,1.0
24,31,-9.456268310546875,4.835791110992432,0.5,1.0,1.0
24,32,-2.8682303428649902,2.6014702320098877,0.6666666865348816,1.0,1.0
24,33,-16.084720611572266,3109.94482421875,0.0,0.0,0.5
24,34,-13.812617301940918,9.99517822265625,0.6666666865348816,0.8333333730697632,0.8333333730697632
24,35,-5.581906318664551,16.296546936035156,0.5,0.5,1.0
24,36,-6.913769245147705,31.71800994873047,0.5,0.5,1.0
24,37,-12.887797355651855,5.007689476013184,0.625,0.875,1.0
24,38,-8.183905601501465,7.736709117889404,0.75,0.75,1.0
24,39,-13.937026977539062,1062.641845703125,0.5,0.5,0.5
24,40,-15.841900825500488,2754.3876953125,0.0,0.5,0.5
24,41,-22.685104370117188,17.041269302368164,0.375,0.75,0.875
24,42,-6.070828437805176,7.565583229064941,0.0,1.0,1.0
24,43,-10.919421195983887,15.330668449401855,0.5,0.75,1.0
24,44,-17.613554000854492,81.72733306884766,0.0,0.5,0.75
24,45,-9.694278717041016,127.37549591064453,0.5,0.5,0.5
24,46,-11.015947341918945,39.32979965209961,0.6666666865348816,0.6666666865348816,0.6666666865348816
24,47,-9.281997680664062,22.065143585205078,0.6666666865348816,0.6666666865348816,0.6666666865348816
24,48,-13.156547546386719,8.95988941192627,0.3333333432674408,0.8333333730697632,1.0
24,49,-3.8531084060668945,2.161109209060669,0.800000011920929,1.0,1.0
24,50,-2.773167610168457,4.001157760620117,0.5,1.0,1.0
24,51,-19.98162841796875,27.9459285736084,0.3333333432674408,0.6666666865348816,0.8333333730697632
24,52,-10.30877685546875,173.18984985351562,0.5,0.5,0.5
24,53,-8.251269340515137,15.649252891540527,0.3333333432674408,0.6666666865348816,1.0
24,54,-11.515320777893066,10.004791259765625,0.6000000238418579,0.800000011920929,1.0
24,55,-10.337052345275879,13.253519058227539,0.5,0.75,1.0
24,56,-12.068012237548828,55.850067138671875,0.0,0.6666666865348816,1.0
24,57,-9.745444297790527,11.431367874145508,0.5,0.75,1.0
24,58,-18.752975463867188,518.5267944335938,0.0,0.3333333432674408,0.6666666865348816
24,59,-6.18709135055542,7.864538192749023,0.6666666865348816,0.6666666865348816,1.0
24,60,-8.888931274414062,9.227912902832031,0.5,1.0,1.0
24,61,-11.608163833618164,331.65057373046875,0.0,0.5,0.5
24,62,-10.211200714111328,12.843016624450684,0.25,0.75,1.0
24,63,-5.955689907073975,19.64543342590332,0.5,0.5,1.0
24,64,-9.398040771484375,109.83952331542969,0.0,0.5,1.0
24,65,-16.77787208557129,4398.1357421875,0.0,0.0,0.5
24,66,-11.700705528259277,49.414066314697266,0.6666666865348816,0.6666666865348816,0.6666666865348816
24,67,-18.450416564941406,10149.7900390625,0.0,0.0,0.5
24,68,-10.765914916992188,36.18476867675781,0.3333333432674408,0.6666666865348816,0.6666666865348816
24,69,-9.781740188598633,133.06930541992188,0.0,0.5,1.0
24,70,-14.563669204711914,38.126792907714844,0.0,0.75,1.0
24,71,-6.844832897186279,30.643375396728516,0.5,0.5,1.0
25,0,-6.0839691162109375,20.9467716217041,0.5,1.0,1.0
25,1,-3.990522861480713,7.354125499725342,0.5,1.0,1.0
25,2,-9.022746086120605,20.2384033203125,0.6666666865348816,0.6666666865348816,0.6666666865348816
25,3,-17.79128074645996,7300.07861328125,0.0,0.0,0.0
25,4,-18.334514617919922,9578.318359375,0.0,0.0,0.5
25,5,-13.834928512573242,100.64936065673828,0.3333333432674408,0.6666666865348816,0.6666666865348816
25,6,-30.364601135253906,157.7113800048828,0.5,0.6666666865348816,0.6666666865348816
25,7,-4.956360816955566,5.218031406402588,0.3333333432674408,1.0,1.0
25,8,-30.258880615234375,1928.928955078125,0.25,0.25,0.5
25,9,-16.814599990844727,271.74566650390625,0.0,0.6666666865348816,0.6666666865348816
25,10,-13.112464904785156,26.5257568359375,0.25,0.75,1.0
25,11,-16.118125915527344,10.000042915344238,0.5714285969734192,0.8571429252624512,0.8571429252624512
25,12,-12.534850120544434,527.1183471679688,0.5,0.5,0.5
25,13,-10.662829399108887,14.378116607666016,0.75,0.75,0.75
25,14,-18.03375244140625,8240.994140625,0.0,0.0,0.5
25,15,-9.17802906036377,21.31355094909668,0.3333333432674408,0.6666666865348816,1.0
25,16,-6.9978837966918945,33.08042907714844,0.5,0.5,1.0
25,17,-5.124899864196777,12.967549324035645,0.5,1.0,1.0
25,18,-4.143627166748047,7.939208507537842,0.5,1.0,1.0
25,19,-8.445535659790039,16.696157455444336,0.3333333432674408,0.6666666865348816,1.0
25,20,-6.251903533935547,518.9998168945312,0.0,0.0,1.0
25,21,-23.95832061767578,159398.125,0.0,0.0,0.0
25,22,-25.86306381225586,25.352642059326172,0.25,0.625,0.875
25,23,-11.247844696044922,276.9736328125,0.5,0.5,0.5
25,24,-6.020451068878174,20.291976928710938,0.5,0.5,1.0
25,25,-15.22636604309082,160.04501342773438,0.0,0.3333333432674408,1.0
25,26,-4.7251505851745605,10.618261337280273,0.5,1.0,1.0
25,27,-7.350451469421387,39.45756149291992,0.0,1.0,1.0
25,28,-6.016440391540527,20.251325607299805,0.0,1.0,1.0
25,29,-7.171863555908203,36.08696746826172,0.0,1.0,1.0
25,30,-2.7976720333099365,16.406408309936523,0.0,1.0,1.0
25,31,-9.519523620605469,4.88704252243042,0.5,1.0,1.0
25,32,-2.823380947113037,2.562868356704712,0.6666666865348816,1.0,1.0
25,33,-16.011028289794922,2997.44091796875,0.0,0.0,0.5
25,34,-13.739206314086914,9.87363052368164,0.6666666865348816,0.8333333730697632,0.8333333730697632
25,35,-5.52810001373291,15.86396312713623,0.5,0.5,1.0
25,36,-6.906979084014893,31.610506057739258,0.5,0.5,1.0
25,37,-12.74081039428711,4.9165215492248535,0.625,0.875,1.0
25,38,-8.066094398498535,7.512164115905762,0.75,0.75,1.0
25,39,-13.85275936126709,1018.7989501953125,0.5,0.5,0.5
25,40,-15.860809326171875,2780.5517578125,0.0,0.5,0.5
25,41,-22.71486473083496,17.104782104492188,0.375,0.75,0.875
25,42,-5.909587860107422,7.16969108581543,0.0,1.0,1.0
25,43,-10.957294464111328,15.476513862609863,0.5,0.75,1.0
25,44,-17.71320152282715,83.78888702392578,0.0,0.5,0.75
25,45,-9.723610877990723,129.2573699951172,0.5,0.5,0.5
25,46,-10.857614517211914,37.30788803100586,0.6666666865348816,0.6666666865348816,0.6666666865348816
25,47,-9.264512062072754,21.936914443969727,0.6666666865348816,0.6666666865348816,0.6666666865348816
25,48,-13.12567138671875,8.913899421691895,0.3333333432674408,0.8333333730697632,1.0
25,49,-3.9301271438598633,2.1946561336517334,0.800000011920929,1.0,1.0
25,50,-2.8060450553894043,4.067475318908691,0.5,1.0,1.0
25,51,-20.069381713867188,28.357654571533203,0.3333333432674408,0.6666666865348816,0.8333333730697632
25,52,-10.252985000610352,168.42532348632812,0.5,0.5,0.5
25,53,-8.206269264221191,15.416265487670898,0.3333333432674408,0.6666666865348816,1.0
25,54,-11.33313274383545,9.64680290222168,0.6000000238418579,0.800000011920929,1.0
25,55,-10.369718551635742,13.362197875976562,0.5,0.75,1.0
25,56,-12.103593826293945,56.516414642333984,0.0,0.6666666865348816,1.0
25,57,-9.865903854370117,11.780858039855957,0.5,0.75,1.0
25,58,-18.736757278442383,515.7313232421875,0.0,0.3333333432674408,0.6666666865348816
25,59,-6.206409931182861,7.915345668792725,0.6666666865348816,0.6666666865348816,1.0
25,60,-8.834921836853027,9.104150772094727,0.5,1.0,1.0
25,61,-11.588887214660645,328.4693603515625,0.0,0.5,0.5
25,62,-10.122696876525879,12.561972618103027,0.25,0.75,1.0
25,63,-5.9807844161987305,19.893484115600586,0.5,0.5,1.0
25,64,-9.361583709716797,107.8554458618164,0.0,0.5,1.0
25,65,-16.779388427734375,4401.4716796875,0.0,0.0,0.5
25,66,-11.66805648803711,48.879207611083984,0.6666666865348816,0.6666666865348816,0.6666666865348816
25,67,-18.511734008789062,10465.7890625,0.0,0.0,0.5
25,68,-10.777485847473145,36.32460021972656,0.3333333432674408,0.6666666865348816,0.6666666865348816
25,69,-9.871740341186523,139.1942138671875,0.0,0.5,1.0
25,70,-14.499242782592773,37.51762008666992,0.25,0.75,1.0
25,71,-6.812983989715576,30.159259796142578,0.5,0.5,1.0
26,0,-6.065662384033203,20.75591278076172,0.5,1.0,1.0
26,1,-4.010089874267578,7.426427841186523,0.5,1.0,1.0
26,2,-9.047677040100098,20.40729331970215,0.6666666865348816,0.6666666865348816,0.6666666865348816
26,3,-17.697837829589844,6966.85302734375,0.0,0.0,0.0
26,4,-18.257705688476562,9217.44140625,0.0,0.0,0.5
26,5,-13.914623260498047,103.35895538330078,0.3333333432674408,0.6666666865348816,0.6666666865348816
26,6,-30.36288070678711,157.66619873046875,0.5,0.6666666865348816,0.6666666865348816
26,7,-4.92372989654541,5.161583423614502,0.3333333432674408,1.0,1.0
26,8,-30.161312103271484,1882.4473876953125,0.25,0.25,0.5
26,9,-16.87343978881836,277.1280822753906,0.0,0.6666666865348816,0.6666666865348816
26,10,-13.048957824707031,26.107938766479492,0.25,0.75,1.0
26,11,-16.07328987121582,9.936196327209473,0.5714285969734192,0.8571429252624512,0.8571429252624512
26,12,-12.577791213989258,538.5582275390625,0.5,0.5,0.5
26,13,-10.604207038879395,14.168932914733887,0.75,0.75,0.75
26,14,-18.051166534423828,8313.0615234375,0.0,0.0,0.5
26,15,-9.274271011352539,22.008390426635742,0.3333333432674408,0.6666666865348816,1.0
26,16,-6.953936576843262,32.3614616394043,0.5,0.5,1.0
26,17,-5.116426467895508,12.912724494934082,0.5,1.0,1.0
26,18,-4.12499475479126,7.865588665008545,0.5,1.0,1.0
26,19,-8.410744667053223,16.50364875793457,0.3333333432674408,0.6666666865348816,1.0
26,20,-6.282563209533691,535.1586303710938,0.0,0.0,1.0
26,21,-23.89109992980957,154129.734375,0.0,0.0,0.0
26,22,-25.825654983520508,25.23436737060547,0.25,0.625,0.875
26,23,-11.246814727783203,276.8310546875,0.5,0.5,0.5
26,24,-6.033734321594238,20.427196502685547,0.5,0.5,1.0
26,25,-15.24414348602295,160.9962921142578,0.0,0.3333333432674408,1.0
26,26,-4.661493301391602,10.285618782043457,0.5,1.0,1.0
26,27,-7.371254920959473,39.87013244628906,0.0,1.0,1.0
26,28,-5.995786666870117,20.04326820373535,0.0,1.0,1.0
26,29,-7.297115325927734,38.419212341308594,0.0,1.0,1.0
26,30,-2.8000404834747314,16.4453125,0.0,1.0,1.0
26,31,-9.483231544494629,4.857571601867676,0.5,1.0,1.0
26,32,-2.783282518386841,2.5288405418395996,0.6666666865348816,1.0,1.0
26,33,-16.101314544677734,3135.85546875,0.0,0.0,0.5
26,34,-13.754302978515625,9.898506164550781,0.6666666865348816,0.8333333730697632,0.8333333730697632
26,35,-5.626393795013428,16.663103103637695,0.5,0.5,1.0
26,36,-6.941349029541016,32.15842819213867,0.5,0.5,1.0
26,37,-12.724306106567383,4.906389236450195,0.625,0.875,1.0
26,38,-8.068008422851562,7.5157599449157715,0.75,0.75,1.0
26,39,-13.856474876403809,1020.693359375,0.5,0.5,0.5
26,40,-15.951388359069824,2909.376708984375,0.0,0.5,0.5
26,41,-22.569547653198242,16.796884536743164,0.375,0.75,0.875
26,42,-5.976524829864502,7.3314619064331055,0.0,1.0,1.0
26,43,-10.988188743591309,15.59650993347168,0.5,0.75,1.0
26,44,-17.660545349121094,82.69312286376953,0.0,0.5,0.75
26,45,-9.674501419067383,126.12213134765625,0.5,0.5,0.5
26,46,-10.904924392700195,37.90089416503906,0.6666666865348816,0.6666666865348816,0.6666666865348816
26,47,-9.274181365966797,22.007728576660156,0.6666666865348816,0.6666666865348816,0.6666666865348816
26,48,-13.152063369750977,8.95319652557373,0.3333333432674408,0.8333333730697632,1.0
26,49,-3.8965067863464355,2.1799488067626953,0.800000011920929,1.0,1.0
26,50,-2.763737201690674,3.9823360443115234,0.5,1.0,1.0
26,51,-19.99718475341797,28.018474578857422,0.3333333432674408,0.6666666865348816,0.8333333730697632
26,52,-10.290681838989258,171.62998962402344,0.5,0.5,0.5
26,53,-8.171289443969727,15.237557411193848,0.3333333432674408,0.6666666865348816,1.0
26,54,-11.268610954284668,9.523116111755371,0.6000000238418579,0.800000011920929,1.0
26,55,-10.303136825561523,13.141619682312012,0.5,0.75,1.0
26,56,-12.204211235046387,58.4440803527832,0.0,0.6666666865348816,1.0
26,57,-9.9049072265625,11.896292686462402,0.5,0.75,1.0
26,58,-18.750566482543945,518.1106567382812,0.0,0.3333333432674408,0.6666666865348816
26,59,-6.198403358459473,7.8942484855651855,0.6666666865348816,0.6666666865348816,1.0
26,60,-8.982430458068848,9.44615364074707,0.5,1.0,1.0
26,61,-11.753877639770508,356.715576171875,0.0,0.5,0.5
26,62,-10.223395347595215,12.882230758666992,0.25,0.75,1.0
26,63,-6.003213882446289,20.117839813232422,0.5,0.5,1.0
26,64,-9.350364685058594,107.25212860107422,0.0,0.5,1.0
26,65,-16.746389389038086,4329.4453125,0.0,0.0,0.5
26,66,-11.700586318969727,49.4120979309082,0.6666666865348816,0.6666666865348816,0.6666666865348816
26,67,-18.606569290161133,10974.0048828125,0.0,0.0,0.5
26,68,-10.771038055419922,36.246620178222656,0.3333333432674408,0.6666666865348816,0.6666666865348816
26,69,-9.974905014038086,146.5625762939453,0.0,0.5,1.0
26,70,-14.60611629486084,38.533538818359375,0.0,0.75,0.75
26,71,-6.706299781799316,28.5926570892334,0.5,0.5,1.0
27,0,-6.06319522857666,20.73032569885254,0.5,1.0,1.0
27,1,-3.979093074798584,7.3122172355651855,0.5,1.0,1.0
27,2,-9.055549621582031,20.46091651916504,0.6666666865348816,0.6666666865348816,0.6666666865348816
27,3,-17.715938568115234,7030.1923828125,0.0,0.0,0.0
27,4,-18.25675392150879,9213.056640625,0.0,0.0,0.5
27,5,-13.790414810180664,99.16698455810547,0.3333333432674408,0.6666666865348816,0.6666666865348816
27,6,-30.36009407043457,157.59298706054688,0.5,0.6666666865348816,0.6666666865348816
27,7,-4.983200550079346,5.264925003051758,0.3333333432674408,1.0,1.0
27,8,-30.06787872314453,1838.986083984375,0.25,0.25,0.5
27,9,-16.922069549560547,281.6569519042969,0.0,0.3333333432674408,0.6666666865348816
27,10,-13.086267471313477,26.352598190307617,0.25,0.75,1.0
27,11,-16.08609962463379,9.954395294189453,0.5714285969734192,0.8571429252624512,0.8571429252624512
27,12,-12.526490211486816,524.9196166992188,0.5,0.5,0.5
27,13,-10.543110847473145,13.954160690307617,0.75,0.75,0.75
27,14,-18.03064727783203,8228.208984375,0.0,0.0,0.5
27,15,-9.232396125793457,21.70332145690918,0.3333333432674408,0.6666666865348816,1.0
27,16,-6.929426670074463,31.967294692993164,0.5,0.5,1.0
27,17,-5.159276962280273,13.192368507385254,0.5,1.0,1.0
27,18,-4.171027660369873,8.048727035522461,0.5,1.0,1.0
27,19,-8.350640296936035,16.17629051208496,0.3333333432674408,0.6666666865348816,1.0
27,20,-6.301660060882568,545.4766845703125,0.0,0.0,1.0
27,21,-23.950834274291992,158802.59375,0.0,0.0,0.0
27,22,-25.82448959350586,25.23069190979004,0.25,0.625,0.875
27,23,-11.199844360351562,270.4053649902344,0.5,0.5,0.5
27,24,-6.051568031311035,20.610158920288086,0.5,0.5,1.0
27,25,-15.263803482055664,162.05479431152344,0.0,0.3333333432674408,1.0
27,26,-4.65789794921875,10.267144203186035,0.5,1.0,1.0
27,27,-7.384429931640625,40.133644104003906,0.0,1.0,1.0
27,28,-5.910249710083008,19.204120635986328,0.0,1.0,1.0
27,29,-7.3873677253723145,40.1926383972168,0.0,0.5,1.0
27,30,-2.8051748275756836,16.529964447021484,0.0,1.0,1.0
27,31,-9.342901229858398,4.745279312133789,0.5,1.0,1.0
27,32,-2.8159172534942627,2.55649995803833,0.6666666865348816,1.0,1.0
27,33,-16.021198272705078,3012.7216796875,0.0,0.0,0.5
27,34,-13.57149887084961,9.601471900939941,0.6666666865348816,0.8333333730697632,0.8333333730697632
27,35,-5.573905944824219,16.231487274169922,0.5,0.5,1.0
27,36,-6.932299613952637,32.013248443603516,0.5,0.5,1.0
27,37,-12.755034446716309,4.925271034240723,0.625,0.875,1.0
27,38,-8.134834289550781,7.64237642288208,0.75,0.75,1.0
27,39,-13.851269721984863,1018.0404052734375,0.5,0.5,0.5
27,40,-15.789448738098145,2683.08984375,0.0,0.5,0.5
27,41,-22.700849533081055,17.07484245300293,0.375,0.75,0.875
27,42,-5.87541389465332,7.08848237991333,0.0,1.0,1.0
27,43,-11.004179000854492,15.65898323059082,0.5,0.75,1.0
27,44,-17.777236938476562,85.14104461669922,0.0,0.5,0.75
27,45,-9.624768257141113,123.02457427978516,0.5,0.5,0.5
27,46,-10.687090873718262,35.24640655517578,0.6666666865348816,0.6666666865348816,0.6666666865348816
27,47,-9.283891677856445,22.079078674316406,0.6666666865348816,0.6666666865348816,0.6666666865348816
27,48,-13.170766830444336,8.981147766113281,0.3333333432674408,0.8333333730697632,1.0
27,49,-3.784306526184082,2.131575345993042,0.800000011920929,1.0,1.0
27,50,-2.8192508220672607,4.09442138671875,0.5,1.0,1.0
27,51,-20.035320281982422,28.197124481201172,0.3333333432674408,0.6666666865348816,0.8333333730697632
27,52,-10.220769882202148,165.734130859375,0.5,0.5,0.5
27,53,-8.19306468963623,15.348560333251953,0.3333333432674408,0.6666666865348816,1.0
27,54,-11.272890090942383,9.531270980834961,0.6000000238418579,0.800000011920929,1.0
27,55,-10.388303756713867,13.424426078796387,0.5,0.75,1.0
27,56,-12.088958740234375,56.241397857666016,0.0,0.6666666865348816,1.0
27,57,-9.951860427856445,12.036757469177246,0.5,0.75,1.0
27,58,-18.658292770385742,502.4172058105469,0.0,0.3333333432674408,0.3333333432674408
27,59,-6.1545257568359375,7.779629230499268,0.6666666865348816,0.6666666865348816,1.0
27,60,-8.898756980895996,9.250608444213867,0.5,1.0,1.0
27,61,-11.622749328613281,334.07806396484375,0.0,0.5,0.5
27,62,-10.165132522583008,12.695951461791992,0.25,0.75,1.0
27,63,-6.019432067871094,20.281641006469727,0.5,0.5,1.0
27,64,-9.250411033630371,102.02373504638672,0.0,0.5,1.0
27,65,-16.756731033325195,4351.89013671875,0.0,0.0,0.5
27,66,-11.724376678466797,49.805511474609375,0.6666666865348816,0.6666666865348816,0.6666666865348816
27,67,-18.551551818847656,10676.2392578125,0.0,0.0,0.5
27,68,-10.789881706237793,36.475006103515625,0.3333333432674408,0.6666666865348816,0.6666666865348816
27,69,-9.950525283813477,144.78684997558594,0.0,0.5,1.0
27,70,-14.685480117797852,39.305721282958984,0.0,0.75,0.75
27,71,-6.795581340789795,29.897974014282227,0.5,0.5,1.0
28,0,-6.03483772277832,20.4384708404541,0.5,1.0,1.0
28,1,-3.967015027999878,7.268191814422607,0.5,1.0,1.0
28,2,-8.994162559509277,20.046493530273438,0.6666666865348816,0.6666666865348816,0.6666666865348816
28,3,-17.827068328857422,7431.88037109375,0.0,0.0,0.0
28,4,-18.540996551513672,10620.0419921875,0.0,0.0,0.5
28,5,-13.729272842407227,97.16631317138672,0.3333333432674408,0.6666666865348816,0.6666666865348816
28,6,-30.265918731689453,155.1387176513672,0.5,0.6666666865348816,0.6666666865348816
28,7,-4.858520984649658,5.050599575042725,0.3333333432674408,1.0,1.0
28,8,-30.105627059936523,1856.4228515625,0.25,0.25,0.5
28,9,-16.975112915039062,286.6812438964844,0.0,0.3333333432674408,0.6666666865348816
28,10,-12.994140625,25.752588272094727,0.25,0.75,1.0
28,11,-15.927009582519531,9.730712890625,0.5714285969734192,0.8571429252624512,0.8571429252624512
28,12,-12.685275077819824,568.2932739257812,0.5,0.5,0.5
28,13,-10.490190505981445,13.770761489868164,0.75,0.75,0.75
28,14,-18.053707122802734,8323.6279296875,0.0,0.0,0.5
28,15,-9.209510803222656,21.538389205932617,0.3333333432674408,0.6666666865348816,1.0
28,16,-6.905121326446533,31.581157684326172,0.5,0.5,1.0
28,17,-5.17071533203125,13.268034934997559,0.5,1.0,1.0
28,18,-4.096447467803955,7.754116058349609,0.5,1.0,1.0
28,19,-8.387015342712402,16.37362289428711,0.3333333432674408,0.6666666865348816,1.0
28,20,-6.351859092712402,573.5580444335938,0.0,0.0,1.0
28,21,-23.979488372802734,161094.140625,0.0,0.0,0.0
28,22,-25.75603485107422,25.015718460083008,0.25,0.625,0.875
28,23,-11.184806823730469,268.3798828125,0.5,0.5,0.5
28,24,-6.058114051818848,20.677724838256836,0.5,0.5,1.0
28,25,-15.272822380065918,162.542724609375,0.0,0.3333333432674408,1.0
28,26,-4.6454291343688965,10.203333854675293,0.5,1.0,1.0
28,27,-7.403414726257324,40.516422271728516,0.0,1.0,1.0
28,28,-5.87075662612915,18.828624725341797,0.0,1.0,1.0
28,29,-7.362981796264648,39.70554733276367,0.0,0.5,1.0
28,30,-2.8267500400543213,16.890478134155273,0.0,1.0,1.0
28,31,-9.275144577026367,4.69199275970459,0.5,1.0,1.0
28,32,-2.7564697265625,2.5063393115997314,0.6666666865348816,1.0,1.0
28,33,-16.150527954101562,3213.9755859375,0.0,0.0,0.5
28,34,-13.588432312011719,9.628609657287598,0.6666666865348816,0.8333333730697632,0.8333333730697632
28,35,-5.592258453369141,16.381114959716797,0.5,0.5,1.0
28,36,-6.90424108505249,31.5672607421875,0.5,0.5,1.0
28,37,-12.778018951416016,4.939441680908203,0.625,0.875,1.0
28,38,-8.070709228515625,7.520836353302002,0.75,0.75,1.0
28,39,-13.856067657470703,1020.485595703125,0.5,0.5,0.5
28,40,-15.758386611938477,2641.74072265625,0.0,0.5,0.5
28,41,-22.676002502441406,17.021892547607422,0.375,0.75,0.875
28,42,-5.842100620269775,7.010204315185547,0.0,1.0,1.0
28,43,-11.052070617675781,15.847593307495117,0.5,0.75,1.0
28,44,-17.625835418701172,81.97865295410156,0.0,0.5,0.75
28,45,-9.66224479675293,125.35157775878906,0.5,0.5,0.5
28,46,-10.713085174560547,35.55314254760742,0.6666666865348816,0.6666666865348816,0.6666666865348816
28,47,-9.283217430114746,22.074119567871094,0.6666666865348816,0.6666666865348816,0.6666666865348816
28,48,-13.244436264038086,9.092101097106934,0.3333333432674408,0.8333333730697632,1.0
28,49,-3.8935928344726562,2.1786787509918213,0.800000011920929,1.0,1.0
28,50,-2.7793002128601074,4.0134453773498535,0.5,1.0,1.0
28,51,-20.040973663330078,28.223705291748047,0.3333333432674408,0.6666666865348816,0.8333333730697632
28,52,-10.161962509155273,160.93190002441406,0.5,0.5,0.5
28,53,-8.143070220947266,15.09489631652832,0.3333333432674408,0.6666666865348816,1.0
28,54,-11.152200698852539,9.303959846496582,0.6000000238418579,0.800000011920929,1.0
28,55,-10.406665802001953,13.486193656921387,0.5,0.75,1.0
28,56,-12.17015266418457,57.78431701660156,0.0,0.6666666865348816,1.0
28,57,-9.934209823608398,11.983760833740234,0.5,0.75,1.0
28,58,-18.759723663330078,519.6944580078125,0.0,0.3333333432674408,0.3333333432674408
28,59,-6.201493740081787,7.902385711669922,0.6666666865348816,0.6666666865348816,1.0
28,60,-8.8912935256958,9.23336410522461,0.5,1.0,1.0
28,61,-11.696249961853027,346.58392333984375,0.0,0.5,0.5
28,62,-10.157608032226562,12.672091484069824,0.25,0.75,1.0
28,63,-5.992790222167969,20.013261795043945,0.5,0.5,1.0
28,64,-9.220516204833984,100.51008605957031,0.0,0.5,1.0
28,65,-16.612770080566406,4049.647216796875,0.0,0.0,0.5
28,66,-11.71766471862793,49.69420623779297,0.6666666865348816,0.6666666865348816,0.6666666865348816
28,67,-18.697193145751953,11482.697265625,0.0,0.0,0.5
28,68,-10.681251525878906,35.17787170410156,0.3333333432674408,0.6666666865348816,0.6666666865348816
28,69,-9.962159156799316,145.6315155029297,0.0,0.5,1.0
28,70,-14.619539260864258,38.66306686401367,0.25,0.75,0.75
28,71,-6.741877555847168,29.105838775634766,0.5,0.5,1.0
29,0,-5.935847282409668,19.45149040222168,0.5,1.0,1.0
29,1,-3.9547832012176514,7.223875999450684,0.5,1.0,1.0
29,2,-9.028507232666016,20.277307510375977,0.6666666865348816,0.6666666865348816,0.6666666865348816
29,3,-17.817447662353516,7396.216796875,0.0,0.0,0.0
29,4,-18.53365707397461,10581.140625,0.0,0.0,0.5
29,5,-13.735151290893555,97.35693359375,0.3333333432674408,0.6666666865348816,0.6666666865348816
29,6,-30.447065353393555,159.89398193359375,0.5,0.6666666865348816,0.6666666865348816
29,7,-4.947328090667725,5.2023444175720215,0.3333333432674408,1.0,1.0
29,8,-29.986095428466797,1801.7681884765625,0.25,0.25,0.5
29,9,-16.913265228271484,280.8315124511719,0.0,0.6666666865348816,0.6666666865348816
29,10,-13.008794784545898,25.84710693359375,0.25,0.75,1.0
29,11,-15.949519157409668,9.762052536010742,0.5714285969734192,0.8571429252624512,0.8571429252624512
29,12,-12.666414260864258,562.9591674804688,0.5,0.5,0.5
29,13,-10.429758071899414,13.564275741577148,0.75,0.75,0.75
29,14,-17.97001838684082,7982.517578125,0.0,0.0,0.5
29,15,-9.234053611755371,21.71531867980957,0.3333333432674408,0.6666666865348816,1.0
29,16,-6.887269020080566,31.300512313842773,0.5,0.5,1.0
29,17,-5.2107625007629395,13.536385536193848,0.5,1.0,1.0
29,18,-4.018829345703125,7.458950519561768,0.5,1.0,1.0
29,19,-8.445149421691895,16.694007873535156,0.3333333432674408,0.6666666865348816,1.0
29,20,-6.370089530944824,584.110107421875,0.0,0.0,1.0
29,21,-24.02754783630371,165012.0625,0.0,0.0,0.0
29,22,-25.673091888427734,24.75769805908203,0.25,0.625,0.875
29,23,-11.144657135009766,263.0458984375,0.5,0.5,0.5
29,24,-6.098003387451172,21.094276428222656,0.5,0.5,1.0
29,25,-15.283734321594238,163.13504028320312,0.0,0.3333333432674408,1.0
29,26,-4.604454517364502,9.99642276763916,0.5,1.0,1.0
29,27,-7.3712310791015625,39.86965560913086,0.0,1.0,1.0
29,28,-5.773796081542969,17.93758201599121,0.0,1.0,1.0
29,29,-7.401216506958008,40.4719123840332,0.0,0.5,1.0
29,30,-2.8430373668670654,17.167831420898438,0.0,1.0,1.0
29,31,-9.388675689697266,4.781619071960449,0.5,1.0,1.0
29,32,-2.7097301483154297,2.4675934314727783,0.6666666865348816,1.0,1.0
29,33,-16.203018188476562,3299.443603515625,0.0,0.0,0.5
29,34,-13.596153259277344,9.641006469726562,0.6666666865348816,0.8333333730697632,0.8333333730697632
29,35,-5.521212100982666,15.80942153930664,0.5,0.5,1.0
29,36,-6.977461338043213,32.74435806274414,0.5,0.5,1.0
29,37,-12.767959594726562,4.933235168457031,0.625,0.875,1.0
29,38,-7.97336483001709,7.340017318725586,0.75,0.75,1.0
29,39,-13.926101684570312,1056.8529052734375,0.5,0.5,0.5
29,40,-15.755874633789062,2638.4248046875,0.0,0.5,0.5
29,41,-22.67864227294922,17.027511596679688,0.375,0.75,0.875
29,42,-5.850395679473877,7.0296149253845215,0.3333333432674408,1.0,1.0
29,43,-11.004186630249023,15.659012794494629,0.5,0.75,1.0
29,44,-17.756195068359375,84.69434356689453,0.0,0.5,0.75
29,45,-9.702643394470215,127.90933990478516,0.5,0.5,0.5
29,46,-10.741756439208984,35.89455032348633,0.6666666865348816,0.6666666865348816,0.6666666865348816
29,47,-9.275361061096191,22.016387939453125,0.6666666865348816,0.6666666865348816,0.6666666865348816
29,48,-13.245561599731445,9.093807220458984,0.3333333432674408,0.8333333730697632,1.0
29,49,-3.8773183822631836,2.1715989112854004,0.800000011920929,1.0,1.0
29,50,-2.819962978363037,4.095879554748535,0.5,1.0,1.0
29,51,-20.0053768157959,28.0567569732666,0.3333333432674408,0.6666666865348816,0.8333333730697632
29,52,-10.184992790222168,162.79576110839844,0.5,0.5,0.5
29,53,-8.117927551269531,14.968914985656738,0.3333333432674408,0.6666666865348816,1.0
29,54,-11.075084686279297,9.1615629196167,0.6000000238418579,0.800000011920929,1.0
29,55,-10.498690605163574,13.800055503845215,0.5,0.75,1.0
29,56,-12.171684265136719,57.8138313293457,0.0,0.6666666865348816,1.0
29,57,-9.96324348449707,12.071060180664062,0.5,0.75,1.0
29,58,-18.7739315032959,522.1615600585938,0.0,0.3333333432674408,0.3333333432674408
29,59,-6.194148540496826,7.883059978485107,0.6666666865348816,0.6666666865348816,1.0
29,60,-8.889313697814941,9.228795051574707,0.5,1.0,1.0
29,61,-11.755911827087402,357.0785827636719,0.0,0.5,0.5
29,62,-10.243837356567383,12.948233604431152,0.25,0.75,1.0
29,63,-5.9478759765625,19.568830490112305,0.5,0.5,1.0
29,64,-9.226810455322266,100.826904296875,0.0,0.5,1.0
29,65,-16.707416534423828,4245.896484375,0.0,0.0,0.5
29,66,-11.748098373413086,50.200889587402344,0.6666666865348816,0.6666666865348816,0.6666666865348816
29,67,-18.67078971862793,11332.1025390625,0.0,0.0,0.5
29,68,-10.642589569091797,34.72743606567383,0.3333333432674408,0.6666666865348816,0.6666666865348816
29,69,-9.97188949584961,146.34176635742188,0.0,0.5,1.0
29,70,-14.787382125854492,40.319915771484375,0.25,0.75,0.75
29,71,-6.676953315734863,28.176170349121094,0.5,0.5,1.0
30,0,-5.975994110107422,19.84589385986328,0.5,1.0,1.0
30,1,-3.932337522506714,7.143257141113281,0.5,1.0,1.0
30,2,-9.04710578918457,20.403409957885742,0.6666666865348816,0.6666666865348816,0.6666666865348816
30,3,-17.80480194091797,7349.5986328125,0.0,0.0,0.0
30,4,-18.614574432373047,11018.017578125,0.0,0.0,0.5
30,5,-13.758625030517578,98.1216812133789,0.3333333432674408,0.6666666865348816,0.6666666865348816
30,6,-30.486303329467773,160.94302368164062,0.5,0.6666666865348816,0.6666666865348816
30,7,-4.915375232696533,5.147228240966797,0.3333333432674408,1.0,1.0
30,8,-30.00031280517578,1808.183837890625,0.25,0.25,0.5
30,9,-16.950727462768555,284.3603515625,0.0,0.3333333432674408,0.6666666865348816
30,10,-12.913190841674805,25.23666000366211,0.25,0.75,1.0
30,11,-15.894405364990234,9.685495376586914,0.5714285969734192,0.8571429252624512,0.8571429252624512
30,12,-12.710173606872559,575.4122924804688,0.5,0.5,0.5
30,13,-10.370025634765625,13.3632230758667,0.75,0.75,0.75
30,14,-18.005584716796875,8125.7421875,0.0,0.0,0.5
30,15,-9.234309196472168,21.717166900634766,0.3333333432674408,0.6666666865348816,1.0
30,16,-6.892730236053467,31.38610076904297,0.5,0.5,1.0
30,17,-5.186267375946045,13.37160873413086,0.5,1.0,1.0
30,18,-4.038077354431152,7.531081676483154,0.5,1.0,1.0
30,19,-8.357552528381348,16.213603973388672,0.3333333432674408,0.6666666865348816,1.0
30,20,-6.340505599975586,567.0829467773438,0.0,0.0,1.0
30,21,-24.105815887451172,171597.671875,0.0,0.0,0.0
30,22,-25.731510162353516,24.93914794921875,0.25,0.625,0.875
30,23,-11.100591659545898,257.31365966796875,0.5,0.5,0.5
30,24,-6.073036193847656,20.83258056640625,0.5,0.5,1.0
30,25,-15.335160255432129,165.95556640625,0.0,0.3333333432674408,1.0
30,26,-4.573870658874512,9.844719886779785,0.5,1.0,1.0
30,27,-7.411390781402588,40.67832565307617,0.0,1.0,1.0
30,28,-5.727666854858398,17.528593063354492,0.0,1.0,1.0
30,29,-7.445494174957275,41.377906799316406,0.0,1.0,1.0
30,30,-2.8946425914764404,18.077037811279297,0.0,1.0,1.0
30,31,-9.324530601501465,4.730772495269775,0.5,1.0,1.0
30,32,-2.668013095855713,2.4335174560546875,0.6666666865348816,1.0,1.0
30,33,-16.133285522460938,3186.386474609375,0.0,0.0,0.5
30,34,-13.445760726928711,9.40235424041748,0.6666666865348816,0.8333333730697632,0.8333333730697632
30,35,-5.551177978515625,16.048076629638672,0.5,0.5,1.0
30,36,-6.92958402633667,31.969810485839844,0.5,0.5,1.0
30,37,-12.612868309020996,4.838518142700195,0.75,0.875,1.0
30,38,-8.060464859008789,7.501599311828613,0.75,0.75,1.0
30,39,-13.854963302612305,1019.9222412109375,0.5,0.5,0.5
30,40,-15.936294555664062,2887.502685546875,0.0,0.5,0.5
30,41,-22.57638168334961,16.81123924255371,0.375,0.75,0.875
30,42,-5.806826591491699,6.928261756896973,0.3333333432674408,1.0,1.0
30,43,-11.059320449829102,15.8763427734375,0.5,0.75,1.0
30,44,-17.816429138183594,85.97936248779297,0.0,0.5,0.75
30,45,-9.626172065734863,123.1109619140625,0.5,0.5,0.5
30,46,-10.587177276611328,34.091880798339844,0.6666666865348816,0.6666666865348816,0.6666666865348816
30,47,-9.288572311401367,22.11355209350586,0.6666666865348816,0.6666666865348816,0.6666666865348816
30,48,-13.186203002929688,9.004284858703613,0.3333333432674408,0.6666666865348816,1.0
30,49,-3.839358329772949,2.155174493789673,0.800000011920929,1.0,1.0
30,50,-2.7544963359832764,3.9639785289764404,0.5,1.0,1.0
30,51,-19.959827423095703,27.84457015991211,0.3333333432674408,0.6666666865348816,0.8333333730697632
30,52,-10.070688247680664,153.7524871826172,0.5,0.5,0.5
30,53,-8.17132568359375,15.237738609313965,0.3333333432674408,0.6666666865348816,1.0
30,54,-11.113065719604492,9.231422424316406,0.6000000238418579,0.800000011920929,1.0
30,55,-10.44048023223877,13.60068416595459,0.5,0.75,1.0
30,56,-12.241592407226562,59.17686080932617,0.0,0.6666666865348816,1.0
30,57,-9.991806983947754,12.15756607055664,0.5,0.75,1.0
30,58,-18.80933380126953,528.3599853515625,0.0,0.3333333432674408,0.3333333432674408
30,59,-6.203214168548584,7.906918048858643,0.6666666865348816,0.6666666865348816,1.0
30,60,-8.884031295776367,9.216614723205566,0.5,1.0,1.0
30,61,-11.731827735900879,352.804443359375,0.0,0.5,0.5
30,62,-10.18489933013916,12.758846282958984,0.25,0.75,1.0
30,63,-5.946385383605957,19.55425262451172,0.5,0.5,1.0
30,64,-9.166857719421387,97.84933471679688,0.0,0.5,1.0
30,65,-16.662809371948242,4152.24609375,0.0,0.0,0.5
30,66,-11.730815887451172,49.91251754760742,0.6666666865348816,0.6666666865348816,0.6666666865348816
30,67,-18.78680419921875,12008.884765625,0.0,0.0,0.5
30,68,-10.621173858642578,34.480403900146484,0.3333333432674408,0.6666666865348816,0.6666666865348816
30,69,-9.94681167602539,144.51824951171875,0.0,0.5,1.0
30,70,-14.75857925415039,40.0306282043457,0.25,0.75,0.75
30,71,-6.735504627227783,29.01323890686035,0.5,0.5,1.0
31,0,-5.998389720916748,20.069372177124023,0.5,1.0,1.0
31,1,-3.9352967739105225,7.153833866119385,0.5,1.0,1.0
31,2,-8.994598388671875,20.049406051635742,0.6666666865348816,0.6666666865348816,0.6666666865348816
31,3,-18.010089874267578,8144.06689453125,0.0,0.0,0.0
31,4,-18.693702697753906,11462.6748046875,0.0,0.0,0.5
31,5,-13.678163528442383,95.52497100830078,0.3333333432674408,0.6666666865348816,0.6666666865348816
31,6,-30.46310806274414,160.3220672607422,0.5,0.6666666865348816,0.6666666865348816
31,7,-4.861719131469727,5.0559868812561035,0.3333333432674408,1.0,1.0
31,8,-30.019670486450195,1816.9554443359375,0.25,0.25,0.5
31,9,-17.03250503540039,292.21844482421875,0.0,0.3333333432674408,0.6666666865348816
31,10,-12.866920471191406,24.946414947509766,0.25,0.75,1.0
31,11,-15.89002799987793,9.67944049835205,0.5714285969734192,0.8571429252624512,0.8571429252624512
31,12,-12.738547325134277,583.6337280273438,0.5,0.5,0.5
31,13,-10.33277702331543,13.239361763000488,0.75,0.75,0.75
31,14,-18.070392608642578,8393.361328125,0.0,0.0,0.5
31,15,-9.23920726776123,21.752653121948242,0.3333333432674408,0.6666666865348816,1.0
31,16,-6.798058986663818,29.935033798217773,0.5,0.5,1.0
31,17,-5.122990131378174,12.955172538757324,0.5,1.0,1.0
31,18,-4.0286641120910645,7.495718955993652,0.5,1.0,1.0
31,19,-8.359302520751953,16.223068237304688,0.3333333432674408,0.6666666865348816,1.0
31,20,-6.371318817138672,584.82861328125,0.0,0.0,1.0
31,21,-24.088747024536133,170139.421875,0.0,0.0,0.0
31,22,-25.71605110168457,24.891002655029297,0.25,0.625,0.875
31,23,-11.059412956237793,252.06991577148438,0.5,0.5,0.5
31,24,-6.081836700439453,20.924449920654297,0.5,0.5,1.0
31,25,-15.370614051818848,167.92845153808594,0.0,0.3333333432674408,1.0
31,26,-4.591835975646973,9.933550834655762,0.5,1.0,1.0
31,27,-7.328634262084961,39.029476165771484,0.0,1.0,1.0
31,28,-5.7220001220703125,17.4789981842041,0.5,1.0,1.0
31,29,-7.437158107757568,41.20580291748047,0.0,1.0,1.0
31,30,-2.87960147857666,17.80717658996582,0.0,1.0,1.0
31,31,-9.347936630249023,4.749263286590576,0.5,1.0,1.0
31,32,-2.6655349731445312,2.4315080642700195,0.6666666865348816,1.0,1.0
31,33,-16.267311096191406,3407.232177734375,0.0,0.0,0.5
31,34,-13.39721965789795,9.326593399047852,0.6666666865348816,0.8333333730697632,0.8333333730697632
31,35,-5.632898330688477,16.71738624572754,0.5,0.5,1.0
31,36,-6.9985270500183105,33.09107208251953,0.5,0.5,1.0
31,37,-12.574869155883789,4.8155903816223145,0.625,0.875,1.0
31,38,-8.02234172821045,7.430442810058594,0.75,0.75,1.0
31,39,-13.950677871704102,1069.9197998046875,0.5,0.5,0.5
31,40,-15.81373405456543,2715.868408203125,0.0,0.5,0.5
31,41,-22.620105743408203,16.90337371826172,0.375,0.75,0.875
31,42,-5.759564399719238,6.819967746734619,0.6666666865348816,1.0,1.0
31,43,-11.072619438171387,15.929214477539062,0.5,0.75,1.0
31,44,-17.7744140625,85.08097839355469,0.0,0.5,0.75
31,45,-9.625886917114258,123.09341430664062,0.5,0.5,0.5
31,46,-10.569692611694336,33.89375686645508,0.6666666865348816,0.6666666865348816,0.6666666865348816
31,47,-9.292511940002441,22.14261245727539,0.6666666865348816,0.6666666865348816,0.6666666865348816
31,48,-13.166950225830078,8.97543716430664,0.3333333432674408,0.6666666865348816,1.0
31,49,-3.8210349082946777,2.1472909450531006,0.800000011920929,1.0,1.0
31,50,-2.7769789695739746,4.008790016174316,0.5,1.0,1.0
31,51,-20.008352279663086,28.070674896240234,0.3333333432674408,0.6666666865348816,0.8333333730697632
31,52,-10.092782974243164,155.46047973632812,0.5,0.5,0.5
31,53,-8.07540225982666,14.758228302001953,0.3333333432674408,0.6666666865348816,1.0
31,54,-11.069388389587402,9.151132583618164,0.6000000238418579,0.800000011920929,1.0
31,55,-10.547497749328613,13.969473838806152,0.5,0.75,1.0
31,56,-12.224128723144531,58.83338165283203,0.0,0.6666666865348816,1.0
31,57,-9.910476684570312,11.912867546081543,0.5,0.75,1.0
31,58,-18.78908920288086,524.8064575195312,0.0,0.3333333432674408,0.3333333432674408
31,59,-6.1752142906188965,7.833463191986084,0.6666666865348816,0.6666666865348816,1.0
31,60,-8.94580078125,9.360045433044434,0.5,1.0,1.0
31,61,-11.75908374786377,357.6453552246094,0.0,0.5,0.5
31,62,-10.177591323852539,12.735556602478027,0.25,0.75,1.0
31,63,-5.913908004760742,19.239280700683594,0.5,0.5,1.0
31,64,-9.08227252960205,93.79731750488281,0.0,0.5,1.0
31,65,-16.631113052368164,4086.959228515625,0.0,0.0,0.5
31,66,-11.798897743225098,51.058189392089844,0.6666666865348816,0.6666666865348816,0.6666666865348816
31,67,-18.91554832458496,12807.345703125,0.0,0.0,0.5
31,68,-10.574125289916992,33.943878173828125,0.3333333432674408,0.6666666865348816,0.6666666865348816
31,69,-10.01999282836914,149.90419006347656,0.0,0.5,1.0
31,70,-14.856242179870605,41.02003479003906,0.25,0.75,0.75
31,71,-6.685060977935791,28.290624618530273,0.5,0.5,1.0
32,0,-6.008105754852295,20.16710662841797,0.5,1.0,1.0
32,1,-3.9256742000579834,7.119497299194336,0.5,1.0,1.0
32,2,-8.990809440612793,20.02410125732422,0.6666666865348816,0.6666666865348816,0.6666666865348816
32,3,-18.020183563232422,8185.2724609375,0.0,0.0,0.0
32,4,-18.64551544189453,11189.7978515625,0.0,0.0,0.5
32,5,-13.653488159179688,94.74250030517578,0.3333333432674408,0.6666666865348816,0.6666666865348816
32,6,-30.50525665283203,161.45225524902344,0.5,0.6666666865348816,0.6666666865348816
32,7,-4.974151611328125,5.249067783355713,0.3333333432674408,1.0,1.0
32,8,-30.05144500732422,1831.4462890625,0.25,0.25,0.5
32,9,-17.050554275512695,293.9818115234375,0.0,0.3333333432674408,0.6666666865348816
32,10,-12.894168853759766,25.116931915283203,0.25,0.75,1.0
32,11,-15.782939910888672,9.532487869262695,0.4285714626312256,0.8571429252624512,0.8571429252624512
32,12,-12.762639999389648,590.7069702148438,0.5,0.5,0.5
32,13,-10.31529712677002,13.181631088256836,0.75,0.75,0.75
32,14,-18.068649291992188,8386.0478515625,0.0,0.0,0.5
32,15,-9.237344741821289,21.739152908325195,0.3333333432674408,0.6666666865348816,1.0
32,16,-6.822091102600098,30.296903610229492,0.5,0.5,1.0
32,17,-5.198221206665039,13.451767921447754,0.5,1.0,1.0
32,18,-3.994603157043457,7.369143962860107,0.5,1.0,1.0
32,19,-8.332372665405273,16.07809066772461,0.3333333432674408,0.6666666865348816,1.0
32,20,-6.429421424865723,619.8152465820312,0.0,0.0,1.0
32,21,-24.198917388916016,179774.515625,0.0,0.0,0.0
32,22,-25.706174850463867,24.860294342041016,0.25,0.625,0.875
32,23,-11.138176918029785,262.1949768066406,0.5,0.5,0.5
32,24,-6.04079532623291,20.49944305419922,0.5,0.5,1.0
32,25,-15.215657234191895,159.4747314453125,0.0,0.3333333432674408,1.0
32,26,-4.535075664520264,9.655597686767578,0.5,1.0,1.0
32,27,-7.338955879211426,39.23141860961914,0.0,1.0,1.0
32,28,-5.661160945892334,16.955299377441406,0.5,1.0,1.0
32,29,-7.405463218688965,40.55794143676758,0.0,1.0,1.0
32,30,-2.897163152694702,18.122661590576172,0.0,1.0,1.0
32,31,-9.197526931762695,4.631687164306641,0.5,1.0,1.0
32,32,-2.7094037532806396,2.46732497215271,0.6666666865348816,1.0,1.0
32,33,-16.27251434326172,3416.10791015625,0.0,0.0,0.5
32,34,-13.398544311523438,9.328653335571289,0.6666666865348816,0.8333333730697632,0.8333333730697632
32,35,-5.646529197692871,16.831708908081055,0.5,0.5,1.0
32,36,-6.876251697540283,31.128562927246094,0.5,0.5,1.0
32,37,-12.614639282226562,4.839589595794678,0.75,0.875,1.0
32,38,-8.004712104797363,7.39776611328125,0.75,0.75,1.0
32,39,-13.875471115112305,1030.434326171875,0.5,0.5,0.5
32,40,-15.900239944458008,2835.915283203125,0.0,0.5,0.5
32,41,-22.753705978393555,17.188030242919922,0.375,0.75,0.875
32,42,-5.742901802062988,6.782193660736084,0.6666666865348816,1.0,1.0
32,43,-11.032790184020996,15.771389961242676,0.5,0.75,1.0
32,44,-17.830604553222656,86.28459930419922,0.0,0.5,0.75
32,45,-9.638566970825195,123.87630462646484,0.5,0.5,0.5
32,46,-10.503908157348633,33.15861892700195,0.6666666865348816,0.6666666865348816,0.6666666865348816
32,47,-9.287025451660156,22.102157592773438,0.6666666865348816,0.6666666865348816,0.6666666865348816
32,48,-13.190412521362305,9.010604858398438,0.3333333432674408,0.6666666865348816,1.0
32,49,-3.8041810989379883,2.1400649547576904,0.800000011920929,1.0,1.0
32,50,-2.767282724380493,3.9894018173217773,0.5,1.0,1.0
32,51,-20.062969207763672,28.327362060546875,0.3333333432674408,0.6666666865348816,0.8333333730697632
32,52,-10.016425132751465,149.63702392578125,0.5,0.5,0.5
32,53,-8.08470344543457,14.804057121276855,0.3333333432674408,0.6666666865348816,1.0
32,54,-10.993037223815918,9.012454986572266,0.6000000238418579,0.800000011920929,1.0
32,55,-10.428348541259766,13.559496879577637,0.5,0.75,1.0
32,56,-12.26182746887207,59.5773811340332,0.0,0.6666666865348816,1.0
32,57,-9.954090118408203,12.043469429016113,0.5,0.75,1.0
32,58,-18.762815475463867,520.2305297851562,0.0,0.3333333432674408,0.3333333432674408
32,59,-6.171387195587158,7.823477745056152,0.6666666865348816,0.6666666865348816,1.0
32,60,-8.859465599060059,9.160185813903809,0.5,1.0,1.0
32,61,-11.779251098632812,361.2699890136719,0.0,0.5,0.5
32,62,-10.181995391845703,12.749587059020996,0.25,0.75,1.0
32,63,-5.909079074859619,19.192882537841797,0.5,0.5,1.0
32,64,-9.104337692260742,94.83787536621094,0.0,0.5,1.0
32,65,-16.687541961669922,4203.91259765625,0.0,0.0,0.5
32,66,-11.746672630310059,50.177040100097656,0.6666666865348816,0.6666666865348816,0.6666666865348816
32,67,-18.990171432495117,13294.234375,0.0,0.0,0.5
32,68,-10.501842498779297,33.13579559326172,0.3333333432674408,0.6666666865348816,0.6666666865348816
32,69,-10.046856880187988,151.93130493164062,0.0,0.5,1.0
32,70,-14.90673542022705,41.54112243652344,0.0,0.75,0.75
32,71,-6.668816566467285,28.0617733001709,0.5,0.5,1.0
33,0,-5.919594764709473,19.2940616607666,0.5,1.0,1.0
33,1,-3.884364604949951,6.973954200744629,0.5,1.0,1.0
33,2,-8.986141204833984,19.992963790893555,0.6666666865348816,0.6666666865348816,0.6666666865348816
33,3,-17.934356689453125,7841.44482421875,0.0,0.0,0.0
33,4,-18.718168258666992,11603.755859375,0.0,0.0,0.5
33,5,-13.645489692687988,94.4902572631836,0.3333333432674408,0.6666666865348816,0.6666666865348816
33,6,-30.655046463012695,165.5336151123047,0.5,0.6666666865348816,0.6666666865348816
33,7,-4.910180568695068,5.138323783874512,0.3333333432674408,1.0,1.0
33,8,-29.9685001373291,1793.860107421875,0.25,0.25,0.5
33,9,-17.100175857543945,298.8848571777344,0.0,0.3333333432674408,0.6666666865348816
33,10,-12.839598655700684,24.776601791381836,0.25,0.75,1.0
33,11,-15.776708602905273,9.524004936218262,0.5714285969734192,0.8571429252624512,0.8571429252624512
33,12,-12.727909088134766,580.5375366210938,0.5,0.5,0.5
33,13,-10.218844413757324,12.867582321166992,0.75,0.75,0.75
33,14,-18.032350540161133,8235.2197265625,0.0,0.0,0.5
33,15,-9.30569076538086,22.24009895324707,0.3333333432674408,0.6666666865348816,1.0
33,16,-6.768796443939209,29.500234603881836,0.5,0.5,1.0
33,17,-5.20445442199707,13.493758201599121,0.5,1.0,1.0
33,18,-3.989835739135742,7.351599216461182,0.5,1.0,1.0
33,19,-8.27634334564209,15.780597686767578,0.3333333432674408,0.6666666865348816,1.0
33,20,-6.465107440948486,642.3333740234375,0.0,0.0,1.0
33,21,-24.132776260375977,173926.5,0.0,0.0,0.0
33,22,-25.737777709960938,24.958694458007812,0.25,0.625,0.875
33,23,-11.134486198425293,261.71160888671875,0.5,0.5,0.5
33,24,-6.069099426269531,20.791614532470703,0.5,0.5,1.0
33,25,-15.247695922851562,161.18701171875,0.0,0.3333333432674408,1.0
33,26,-4.526745796203613,9.615466117858887,0.5,1.0,1.0
33,27,-7.347809791564941,39.405479431152344,0.0,1.0,1.0
33,28,-5.672974586486816,17.055747985839844,0.5,1.0,1.0
33,29,-7.417105674743652,40.79472732543945,0.0,1.0,1.0
33,30,-2.8784804344177246,17.78722381591797,0.0,1.0,1.0
33,31,-9.195419311523438,4.63006067276001,0.5,1.0,1.0
33,32,-2.663771152496338,2.4300789833068848,0.6666666865348816,1.0,1.0
33,33,-16.3287296295166,3513.489013671875,0.0,0.0,0.5
33,34,-13.257963180541992,9.112622261047363,0.6666666865348816,0.8333333730697632,0.8333333730697632
33,35,-5.671910285949707,17.046674728393555,0.5,0.5,1.0
33,36,-6.9617509841918945,32.48815155029297,0.5,0.5,1.0
33,37,-12.554096221923828,4.803102016448975,0.625,0.875,1.0
33,38,-7.988894462585449,7.368569850921631,0.75,0.75,1.0
33,39,-13.8517427444458,1018.2811889648438,0.5,0.5,0.5
33,40,-15.88498592376709,2814.367919921875,0.0,0.5,0.5
33,41,-22.768280029296875,17.219371795654297,0.375,0.75,0.875
33,42,-5.760683059692383,6.822511196136475,0.6666666865348816,1.0,1.0
33,43,-11.14664077758789,16.226734161376953,0.5,0.75,1.0
33,44,-17.844167709350586,86.57766723632812,0.0,0.5,0.75
33,45,-9.583096504211426,120.4877700805664,0.5,0.5,0.5
33,46,-10.581450462341309,34.026859283447266,0.6666666865348816,0.6666666865348816,0.6666666865348816
33,47,-9.263832092285156,21.93194007873535,0.6666666865348816,0.6666666865348816,0.6666666865348816
33,48,-13.179580688476562,8.994352340698242,0.5,0.6666666865348816,1.0
33,49,-3.7177743911743164,2.1033995151519775,0.800000011920929,1.0,1.0
33,50,-2.7718446254730225,3.998512029647827,0.5,1.0,1.0
33,51,-20.038082122802734,28.21010971069336,0.3333333432674408,0.6666666865348816,0.8333333730697632
33,52,-9.952621459960938,144.9386749267578,0.5,0.5,0.5
33,53,-8.031651496887207,14.544563293457031,0.3333333432674408,0.6666666865348816,1.0
33,54,-10.982810020446777,8.994039535522461,0.6000000238418579,0.800000011920929,1.0
33,55,-10.49802017211914,13.797743797302246,0.5,0.75,1.0
33,56,-12.345149993896484,61.25526809692383,0.0,0.6666666865348816,1.0
33,57,-9.979986190795898,12.121691703796387,0.5,0.75,1.0
33,58,-18.83708381652832,533.27001953125,0.0,0.3333333432674408,0.3333333432674408
33,59,-6.137337684631348,7.735184192657471,0.6666666865348816,0.6666666865348816,1.0
33,60,-8.968716621398926,9.413823127746582,0.5,1.0,1.0
33,61,-11.763004302978516,358.3471374511719,0.0,0.5,0.5
33,62,-10.059526443481445,12.365144729614258,0.25,0.75,1.0
33,63,-5.933536052703857,19.42902374267578,0.5,0.5,1.0
33,64,-9.02314567565918,91.06494140625,0.0,0.5,1.0
33,65,-16.700227737426758,4230.66259765625,0.0,0.0,0.5
33,66,-11.70638656616211,49.50773620605469,0.6666666865348816,0.6666666865348816,0.6666666865348816
33,67,-19.00540542602539,13395.8837890625,0.0,0.0,0.5
33,68,-10.567436218261719,33.86827850341797,0.3333333432674408,0.6666666865348816,0.6666666865348816
33,69,-10.006136894226074,148.86924743652344,0.0,0.5,1.0
33,70,-14.997714042663574,42.496788024902344,0.25,0.75,0.75
33,71,-6.637807369232178,27.630043029785156,0.5,0.5,1.0
34,0,-5.988323211669922,19.968610763549805,0.5,1.0,1.0
34,1,-3.8944132328033447,7.0090813636779785,0.5,1.0,1.0
34,2,-9.041558265686035,20.36571502685547,0.6666666865348816,0.6666666865348816,0.6666666865348816
34,3,-18.049285888671875,8305.248046875,0.0,0.0,0.0
34,4,-18.845149993896484,12364.3798828125,0.0,0.0,0.5
34,5,-13.727105140686035,97.09614562988281,0.3333333432674408,0.6666666865348816,0.6666666865348816
34,6,-30.729629516601562,167.60414123535156,0.5,0.6666666865348816,0.6666666865348816
34,7,-4.857673645019531,5.049173355102539,0.3333333432674408,1.0,1.0
34,8,-29.875059127807617,1752.440673828125,0.25,0.25,0.5
34,9,-17.203777313232422,309.3868408203125,0.0,0.3333333432674408,0.6666666865348816
34,10,-12.847494125366211,24.8255558013916,0.25,0.75,1.0
34,11,-15.72113037109375,9.448687553405762,0.4285714626312256,0.8571429252624512,0.8571429252624512
34,12,-12.761129379272461,590.2609252929688,0.5,0.5,0.5
34,13,-10.21131420135498,12.843381881713867,0.75,0.75,0.75
34,14,-18.195220947265625,8933.919921875,0.0,0.0,0.5
34,15,-9.336034774780273,22.46619415283203,0.3333333432674408,0.6666666865348816,1.0
34,16,-6.771655082702637,29.542428970336914,0.5,0.5,1.0
34,17,-5.215014457702637,13.565194129943848,0.5,1.0,1.0
34,18,-3.959517240524292,7.240994930267334,0.5,1.0,1.0
34,19,-8.31295108795166,15.974339485168457,0.3333333432674408,0.6666666865348816,1.0
34,20,-6.501561164855957,666.1808471679688,0.0,0.0,1.0
34,21,-24.271461486816406,186415.03125,0.0,0.0,0.0
34,22,-25.725296020507812,24.919784545898438,0.25,0.625,0.875
34,23,-11.078455924987793,254.48146057128906,0.5,0.5,0.5
34,24,-6.104229927062988,21.160049438476562,0.5,0.5,1.0
34,25,-15.373405456542969,168.08474731445312,0.0,0.3333333432674408,1.0
34,26,-4.514175891876221,9.555222511291504,0.5,1.0,1.0
34,27,-7.341387748718262,39.279151916503906,0.0,1.0,1.0
34,28,-5.562551498413086,16.139598846435547,0.5,1.0,1.0
34,29,-7.547940731048584,43.552642822265625,0.0,1.0,1.0
34,30,-2.8837056159973145,17.880409240722656,0.0,1.0,1.0
34,31,-9.19031047821045,4.626119613647461,0.5,1.0,1.0
34,32,-2.647523880004883,2.4169538021087646,0.6666666865348816,1.0,1.0
34,33,-16.27134132385254,3414.10498046875,0.0,0.0,0.5
34,34,-13.246885299682617,9.095813751220703,0.6666666865348816,0.8333333730697632,0.8333333730697632
34,35,-5.640771865844727,16.783327102661133,0.5,0.5,1.0
34,36,-6.9403862953186035,32.14295196533203,0.5,0.5,1.0
34,37,-12.524126052856445,4.785141944885254,0.625,0.875,1.0
34,38,-7.863710403442383,7.141534328460693,0.75,0.75,1.0
34,39,-13.791908264160156,988.2682495117188,0.5,0.5,0.5
34,40,-15.867876052856445,2790.393798828125,0.0,0.5,0.5
34,41,-22.744422912597656,17.16809844970703,0.375,0.75,0.875
34,42,-5.668766021728516,6.616646766662598,0.6666666865348816,1.0,1.0
34,43,-11.149993896484375,16.24034309387207,0.5,0.75,1.0
34,44,-17.814456939697266,85.93698120117188,0.0,0.5,0.75
34,45,-9.543951988220215,118.15248107910156,0.5,0.5,0.5
34,46,-10.287384986877441,30.849742889404297,0.6666666865348816,0.6666666865348816,0.6666666865348816
34,47,-9.276387214660645,22.023916244506836,0.6666666865348816,0.6666666865348816,0.6666666865348816
34,48,-13.141620635986328,8.937626838684082,0.3333333432674408,0.6666666865348816,1.0
34,49,-3.703054189682007,2.0972161293029785,0.800000011920929,1.0,1.0
34,50,-2.7918248176574707,4.0386576652526855,0.5,1.0,1.0
34,51,-20.07860565185547,28.401283264160156,0.3333333432674408,0.6666666865348816,0.8333333730697632
34,52,-9.979264259338379,146.88238525390625,0.5,0.5,0.5
34,53,-8.056352615356445,14.664811134338379,0.3333333432674408,0.6666666865348816,1.0
34,54,-10.765869140625,8.612149238586426,0.6000000238418579,0.800000011920929,1.0
34,55,-10.568490982055664,14.04298210144043,0.5,0.75,1.0
34,56,-12.385706901550293,62.08901596069336,0.0,0.6666666865348816,1.0
34,57,-9.990684509277344,12.154155731201172,0.5,0.75,1.0
34,58,-18.973445892333984,558.068603515625,0.0,0.3333333432674408,0.3333333432674408
34,59,-6.157395839691162,7.787074565887451,0.6666666865348816,0.6666666865348816,1.0
34,60,-8.95595645904541,9.383840560913086,0.5,1.0,1.0
34,61,-11.882787704467773,380.4648742675781,0.0,0.5,0.5
34,62,-9.988163948059082,12.146498680114746,0.25,0.75,1.0
34,63,-5.963448524475098,19.721792221069336,0.5,0.5,1.0
34,64,-8.98249626159668,89.23274993896484,0.0,0.5,1.0
34,65,-16.578155517578125,3980.161865234375,0.0,0.0,0.5
34,66,-11.772783279418945,50.615665435791016,0.6666666865348816,0.6666666865348816,0.6666666865348816
34,67,-19.053232192993164,13720.0849609375,0.0,0.0,0.5
34,68,-10.544069290161133,33.605499267578125,0.3333333432674408,0.6666666865348816,0.6666666865348816
34,69,-10.102731704711914,156.23570251464844,0.0,0.5,1.0
34,70,-14.981473922729492,42.32460021972656,0.25,0.75,0.75
34,71,-6.613696098327637,27.2989444732666,0.5,0.5,1.0
35,0,-5.963938236236572,19.72662353515625,0.5,1.0,1.0
35,1,-3.888338565826416,6.9878249168396,0.5,1.0,1.0
35,2,-9.036445617675781,20.331035614013672,0.6666666865348816,0.6666666865348816,0.6666666865348816
35,3,-18.105812072753906,8543.330078125,0.0,0.0,0.0
35,4,-18.62076187133789,11052.1572265625,0.0,0.0,0.5
35,5,-13.657005310058594,94.8536605834961,0.3333333432674408,0.6666666865348816,0.6666666865348816
35,6,-30.856081008911133,171.17393493652344,0.5,0.6666666865348816,0.6666666865348816
35,7,-4.884765625,5.094977378845215,0.3333333432674408,1.0,1.0
35,8,-29.861953735351562,1746.7083740234375,0.25,0.25,0.5
35,9,-17.13142967224121,302.0149230957031,0.0,0.3333333432674408,0.6666666865348816
35,10,-12.829994201660156,24.717180252075195,0.25,0.75,1.0
35,11,-15.730009078979492,9.460679054260254,0.4285714626312256,0.8571429252624512,0.8571429252624512
35,12,-12.749740600585938,586.9093017578125,0.5,0.5,0.5
35,13,-10.109424591064453,12.520359992980957,0.75,0.75,0.75
35,14,-18.112594604492188,8572.3505859375,0.0,0.0,0.5
35,15,-9.295133590698242,22.16197395324707,0.3333333432674408,0.6666666865348816,1.0
35,16,-6.6945271492004395,28.424846649169922,0.5,0.5,1.0
35,17,-5.194303035736084,13.42544174194336,0.5,1.0,1.0
35,18,-3.9392244815826416,7.167896270751953,0.5,1.0,1.0
35,19,-8.237298011779785,15.576539993286133,0.3333333432674408,0.6666666865348816,1.0
35,20,-6.474553108215332,648.429443359375,0.0,0.0,1.0
35,21,-24.262588500976562,185589.8125,0.0,0.0,0.0
35,22,-25.700822830200195,24.843666076660156,0.25,0.625,0.875
35,23,-11.042317390441895,249.92445373535156,0.5,0.5,0.5
35,24,-6.112758159637451,21.250471115112305,0.5,0.5,1.0
35,25,-15.288562774658203,163.3977813720703,0.0,0.3333333432674408,1.0
35,26,-4.611404895782471,10.031222343444824,0.5,1.0,1.0
35,27,-7.2866530418396,38.21875762939453,0.0,1.0,1.0
35,28,-5.532192707061768,15.896458625793457,0.5,1.0,1.0
35,29,-7.519790172576904,42.94392013549805,0.0,1.0,1.0
35,30,-2.8657073974609375,17.561471939086914,0.0,1.0,1.0
35,31,-9.198431968688965,4.632385730743408,0.5,1.0,1.0
35,32,-2.608499050140381,2.3857171535491943,0.6666666865348816,1.0,1.0
35,33,-16.332250595092773,3519.6796875,0.0,0.0,0.5
35,34,-13.23987102508545,9.085186958312988,0.6666666865348816,0.8333333730697632,0.8333333730697632
35,35,-5.684398174285889,17.153446197509766,0.5,0.5,1.0
35,36,-6.925596714019775,31.906137466430664,0.5,0.5,1.0
35,37,-12.495306015014648,4.767934799194336,0.75,0.875,1.0
35,38,-7.845417022705078,7.108948230743408,0.75,0.75,1.0
35,39,-13.777253150939941,981.0531005859375,0.5,0.5,0.5
35,40,-15.897855758666992,2832.53662109375,0.0,0.5,0.5
35,41,-22.688039779663086,17.04752540588379,0.375,0.75,0.875
35,42,-5.60990047454834,6.488081932067871,0.6666666865348816,1.0,1.0
35,43,-11.190752029418945,16.40666961669922,0.5,0.75,1.0
35,44,-17.86277961730957,86.98145294189453,0.0,0.5,0.75
35,45,-9.543129920959473,118.10393524169922,0.5,0.5,0.5
35,46,-10.330169677734375,31.292858123779297,0.6666666865348816,0.6666666865348816,0.6666666865348816
35,47,-9.246073722839355,21.80249786376953,0.6666666865348816,0.6666666865348816,0.6666666865348816
35,48,-13.189114570617676,9.00865364074707,0.3333333432674408,0.6666666865348816,1.0
35,49,-3.6924643516540527,2.0927789211273193,0.800000011920929,1.0,1.0
35,50,-2.726369857788086,3.9086220264434814,0.5,1.0,1.0
35,51,-20.001487731933594,28.038576126098633,0.3333333432674408,0.6666666865348816,0.8333333730697632
35,52,-9.939237594604492,143.9720001220703,0.5,0.5,0.5
35,53,-8.097368240356445,14.866683006286621,0.3333333432674408,0.6666666865348816,1.0
35,54,-10.823396682739258,8.711807250976562,0.6000000238418579,0.800000011920929,1.0
35,55,-10.520442008972168,13.875303268432617,0.5,0.75,1.0
35,56,-12.364288330078125,61.647300720214844,0.0,0.6666666865348816,1.0
35,57,-9.9535551071167,12.041858673095703,0.5,0.75,1.0
35,58,-18.851238250732422,535.7921142578125,0.0,0.3333333432674408,0.3333333432674408
35,59,-6.215056419372559,7.938191890716553,0.6666666865348816,0.6666666865348816,1.0
35,60,-9.084505081176758,9.690308570861816,0.5,1.0,1.0
35,61,-11.75306510925293,356.5707092285156,0.0,0.5,0.5
35,62,-10.016424179077148,12.232619285583496,0.25,0.75,1.0
35,63,-5.972947120666504,19.8156795501709,0.5,0.5,1.0
35,64,-8.98554515838623,89.36888122558594,0.0,0.5,1.0
35,65,-16.61042022705078,4044.89208984375,0.0,0.0,0.5
35,66,-11.831830978393555,51.62178421020508,0.6666666865348816,0.6666666865348816,0.6666666865348816
35,67,-19.174245834350586,14575.873046875,0.0,0.0,0.5
35,68,-10.443916320800781,32.50212097167969,0.3333333432674408,0.6666666865348816,0.6666666865348816
35,69,-10.033876419067383,150.94842529296875,0.0,0.5,1.0
35,70,-15.119163513183594,43.806880950927734,0.0,0.75,0.75
35,71,-6.630774974822998,27.533061981201172,0.5,0.5,1.0
36,0,-6.0459699630737305,20.552549362182617,0.5,1.0,1.0
36,1,-3.8071610927581787,6.709876537322998,0.5,1.0,1.0
36,2,-9.01618766784668,20.1942081451416,0.6666666865348816,0.6666666865348816,0.6666666865348816
36,3,-18.1307315826416,8650.4423828125,0.0,0.0,0.0
36,4,-18.87693977355957,12562.48046875,0.0,0.0,0.5
36,5,-13.598623275756836,93.02558898925781,0.3333333432674408,0.6666666865348816,0.6666666865348816
36,6,-30.89097785949707,172.17237854003906,0.5,0.6666666865348816,0.6666666865348816
36,7,-4.896751403808594,5.115373611450195,0.3333333432674408,1.0,1.0
36,8,-29.75204849243164,1699.36865234375,0.25,0.25,0.5
36,9,-17.16558837890625,305.47344970703125,0.0,0.3333333432674408,0.6666666865348816
36,10,-12.786017417907715,24.446924209594727,0.25,0.75,1.0
36,11,-15.617107391357422,9.309313774108887,0.4285714626312256,0.8571429252624512,0.8571429252624512
36,12,-12.617259979248047,549.2918701171875,0.5,0.5,0.5
36,13,-10.079507827758789,12.427067756652832,0.75,0.75,0.75
36,14,-18.089523315429688,8474.03125,0.0,0.0,0.5
36,15,-9.30310344696045,22.220924377441406,0.3333333432674408,0.6666666865348816,1.0
36,16,-6.683418273925781,28.267398834228516,0.5,0.5,1.0
36,17,-5.209592342376709,13.528467178344727,0.5,1.0,1.0
36,18,-3.9164202213287354,7.086631774902344,0.5,1.0,1.0
36,19,-8.254976272583008,15.668599128723145,0.3333333432674408,0.6666666865348816,1.0
36,20,-6.48353910446167,654.2824096679688,0.0,0.0,1.0
36,21,-24.3884220123291,197641.6875,0.0,0.0,0.0
36,22,-25.706451416015625,24.86115264892578,0.25,0.625,0.875
36,23,-11.062477111816406,252.45640563964844,0.5,0.5,0.5
36,24,-6.126011848449707,21.39176368713379,0.5,0.5,1.0
36,25,-15.33812427520752,166.11961364746094,0.0,0.3333333432674408,1.0
36,26,-4.55856990814209,9.769692420959473,0.5,1.0,1.0
36,27,-7.1853790283203125,36.33165740966797,0.0,1.0,1.0
36,28,-5.523362159729004,15.826425552368164,0.5,1.0,1.0
36,29,-7.545595645904541,43.50160217285156,0.0,1.0,1.0
36,30,-2.8791584968566895,17.79928970336914,0.0,1.0,1.0
36,31,-9.059313774108887,4.5262131690979,0.5,1.0,1.0
36,32,-2.585381507873535,2.367403507232666,0.6666666865348816,1.0,1.0
36,33,-16.401214599609375,3643.162353515625,0.0,0.0,0.5
36,34,-13.129546165466309,8.919658660888672,0.6666666865348816,0.8333333730697632,0.8333333730697632
36,35,-5.627284049987793,16.670522689819336,0.5,0.5,1.0
36,36,-6.908778667449951,31.638961791992188,0.5,0.5,1.0
36,37,-12.564752578735352,4.809504508972168,0.625,0.875,1.0
36,38,-7.883448123931885,7.176860809326172,0.75,0.75,1.0
36,39,-13.755142211914062,970.2667846679688,0.5,0.5,0.5
36,40,-15.871320724487305,2795.2041015625,0.0,0.5,0.5
36,41,-22.747772216796875,17.1752872467041,0.375,0.75,0.875
36,42,-5.6256561279296875,6.522245407104492,0.6666666865348816,1.0,1.0
36,43,-11.280621528625488,16.779457092285156,0.5,0.75,1.0
36,44,-17.96981430053711,89.34038543701172,0.0,0.5,0.75
36,45,-9.581578254699707,120.3963394165039,0.0,0.5,0.5
36,46,-10.2409029006958,30.375438690185547,0.6666666865348816,0.6666666865348816,0.6666666865348816
36,47,-9.283864974975586,22.07888412475586,0.6666666865348816,0.6666666865348816,0.6666666865348816
36,48,-13.300512313842773,9.177474021911621,0.3333333432674408,0.6666666865348816,1.0
36,49,-3.6679468154907227,2.0825421810150146,0.800000011920929,1.0,1.0
36,50,-2.71697735786438,3.8903093338012695,0.5,1.0,1.0
36,51,-19.96430778503418,27.86536979675293,0.3333333432674408,0.6666666865348816,0.8333333730697632
36,52,-9.979447364807129,146.8958282470703,0.5,0.5,0.5
36,53,-8.060686111450195,14.686010360717773,0.3333333432674408,0.6666666865348816,1.0
36,54,-10.583450317382812,8.303607940673828,0.6000000238418579,0.800000011920929,1.0
36,55,-10.521750450134277,13.879842758178711,0.5,0.75,1.0
36,56,-12.327917098999023,60.90442657470703,0.0,0.6666666865348816,1.0
36,57,-9.921199798583984,11.944847106933594,0.5,0.75,1.0
36,58,-18.866241455078125,538.4783325195312,0.0,0.3333333432674408,0.3333333432674408
36,59,-6.171413898468018,7.823546886444092,0.6666666865348816,0.6666666865348816,1.0
36,60,-9.209426879882812,9.997715950012207,0.5,1.0,1.0
36,61,-11.945606231689453,392.60467529296875,0.0,0.5,0.5
36,62,-9.856908798217773,11.754395484924316,0.25,0.75,1.0
36,63,-5.975941181182861,19.845367431640625,0.5,0.5,1.0
36,64,-8.815000534057617,82.06407165527344,0.0,0.5,1.0
36,65,-16.563383102416992,3950.8720703125,0.0,0.0,0.5
36,66,-11.901028633117676,52.82632064819336,0.6666666865348816,0.6666666865348816,0.6666666865348816
36,67,-19.190143585205078,14692.197265625,0.0,0.0,0.5
36,68,-10.51016902923584,33.22789001464844,0.3333333432674408,0.6666666865348816,0.6666666865348816
36,69,-10.059226989746094,152.87391662597656,0.0,0.5,1.0
36,70,-15.10022258758545,43.59993362426758,0.0,0.75,0.75
36,71,-6.660743713378906,27.948734283447266,0.5,0.5,1.0
37,0,-6.017091751098633,20.25792121887207,0.5,1.0,1.0
37,1,-3.810760974884033,6.7219648361206055,0.5,1.0,1.0
37,2,-9.04805850982666,20.409889221191406,0.6666666865348816,0.6666666865348816,0.6666666865348816
37,3,-18.08601951599121,8459.19921875,0.0,0.0,0.0
37,4,-18.625850677490234,11080.314453125,0.0,0.0,0.5
37,5,-13.544798851013184,91.37145233154297,0.3333333432674408,0.6666666865348816,0.6666666865348816
37,6,-30.807334899902344,169.78887939453125,0.5,0.6666666865348816,0.6666666865348816
37,7,-4.861921310424805,5.0563273429870605,0.3333333432674408,1.0,1.0
37,8,-29.840150833129883,1737.2135009765625,0.25,0.25,0.5
37,9,-17.290998458862305,318.5138854980469,0.0,0.3333333432674408,0.6666666865348816
37,10,-12.747115135192871,24.210315704345703,0.25,0.75,1.0
37,11,-15.625009536743164,9.31982707977295,0.4285714626312256,0.8571429252624512,0.8571429252624512
37,12,-12.649579048156738,558.2402954101562,0.5,0.5,0.5
37,13,-10.10095500946045,12.493877410888672,0.75,0.75,0.75
37,14,-18.08007049560547,8434.07421875,0.0,0.0,0.5
37,15,-9.371050834655762,22.729955673217773,0.3333333432674408,0.6666666865348816,1.0
37,16,-6.584348678588867,26.901290893554688,0.5,0.5,1.0
37,17,-5.225371837615967,13.635625839233398,0.5,1.0,1.0
37,18,-3.9015610218048096,7.034175872802734,0.5,1.0,1.0
37,19,-8.253458023071289,15.660674095153809,0.3333333432674408,0.6666666865348816,1.0
37,20,-6.537118911743164,690.294921875,0.0,0.0,1.0
37,21,-24.37796401977539,196610.90625,0.0,0.0,0.0
37,22,-25.65669822692871,24.70701789855957,0.25,0.625,0.875
37,23,-11.02852725982666,248.2071533203125,0.5,0.5,0.5
37,24,-6.157940864562988,21.736011505126953,0.5,0.5,1.0
37,25,-15.333876609802246,165.8845977783203,0.0,0.3333333432674408,1.0
37,26,-4.4929938316345215,9.454558372497559,0.5,1.0,1.0
37,27,-7.2460408210754395,37.45051193237305,0.0,1.0,1.0
37,28,-5.44350528717041,15.206951141357422,0.5,1.0,1.0
37,29,-7.522947311401367,43.01176452636719,0.0,1.0,1.0
37,30,-2.884803056716919,17.900041580200195,0.0,1.0,1.0
37,31,-9.050053596496582,4.519232749938965,0.5,1.0,1.0
37,32,-2.610503911972046,2.3873116970062256,0.6666666865348816,1.0,1.0
37,33,-16.491252899169922,3810.921875,0.0,0.0,0.5
37,34,-13.033346176147461,8.777786254882812,0.6666666865348816,0.8333333730697632,0.8333333730697632
37,35,-5.611843585968018,16.542316436767578,0.5,0.5,1.0
37,36,-6.9599385261535645,32.45872497558594,0.5,0.5,1.0
37,37,-12.437799453735352,4.733784198760986,0.625,0.875,1.0
37,38,-7.846013069152832,7.1100077629089355,0.75,0.75,1.0
37,39,-13.776556968688965,980.7116088867188,0.5,0.5,0.5
37,40,-15.888643264770508,2819.51904296875,0.0,0.5,0.5
37,41,-22.750194549560547,17.18048858642578,0.375,0.75,0.875
37,42,-5.611572265625,6.491697788238525,0.6666666865348816,1.0,1.0
37,43,-11.260592460632324,16.695648193359375,0.5,0.75,1.0
37,44,-17.9760799407959,89.48043823242188,0.0,0.5,0.75
37,45,-9.560698509216309,119.14595794677734,0.5,0.5,0.5
37,46,-10.145084381103516,29.420589447021484,0.6666666865348816,0.6666666865348816,0.6666666865348816
37,47,-9.237309455871582,21.7388973236084,0.6666666865348816,0.6666666865348816,0.6666666865348816
37,48,-13.350128173828125,9.253680229187012,0.3333333432674408,0.6666666865348816,1.0
37,49,-3.678401470184326,2.0869011878967285,0.800000011920929,1.0,1.0
37,50,-2.7092196941375732,3.875248670578003,0.5,1.0,1.0
37,51,-20.057857513427734,28.303239822387695,0.3333333432674408,0.6666666865348816,0.8333333730697632
37,52,-10.051820755004883,152.30885314941406,0.5,0.5,0.5
37,53,-8.101709365844727,14.888213157653809,0.3333333432674408,0.6666666865348816,1.0
37,54,-10.565731048583984,8.274232864379883,0.6000000238418579,0.800000011920929,1.0
37,55,-10.527599334716797,13.900153160095215,0.5,0.75,1.0
37,56,-12.393033981323242,62.2408447265625,0.0,0.6666666865348816,1.0
37,57,-9.84677505493164,11.724654197692871,0.5,0.75,1.0
37,58,-18.837427139282227,533.3310546875,0.0,0.3333333432674408,0.3333333432674408
37,59,-6.228482246398926,7.9737958908081055,0.6666666865348816,0.6666666865348816,1.0
37,60,-9.070429801940918,9.656270027160645,0.5,1.0,1.0
37,61,-11.946059226989746,392.693603515625,0.0,0.5,0.5
37,62,-9.927213668823242,11.96281909942627,0.25,0.75,1.0
37,63,-5.979571342468262,19.881420135498047,0.5,0.5,1.0
37,64,-8.843727111816406,83.25128173828125,0.0,0.5,1.0
37,65,-16.542333602905273,3909.508056640625,0.0,0.0,0.5
37,66,-11.839533805847168,51.754493713378906,0.6666666865348816,0.6666666865348816,0.6666666865348816
37,67,-19.220979690551758,14920.4765625,0.0,0.0,0.5
37,68,-10.490188598632812,33.007328033447266,0.3333333432674408,0.6666666865348816,0.6666666865348816
37,69,-10.139080047607422,159.1011199951172,0.0,0.5,1.0
37,70,-15.184915542602539,44.532928466796875,0.0,0.75,0.75
37,71,-6.526237964630127,26.13091278076172,0.5,0.5,1.0
38,0,-6.069766044616699,20.798545837402344,0.5,1.0,1.0
38,1,-3.801727771759033,6.6916728019714355,0.5,1.0,1.0
38,2,-9.003987312316895,20.11225128173828,0.6666666865348816,0.6666666865348816,0.6666666865348816
38,3,-17.919479370117188,7783.3310546875,0.0,0.0,0.0
38,4,-18.68954849243164,11438.8896484375,0.0,0.0,0.5
38,5,-13.635563850402832,94.1781234741211,0.3333333432674408,0.6666666865348816,0.6666666865348816
38,6,-30.8958740234375,172.31298828125,0.5,0.6666666865348816,0.6666666865348816
38,7,-4.869287490844727,5.068758487701416,0.3333333432674408,1.0,1.0
38,8,-29.72943687438965,1689.7894287109375,0.25,0.25,0.5
38,9,-17.26879119873047,316.16485595703125,0.0,0.3333333432674408,0.6666666865348816
38,10,-12.673602104187012,23.76943588256836,0.25,0.75,1.0
38,11,-15.596959114074707,9.282556533813477,0.4285714626312256,0.8571429252624512,0.8571429252624512
38,12,-12.646096229553223,557.2689819335938,0.5,0.5,0.5
38,13,-9.994792938232422,12.166646003723145,0.75,0.75,0.75
38,14,-18.134065628051758,8664.8759765625,0.0,0.0,0.5
38,15,-9.38851547241211,22.86266326904297,0.3333333432674408,0.6666666865348816,1.0
38,16,-6.579354286193848,26.834199905395508,0.5,0.5,1.0
38,17,-5.238321304321289,13.724199295043945,0.5,1.0,1.0
38,18,-3.9398093223571777,7.169992923736572,0.5,1.0,1.0
38,19,-8.281670570373535,15.808645248413086,0.3333333432674408,0.6666666865348816,1.0
38,20,-6.522950172424316,680.583251953125,0.0,0.0,1.0
38,21,-24.439491271972656,202753.375,0.0,0.0,0.0
38,22,-25.761096954345703,25.031551361083984,0.25,0.625,0.875
38,23,-11.036819458007812,249.23837280273438,0.5,0.5,0.5
38,24,-6.125747203826904,21.388931274414062,0.5,0.5,1.0
38,25,-15.339808464050293,166.21287536621094,0.0,0.3333333432674408,1.0
38,26,-4.516282081604004,9.565290451049805,0.5,1.0,1.0
38,27,-7.133693695068359,35.404781341552734,0.0,1.0,1.0
38,28,-5.367661476135254,14.641073226928711,0.5,1.0,1.0
38,29,-7.550065994262695,43.59894561767578,0.0,1.0,1.0
38,30,-2.858419895172119,17.433958053588867,0.0,1.0,1.0
38,31,-8.965862274169922,4.456262111663818,0.5,1.0,1.0
38,32,-2.53448486328125,2.327578067779541,0.6666666865348816,1.0,1.0
38,33,-16.525636672973633,3877.00537109375,0.0,0.0,0.5
38,34,-13.068655014038086,8.829594612121582,0.6666666865348816,0.8333333730697632,0.8333333730697632
38,35,-5.760101318359375,17.815176010131836,0.5,0.5,1.0
38,36,-6.9671502113342285,32.57597732543945,0.5,0.5,1.0
38,37,-12.486146926879883,4.762478828430176,0.625,0.875,1.0
38,38,-7.840549945831299,7.1003031730651855,0.75,0.75,1.0
38,39,-13.709043502807617,948.1585083007812,0.5,0.5,0.5
38,40,-15.884100914001465,2813.122802734375,0.0,0.5,0.5
38,41,-22.84385108947754,17.382802963256836,0.375,0.75,0.875
38,42,-5.573476791381836,6.409784317016602,0.6666666865348816,1.0,1.0
38,43,-11.228865623474121,16.56374740600586,0.5,0.75,1.0
38,44,-18.120168685913086,92.7624740600586,0.0,0.5,0.75
38,45,-9.572049140930176,119.8240737915039,0.0,0.5,0.5
38,46,-10.15682315826416,29.53593635559082,0.6666666865348816,0.6666666865348816,0.6666666865348816
38,47,-9.32517147064209,22.38498878479004,0.6666666865348816,0.6666666865348816,0.6666666865348816
38,48,-13.35061264038086,9.25442886352539,0.3333333432674408,0.6666666865348816,1.0
38,49,-3.5465564727783203,2.032590866088867,0.800000011920929,1.0,1.0
38,50,-2.7225594520568848,3.9011824131011963,0.5,1.0,1.0
38,51,-20.06458282470703,28.33498191833496,0.3333333432674408,0.6666666865348816,0.8333333730697632
38,52,-9.973136901855469,146.43307495117188,0.5,0.5,0.5
38,53,-8.158171653747559,15.171074867248535,0.3333333432674408,0.6666666865348816,1.0
38,54,-10.441390037536621,8.071005821228027,0.6000000238418579,0.800000011920929,1.0
38,55,-10.535894393920898,13.929008483886719,0.5,0.75,1.0
38,56,-12.445627212524414,63.341609954833984,0.0,0.6666666865348816,1.0
38,57,-9.866033554077148,11.78123950958252,0.5,0.75,1.0
38,58,-18.836257934570312,533.1233520507812,0.0,0.3333333432674408,0.3333333432674408
38,59,-6.233745574951172,7.987798690795898,0.6666666865348816,0.6666666865348816,1.0
38,60,-9.027295112609863,9.552699089050293,0.5,1.0,1.0
38,61,-11.963103294372559,396.054443359375,0.0,0.5,0.5
38,62,-9.825389862060547,11.662137985229492,0.25,0.75,1.0
38,63,-5.960342884063721,19.691192626953125,0.5,0.5,1.0
38,64,-8.834343910217285,82.86161804199219,0.0,0.5,1.0
38,65,-16.518497467041016,3863.19091796875,0.0,0.0,0.5
38,66,-11.897497177124023,52.76417541503906,0.6666666865348816,0.6666666865348816,0.6666666865348816
38,67,-19.342754364013672,15857.171875,0.0,0.0,0.5
38,68,-10.463553428649902,32.715572357177734,0.3333333432674408,0.6666666865348816,0.6666666865348816
38,69,-10.085235595703125,154.8749237060547,0.0,0.5,1.0
38,70,-15.269543647766113,45.48514938354492,0.0,0.75,0.75
38,71,-6.593301296234131,27.021982192993164,0.5,0.5,1.0
39,0,-6.064957618713379,20.748600006103516,0.5,1.0,1.0
39,1,-3.803980827331543,6.699215412139893,0.5,1.0,1.0
39,2,-9.019784927368164,20.21843719482422,0.6666666865348816,0.6666666865348816,0.6666666865348816
39,3,-18.085529327392578,8457.1259765625,0.0,0.0,0.0
39,4,-18.624916076660156,11075.138671875,0.0,0.0,0.5
39,5,-13.611448287963867,93.42411041259766,0.3333333432674408,0.6666666865348816,0.6666666865348816
39,6,-31.002344131469727,175.39796447753906,0.5,0.6666666865348816,0.6666666865348816
39,7,-4.909440517425537,5.137056350708008,0.3333333432674408,1.0,1.0
39,8,-29.85333824157715,1742.9503173828125,0.25,0.25,0.5
39,9,-17.354398727416992,325.3168029785156,0.0,0.3333333432674408,0.6666666865348816
39,10,-12.765510559082031,24.321910858154297,0.25,0.75,1.0
39,11,-15.619189262390137,9.31208324432373,0.4285714626312256,0.8571429252624512,0.8571429252624512
39,12,-12.63511848449707,554.2186279296875,0.5,0.5,0.5
39,13,-9.962806701660156,12.069743156433105,0.75,0.75,0.75
39,14,-18.139198303222656,8687.140625,0.0,0.0,0.5
39,15,-9.357054710388184,22.62415885925293,0.3333333432674408,0.6666666865348816,1.0
39,16,-6.5209221839904785,26.06155014038086,0.5,0.5,1.0
39,17,-5.256408214569092,13.848876953125,0.5,1.0,1.0
39,18,-3.8727943897247314,6.933725357055664,0.5,1.0,1.0
39,19,-8.245620727539062,15.619812965393066,0.3333333432674408,0.6666666865348816,1.0
39,20,-6.524246692657471,681.4662475585938,0.0,0.0,1.0
39,21,-24.493831634521484,208337.75,0.0,0.0,0.0
39,22,-25.626602172851562,24.61424446105957,0.25,0.625,0.875
39,23,-10.969878196716309,241.03427124023438,0.5,0.5,0.5
39,24,-6.184537887573242,22.027000427246094,0.5,0.5,1.0
39,25,-15.31198501586914,164.67845153808594,0.0,0.3333333432674408,1.0
39,26,-4.525326728820801,9.608646392822266,0.5,1.0,1.0
39,27,-7.16203498840332,35.91006088256836,0.0,1.0,1.0
39,28,-5.322844505310059,14.31663703918457,0.5,1.0,1.0
39,29,-7.657036781311035,45.99434280395508,0.0,1.0,1.0
39,30,-2.9211511611938477,18.56264305114746,0.0,1.0,1.0
39,31,-8.901817321777344,4.4089484214782715,0.5,1.0,1.0
39,32,-2.5553300380706787,2.3438072204589844,0.6666666865348816,1.0,1.0
39,33,-16.520740509033203,3867.52587890625,0.0,0.0,0.5
39,34,-13.051377296447754,8.804205894470215,0.6666666865348816,0.8333333730697632,1.0
39,35,-5.650393009185791,16.864259719848633,0.5,0.5,1.0
39,36,-7.021413803100586,33.471923828125,0.5,0.5,1.0
39,37,-12.376440048217773,4.697615623474121,0.625,0.875,1.0
39,38,-7.7911295890808105,7.013118267059326,0.75,0.75,1.0
39,39,-13.701279640197754,944.4850463867188,0.5,0.5,0.5
39,40,-15.983202934265137,2956.02734375,0.0,0.5,0.5
39,41,-22.807395935058594,17.30377197265625,0.375,0.75,0.875
39,42,-5.571448802947998,6.405453205108643,0.6666666865348816,1.0,1.0
39,43,-11.272415161132812,16.745067596435547,0.5,0.75,1.0
39,44,-18.096132278442383,92.20672607421875,0.0,0.5,0.75
39,45,-9.595568656921387,121.24149322509766,0.0,0.5,0.5
39,46,-10.119057655334473,29.16645622253418,0.6666666865348816,0.6666666865348816,0.6666666865348816
39,47,-9.298677444458008,22.18816566467285,0.6666666865348816,0.6666666865348816,0.6666666865348816
39,48,-13.404861450195312,9.338479995727539,0.3333333432674408,0.6666666865348816,1.0
39,49,-3.532804250717163,2.027007818222046,0.800000011920929,1.0,1.0
39,50,-2.685850143432617,3.830230951309204,0.5,1.0,1.0
39,51,-20.101234436035156,28.508596420288086,0.3333333432674408,0.6666666865348816,0.8333333730697632
39,52,-10.065756797790527,153.37384033203125,0.5,0.5,0.5
39,53,-8.120387077331543,14.981193542480469,0.3333333432674408,0.6666666865348816,1.0
39,54,-10.4572114944458,8.09658432006836,0.6000000238418579,0.800000011920929,1.0
39,55,-10.572157859802246,14.05586051940918,0.5,0.75,1.0
39,56,-12.342182159423828,61.19471740722656,0.0,0.6666666865348816,1.0
39,57,-9.819572448730469,11.64518928527832,0.5,0.75,1.0
39,58,-18.877132415771484,540.4367065429688,0.0,0.3333333432674408,0.3333333432674408
39,59,-6.245521545410156,8.019214630126953,0.6666666865348816,0.6666666865348816,1.0
39,60,-9.14292049407959,9.832862854003906,0.5,1.0,1.0
39,61,-12.00314712524414,404.0641174316406,0.0,0.5,0.5
39,62,-9.845823287963867,11.721863746643066,0.25,0.75,1.0
39,63,-5.992445468902588,20.009811401367188,0.5,0.5,1.0
39,64,-8.782634735107422,80.7467269897461,0.0,0.5,1.0
39,65,-16.54591941833496,3916.523681640625,0.0,0.0,0.5
39,66,-11.897928237915039,52.771751403808594,0.6666666865348816,0.6666666865348816,0.6666666865348816
39,67,-19.31241226196289,15618.41796875,0.0,0.0,0.5
39,68,-10.489950180053711,33.00469970703125,0.3333333432674408,0.6666666865348816,0.6666666865348816
39,69,-10.081502914428711,154.5861358642578,0.0,0.5,1.0
39,70,-15.401432991027832,47.0098991394043,0.0,0.75,0.75
39,71,-6.499258041381836,25.780773162841797,0.5,0.5,1.0
40,0,-6.123262405395508,21.362375259399414,0.5,1.0,1.0
40,1,-3.7491230964660645,6.517961025238037,0.5,1.0,1.0
40,2,-9.016111373901367,20.193695068359375,0.6666666865348816,0.6666666865348816,0.6666666865348816
40,3,-18.127849578857422,8637.9873046875,0.0,0.0,0.0
40,4,-18.46337127685547,10215.7470703125,0.0,0.0,0.5
40,5,-13.693893432617188,96.02715301513672,0.3333333432674408,0.6666666865348816,0.6666666865348816
40,6,-30.974458694458008,174.5846710205078,0.5,0.6666666865348816,0.6666666865348816
40,7,-4.896407127380371,5.1147871017456055,0.3333333432674408,1.0,1.0
40,8,-29.711423873901367,1682.1971435546875,0.25,0.25,0.5
40,9,-17.36309051513672,326.2607421875,0.0,0.3333333432674408,0.6666666865348816
40,10,-12.71143913269043,23.995342254638672,0.25,0.75,1.0
40,11,-15.635351181030273,9.33360767364502,0.4285714626312256,0.8571429252624512,0.8571429252624512
40,12,-12.574563026428223,537.6896362304688,0.5,0.5,0.5
40,13,-9.950546264648438,12.032803535461426,0.75,0.75,0.75
40,14,-18.103017807006836,8531.4013671875,0.0,0.0,0.5
40,15,-9.346614837646484,22.545564651489258,0.3333333432674408,0.6666666865348816,1.0
40,16,-6.466909885406494,25.36714744567871,0.5,0.5,1.0
40,17,-5.26035737991333,13.876250267028809,0.5,1.0,1.0
40,18,-3.897916555404663,7.021369457244873,0.5,1.0,1.0
40,19,-8.245767593383789,15.620580673217773,0.3333333432674408,0.6666666865348816,1.0
40,20,-6.544818878173828,695.630615234375,0.0,0.0,1.0
40,21,-24.53573226928711,212748.53125,0.0,0.0,0.0
40,22,-25.53572654724121,24.33622169494629,0.25,0.625,0.875
40,23,-10.929834365844727,236.25628662109375,0.5,0.5,0.5
40,24,-6.199203014373779,22.18910789489746,0.5,0.5,1.0
40,25,-15.325511932373047,165.4226837158203,0.0,0.3333333432674408,1.0
40,26,-4.574068069458008,9.84569263458252,0.5,1.0,1.0
40,27,-7.176321983337402,36.167503356933594,0.0,1.0,1.0
40,28,-5.258762359619141,13.865187644958496,0.5,1.0,1.0
40,29,-7.662997245788574,46.13161849975586,0.0,1.0,1.0
40,30,-2.9654617309570312,19.40365982055664,0.0,1.0,1.0
40,31,-8.835306167602539,4.360343933105469,0.5,1.0,1.0
40,32,-2.5448672771453857,2.3356471061706543,0.6666666865348816,1.0,1.0
40,33,-16.486526489257812,3801.926513671875,0.0,0.0,0.5
40,34,-12.988678932189941,8.712684631347656,0.6666666865348816,0.8333333730697632,1.0
40,35,-5.680099010467529,17.116613388061523,0.5,0.5,1.0
40,36,-6.977752208709717,32.749122619628906,0.5,0.5,1.0
40,37,-12.552213668823242,4.801972389221191,0.625,0.875,1.0
40,38,-7.780006408691406,6.993643283843994,0.75,0.75,1.0
40,39,-13.604534149169922,899.8851318359375,0.5,0.5,0.5
40,40,-15.910223960876465,2850.107421875,0.0,0.5,0.5
40,41,-22.79578399658203,17.278675079345703,0.375,0.75,0.875
40,42,-5.507110118865967,6.269542217254639,0.6666666865348816,1.0,1.0
40,43,-11.363707542419434,17.131637573242188,0.5,0.75,1.0
40,44,-18.185827255249023,94.2977066040039,0.0,0.5,0.75
40,45,-9.537172317504883,117.75263977050781,0.0,0.5,0.5
40,46,-10.08243465423584,28.812562942504883,0.6666666865348816,0.6666666865348816,0.6666666865348816
40,47,-9.353882789611816,22.600248336791992,0.6666666865348816,0.6666666865348816,0.6666666865348816
40,48,-13.436806678771973,9.388334274291992,0.3333333432674408,0.6666666865348816,1.0
40,49,-3.5155029296875,2.0200061798095703,0.800000011920929,1.0,1.0
40,50,-2.722550868988037,3.90116548538208,0.5,1.0,1.0
40,51,-20.022682189941406,28.137794494628906,0.3333333432674408,0.6666666865348816,0.8333333730697632
40,52,-9.970053672790527,146.20748901367188,0.5,0.5,0.5
40,53,-8.187840461730957,15.321855545043945,0.3333333432674408,0.6666666865348816,1.0
40,54,-10.391695022583008,7.991185665130615,0.6000000238418579,0.800000011920929,1.0
40,55,-10.60623836517334,14.176130294799805,0.5,0.75,1.0
40,56,-12.358688354492188,61.53232192993164,0.0,0.6666666865348816,1.0
40,57,-9.800573348999023,11.590007781982422,0.5,0.75,1.0
40,58,-18.89234161376953,543.1835327148438,0.0,0.3333333432674408,0.3333333432674408
40,59,-6.2138566970825195,7.935017108917236,0.6666666865348816,0.6666666865348816,1.0
40,60,-9.221464157104492,10.027848243713379,0.5,1.0,1.0
40,61,-11.967469215393066,396.9199523925781,0.0,0.5,0.5
40,62,-9.674697875976562,11.230962753295898,0.25,0.75,1.0
40,63,-5.937061786651611,19.46330451965332,0.5,0.5,1.0
40,64,-8.876334190368652,84.61970520019531,0.0,0.5,1.0
40,65,-16.525344848632812,3876.439697265625,0.0,0.0,0.5
40,66,-11.88212776184082,52.49454879760742,0.6666666865348816,0.6666666865348816,0.6666666865348816
40,67,-19.31131362915039,15609.8408203125,0.0,0.0,0.5
40,68,-10.51039981842041,33.23044967651367,0.3333333432674408,0.6666666865348816,0.6666666865348816
40,69,-10.115150451660156,157.20884704589844,0.0,0.5,1.0
40,70,-15.370978355407715,46.653343200683594,0.0,0.75,0.75
40,71,-6.44752836227417,25.122509002685547,0.5,0.5,1.0
41,0,-6.1465373039245605,21.612430572509766,0.5,1.0,1.0
41,1,-3.7035210132598877,6.371026039123535,0.5,1.0,1.0
41,2,-9.009233474731445,20.147451400756836,0.6666666865348816,0.6666666865348816,0.6666666865348816
41,3,-18.03438949584961,8243.619140625,0.0,0.0,0.0
41,4,-18.624378204345703,11072.16015625,0.0,0.0,0.5
41,5,-13.616939544677734,93.59528350830078,0.3333333432674408,0.6666666865348816,0.6666666865348816
41,6,-31.175872802734375,180.5447540283203,0.5,0.6666666865348816,0.6666666865348816
41,7,-4.852550983428955,5.040558815002441,0.3333333432674408,1.0,1.0
41,8,-29.75235366821289,1699.4984130859375,0.25,0.25,0.5
41,9,-17.368330001831055,326.8310852050781,0.0,0.3333333432674408,0.6666666865348816
41,10,-12.63493537902832,23.540771484375,0.25,0.75,1.0
41,11,-15.532140731811523,9.197000503540039,0.4285714626312256,0.8571429252624512,0.8571429252624512
41,12,-12.555769920349121,532.660888671875,0.5,0.5,0.5
41,13,-9.90809154510498,11.905766487121582,0.75,0.75,0.75
41,14,-18.20094108581543,8959.5078125,0.0,0.0,0.5
41,15,-9.451619148254395,23.34865951538086,0.3333333432674408,0.6666666865348816,1.0
41,16,-6.486619472503662,25.618371963500977,0.5,0.5,1.0
41,17,-5.315435886383057,14.263701438903809,0.5,1.0,1.0
41,18,-3.91963267326355,7.098022937774658,0.5,1.0,1.0
41,19,-8.19683837890625,15.367878913879395,0.3333333432674408,0.6666666865348816,1.0
41,20,-6.538902759552002,691.5274047851562,0.0,0.0,1.0
41,21,-24.636930465698242,223790.421875,0.0,0.0,0.0
41,22,-25.73004913330078,24.934595108032227,0.25,0.625,0.875
41,23,-10.956015586853027,239.36935424804688,0.5,0.5,0.5
41,24,-6.208080291748047,22.28781509399414,0.5,0.5,1.0
41,25,-15.336590766906738,166.0347137451172,0.0,0.3333333432674408,1.0
41,26,-4.550012111663818,9.727977752685547,0.5,1.0,1.0
41,27,-7.167320251464844,36.00508499145508,0.0,1.0,1.0
41,28,-5.248135089874268,13.791707992553711,0.5,1.0,1.0
41,29,-7.679312229156494,46.50947952270508,0.0,1.0,1.0
41,30,-2.966366767883301,19.42123031616211,0.0,1.0,1.0
41,31,-8.878328323364258,4.391722202301025,0.5,1.0,1.0
41,32,-2.526989221572876,2.3217697143554688,0.6666666865348816,1.0,1.0
41,33,-16.527957916259766,3881.5078125,0.0,0.0,0.5
41,34,-12.922242164611816,8.616742134094238,0.6666666865348816,0.8333333730697632,1.0
41,35,-5.668675422668457,17.01912498474121,0.5,0.5,1.0
41,36,-6.9824676513671875,32.8264274597168,0.5,0.5,1.0
41,37,-12.387336730957031,4.7040181159973145,0.625,0.875,1.0
41,38,-7.812130928039551,7.0500359535217285,0.75,0.75,1.0
41,39,-13.636138916015625,914.2183837890625,0.5,0.5,0.5
41,40,-15.93786334991455,2889.7685546875,0.0,0.5,0.5
41,41,-22.809032440185547,17.30731201171875,0.375,0.75,0.875
41,42,-5.636379241943359,6.545600414276123,0.6666666865348816,1.0,1.0
41,43,-11.416818618774414,17.360624313354492,0.5,0.75,1.0
41,44,-18.241458892822266,95.61834716796875,0.0,0.5,0.75
41,45,-9.539706230163574,117.90191650390625,0.0,0.5,0.5
41,46,-9.969557762145996,27.748615264892578,0.6666666865348816,0.6666666865348816,0.6666666865348816
41,47,-9.321297645568848,22.356101989746094,0.6666666865348816,0.6666666865348816,0.6666666865348816
41,48,-13.430680274963379,9.378751754760742,0.3333333432674408,0.6666666865348816,1.0
41,49,-3.4632275104522705,1.9989968538284302,0.800000011920929,1.0,1.0
41,50,-2.6646595001220703,3.789862632751465,0.5,1.0,1.0
41,51,-20.042949676513672,28.232999801635742,0.3333333432674408,0.6666666865348816,0.8333333730697632
41,52,-10.133007049560547,158.61875915527344,0.5,0.5,0.5
41,53,-8.075831413269043,14.760340690612793,0.3333333432674408,0.6666666865348816,1.0
41,54,-10.238481521606445,7.750027179718018,0.6000000238418579,0.800000011920929,1.0
41,55,-10.526527404785156,13.896428108215332,0.5,0.75,1.0
41,56,-12.441065788269043,63.245361328125,0.0,0.6666666865348816,1.0
41,57,-9.753950119018555,11.455700874328613,0.5,0.75,1.0
41,58,-18.946399688720703,553.0599365234375,0.0,0.3333333432674408,0.3333333432674408
41,59,-6.178126335144043,7.841071605682373,0.6666666865348816,0.6666666865348816,1.0
41,60,-9.236544609069824,10.065725326538086,0.5,1.0,1.0
41,61,-12.146334648132324,434.0533142089844,0.0,0.5,0.5
41,62,-9.645282745361328,11.148675918579102,0.25,0.75,1.0
41,63,-6.015460968017578,20.241409301757812,0.5,0.5,1.0
41,64,-8.8582763671875,83.85911560058594,0.0,0.5,1.0
41,65,-16.51764678955078,3861.548095703125,0.0,0.0,0.5
41,66,-11.942636489868164,53.5640869140625,0.6666666865348816,0.6666666865348816,0.6666666865348816
41,67,-19.392940521240234,16260.1123046875,0.0,0.0,0.5
41,68,-10.480964660644531,32.90599822998047,0.3333333432674408,0.6666666865348816,0.6666666865348816
41,69,-10.201122283935547,164.11398315429688,0.0,0.5,1.0
41,70,-15.460993766784668,47.715126037597656,0.0,0.75,0.75
41,71,-6.443146228790283,25.067522048950195,0.5,0.5,1.0
42,0,-6.134755611419678,21.485490798950195,0.5,1.0,1.0
42,1,-3.7669003009796143,6.576154708862305,0.5,1.0,1.0
42,2,-8.992919921875,20.038188934326172,0.6666666865348816,0.6666666865348816,0.6666666865348816
42,3,-17.946928024291992,7890.888671875,0.0,0.0,0.0
42,4,-18.906204223632812,12747.6494140625,0.0,0.0,0.5
42,5,-13.670655250549316,95.28622436523438,0.3333333432674408,0.6666666865348816,0.6666666865348816
42,6,-31.068618774414062,177.3460693359375,0.5,0.6666666865348816,0.6666666865348816
42,7,-4.805520057678223,4.962154865264893,0.3333333432674408,1.0,1.0
42,8,-29.626312255859375,1646.781494140625,0.25,0.25,0.5
42,9,-17.353801727294922,325.25213623046875,0.0,0.3333333432674408,0.6666666865348816
42,10,-12.64089584350586,23.575876235961914,0.25,0.75,1.0
42,11,-15.622716903686523,9.316778182983398,0.4285714626312256,0.8571429252624512,0.8571429252624512
42,12,-12.593955993652344,542.9287109375,0.5,0.5,0.5
42,13,-9.851924896240234,11.739758491516113,0.75,0.75,0.75
42,14,-18.25053596496582,9184.4580078125,0.0,0.0,0.5
42,15,-9.401679039001465,22.96320343017578,0.3333333432674408,0.6666666865348816,1.0
42,16,-6.428928852081299,24.889957427978516,0.5,0.5,1.0
42,17,-5.220289707183838,13.601020812988281,0.5,1.0,1.0
42,18,-3.911086082458496,7.067756175994873,0.5,1.0,1.0
42,19,-8.162062644958496,15.190763473510742,0.3333333432674408,0.6666666865348816,1.0
42,20,-6.569961071014404,713.342041015625,0.0,0.0,1.0
42,21,-24.692916870117188,230143.53125,0.0,0.0,0.0
42,22,-25.667247772216797,24.739620208740234,0.25,0.625,0.875
42,23,-10.97670841217041,241.85882568359375,0.5,0.5,0.5
42,24,-6.221813201904297,22.44137954711914,0.5,0.5,1.0
42,25,-15.453683853149414,172.64337158203125,0.0,0.3333333432674408,1.0
42,26,-4.578417778015137,9.867128372192383,0.5,1.0,1.0
42,27,-7.053232192993164,34.00869369506836,0.0,1.0,1.0
42,28,-5.233731269836426,13.692737579345703,0.5,1.0,1.0
42,29,-7.637655735015869,45.550785064697266,0.0,1.0,1.0
42,30,-2.9354701042175293,18.830352783203125,0.0,1.0,1.0
42,31,-8.818673133850098,4.348273754119873,0.5,1.0,1.0
42,32,-2.522965908050537,2.3186581134796143,0.6666666865348816,1.0,1.0
42,33,-16.558168411254883,3940.583984375,0.0,0.0,0.5
42,34,-12.83906364440918,8.498111724853516,0.6666666865348816,0.8333333730697632,1.0
42,35,-5.678013324737549,17.098772048950195,0.5,0.5,1.0
42,36,-6.966273784637451,32.561702728271484,0.5,0.5,1.0
42,37,-12.44119644165039,4.735794544219971,0.625,0.875,1.0
42,38,-7.7753143310546875,6.98544454574585,0.75,0.75,1.0
42,39,-13.636250495910645,914.2694091796875,0.5,0.5,0.5
42,40,-16.028026580810547,3023.025146484375,0.0,0.5,0.5
42,41,-22.944454193115234,17.6027774810791,0.375,0.75,0.875
42,42,-5.51165771484375,6.279053211212158,1.0,1.0,1.0
42,43,-11.387467384338379,17.233699798583984,0.5,0.75,1.0
42,44,-18.233718872070312,95.43350219726562,0.0,0.5,0.75
42,45,-9.523765563964844,116.9659423828125,0.0,0.5,0.5
42,46,-9.842876434326172,26.601268768310547,0.6666666865348816,0.6666666865348816,0.6666666865348816
42,47,-9.314033508300781,22.302034378051758,0.6666666865348816,0.6666666865348816,0.6666666865348816
42,48,-13.459789276123047,9.42436408996582,0.3333333432674408,0.6666666865348816,1.0
42,49,-3.401796817779541,1.9745872020721436,0.800000011920929,1.0,1.0
42,50,-2.6883392333984375,3.835000514984131,0.5,1.0,1.0
42,51,-20.07476806640625,28.38312339782715,0.3333333432674408,0.6666666865348816,0.8333333730697632
42,52,-10.058026313781738,152.78216552734375,0.5,0.5,0.5
42,53,-8.081208229064941,14.78681755065918,0.3333333432674408,0.6666666865348816,1.0
42,54,-10.351649284362793,7.927438259124756,0.6000000238418579,0.800000011920929,1.0
42,55,-10.61231803894043,14.19769287109375,0.5,0.75,1.0
42,56,-12.466069221496582,63.774688720703125,0.0,0.6666666865348816,1.0
42,57,-9.746156692504883,11.433403968811035,0.5,0.75,1.0
42,58,-18.892213821411133,543.1604614257812,0.0,0.3333333432674408,0.3333333432674408
42,59,-6.235656261444092,7.992887496948242,0.6666666865348816,0.6666666865348816,1.0
42,60,-9.163655281066895,9.883965492248535,0.5,1.0,1.0
42,61,-12.114276885986328,427.1513671875,0.0,0.5,0.5
42,62,-9.687137603759766,11.265944480895996,0.25,0.75,1.0
42,63,-5.9725446701049805,19.81169319152832,0.5,0.5,1.0
42,64,-8.851606369018555,83.57991027832031,0.0,0.5,1.0
42,65,-16.49956512451172,3826.7939453125,0.0,0.0,0.5
42,66,-12.00328254699707,54.657928466796875,0.6666666865348816,0.6666666865348816,0.6666666865348816
42,67,-19.42470932006836,16520.45703125,0.0,0.0,0.5
42,68,-10.404810905456543,32.08120346069336,0.3333333432674408,0.6666666865348816,0.6666666865348816
42,69,-10.153077125549316,160.21852111816406,0.0,0.5,1.0
42,70,-15.485557556152344,48.0090446472168,0.0,0.75,0.75
42,71,-6.461606979370117,25.299978256225586,0.5,0.5,1.0
43,0,-6.149184226989746,21.641054153442383,0.5,1.0,1.0
43,1,-3.706399440765381,6.380201816558838,0.5,1.0,1.0
43,2,-9.02235221862793,20.235748291015625,0.6666666865348816,0.6666666865348816,0.6666666865348816
43,3,-17.967666625976562,7973.13720703125,0.0,0.0,0.0
43,4,-18.84725570678711,12377.4052734375,0.0,0.0,0.5
43,5,-13.678377151489258,95.53179931640625,0.3333333432674408,0.6666666865348816,0.6666666865348816
43,6,-31.14996337890625,179.76678466796875,0.5,0.6666666865348816,0.6666666865348816
43,7,-4.897823810577393,5.117203235626221,0.3333333432674408,1.0,1.0
43,8,-29.566444396972656,1622.3177490234375,0.25,0.25,0.5
43,9,-17.428050994873047,333.40252685546875,0.0,0.3333333432674408,0.6666666865348816
43,10,-12.725313186645508,24.078716278076172,0.25,0.75,1.0
43,11,-15.494736671447754,9.147987365722656,0.4285714626312256,0.8571429252624512,0.8571429252624512
43,12,-12.464465141296387,508.89031982421875,0.5,0.5,0.5
43,13,-9.866138458251953,11.781549453735352,0.75,0.75,0.75
43,14,-18.256607055664062,9212.3798828125,0.0,0.0,0.5
43,15,-9.420233726501465,23.10566520690918,0.3333333432674408,0.6666666865348816,1.0
43,16,-6.362735748291016,24.079669952392578,0.5,0.5,1.0
43,17,-5.259476184844971,13.870136260986328,0.5,1.0,1.0
43,18,-3.8866236209869385,6.98183536529541,0.5,1.0,1.0
43,19,-8.154296875,15.151490211486816,0.3333333432674408,0.6666666865348816,1.0
43,20,-6.561551570892334,707.368408203125,0.0,0.0,1.0
43,21,-24.673595428466797,227930.890625,0.0,0.0,0.0
43,22,-25.598886489868164,24.529115676879883,0.25,0.625,0.875
43,23,-10.942998886108398,237.8165283203125,0.5,0.5,0.5
43,24,-6.166195869445801,21.825912475585938,0.5,0.5,1.0
43,25,-15.342482566833496,166.36114501953125,0.0,0.3333333432674408,1.0
43,26,-4.549499034881592,9.725481986999512,0.5,1.0,1.0
43,27,-7.133529186248779,35.4018669128418,0.0,1.0,1.0
43,28,-5.187930583953857,13.382733345031738,0.5,1.0,1.0
43,29,-7.688537120819092,46.72449493408203,0.0,1.0,1.0
43,30,-2.9160919189453125,18.46896743774414,0.0,1.0,1.0
43,31,-8.80179214477539,4.336056709289551,0.5,1.0,1.0
43,32,-2.4633395671844482,2.273028612136841,0.6666666865348816,1.0,1.0
43,33,-16.677066802978516,4181.9521484375,0.0,0.0,0.5
43,34,-12.781095504760742,8.416402816772461,0.6666666865348816,0.8333333730697632,1.0
43,35,-5.756734371185303,17.78520965576172,0.5,0.5,1.0
43,36,-6.9054694175720215,31.586654663085938,0.5,0.5,1.0
43,37,-12.475265502929688,4.756005764007568,0.625,0.875,1.0
43,38,-7.802826404571533,7.033656120300293,0.75,0.75,1.0
43,39,-13.578725814819336,888.347412109375,0.5,0.5,0.5
43,40,-16.00704574584961,2991.47802734375,0.0,0.5,0.5
43,41,-22.81861114501953,17.328046798706055,0.375,0.75,0.875
43,42,-5.591743469238281,6.448931694030762,0.6666666865348816,1.0,1.0
43,43,-11.397394180297852,17.27652359008789,0.5,0.75,1.0
43,44,-18.24021339416504,95.58858489990234,0.0,0.5,0.75
43,45,-9.471847534179688,113.96869659423828,0.0,0.5,0.5
43,46,-9.923434257507324,27.32525634765625,0.6666666865348816,0.6666666865348816,0.6666666865348816
43,47,-9.334915161132812,22.457807540893555,0.6666666865348816,0.6666666865348816,0.6666666865348816
43,48,-13.481367111206055,9.458317756652832,0.3333333432674408,0.6666666865348816,1.0
43,49,-3.404397964477539,1.9756146669387817,0.800000011920929,1.0,1.0
43,50,-2.701791286468506,3.860882043838501,0.5,1.0,1.0
43,51,-20.02423095703125,28.14505958557129,0.3333333432674408,0.6666666865348816,0.8333333730697632
43,52,-10.009881973266602,149.14828491210938,0.5,0.5,0.5
43,53,-8.103461265563965,14.8969087600708,0.3333333432674408,0.6666666865348816,1.0
43,54,-10.226545333862305,7.731548309326172,0.6000000238418579,0.800000011920929,1.0
43,55,-10.606316566467285,14.176406860351562,0.5,0.75,1.0
43,56,-12.394049644470215,62.26192092895508,0.0,0.6666666865348816,1.0
43,57,-9.752555847167969,11.451709747314453,0.5,0.75,1.0
43,58,-18.84850311279297,535.3038330078125,0.0,0.3333333432674408,0.3333333432674408
43,59,-6.215446472167969,7.939223766326904,0.6666666865348816,0.6666666865348816,1.0
43,60,-9.178914070129395,9.92174243927002,0.5,1.0,1.0
43,61,-12.202371597290039,446.3868103027344,0.0,0.5,0.5
43,62,-9.554622650146484,10.898832321166992,0.25,0.75,1.0
43,63,-6.02482271194458,20.33637809753418,0.5,0.5,1.0
43,64,-8.83795166015625,83.01122283935547,0.0,0.5,1.0
43,65,-16.485580444335938,3800.12890625,0.0,0.0,0.5
43,66,-11.957841873168945,53.836265563964844,0.6666666865348816,0.6666666865348816,0.6666666865348816
43,67,-19.447132110595703,16706.71484375,0.0,0.0,0.5
43,68,-10.45932674407959,32.66951370239258,0.3333333432674408,0.6666666865348816,0.6666666865348816
43,69,-10.136666297912598,158.90924072265625,0.0,0.5,1.0
43,70,-15.547613143920898,48.75965881347656,0.0,0.75,0.75
43,71,-6.414729118347168,24.7138671875,0.5,0.5,1.0
44,0,-6.145484924316406,21.601062774658203,0.5,1.0,1.0
44,1,-3.7672853469848633,6.577420711517334,0.5,1.0,1.0
44,2,-9.009400367736816,20.148574829101562,0.6666666865348816,0.6666666865348816,0.6666666865348816
44,3,-18.012279510498047,8152.98828125,0.0,0.0,0.0
44,4,-18.97557258605957,13197.5478515625,0.0,0.0,0.5
44,5,-13.683646202087402,95.69972229003906,0.3333333432674408,0.6666666865348816,0.6666666865348816
44,6,-31.26479721069336,183.24053955078125,0.5,0.6666666865348816,0.6666666865348816
44,7,-4.8203606605529785,4.986762046813965,0.3333333432674408,1.0,1.0
44,8,-29.72893714904785,1689.578369140625,0.25,0.25,0.5
44,9,-17.47716522216797,338.9056701660156,0.0,0.3333333432674408,0.6666666865348816
44,10,-12.613957405090332,23.417634963989258,0.25,0.75,1.0
44,11,-15.480161666870117,9.128959655761719,0.4285714626312256,0.8571429252624512,0.8571429252624512
44,12,-12.657301902770996,560.4000854492188,0.5,0.5,0.5
44,13,-9.85051441192627,11.735620498657227,0.75,0.75,0.75
44,14,-18.215055465698242,9022.9599609375,0.0,0.0,0.5
44,15,-9.448598861694336,23.32516860961914,0.3333333432674408,0.6666666865348816,1.0
44,16,-6.379623889923096,24.28386116027832,0.5,0.5,1.0
44,17,-5.280192852020264,14.014554977416992,0.5,1.0,1.0
44,18,-3.9214813709259033,7.104587554931641,0.5,1.0,1.0
44,19,-8.165609359741211,15.208731651306152,0.3333333432674408,0.6666666865348816,1.0
44,20,-6.544262886047363,695.2440185546875,0.0,0.0,1.0
44,21,-24.71125030517578,232262.890625,0.0,0.0,0.0
44,22,-25.52880096435547,24.315162658691406,0.25,0.625,0.875
44,23,-10.971915245056152,241.2799072265625,0.5,0.5,0.5
44,24,-6.2299580574035645,22.532958984375,0.5,0.5,1.0
44,25,-15.287530899047852,163.34161376953125,0.0,0.3333333432674408,1.0
44,26,-4.572353839874268,9.837257385253906,0.5,1.0,1.0
44,27,-7.106977462768555,34.93498611450195,0.0,1.0,1.0
44,28,-5.16237735748291,13.212835311889648,0.5,1.0,1.0
44,29,-7.761480808258057,48.460079193115234,0.0,1.0,1.0
44,30,-2.9870412349700928,19.826932907104492,0.0,1.0,1.0
44,31,-8.909515380859375,4.414608478546143,0.5,1.0,1.0
44,32,-2.532259225845337,2.3258519172668457,0.6666666865348816,1.0,1.0
44,33,-16.62966537475586,4084.001953125,0.0,0.0,0.5
44,34,-12.808723449707031,8.45524787902832,0.6666666865348816,0.8333333730697632,1.0
44,35,-5.764932632446289,17.85826301574707,0.5,0.5,1.0
44,36,-7.0327019691467285,33.661373138427734,0.5,0.5,1.0
44,37,-12.386917114257812,4.703771591186523,0.625,0.875,1.0
44,38,-7.730011940002441,6.906776428222656,0.75,0.75,1.0
44,39,-13.556737899780273,878.6344604492188,0.5,0.5,0.5
44,40,-15.921398162841797,2866.07568359375,0.0,0.5,0.5
44,41,-22.92923355102539,17.569318771362305,0.375,0.75,0.875
44,42,-5.570191383361816,6.402768611907959,0.6666666865348816,1.0,1.0
44,43,-11.478994369506836,17.632583618164062,0.5,0.75,1.0
44,44,-18.24858283996582,95.7887954711914,0.0,0.5,0.75
44,45,-9.565443992614746,119.42899322509766,0.0,0.5,0.5
44,46,-9.887861251831055,27.003156661987305,0.6666666865348816,0.6666666865348816,0.6666666865348816
44,47,-9.2952299118042,22.162683486938477,0.6666666865348816,0.6666666865348816,0.6666666865348816
44,48,-13.427963256835938,9.374505996704102,0.3333333432674408,0.6666666865348816,1.0
44,49,-3.402270555496216,1.9747743606567383,0.800000011920929,1.0,1.0
44,50,-2.672642230987549,3.8050193786621094,0.5,1.0,1.0
44,51,-20.072921752929688,28.374387741088867,0.3333333432674408,0.6666666865348816,0.8333333730697632
44,52,-10.003816604614258,148.69664001464844,0.5,0.5,0.5
44,53,-8.009760856628418,14.438817977905273,0.3333333432674408,0.6666666865348816,1.0
44,54,-10.284363746643066,7.821472644805908,0.6000000238418579,0.800000011920929,1.0
44,55,-10.680749893188477,14.442676544189453,0.5,0.75,1.0
44,56,-12.512591361999512,64.7713623046875,0.0,0.6666666865348816,1.0
44,57,-9.696915626525879,11.293517112731934,0.5,0.75,1.0
44,58,-18.801074981689453,526.907470703125,0.0,0.3333333432674408,0.3333333432674408
44,59,-6.226111888885498,7.967498302459717,0.6666666865348816,0.6666666865348816,1.0
44,60,-9.187864303588867,9.943967819213867,0.5,1.0,1.0
44,61,-12.298734664916992,468.42095947265625,0.0,0.5,0.5
44,62,-9.564338684082031,10.925337791442871,0.25,0.75,1.0
44,63,-5.937202453613281,19.46467399597168,0.5,0.5,1.0
44,64,-8.752470016479492,79.53800964355469,0.0,0.5,1.0
44,65,-16.462570190429688,3756.658203125,0.0,0.0,0.5
44,66,-12.05667495727539,55.6394157409668,0.6666666865348816,0.6666666865348816,0.6666666865348816
44,67,-19.497699737548828,17134.509765625,0.0,0.0,0.5
44,68,-10.435700416564941,32.41323471069336,0.3333333432674408,0.6666666865348816,0.6666666865348816
44,69,-10.133655548095703,158.67019653320312,0.0,0.5,1.0
44,70,-15.613874435424805,49.57410430908203,0.0,0.75,0.75
44,71,-6.383599281311035,24.332176208496094,0.5,0.5,1.0
45,0,-6.1746134757995605,21.917966842651367,0.5,1.0,1.0
45,1,-3.7202327251434326,6.424484729766846,0.5,1.0,1.0
45,2,-9.005931854248047,20.125289916992188,0.6666666865348816,0.6666666865348816,0.6666666865348816
45,3,-18.077838897705078,8424.6689453125,0.0,0.0,0.0
45,4,-18.77472686767578,11936.5859375,0.0,0.0,0.5
45,5,-13.610913276672363,93.4074478149414,0.3333333432674408,0.6666666865348816,0.6666666865348816
45,6,-31.295644760131836,184.18505859375,0.5,0.6666666865348816,0.6666666865348816
45,7,-4.8499979972839355,5.036271095275879,0.3333333432674408,1.0,1.0
45,8,-29.714061737060547,1683.3067626953125,0.25,0.25,0.5
45,9,-17.486560821533203,339.9687194824219,0.0,0.3333333432674408,0.6666666865348816
45,10,-12.589426040649414,23.274457931518555,0.25,0.75,1.0
45,11,-15.383500099182129,9.003765106201172,0.4285714626312256,0.8571429252624512,0.8571429252624512
45,12,-12.568957328796387,536.1846923828125,0.5,0.5,0.5
45,13,-9.781354904174805,11.534456253051758,0.75,0.75,0.75
45,14,-18.243471145629883,9152.072265625,0.0,0.0,0.5
45,15,-9.48027515411377,23.572757720947266,0.3333333432674408,0.6666666865348816,1.0
45,16,-6.368554592132568,24.14982795715332,0.5,0.5,1.0
45,17,-5.26508092880249,13.90906047821045,0.5,1.0,1.0
45,18,-3.904810905456543,7.045614719390869,0.5,1.0,1.0
45,19,-8.120596885681152,14.982240676879883,0.3333333432674408,0.6666666865348816,1.0
45,20,-6.6128764152526855,744.621826171875,0.0,0.0,1.0
45,21,-24.814422607421875,244558.875,0.0,0.0,0.0
45,22,-25.521970748901367,24.294410705566406,0.25,0.625,0.875
45,23,-10.96633529663086,240.60768127441406,0.5,0.5,0.5
45,24,-6.201999664306641,22.220157623291016,0.5,0.5,1.0
45,25,-15.282271385192871,163.0554656982422,0.0,0.3333333432674408,1.0
45,26,-4.597151279449463,9.959985733032227,0.5,1.0,1.0
45,27,-7.1134233474731445,35.047760009765625,0.0,1.0,1.0
45,28,-5.1469621658325195,13.111387252807617,0.5,1.0,1.0
45,29,-7.777299880981445,48.84489822387695,0.0,1.0,1.0
45,30,-2.9771456718444824,19.63170051574707,0.0,1.0,1.0
45,31,-8.766733169555664,4.310794353485107,0.5,1.0,1.0
45,32,-2.5122227668762207,2.3103697299957275,0.6666666865348816,1.0,1.0
45,33,-16.741315841674805,4318.4765625,0.0,0.0,0.5
45,34,-12.698515892028809,8.301359176635742,0.6666666865348816,0.8333333730697632,1.0
45,35,-5.746832370758057,17.697372436523438,0.5,0.5,1.0
45,36,-7.045060634613037,33.87002182006836,0.5,0.5,1.0
45,37,-12.380473136901855,4.699984073638916,0.625,0.875,1.0
45,38,-7.7180070877075195,6.886078357696533,0.75,0.75,1.0
45,39,-13.657360076904297,923.9703979492188,0.5,0.5,0.5
45,40,-16.00423812866211,2987.28173828125,0.0,0.5,0.5
45,41,-23.07285499572754,17.887584686279297,0.375,0.75,0.875
45,42,-5.566807746887207,6.395551681518555,0.6666666865348816,1.0,1.0
45,43,-11.496923446655273,17.711795806884766,0.5,0.75,1.0
45,44,-18.400955200195312,99.5080795288086,0.0,0.5,0.75
45,45,-9.511265754699707,116.23719787597656,0.0,0.5,0.5
45,46,-9.981484413146973,27.859153747558594,0.6666666865348816,0.6666666865348816,0.6666666865348816
45,47,-9.301066398620605,22.205841064453125,0.6666666865348816,0.6666666865348816,0.6666666865348816
45,48,-13.578014373779297,9.61190414428711,0.3333333432674408,0.6666666865348816,1.0
45,49,-3.4360404014587402,1.9881569147109985,0.800000011920929,1.0,1.0
45,50,-2.6486995220184326,3.759739637374878,0.5,1.0,1.0
45,51,-20.052217483520508,28.27664566040039,0.3333333432674408,0.6666666865348816,0.8333333730697632
45,52,-10.060831069946289,152.99656677246094,0.5,0.5,0.5
45,53,-7.995094299316406,14.368401527404785,0.3333333432674408,0.6666666865348816,1.0
45,54,-10.269359588623047,7.798036098480225,0.6000000238418579,0.800000011920929,1.0
45,55,-10.627238273620605,14.250750541687012,0.5,0.75,1.0
45,56,-12.384156227111816,62.05693054199219,0.0,0.6666666865348816,1.0
45,57,-9.694435119628906,11.286517143249512,0.5,0.75,1.0
45,58,-18.80322265625,527.2847290039062,0.0,0.3333333432674408,0.3333333432674408
45,59,-6.227365493774414,7.970829010009766,0.6666666865348816,0.6666666865348816,1.0
45,60,-9.170868873596191,9.901806831359863,0.5,1.0,1.0
45,61,-12.264055252075195,460.3686828613281,0.0,0.5,0.5
45,62,-9.626688957214355,11.09697151184082,0.25,0.75,1.0
45,63,-6.038821220397949,20.479217529296875,0.5,0.5,1.0
45,64,-8.759748458862305,79.82798767089844,0.0,0.5,1.0
45,65,-16.46445655822754,3760.203369140625,0.0,0.0,0.5
45,66,-12.063461303710938,55.76541519165039,0.6666666865348816,0.6666666865348816,0.6666666865348816
45,67,-19.597822189331055,18014.1171875,0.0,0.0,0.5
45,68,-10.4352388381958,32.40824508666992,0.3333333432674408,0.6666666865348816,0.6666666865348816
45,69,-10.193387031555176,163.48046875,0.0,0.5,1.0
45,70,-15.627582550048828,49.744285583496094,0.0,0.75,0.75
45,71,-6.391714572906494,24.431110382080078,0.5,0.5,1.0
46,0,-6.214591026306152,22.360488891601562,0.5,1.0,1.0
46,1,-3.7230424880981445,6.433516502380371,0.5,1.0,1.0
46,2,-8.990407943725586,20.02141761779785,0.6666666865348816,0.6666666865348816,0.6666666865348816
46,3,-18.04229736328125,8276.279296875,0.0,0.0,0.0
46,4,-18.71539306640625,11587.666015625,0.0,0.0,0.5
46,5,-13.668027877807617,95.20279693603516,0.3333333432674408,0.6666666865348816,0.6666666865348816
46,6,-31.31366539001465,184.739013671875,0.5,0.6666666865348816,0.6666666865348816
46,7,-4.921985626220703,5.1585822105407715,0.3333333432674408,1.0,1.0
46,8,-29.671180725097656,1665.357666015625,0.25,0.25,0.5
46,9,-17.4694766998291,338.03814697265625,0.0,0.3333333432674408,0.6666666865348816
46,10,-12.58409309387207,23.24344825744629,0.25,0.75,1.0
46,11,-15.421220779418945,9.052414894104004,0.4285714626312256,0.8571429252624512,0.8571429252624512
46,12,-12.516788482666016,522.3794555664062,0.5,0.5,0.5
46,13,-9.788869857788086,11.556146621704102,0.75,0.75,0.75
46,14,-18.26486587524414,9250.5,0.0,0.0,0.5
46,15,-9.50102424621582,23.73636245727539,0.3333333432674408,0.6666666865348816,1.0
46,16,-6.351620674133301,23.946216583251953,0.5,0.5,1.0
46,17,-5.290791988372803,14.08902359008789,0.5,1.0,1.0
46,18,-3.9319257736206055,7.141786098480225,0.5,1.0,1.0
46,19,-8.143279075622559,15.095947265625,0.3333333432674408,0.6666666865348816,1.0
46,20,-6.58573055267334,724.6802978515625,0.0,0.0,1.0
46,21,-24.754409790039062,237329.53125,0.0,0.0,0.0
46,22,-25.556396484375,24.399181365966797,0.25,0.625,0.875
46,23,-10.916476249694824,234.68357849121094,0.5,0.5,0.5
46,24,-6.237401962280273,22.616979598999023,0.5,0.5,1.0
46,25,-15.340166091918945,166.23268127441406,0.0,0.3333333432674408,1.0
46,26,-4.617747783660889,10.063085556030273,0.5,1.0,1.0
46,27,-7.103504180908203,34.874366760253906,0.0,1.0,1.0
46,28,-5.113049507141113,12.89094066619873,0.5,1.0,1.0
46,29,-7.826481819152832,50.06092834472656,0.0,1.0,1.0
46,30,-3.016798257827759,20.42578887939453,0.0,1.0,1.0
46,31,-8.857442855834961,4.376461505889893,0.5,1.0,1.0
46,32,-2.534022808074951,2.3272194862365723,0.6666666865348816,1.0,1.0
46,33,-16.744468688964844,4325.28955078125,0.0,0.0,0.5
46,34,-12.83142375946045,8.487297058105469,0.6666666865348816,0.8333333730697632,1.0
46,35,-5.695342540740967,17.247570037841797,0.5,0.5,1.0
46,36,-7.0855793952941895,34.56320571899414,0.5,0.5,1.0
46,37,-12.446399688720703,4.738875865936279,0.625,0.875,1.0
46,38,-7.61522912979126,6.711398124694824,0.75,1.0,1.0
46,39,-13.613781929016113,904.0556640625,0.5,0.5,0.5
46,40,-16.048076629638672,3053.4833984375,0.0,0.5,0.5
46,41,-22.892230987548828,17.488243103027344,0.375,0.75,0.875
46,42,-5.635646820068359,6.544002532958984,1.0,1.0,1.0
46,43,-11.530416488647461,17.8607234954834,0.5,0.75,1.0
46,44,-18.373119354248047,98.81800079345703,0.0,0.5,0.75
46,45,-9.531702995300293,117.43106842041016,0.0,0.5,0.5
46,46,-9.765715599060059,25.925798416137695,0.6666666865348816,0.6666666865348816,0.6666666865348816
46,47,-9.303934097290039,22.227081298828125,0.6666666865348816,0.6666666865348816,0.6666666865348816
46,48,-13.494187355041504,9.478549003601074,0.3333333432674408,0.6666666865348816,1.0
46,49,-3.4062788486480713,1.9763579368591309,0.800000011920929,1.0,1.0
46,50,-2.656888246536255,3.77516508102417,0.5,1.0,1.0
46,51,-20.02008056640625,28.125598907470703,0.3333333432674408,0.6666666865348816,0.8333333730697632
46,52,-10.095112800598145,155.6416778564453,0.5,0.5,0.5
46,53,-7.956806182861328,14.186185836791992,0.3333333432674408,0.6666666865348816,1.0
46,54,-10.208259582519531,7.703324794769287,0.6000000238418579,0.800000011920929,1.0
46,55,-10.642114639282227,14.303849220275879,0.5,0.75,1.0
46,56,-12.436822891235352,63.15597152709961,0.0,0.6666666865348816,1.0
46,57,-9.628257751464844,11.101325035095215,0.5,0.75,1.0
46,58,-18.822927474975586,530.7595825195312,0.0,0.3333333432674408,0.3333333432674408
46,59,-6.2961835861206055,8.15578842163086,0.6666666865348816,0.6666666865348816,1.0
46,60,-9.2626371383667,10.131600379943848,0.5,1.0,1.0
46,61,-12.209482192993164,447.9766540527344,0.0,0.5,0.5
46,62,-9.654741287231445,11.175068855285645,0.25,0.75,1.0
46,63,-6.0637617111206055,20.73619842529297,0.5,0.5,1.0
46,64,-8.761384963989258,79.89334106445312,0.0,0.5,1.0
46,65,-16.433761596679688,3702.934326171875,0.0,0.0,0.5
46,66,-12.039349555969238,55.31899642944336,0.6666666865348816,0.6666666865348816,0.6666666865348816
46,67,-19.59755516052246,18011.71484375,0.0,0.0,0.5
46,68,-10.509626388549805,33.221885681152344,0.3333333432674408,0.6666666865348816,0.6666666865348816
46,69,-10.258247375488281,168.8690643310547,0.0,0.5,1.0
46,70,-15.763480186462402,51.46335983276367,0.0,0.75,0.75
46,71,-6.33657693862915,23.76677131652832,0.5,0.5,1.0
47,0,-6.172481060028076,21.894611358642578,0.5,1.0,1.0
47,1,-3.7298998832702637,6.455612659454346,0.5,1.0,1.0
47,2,-9.034181594848633,20.31569480895996,0.6666666865348816,0.6666666865348816,0.6666666865348816
47,3,-17.951526641845703,7909.05322265625,0.0,0.0,0.0
47,4,-18.78644561767578,12006.7333984375,0.0,0.0,0.5
47,5,-13.637669563293457,94.24425506591797,0.3333333432674408,0.6666666865348816,0.6666666865348816
47,6,-31.353750228881836,185.97738647460938,0.5,0.6666666865348816,0.6666666865348816
47,7,-4.872474193572998,5.0741448402404785,0.3333333432674408,1.0,1.0
47,8,-29.67839813232422,1668.3651123046875,0.25,0.25,0.5
47,9,-17.485816955566406,339.8843994140625,0.0,0.3333333432674408,0.6666666865348816
47,10,-12.521484375,22.882471084594727,0.25,0.75,1.0
47,11,-15.307319641113281,8.906310081481934,0.4285714626312256,0.8571429252624512,0.8571429252624512
47,12,-12.492619514465332,516.104736328125,0.5,0.5,0.5
47,13,-9.679826736450195,11.24537181854248,0.75,0.75,0.75
47,14,-18.265581130981445,9253.80859375,0.0,0.0,0.5
47,15,-9.51424503326416,23.841197967529297,0.3333333432674408,0.6666666865348816,1.0
47,16,-6.2485737800598145,22.743669509887695,0.5,0.5,1.0
47,17,-5.1896233558654785,13.394064903259277,0.5,1.0,1.0
47,18,-3.867201805114746,6.914363861083984,0.5,1.0,1.0
47,19,-8.081283569335938,14.787187576293945,0.3333333432674408,0.6666666865348816,1.0
47,20,-6.607753753662109,740.8170776367188,0.0,0.0,1.0
47,21,-24.79360580444336,242026.59375,0.0,0.0,0.0
47,22,-25.523693084716797,24.29964256286621,0.25,0.625,0.875
47,23,-10.976096153259277,241.78482055664062,0.5,0.5,0.5
47,24,-6.212133884429932,22.33303451538086,0.5,0.5,1.0
47,25,-15.417500495910645,170.57359313964844,0.0,0.3333333432674408,1.0
47,26,-4.550975799560547,9.732666015625,0.5,1.0,1.0
47,27,-7.141869068145752,35.549800872802734,0.0,1.0,1.0
47,28,-5.099491119384766,12.80384635925293,0.5,1.0,1.0
47,29,-7.741408824920654,47.97616958618164,0.0,1.0,1.0
47,30,-3.018115520477295,20.452713012695312,0.0,1.0,1.0
47,31,-8.792054176330566,4.3290252685546875,0.5,1.0,1.0
47,32,-2.50028133392334,2.301191806793213,0.6666666865348816,1.0,1.0
47,33,-16.839553833007812,4535.89111328125,0.0,0.0,0.5
47,34,-12.73591423034668,8.353263854980469,0.6666666865348816,0.8333333730697632,1.0
47,35,-5.778409004211426,17.979001998901367,0.5,0.5,1.0
47,36,-7.061936855316162,34.15702819824219,0.5,0.5,1.0
47,37,-12.300594329833984,4.653288841247559,0.75,0.875,1.0
47,38,-7.54735803604126,6.598481178283691,0.75,1.0,1.0
47,39,-13.558539390563965,879.42626953125,0.5,0.5,0.5
47,40,-16.03334617614746,3031.076416015625,0.0,0.5,0.5
47,41,-22.933631896972656,17.578981399536133,0.375,0.75,0.875
47,42,-5.528903961181641,6.315254211425781,1.0,1.0,1.0
47,43,-11.515377044677734,17.793697357177734,0.5,0.75,1.0
47,44,-18.30150604248047,97.0645751953125,0.0,0.5,0.75
47,45,-9.479597091674805,114.4111557006836,0.0,0.5,0.5
47,46,-9.772216796875,25.982040405273438,0.6666666865348816,0.6666666865348816,0.6666666865348816
47,47,-9.317861557006836,22.330509185791016,0.6666666865348816,0.6666666865348816,0.6666666865348816
47,48,-13.525815963745117,9.528646469116211,0.3333333432674408,0.6666666865348816,1.0
47,49,-3.3316969871520996,1.947096586227417,0.800000011920929,1.0,1.0
47,50,-2.6534061431884766,3.7685983180999756,0.5,1.0,1.0
47,51,-20.133237838745117,28.66106414794922,0.3333333432674408,0.6666666865348816,0.8333333730697632
47,52,-10.11204719543457,156.96511840820312,0.5,0.5,0.5
47,53,-8.019688606262207,14.486678123474121,0.3333333432674408,0.6666666865348816,1.0
47,54,-10.129063606262207,7.58227014541626,0.6000000238418579,0.800000011920929,1.0
47,55,-10.730697631835938,14.624153137207031,0.5,0.75,1.0
47,56,-12.354836463928223,61.45338821411133,0.0,0.6666666865348816,1.0
47,57,-9.774908065795898,11.515881538391113,0.5,0.75,1.0
47,58,-18.908214569091797,546.0651245117188,0.0,0.3333333432674408,0.3333333432674408
47,59,-6.294741153717041,8.151867866516113,0.6666666865348816,0.6666666865348816,1.0
47,60,-9.090712547302246,9.705358505249023,0.5,1.0,1.0
47,61,-12.317280769348145,472.7848205566406,0.0,0.5,0.5
47,62,-9.701212882995605,11.305657386779785,0.25,0.75,1.0
47,63,-5.941496849060059,19.506513595581055,0.5,0.5,1.0
47,64,-8.787705421447754,80.95170593261719,0.0,0.5,1.0
47,65,-16.45245933532715,3737.715087890625,0.0,0.0,0.5
47,66,-12.126835823059082,56.95598220825195,0.6666666865348816,0.6666666865348816,0.6666666865348816
47,67,-19.6231689453125,18243.87109375,0.0,0.0,0.5
47,68,-10.491670608520508,33.02363967895508,0.3333333432674408,0.6666666865348816,0.6666666865348816
47,69,-10.192004203796387,163.3674774169922,0.0,0.5,1.0
47,70,-15.713922500610352,50.829689025878906,0.0,0.75,0.75
47,71,-6.338907241821289,23.794479370117188,0.5,0.5,1.0
48,0,-6.191925048828125,22.108509063720703,0.5,1.0,1.0
48,1,-3.6991968154907227,6.357266426086426,0.5,1.0,1.0
48,2,-9.00365924835205,20.11005210876465,0.6666666865348816,0.6666666865348816,0.6666666865348816
48,3,-18.002960205078125,8115.08642578125,0.0,0.0,0.0
48,4,-18.611684799194336,11002.1103515625,0.0,0.0,0.5
48,5,-13.61851692199707,93.64447784423828,0.3333333432674408,0.6666666865348816,0.6666666865348816
48,6,-31.323467254638672,185.0410614013672,0.5,0.6666666865348816,0.6666666865348816
48,7,-4.854733943939209,5.0442280769348145,0.3333333432674408,1.0,1.0
48,8,-29.636547088623047,1651.00048828125,0.25,0.25,0.5
48,9,-17.486103057861328,339.9168395996094,0.0,0.3333333432674408,0.6666666865348816
48,10,-12.6072359085083,23.37831687927246,0.25,0.75,1.0
48,11,-15.376596450805664,8.994890213012695,0.4285714626312256,0.8571429252624512,0.8571429252624512
48,12,-12.666823387145996,563.0743408203125,0.5,0.5,0.5
48,13,-9.720658302307129,11.360751152038574,0.75,0.75,0.75
48,14,-18.205615997314453,8980.4736328125,0.0,0.0,0.5
48,15,-9.511680603027344,23.82082176208496,0.3333333432674408,0.6666666865348816,1.0
48,16,-6.24446439743042,22.69698715209961,0.5,0.5,1.0
48,17,-5.196396827697754,13.43950366973877,0.5,1.0,1.0
48,18,-3.8297059535980225,6.7859416007995605,0.5,1.0,1.0
48,19,-8.115309715270996,14.955860137939453,0.3333333432674408,0.6666666865348816,1.0
48,20,-6.600788116455078,735.6747436523438,0.0,0.0,1.0
48,21,-24.9661865234375,263838.71875,0.0,0.0,0.0
48,22,-25.461467742919922,24.111370086669922,0.25,0.625,0.875
48,23,-10.990124702453613,243.48670959472656,0.5,0.5,0.5
48,24,-6.206050872802734,22.26521110534668,0.5,0.5,1.0
48,25,-15.441591262817383,171.94888305664062,0.0,0.3333333432674408,1.0
48,26,-4.637716293334961,10.164061546325684,0.5,1.0,1.0
48,27,-7.126275062561035,35.27369689941406,0.0,1.0,1.0
48,28,-5.012914657592773,12.261415481567383,0.5,1.0,1.0
48,29,-7.872662544250488,51.23030471801758,0.0,1.0,1.0
48,30,-3.017378330230713,20.437641143798828,0.0,1.0,1.0
48,31,-8.85040283203125,4.371329307556152,0.5,1.0,1.0
48,32,-2.3980679512023926,2.2241079807281494,0.6666666865348816,1.0,1.0
48,33,-16.827096939086914,4507.7275390625,0.0,0.0,0.5
48,34,-12.767596244812012,8.397489547729492,0.6666666865348816,0.8333333730697632,1.0
48,35,-5.775703430175781,17.954696655273438,0.5,0.5,1.0
48,36,-7.035117149353027,33.70204544067383,0.5,0.5,1.0
48,37,-12.330185890197754,4.670533180236816,0.75,0.875,1.0
48,38,-7.5236005783081055,6.5594072341918945,0.75,1.0,1.0
48,39,-13.561498641967773,880.7284545898438,0.5,0.5,0.5
48,40,-16.042654037475586,3045.2158203125,0.0,0.5,0.5
48,41,-22.9381103515625,17.588825225830078,0.375,0.75,0.875
48,42,-5.5962934494018555,6.4587202072143555,1.0,1.0,1.0
48,43,-11.517435073852539,17.802852630615234,0.5,0.75,1.0
48,44,-18.405410766601562,99.61898040771484,0.0,0.5,0.75
48,45,-9.525960922241211,117.09440612792969,0.0,0.5,0.5
48,46,-9.620722770690918,24.70257568359375,0.6666666865348816,0.6666666865348816,0.6666666865348816
48,47,-9.345983505249023,22.54081916809082,0.6666666865348816,0.6666666865348816,0.6666666865348816
48,48,-13.48921012878418,9.470688819885254,0.3333333432674408,0.6666666865348816,1.0
48,49,-3.264328956604004,1.921038269996643,0.800000011920929,1.0,1.0
48,50,-2.653304100036621,3.7684056758880615,0.5,1.0,1.0
48,51,-20.163976669311523,28.80827522277832,0.3333333432674408,0.6666666865348816,0.8333333730697632
48,52,-10.101095199584961,156.10792541503906,0.5,0.5,0.5
48,53,-8.005136489868164,14.416579246520996,0.3333333432674408,0.6666666865348816,1.0
48,54,-10.18970775604248,7.674793720245361,0.6000000238418579,0.800000011920929,1.0
48,55,-10.703848838806152,14.526320457458496,0.5,0.75,1.0
48,56,-12.446353912353516,63.35694885253906,0.0,0.6666666865348816,1.0
48,57,-9.813517570495605,11.627574920654297,0.5,0.75,1.0
48,58,-18.832096099853516,532.3840942382812,0.0,0.3333333432674408,0.3333333432674408
48,59,-6.277637958526611,8.105525016784668,0.6666666865348816,0.6666666865348816,1.0
48,60,-9.224865913391113,10.03637981414795,0.5,1.0,1.0
48,61,-12.300972938537598,468.9454650878906,0.0,0.5,0.5
48,62,-9.740887641906738,11.418352127075195,0.25,0.75,1.0
48,63,-6.002658367156982,20.11225128173828,0.5,0.5,1.0
48,64,-8.850598335266113,83.53779602050781,0.0,0.5,1.0
48,65,-16.426631927490234,3689.75732421875,0.0,0.0,0.5
48,66,-12.271673202514648,59.77320861816406,0.6666666865348816,0.6666666865348816,0.6666666865348816
48,67,-19.730712890625,19251.734375,0.0,0.0,0.5
48,68,-10.445351600646973,32.517677307128906,0.3333333432674408,0.6666666865348816,0.6666666865348816
48,69,-10.22381591796875,165.9867401123047,0.0,0.5,1.0
48,70,-15.821353912353516,52.21335983276367,0.0,0.75,0.75
48,71,-6.337830066680908,23.781667709350586,0.5,0.5,1.0
49,0,-6.179872035980225,21.975671768188477,0.5,1.0,1.0
49,1,-3.7564899921417236,6.542013168334961,0.5,1.0,1.0
49,2,-9.006606101989746,20.12981605529785,0.6666666865348816,0.6666666865348816,0.6666666865348816
49,3,-17.952802658081055,7914.1005859375,0.0,0.0,0.0
49,4,-18.856584548950195,12435.2724609375,0.0,0.0,0.5
49,5,-13.587270736694336,92.67422485351562,0.3333333432674408,0.6666666865348816,0.6666666865348816
49,6,-31.425443649291992,188.21298217773438,0.5,0.6666666865348816,0.6666666865348816
49,7,-4.89315128326416,5.109239101409912,0.3333333432674408,1.0,1.0
49,8,-29.78931427001953,1715.2747802734375,0.25,0.25,0.5
49,9,-17.644529342651367,358.349853515625,0.0,0.3333333432674408,0.6666666865348816
49,10,-12.547196388244629,23.030033111572266,0.25,0.75,1.0
49,11,-15.344114303588867,8.953248023986816,0.4285714626312256,0.8571429252624512,0.8571429252624512
49,12,-12.512655258178711,521.301025390625,0.5,0.5,0.5
49,13,-9.654203414916992,11.173566818237305,0.75,0.75,0.75
49,14,-18.219650268554688,9043.712890625,0.0,0.0,0.5
49,15,-9.52010440826416,23.88780975341797,0.3333333432674408,0.6666666865348816,1.0
49,16,-6.227440357208252,22.504610061645508,0.5,0.5,1.0
49,17,-5.1734209060668945,13.285994529724121,0.5,1.0,1.0
49,18,-3.9261679649353027,7.121255397796631,0.5,1.0,1.0
49,19,-8.050921440124512,14.638286590576172,0.3333333432674408,0.6666666865348816,1.0
49,20,-6.6111907958984375,743.36767578125,0.0,0.0,1.0
49,21,-24.848331451416016,248740.546875,0.0,0.0,0.0
49,22,-25.56175422668457,24.41552734375,0.25,0.625,0.875
49,23,-10.91510009765625,234.5221405029297,0.5,0.5,0.5
49,24,-6.161303997039795,21.772592544555664,0.5,0.5,1.0
49,25,-15.455604553222656,172.7539520263672,0.0,0.3333333432674408,1.0
49,26,-4.749468803405762,10.74815845489502,0.5,1.0,1.0
49,27,-7.128859043121338,35.319297790527344,0.0,1.0,1.0
49,28,-4.972943305969238,12.018795013427734,0.5,1.0,1.0
49,29,-7.8813581466674805,51.453529357910156,0.0,1.0,1.0
49,30,-3.0486321449279785,21.08648109436035,0.0,1.0,1.0
49,31,-8.897318840026855,4.405643939971924,0.5,1.0,1.0
49,32,-2.4138243198394775,2.2358200550079346,0.6666666865348816,1.0,1.0
49,33,-16.854799270629883,4570.59912109375,0.0,0.0,0.5
49,34,-12.705781936645508,8.311418533325195,0.6666666865348816,0.8333333730697632,1.0
49,35,-5.769094944000244,17.89546775817871,0.5,0.5,1.0
49,36,-7.0129780769348145,33.33103942871094,0.5,0.5,1.0
49,37,-12.276703834533691,4.639413833618164,0.75,0.875,1.0
49,38,-7.513923645019531,6.543557167053223,0.75,1.0,1.0
49,39,-13.530783653259277,867.3059692382812,0.5,0.5,0.5
49,40,-16.11338233947754,3154.833984375,0.0,0.5,0.5
49,41,-22.869125366210938,17.437807083129883,0.375,0.75,0.875
49,42,-5.587665557861328,6.440171718597412,0.6666666865348816,1.0,1.0
49,43,-11.534141540527344,17.877365112304688,0.5,0.75,1.0
49,44,-18.378173828125,98.94295501708984,0.0,0.5,0.75
49,45,-9.496360778808594,115.37416076660156,0.0,0.5,0.5
49,46,-9.712924003601074,25.473567962646484,0.6666666865348816,0.6666666865348816,0.6666666865348816
49,47,-9.348523139953613,22.559911727905273,0.6666666865348816,0.6666666865348816,0.6666666865348816
49,48,-13.491207122802734,9.473840713500977,0.3333333432674408,0.6666666865348816,1.0
49,49,-3.2731995582580566,1.9244494438171387,0.800000011920929,1.0,1.0
49,50,-2.5865302085876465,3.644667387008667,0.5,1.0,1.0
49,51,-20.104331970214844,28.52332305908203,0.3333333432674408,0.6666666865348816,0.8333333730697632
49,52,-10.081388473510742,154.57728576660156,0.5,0.5,0.5
49,53,-7.97739315032959,14.283872604370117,0.3333333432674408,0.6666666865348816,1.0
49,54,-10.169797897338867,7.644295692443848,0.6000000238418579,0.800000011920929,1.0
49,55,-10.70116901397705,14.516592025756836,0.5,0.75,1.0
49,56,-12.458097457885742,63.60543441772461,0.0,0.6666666865348816,1.0
49,57,-9.682025909423828,11.251556396484375,0.5,0.75,1.0
49,58,-18.89163589477539,543.0558471679688,0.0,0.3333333432674408,0.3333333432674408
49,59,-6.340846061706543,8.278114318847656,0.6666666865348816,0.6666666865348816,1.0
49,60,-9.143404006958008,9.834052085876465,0.5,1.0,1.0
49,61,-12.374000549316406,486.3848876953125,0.0,0.5,0.5
49,62,-9.679213523864746,11.243648529052734,0.25,0.75,1.0
49,63,-6.013354301452637,20.2200984954834,0.5,0.5,1.0
49,64,-8.779682159423828,80.62760162353516,0.0,0.5,1.0
49,65,-16.341867446899414,3536.644775390625,0.0,0.0,0.5
49,66,-12.200204849243164,58.36607360839844,0.6666666865348816,0.6666666865348816,0.6666666865348816
49,67,-19.76058006286621,19541.388671875,0.0,0.0,0.5
49,68,-10.418193817138672,32.224639892578125,0.3333333432674408,0.6666666865348816,0.6666666865348816
49,69,-10.295690536499023,172.0603485107422,0.0,0.5,1.0
49,70,-15.751787185668945,51.31313705444336,0.0,0.75,0.75
49,71,-6.2328267097473145,22.56529998779297,0.5,0.5,1.0
50,0,-6.155517101287842,21.709686279296875,0.5,1.0,1.0
50,1,-3.74336314201355,6.499216556549072,0.5,1.0,1.0
50,2,-8.995346069335938,20.054401397705078,0.6666666865348816,0.6666666865348816,0.6666666865348816
50,3,-17.94321060180664,7876.2353515625,0.0,0.0,0.0
50,4,-18.68281364440918,11400.435546875,0.0,0.0,0.5
50,5,-13.624542236328125,93.83274841308594,0.3333333432674408,0.6666666865348816,0.6666666865348816
50,6,-31.46984100341797,189.61082458496094,0.5,0.6666666865348816,0.6666666865348816
50,7,-4.919142246246338,5.153696060180664,0.3333333432674408,1.0,1.0
50,8,-29.71005630493164,1681.6220703125,0.25,0.25,0.5
50,9,-17.657556533813477,359.9093933105469,0.0,0.3333333432674408,0.6666666865348816
50,10,-12.481718063354492,22.656108856201172,0.25,0.75,1.0
50,11,-15.373615264892578,8.991059303283691,0.4285714626312256,0.8571429252624512,0.8571429252624512
50,12,-12.471516609191895,510.687744140625,0.5,0.5,0.5
50,13,-9.672582626342773,11.225025177001953,0.75,0.75,0.75
50,14,-18.105562210083008,8542.2626953125,0.0,0.0,0.5
50,15,-9.53106689453125,23.97525405883789,0.3333333432674408,0.6666666865348816,1.0
50,16,-6.247984409332275,22.736968994140625,0.5,0.5,1.0
50,17,-5.175520896911621,13.299952507019043,0.5,1.0,1.0
50,18,-3.9361844062805176,7.157010078430176,0.5,1.0,1.0
50,19,-8.07974624633789,14.77961254119873,0.3333333432674408,0.6666666865348816,1.0
50,20,-6.632622718811035,759.471435546875,0.0,0.0,1.0
50,21,-24.944419860839844,260982.828125,0.0,0.0,0.0
50,22,-25.606937408447266,24.553815841674805,0.25,0.625,0.875
50,23,-10.907901763916016,233.67958068847656,0.5,0.5,0.5
50,24,-6.237452507019043,22.617551803588867,0.5,0.5,1.0
50,25,-15.404297828674316,169.8245849609375,0.0,0.3333333432674408,1.0
50,26,-4.588387489318848,9.916437149047852,0.5,1.0,1.0
50,27,-7.125621795654297,35.262176513671875,0.0,1.0,1.0
50,28,-4.988699913024902,12.113856315612793,0.5,1.0,1.0
50,29,-7.890273094177246,51.68339538574219,0.0,1.0,1.0
50,30,-3.086620330810547,21.90292739868164,0.0,1.0,1.0
50,31,-8.863916397094727,4.381185531616211,0.5,1.0,1.0
50,32,-2.4375643730163574,2.2535831928253174,0.6666666865348816,1.0,1.0
50,33,-16.859004974365234,4580.220703125,0.0,0.0,0.5
50,34,-12.64263916015625,8.224409103393555,0.6666666865348816,0.8333333730697632,1.0
50,35,-5.878050804138184,18.897418975830078,0.5,0.5,1.0
50,36,-7.023568630218506,33.50800323486328,0.5,0.5,1.0
50,37,-12.300891876220703,4.653461933135986,0.75,0.875,1.0
50,38,-7.519554138183594,6.552774429321289,0.75,1.0,1.0
50,39,-13.457460403442383,836.0849609375,0.5,0.5,0.5
50,40,-16.075395584106445,3095.478759765625,0.0,0.5,0.5
50,41,-22.92981719970703,17.570602416992188,0.375,0.75,0.875
50,42,-5.580570697784424,6.424959659576416,1.0,1.0,1.0
50,43,-11.51860523223877,17.808063507080078,0.5,0.75,1.0
50,44,-18.391674041748047,99.27745056152344,0.0,0.5,0.75
50,45,-9.528278350830078,117.23016357421875,0.0,0.5,0.5
50,46,-9.58074951171875,24.3756160736084,0.6666666865348816,0.6666666865348816,0.6666666865348816
50,47,-9.357003211975098,22.623769760131836,0.6666666865348816,0.6666666865348816,0.6666666865348816
50,48,-13.51552677154541,9.512320518493652,0.3333333432674408,0.6666666865348816,1.0
50,49,-3.29168963432312,1.9315792322158813,0.800000011920929,1.0,1.0
50,50,-2.6377365589141846,3.739187002182007,0.5,1.0,1.0
50,51,-20.027652740478516,28.161113739013672,0.3333333432674408,0.6666666865348816,0.8333333730697632
50,52,-10.200631141662598,164.0736846923828,0.5,0.5,0.5
50,53,-7.985964775085449,14.324743270874023,0.3333333432674408,0.6666666865348816,1.0
50,54,-10.229528427124023,7.736161231994629,0.6000000238418579,0.800000011920929,1.0
50,55,-10.742681503295898,14.668030738830566,0.5,0.75,1.0
50,56,-12.395845413208008,62.299190521240234,0.0,0.6666666865348816,1.0
50,57,-9.71013069152832,11.330889701843262,0.5,0.75,1.0
50,58,-18.800294876098633,526.7705688476562,0.0,0.3333333432674408,0.3333333432674408
50,59,-6.319345951080322,8.219000816345215,0.6666666865348816,0.6666666865348816,1.0
50,60,-9.138941764831543,9.823086738586426,0.5,1.0,1.0
50,61,-12.328210830688477,475.3757019042969,0.0,0.5,0.5
50,62,-9.734227180480957,11.3993558883667,0.25,0.75,1.0
50,63,-6.014352798461914,20.230195999145508,0.5,0.5,1.0
50,64,-8.808884620666504,81.81350708007812,0.0,0.5,1.0
50,65,-16.320632934570312,3499.2939453125,0.0,0.0,0.5
50,66,-12.17592716217041,57.89565658569336,0.6666666865348816,0.6666666865348816,0.6666666865348816
50,67,-19.788658142089844,19817.666015625,0.0,0.0,0.5
50,68,-10.38398551940918,31.859272003173828,0.3333333432674408,0.6666666865348816,0.6666666865348816
50,69,-10.235028266906738,166.91990661621094,0.0,0.5,1.0
50,70,-15.836666107177734,52.41361999511719,0.0,0.75,0.75
50,71,-6.220739841461182,22.429338455200195,0.5,0.5,1.0
51,0,-6.143956184387207,21.584558486938477,0.5,1.0,1.0
51,1,-3.726755380630493,6.445470809936523,0.5,1.0,1.0
51,2,-8.935927391052246,19.661108016967773,0.6666666865348816,0.6666666865348816,0.6666666865348816
51,3,-17.89828872680664,7701.2998046875,0.0,0.0,0.0
51,4,-18.770057678222656,11908.7509765625,0.0,0.0,0.5
51,5,-13.59103775024414,92.7906494140625,0.3333333432674408,0.6666666865348816,0.6666666865348816
51,6,-31.57162857055664,192.8549041748047,0.5,0.6666666865348816,0.6666666865348816
51,7,-4.884011745452881,5.0936970710754395,0.3333333432674408,1.0,1.0
51,8,-29.779449462890625,1711.0496826171875,0.25,0.25,0.5
51,9,-17.576377868652344,350.3009948730469,0.0,0.3333333432674408,0.6666666865348816
51,10,-12.508659362792969,22.809221267700195,0.25,0.75,1.0
51,11,-15.36801528930664,8.983870506286621,0.4285714626312256,0.8571429252624512,0.8571429252624512
51,12,-12.62937068939209,552.6281127929688,0.5,0.5,0.5
51,13,-9.613510131835938,11.060470581054688,0.75,0.75,0.75
51,14,-18.21649742126465,9029.4677734375,0.0,0.0,0.5
51,15,-9.479959487915039,23.57027816772461,0.3333333432674408,0.6666666865348816,1.0
51,16,-6.191078186035156,22.099149703979492,0.5,0.5,1.0
51,17,-5.186743259429932,13.37479019165039,0.5,1.0,1.0
51,18,-3.8471455574035645,6.845372200012207,0.5,1.0,1.0
51,19,-7.964333534240723,14.22182559967041,0.3333333432674408,0.6666666865348816,1.0
51,20,-6.674889087677002,792.259521484375,0.0,0.0,1.0
51,21,-24.891006469726562,254105.09375,0.0,0.0,0.0
51,22,-25.53403091430664,24.33106231689453,0.25,0.625,0.875
51,23,-10.944073677062988,237.94435119628906,0.5,0.5,0.5
51,24,-6.224604606628418,22.47272300720215,0.5,0.5,1.0
51,25,-15.412508010864258,170.2899627685547,0.0,0.3333333432674408,1.0
51,26,-4.583588123321533,9.892669677734375,0.5,1.0,1.0
51,27,-7.123746871948242,35.2291374206543,0.0,1.0,1.0
51,28,-5.017862319946289,12.29178524017334,0.5,1.0,1.0
51,29,-7.870857238769531,51.18408203125,0.0,1.0,1.0
51,30,-3.066340208053589,21.46320915222168,0.0,1.0,1.0
51,31,-9.041950225830078,4.513133525848389,0.5,1.0,1.0
51,32,-2.429347038269043,2.2474188804626465,0.6666666865348816,1.0,1.0
51,33,-16.8528995513916,4566.26025390625,0.0,0.0,0.5
51,34,-12.623320579528809,8.197972297668457,0.6666666865348816,0.8333333730697632,1.0
51,35,-5.857322692871094,18.702577590942383,0.5,0.5,1.0
51,36,-7.05801248550415,34.09007263183594,0.5,0.5,1.0
51,37,-12.260114669799805,4.62980318069458,0.75,0.875,1.0
51,38,-7.435953617095947,6.417242050170898,0.75,1.0,1.0
51,39,-13.51626205444336,861.0313720703125,0.5,0.5,0.5
51,40,-16.13446807861328,3188.27099609375,0.0,0.5,0.5
51,41,-22.88479232788086,17.47199058532715,0.375,0.75,0.875
51,42,-5.632172584533691,6.536428451538086,0.6666666865348816,1.0,1.0
51,43,-11.559226989746094,17.98983383178711,0.5,0.75,1.0
51,44,-18.33733367919922,97.93788146972656,0.0,0.5,0.75
51,45,-9.454658508300781,112.9933853149414,0.0,0.5,0.5
51,46,-9.533175468444824,23.992111206054688,0.6666666865348816,0.6666666865348816,0.6666666865348816
51,47,-9.338454246520996,22.484315872192383,0.6666666865348816,0.6666666865348816,0.6666666865348816
51,48,-13.53088092803955,9.53669261932373,0.3333333432674408,0.6666666865348816,1.0
51,49,-3.276643991470337,1.9257756471633911,0.800000011920929,1.0,1.0
51,50,-2.640388011932373,3.744147777557373,0.5,1.0,1.0
51,51,-20.07166290283203,28.368432998657227,0.3333333432674408,0.6666666865348816,0.8333333730697632
51,52,-10.120241165161133,157.60951232910156,0.5,0.5,0.5
51,53,-7.937259674072266,14.094056129455566,0.3333333432674408,0.6666666865348816,1.0
51,54,-10.262310028076172,7.787049770355225,0.6000000238418579,0.800000011920929,1.0
51,55,-10.752714157104492,14.704867362976074,0.5,0.75,1.0
51,56,-12.439582824707031,63.2141227722168,0.0,0.6666666865348816,1.0
51,57,-9.707218170166016,11.322643280029297,0.5,0.75,1.0
51,58,-18.80377197265625,527.3812866210938,0.0,0.3333333432674408,0.3333333432674408
51,59,-6.340144157409668,8.276178359985352,0.6666666865348816,0.6666666865348816,1.0
51,60,-9.2108154296875,10.001187324523926,0.5,1.0,1.0
51,61,-12.390308380126953,490.3670349121094,0.0,0.5,0.5
51,62,-9.692607879638672,11.28136157989502,0.25,0.75,1.0
51,63,-6.034397602081299,20.43397331237793,0.5,0.5,1.0
51,64,-8.703353881835938,77.6084976196289,0.0,0.5,1.0
51,65,-16.425247192382812,3687.20361328125,0.0,0.0,0.5
51,66,-12.16441535949707,57.67393112182617,0.6666666865348816,0.6666666865348816,0.6666666865348816
51,67,-19.7997989654541,19928.3671875,0.0,0.0,0.5
51,68,-10.456377983093262,32.637413024902344,0.3333333432674408,0.6666666865348816,0.6666666865348816
51,69,-10.266332626342773,169.55311584472656,0.0,0.5,1.0
51,70,-15.791976928710938,51.831302642822266,0.0,0.75,0.75
51,71,-6.231367111206055,22.548839569091797,0.5,0.5,1.0
52,0,-6.114292621612549,21.266780853271484,0.5,1.0,1.0
52,1,-3.771942138671875,6.5927534103393555,0.5,1.0,1.0
52,2,-9.01718521118164,20.200925827026367,0.6666666865348816,0.6666666865348816,0.6666666865348816
52,3,-17.997879028320312,8094.4951171875,0.0,0.0,0.0
52,4,-18.765625,11882.3876953125,0.0,0.0,0.5
52,5,-13.619538307189941,93.67636108398438,0.3333333432674408,0.6666666865348816,0.6666666865348816
52,6,-31.401744842529297,187.47097778320312,0.5,0.6666666865348816,0.6666666865348816
52,7,-4.837520122528076,5.0153679847717285,0.3333333432674408,1.0,1.0
52,8,-29.770063400268555,1707.0394287109375,0.25,0.25,0.5
52,9,-17.634492874145508,357.1529846191406,0.0,0.3333333432674408,0.6666666865348816
52,10,-12.447591781616211,22.463638305664062,0.25,0.75,1.0
52,11,-15.393945693969727,9.017210960388184,0.4285714626312256,0.8571429252624512,0.8571429252624512
52,12,-12.53746223449707,527.8072509765625,0.5,0.5,0.5
52,13,-9.52209186553955,10.810555458068848,0.75,0.75,0.75
52,14,-18.1408748626709,8694.4267578125,0.0,0.0,0.5
52,15,-9.490493774414062,23.653186798095703,0.3333333432674408,0.6666666865348816,1.0
52,16,-6.200674057006836,22.205432891845703,0.5,0.5,1.0
52,17,-5.153833389282227,13.156510353088379,0.5,1.0,1.0
52,18,-3.8626868724823,6.898772716522217,0.5,1.0,1.0
52,19,-7.951170921325684,14.159565925598145,0.3333333432674408,0.6666666865348816,1.0
52,20,-6.672341823577881,790.2440185546875,0.0,0.0,1.0
52,21,-24.893863677978516,254468.375,0.0,0.0,0.0
52,22,-25.643407821655273,24.666004180908203,0.25,0.625,0.875
52,23,-10.944175720214844,237.9564971923828,0.5,0.5,0.5
52,24,-6.215883255004883,22.374940872192383,0.5,0.5,1.0
52,25,-15.5108003616333,175.9617462158203,0.0,0.3333333432674408,1.0
52,26,-4.567191123962402,9.811896324157715,0.5,1.0,1.0
52,27,-7.206395149230957,36.715450286865234,0.0,1.0,1.0
52,28,-4.919916152954102,11.704320907592773,0.5,1.0,1.0
52,29,-7.838452339172363,50.36145782470703,0.0,1.0,1.0
52,30,-3.1083984375,22.385164260864258,0.0,1.0,1.0
52,31,-9.154349327087402,4.598475933074951,0.5,1.0,1.0
52,32,-2.4635848999023438,2.27321457862854,0.6666666865348816,1.0,1.0
52,33,-16.849496841430664,4558.498046875,0.0,0.0,0.5
52,34,-12.653358459472656,8.239116668701172,0.6666666865348816,0.8333333730697632,1.0
52,35,-5.821077823638916,18.366695404052734,0.5,0.5,1.0
52,36,-7.074608325958252,34.37412643432617,0.5,0.5,1.0
52,37,-12.274118423461914,4.637914657592773,0.75,0.875,1.0
52,38,-7.45136833190918,6.442019462585449,0.75,1.0,1.0
52,39,-13.454428672790527,834.8184814453125,0.5,0.5,0.5
52,40,-16.048490524291992,3054.115478515625,0.0,0.5,0.5
52,41,-23.031055450439453,17.79436683654785,0.375,0.75,0.875
52,42,-5.611775875091553,6.492138862609863,1.0,1.0,1.0
52,43,-11.629121780395508,18.306943893432617,0.5,0.75,1.0
52,44,-18.392276763916016,99.29241180419922,0.0,0.5,0.75
52,45,-9.528043746948242,117.21641540527344,0.0,0.5,0.5
52,46,-9.77517318725586,26.007659912109375,0.6666666865348816,0.6666666865348816,0.6666666865348816
52,47,-9.438299179077148,23.245227813720703,0.6666666865348816,0.6666666865348816,0.6666666865348816
52,48,-13.460136413574219,9.424908638000488,0.3333333432674408,0.6666666865348816,1.0
52,49,-3.263676643371582,1.9207875728607178,0.800000011920929,1.0,1.0
52,50,-2.6091365814208984,3.6860973834991455,0.5,1.0,1.0
52,51,-20.12133026123047,28.60424041748047,0.3333333432674408,0.6666666865348816,0.8333333730697632
52,52,-10.022425651550293,150.08665466308594,0.5,0.5,0.5
52,53,-7.97359561920166,14.265803337097168,0.3333333432674408,0.6666666865348816,1.0
52,54,-10.196667671203613,7.68548583984375,0.6000000238418579,0.800000011920929,1.0
52,55,-10.695333480834961,14.495429039001465,0.5,0.75,1.0
52,56,-12.504739761352539,64.60208892822266,0.0,0.6666666865348816,1.0
52,57,-9.774003028869629,11.513276100158691,0.5,0.75,1.0
52,58,-18.82320785522461,530.8092041015625,0.0,0.3333333432674408,0.3333333432674408
52,59,-6.362473964691162,8.33800983428955,0.6666666865348816,0.6666666865348816,1.0
52,60,-9.182900428771973,9.931634902954102,0.5,1.0,1.0
52,61,-12.364889144897461,484.1741027832031,0.0,0.5,0.5
52,62,-9.737442016601562,11.408520698547363,0.25,0.75,1.0
52,63,-5.957982063293457,19.66796112060547,0.5,0.5,1.0
52,64,-8.659688949584961,75.93247985839844,0.0,0.5,1.0
52,65,-16.368389129638672,3583.85595703125,0.0,0.0,0.5
52,66,-12.225381851196289,58.85795974731445,0.6666666865348816,0.6666666865348816,0.6666666865348816
52,67,-19.87135887145996,20654.3125,0.0,0.0,0.5
52,68,-10.401176452636719,32.04236602783203,0.3333333432674408,0.6666666865348816,0.6666666865348816
52,69,-10.355439186096191,177.27809143066406,0.0,0.5,1.0
52,70,-15.818432807922363,52.17524337768555,0.0,0.75,0.75
52,71,-6.243067741394043,22.681142807006836,0.5,0.5,1.0
53,0,-6.176962375640869,21.943723678588867,0.5,0.5,1.0
53,1,-3.7373108863830566,6.479578971862793,0.5,1.0,1.0
53,2,-8.95291519165039,19.77275848388672,0.6666666865348816,0.6666666865348816,0.6666666865348816
53,3,-17.838964462280273,7476.2177734375,0.0,0.0,0.0
53,4,-18.833202362060547,12290.736328125,0.0,0.0,0.5
53,5,-13.661713600158691,95.00262451171875,0.3333333432674408,0.6666666865348816,0.6666666865348816
53,6,-31.62065887451172,194.43728637695312,0.5,0.6666666865348816,0.6666666865348816
53,7,-4.757288932800293,4.8830156326293945,0.3333333432674408,1.0,1.0
53,8,-29.731950759887695,1690.851806640625,0.25,0.25,0.5
53,9,-17.68230628967285,362.890869140625,0.0,0.3333333432674408,0.6666666865348816
53,10,-12.429763793945312,22.363740921020508,0.25,0.75,1.0
53,11,-15.366280555725098,8.981645584106445,0.4285714626312256,0.8571429252624512,0.8571429252624512
53,12,-12.66676139831543,563.056884765625,0.5,0.5,0.5
53,13,-9.508150100708008,10.772941589355469,0.75,0.75,0.75
53,14,-18.14752197265625,8723.37109375,0.0,0.0,0.5
53,15,-9.532894134521484,23.9898624420166,0.3333333432674408,0.6666666865348816,1.0
53,16,-6.153631210327148,21.689224243164062,0.5,0.5,1.0
53,17,-5.1082282066345215,12.859903335571289,0.5,1.0,1.0
53,18,-3.810279130935669,6.720345497131348,0.5,1.0,1.0
53,19,-8.034276962280273,14.557294845581055,0.3333333432674408,0.6666666865348816,1.0
53,20,-6.6642913818359375,783.9077758789062,0.0,0.0,1.0
53,21,-24.934818267822266,259732.921875,0.0,0.0,0.0
53,22,-25.535926818847656,24.33683204650879,0.25,0.625,0.875
53,23,-10.819182395935059,223.5402069091797,0.5,0.5,0.5
53,24,-6.212570667266846,22.33791160583496,0.5,0.5,1.0
53,25,-15.413851737976074,170.36622619628906,0.0,0.3333333432674408,1.0
53,26,-4.564249515533447,9.797475814819336,0.5,1.0,1.0
53,27,-7.160157680511475,35.87636947631836,0.0,1.0,1.0
53,28,-4.8938493728637695,11.552763938903809,0.5,1.0,1.0
53,29,-7.960084438323975,53.519290924072266,0.0,1.0,1.0
53,30,-3.1082828044891357,22.38257598876953,0.0,1.0,1.0
53,31,-9.093817710876465,4.552316665649414,0.5,1.0,1.0
53,32,-2.4154930114746094,2.2370641231536865,0.6666666865348816,1.0,1.0
53,33,-17.00718879699707,4932.46630859375,0.0,0.0,0.5
53,34,-12.635387420654297,8.214475631713867,0.6666666865348816,0.8333333730697632,1.0
53,35,-5.882153511047363,18.93622589111328,0.5,0.5,1.0
53,36,-7.079546928405762,34.459110260009766,0.5,0.5,1.0
53,37,-12.220285415649414,4.606810569763184,0.75,0.875,1.0
53,38,-7.438881874084473,6.421941757202148,0.75,1.0,1.0
53,39,-13.56552505493164,882.5032958984375,0.5,0.5,0.5
53,40,-16.07996940612793,3102.565673828125,0.0,0.5,0.5
53,41,-22.948198318481445,17.611019134521484,0.375,0.75,0.875
53,42,-5.687236785888672,6.657510757446289,0.6666666865348816,1.0,1.0
53,43,-11.623697280883789,18.282135009765625,0.5,0.75,1.0
53,44,-18.350765228271484,98.26730346679688,0.0,0.5,0.75
53,45,-9.52737045288086,117.17695617675781,0.0,0.5,0.5
53,46,-9.518204689025879,23.8726863861084,0.6666666865348816,0.6666666865348816,0.6666666865348816
53,47,-9.380857467651367,22.80437660217285,0.6666666865348816,0.6666666865348816,0.6666666865348816
53,48,-13.511190414428711,9.505448341369629,0.3333333432674408,0.6666666865348816,1.0
53,49,-3.2106781005859375,1.900535225868225,0.800000011920929,1.0,1.0
53,50,-2.6051669120788574,3.678788185119629,0.5,1.0,1.0
53,51,-20.065704345703125,28.34027862548828,0.3333333432674408,0.6666666865348816,0.8333333730697632
53,52,-10.127307891845703,158.16738891601562,0.5,0.5,0.5
53,53,-7.927888870239258,14.050101280212402,0.3333333432674408,0.6666666865348816,1.0
53,54,-10.112411499023438,7.557061672210693,0.6000000238418579,0.800000011920929,1.0
53,55,-10.811464309692383,14.922439575195312,0.5,0.75,1.0
53,56,-12.55450439453125,65.68265533447266,0.0,0.6666666865348816,1.0
53,57,-9.736194610595703,11.404963493347168,0.5,0.75,1.0
53,58,-18.727018356323242,514.059814453125,0.0,0.3333333432674408,0.3333333432674408
53,59,-6.329002380371094,8.245499610900879,0.6666666865348816,0.6666666865348816,1.0
53,60,-9.209735870361328,9.998488426208496,0.5,1.0,1.0
53,61,-12.411077499389648,495.4858093261719,0.0,0.5,0.5
53,62,-9.569923400878906,10.94060230255127,0.25,0.75,1.0
53,63,-5.966971397399902,19.756563186645508,0.5,0.5,1.0
53,64,-8.658367156982422,75.88230895996094,0.0,0.5,1.0
53,65,-16.403501510620117,3647.33056640625,0.0,0.0,0.5
53,66,-12.242671012878418,59.198143005371094,0.6666666865348816,0.6666666865348816,0.6666666865348816
53,67,-19.907167434692383,21027.443359375,0.0,0.0,0.5
53,68,-10.452109336853027,32.591007232666016,0.3333333432674408,0.6666666865348816,0.6666666865348816
53,69,-10.317577362060547,173.95361328125,0.0,0.5,1.0
53,70,-15.844361305236816,52.514549255371094,0.0,0.75,0.75
53,71,-6.291678428649902,23.23917007446289,0.5,0.5,1.0
54,0,-6.201623439788818,22.21597671508789,0.5,0.5,1.0
54,1,-3.7009103298187256,6.362714767456055,0.5,1.0,1.0
54,2,-8.936015129089355,19.661685943603516,0.6666666865348816,0.6666666865348816,0.6666666865348816
54,3,-18.007034301757812,8131.63427734375,0.0,0.0,0.0
54,4,-18.947893142700195,13016.1552734375,0.0,0.0,0.5
54,5,-13.604301452636719,93.20181274414062,0.3333333432674408,0.6666666865348816,0.6666666865348816
54,6,-31.680082321166992,196.37255859375,0.5,0.6666666865348816,0.6666666865348816
54,7,-4.744261264801025,4.861856937408447,0.3333333432674408,1.0,1.0
54,8,-29.6688289642334,1664.3787841796875,0.25,0.25,0.5
54,9,-17.67840003967285,362.4185791015625,0.0,0.3333333432674408,0.6666666865348816
54,10,-12.493043899536133,22.72035026550293,0.25,0.75,1.0
54,11,-15.325889587402344,8.929967880249023,0.4285714626312256,0.8571429252624512,0.8571429252624512
54,12,-12.66739559173584,563.2354736328125,0.5,0.5,0.5
54,13,-9.503425598144531,10.760225296020508,0.75,0.75,0.75
54,14,-18.116167068481445,8587.6767578125,0.0,0.0,0.5
54,15,-9.596661567687988,24.5052433013916,0.3333333432674408,0.6666666865348816,1.0
54,16,-6.1370954513549805,21.51064109802246,0.5,0.5,1.0
54,17,-5.1503753662109375,13.133781433105469,0.5,1.0,1.0
54,18,-3.7909655570983887,6.655761241912842,0.5,1.0,1.0
54,19,-7.965468883514404,14.227210998535156,0.3333333432674408,0.6666666865348816,1.0
54,20,-6.711416244506836,821.733642578125,0.0,0.0,1.0
54,21,-24.89792251586914,254985.3125,0.0,0.0,0.0
54,22,-25.514816284179688,24.272693634033203,0.25,0.625,0.875
54,23,-10.897361755371094,232.4513397216797,0.5,0.5,0.5
54,24,-6.209705829620361,22.305936813354492,0.5,0.5,1.0
54,25,-15.5252046585083,176.80870056152344,0.0,0.3333333432674408,1.0
54,26,-4.590430736541748,9.926573753356934,0.5,1.0,1.0
54,27,-7.157920837402344,35.83626937866211,0.0,1.0,1.0
54,28,-4.8451337814331055,11.274763107299805,0.5,1.0,1.0
54,29,-7.885493278503418,51.560020446777344,0.0,1.0,1.0
54,30,-3.105480194091797,22.319934844970703,0.0,1.0,1.0
54,31,-9.050835609436035,4.519821643829346,0.5,1.0,1.0
54,32,-2.465489387512207,2.274658203125,0.6666666865348816,1.0,1.0
54,33,-17.03864097595215,5010.64794921875,0.0,0.0,0.5
54,34,-12.71316909790039,8.321657180786133,0.6666666865348816,0.8333333730697632,1.0
54,35,-5.881638050079346,18.931344985961914,0.5,0.5,1.0
54,36,-7.086123466491699,34.572608947753906,0.5,0.5,1.0
54,37,-12.070649147033691,4.521442890167236,0.75,0.875,1.0
54,38,-7.363764762878418,6.302467346191406,0.75,1.0,1.0
54,39,-13.458547592163086,836.5394897460938,0.5,0.5,0.5
54,40,-16.095945358276367,3127.4482421875,0.0,0.5,0.5
54,41,-22.973480224609375,17.66676139831543,0.375,0.75,0.875
54,42,-5.572605609893799,6.407923698425293,0.6666666865348816,1.0,1.0
54,43,-11.610668182373047,18.222681045532227,0.5,0.75,1.0
54,44,-18.45909881591797,100.96508026123047,0.0,0.5,0.75
54,45,-9.577255249023438,120.13638305664062,0.0,0.5,0.5
54,46,-9.747867584228516,25.772016525268555,0.6666666865348816,0.6666666865348816,0.6666666865348816
54,47,-9.405817985534668,22.99490737915039,0.6666666865348816,0.6666666865348816,0.6666666865348816
54,48,-13.472450256347656,9.444271087646484,0.3333333432674408,0.6666666865348816,1.0
54,49,-3.129814386367798,1.8700456619262695,0.800000011920929,1.0,1.0
54,50,-2.611449718475342,3.6903629302978516,0.5,1.0,1.0
54,51,-20.124162673950195,28.617746353149414,0.3333333432674408,0.6666666865348816,0.8333333730697632
54,52,-10.120283126831055,157.61282348632812,0.5,0.5,0.5
54,53,-7.901395320892334,13.926568031311035,0.3333333432674408,0.6666666865348816,1.0
54,54,-10.111526489257812,7.555723190307617,0.6000000238418579,0.800000011920929,1.0
54,55,-10.807022094726562,14.905876159667969,0.5,0.75,1.0
54,56,-12.53387451171875,65.23251342773438,0.0,0.6666666865348816,1.0
54,57,-9.684610366821289,11.258829116821289,0.5,0.75,1.0
54,58,-18.787458419799805,524.521240234375,0.0,0.3333333432674408,0.3333333432674408
54,59,-6.357105255126953,8.323101997375488,0.6666666865348816,0.6666666865348816,1.0
54,60,-9.270369529724121,10.151204109191895,0.5,1.0,1.0
54,61,-12.43580436706543,501.6497497558594,0.0,0.5,0.5
54,62,-9.616199493408203,11.067910194396973,0.25,0.75,1.0
54,63,-6.00190544128418,20.10468101501465,0.5,0.5,1.0
54,64,-8.682291984558105,76.79549407958984,0.0,0.5,1.0
54,65,-16.43614387512207,3707.34765625,0.0,0.0,0.5
54,66,-12.329955101013184,60.945796966552734,0.6666666865348816,0.6666666865348816,0.6666666865348816
54,67,-19.905075073242188,21005.45703125,0.0,0.0,0.5
54,68,-10.40353775024414,32.06759262084961,0.3333333432674408,0.6666666865348816,0.6666666865348816
54,69,-10.354915618896484,177.231689453125,0.0,0.5,1.0
54,70,-15.88233470916748,53.015464782714844,0.0,0.75,0.75
54,71,-6.282602310180664,23.133949279785156,0.5,0.5,1.0
55,0,-6.171196937561035,21.880558013916016,0.5,0.5,1.0
55,1,-3.727844476699829,6.448982238769531,0.5,1.0,1.0
55,2,-8.921268463134766,19.565271377563477,0.6666666865348816,0.6666666865348816,0.6666666865348816
55,3,-17.971681594848633,7989.1591796875,0.0,0.0,0.0
55,4,-18.956195831298828,13070.3017578125,0.0,0.0,0.5
55,5,-13.726181030273438,97.06623840332031,0.3333333432674408,0.6666666865348816,0.6666666865348816
55,6,-31.616586685180664,194.30540466308594,0.5,0.6666666865348816,0.6666666865348816
55,7,-4.808311462402344,4.966773509979248,0.3333333432674408,1.0,1.0
55,8,-29.70490074157715,1679.4559326171875,0.25,0.25,0.5
55,9,-17.741525650024414,370.1253662109375,0.0,0.3333333432674408,0.6666666865348816
55,10,-12.403830528259277,22.219219207763672,0.25,0.75,1.0
55,11,-15.475104331970215,9.122365951538086,0.4285714626312256,0.8571429252624512,0.8571429252624512
55,12,-12.670974731445312,564.2443237304688,0.5,0.5,0.5
55,13,-9.454154968261719,10.628496170043945,0.75,0.75,0.75
55,14,-18.13558578491211,8671.4638671875,0.0,0.0,0.5
55,15,-9.580315589904785,24.372089385986328,0.3333333432674408,0.6666666865348816,1.0
55,16,-6.093550682067871,21.047365188598633,0.5,0.5,1.0
55,17,-5.096542835235596,12.784984588623047,0.5,1.0,1.0
55,18,-3.746931552886963,6.510822296142578,0.5,1.0,1.0
55,19,-7.962704181671143,14.214103698730469,0.3333333432674408,0.6666666865348816,1.0
55,20,-6.720691204071045,829.390625,0.0,0.0,1.0
55,21,-25.05841064453125,276289.75,0.0,0.0,0.0
55,22,-25.4539794921875,24.08881187438965,0.25,0.625,0.875
55,23,-10.912882804870605,234.26229858398438,0.5,0.5,0.5
55,24,-6.197512149810791,22.17035484313965,0.5,0.5,1.0
55,25,-15.551811218261719,178.38372802734375,0.0,0.3333333432674408,1.0
55,26,-4.596879959106445,9.958634376525879,0.5,1.0,1.0
55,27,-7.163196563720703,35.93092346191406,0.0,1.0,1.0
55,28,-4.861979007720947,11.37012767791748,0.5,1.0,1.0
55,29,-8.077352523803711,56.75116729736328,0.0,1.0,1.0
55,30,-3.1340394020080566,22.966564178466797,0.0,1.0,1.0
55,31,-9.112948417663574,4.566854953765869,0.5,1.0,1.0
55,32,-2.441802740097046,2.2567691802978516,0.6666666865348816,1.0,1.0
55,33,-17.028034210205078,4984.14453125,0.0,0.0,0.5
55,34,-12.599140167236328,8.164999008178711,0.6666666865348816,0.8333333730697632,1.0
55,35,-5.906339645385742,19.16661262512207,0.5,0.5,1.0
55,36,-7.144564628601074,35.597747802734375,0.5,0.5,1.0
55,37,-12.171441078186035,4.578768730163574,0.75,0.875,1.0
55,38,-7.399342060089111,6.358773708343506,0.75,1.0,1.0
55,39,-13.410096168518066,816.5172729492188,0.5,0.5,0.5
55,40,-16.121702194213867,3167.9853515625,0.0,0.5,0.5
55,41,-22.926555633544922,17.563440322875977,0.375,0.75,0.875
55,42,-5.6608686447143555,6.5992512702941895,0.6666666865348816,1.0,1.0
55,43,-11.714658737182617,18.702640533447266,0.5,0.75,1.0
55,44,-18.527938842773438,102.71773529052734,0.0,0.5,0.75
55,45,-9.528327941894531,117.23306274414062,0.0,0.5,0.5
55,46,-9.657283782958984,25.005468368530273,0.6666666865348816,0.6666666865348816,0.6666666865348816
55,47,-9.366453170776367,22.695146560668945,0.6666666865348816,0.6666666865348816,0.6666666865348816
55,48,-13.41423225402832,9.353076934814453,0.3333333432674408,0.6666666865348816,1.0
55,49,-3.109001636505127,1.862277626991272,0.800000011920929,1.0,1.0
55,50,-2.5848076343536377,3.6415295600891113,0.5,1.0,1.0
55,51,-20.051301956176758,28.2723331451416,0.3333333432674408,0.6666666865348816,0.8333333730697632
55,52,-10.157556533813477,160.5777587890625,0.5,0.5,0.5
55,53,-7.8933587074279785,13.889309883117676,0.3333333432674408,0.6666666865348816,1.0
55,54,-10.228001594543457,7.733800888061523,0.6000000238418579,0.800000011920929,1.0
55,55,-10.793889045715332,14.857016563415527,0.5,0.75,1.0
55,56,-12.517510414123535,64.8776626586914,0.0,0.6666666865348816,1.0
55,57,-9.685800552368164,11.262179374694824,0.5,0.75,1.0
55,58,-18.765321731567383,520.665283203125,0.0,0.3333333432674408,0.3333333432674408
55,59,-6.329792022705078,8.24767017364502,0.6666666865348816,0.6666666865348816,1.0
55,60,-9.153989791870117,9.860111236572266,0.5,1.0,1.0
55,61,-12.409439086914062,495.080078125,0.0,0.5,0.5
55,62,-9.585203170776367,10.982475280761719,0.25,0.75,1.0
55,63,-6.033034324645996,20.420047760009766,0.5,0.5,1.0
55,64,-8.671113967895508,76.36748504638672,0.0,0.5,1.0
55,65,-16.41543960571289,3669.16650390625,0.0,0.0,0.5
55,66,-12.398985862731934,62.36442947387695,0.6666666865348816,0.6666666865348816,0.6666666865348816
55,67,-19.92804718017578,21248.1171875,0.0,0.0,0.5
55,68,-10.43668270111084,32.42384719848633,0.3333333432674408,0.6666666865348816,0.6666666865348816
55,69,-10.344045639038086,176.27102661132812,0.0,0.5,1.0
55,70,-15.973540306091309,54.23817825317383,0.0,0.75,0.75
55,71,-6.170955657958984,21.877918243408203,0.5,0.5,1.0
56,0,-6.199947357177734,22.19736671447754,0.5,0.5,1.0
56,1,-3.7128708362579346,6.400879859924316,0.5,1.0,1.0
56,2,-8.934268951416016,19.650239944458008,0.6666666865348816,0.6666666865348816,0.6666666865348816
56,3,-17.95854949951172,7936.8740234375,0.0,0.0,0.0
56,4,-18.977354049682617,13209.30859375,0.0,0.0,0.5
56,5,-13.591170310974121,92.79476928710938,0.3333333432674408,0.6666666865348816,0.6666666865348816
56,6,-31.685726165771484,196.557373046875,0.5,0.6666666865348816,0.6666666865348816
56,7,-4.7338643074035645,4.845036506652832,0.3333333432674408,1.0,1.0
56,8,-29.651180267333984,1657.0513916015625,0.25,0.25,0.5
56,9,-17.6612548828125,360.35333251953125,0.0,0.3333333432674408,0.6666666865348816
56,10,-12.363749504089355,21.99768829345703,0.25,0.75,1.0
56,11,-15.438687324523926,9.075031280517578,0.4285714626312256,0.8571429252624512,0.8571429252624512
56,12,-12.529979705810547,525.8362426757812,0.5,0.5,0.5
56,13,-9.428557395935059,10.560697555541992,0.75,0.75,0.75
56,14,-18.112171173095703,8570.5361328125,0.0,0.0,0.5
56,15,-9.60966682434082,24.61170768737793,0.3333333432674408,0.6666666865348816,0.6666666865348816
56,16,-6.099144458770752,21.106313705444336,0.5,0.5,1.0
56,17,-5.141056060791016,13.072725296020508,0.5,1.0,1.0
56,18,-3.7334256172180176,6.467003345489502,0.5,1.0,1.0
56,19,-7.977460861206055,14.284195899963379,0.3333333432674408,0.6666666865348816,1.0
56,20,-6.709388732910156,820.0692138671875,0.0,0.0,1.0
56,21,-25.020267486572266,271070.375,0.0,0.0,0.0
56,22,-25.535785675048828,24.336400985717773,0.25,0.625,0.875
56,23,-10.856609344482422,227.76280212402344,0.5,0.5,0.5
56,24,-6.222456932067871,22.448606491088867,0.5,0.5,1.0
56,25,-15.499897003173828,175.32337951660156,0.0,0.3333333432674408,1.0
56,26,-4.610353469848633,10.02595043182373,0.5,1.0,1.0
56,27,-7.242916107177734,37.39204788208008,0.0,1.0,1.0
56,28,-4.854832649230957,11.329571723937988,0.5,1.0,1.0
56,29,-8.022148132324219,55.20613479614258,0.0,1.0,1.0
56,30,-3.1703250408172607,23.815223693847656,0.0,1.0,1.0
56,31,-9.151415824890137,4.59622859954834,0.5,1.0,1.0
56,32,-2.4031453132629395,2.2278754711151123,0.6666666865348816,1.0,1.0
56,33,-17.050676345825195,5040.89111328125,0.0,0.0,0.5
56,34,-12.581388473510742,8.140877723693848,0.6666666865348816,0.8333333730697632,1.0
56,35,-5.9328765869140625,19.422618865966797,0.5,0.5,1.0
56,36,-7.154618263244629,35.777137756347656,0.5,0.5,1.0
56,37,-12.132060050964355,4.5562849044799805,0.75,0.875,1.0
56,38,-7.305853366851807,6.211878299713135,0.75,1.0,1.0
56,39,-13.407289505004883,815.3721923828125,0.5,0.5,0.5
56,40,-16.212112426757812,3314.480712890625,0.0,0.5,0.5
56,41,-22.816650390625,17.323801040649414,0.375,0.75,0.875
56,42,-5.608642578125,6.485361099243164,0.6666666865348816,1.0,1.0
56,43,-11.688653945922852,18.581445693969727,0.5,0.75,1.0
56,44,-18.527015686035156,102.69402313232422,0.0,0.5,0.75
56,45,-9.4886474609375,114.93006134033203,0.0,0.5,0.5
56,46,-9.702274322509766,25.38330078125,0.6666666865348816,0.6666666865348816,0.6666666865348816
56,47,-9.384053230285645,22.82868194580078,0.6666666865348816,0.6666666865348816,0.6666666865348816
56,48,-13.465349197387695,9.433099746704102,0.3333333432674408,0.6666666865348816,1.0
56,49,-3.0827255249023438,1.8525166511535645,0.800000011920929,1.0,1.0
56,50,-2.5655503273010254,3.6066348552703857,0.5,1.0,1.0
56,51,-20.036415100097656,28.202266693115234,0.3333333432674408,0.6666666865348816,0.8333333730697632
56,52,-10.108532905578613,156.68954467773438,0.5,0.5,0.5
56,53,-7.942518711090088,14.118785858154297,0.3333333432674408,0.6666666865348816,1.0
56,54,-10.165912628173828,7.638357639312744,0.6000000238418579,0.800000011920929,1.0
56,55,-10.700604438781738,14.514543533325195,0.5,0.75,1.0
56,56,-12.51556396484375,64.8355712890625,0.0,0.6666666865348816,1.0
56,57,-9.749166488647461,11.442009925842285,0.5,0.75,1.0
56,58,-18.73717498779297,515.8031616210938,0.0,0.3333333432674408,0.3333333432674408
56,59,-6.40487813949585,8.456704139709473,0.6666666865348816,0.6666666865348816,1.0
56,60,-9.185483932495117,9.938051223754883,0.5,1.0,1.0
56,61,-12.451384544372559,505.5729064941406,0.0,0.5,0.5
56,62,-9.58542251586914,10.983076095581055,0.25,0.75,1.0
56,63,-5.970825672149658,19.7946720123291,0.5,0.5,1.0
56,64,-8.623454093933105,74.56916046142578,0.0,0.5,1.0
56,65,-16.392702102661133,3627.68896484375,0.0,0.0,0.5
56,66,-12.444070816040039,63.308753967285156,0.6666666865348816,0.6666666865348816,0.6666666865348816
56,67,-19.991676330566406,21934.986328125,0.0,0.0,0.5
56,68,-10.314726829528809,31.132184982299805,0.3333333432674408,0.6666666865348816,0.6666666865348816
56,69,-10.35732364654541,177.4451904296875,0.0,0.5,1.0
56,70,-15.957710266113281,54.023956298828125,0.0,0.75,0.75
56,71,-6.172764301300049,21.8977108001709,0.5,0.5,1.0
57,0,-6.184886932373047,22.03084373474121,0.5,0.5,1.0
57,1,-3.7592480182647705,6.551041603088379,0.5,1.0,1.0
57,2,-8.941643714904785,19.698606491088867,0.6666666865348816,0.6666666865348816,0.6666666865348816
57,3,-17.986495971679688,8048.55615234375,0.0,0.0,0.0
57,4,-18.869970321655273,12518.779296875,0.0,0.0,0.5
57,5,-13.68040657043457,95.59642028808594,0.3333333432674408,0.6666666865348816,0.6666666865348816
57,6,-31.784029006958008,199.80422973632812,0.5,0.6666666865348816,0.6666666865348816
57,7,-4.73014497756958,4.839033603668213,0.3333333432674408,1.0,1.0
57,8,-29.68959617614746,1673.0423583984375,0.25,0.25,0.5
57,9,-17.88967514038086,388.8621520996094,0.0,0.3333333432674408,0.6666666865348816
57,10,-12.485631942749023,22.678287506103516,0.25,0.75,1.0
57,11,-15.459482192993164,9.102030754089355,0.4285714626312256,0.8571429252624512,0.8571429252624512
57,12,-12.49623966217041,517.039794921875,0.5,0.5,0.5
57,13,-9.407303810119629,10.504733085632324,0.75,0.75,0.75
57,14,-18.110368728637695,8562.8154296875,0.0,0.0,0.5
57,15,-9.628830909729004,24.76943016052246,0.3333333432674408,0.6666666865348816,0.6666666865348816
57,16,-6.061822414398193,20.716100692749023,0.5,0.5,1.0
57,17,-5.094415664672852,12.771394729614258,0.5,1.0,1.0
57,18,-3.761622190475464,6.5588226318359375,0.5,1.0,1.0
57,19,-7.902955532073975,13.933815002441406,0.3333333432674408,0.6666666865348816,1.0
57,20,-6.707093238830566,818.1889038085938,0.0,0.0,1.0
57,21,-24.955013275146484,262368.875,0.0,0.0,0.0
57,22,-25.45218849182129,24.083417892456055,0.25,0.625,0.875
57,23,-10.84249210357666,226.16075134277344,0.5,0.5,0.5
57,24,-6.239189147949219,22.63719940185547,0.5,0.5,1.0
57,25,-15.434329986572266,171.533203125,0.0,0.3333333432674408,1.0
57,26,-4.675230503082275,10.3565092086792,0.5,1.0,1.0
57,27,-7.237969398498535,37.299678802490234,0.0,1.0,1.0
57,28,-4.831099033355713,11.195920944213867,0.5,1.0,1.0
57,29,-8.171842575073242,59.49672317504883,0.0,0.5,1.0
57,30,-3.1440813541412354,23.198354721069336,0.0,1.0,1.0
57,31,-9.131290435791016,4.580836772918701,0.5,1.0,1.0
57,32,-2.4083456993103027,2.231740713119507,0.6666666865348816,1.0,1.0
57,33,-17.055007934570312,5051.8203125,0.0,0.0,0.5
57,34,-12.566359519958496,8.120512008666992,0.6666666865348816,0.8333333730697632,1.0
57,35,-5.963473796844482,19.722042083740234,0.5,0.5,1.0
57,36,-7.126152992248535,35.271541595458984,0.5,0.5,1.0
57,37,-12.08203125,4.5278801918029785,0.75,0.875,1.0
57,38,-7.312919616699219,6.222862243652344,0.75,1.0,1.0
57,39,-13.359662055969238,796.1845703125,0.5,0.5,0.5
57,40,-16.19233512878418,3281.86669921875,0.0,0.5,0.5
57,41,-22.92597198486328,17.562158584594727,0.375,0.75,0.875
57,42,-5.569876194000244,6.402096271514893,0.6666666865348816,1.0,1.0
57,43,-11.703727722167969,18.651599884033203,0.5,0.75,1.0
57,44,-18.547197341918945,103.21346282958984,0.0,0.5,0.75
57,45,-9.456731796264648,113.11058044433594,0.0,0.5,0.5
57,46,-9.717920303344727,25.516023635864258,0.6666666865348816,0.6666666865348816,0.6666666865348816
57,47,-9.318316459655762,22.33389663696289,0.6666666865348816,0.6666666865348816,0.6666666865348816
57,48,-13.467689514160156,9.436779975891113,0.3333333432674408,0.6666666865348816,1.0
57,49,-3.090261459350586,1.8553109169006348,0.800000011920929,1.0,1.0
57,50,-2.6102569103240967,3.6881625652313232,0.5,1.0,1.0
57,51,-20.00979232788086,28.07741355895996,0.3333333432674408,0.6666666865348816,0.8333333730697632
57,52,-10.174324989318848,161.9297332763672,0.5,0.5,0.5
57,53,-7.878512382507324,13.820747375488281,0.3333333432674408,0.6666666865348816,1.0
57,54,-10.178616523742676,7.6577887535095215,0.6000000238418579,0.800000011920929,1.0
57,55,-10.778976440429688,14.80173110961914,0.5,0.75,1.0
57,56,-12.576236724853516,66.16019439697266,0.0,0.6666666865348816,1.0
57,57,-9.652902603149414,11.169933319091797,0.5,0.75,1.0
57,58,-18.859554290771484,537.279296875,0.0,0.3333333432674408,0.3333333432674408
57,59,-6.426667213439941,8.51834774017334,0.6666666865348816,0.6666666865348816,1.0
57,60,-9.248091697692871,10.09482479095459,0.5,1.0,1.0
57,61,-12.504868507385254,519.2753295898438,0.0,0.5,0.5
57,62,-9.524242401123047,10.81636905670166,0.25,0.75,1.0
57,63,-5.985762119293213,19.943056106567383,0.5,0.5,1.0
57,64,-8.574377059936523,72.76161193847656,0.0,0.5,1.0
57,65,-16.382343292236328,3608.947998046875,0.0,0.0,0.5
57,66,-12.473043441772461,63.92311477661133,0.6666666865348816,0.6666666865348816,0.6666666865348816
57,67,-20.079557418823242,22920.30859375,0.0,0.0,0.5
57,68,-10.421762466430664,32.26299285888672,0.3333333432674408,0.6666666865348816,0.6666666865348816
57,69,-10.332601547241211,175.26528930664062,0.0,0.5,1.0
57,70,-16.073225021362305,55.606842041015625,0.0,0.75,0.75
57,71,-6.160390377044678,21.762649536132812,0.5,0.5,1.0
58,0,-6.220911026000977,22.431259155273438,0.5,0.5,1.0
58,1,-3.6822547912597656,6.303641319274902,0.5,1.0,1.0
58,2,-8.908041000366211,19.47919464111328,0.6666666865348816,0.6666666865348816,0.6666666865348816
58,3,-17.85710906982422,7544.3525390625,0.0,0.0,0.0
58,4,-18.75939178466797,11845.412109375,0.0,0.0,0.5
58,5,-13.616460800170898,93.58032989501953,0.3333333432674408,0.6666666865348816,0.6666666865348816
58,6,-31.807296752929688,200.58058166503906,0.5,0.6666666865348816,0.6666666865348816
58,7,-4.7119879722595215,4.8098344802856445,0.3333333432674408,1.0,1.0
58,8,-29.703760147094727,1678.9771728515625,0.25,0.25,0.5
58,9,-17.82396125793457,380.43695068359375,0.0,0.3333333432674408,0.6666666865348816
58,10,-12.465559005737305,22.564769744873047,0.25,0.75,1.0
58,11,-15.371374130249023,8.98818302154541,0.4285714626312256,0.8571429252624512,0.8571429252624512
58,12,-12.582709312438965,539.8842163085938,0.5,0.5,0.5
58,13,-9.373678207397461,10.416796684265137,0.75,0.75,0.75
58,14,-18.137798309326172,8681.0625,0.0,0.0,0.5
58,15,-9.628080368041992,24.763235092163086,0.3333333432674408,0.6666666865348816,0.6666666865348816
58,16,-6.048821926116943,20.581878662109375,0.5,0.5,1.0
58,17,-5.0345587730407715,12.394828796386719,0.5,1.0,1.0
58,18,-3.7393245697021484,6.486105918884277,0.5,1.0,1.0
58,19,-7.952541351318359,14.166034698486328,0.3333333432674408,0.6666666865348816,1.0
58,20,-6.739833354949951,845.4197998046875,0.0,0.0,1.0
58,21,-25.02435874938965,271625.4375,0.0,0.0,0.0
58,22,-25.482324600219727,24.1743106842041,0.25,0.625,0.875
58,23,-10.86083698272705,228.2447509765625,0.5,0.5,0.5
58,24,-6.231678009033203,22.552343368530273,0.5,0.5,1.0
58,25,-15.416939735412598,170.5417022705078,0.0,0.3333333432674408,1.0
58,26,-4.69855260848999,10.477984428405762,0.5,1.0,1.0
58,27,-7.212346076965332,36.82485580444336,0.0,1.0,1.0
58,28,-4.814722537994385,11.104619979858398,0.5,1.0,1.0
58,29,-8.077091217041016,56.74375534057617,0.0,0.5,1.0
58,30,-3.1599977016448975,23.57054328918457,0.0,1.0,1.0
58,31,-9.194657325744629,4.629472732543945,0.5,1.0,1.0
58,32,-2.386420488357544,2.2154898643493652,0.6666666865348816,1.0,1.0
58,33,-17.119815826416016,5218.20068359375,0.0,0.0,0.5
58,34,-12.6317138671875,8.209447860717773,0.6666666865348816,0.8333333730697632,1.0
58,35,-5.912256240844727,19.223398208618164,0.5,0.5,1.0
58,36,-7.1577067375183105,35.83243179321289,0.5,0.5,1.0
58,37,-12.093484878540039,4.534367561340332,0.75,0.875,1.0
58,38,-7.22438907623291,6.086646556854248,0.75,1.0,1.0
58,39,-13.36479377746582,798.2300415039062,0.5,0.5,0.5
58,40,-16.115942001342773,3158.874267578125,0.0,0.5,0.5
58,41,-22.700939178466797,17.07503318786621,0.375,0.75,0.875
58,42,-5.664838790893555,6.607990741729736,0.6666666865348816,1.0,1.0
58,43,-11.814533233642578,19.17549705505371,0.5,0.75,1.0
58,44,-18.61977767944336,105.10337829589844,0.0,0.5,0.75
58,45,-9.507368087768555,116.0108871459961,0.0,0.5,0.5
58,46,-9.63148307800293,24.791337966918945,0.6666666865348816,0.6666666865348816,0.6666666865348816
58,47,-9.370231628417969,22.72374725341797,0.6666666865348816,0.6666666865348816,0.6666666865348816
58,48,-13.450780868530273,9.410223960876465,0.3333333432674408,0.6666666865348816,1.0
58,49,-3.0506439208984375,1.8406683206558228,0.800000011920929,1.0,1.0
58,50,-2.5790584087371826,3.6310765743255615,0.5,1.0,1.0
58,51,-20.021343231201172,28.131515502929688,0.3333333432674408,0.6666666865348816,0.8333333730697632
58,52,-10.125147819519043,157.99667358398438,0.5,0.5,0.5
58,53,-7.801507472991943,13.470504760742188,0.3333333432674408,0.6666666865348816,1.0
58,54,-10.074409484863281,7.499841213226318,0.6000000238418579,0.800000011920929,1.0
58,55,-10.853403091430664,15.079719543457031,0.5,0.75,1.0
58,56,-12.543951034545898,65.45198822021484,0.0,0.6666666865348816,1.0
58,57,-9.535726547241211,10.847467422485352,0.5,0.75,1.0
58,58,-18.833419799804688,532.6192016601562,0.0,0.3333333432674408,0.3333333432674408
58,59,-6.382650375366211,8.39427661895752,0.6666666865348816,0.6666666865348816,1.0
58,60,-9.228523254394531,10.045560836791992,0.5,1.0,1.0
58,61,-12.443215370178223,503.5120544433594,0.0,0.5,0.5
58,62,-9.63585090637207,11.122417449951172,0.25,0.75,1.0
58,63,-6.003380298614502,20.11951446533203,0.5,0.5,1.0
58,64,-8.534198760986328,71.3144760131836,0.0,0.5,1.0
58,65,-16.410093307495117,3659.371337890625,0.0,0.0,0.5
58,66,-12.527374267578125,65.09132385253906,0.6666666865348816,0.6666666865348816,0.6666666865348816
58,67,-19.97678565979004,21772.279296875,0.0,0.0,0.5
58,68,-10.435909271240234,32.41549301147461,0.3333333432674408,0.6666666865348816,0.6666666865348816
58,69,-10.322389602661133,174.3726806640625,0.0,0.5,1.0
58,70,-16.023591995239258,54.921119689941406,0.0,0.75,0.75
58,71,-6.214260578155518,22.356794357299805,0.5,0.5,1.0
59,0,-6.22248649597168,22.448936462402344,0.5,0.5,1.0
59,1,-3.7161636352539062,6.411427021026611,0.5,1.0,1.0
59,2,-8.965008735656738,19.85262680053711,0.6666666865348816,0.6666666865348816,0.6666666865348816
59,3,-17.960119247436523,7943.10595703125,0.0,0.0,0.0
59,4,-18.85532569885254,12427.4482421875,0.0,0.0,0.5
59,5,-13.604328155517578,93.2026596069336,0.3333333432674408,0.6666666865348816,0.6666666865348816
59,6,-31.845067977905273,201.84727478027344,0.5,0.6666666865348816,0.6666666865348816
59,7,-4.775757789611816,4.9131693840026855,0.3333333432674408,1.0,1.0
59,8,-29.688634872436523,1672.6402587890625,0.25,0.25,0.5
59,9,-17.7567195892334,372.0047912597656,0.0,0.3333333432674408,0.6666666865348816
59,10,-12.410455703735352,22.25605010986328,0.25,0.75,1.0
59,11,-15.551887512207031,9.222981452941895,0.4285714626312256,0.8571429252624512,0.8571429252624512
59,12,-12.494522094726562,516.595947265625,0.5,0.5,0.5
59,13,-9.344331741333008,10.340652465820312,0.75,0.75,0.75
59,14,-18.06032371520996,8351.2109375,0.0,0.0,0.5
59,15,-9.717827796936035,25.515239715576172,0.3333333432674408,0.6666666865348816,0.6666666865348816
59,16,-6.0530595779418945,20.625534057617188,0.5,0.5,1.0
59,17,-5.047931671142578,12.477984428405762,0.5,1.0,1.0
59,18,-3.7907116413116455,6.654915809631348,0.5,1.0,1.0
59,19,-7.918262958526611,14.00509262084961,0.3333333432674408,0.6666666865348816,1.0
59,20,-6.754384994506836,857.81201171875,0.0,0.0,0.0
59,21,-25.028032302856445,272124.8125,0.0,0.0,0.0
59,22,-25.44986915588379,24.076438903808594,0.25,0.625,0.875
59,23,-10.928590774536133,236.10943603515625,0.5,0.5,0.5
59,24,-6.1989569664001465,22.186376571655273,0.5,0.5,1.0
59,25,-15.543011665344238,177.86129760742188,0.0,0.3333333432674408,1.0
59,26,-4.674701690673828,10.353772163391113,0.5,1.0,1.0
59,27,-7.2336883544921875,37.21992111206055,0.0,1.0,1.0
59,28,-4.8139848709106445,11.10052490234375,0.5,1.0,1.0
59,29,-8.150012969970703,58.850860595703125,0.0,0.5,1.0
59,30,-3.1588656902313232,23.543874740600586,0.0,1.0,1.0
59,31,-9.106880187988281,4.5622382164001465,0.5,1.0,1.0
59,32,-2.400289535522461,2.2257556915283203,0.6666666865348816,1.0,1.0
59,33,-17.162038803100586,5329.53564453125,0.0,0.0,0.5
59,34,-12.584257125854492,8.144770622253418,0.6666666865348816,0.8333333730697632,1.0
59,35,-6.0094451904296875,20.18061637878418,0.5,0.5,1.0
59,36,-7.196817398071289,36.540042877197266,0.5,0.5,1.0
59,37,-11.99771785736084,4.480410575866699,0.75,0.875,1.0
59,38,-7.238711833953857,6.108479976654053,0.75,1.0,1.0
59,39,-13.399354934692383,812.143798828125,0.5,0.5,0.5
59,40,-16.116708755493164,3160.085693359375,0.0,0.5,0.5
59,41,-22.738727569580078,17.155879974365234,0.375,0.75,0.875
59,42,-5.590401649475098,6.446048259735107,0.6666666865348816,1.0,1.0
59,43,-11.810373306274414,19.15556526184082,0.5,0.75,1.0
59,44,-18.612281799316406,104.90660858154297,0.0,0.5,0.75
59,45,-9.511273384094238,116.23764038085938,0.0,0.5,0.5
59,46,-9.759014129638672,25.867952346801758,0.6666666865348816,0.6666666865348816,0.6666666865348816
59,47,-9.363436698913574,22.67233657836914,0.6666666865348816,0.6666666865348816,0.6666666865348816
59,48,-13.456071853637695,9.418526649475098,0.3333333432674408,0.6666666865348816,1.0
59,49,-3.080609083175659,1.8517327308654785,0.800000011920929,1.0,1.0
59,50,-2.5938501358032227,3.6580309867858887,0.5,1.0,1.0
59,51,-20.05112075805664,28.271474838256836,0.3333333432674408,0.6666666865348816,0.8333333730697632
59,52,-10.169839859008789,161.56700134277344,0.5,0.5,0.5
59,53,-7.9388604164123535,14.101577758789062,0.3333333432674408,0.6666666865348816,1.0
59,54,-10.034441947937012,7.440130710601807,0.6000000238418579,0.800000011920929,1.0
59,55,-10.897052764892578,15.245176315307617,0.5,0.75,1.0
59,56,-12.578938484191895,66.21978759765625,0.0,0.6666666865348816,1.0
59,57,-9.625961303710938,11.094953536987305,0.5,0.75,1.0
59,58,-18.700037002563477,509.4570007324219,0.0,0.3333333432674408,0.3333333432674408
59,59,-6.366589546203613,8.349456787109375,0.6666666865348816,0.6666666865348816,1.0
59,60,-9.141069412231445,9.828313827514648,0.5,1.0,1.0
59,61,-12.515917778015137,522.152099609375,0.0,0.5,0.5
59,62,-9.599246978759766,11.021101951599121,0.25,0.75,1.0
59,63,-6.003796577453613,20.123701095581055,0.5,0.5,1.0
59,64,-8.566343307495117,72.46992492675781,0.0,0.5,1.0
59,65,-16.361072540283203,3570.769287109375,0.0,0.0,0.5
59,66,-12.507375717163086,64.65885925292969,0.6666666865348816,0.6666666865348816,0.6666666865348816
59,67,-19.97189712524414,21719.126953125,0.0,0.0,0.5
59,68,-10.403410911560059,32.06623840332031,0.3333333432674408,0.6666666865348816,0.6666666865348816
59,69,-10.339555740356445,175.87576293945312,0.0,0.5,1.0
59,70,-16.122804641723633,56.30037307739258,0.0,0.75,0.75
59,71,-6.163219451904297,21.79345703125,0.5,0.5,1.0
60,0,-6.272805690765381,23.02090835571289,0.5,0.5,1.0
60,1,-3.68821382522583,6.322450637817383,0.5,1.0,1.0
60,2,-8.912981033325195,19.51129913330078,0.6666666865348816,0.6666666865348816,0.6666666865348816
60,3,-17.706737518310547,6997.92333984375,0.0,0.0,0.0
60,4,-19.044879913330078,13662.908203125,0.0,0.0,0.5
60,5,-13.639405250549316,94.29878234863281,0.3333333432674408,0.6666666865348816,0.6666666865348816
60,6,-31.84653091430664,201.89646911621094,0.5,0.6666666865348816,0.6666666865348816
60,7,-4.642949104309082,4.700409889221191,0.3333333432674408,1.0,1.0
60,8,-29.649808883666992,1656.4833984375,0.25,0.25,0.5
60,9,-17.823760986328125,380.41156005859375,0.0,0.3333333432674408,0.6666666865348816
60,10,-12.470643997192383,22.59347152709961,0.25,0.75,1.0
60,11,-15.417986869812012,9.048233032226562,0.4285714626312256,0.8571429252624512,0.8571429252624512
60,12,-12.573053359985352,537.283935546875,0.5,0.5,0.5
60,13,-9.312902450561523,10.259720802307129,0.75,0.75,0.75
60,14,-18.058687210083008,8344.380859375,0.0,0.0,0.5
60,15,-9.683695793151855,25.22658920288086,0.3333333432674408,0.6666666865348816,0.6666666865348816
60,16,-5.9710693359375,19.79708480834961,0.5,0.5,1.0
60,17,-5.047533988952637,12.475503921508789,0.5,1.0,1.0
60,18,-3.735997200012207,6.4753241539001465,0.5,1.0,1.0
60,19,-7.793767929077148,13.435796737670898,0.3333333432674408,0.6666666865348816,1.0
60,20,-6.767268657684326,868.935302734375,0.0,0.0,0.0
60,21,-25.038253784179688,273519.15625,0.0,0.0,0.0
60,22,-25.52955436706543,24.31745147705078,0.25,0.625,0.875
60,23,-10.863527297973633,228.55198669433594,0.5,0.5,0.5
60,24,-6.222630500793457,22.45055389404297,0.5,0.5,1.0
60,25,-15.456857681274414,172.8261260986328,0.0,0.3333333432674408,1.0
60,26,-4.635201454162598,10.151288986206055,0.5,1.0,1.0
60,27,-7.213881492614746,36.8531379699707,0.0,1.0,1.0
60,28,-4.766434192657471,10.83971881866455,0.5,1.0,1.0
60,29,-8.152311325073242,58.91853332519531,0.0,0.5,1.0
60,30,-3.15995192527771,23.5694637298584,0.0,1.0,1.0
60,31,-9.065391540527344,4.530799865722656,0.5,1.0,1.0
60,32,-2.429750442504883,2.247720956802368,0.6666666865348816,1.0,1.0
60,33,-17.155136108398438,5311.17333984375,0.0,0.0,0.5
60,34,-12.586573600769043,8.147917747497559,0.6666666865348816,0.8333333730697632,1.0
60,35,-5.885189533233643,18.96499252319336,0.5,0.5,1.0
60,36,-7.127696514129639,35.29877471923828,0.5,0.5,1.0
60,37,-12.12550163269043,4.552550792694092,0.75,0.875,1.0
60,38,-7.191287994384766,6.03648567199707,0.75,1.0,1.0
60,39,-13.365781784057617,798.62451171875,0.5,0.5,0.5
60,40,-16.130077362060547,3181.279541015625,0.0,0.5,0.5
60,41,-22.716218948364258,17.107677459716797,0.375,0.75,0.875
60,42,-5.659485816955566,6.596210479736328,0.6666666865348816,1.0,1.0
60,43,-11.724105834960938,18.746862411499023,0.5,0.75,1.0
60,44,-18.675765991210938,106.58486938476562,0.0,0.5,0.75
60,45,-9.587692260742188,120.76496124267578,0.0,0.5,0.5
60,46,-9.818414688110352,26.385244369506836,0.6666666865348816,0.6666666865348816,0.6666666865348816
60,47,-9.387394905090332,22.854124069213867,0.6666666865348816,0.6666666865348816,0.6666666865348816
60,48,-13.486516952514648,9.466440200805664,0.3333333432674408,0.6666666865348816,1.0
60,49,-3.0122017860412598,1.8265708684921265,0.800000011920929,1.0,1.0
60,50,-2.5658421516418457,3.607161045074463,0.5,1.0,1.0
60,51,-20.0794620513916,28.40533447265625,0.3333333432674408,0.6666666865348816,0.8333333730697632
60,52,-10.083566665649414,154.7457275390625,0.5,0.5,0.5
60,53,-7.905808448791504,13.947070121765137,0.3333333432674408,0.6666666865348816,1.0
60,54,-10.09259033203125,7.527161121368408,0.6000000238418579,0.800000011920929,1.0
60,55,-10.827774047851562,14.98340892791748,0.5,0.75,1.0
60,56,-12.653372764587402,67.88336944580078,0.0,0.6666666865348816,1.0
60,57,-9.635061264038086,11.120222091674805,0.5,0.75,1.0
60,58,-18.80890464782715,528.2843627929688,0.0,0.3333333432674408,0.3333333432674408
60,59,-6.3803019523620605,8.38770866394043,0.6666666865348816,0.6666666865348816,1.0
60,60,-9.27859878540039,10.172109603881836,0.5,1.0,1.0
60,61,-12.512945175170898,521.3765869140625,0.0,0.5,0.5
60,62,-9.597600936889648,11.01656723022461,0.25,0.75,1.0
60,63,-5.974878311157227,19.834823608398438,0.5,0.5,1.0
60,64,-8.56024169921875,72.2491683959961,0.0,0.5,1.0
60,65,-16.376998901367188,3599.3173828125,0.0,0.0,0.5
60,66,-12.556659698486328,65.72984313964844,0.6666666865348816,0.6666666865348816,0.6666666865348816
60,67,-20.104768753051758,23211.064453125,0.0,0.0,0.5
60,68,-10.381771087646484,31.835763931274414,0.3333333432674408,0.6666666865348816,0.6666666865348816
60,69,-10.40768814086914,181.9704132080078,0.0,0.5,1.0
60,70,-16.116806030273438,56.216007232666016,0.0,0.75,0.75
60,71,-6.117455959320068,21.300445556640625,0.5,0.5,1.0
61,0,-6.317190170288086,23.537504196166992,0.5,0.5,1.0
61,1,-3.7131428718566895,6.401750564575195,0.5,1.0,1.0
61,2,-8.877054214477539,19.27903175354004,0.6666666865348816,0.6666666865348816,0.6666666865348816
61,3,-17.968719482421875,7977.3359375,0.0,0.0,0.0
61,4,-18.905893325805664,12745.66796875,0.0,0.0,0.5
61,5,-13.608282089233398,93.32557678222656,0.3333333432674408,0.6666666865348816,0.6666666865348816
61,6,-31.81127166748047,200.71348571777344,0.5,0.6666666865348816,0.6666666865348816
61,7,-4.74348258972168,4.860595226287842,0.3333333432674408,1.0,1.0
61,8,-29.685693740844727,1671.410888671875,0.25,0.25,0.5
61,9,-17.948043823242188,396.5020751953125,0.0,0.3333333432674408,0.6666666865348816
61,10,-12.389034271240234,22.13718032836914,0.25,0.75,1.0
61,11,-15.364096641540527,8.978842735290527,0.4285714626312256,0.8571429252624512,0.8571429252624512
61,12,-12.569515228271484,536.3342895507812,0.5,0.5,0.5
61,13,-9.260599136352539,10.126440048217773,0.75,0.75,0.75
61,14,-18.174039840698242,8839.8037109375,0.0,0.0,0.5
61,15,-9.723344802856445,25.562204360961914,0.3333333432674408,0.6666666865348816,0.6666666865348816
61,16,-5.952319622039795,19.612356185913086,0.5,0.5,1.0
61,17,-5.062519550323486,12.569331169128418,0.5,1.0,1.0
61,18,-3.6929500102996826,6.3374409675598145,0.5,1.0,1.0
61,19,-7.929167747497559,14.056092262268066,0.3333333432674408,0.6666666865348816,1.0
61,20,-6.772719860076904,873.6849365234375,0.0,0.0,0.0
61,21,-25.112579345703125,283875.125,0.0,0.0,0.0
61,22,-25.556781768798828,24.40035629272461,0.25,0.625,0.875
61,23,-10.961490631103516,240.02554321289062,0.5,0.5,0.5
61,24,-6.291718006134033,23.23963165283203,0.5,0.5,1.0
61,25,-15.5875825881958,180.5234832763672,0.0,0.3333333432674408,1.0
61,26,-4.673678874969482,10.348478317260742,0.5,1.0,1.0
61,27,-7.184087753295898,36.30820846557617,0.0,1.0,1.0
61,28,-4.7749152183532715,10.885783195495605,0.5,1.0,1.0
61,29,-8.30766487121582,63.677574157714844,0.0,0.5,1.0
61,30,-3.128798007965088,22.84650230407715,0.0,1.0,1.0
61,31,-9.044678688049316,4.515185832977295,0.5,1.0,1.0
61,32,-2.3718652725219727,2.2047669887542725,0.6666666865348816,1.0,1.0
61,33,-17.238662719726562,5537.6826171875,0.0,0.0,0.5
61,34,-12.530263900756836,8.071805953979492,0.6666666865348816,0.8333333730697632,1.0
61,35,-5.988015174865723,19.96553611755371,0.5,0.5,1.0
61,36,-7.198312759399414,36.5673713684082,0.5,0.5,0.5
61,37,-12.028263092041016,4.4975504875183105,0.75,0.875,1.0
61,38,-7.216757297515869,6.075044631958008,0.75,1.0,1.0
61,39,-13.327251434326172,783.3861694335938,0.5,0.5,0.5
61,40,-16.10527801513672,3142.076171875,0.0,0.5,0.5
61,41,-22.736791610717773,17.1517276763916,0.375,0.75,0.875
61,42,-5.682004451751709,6.645909309387207,0.6666666865348816,1.0,1.0
61,43,-11.88918685913086,19.5367374420166,0.5,0.75,1.0
61,44,-18.651729583740234,105.94630432128906,0.0,0.5,0.75
61,45,-9.492240905761719,115.1367416381836,0.0,0.5,0.5
61,46,-9.751480102539062,25.80306625366211,0.6666666865348816,0.6666666865348816,0.6666666865348816
61,47,-9.396210670471191,22.921384811401367,0.6666666865348816,0.6666666865348816,0.6666666865348816
61,48,-13.521650314331055,9.52203369140625,0.3333333432674408,0.6666666865348816,1.0
61,49,-2.972116470336914,1.8119856119155884,0.800000011920929,1.0,1.0
61,50,-2.6119589805603027,3.691303014755249,0.5,1.0,1.0
61,51,-20.027294158935547,28.1594295501709,0.3333333432674408,0.6666666865348816,0.8333333730697632
61,52,-10.13643741607666,158.89105224609375,0.5,0.5,0.5
61,53,-7.912044525146484,13.976092338562012,0.3333333432674408,0.6666666865348816,1.0
61,54,-10.006731033325195,7.3990092277526855,0.6000000238418579,0.800000011920929,1.0
61,55,-10.910032272338867,15.294727325439453,0.25,0.75,1.0
61,56,-12.590696334838867,66.47985076904297,0.0,0.6666666865348816,1.0
61,57,-9.467541694641113,10.6641263961792,0.5,0.75,1.0
61,58,-18.7458438873291,517.2957763671875,0.0,0.3333333432674408,0.3333333432674408
61,59,-6.408480644226074,8.466863632202148,0.6666666865348816,0.6666666865348816,1.0
61,60,-9.240351676940918,10.075310707092285,0.5,1.0,1.0
61,61,-12.47125244140625,510.6202697753906,0.0,0.5,0.5
61,62,-9.612066268920898,11.056478500366211,0.25,0.75,1.0
61,63,-5.9469194412231445,19.559473037719727,0.5,0.5,1.0
61,64,-8.64675521850586,75.4430160522461,0.0,0.5,1.0
61,65,-16.303485870361328,3469.4208984375,0.0,0.0,0.5
61,66,-12.649967193603516,67.80634307861328,0.6666666865348816,0.6666666865348816,0.6666666865348816
61,67,-20.051252365112305,22598.21484375,0.0,0.0,0.5
61,68,-10.502254486083984,33.14034652709961,0.3333333432674408,0.6666666865348816,0.6666666865348816
61,69,-10.40645694732666,181.85842895507812,0.0,0.5,1.0
61,70,-16.15130043029785,56.702884674072266,0.0,0.75,0.75
61,71,-6.1426191329956055,21.570133209228516,0.5,0.5,1.0
62,0,-6.348001480102539,23.902923583984375,0.5,0.5,1.0
62,1,-3.7605397701263428,6.55527400970459,0.5,1.0,1.0
62,2,-8.898468971252441,19.41714096069336,0.6666666865348816,0.6666666865348816,0.6666666865348816
62,3,-17.801555633544922,7337.6787109375,0.0,0.0,0.0
62,4,-18.835420608520508,12304.376953125,0.0,0.0,0.5
62,5,-13.560077667236328,91.83795928955078,0.3333333432674408,0.6666666865348816,0.6666666865348816
62,6,-31.78038215637207,199.68289184570312,0.5,0.6666666865348816,0.6666666865348816
62,7,-4.676258563995361,4.752890586853027,0.3333333432674408,1.0,1.0
62,8,-29.57197380065918,1624.5618896484375,0.25,0.25,0.5
62,9,-17.928157806396484,393.8825378417969,0.0,0.3333333432674408,0.6666666865348816
62,10,-12.489538192749023,22.7004451751709,0.25,0.75,1.0
62,11,-15.398935317993164,9.023640632629395,0.4285714626312256,0.8571429252624512,0.8571429252624512
62,12,-12.579146385192871,538.9232788085938,0.5,0.5,0.5
62,13,-9.265968322753906,10.14004135131836,0.75,0.75,0.75
62,14,-18.192832946777344,8923.2587890625,0.0,0.0,0.5
62,15,-9.788718223571777,26.125349044799805,0.3333333432674408,0.6666666865348816,0.6666666865348816
62,16,-5.993476867675781,20.02013397216797,0.5,0.5,1.0
62,17,-5.065228462219238,12.5863676071167,0.5,1.0,1.0
62,18,-3.8190362453460693,6.74983549118042,0.5,1.0,1.0
62,19,-7.78309965133667,13.388104438781738,0.3333333432674408,0.6666666865348816,1.0
62,20,-6.756866931915283,859.9437255859375,0.0,0.0,0.0
62,21,-25.24068832397461,302653.59375,0.0,0.0,0.0
62,22,-25.539194107055664,24.346771240234375,0.25,0.625,0.875
62,23,-10.92363166809082,235.52471923828125,0.5,0.5,0.5
62,24,-6.255619049072266,22.823930740356445,0.5,0.5,1.0
62,25,-15.49454116821289,175.0106658935547,0.0,0.3333333432674408,1.0
62,26,-4.627885341644287,10.11422348022461,0.5,1.0,1.0
62,27,-7.181920051574707,36.26887512207031,0.0,1.0,1.0
62,28,-4.778934001922607,10.907678604125977,0.5,1.0,1.0
62,29,-8.250811576843262,61.892921447753906,0.0,0.5,1.0
62,30,-3.1575303077697754,23.5124568939209,0.0,1.0,1.0
62,31,-9.089032173156738,4.54868745803833,0.5,1.0,1.0
62,32,-2.42030930519104,2.2406582832336426,0.6666666865348816,1.0,1.0
62,33,-17.34484100341797,5839.61767578125,0.0,0.0,0.5
62,34,-12.513751983642578,8.0496244430542,0.6666666865348816,0.8333333730697632,1.0
62,35,-5.982673168182373,19.91227912902832,0.5,0.5,1.0
62,36,-7.167612552642822,36.010345458984375,0.5,0.5,1.0
62,37,-12.010353088378906,4.487492561340332,0.75,0.875,1.0
62,38,-7.183633804321289,6.0249457359313965,0.75,1.0,1.0
62,39,-13.385302543640137,806.4575805664062,0.5,0.5,0.5
62,40,-16.091232299804688,3120.0869140625,0.0,0.5,0.5
62,41,-22.901386260986328,17.508268356323242,0.375,0.75,0.875
62,42,-5.722099781036377,6.735328674316406,0.6666666865348816,1.0,1.0
62,43,-11.795394897460938,19.08397102355957,0.5,0.75,1.0
62,44,-18.703176498413086,107.31775665283203,0.0,0.5,0.75
62,45,-9.507741928100586,116.0325698852539,0.0,0.5,0.5
62,46,-9.762298583984375,25.89628791809082,0.6666666865348816,0.6666666865348816,0.6666666865348816
62,47,-9.337226867675781,22.47511863708496,0.6666666865348816,0.6666666865348816,0.6666666865348816
62,48,-13.531692504882812,9.537983894348145,0.3333333432674408,0.6666666865348816,1.0
62,49,-2.9257092475891113,1.79524564743042,0.800000011920929,1.0,1.0
62,50,-2.6370394229888916,3.737884044647217,0.5,1.0,1.0
62,51,-20.024246215820312,28.145132064819336,0.3333333432674408,0.6666666865348816,0.8333333730697632
62,52,-10.124109268188477,157.91464233398438,0.5,0.5,0.5
62,53,-7.911355972290039,13.972885131835938,0.3333333432674408,0.6666666865348816,1.0
62,54,-10.097803115844727,7.535013198852539,0.6000000238418579,0.800000011920929,1.0
62,55,-10.942047119140625,15.417632102966309,0.25,0.75,1.0
62,56,-12.668213844299316,68.22000122070312,0.0,0.6666666865348816,1.0
62,57,-9.581751823425293,10.973003387451172,0.5,0.75,1.0
62,58,-18.722238540649414,513.2412719726562,0.0,0.3333333432674408,0.3333333432674408
62,59,-6.42684268951416,8.518845558166504,0.6666666865348816,0.6666666865348816,1.0
62,60,-9.3482666015625,10.350830078125,0.5,1.0,1.0
62,61,-12.539695739746094,528.39697265625,0.0,0.5,0.5
62,62,-9.550765991210938,10.888328552246094,0.25,0.75,1.0
62,63,-5.98236608505249,19.909221649169922,0.5,0.5,1.0
62,64,-8.630619049072266,74.83678436279297,0.0,0.5,1.0
62,65,-16.34819221496582,3547.846923828125,0.0,0.0,0.5
62,66,-12.641386985778809,67.61268615722656,0.6666666865348816,0.6666666865348816,0.6666666865348816
62,67,-20.06131935119629,22712.25,0.0,0.0,0.5
62,68,-10.40096378326416,32.04008865356445,0.3333333432674408,0.6666666865348816,0.6666666865348816
62,69,-10.358562469482422,177.5551300048828,0.0,0.5,1.0
62,70,-16.072919845581055,55.60260009765625,0.0,0.75,0.75
62,71,-5.999993324279785,20.08547019958496,0.5,0.5,1.0
63,0,-6.268502712249756,22.971431732177734,0.5,0.5,1.0
63,1,-3.759608507156372,6.55222225189209,0.5,1.0,1.0
63,2,-8.882494926452637,19.314027786254883,0.6666666865348816,0.6666666865348816,0.6666666865348816
63,3,-17.740970611572266,7118.73486328125,0.0,0.0,0.0
63,4,-18.749034881591797,11784.2294921875,0.0,0.0,0.5
63,5,-13.616844177246094,93.59229278564453,0.3333333432674408,0.6666666865348816,0.6666666865348816
63,6,-31.918611526489258,204.33656311035156,0.5,0.6666666865348816,0.6666666865348816
63,7,-4.7166547775268555,4.817322731018066,0.3333333432674408,1.0,1.0
63,8,-29.54485321044922,1613.58447265625,0.25,0.25,0.5
63,9,-17.951284408569336,396.9305419921875,0.0,0.3333333432674408,0.6666666865348816
63,10,-12.5123291015625,22.830156326293945,0.25,0.75,1.0
63,11,-15.443836212158203,9.081708908081055,0.4285714626312256,0.8571429252624512,0.8571429252624512
63,12,-12.717398643493652,577.4947509765625,0.5,0.5,0.5
63,13,-9.223722457885742,10.0335111618042,0.75,0.75,0.75
63,14,-18.20980453491211,8999.3017578125,0.0,0.0,0.5
63,15,-9.758243560791016,25.861303329467773,0.3333333432674408,0.6666666865348816,0.6666666865348816
63,16,-5.929913520812988,19.39386558532715,0.5,0.5,1.0
63,17,-5.050188064575195,12.492070198059082,0.5,1.0,1.0
63,18,-3.7947914600372314,6.668505668640137,0.5,1.0,1.0
63,19,-7.738382339477539,13.190025329589844,0.3333333432674408,0.6666666865348816,1.0
63,20,-6.811612129211426,908.3339233398438,0.0,0.0,0.0
63,21,-25.085044860839844,279993.71875,0.0,0.0,0.0
63,22,-25.42816162109375,24.01119613647461,0.25,0.625,0.875
63,23,-10.91469669342041,234.474853515625,0.5,0.5,0.5
63,24,-6.226112365722656,22.48967170715332,0.5,0.5,1.0
63,25,-15.442815780639648,172.0190887451172,0.0,0.3333333432674408,1.0
63,26,-4.618301868438721,10.065874099731445,0.5,1.0,1.0
63,27,-7.172401428222656,36.09667205810547,0.0,1.0,1.0
63,28,-4.728267669677734,10.6348237991333,0.5,1.0,1.0
63,29,-8.267635345458984,62.41575241088867,0.0,0.5,1.0
63,30,-3.2317311763763428,25.32345962524414,0.0,1.0,1.0
63,31,-9.124772071838379,4.575863361358643,0.5,1.0,1.0
63,32,-2.4315874576568604,2.2490978240966797,0.6666666865348816,1.0,1.0
63,33,-17.356624603271484,5874.12451171875,0.0,0.0,0.5
63,34,-12.544503211975098,8.090984344482422,0.6666666865348816,0.8333333730697632,1.0
63,35,-6.008828163146973,20.17439079284668,0.5,0.5,1.0
63,36,-7.22212028503418,37.00526428222656,0.5,0.5,0.5
63,37,-11.879945755004883,4.41493558883667,0.75,0.875,1.0
63,38,-7.187520980834961,6.030803680419922,0.75,1.0,1.0
63,39,-13.365046501159668,798.3309936523438,0.5,0.5,0.5
63,40,-16.209842681884766,3310.721435546875,0.0,0.5,0.5
63,41,-22.815574645996094,17.321470260620117,0.375,0.75,0.875
63,42,-5.672024250030518,6.623836517333984,0.6666666865348816,1.0,1.0
63,43,-11.936695098876953,19.770160675048828,0.5,0.75,1.0
63,44,-18.712627410888672,107.57162475585938,0.0,0.5,0.75
63,45,-9.460731506347656,113.33700561523438,0.0,0.5,0.5
63,46,-9.630472183227539,24.782987594604492,0.6666666865348816,0.6666666865348816,0.6666666865348816
63,47,-9.399028778076172,22.94292640686035,0.6666666865348816,0.6666666865348816,0.6666666865348816
63,48,-13.510162353515625,9.50381851196289,0.3333333432674408,0.6666666865348816,1.0
63,49,-2.982443332672119,1.8157320022583008,0.800000011920929,1.0,1.0
63,50,-2.6140546798706055,3.6951727867126465,0.5,1.0,1.0
63,51,-20.024168014526367,28.144765853881836,0.3333333432674408,0.6666666865348816,0.8333333730697632
63,52,-10.154858589172363,160.3612823486328,0.5,0.5,0.5
63,53,-7.823577880859375,13.569972038269043,0.3333333432674408,0.6666666865348816,1.0
63,54,-9.997319221496582,7.385095119476318,0.6000000238418579,0.800000011920929,1.0
63,55,-10.976123809814453,15.549538612365723,0.25,0.75,1.0
63,56,-12.75015926361084,70.10911560058594,0.0,0.6666666865348816,1.0
63,57,-9.500630378723145,10.752707481384277,0.5,0.75,1.0
63,58,-18.806522369384766,527.8651123046875,0.0,0.3333333432674408,0.3333333432674408
63,59,-6.380716800689697,8.38886833190918,0.6666666865348816,0.6666666865348816,1.0
63,60,-9.26496410369873,10.137495994567871,0.5,1.0,1.0
63,61,-12.58609390258789,540.798583984375,0.0,0.5,0.5
63,62,-9.587970733642578,10.990076065063477,0.25,0.75,1.0
63,63,-5.99417781829834,20.02715301513672,0.5,0.5,1.0
63,64,-8.555364608764648,72.07320404052734,0.0,0.5,1.0
63,65,-16.351764678955078,3554.189697265625,0.0,0.0,0.5
63,66,-12.651545524597168,67.8420181274414,0.6666666865348816,0.6666666865348816,0.6666666865348816
63,67,-20.04091453552246,22481.70703125,0.0,0.0,0.5
63,68,-10.492318153381348,33.03076171875,0.3333333432674408,0.6666666865348816,0.6666666865348816
63,69,-10.383129119873047,179.74957275390625,0.0,0.5,1.0
63,70,-16.178913116455078,57.095672607421875,0.0,0.75,0.75
63,71,-6.056579113006592,20.661861419677734,0.5,0.5,1.0
64,0,-6.239120006561279,22.636417388916016,0.5,0.5,1.0
64,1,-3.7641072273254395,6.566977024078369,0.5,1.0,1.0
64,2,-8.887984275817871,19.349401473999023,0.6666666865348816,0.6666666865348816,0.6666666865348816
64,3,-17.85471534729004,7535.328125,0.0,0.0,0.0
64,4,-18.936817169189453,12944.271484375,0.0,0.0,0.5
64,5,-13.584712982177734,92.59525299072266,0.3333333432674408,0.6666666865348816,0.6666666865348816
64,6,-32.014808654785156,207.63912963867188,0.5,0.6666666865348816,0.6666666865348816
64,7,-4.691135406494141,4.776517391204834,0.3333333432674408,1.0,1.0
64,8,-29.59426498413086,1633.6405029296875,0.25,0.25,0.5
64,9,-17.997434616088867,403.08404541015625,0.0,0.3333333432674408,0.6666666865348816
64,10,-12.475780487060547,22.62250328063965,0.25,0.75,1.0
64,11,-15.409549713134766,9.037334442138672,0.4285714626312256,0.8571429252624512,0.8571429252624512
64,12,-12.521514892578125,523.6154174804688,0.5,0.5,0.5
64,13,-9.248466491699219,10.095770835876465,0.75,0.75,0.75
64,14,-18.216873168945312,9031.1650390625,0.0,0.0,0.5
64,15,-9.70617961883545,25.416366577148438,0.3333333432674408,0.6666666865348816,0.6666666865348816
64,16,-5.853681564331055,18.66855812072754,0.5,0.5,1.0
64,17,-4.969527721405029,11.998287200927734,0.5,1.0,1.0
64,18,-3.755079746246338,6.537402153015137,0.5,1.0,1.0
64,19,-7.833347797393799,13.614234924316406,0.3333333432674408,0.6666666865348816,1.0
64,20,-6.809985160827637,906.8573608398438,0.0,0.0,0.0
64,21,-25.252010345458984,304371.78125,0.0,0.0,0.0
64,22,-25.3908748626709,23.8995418548584,0.25,0.625,0.875
64,23,-10.875724792480469,229.9501190185547,0.5,0.5,0.5
64,24,-6.246185302734375,22.71652603149414,0.5,0.5,1.0
64,25,-15.45380687713623,172.6504364013672,0.0,0.3333333432674408,1.0
64,26,-4.626083850860596,10.105116844177246,0.5,1.0,1.0
64,27,-7.185693264007568,36.33736801147461,0.0,1.0,1.0
64,28,-4.742081165313721,10.70853042602539,0.5,1.0,1.0
64,29,-8.262094497680664,62.243072509765625,0.0,0.5,1.0
64,30,-3.2035140991210938,24.6188907623291,0.0,1.0,1.0
64,31,-9.008003234863281,4.4876708984375,0.5,1.0,1.0
64,32,-2.4104256629943848,2.233288526535034,0.6666666865348816,1.0,1.0
64,33,-17.343263626098633,5835.013671875,0.0,0.0,0.5
64,34,-12.515039443969727,8.051352500915527,0.6666666865348816,0.8333333730697632,1.0
64,35,-5.969320774078369,19.779783248901367,0.5,0.5,1.0
64,36,-7.202341556549072,36.641109466552734,0.5,0.5,0.5
64,37,-11.874897956848145,4.412150859832764,0.75,0.875,1.0
64,38,-7.1853837966918945,6.02758264541626,0.75,1.0,1.0
64,39,-13.26650333404541,759.9492797851562,0.5,0.5,0.5
64,40,-16.161773681640625,3232.098388671875,0.0,0.5,0.5
64,41,-22.770185470581055,17.223474502563477,0.375,0.75,0.875
64,42,-5.68257999420166,6.647183895111084,0.6666666865348816,1.0,1.0
64,43,-11.833395004272461,19.266132354736328,0.5,0.75,1.0
64,44,-18.772314071655273,109.18880462646484,0.0,0.5,0.75
64,45,-9.5288724899292,117.26498413085938,0.0,0.5,0.5
64,46,-9.70362663269043,25.394742965698242,0.6666666865348816,0.6666666865348816,0.6666666865348816
64,47,-9.376214981079102,22.76911735534668,0.6666666865348816,0.6666666865348816,0.6666666865348816
64,48,-13.524442672729492,9.526466369628906,0.3333333432674408,0.6666666865348816,1.0
64,49,-2.8581905364990234,1.7711659669876099,0.800000011920929,1.0,1.0
64,50,-2.609342575073242,3.6864771842956543,0.5,1.0,1.0
64,51,-20.03683853149414,28.204259872436523,0.3333333432674408,0.6666666865348816,0.8333333730697632
64,52,-10.208255767822266,164.7003631591797,0.5,0.5,0.5
64,53,-7.893784523010254,13.891283988952637,0.3333333432674408,0.6666666865348816,1.0
64,54,-10.040907859802246,7.449758052825928,0.6000000238418579,0.800000011920929,1.0
64,55,-10.854598999023438,15.084228515625,0.5,0.75,1.0
64,56,-12.642253875732422,67.63223266601562,0.0,0.6666666865348816,1.0
64,57,-9.476573944091797,10.688234329223633,0.5,0.75,1.0
64,58,-18.727577209472656,514.1553955078125,0.0,0.3333333432674408,0.3333333432674408
64,59,-6.323360443115234,8.23000717163086,0.6666666865348816,0.6666666865348816,1.0
64,60,-9.267480850219727,10.143877029418945,0.5,1.0,1.0
64,61,-12.603588104248047,545.5497436523438,0.0,0.5,0.5
64,62,-9.53516960144043,10.84595775604248,0.25,0.75,1.0
64,63,-5.935817241668701,19.451196670532227,0.5,0.5,1.0
64,64,-8.559900283813477,72.2368392944336,0.0,0.5,1.0
64,65,-16.30742645263672,3476.263427734375,0.0,0.0,0.5
64,66,-12.754207611083984,70.20379638671875,0.6666666865348816,0.6666666865348816,0.6666666865348816
64,67,-20.069717407226562,22807.818359375,0.0,0.0,0.5
64,68,-10.50845718383789,33.20893478393555,0.3333333432674408,0.6666666865348816,0.6666666865348816
64,69,-10.388593673706055,180.24136352539062,0.0,0.5,1.0
64,70,-16.17164421081543,56.99201202392578,0.0,0.75,0.75
64,71,-6.042818069458008,20.520185470581055,0.5,0.5,1.0
65,0,-6.192356109619141,22.11327362060547,0.5,0.5,1.0
65,1,-3.7705349922180176,6.588116645812988,0.5,1.0,1.0
65,2,-8.872692108154297,19.251020431518555,0.6666666865348816,0.6666666865348816,0.6666666865348816
65,3,-17.846378326416016,7503.982421875,0.0,0.0,0.0
65,4,-18.851642608642578,12404.5830078125,0.0,0.0,0.5
65,5,-13.500493049621582,90.03194427490234,0.3333333432674408,0.6666666865348816,0.6666666865348816
65,6,-31.895235061645508,203.5420684814453,0.5,0.6666666865348816,0.6666666865348816
65,7,-4.738869667053223,4.8531270027160645,0.3333333432674408,1.0,1.0
65,8,-29.520523071289062,1603.79931640625,0.25,0.25,0.5
65,9,-17.975994110107422,400.2135009765625,0.0,0.3333333432674408,0.6666666865348816
65,10,-12.46197509765625,22.544559478759766,0.25,0.75,1.0
65,11,-15.531900405883789,9.196683883666992,0.4285714626312256,0.8571429252624512,0.8571429252624512
65,12,-12.603230476379395,545.4522094726562,0.5,0.5,0.5
65,13,-9.129375457763672,9.799622535705566,0.75,0.75,0.75
65,14,-18.21991539001465,9044.912109375,0.0,0.0,0.5
65,15,-9.86077880859375,26.760482788085938,0.3333333432674408,0.6666666865348816,0.6666666865348816
65,16,-5.906976222991943,19.172714233398438,0.5,0.5,1.0
65,17,-4.973451137542725,12.021846771240234,0.5,1.0,1.0
65,18,-3.787480354309082,6.644172668457031,0.5,1.0,1.0
65,19,-7.781527519226074,13.38109016418457,0.3333333432674408,0.6666666865348816,1.0
65,20,-6.774438858032227,875.1881103515625,0.0,0.0,0.0
65,21,-25.28907012939453,310064.34375,0.0,0.0,0.0
65,22,-25.349689483642578,23.77682113647461,0.25,0.625,0.875
65,23,-10.895365715026855,232.21946716308594,0.5,0.5,0.5
65,24,-6.221498966217041,22.437854766845703,0.5,0.5,1.0
65,25,-15.478195190429688,174.0597381591797,0.0,0.3333333432674408,1.0
65,26,-4.609148979187012,10.019913673400879,0.5,1.0,1.0
65,27,-7.182135581970215,36.272789001464844,0.0,1.0,1.0
65,28,-4.711735248565674,10.54727554321289,0.5,1.0,1.0
65,29,-8.271339416503906,62.531455993652344,0.0,0.5,1.0
65,30,-3.2050678730010986,24.65717315673828,0.0,1.0,1.0
65,31,-9.076299667358398,4.5390448570251465,0.5,1.0,1.0
65,32,-2.380584716796875,2.21118426322937,0.6666666865348816,1.0,1.0
65,33,-17.349346160888672,5852.78662109375,0.0,0.0,0.5
65,34,-12.553972244262695,8.103765487670898,0.6666666865348816,0.8333333730697632,1.0
65,35,-6.0303192138671875,20.392345428466797,0.5,0.5,1.0
65,36,-7.283233165740967,38.153465270996094,0.5,0.5,0.5
65,37,-11.864181518554688,4.406244277954102,0.75,0.875,1.0
65,38,-7.11297607421875,5.919452667236328,0.75,1.0,1.0
65,39,-13.369794845581055,800.228515625,0.5,0.5,0.5
65,40,-16.08945083618164,3117.30908203125,0.0,0.5,0.5
65,41,-22.714588165283203,17.104190826416016,0.375,0.75,0.875
65,42,-5.710931777954102,6.710302352905273,0.6666666865348816,1.0,1.0
65,43,-11.956138610839844,19.86649513244629,0.5,0.75,1.0
65,44,-18.749141693115234,108.55809020996094,0.0,0.5,0.75
65,45,-9.505480766296387,115.9014663696289,0.0,0.5,0.5
65,46,-9.789520263671875,26.13233184814453,0.6666666865348816,0.6666666865348816,0.6666666865348816
65,47,-9.397893905639648,22.934247970581055,0.6666666865348816,0.6666666865348816,0.6666666865348816
65,48,-13.606630325317383,9.657856941223145,0.3333333432674408,0.6666666865348816,1.0
65,49,-2.937809467315674,1.7995954751968384,0.800000011920929,1.0,1.0
65,50,-2.5903642177581787,3.6516611576080322,0.5,1.0,1.0
65,51,-19.9408016204834,27.75641632080078,0.3333333432674408,0.6666666865348816,0.8333333730697632
65,52,-10.15425968170166,160.31326293945312,0.5,0.5,0.5
65,53,-7.870579242706299,13.784246444702148,0.3333333432674408,0.6666666865348816,1.0
65,54,-10.040533065795898,7.44920015335083,0.6000000238418579,0.800000011920929,1.0
65,55,-11.024711608886719,15.739569664001465,0.25,0.75,1.0
65,56,-12.730466842651367,69.65042114257812,0.0,0.6666666865348816,1.0
65,57,-9.503271102905273,10.759808540344238,0.5,0.75,1.0
65,58,-18.803173065185547,527.2761840820312,0.0,0.3333333432674408,0.3333333432674408
65,59,-6.33364725112915,8.258275985717773,0.6666666865348816,0.6666666865348816,1.0
65,60,-9.442012786865234,10.596282005310059,0.5,1.0,1.0
65,61,-12.697973251342773,571.912841796875,0.0,0.5,0.5
65,62,-9.56202220916748,10.919013023376465,0.25,0.75,1.0
65,63,-5.984224319458008,19.9277286529541,0.5,0.5,1.0
65,64,-8.531904220581055,71.23271179199219,0.0,0.5,1.0
65,65,-16.306549072265625,3474.73876953125,0.0,0.5,0.5
65,66,-12.778409957885742,70.7724609375,0.6666666865348816,0.6666666865348816,0.6666666865348816
65,67,-20.159208297729492,23851.54296875,0.0,0.0,0.5
65,68,-10.415502548217773,32.195743560791016,0.3333333432674408,0.6666666865348816,0.6666666865348816
65,69,-10.453693389892578,186.20472717285156,0.0,0.5,1.0
65,70,-16.33321189880371,59.341148376464844,0.0,0.75,0.75
65,71,-6.033575534820557,20.425575256347656,0.5,0.5,1.0
66,0,-6.288095951080322,23.197580337524414,0.5,0.5,1.0
66,1,-3.792121410369873,6.659608840942383,0.5,1.0,1.0
66,2,-8.897862434387207,19.41321563720703,0.6666666865348816,0.6666666865348816,0.6666666865348816
66,3,-17.757434844970703,7177.5791015625,0.0,0.0,0.0
66,4,-18.91379165649414,12796.1005859375,0.0,0.0,0.5
66,5,-13.615687370300293,93.55619812011719,0.3333333432674408,0.6666666865348816,0.6666666865348816
66,6,-31.86028289794922,202.35977172851562,0.5,0.6666666865348816,0.6666666865348816
66,7,-4.732362747192383,4.842611789703369,0.3333333432674408,1.0,1.0
66,8,-29.527956008911133,1606.782470703125,0.25,0.25,0.5
66,9,-17.901947021484375,390.4561462402344,0.0,0.3333333432674408,0.6666666865348816
66,10,-12.50351333618164,22.77989387512207,0.25,0.75,1.0
66,11,-15.556254386901855,9.228734970092773,0.4285714626312256,0.8571429252624512,0.8571429252624512
66,12,-12.620052337646484,550.059326171875,0.5,0.5,0.5
66,13,-9.159323692321777,9.873268127441406,0.75,0.75,0.75
66,14,-18.204334259033203,8974.720703125,0.0,0.0,0.5
66,15,-9.860855102539062,26.761165618896484,0.3333333432674408,0.6666666865348816,0.6666666865348816
66,16,-5.914980888366699,19.249603271484375,0.5,0.5,1.0
66,17,-5.063655376434326,12.576471328735352,0.5,1.0,1.0
66,18,-3.732717990875244,6.464715957641602,0.5,1.0,1.0
66,19,-7.75595760345459,13.267524719238281,0.3333333432674408,0.6666666865348816,1.0
66,20,-6.839308738708496,933.8433227539062,0.0,0.0,0.0
66,21,-25.2645263671875,306282.5,0.0,0.0,0.0
66,22,-25.467212677001953,24.12868881225586,0.25,0.625,0.875
66,23,-10.893415451049805,231.9931182861328,0.5,0.5,0.5
66,24,-6.19830846786499,22.17918586730957,0.5,0.5,1.0
66,25,-15.549917221069336,178.27114868164062,0.0,0.3333333432674408,1.0
66,26,-4.5433030128479,9.69540023803711,0.5,1.0,1.0
66,27,-7.203841209411621,36.66859436035156,0.0,1.0,1.0
66,28,-4.6872053146362305,10.41870403289795,0.5,1.0,1.0
66,29,-8.309483528137207,63.73550033569336,0.0,0.5,1.0
66,30,-3.1651244163513184,23.69169044494629,0.0,1.0,1.0
66,31,-9.22227954864502,4.650833606719971,0.5,1.0,1.0
66,32,-2.4114930629730225,2.234083414077759,0.6666666865348816,1.0,1.0
66,33,-17.545238494873047,6455.0576171875,0.0,0.0,0.5
66,34,-12.58226490020752,8.142067909240723,0.6666666865348816,0.8333333730697632,1.0
66,35,-5.974052906036377,19.826641082763672,0.5,0.5,1.0
66,36,-7.30487060546875,38.568477630615234,0.5,0.5,0.5
66,37,-11.88316535949707,4.416712760925293,0.75,0.875,1.0
66,38,-7.1322832107543945,5.948093891143799,0.75,1.0,1.0
66,39,-13.321345329284668,781.076171875,0.5,0.5,0.5
66,40,-16.208126068115234,3307.880859375,0.0,0.5,0.5
66,41,-22.743547439575195,17.166217803955078,0.375,0.75,0.875
66,42,-5.649141311645508,6.57350492477417,0.6666666865348816,1.0,1.0
66,43,-11.893701553344727,19.558801651000977,0.5,0.75,1.0
66,44,-18.819103240966797,110.47351837158203,0.0,0.5,0.75
66,45,-9.480974197387695,114.48995971679688,0.0,0.5,0.5
66,46,-9.787652969360352,26.116077423095703,0.6666666865348816,0.6666666865348816,0.6666666865348816
66,47,-9.404315948486328,22.983396530151367,0.6666666865348816,0.6666666865348816,0.6666666865348816
66,48,-13.592845916748047,9.635693550109863,0.3333333432674408,0.6666666865348816,1.0
66,49,-2.9103288650512695,1.7897318601608276,0.800000011920929,1.0,1.0
66,50,-2.598658561706543,3.6668362617492676,0.5,1.0,1.0
66,51,-20.072772979736328,28.37368392944336,0.3333333432674408,0.6666666865348816,0.8333333730697632
66,52,-10.187629699707031,163.0105438232422,0.5,0.5,0.5
66,53,-7.786863327026367,13.404911041259766,0.3333333432674408,0.6666666865348816,1.0
66,54,-9.969934463500977,7.344758033752441,0.6000000238418579,0.800000011920929,1.0
66,55,-10.96630573272705,15.511419296264648,0.25,0.75,1.0
66,56,-12.64621353149414,67.72154998779297,0.0,0.6666666865348816,1.0
66,57,-9.499198913574219,10.748861312866211,0.5,0.75,1.0
66,58,-18.75100326538086,518.18603515625,0.0,0.3333333432674408,0.3333333432674408
66,59,-6.433835983276367,8.538728713989258,0.6666666865348816,0.6666666865348816,1.0
66,60,-9.395997047424316,10.475081443786621,0.5,1.0,1.0
66,61,-12.736055374145508,582.906982421875,0.0,0.5,0.5
66,62,-9.547504425048828,10.879454612731934,0.25,0.75,1.0
66,63,-5.981569290161133,19.901290893554688,0.5,0.5,1.0
66,64,-8.630317687988281,74.82550811767578,0.0,0.5,1.0
66,65,-16.36644172668457,3580.3681640625,0.0,0.0,0.5
66,66,-12.742573738098145,69.93209838867188,0.6666666865348816,0.6666666865348816,0.6666666865348816
66,67,-20.136341094970703,23580.38671875,0.0,0.0,0.5
66,68,-10.432729721069336,32.38114929199219,0.3333333432674408,0.6666666865348816,0.6666666865348816
66,69,-10.45078182220459,185.933837890625,0.0,0.5,1.0
66,70,-16.256067276000977,58.2076530456543,0.0,0.75,0.75
66,71,-6.023743152618408,20.325403213500977,0.5,0.5,1.0
67,0,-6.289307594299316,23.211639404296875,0.5,0.5,1.0
67,1,-3.797168731689453,6.676436424255371,0.5,1.0,1.0
67,2,-8.858036994934082,19.15720558166504,0.6666666865348816,0.6666666865348816,0.6666666865348816
67,3,-17.703014373779297,6984.90869140625,0.0,0.0,0.0
67,4,-19.00041961669922,13362.5302734375,0.0,0.0,0.5
67,5,-13.609002113342285,93.34796142578125,0.3333333432674408,0.6666666865348816,0.6666666865348816
67,6,-32.04921340942383,208.83314514160156,0.5,0.6666666865348816,0.6666666865348816
67,7,-4.687261581420898,4.7703537940979,0.3333333432674408,1.0,1.0
67,8,-29.64054298400879,1652.650634765625,0.25,0.25,0.5
67,9,-18.06732940673828,412.5854187011719,0.0,0.3333333432674408,0.6666666865348816
67,10,-12.531633377075195,22.940603256225586,0.25,0.75,1.0
67,11,-15.624611854553223,9.31929874420166,0.4285714626312256,0.8571429252624512,0.8571429252624512
67,12,-12.524341583251953,524.35595703125,0.5,0.5,0.5
67,13,-9.12609577178955,9.79159164428711,0.75,0.75,0.75
67,14,-18.18869400024414,8904.8115234375,0.0,0.0,0.5
67,15,-9.901214599609375,27.12361717224121,0.3333333432674408,0.6666666865348816,0.6666666865348816
67,16,-5.886780738830566,18.980087280273438,0.5,0.5,1.0
67,17,-4.933145523071289,11.781998634338379,0.5,1.0,1.0
67,18,-3.7694692611694336,6.584606647491455,0.5,1.0,1.0
67,19,-7.667461395263672,12.881864547729492,0.3333333432674408,0.6666666865348816,1.0
67,20,-6.828804969787598,924.0858764648438,0.0,0.0,0.0
67,21,-25.26656723022461,306595.1875,0.0,0.0,0.0
67,22,-25.40798568725586,23.950714111328125,0.25,0.625,0.875
67,23,-10.838542938232422,225.71461486816406,0.5,0.5,0.5
67,24,-6.14682674407959,21.61556053161621,0.5,0.5,1.0
67,25,-15.519177436828613,176.4537811279297,0.0,0.3333333432674408,1.0
67,26,-4.681442737579346,10.388727188110352,0.5,1.0,1.0
67,27,-7.219206809997559,36.951393127441406,0.0,1.0,1.0
67,28,-4.706405162811279,10.519204139709473,0.5,1.0,1.0
67,29,-8.271781921386719,62.5452880859375,0.0,0.5,1.0
67,30,-3.1771321296691895,23.977888107299805,0.0,1.0,1.0
67,31,-9.086254119873047,4.546581745147705,0.5,1.0,1.0
67,32,-2.4319546222686768,2.249372959136963,0.6666666865348816,1.0,1.0
67,33,-17.524093627929688,6387.17138671875,0.0,0.0,0.5
67,34,-12.54500675201416,8.091663360595703,0.6666666865348816,0.8333333730697632,1.0
67,35,-6.075652599334717,20.859851837158203,0.5,0.5,1.0
67,36,-7.281351566314697,38.11758804321289,0.5,0.5,0.5
67,37,-11.819904327392578,4.381924629211426,0.75,0.875,1.0
67,38,-7.111946105957031,5.917928695678711,0.75,1.0,1.0
67,39,-13.33913803100586,788.055908203125,0.5,0.5,0.5
67,40,-16.15582275390625,3222.495849609375,0.0,0.5,0.5
67,41,-22.739154815673828,17.156795501708984,0.375,0.75,0.875
67,42,-5.654424667358398,6.5850911140441895,0.6666666865348816,1.0,1.0
67,43,-11.834465026855469,19.27128791809082,0.5,0.75,1.0
67,44,-18.858076095581055,111.55514526367188,0.0,0.5,0.75
67,45,-9.57710075378418,120.12710571289062,0.0,0.5,0.5
67,46,-9.794761657714844,26.178030014038086,0.6666666865348816,0.6666666865348816,0.6666666865348816
67,47,-9.388080596923828,22.859350204467773,0.6666666865348816,0.6666666865348816,0.6666666865348816
67,48,-13.573785781860352,9.605133056640625,0.3333333432674408,0.6666666865348816,1.0
67,49,-2.947089195251465,1.802938461303711,0.800000011920929,1.0,1.0
67,50,-2.601210832595825,3.6715188026428223,0.5,1.0,1.0
67,51,-20.019275665283203,28.121826171875,0.3333333432674408,0.6666666865348816,0.8333333730697632
67,52,-10.197751998901367,163.83766174316406,0.5,0.5,0.5
67,53,-7.892931938171387,13.887336730957031,0.3333333432674408,0.6666666865348816,1.0
67,54,-9.880145072937012,7.2140398025512695,0.6000000238418579,0.800000011920929,1.0
67,55,-10.934334754943848,15.387934684753418,0.25,0.75,1.0
67,56,-12.730052947998047,69.64082336425781,0.0,0.6666666865348816,1.0
67,57,-9.470428466796875,10.671825408935547,0.5,0.75,1.0
67,58,-18.821474075317383,530.5025024414062,0.0,0.3333333432674408,0.3333333432674408
67,59,-6.390042781829834,8.414986610412598,0.6666666865348816,0.6666666865348816,1.0
67,60,-9.399320602416992,10.483789443969727,0.5,1.0,1.0
67,61,-12.635808944702148,554.4100341796875,0.0,0.5,0.5
67,62,-9.551336288452148,10.88988208770752,0.25,0.75,1.0
67,63,-6.008066654205322,20.166711807250977,0.5,0.5,1.0
67,64,-8.569955825805664,72.60094451904297,0.0,0.5,1.0
67,65,-16.321224212646484,3500.32861328125,0.0,0.5,0.5
67,66,-12.7804536819458,70.8207015991211,0.6666666865348816,0.6666666865348816,0.6666666865348816
67,67,-20.108983993530273,23260.03515625,0.0,0.0,0.5
67,68,-10.466097831726074,32.74332809448242,0.3333333432674408,0.6666666865348816,0.6666666865348816
67,69,-10.449612617492676,185.82518005371094,0.0,0.5,1.0
67,70,-16.36471939086914,59.8104133605957,0.0,0.75,0.75
67,71,-5.952620029449463,19.61530303955078,0.5,0.5,1.0
68,0,-6.258677959442139,22.85886573791504,0.5,0.5,1.0
68,1,-3.8260111808776855,6.773416519165039,0.5,1.0,1.0
68,2,-8.889935493469238,19.361989974975586,0.6666666865348816,0.6666666865348816,0.6666666865348816
68,3,-17.81134033203125,7373.6650390625,0.0,0.0,0.0
68,4,-18.959680557250977,13093.095703125,0.0,0.0,0.5
68,5,-13.541913986206055,91.28362274169922,0.3333333432674408,0.6666666865348816,0.6666666865348816
68,6,-32.12301254272461,211.41766357421875,0.5,0.6666666865348816,0.6666666865348816
68,7,-4.683952331542969,4.765095233917236,0.3333333432674408,1.0,1.0
68,8,-29.50969886779785,1599.46533203125,0.25,0.25,0.5
68,9,-18.026521682739258,407.0111389160156,0.0,0.3333333432674408,0.6666666865348816
68,10,-12.56106948852539,23.110044479370117,0.25,0.75,1.0
68,11,-15.678152084350586,9.390852928161621,0.4285714626312256,0.8571429252624512,0.8571429252624512
68,12,-12.673373222351074,564.92138671875,0.5,0.5,0.5
68,13,-9.106795310974121,9.74445915222168,0.75,0.75,0.75
68,14,-18.278858184814453,9315.4453125,0.0,0.0,0.5
68,15,-9.80378532409668,26.25688934326172,0.3333333432674408,0.6666666865348816,0.6666666865348816
68,16,-5.816219806671143,18.322134017944336,0.5,0.5,1.0
68,17,-4.895743370056152,11.563709259033203,0.5,1.0,1.0
68,18,-3.670229196548462,6.265852451324463,0.5,1.0,1.0
68,19,-7.689666748046875,12.97756576538086,0.3333333432674408,0.6666666865348816,1.0
68,20,-6.8387556076049805,933.3269653320312,0.0,0.0,0.0
68,21,-25.292797088623047,310642.65625,0.0,0.0,0.0
68,22,-25.30716896057129,23.650779724121094,0.25,0.625,0.875
68,23,-10.937203407287598,237.12840270996094,0.5,0.5,0.5
68,24,-6.177319049835205,21.9476375579834,0.5,0.5,1.0
68,25,-15.508769989013672,175.8427276611328,0.0,0.3333333432674408,1.0
68,26,-4.663421154022217,10.295537948608398,0.5,1.0,1.0
68,27,-7.182904243469238,36.2867317199707,0.0,1.0,1.0
68,28,-4.689178943634033,10.428990364074707,0.5,1.0,1.0
68,29,-8.330179214477539,64.39845275878906,0.0,0.5,1.0
68,30,-3.2622220516204834,26.107484817504883,0.0,1.0,1.0
68,31,-9.119232177734375,4.5716400146484375,0.5,1.0,1.0
68,32,-2.4159109592437744,2.2373757362365723,0.6666666865348816,1.0,1.0
68,33,-17.500812530517578,6313.25244140625,0.0,0.0,0.5
68,34,-12.494778633117676,8.024208068847656,0.6666666865348816,0.8333333730697632,1.0
68,35,-6.041758060455322,20.50931167602539,0.5,0.5,1.0
68,36,-7.306266784667969,38.59540939331055,0.5,0.5,0.5
68,37,-11.745288848876953,4.341245174407959,0.75,0.875,1.0
68,38,-7.13864803314209,5.957566261291504,0.75,1.0,1.0
68,39,-13.318431854248047,779.939208984375,0.5,0.5,0.5
68,40,-16.211509704589844,3313.48193359375,0.0,0.5,0.5
68,41,-22.83827781677246,17.370697021484375,0.375,0.75,0.875
68,42,-5.687262058258057,6.657566547393799,0.6666666865348816,1.0,1.0
68,43,-11.874008178710938,19.46274185180664,0.5,0.75,1.0
68,44,-18.799470901489258,109.93263244628906,0.0,0.5,0.75
68,45,-9.529959678649902,117.32875061035156,0.0,0.5,0.5
68,46,-9.852479934692383,26.686555862426758,0.6666666865348816,0.6666666865348816,0.6666666865348816
68,47,-9.408174514770508,23.01297378540039,0.6666666865348816,0.6666666865348816,0.6666666865348816
68,48,-13.529672622680664,9.534773826599121,0.3333333432674408,0.6666666865348816,1.0
68,49,-2.897930383682251,1.785299301147461,0.800000011920929,1.0,1.0
68,50,-2.64129376411438,3.7458434104919434,0.5,1.0,1.0
68,51,-20.025554656982422,28.151268005371094,0.3333333432674408,0.6666666865348816,0.8333333730697632
68,52,-10.154919624328613,160.36618041992188,0.5,0.5,0.5
68,53,-7.764155387878418,13.303827285766602,0.3333333432674408,0.6666666865348816,1.0
68,54,-10.05599594116211,7.472273349761963,0.6000000238418579,0.800000011920929,1.0
68,55,-11.091184616088867,16.003318786621094,0.25,0.75,1.0
68,56,-12.686092376708984,68.62776947021484,0.0,0.6666666865348816,1.0
68,57,-9.46769905090332,10.664546012878418,0.5,0.75,1.0
68,58,-18.955656051635742,554.7691650390625,0.0,0.3333333432674408,0.3333333432674408
68,59,-6.3224029541015625,8.22737979888916,0.6666666865348816,0.6666666865348816,1.0
68,60,-9.344389915466309,10.340803146362305,0.5,1.0,1.0
68,61,-12.664056777954102,562.2960205078125,0.0,0.5,0.5
68,62,-9.549756050109863,10.885581016540527,0.25,0.75,1.0
68,63,-5.969234466552734,19.7789306640625,0.5,0.5,1.0
68,64,-8.531697273254395,71.22533416748047,0.0,0.5,1.0
68,65,-16.345630645751953,3543.305419921875,0.0,0.5,0.5
68,66,-12.822381973266602,71.81745147705078,0.6666666865348816,0.6666666865348816,0.6666666865348816
68,67,-20.280271530151367,25339.90625,0.0,0.0,0.5
68,68,-10.488048553466797,32.98379135131836,0.3333333432674408,0.6666666865348816,0.6666666865348816
68,69,-10.500797271728516,190.6422576904297,0.0,0.5,1.0
68,70,-16.310108184814453,58.99938201904297,0.0,0.75,0.75
68,71,-5.994939804077148,20.03478240966797,0.5,0.5,1.0
69,0,-6.248465538024902,22.74243927001953,0.5,0.5,1.0
69,1,-3.8148951530456543,6.735874176025391,0.5,1.0,1.0
69,2,-8.883622169494629,19.321285247802734,0.6666666865348816,0.6666666865348816,0.6666666865348816
69,3,-17.698986053466797,6970.85400390625,0.0,0.0,0.0
69,4,-19.13312530517578,14279.2490234375,0.0,0.0,0.5
69,5,-13.477547645568848,89.34595489501953,0.3333333432674408,0.6666666865348816,0.6666666865348816
69,6,-31.88727378845215,203.2721405029297,0.5,0.6666666865348816,0.6666666865348816
69,7,-4.725386142730713,4.831363201141357,0.3333333432674408,1.0,1.0
69,8,-29.550426483154297,1615.834228515625,0.25,0.25,0.5
69,9,-18.01213264465332,405.0635986328125,0.0,0.3333333432674408,0.6666666865348816
69,10,-12.510001182556152,22.81687355041504,0.25,0.75,1.0
69,11,-15.63741683959961,9.336362838745117,0.4285714626312256,0.8571429252624512,0.8571429252624512
69,12,-12.677356719970703,566.0477294921875,0.5,0.5,0.5
69,13,-9.044736862182617,9.594444274902344,0.75,0.75,0.75
69,14,-18.261240005493164,9233.7451171875,0.0,0.0,0.5
69,15,-9.848991394042969,26.655542373657227,0.3333333432674408,0.6666666865348816,0.6666666865348816
69,16,-5.797649383544922,18.15279769897461,0.5,0.5,1.0
69,17,-4.972412586212158,12.015606880187988,0.5,1.0,1.0
69,18,-3.7468059062957764,6.510413646697998,0.5,1.0,1.0
69,19,-7.67371129989624,12.908729553222656,0.3333333432674408,0.6666666865348816,1.0
69,20,-6.823085784912109,918.81591796875,0.0,0.0,0.0
69,21,-25.30638313293457,312760.0625,0.0,0.0,0.0
69,22,-25.350553512573242,23.779388427734375,0.25,0.625,0.875
69,23,-10.879672050476074,230.40440368652344,0.5,0.5,0.5
69,24,-6.1909308433532715,22.09752082824707,0.5,0.5,1.0
69,25,-15.449443817138672,172.39952087402344,0.0,0.3333333432674408,1.0
69,26,-4.63157844543457,10.132916450500488,0.5,1.0,1.0
69,27,-7.2682108879089355,37.86796188354492,0.0,1.0,1.0
69,28,-4.682138442993164,10.392342567443848,0.5,1.0,1.0
69,29,-8.372440338134766,65.7737045288086,0.0,0.5,1.0
69,30,-3.2053749561309814,24.66474723815918,0.0,1.0,1.0
69,31,-9.253143310546875,4.674819469451904,0.5,1.0,1.0
69,32,-2.3804118633270264,2.211056709289551,0.6666666865348816,1.0,1.0
69,33,-17.47760772705078,6240.42724609375,0.0,0.0,0.5
69,34,-12.538289070129395,8.082609176635742,0.6666666865348816,0.8333333730697632,1.0
69,35,-6.029481887817383,20.38381004333496,0.5,0.5,1.0
69,36,-7.219671249389648,36.95998001098633,0.5,0.5,0.5
69,37,-11.81424331665039,4.378824710845947,0.75,0.875,1.0
69,38,-7.10512113571167,5.907840251922607,0.75,1.0,1.0
69,39,-13.32495403289795,782.4867553710938,0.5,0.5,0.5
69,40,-16.124120712280273,3171.818359375,0.0,0.5,0.5
69,41,-22.701623916625977,17.076496124267578,0.375,0.75,0.875
69,42,-5.685932159423828,6.654616355895996,0.6666666865348816,1.0,1.0
69,43,-11.932364463806152,19.748767852783203,0.5,0.75,1.0
69,44,-18.803924560546875,110.05509948730469,0.0,0.5,0.75
69,45,-9.512213706970215,116.29229736328125,0.0,0.5,0.5
69,46,-9.782498359680176,26.07124137878418,0.6666666865348816,0.6666666865348816,0.6666666865348816
69,47,-9.37881851196289,22.78888702392578,0.6666666865348816,0.6666666865348816,0.6666666865348816
69,48,-13.583351135253906,9.620458602905273,0.3333333432674408,0.6666666865348816,1.0
69,49,-2.839657783508301,1.764613151550293,0.800000011920929,1.0,1.0
69,50,-2.6426949501037598,3.7484688758850098,0.5,1.0,1.0
69,51,-20.09438705444336,28.476085662841797,0.3333333432674408,0.6666666865348816,0.8333333730697632
69,52,-10.218032836914062,165.5074920654297,0.5,0.5,0.5
69,53,-7.857463836669922,13.72411823272705,0.3333333432674408,0.6666666865348816,1.0
69,54,-10.054959297180176,7.4707231521606445,0.6000000238418579,0.800000011920929,1.0
69,55,-11.065621376037598,15.901371002197266,0.25,0.75,1.0
69,56,-12.721092224121094,69.4331283569336,0.0,0.6666666865348816,1.0
69,57,-9.497611999511719,10.744596481323242,0.5,0.75,1.0
69,58,-18.77888298034668,523.0242309570312,0.0,0.3333333432674408,0.3333333432674408
69,59,-6.32720947265625,8.240572929382324,0.6666666865348816,0.6666666865348816,1.0
69,60,-9.338869094848633,10.32654094696045,0.5,1.0,1.0
69,61,-12.744120597839355,585.2623901367188,0.0,0.5,0.5
69,62,-9.478111267089844,10.692342758178711,0.25,0.75,1.0
69,63,-5.983566761016846,19.92117691040039,0.5,0.5,1.0
69,64,-8.553491592407227,72.0057373046875,0.0,0.5,1.0
69,65,-16.342159271240234,3537.160888671875,0.0,0.0,0.5
69,66,-12.81793212890625,71.71099090576172,0.6666666865348816,0.6666666865348816,0.6666666865348816
69,67,-20.118545532226562,23371.50390625,0.0,0.0,0.5
69,68,-10.486677169799805,32.968711853027344,0.3333333432674408,0.6666666865348816,0.6666666865348816
69,69,-10.474129676818848,188.11715698242188,0.0,0.5,1.0
69,70,-16.398765563964844,60.32167053222656,0.0,0.75,0.75
69,71,-5.979003429412842,19.875776290893555,0.5,0.5,1.0
70,0,-6.244365215301514,22.69586181640625,0.5,0.5,1.0
70,1,-3.8009626865386963,6.689113616943359,0.5,1.0,1.0
70,2,-8.85333251953125,19.12718963623047,0.6666666865348816,0.6666666865348816,0.6666666865348816
70,3,-17.681537628173828,6910.30322265625,0.0,0.0,0.0
70,4,-18.99631690979004,13335.1474609375,0.0,0.0,0.5
70,5,-13.628108024597168,93.9443588256836,0.3333333432674408,0.6666666865348816,0.6666666865348816
70,6,-32.133949279785156,211.80331420898438,0.5,0.6666666865348816,0.6666666865348816
70,7,-4.746419906616211,4.8653564453125,0.3333333432674408,1.0,1.0
70,8,-29.51441192626953,1601.35107421875,0.25,0.25,0.5
70,9,-18.05961036682129,411.5252380371094,0.0,0.3333333432674408,0.6666666865348816
70,10,-12.548526763916016,23.037694931030273,0.25,0.75,1.0
70,11,-15.617670059204102,9.310062408447266,0.4285714626312256,0.8571429252624512,0.8571429252624512
70,12,-12.649307250976562,558.1644287109375,0.5,0.5,0.5
70,13,-9.083497047424316,9.6878662109375,0.75,0.75,0.75
70,14,-18.202404022216797,8966.0634765625,0.0,0.0,0.5
70,15,-9.92462158203125,27.336074829101562,0.3333333432674408,0.6666666865348816,0.6666666865348816
70,16,-5.7648162841796875,17.857223510742188,0.5,0.5,1.0
70,17,-4.919325828552246,11.70086669921875,0.5,1.0,1.0
70,18,-3.70342755317688,6.370728015899658,0.5,1.0,1.0
70,19,-7.600030899047852,12.595549583435059,0.3333333432674408,0.6666666865348816,1.0
70,20,-6.904702186584473,996.9515380859375,0.0,0.0,0.0
70,21,-25.337594985961914,317679.25,0.0,0.0,0.0
70,22,-25.34412384033203,23.760286331176758,0.25,0.625,0.875
70,23,-10.830353736877441,224.79229736328125,0.5,0.5,0.5
70,24,-6.211014747619629,22.320541381835938,0.5,0.5,1.0
70,25,-15.465048789978027,173.2986602783203,0.0,0.3333333432674408,1.0
70,26,-4.577301025390625,9.86161994934082,0.5,1.0,1.0
70,27,-7.227993011474609,37.11408615112305,0.0,1.0,1.0
70,28,-4.644976615905762,10.20102596282959,0.5,1.0,1.0
70,29,-8.4107666015625,67.04629516601562,0.0,0.5,1.0
70,30,-3.227550506591797,25.217811584472656,0.0,1.0,1.0
70,31,-9.276139259338379,4.692770957946777,0.5,1.0,1.0
70,32,-2.3485264778137207,2.187681198120117,0.6666666865348816,1.0,1.0
70,33,-17.54397964477539,6450.99609375,0.0,0.0,0.5
70,34,-12.539710998535156,8.084525108337402,0.6666666865348816,0.8333333730697632,1.0
70,35,-6.1302385330200195,21.43701934814453,0.5,0.5,1.0
70,36,-7.352694511413574,39.50183868408203,0.5,0.5,0.5
70,37,-11.792476654052734,4.366927146911621,0.75,0.875,1.0
70,38,-7.124154090881348,5.936017990112305,0.75,1.0,1.0
70,39,-13.431804656982422,825.42822265625,0.5,0.5,0.5
70,40,-16.201095581054688,3296.2734375,0.0,0.5,0.5
70,41,-22.737319946289062,17.152862548828125,0.375,0.75,0.875
70,42,-5.665342330932617,6.609099388122559,0.6666666865348816,1.0,1.0
70,43,-12.002676010131836,20.098979949951172,0.5,0.75,1.0
70,44,-18.870304107666016,111.89669036865234,0.0,0.5,0.75
70,45,-9.542463302612305,118.06456756591797,0.0,0.5,0.5
70,46,-9.692554473876953,25.301189422607422,0.6666666865348816,0.6666666865348816,0.6666666865348816
70,47,-9.359234809875488,22.640605926513672,0.6666666865348816,0.6666666865348816,0.6666666865348816
70,48,-13.564319610595703,9.589991569519043,0.3333333432674408,0.6666666865348816,1.0
70,49,-2.865945816040039,1.7739152908325195,0.800000011920929,1.0,1.0
70,50,-2.627795696258545,3.7206478118896484,0.5,1.0,1.0
70,51,-19.967626571655273,27.880788803100586,0.3333333432674408,0.6666666865348816,0.8333333730697632
70,52,-10.140902519226074,159.2461700439453,0.5,0.5,0.5
70,53,-7.813776016235352,13.52570629119873,0.3333333432674408,0.6666666865348816,1.0
70,54,-10.027978897094727,7.430518627166748,0.6000000238418579,0.800000011920929,1.0
70,55,-10.923540115356445,15.346463203430176,0.25,0.75,1.0
70,56,-12.690839767456055,68.7364730834961,0.0,0.6666666865348816,1.0
70,57,-9.507795333862305,10.77198600769043,0.5,0.75,1.0
70,58,-18.88178062438965,541.2745971679688,0.0,0.3333333432674408,0.3333333432674408
70,59,-6.336796760559082,8.266949653625488,0.6666666865348816,0.6666666865348816,1.0
70,60,-9.319303512573242,10.276152610778809,0.5,1.0,1.0
70,61,-12.656718254089355,560.2365112304688,0.0,0.5,0.5
70,62,-9.499822616577148,10.750536918640137,0.25,0.75,1.0
70,63,-6.005606651306152,20.141923904418945,0.5,0.5,1.0
70,64,-8.56027603149414,72.25040435791016,0.0,0.5,1.0
70,65,-16.324060440063477,3505.2958984375,0.0,0.0,0.5
70,66,-12.867719650268555,72.91102600097656,0.6666666865348816,0.6666666865348816,0.6666666865348816
70,67,-20.234867095947266,24771.115234375,0.0,0.0,0.5
70,68,-10.364501953125,31.653032302856445,0.3333333432674408,0.6666666865348816,0.6666666865348816
70,69,-10.478443145751953,188.52330017089844,0.0,0.5,1.0
70,70,-16.39195442199707,60.21903991699219,0.0,0.5,0.75
70,71,-5.896938800811768,19.076732635498047,0.5,0.5,1.0
71,0,-6.303824424743652,23.3807315826416,0.5,0.5,1.0
71,1,-3.841859817504883,6.827304363250732,0.5,1.0,1.0
71,2,-8.868453025817871,19.22383689880371,0.6666666865348816,0.6666666865348816,0.6666666865348816
71,3,-17.807937622070312,7361.13037109375,0.0,0.0,0.0
71,4,-18.98686981201172,13272.306640625,0.0,0.0,0.5
71,5,-13.610254287719727,93.38691711425781,0.3333333432674408,0.6666666865348816,0.6666666865348816
71,6,-31.995391845703125,206.96824645996094,0.5,0.6666666865348816,0.6666666865348816
71,7,-4.72805118560791,4.835657119750977,0.3333333432674408,1.0,1.0
71,8,-29.50225067138672,1596.48974609375,0.25,0.25,0.5
71,9,-18.024478912353516,406.7341003417969,0.0,0.3333333432674408,0.6666666865348816
71,10,-12.535937309265137,22.965299606323242,0.25,0.75,1.0
71,11,-15.624435424804688,9.319063186645508,0.4285714626312256,0.8571429252624512,0.8571429252624512
71,12,-12.72317886352539,579.1661376953125,0.5,0.5,0.5
71,13,-9.00442123413086,9.498228073120117,0.75,0.75,0.75
71,14,-18.254119873046875,9200.9306640625,0.0,0.0,0.5
71,15,-9.911230087280273,27.21432113647461,0.3333333432674408,0.6666666865348816,0.6666666865348816
71,16,-5.764437675476074,17.853843688964844,0.5,0.5,1.0
71,17,-4.973464012145996,12.02192497253418,0.5,1.0,1.0
71,18,-3.671917676925659,6.271144390106201,0.5,1.0,1.0
71,19,-7.671785354614258,12.900444030761719,0.3333333432674408,0.6666666865348816,1.0
71,20,-6.881931304931641,974.506591796875,0.0,0.0,0.0
71,21,-25.364761352539062,322023.78125,0.0,0.0,0.0
71,22,-25.476734161376953,24.157424926757812,0.25,0.625,0.875
71,23,-10.866368293762207,228.87686157226562,0.5,0.5,0.5
71,24,-6.147407531738281,21.621837615966797,0.5,0.5,1.0
71,25,-15.600534439086914,181.30453491210938,0.0,0.3333333432674408,1.0
71,26,-4.699211597442627,10.481436729431152,0.5,1.0,1.0
71,27,-7.254034042358398,37.600486755371094,0.0,1.0,1.0
71,28,-4.643083572387695,10.191374778747559,0.5,1.0,1.0
71,29,-8.443925857543945,68.16716766357422,0.0,0.5,1.0
71,30,-3.2007880210876465,24.55187225341797,0.0,1.0,1.0
71,31,-9.226831436157227,4.654363632202148,0.5,1.0,1.0
71,32,-2.370161294937134,2.203514814376831,0.6666666865348816,1.0,1.0
71,33,-17.609357833862305,6665.35791015625,0.0,0.0,0.5
71,34,-12.507345199584961,8.041032791137695,0.6666666865348816,0.8333333730697632,1.0
71,35,-6.068637371063232,20.78680992126465,0.5,0.5,1.0
71,36,-7.338255405426025,39.217681884765625,0.5,0.5,0.5
71,37,-11.725790023803711,4.330676555633545,0.75,0.875,1.0
71,38,-7.045828819274902,5.820913791656494,0.75,1.0,1.0
71,39,-13.232731819152832,747.2246704101562,0.5,0.5,0.5
71,40,-16.130327224731445,3181.677001953125,0.0,0.5,0.5
71,41,-22.7504825592041,17.181106567382812,0.375,0.75,0.875
71,42,-5.711235046386719,6.710980415344238,0.3333333432674408,1.0,1.0
71,43,-12.038485527038574,20.279720306396484,0.5,0.75,1.0
71,44,-18.800668716430664,109.96556091308594,0.0,0.5,0.75
71,45,-9.532869338989258,117.49957275390625,0.0,0.5,0.5
71,46,-9.672561645507812,25.133134841918945,0.6666666865348816,0.6666666865348816,0.6666666865348816
71,47,-9.39744758605957,22.930837631225586,0.6666666865348816,0.6666666865348816,0.6666666865348816
71,48,-13.557135581970215,9.578516006469727,0.3333333432674408,0.6666666865348816,1.0
71,49,-2.8157618045806885,1.7561999559402466,0.800000011920929,1.0,1.0
71,50,-2.585556983947754,3.6428940296173096,0.5,1.0,1.0
71,51,-20.072956085205078,28.374549865722656,0.3333333432674408,0.6666666865348816,0.8333333730697632
71,52,-10.143241882324219,159.43255615234375,0.5,0.5,0.5
71,53,-7.788157939910889,13.410696029663086,0.3333333432674408,0.6666666865348816,1.0
71,54,-9.946163177490234,7.309922695159912,0.6000000238418579,0.800000011920929,1.0
71,55,-11.08487319946289,15.978089332580566,0.25,0.75,1.0
71,56,-12.770094871520996,70.5765609741211,0.0,0.6666666865348816,1.0
71,57,-9.489452362060547,10.722701072692871,0.5,0.75,1.0
71,58,-18.81992530822754,530.2286376953125,0.0,0.3333333432674408,0.3333333432674408
71,59,-6.374933242797852,8.372712135314941,0.6666666865348816,0.6666666865348816,1.0
71,60,-9.399837493896484,10.48514461517334,0.5,1.0,1.0
71,61,-12.654862403869629,559.7169189453125,0.0,0.5,0.5
71,62,-9.460887908935547,10.646402359008789,0.25,0.75,1.0
71,63,-6.0102314949035645,20.188552856445312,0.5,0.5,1.0
71,64,-8.632282257080078,74.89904022216797,0.0,0.5,1.0
71,65,-16.294214248657227,3453.37451171875,0.0,0.0,0.5
71,66,-12.801626205444336,71.322265625,0.6666666865348816,0.6666666865348816,0.6666666865348816
71,67,-20.302885055541992,25628.04296875,0.0,0.0,0.5
71,68,-10.538151741027832,33.539276123046875,0.3333333432674408,0.6666666865348816,0.6666666865348816
71,69,-10.582809448242188,198.62225341796875,0.0,0.5,1.0
71,70,-16.46820831298828,61.37803649902344,0.0,0.75,0.75
71,71,-5.958703994750977,19.675064086914062,0.5,0.5,1.0
72,0,-6.238047122955322,22.624277114868164,0.5,0.5,1.0
72,1,-3.8410823345184326,6.824650764465332,0.5,1.0,1.0
72,2,-8.907732009887695,19.477190017700195,0.6666666865348816,0.6666666865348816,0.6666666865348816
72,3,-17.968303680419922,7975.67724609375,0.0,0.0,0.0
72,4,-19.09440803527832,14005.48046875,0.0,0.0,0.5
72,5,-13.5475492477417,91.45523834228516,0.3333333432674408,0.6666666865348816,0.6666666865348816
72,6,-32.07473373413086,209.72328186035156,0.5,0.6666666865348816,0.6666666865348816
72,7,-4.748668670654297,4.869004726409912,0.3333333432674408,1.0,1.0
72,8,-29.57375717163086,1625.286376953125,0.25,0.25,0.5
72,9,-18.048879623413086,410.0557556152344,0.0,0.3333333432674408,0.6666666865348816
72,10,-12.59041976928711,23.280241012573242,0.25,0.75,1.0
72,11,-15.613805770874023,9.304923057556152,0.4285714626312256,0.8571429252624512,0.8571429252624512
72,12,-12.781278610229492,596.2376708984375,0.5,0.5,0.5
72,13,-8.978459358215332,9.436779975891113,0.75,0.75,0.75
72,14,-18.205644607543945,8980.6025390625,0.0,0.0,0.5
72,15,-9.76569652557373,25.92563247680664,0.3333333432674408,0.6666666865348816,0.6666666865348816
72,16,-5.7678399085998535,17.884241104125977,0.5,0.5,1.0
72,17,-4.958385467529297,11.931628227233887,0.5,1.0,1.0
72,18,-3.703920841217041,6.372299671173096,0.5,1.0,1.0
72,19,-7.678770065307617,12.930516242980957,0.3333333432674408,0.6666666865348816,1.0
72,20,-6.917381286621094,1009.6724243164062,0.0,0.0,0.0
72,21,-25.275667190551758,307993.375,0.0,0.0,0.0
72,22,-25.44487762451172,24.061420440673828,0.25,0.625,0.875
72,23,-10.756181716918945,216.6083526611328,0.5,0.5,0.5
72,24,-6.18331241607666,22.013505935668945,0.5,0.5,1.0
72,25,-15.558372497558594,178.7743377685547,0.0,0.3333333432674408,1.0
72,26,-4.760482311248779,10.807509422302246,0.5,1.0,1.0
72,27,-7.2429304122924805,37.39231491088867,0.0,1.0,1.0
72,28,-4.631684303283691,10.133453369140625,0.5,1.0,1.0
72,29,-8.36846923828125,65.64324188232422,0.0,0.5,1.0
72,30,-3.2577919960021973,25.992082595825195,0.0,1.0,1.0
72,31,-9.260496139526367,4.680552005767822,0.5,1.0,1.0
72,32,-2.3925893306732178,2.220050096511841,0.6666666865348816,1.0,1.0
72,33,-17.69010353088379,6939.96337890625,0.0,0.0,0.5
72,34,-12.557182312011719,8.108100891113281,0.6666666865348816,0.8333333730697632,1.0
72,35,-6.001062870025635,20.096214294433594,0.5,0.5,1.0
72,36,-7.28410005569458,38.170005798339844,0.5,0.5,0.5
72,37,-11.62540340423584,4.276673316955566,0.75,0.875,1.0
72,38,-7.072267055511475,5.8595147132873535,0.75,1.0,1.0
72,39,-13.354377746582031,794.083740234375,0.5,0.5,0.5
72,40,-16.217182159423828,3322.893310546875,0.0,0.5,0.5
72,41,-22.762554168701172,17.207050323486328,0.375,0.75,0.875
72,42,-5.694477081298828,6.67359733581543,0.6666666865348816,1.0,1.0
72,43,-12.038520812988281,20.27989959716797,0.5,0.75,1.0
72,44,-18.854026794433594,111.44227600097656,0.0,0.5,0.75
72,45,-9.55147933959961,118.59801483154297,0.0,0.5,0.5
72,46,-9.849287033081055,26.65816879272461,0.6666666865348816,0.6666666865348816,0.6666666865348816
72,47,-9.39525032043457,22.914047241210938,0.6666666865348816,0.6666666865348816,0.6666666865348816
72,48,-13.602750778198242,9.651613235473633,0.3333333432674408,0.6666666865348816,1.0
72,49,-2.823047637939453,1.758760929107666,0.800000011920929,1.0,1.0
72,50,-2.6048433780670166,3.6781930923461914,0.5,1.0,1.0
72,51,-19.98101043701172,27.94304847717285,0.3333333432674408,0.6666666865348816,0.8333333730697632
72,52,-10.180729866027832,162.44912719726562,0.5,0.5,0.5
72,53,-7.786615371704102,13.403802871704102,0.3333333432674408,0.6666666865348816,1.0
72,54,-9.91381549835205,7.262783050537109,0.6000000238418579,0.800000011920929,1.0
72,55,-11.093624114990234,16.01308250427246,0.25,0.75,1.0
72,56,-12.748603820800781,70.07279205322266,0.0,0.6666666865348816,1.0
72,57,-9.438754081726074,10.587654113769531,0.5,0.75,1.0
72,58,-18.85431480407715,536.3416748046875,0.0,0.3333333432674408,0.3333333432674408
72,59,-6.3694610595703125,8.357453346252441,0.6666666865348816,0.6666666865348816,1.0
72,60,-9.458300590515137,10.639517784118652,0.5,1.0,1.0
72,61,-12.776444435119629,594.7982177734375,0.0,0.5,0.5
72,62,-9.533146858215332,10.840474128723145,0.25,0.75,1.0
72,63,-6.026761054992676,20.356098175048828,0.5,0.5,1.0
72,64,-8.507352828979492,70.3636245727539,0.0,0.5,1.0
72,65,-16.349605560302734,3550.354736328125,0.0,0.5,0.5
72,66,-12.935827255249023,74.58523559570312,0.6666666865348816,0.6666666865348816,0.6666666865348816
72,67,-20.377370834350586,26600.501953125,0.0,0.0,0.5
72,68,-10.535064697265625,33.504783630371094,0.3333333432674408,0.6666666865348816,0.6666666865348816
72,69,-10.522157669067383,192.68927001953125,0.0,0.5,1.0
72,70,-16.458415985107422,61.227962493896484,0.0,0.75,0.75
72,71,-5.931466579437256,19.4089298248291,0.5,0.5,1.0
73,0,-6.194371223449707,22.13556480407715,0.5,0.5,1.0
73,1,-3.8197011947631836,6.752079963684082,0.5,1.0,1.0
73,2,-8.85354995727539,19.128576278686523,0.6666666865348816,0.6666666865348816,0.6666666865348816
73,3,-17.730621337890625,7081.99365234375,0.0,0.0,0.0
73,4,-19.039325714111328,13625.017578125,0.0,0.0,0.5
73,5,-13.546019554138184,91.40863037109375,0.3333333432674408,0.6666666865348816,0.6666666865348816
73,6,-32.20151138305664,214.20181274414062,0.5,0.6666666865348816,0.6666666865348816
73,7,-4.627265930175781,4.675900936126709,0.3333333432674408,1.0,1.0
73,8,-29.53203010559082,1608.419921875,0.25,0.25,0.5
73,9,-18.188812255859375,429.6355285644531,0.0,0.3333333432674408,0.6666666865348816
73,10,-12.580022811889648,23.21980857849121,0.25,0.75,1.0
73,11,-15.731287002563477,9.46240520477295,0.4285714626312256,0.8571429252624512,0.8571429252624512
73,12,-12.644750595092773,556.8942260742188,0.5,0.5,0.5
73,13,-8.960610389709473,9.394763946533203,0.75,0.75,0.75
73,14,-18.238534927368164,9129.5107421875,0.0,0.0,0.5
73,15,-9.89107894897461,27.032136917114258,0.3333333432674408,0.6666666865348816,0.6666666865348816
73,16,-5.736772537231445,17.608579635620117,0.5,0.5,1.0
73,17,-4.93988037109375,11.82174015045166,0.5,1.0,1.0
73,18,-3.667092800140381,6.256033897399902,0.5,1.0,1.0
73,19,-7.592767238616943,12.565091133117676,0.3333333432674408,0.6666666865348816,1.0
73,20,-6.890012741088867,982.4139404296875,0.0,0.0,0.0
73,21,-25.286985397338867,309741.3125,0.0,0.0,0.0
73,22,-25.396955490112305,23.917715072631836,0.25,0.625,0.875
73,23,-10.857686996459961,227.88555908203125,0.5,0.5,0.5
73,24,-6.196902275085449,22.163597106933594,0.5,0.5,1.0
73,25,-15.531306266784668,177.1686553955078,0.0,0.3333333432674408,1.0
73,26,-4.682468414306641,10.394057273864746,0.5,1.0,1.0
73,27,-7.20415735244751,36.67439270019531,0.0,1.0,1.0
73,28,-4.619114398956299,10.069964408874512,0.5,1.0,1.0
73,29,-8.482131958007812,69.48188018798828,0.0,0.5,1.0
73,30,-3.267275094985962,26.239742279052734,0.0,1.0,1.0
73,31,-9.363580703735352,4.761662006378174,0.5,1.0,1.0
73,32,-2.353527069091797,2.191330671310425,0.6666666865348816,1.0,1.0
73,33,-17.64257049560547,6776.96923828125,0.0,0.0,0.5
73,34,-12.520180702209473,8.05825424194336,0.6666666865348816,0.8333333730697632,1.0
73,35,-6.151144504547119,21.662275314331055,0.5,0.5,1.0
73,36,-7.360156059265137,39.64948654174805,0.5,0.5,0.5
73,37,-11.751255989074707,4.344483852386475,0.75,0.875,1.0
73,38,-6.953766345977783,5.688471794128418,0.75,1.0,1.0
73,39,-13.327649116516113,783.5418701171875,0.5,0.5,0.5
73,40,-16.222532272338867,3331.794189453125,0.0,0.5,0.5
73,41,-22.941925048828125,17.597213745117188,0.375,0.75,0.875
73,42,-5.660822868347168,6.599151134490967,0.6666666865348816,1.0,1.0
73,43,-11.983856201171875,20.004634857177734,0.5,0.75,1.0
73,44,-18.955856323242188,114.31571960449219,0.0,0.5,0.75
73,45,-9.572271347045898,119.8373794555664,0.0,0.5,0.5
73,46,-9.848897933959961,26.65471076965332,0.6666666865348816,0.6666666865348816,0.6666666865348816
73,47,-9.391368865966797,22.884418487548828,0.6666666865348816,0.6666666865348816,0.6666666865348816
73,48,-13.597990036010742,9.64395809173584,0.3333333432674408,0.6666666865348816,1.0
73,49,-2.8581175804138184,1.7711400985717773,0.800000011920929,1.0,1.0
73,50,-2.5930795669555664,3.6566219329833984,0.5,1.0,1.0
73,51,-20.026554107666016,28.15595817565918,0.3333333432674408,0.6666666865348816,0.8333333730697632
73,52,-10.080967903137207,154.54478454589844,0.5,0.5,0.5
73,53,-7.845160961151123,13.667948722839355,0.3333333432674408,0.6666666865348816,1.0
73,54,-9.95279312133789,7.319622039794922,0.6000000238418579,0.800000011920929,1.0
73,55,-11.046280860900879,15.824671745300293,0.25,0.75,1.0
73,56,-12.780580520629883,70.82367706298828,0.0,0.6666666865348816,1.0
73,57,-9.492537498474121,10.730975151062012,0.5,0.75,1.0
73,58,-18.943588256835938,552.5419921875,0.0,0.3333333432674408,0.3333333432674408
73,59,-6.4307122230529785,8.529840469360352,0.6666666865348816,0.6666666865348816,1.0
73,60,-9.309577941894531,10.251197814941406,0.5,1.0,1.0
73,61,-12.805318832397461,603.44775390625,0.0,0.5,0.5
73,62,-9.512054443359375,10.783462524414062,0.25,0.75,1.0
73,63,-5.956822872161865,19.656566619873047,0.5,0.5,1.0
73,64,-8.497594833374023,70.02115631103516,0.0,0.5,1.0
73,65,-16.32475471496582,3506.512939453125,0.0,0.0,0.5
73,66,-12.994662284851074,76.06239318847656,0.6666666865348816,0.6666666865348816,0.6666666865348816
73,67,-20.42082977294922,27184.84375,0.0,0.0,0.5
73,68,-10.459386825561523,32.670166015625,0.3333333432674408,0.6666666865348816,0.6666666865348816
73,69,-10.542499542236328,194.6591033935547,0.0,0.5,1.0
73,70,-16.393936157226562,60.24888229370117,0.0,0.5,0.75
73,71,-5.9229044914245605,19.326017379760742,0.5,0.5,1.0
74,0,-6.243079662322998,22.681278228759766,0.5,0.5,1.0
74,1,-3.845547914505005,6.839905738830566,0.5,1.0,1.0
74,2,-8.861373901367188,19.178529739379883,0.6666666865348816,0.6666666865348816,0.6666666865348816
74,3,-17.874399185180664,7609.8564453125,0.0,0.0,0.0
74,4,-19.16614532470703,14516.9560546875,0.0,0.0,0.5
74,5,-13.454573631286621,88.66436767578125,0.3333333432674408,0.6666666865348816,0.6666666865348816
74,6,-32.2922477722168,217.4657745361328,0.5,0.6666666865348816,0.6666666865348816
74,7,-4.680975437164307,4.760369300842285,0.3333333432674408,1.0,1.0
74,8,-29.558053970336914,1618.9183349609375,0.25,0.25,0.5
74,9,-18.096738815307617,416.64984130859375,0.0,0.3333333432674408,0.6666666865348816
74,10,-12.463428497314453,22.552753448486328,0.25,0.75,1.0
74,11,-15.77906322479248,9.527209281921387,0.4285714626312256,0.8571429252624512,0.8571429252624512
74,12,-12.836395263671875,612.8974609375,0.5,0.5,0.5
74,13,-8.907374382019043,9.27055835723877,0.75,0.75,0.75
74,14,-18.32806396484375,9547.474609375,0.0,0.0,0.5
74,15,-9.894858360290527,27.066211700439453,0.3333333432674408,0.6666666865348816,0.6666666865348816
74,16,-5.712843418121338,17.39915657043457,0.5,0.5,1.0
74,17,-4.8816633224487305,11.482587814331055,0.5,1.0,1.0
74,18,-3.651603937149048,6.207771301269531,0.5,1.0,1.0
74,19,-7.547942161560059,12.378743171691895,0.3333333432674408,0.6666666865348816,1.0
74,20,-6.924253463745117,1016.635009765625,0.0,0.0,0.0
74,21,-25.455032348632812,336891.5,0.0,0.0,0.0
74,22,-25.501325607299805,24.23179817199707,0.25,0.625,0.875
74,23,-10.811906814575195,222.7284698486328,0.5,0.5,0.5
74,24,-6.197644233703613,22.17181968688965,0.5,0.5,1.0
74,25,-15.640307426452637,183.7241973876953,0.0,0.3333333432674408,1.0
74,26,-4.653682231903076,10.245526313781738,0.5,1.0,1.0
74,27,-7.188120365142822,36.381492614746094,0.0,1.0,1.0
74,28,-4.615270137786865,10.050627708435059,0.5,1.0,1.0
74,29,-8.51089859008789,70.48847961425781,0.0,0.5,1.0
74,30,-3.2763686180114746,26.479440689086914,0.0,1.0,1.0
74,31,-9.417068481445312,4.804300308227539,0.5,1.0,1.0
74,32,-2.365410804748535,2.200028419494629,0.6666666865348816,1.0,1.0
74,33,-17.61722183227539,6691.61767578125,0.0,0.0,0.5
74,34,-12.512361526489258,8.047759056091309,0.6666666865348816,0.8333333730697632,1.0
74,35,-6.154618740081787,21.69993782043457,0.5,0.5,1.0
74,36,-7.352077007293701,39.48964309692383,0.5,0.5,0.5
74,37,-11.722848892211914,4.329084873199463,0.75,0.875,1.0
74,38,-6.928282260894775,5.652345180511475,0.75,1.0,1.0
74,39,-13.325194358825684,782.580810546875,0.5,0.5,0.5
74,40,-16.230669021606445,3345.37646484375,0.0,0.5,0.5
74,41,-22.77659797668457,17.237285614013672,0.375,0.75,0.875
74,42,-5.7313127517700195,6.756044864654541,0.6666666865348816,1.0,1.0
74,43,-12.032035827636719,20.247047424316406,0.5,0.75,1.0
74,44,-18.97198486328125,114.777587890625,0.0,0.5,0.75
74,45,-9.53643798828125,117.70941925048828,0.0,0.5,0.5
74,46,-9.96334171295166,27.691177368164062,0.6666666865348816,0.6666666865348816,0.6666666865348816
74,47,-9.410836219787598,23.033403396606445,0.6666666865348816,0.6666666865348816,0.6666666865348816
74,48,-13.608487129211426,9.660845756530762,0.3333333432674408,0.6666666865348816,1.0
74,49,-2.861039876937866,1.772175669670105,0.800000011920929,1.0,1.0
74,50,-2.6112992763519287,3.6900854110717773,0.5,1.0,1.0
74,51,-20.010055541992188,28.078645706176758,0.3333333432674408,0.6666666865348816,0.8333333730697632
74,52,-10.145366668701172,159.60202026367188,0.5,0.5,0.5
74,53,-7.79503059387207,13.441454887390137,0.3333333432674408,0.6666666865348816,1.0
74,54,-9.992780685424805,7.378395080566406,0.6000000238418579,0.800000011920929,1.0
74,55,-11.062883377075195,15.89048957824707,0.25,0.75,1.0
74,56,-12.870924949645996,72.98897552490234,0.0,0.6666666865348816,1.0
74,57,-9.447851181030273,10.611759185791016,0.5,0.75,1.0
74,58,-18.79107666015625,525.1544189453125,0.0,0.3333333432674408,0.3333333432674408
74,59,-6.382157325744629,8.392897605895996,0.6666666865348816,0.6666666865348816,1.0
74,60,-9.233059883117676,10.056960105895996,0.5,1.0,1.0
74,61,-12.833966255187988,612.1535034179688,0.0,0.5,0.5
74,62,-9.525789260864258,10.820552825927734,0.25,0.75,1.0
74,63,-5.9709625244140625,19.7960262298584,0.5,0.5,1.0
74,64,-8.49239730834961,69.83942413330078,0.0,0.5,1.0
74,65,-16.34539031982422,3542.8798828125,0.0,0.0,0.5
74,66,-12.92387866973877,74.28874969482422,0.6666666865348816,0.6666666865348816,0.6666666865348816
74,67,-20.466236114501953,27809.083984375,0.0,0.0,0.5
74,68,-10.485733985900879,32.958351135253906,0.3333333432674408,0.6666666865348816,0.6666666865348816
74,69,-10.568367958068848,197.19320678710938,0.0,0.5,1.0
74,70,-16.481964111328125,61.5894775390625,0.0,0.75,0.75
74,71,-5.984829902648926,19.93376350402832,0.5,0.5,1.0
75,0,-6.3193840980529785,23.563339233398438,0.5,0.5,1.0
75,1,-3.909181594848633,7.061028957366943,0.5,1.0,1.0
75,2,-8.86523151397705,19.203205108642578,0.6666666865348816,0.6666666865348816,0.6666666865348816
75,3,-17.992530822753906,8072.87890625,0.0,0.0,0.0
75,4,-19.170446395874023,14548.208984375,0.0,0.0,0.5
75,5,-13.504058837890625,90.13899230957031,0.3333333432674408,0.6666666865348816,0.6666666865348816
75,6,-32.13916015625,211.98741149902344,0.5,0.6666666865348816,0.6666666865348816
75,7,-4.771677494049072,4.906491279602051,0.3333333432674408,1.0,1.0
75,8,-29.48457908630371,1589.4522705078125,0.25,0.25,0.5
75,9,-18.040359497070312,408.892822265625,0.0,0.3333333432674408,0.6666666865348816
75,10,-12.488335609436035,22.693620681762695,0.25,0.75,1.0
75,11,-15.632789611816406,9.330192565917969,0.4285714626312256,0.8571429252624512,0.8571429252624512
75,12,-12.736760139465332,583.1124877929688,0.5,0.5,0.5
75,13,-8.928690910339355,9.320094108581543,0.75,0.75,0.75
75,14,-18.21993064880371,9044.9814453125,0.0,0.0,0.5
75,15,-9.869500160217285,26.838390350341797,0.3333333432674408,0.6666666865348816,0.6666666865348816
75,16,-5.763468265533447,17.845191955566406,0.5,0.5,1.0
75,17,-4.968358039855957,11.99127197265625,0.5,1.0,1.0
75,18,-3.663022041320801,6.243313312530518,0.5,1.0,1.0
75,19,-7.619174957275391,12.676186561584473,0.3333333432674408,0.6666666865348816,1.0
75,20,-6.9030375480651855,995.2933349609375,0.0,0.0,0.0
75,21,-25.403587341308594,328336.3125,0.0,0.0,0.0
75,22,-25.28209686279297,23.5767765045166,0.25,0.625,0.875
75,23,-10.81800365447998,223.4084930419922,0.5,0.5,0.5
75,24,-6.198801517486572,22.18465232849121,0.5,0.5,1.0
75,25,-15.553864479064941,178.50582885742188,0.0,0.3333333432674408,1.0
75,26,-4.664489269256592,10.301037788391113,0.5,1.0,1.0
75,27,-7.218789577484131,36.943687438964844,0.0,1.0,1.0
75,28,-4.605039596557617,9.999346733093262,0.5,1.0,1.0
75,29,-8.538396835327148,71.46432495117188,0.0,0.5,1.0
75,30,-3.289547920227051,26.830732345581055,0.0,1.0,1.0
75,31,-9.238597869873047,4.6635003089904785,0.5,1.0,1.0
75,32,-2.3870134353637695,2.215927839279175,0.6666666865348816,1.0,1.0
75,33,-17.67770767211914,6897.0830078125,0.0,0.0,0.5
75,34,-12.526300430297852,8.06647777557373,0.6666666865348816,0.8333333730697632,1.0
75,35,-6.167541980743408,21.840608596801758,0.5,0.5,1.0
75,36,-7.398961067199707,40.426300048828125,0.5,0.5,0.5
75,37,-11.647860527038574,4.288695335388184,0.75,0.875,1.0
75,38,-6.965850353240967,5.705682754516602,0.75,1.0,1.0
75,39,-13.289022445678711,768.5542602539062,0.5,0.5,0.5
75,40,-16.201122283935547,3296.3173828125,0.0,0.5,0.5
75,41,-22.784427642822266,17.25416374206543,0.375,0.75,0.875
75,42,-5.673137187957764,6.626294136047363,0.3333333432674408,1.0,1.0
75,43,-12.088783264160156,20.536334991455078,0.5,0.75,1.0
75,44,-18.986982345581055,115.20873260498047,0.0,0.5,0.75
75,45,-9.527068138122559,117.15924835205078,0.0,0.5,0.5
75,46,-9.818695068359375,26.387712478637695,0.6666666865348816,0.6666666865348816,0.6666666865348816
75,47,-9.427946090698242,23.165143966674805,0.6666666865348816,0.6666666865348816,0.6666666865348816
75,48,-13.666656494140625,9.754961013793945,0.3333333432674408,0.6666666865348816,1.0
75,49,-2.8411753177642822,1.7651488780975342,0.800000011920929,1.0,1.0
75,50,-2.6010162830352783,3.671161651611328,0.5,1.0,1.0
75,51,-20.05929946899414,28.310043334960938,0.3333333432674408,0.6666666865348816,0.8333333730697632
75,52,-10.182727813720703,162.6114959716797,0.5,0.5,0.5
75,53,-7.7850661277771,13.396882057189941,0.3333333432674408,0.6666666865348816,1.0
75,54,-10.010449409484863,7.404515743255615,0.6000000238418579,0.800000011920929,1.0
75,55,-11.203741073608398,16.460033416748047,0.25,0.75,1.0
75,56,-12.911843299865723,73.9913330078125,0.0,0.6666666865348816,1.0
75,57,-9.456687927246094,10.635229110717773,0.5,0.75,1.0
75,58,-18.87127685546875,539.3829345703125,0.0,0.3333333432674408,0.3333333432674408
75,59,-6.385666370391846,8.40272045135498,0.6666666865348816,0.6666666865348816,1.0
75,60,-9.357473373413086,10.37468147277832,0.5,1.0,1.0
75,61,-12.715445518493652,576.9310913085938,0.0,0.5,0.5
75,62,-9.52716064453125,10.824262619018555,0.25,0.75,1.0
75,63,-5.958950996398926,19.677492141723633,0.5,0.5,1.0
75,64,-8.450824737548828,68.40270233154297,0.0,0.5,1.0
75,65,-16.402446746826172,3645.4072265625,0.0,0.0,0.5
75,66,-12.886375427246094,73.36583709716797,0.6666666865348816,0.6666666865348816,0.6666666865348816
75,67,-20.45295524597168,27625.03125,0.0,0.0,0.5
75,68,-10.418269157409668,32.22544860839844,0.3333333432674408,0.6666666865348816,0.6666666865348816
75,69,-10.535924911499023,194.02023315429688,0.0,0.5,1.0
75,70,-16.49007797241211,61.714534759521484,0.0,0.5,0.75
75,71,-5.997738838195801,20.062843322753906,0.5,0.5,1.0
76,0,-6.216340065002441,22.38005256652832,0.5,0.5,1.0
76,1,-3.8321502208709717,6.794239521026611,0.5,1.0,1.0
76,2,-8.887238502502441,19.34459114074707,0.6666666865348816,0.6666666865348816,0.6666666865348816
76,3,-17.798709869384766,7327.24560546875,0.0,0.0,0.0
76,4,-19.290550231933594,15448.623046875,0.0,0.0,0.5
76,5,-13.501243591308594,90.054443359375,0.3333333432674408,0.6666666865348816,0.6666666865348816
76,6,-32.099952697753906,210.60667419433594,0.5,0.6666666865348816,0.6666666865348816
76,7,-4.712020397186279,4.809886455535889,0.3333333432674408,1.0,1.0
76,8,-29.536348342895508,1610.1572265625,0.25,0.25,0.5
76,9,-18.058507919311523,411.37396240234375,0.0,0.3333333432674408,0.6666666865348816
76,10,-12.63900089263916,23.56471061706543,0.25,0.75,1.0
76,11,-15.676301002502441,9.3883695602417,0.4285714626312256,0.8571429252624512,0.8571429252624512
76,12,-12.890111923217773,629.5819091796875,0.5,0.5,0.5
76,13,-8.884113311767578,9.216804504394531,0.75,0.75,0.75
76,14,-18.310388565063477,9463.4697265625,0.0,0.0,0.5
76,15,-9.924447059631348,27.334484100341797,0.3333333432674408,0.6666666865348816,0.6666666865348816
76,16,-5.68758487701416,17.18079948425293,0.5,0.5,1.0
76,17,-4.940589904785156,11.825934410095215,0.5,1.0,1.0
76,18,-3.69003963470459,6.328225612640381,0.5,1.0,1.0
76,19,-7.589130878448486,12.549870491027832,0.3333333432674408,0.6666666865348816,1.0
76,20,-6.965466499328613,1059.408935546875,0.0,0.0,0.0
76,21,-25.340492248535156,318139.78125,0.0,0.0,0.0
76,22,-25.412944793701172,23.965566635131836,0.25,0.625,0.875
76,23,-10.748905181884766,215.8217010498047,0.5,0.5,0.5
76,24,-6.232883930206299,22.565946578979492,0.5,0.5,1.0
76,25,-15.55108642578125,178.34060668945312,0.0,0.3333333432674408,1.0
76,26,-4.632554531097412,10.137864112854004,0.5,1.0,1.0
76,27,-7.166182518005371,35.9846076965332,0.0,1.0,1.0
76,28,-4.581265926361084,9.881190299987793,0.5,1.0,1.0
76,29,-8.572765350341797,72.7030029296875,0.0,0.5,1.0
76,30,-3.248110055923462,25.74164581298828,0.0,1.0,1.0
76,31,-9.459961891174316,4.83876895904541,0.5,1.0,1.0
76,32,-2.3233871459960938,2.1694257259368896,0.6666666865348816,1.0,1.0
76,33,-17.59150505065918,6606.125,0.0,0.0,0.5
76,34,-12.46370792388916,7.982763290405273,0.6666666865348816,0.8333333730697632,1.0
76,35,-6.128129959106445,21.414430618286133,0.5,0.5,1.0
76,36,-7.395457744598389,40.35554885864258,0.5,0.5,0.5
76,37,-11.667332649230957,4.29914665222168,0.75,0.875,1.0
76,38,-6.925998687744141,5.6491193771362305,0.75,1.0,1.0
76,39,-13.278717041015625,764.6043090820312,0.5,0.5,0.5
76,40,-16.25824546813965,3391.822998046875,0.0,0.5,0.5
76,41,-22.770706176757812,17.22459602355957,0.375,0.75,0.875
76,42,-5.668651103973389,6.616393089294434,0.3333333432674408,1.0,1.0
76,43,-12.09197998046875,20.55275535583496,0.5,0.75,1.0
76,44,-18.95999526977539,114.43407440185547,0.0,0.5,0.75
76,45,-9.532586097717285,117.4829330444336,0.0,0.5,0.5
76,46,-9.832204818725586,26.506811141967773,0.6666666865348816,0.6666666865348816,0.6666666865348816
76,47,-9.389920234680176,22.873371124267578,0.6666666865348816,0.6666666865348816,0.6666666865348816
76,48,-13.625736236572266,9.688658714294434,0.3333333432674408,0.6666666865348816,1.0
76,49,-2.779585361480713,1.7435392141342163,0.800000011920929,1.0,1.0
76,50,-2.592686176300049,3.655902862548828,0.5,1.0,1.0
76,51,-20.005863189697266,28.059030532836914,0.3333333432674408,0.6666666865348816,0.8333333730697632
76,52,-10.203904151916504,164.3424072265625,0.5,0.5,0.5
76,53,-7.760479927062988,13.287537574768066,0.3333333432674408,0.6666666865348816,1.0
76,54,-10.024208068847656,7.424917697906494,0.6000000238418579,0.800000011920929,1.0
76,55,-11.130598068237305,16.161785125732422,0.25,0.75,1.0
76,56,-12.770929336547852,70.59622192382812,0.0,0.6666666865348816,1.0
76,57,-9.471244812011719,10.674003601074219,0.5,0.75,1.0
76,58,-18.822778701782227,530.7332153320312,0.0,0.3333333432674408,0.3333333432674408
76,59,-6.394476890563965,8.427433967590332,0.6666666865348816,0.6666666865348816,1.0
76,60,-9.299473762512207,10.225335121154785,0.5,1.0,1.0
76,61,-12.79632568359375,600.7403564453125,0.0,0.5,0.5
76,62,-9.545614242553711,10.874314308166504,0.25,0.75,1.0
76,63,-6.002131462097168,20.10695457458496,0.5,0.5,1.0
76,64,-8.455923080444336,68.5772933959961,0.0,0.5,1.0
76,65,-16.407121658325195,3653.9384765625,0.0,0.0,0.5
76,66,-13.032649040222168,77.03164672851562,0.6666666865348816,0.6666666865348816,0.6666666865348816
76,67,-20.415861129760742,27117.392578125,0.0,0.0,0.5
76,68,-10.461934089660645,32.69791793823242,0.3333333432674408,0.6666666865348816,0.6666666865348816
76,69,-10.636720657348633,204.04904174804688,0.0,0.5,1.0
76,70,-16.57566261291504,63.049217224121094,0.0,0.75,0.75
76,71,-5.885608196258545,18.968963623046875,0.5,0.5,1.0
77,0,-6.331597328186035,23.707670211791992,0.5,0.5,1.0
77,1,-3.8367857933044434,6.8100056648254395,0.5,1.0,1.0
77,2,-8.879739761352539,19.296297073364258,0.6666666865348816,0.6666666865348816,0.6666666865348816
77,3,-17.923377990722656,7798.51806640625,0.0,0.0,0.0
77,4,-19.21723175048828,14892.54296875,0.0,0.0,0.5
77,5,-13.511103630065918,90.35092163085938,0.3333333432674408,0.6666666865348816,0.6666666865348816
77,6,-32.240577697753906,215.60107421875,0.5,0.6666666865348816,0.6666666865348816
77,7,-4.668196678161621,4.7401347160339355,0.3333333432674408,1.0,1.0
77,8,-29.519100189208984,1603.22900390625,0.25,0.25,0.5
77,9,-18.093687057495117,416.2262878417969,0.0,0.3333333432674408,0.6666666865348816
77,10,-12.57429027557373,23.186555862426758,0.25,0.75,1.0
77,11,-15.826318740844727,9.591743469238281,0.4285714626312256,0.8571429252624512,0.8571429252624512
77,12,-12.837038040161133,613.094482421875,0.5,0.5,0.5
77,13,-8.827384948730469,9.08701229095459,0.75,0.75,0.75
77,14,-18.318328857421875,9501.115234375,0.0,0.0,0.5
77,15,-9.98244857788086,27.868106842041016,0.3333333432674408,0.6666666865348816,0.6666666865348816
77,16,-5.706811904907227,17.346763610839844,0.5,0.5,1.0
77,17,-4.920114517211914,11.705482482910156,0.5,1.0,1.0
77,18,-3.574305295944214,5.9724225997924805,0.5,1.0,1.0
77,19,-7.576007843017578,12.495092391967773,0.3333333432674408,0.6666666865348816,1.0
77,20,-6.89592170715332,988.2361450195312,0.0,0.0,0.0
77,21,-25.347911834716797,319322.1875,0.0,0.0,0.0
77,22,-25.45052719116211,24.07841682434082,0.25,0.625,0.875
77,23,-10.788311004638672,220.11619567871094,0.5,0.5,0.5
77,24,-6.191858291625977,22.107770919799805,0.5,0.5,1.0
77,25,-15.560328483581543,178.89089965820312,0.0,0.3333333432674408,1.0
77,26,-4.67690896987915,10.365204811096191,0.5,1.0,1.0
77,27,-7.107779026031494,34.94898986816406,0.0,1.0,1.0
77,28,-4.579347133636475,9.87171459197998,0.5,1.0,1.0
77,29,-8.618804931640625,74.3960189819336,0.0,0.5,1.0
77,30,-3.3215644359588623,27.703657150268555,0.0,1.0,1.0
77,31,-9.445585250854492,4.827188014984131,0.5,1.0,1.0
77,32,-2.395617961883545,2.22229266166687,0.6666666865348816,1.0,1.0
77,33,-17.85279655456543,7528.10205078125,0.0,0.0,0.5
77,34,-12.522128105163574,8.060869216918945,0.6666666865348816,0.8333333730697632,1.0
77,35,-6.235379219055176,22.594118118286133,0.5,0.5,1.0
77,36,-7.349604606628418,39.440860748291016,0.5,0.5,0.5
77,37,-11.757049560546875,4.347631454467773,0.75,0.875,1.0
77,38,-6.947765827178955,5.6799445152282715,0.75,1.0,1.0
77,39,-13.288116455078125,768.2062377929688,0.5,0.5,0.5
77,40,-16.228744506835938,3342.15869140625,0.0,0.5,0.5
77,41,-22.88284683227539,17.467741012573242,0.375,0.75,0.875
77,42,-5.749839782714844,6.797896862030029,0.3333333432674408,1.0,1.0
77,43,-12.14270305633545,20.815038681030273,0.5,0.75,1.0
77,44,-19.06232452392578,117.39933013916016,0.0,0.5,0.75
77,45,-9.600730895996094,121.5548324584961,0.0,0.5,0.5
77,46,-9.89341926574707,27.053232192993164,0.6666666865348816,0.6666666865348816,0.6666666865348816
77,47,-9.344779968261719,22.531776428222656,0.6666666865348816,0.6666666865348816,0.6666666865348816
77,48,-13.659526824951172,9.743376731872559,0.3333333432674408,0.6666666865348816,1.0
77,49,-2.807865619659424,1.7534286975860596,0.800000011920929,1.0,1.0
77,50,-2.567446708679199,3.610056161880493,0.5,1.0,1.0
77,51,-19.98929214477539,27.981643676757812,0.3333333432674408,0.6666666865348816,0.8333333730697632
77,52,-10.244671821594238,167.72669982910156,0.5,0.5,0.5
77,53,-7.725983619689941,13.135623931884766,0.3333333432674408,0.6666666865348816,1.0
77,54,-9.948143005371094,7.312817096710205,0.6000000238418579,0.800000011920929,1.0
77,55,-11.222146987915039,16.535947799682617,0.25,0.75,1.0
77,56,-12.971879959106445,75.48695373535156,0.0,0.6666666865348816,1.0
77,57,-9.541521072387695,10.863192558288574,0.5,0.75,1.0
77,58,-18.772865295410156,521.97607421875,0.0,0.3333333432674408,0.3333333432674408
77,59,-6.433197975158691,8.53691291809082,0.6666666865348816,0.6666666865348816,1.0
77,60,-9.473006248474121,10.678705215454102,0.5,1.0,1.0
77,61,-12.865811347961426,621.9785766601562,0.0,0.5,0.5
77,62,-9.47587776184082,10.686373710632324,0.25,0.75,1.0
77,63,-6.029516220092773,20.384159088134766,0.5,0.5,1.0
77,64,-8.535613059997559,71.36492156982422,0.0,0.5,1.0
77,65,-16.39239501953125,3627.1318359375,0.0,0.0,0.5
77,66,-13.050689697265625,77.49626922607422,0.6666666865348816,0.6666666865348816,0.6666666865348816
77,67,-20.51875877380371,28549.0625,0.0,0.0,0.5
77,68,-10.479715347290039,32.892295837402344,0.3333333432674408,0.6666666865348816,0.6666666865348816
77,69,-10.539596557617188,194.37673950195312,0.0,0.5,1.0
77,70,-16.60951805114746,63.585121154785156,0.0,0.75,0.75
77,71,-5.91439962387085,19.24401092529297,0.5,0.5,1.0
78,0,-6.283007621765137,23.13863754272461,0.5,0.5,1.0
78,1,-3.857546806335449,6.881065368652344,0.5,1.0,1.0
78,2,-8.834118843078613,19.005077362060547,0.6666666865348816,0.6666666865348816,0.6666666865348816
78,3,-17.986358642578125,8048.00341796875,0.0,0.0,0.0
78,4,-19.277400970458984,15347.3857421875,0.0,0.0,0.5
78,5,-13.550065040588379,91.53197479248047,0.3333333432674408,0.6666666865348816,0.6666666865348816
78,6,-32.20441818237305,214.30560302734375,0.5,0.6666666865348816,0.6666666865348816
78,7,-4.679929256439209,4.75870943069458,0.3333333432674408,1.0,1.0
78,8,-29.49062728881836,1591.857421875,0.25,0.25,0.5
78,9,-18.109699249267578,418.4537048339844,0.0,0.3333333432674408,0.6666666865348816
78,10,-12.542049407958984,23.000417709350586,0.25,0.75,1.0
78,11,-15.90080451965332,9.694352149963379,0.4285714626312256,0.8571429252624512,0.8571429252624512
78,12,-12.763374328613281,590.923828125,0.5,0.5,0.5
78,13,-8.789008140563965,9.00024700164795,0.75,0.75,0.75
78,14,-18.369853973388672,9749.068359375,0.0,0.0,0.5
78,15,-9.927082061767578,27.358505249023438,0.3333333432674408,0.6666666865348816,0.6666666865348816
78,16,-5.6560282707214355,16.911842346191406,0.5,0.5,1.0
78,17,-4.980344295501709,12.063352584838867,0.5,1.0,1.0
78,18,-3.6277101039886475,6.134048938751221,0.5,1.0,1.0
78,19,-7.598041534423828,12.587201118469238,0.3333333432674408,0.6666666865348816,1.0
78,20,-6.91058349609375,1002.8322143554688,0.0,0.0,0.0
78,21,-25.407371520996094,328958.15625,0.0,0.0,0.0
78,22,-25.356441497802734,23.796897888183594,0.25,0.625,0.875
78,23,-10.849771499633789,226.98541259765625,0.5,0.5,0.5
78,24,-6.171385765075684,21.88262367248535,0.5,0.5,1.0
78,25,-15.684986114501953,186.4808807373047,0.0,0.3333333432674408,1.0
78,26,-4.674152851104736,10.350930213928223,0.5,1.0,1.0
78,27,-7.128147125244141,35.30672836303711,0.0,1.0,1.0
78,28,-4.6199564933776855,10.07420539855957,0.5,1.0,1.0
78,29,-8.530240058898926,71.1734619140625,0.0,0.5,1.0
78,30,-3.295517683029175,26.991382598876953,0.0,1.0,1.0
78,31,-9.302894592285156,4.713743209838867,0.5,1.0,1.0
78,32,-2.34326171875,2.183845281600952,0.6666666865348816,1.0,1.0
78,33,-17.799612045288086,7330.55126953125,0.0,0.0,0.5
78,34,-12.49635124206543,8.026312828063965,0.6666666865348816,0.8333333730697632,1.0
78,35,-6.196025371551514,22.153881072998047,0.5,0.5,1.0
78,36,-7.383203029632568,40.109031677246094,0.5,0.5,0.5
78,37,-11.739017486572266,4.33784294128418,0.75,0.875,1.0
78,38,-6.976513862609863,5.720913410186768,0.75,1.0,1.0
78,39,-13.282727241516113,766.1389770507812,0.5,0.5,0.5
78,40,-16.252477645874023,3382.05517578125,0.0,0.5,0.5
78,41,-22.732126235961914,17.1417293548584,0.375,0.75,0.875
78,42,-5.769613742828369,6.842851638793945,0.3333333432674408,1.0,1.0
78,43,-12.152698516845703,20.867116928100586,0.5,0.75,1.0
78,44,-18.995349884033203,115.44999694824219,0.0,0.5,0.75
78,45,-9.576147079467773,120.06983947753906,0.0,0.5,0.5
78,46,-9.819642066955566,26.39604377746582,0.6666666865348816,0.6666666865348816,0.6666666865348816
78,47,-9.398652076721191,22.940046310424805,0.6666666865348816,0.6666666865348816,0.6666666865348816
78,48,-13.763872146606445,9.914305686950684,0.3333333432674408,0.6666666865348816,1.0
78,49,-2.817579746246338,1.7568385601043701,0.800000011920929,1.0,1.0
78,50,-2.5964016914367676,3.662700891494751,0.5,1.0,1.0
78,51,-19.9736328125,27.908706665039062,0.3333333432674408,0.6666666865348816,0.8333333730697632
78,52,-10.226300239562988,166.19305419921875,0.5,0.5,0.5
78,53,-7.7200026512146,13.109460830688477,0.3333333432674408,0.6666666865348816,1.0
78,54,-10.053196907043457,7.4680914878845215,0.6000000238418579,0.800000011920929,1.0
78,55,-11.157726287841797,16.271766662597656,0.25,0.75,1.0
78,56,-12.951611518859863,74.97869110107422,0.0,0.6666666865348816,1.0
78,57,-9.41442584991455,10.523453712463379,0.5,0.75,1.0
78,58,-18.81797218322754,529.8836059570312,0.0,0.3333333432674408,0.3333333432674408
78,59,-6.455502033233643,8.600617408752441,0.6666666865348816,0.6666666865348816,1.0
78,60,-9.41457748413086,10.523853302001953,0.5,1.0,1.0
78,61,-12.840502738952637,614.157470703125,0.0,0.5,0.5
78,62,-9.421833038330078,10.542959213256836,0.25,0.75,1.0
78,63,-6.035007953643799,20.440210342407227,0.5,0.5,1.0
78,64,-8.517036437988281,70.70513153076172,0.0,0.5,1.0
78,65,-16.34141731262207,3535.848876953125,0.0,0.0,0.5
78,66,-12.931047439575195,74.46646881103516,0.6666666865348816,0.6666666865348816,0.6666666865348816
78,67,-20.512619018554688,28461.5546875,0.0,0.0,0.5
78,68,-10.505224227905273,33.17316818237305,0.3333333432674408,0.6666666865348816,0.6666666865348816
78,69,-10.572153091430664,197.56675720214844,0.0,0.5,1.0
78,70,-16.62363052368164,63.809852600097656,0.0,0.75,0.75
78,71,-5.917640686035156,19.27522087097168,0.5,0.5,1.0
79,0,-6.294969081878662,23.277437210083008,0.5,0.5,1.0
79,1,-3.8664472103118896,6.911755561828613,0.5,1.0,1.0
79,2,-8.8267240524292,18.95829200744629,0.6666666865348816,0.6666666865348816,0.6666666865348816
79,3,-17.803760528564453,7345.7724609375,0.0,0.0,0.0
79,4,-19.282865524291992,15389.3779296875,0.0,0.0,0.5
79,5,-13.549586296081543,91.51734924316406,0.3333333432674408,0.6666666865348816,0.6666666865348816
79,6,-32.26067352294922,216.32440185546875,0.5,0.5,0.6666666865348816
79,7,-4.655153751373291,4.719571113586426,0.3333333432674408,1.0,1.0
79,8,-29.491025924682617,1592.01611328125,0.25,0.25,0.5
79,9,-18.171783447265625,427.2037353515625,0.0,0.3333333432674408,0.6666666865348816
79,10,-12.61418342590332,23.418956756591797,0.25,0.75,1.0
79,11,-15.886619567871094,9.674728393554688,0.4285714626312256,0.8571429252624512,0.8571429252624512
79,12,-12.847631454467773,616.3504638671875,0.5,0.5,0.5
79,13,-8.791648864746094,9.00619125366211,0.75,0.75,0.75
79,14,-18.30633544921875,9444.310546875,0.0,0.0,0.5
79,15,-9.958728790283203,27.648632049560547,0.3333333432674408,0.6666666865348816,0.6666666865348816
79,16,-5.6690168380737305,17.022029876708984,0.5,0.5,1.0
79,17,-4.893405437469482,11.550199508666992,0.5,1.0,1.0
79,18,-3.6605031490325928,6.23545503616333,0.5,1.0,1.0
79,19,-7.5851545333862305,12.533247947692871,0.3333333432674408,0.6666666865348816,1.0
79,20,-6.915546894073486,1007.822021484375,0.0,0.0,0.0
79,21,-25.51613998413086,347343.6875,0.0,0.0,0.0
79,22,-25.35832977294922,23.802515029907227,0.25,0.625,0.875
79,23,-10.777739524841309,218.95578002929688,0.5,0.5,0.5
79,24,-6.216311454772949,22.379732131958008,0.5,0.5,1.0
79,25,-15.620526313781738,182.51675415039062,0.0,0.3333333432674408,1.0
79,26,-4.674203395843506,10.351192474365234,0.5,1.0,1.0
79,27,-7.033514022827148,33.67504119873047,0.0,1.0,1.0
79,28,-4.5791239738464355,9.870613098144531,0.5,1.0,1.0
79,29,-8.563465118408203,72.36570739746094,0.0,0.5,1.0
79,30,-3.3132646083831787,27.474674224853516,0.0,1.0,1.0
79,31,-9.473152160644531,4.8494181632995605,0.5,1.0,1.0
79,32,-2.3610756397247314,2.1968514919281006,0.6666666865348816,1.0,1.0
79,33,-17.76777458190918,7214.7822265625,0.0,0.0,0.5
79,34,-12.511358261108398,8.046412467956543,0.6666666865348816,0.8333333730697632,1.0
79,35,-6.234750747680664,22.587020874023438,0.5,0.5,1.0
79,36,-7.4148430824279785,40.748600006103516,0.5,0.5,0.5
79,37,-11.65869140625,4.294505596160889,0.75,0.875,1.0
79,38,-6.910549163818359,5.627342224121094,0.75,1.0,1.0
79,39,-13.335585594177246,786.6574096679688,0.5,0.5,0.5
79,40,-16.27916717529297,3427.490478515625,0.0,0.5,0.5
79,41,-22.81012725830078,17.309680938720703,0.375,0.75,0.875
79,42,-5.7444257736206055,6.785640239715576,0.3333333432674408,1.0,1.0
79,43,-12.205833435058594,21.146162033081055,0.5,0.75,1.0
79,44,-19.065092086791992,117.48057556152344,0.0,0.5,0.75
79,45,-9.582889556884766,120.47530364990234,0.0,0.5,0.5
79,46,-9.90859317779541,27.190410614013672,0.6666666865348816,0.6666666865348816,0.6666666865348816
79,47,-9.415205001831055,23.066970825195312,0.6666666865348816,0.6666666865348816,0.6666666865348816
79,48,-13.699787139892578,9.808975219726562,0.3333333432674408,0.6666666865348816,1.0
79,49,-2.7808210849761963,1.7439701557159424,0.800000011920929,1.0,1.0
79,50,-2.555549144744873,3.588644504547119,0.5,1.0,1.0
79,51,-19.943653106689453,27.769607543945312,0.3333333432674408,0.6666666865348816,0.8333333730697632
79,52,-10.283424377441406,171.00831604003906,0.5,0.5,0.5
79,53,-7.74330997467041,13.21170711517334,0.3333333432674408,0.6666666865348816,1.0
79,54,-9.98978042602539,7.373968601226807,0.6000000238418579,0.800000011920929,1.0
79,55,-11.266725540161133,16.721267700195312,0.25,0.75,1.0
79,56,-12.85959243774414,72.71378326416016,0.0,0.6666666865348816,1.0
79,57,-9.403881072998047,10.495748519897461,0.5,0.75,1.0
79,58,-18.91000747680664,546.3914184570312,0.0,0.3333333432674408,0.3333333432674408
79,59,-6.357222557067871,8.323427200317383,0.6666666865348816,0.6666666865348816,1.0
79,60,-9.30151653289795,10.230558395385742,0.5,1.0,1.0
79,61,-12.849109649658203,616.80615234375,0.0,0.5,0.5
79,62,-9.39361572265625,10.468847274780273,0.25,0.75,1.0
79,63,-6.006290435791016,20.1488094329834,0.5,0.5,1.0
79,64,-8.402522087097168,66.77047729492188,0.0,0.5,1.0
79,65,-16.320459365844727,3498.989990234375,0.0,0.0,0.5
79,66,-13.04464340209961,77.34025573730469,0.6666666865348816,0.6666666865348816,0.6666666865348816
79,67,-20.47805404663086,27973.89453125,0.0,0.0,0.5
79,68,-10.526192665100098,33.405845642089844,0.3333333432674408,0.6666666865348816,0.6666666865348816
79,69,-10.61059284210205,201.40069580078125,0.0,0.5,1.0
79,70,-16.531211853027344,62.35245132446289,0.0,0.75,0.75
79,71,-5.915772914886475,19.257226943969727,0.5,0.5,1.0
80,0,-6.314301490783691,23.50353240966797,0.5,0.5,1.0
80,1,-3.90435528755188,7.044010162353516,0.5,1.0,1.0
80,2,-8.77811336517334,18.653573989868164,0.6666666865348816,0.6666666865348816,0.6666666865348816
80,3,-17.845020294189453,7498.888671875,0.0,0.0,0.0
80,4,-19.533859252929688,17447.115234375,0.0,0.0,0.5
80,5,-13.511786460876465,90.37147521972656,0.3333333432674408,0.6666666865348816,0.6666666865348816
80,6,-32.249305725097656,215.91485595703125,0.5,0.6666666865348816,0.6666666865348816
80,7,-4.6181111335754395,4.661654472351074,0.3333333432674408,1.0,1.0
80,8,-29.521251678466797,1604.091552734375,0.25,0.25,0.5
80,9,-18.041154861450195,409.001220703125,0.0,0.3333333432674408,0.6666666865348816
80,10,-12.564724922180176,23.131174087524414,0.25,0.75,1.0
80,11,-15.880507469177246,9.666282653808594,0.4285714626312256,0.8571429252624512,0.8571429252624512
80,12,-12.952913284301758,649.6649169921875,0.5,0.5,0.5
80,13,-8.728962898254395,8.866150856018066,0.75,0.75,0.75
80,14,-18.33375358581543,9574.673828125,0.0,0.0,0.5
80,15,-9.956470489501953,27.627830505371094,0.3333333432674408,0.6666666865348816,0.6666666865348816
80,16,-5.703261852264404,17.31599998474121,0.5,0.5,1.0
80,17,-5.007859230041504,12.230461120605469,0.5,1.0,1.0
80,18,-3.6750905513763428,6.281100749969482,0.5,1.0,1.0
80,19,-7.578023433685303,12.503491401672363,0.3333333432674408,0.6666666865348816,1.0
80,20,-6.942625999450684,1035.48583984375,0.0,0.0,0.0
80,21,-25.470415115356445,339492.65625,0.0,0.0,0.0
80,22,-25.276798248291016,23.56116485595703,0.25,0.625,0.875
80,23,-10.747085571289062,215.62542724609375,0.5,0.5,0.5
80,24,-6.259960174560547,22.873525619506836,0.5,0.5,1.0
80,25,-15.58608341217041,180.4333038330078,0.0,0.3333333432674408,1.0
80,26,-4.650094509124756,10.227163314819336,0.5,1.0,1.0
80,27,-7.068402290344238,34.26762771606445,0.0,1.0,1.0
80,28,-4.593268871307373,9.940670013427734,0.5,1.0,1.0
80,29,-8.62078857421875,74.46984100341797,0.0,0.5,1.0
80,30,-3.315040111541748,27.52349853515625,0.0,1.0,1.0
80,31,-9.487085342407227,4.860692501068115,0.5,1.0,1.0
80,32,-2.3506217002868652,2.189209461212158,0.6666666865348816,1.0,1.0
80,33,-17.74660873413086,7138.83154296875,0.0,0.0,0.5
80,34,-12.5430326461792,8.089001655578613,0.6666666865348816,0.8333333730697632,1.0
80,35,-6.152822971343994,21.68045997619629,0.5,0.5,1.0
80,36,-7.407667636871338,40.6026725769043,0.5,0.5,0.5
80,37,-11.59736442565918,4.261710166931152,0.75,0.875,1.0
80,38,-6.933619022369385,5.659891605377197,0.75,1.0,1.0
80,39,-13.222249984741211,743.3187255859375,0.5,0.5,0.5
80,40,-16.272724151611328,3416.466552734375,0.0,0.5,0.5
80,41,-22.82638931274414,17.34490394592285,0.375,0.75,0.875
80,42,-5.716386795043945,6.7225141525268555,0.3333333432674408,1.0,1.0
80,43,-12.185503005981445,21.038955688476562,0.5,0.75,1.0
80,44,-19.156051635742188,120.18267822265625,0.0,0.5,0.75
80,45,-9.562039375305176,119.22586822509766,0.0,0.5,0.5
80,46,-9.867971420288086,26.82472038269043,0.6666666865348816,0.6666666865348816,0.6666666865348816
80,47,-9.344867706298828,22.532438278198242,0.6666666865348816,0.6666666865348816,0.6666666865348816
80,48,-13.657394409179688,9.739914894104004,0.3333333432674408,0.6666666865348816,1.0
80,49,-2.742279291152954,1.7305787801742554,0.800000011920929,1.0,1.0
80,50,-2.5770812034606934,3.627488613128662,0.5,1.0,1.0
80,51,-20.017045974731445,28.111373901367188,0.3333333432674408,0.6666666865348816,0.8333333730697632
80,52,-10.203424453735352,164.302978515625,0.5,0.5,0.5
80,53,-7.765616416931152,13.310309410095215,0.3333333432674408,0.6666666865348816,1.0
80,54,-9.867308616638184,7.195542812347412,0.6000000238418579,0.800000011920929,1.0
80,55,-11.206927299499512,16.4731502532959,0.25,0.75,1.0
80,56,-12.965875625610352,75.3360366821289,0.0,0.6666666865348816,1.0
80,57,-9.390003204345703,10.459396362304688,0.5,0.75,1.0
80,58,-18.920459747314453,548.2985229492188,0.0,0.3333333432674408,0.3333333432674408
80,59,-6.3713531494140625,8.362725257873535,0.6666666865348816,0.6666666865348816,1.0
80,60,-9.316300392150879,10.268440246582031,0.5,1.0,1.0
80,61,-12.913578033447266,637.0123291015625,0.0,0.5,0.5
80,62,-9.508113861083984,10.772843360900879,0.25,0.75,1.0
80,63,-5.970026016235352,19.786760330200195,0.5,0.5,1.0
80,64,-8.493804931640625,69.88859558105469,0.0,0.5,1.0
80,65,-16.36220932006836,3572.799560546875,0.0,0.0,0.5
80,66,-13.038251876831055,77.1756591796875,0.6666666865348816,0.6666666865348816,0.6666666865348816
80,67,-20.625751495361328,30117.923828125,0.0,0.0,0.5
80,68,-10.549129486083984,33.6622314453125,0.3333333432674408,0.6666666865348816,0.6666666865348816
80,69,-10.585766792297363,198.91615295410156,0.0,0.5,1.0
80,70,-16.684999465942383,64.79638671875,0.0,0.75,0.75
80,71,-5.926894187927246,19.364606857299805,0.5,0.5,1.0
81,0,-6.364480972290039,24.100690841674805,0.5,0.5,1.0
81,1,-3.8766705989837646,6.947176933288574,0.5,1.0,1.0
81,2,-8.870198249816895,19.235023498535156,0.6666666865348816,0.6666666865348816,0.6666666865348816
81,3,-17.802562713623047,7341.37451171875,0.0,0.0,0.0
81,4,-19.280757904052734,15373.16796875,0.0,0.0,0.5
81,5,-13.536541938781738,91.12031555175781,0.3333333432674408,0.6666666865348816,0.6666666865348816
81,6,-32.290679931640625,217.40896606445312,0.5,0.5,0.6666666865348816
81,7,-4.649215221405029,4.710237979888916,0.3333333432674408,1.0,1.0
81,8,-29.558446884155273,1619.077392578125,0.25,0.25,0.5
81,9,-18.040822982788086,408.95599365234375,0.0,0.3333333432674408,0.6666666865348816
81,10,-12.650991439819336,23.635454177856445,0.25,0.75,1.0
81,11,-16.010066986083984,9.846858978271484,0.4285714626312256,0.8571429252624512,0.8571429252624512
81,12,-12.76904582977295,592.6019287109375,0.5,0.5,0.5
81,13,-8.703279495239258,8.809405326843262,0.75,0.75,0.75
81,14,-18.429931640625,10046.361328125,0.0,0.0,0.5
81,15,-9.958974838256836,27.650901794433594,0.3333333432674408,0.6666666865348816,0.6666666865348816
81,16,-5.651096820831299,16.870193481445312,0.5,0.5,1.0
81,17,-4.938639163970947,11.81440544128418,0.5,1.0,1.0
81,18,-3.638174057006836,6.166226387023926,0.5,1.0,1.0
81,19,-7.514081001281738,12.2398099899292,0.3333333432674408,0.6666666865348816,1.0
81,20,-6.9681243896484375,1062.2286376953125,0.0,0.0,0.0
81,21,-25.502822875976562,345038.53125,0.0,0.0,0.0
81,22,-25.322118759155273,23.695018768310547,0.25,0.625,0.875
81,23,-10.819070816040039,223.5277099609375,0.5,0.5,0.5
81,24,-6.244241714477539,22.694461822509766,0.5,0.5,1.0
81,25,-15.62124252319336,182.56036376953125,0.0,0.3333333432674408,1.0
81,26,-4.624320983886719,10.096214294433594,0.5,1.0,1.0
81,27,-7.162199974060059,35.913021087646484,0.0,1.0,1.0
81,28,-4.552019119262695,9.73774528503418,0.5,1.0,1.0
81,29,-8.715003967285156,78.0618896484375,0.0,0.5,1.0
81,30,-3.314690113067627,27.513866424560547,0.0,1.0,1.0
81,31,-9.468183517456055,4.845403671264648,0.5,1.0,1.0
81,32,-2.3086111545562744,2.158766508102417,0.6666666865348816,1.0,1.0
81,33,-17.78001594543457,7259.07666015625,0.0,0.0,0.5
81,34,-12.518424987792969,8.05589485168457,0.6666666865348816,0.8333333730697632,1.0
81,35,-6.215439796447754,22.369979858398438,0.5,0.5,1.0
81,36,-7.420025825500488,40.85433578491211,0.5,0.5,0.5
81,37,-11.722518920898438,4.328906059265137,0.75,0.875,1.0
81,38,-6.976675987243652,5.7211456298828125,0.75,1.0,1.0
81,39,-13.24515438079834,751.8803100585938,0.5,0.5,0.5
81,40,-16.28118324279785,3430.947265625,0.0,0.5,0.5
81,41,-22.60519027709961,16.87188720703125,0.375,0.75,0.875
81,42,-5.785338401794434,6.87881326675415,0.3333333432674408,1.0,1.0
81,43,-12.352149963378906,21.933990478515625,0.5,0.75,1.0
81,44,-19.08240509033203,117.99016571044922,0.0,0.5,0.75
81,45,-9.610821723937988,122.16967010498047,0.0,0.5,0.5
81,46,-10.021980285644531,28.237760543823242,0.6666666865348816,0.6666666865348816,0.6666666865348816
81,47,-9.389594078063965,22.870885848999023,0.6666666865348816,0.6666666865348816,0.6666666865348816
81,48,-13.751562118530273,9.893985748291016,0.3333333432674408,0.6666666865348816,1.0
81,49,-2.727440357208252,1.7254502773284912,0.800000011920929,1.0,1.0
81,50,-2.5807342529296875,3.6341207027435303,0.5,1.0,1.0
81,51,-19.96308135986328,27.85967254638672,0.3333333432674408,0.6666666865348816,0.8333333730697632
81,52,-10.245076179504395,167.7606201171875,0.5,0.5,0.5
81,53,-7.768294811248779,13.322196006774902,0.3333333432674408,0.6666666865348816,1.0
81,54,-9.941859245300293,7.303632736206055,0.6000000238418579,0.800000011920929,1.0
81,55,-11.274107933044434,16.75215721130371,0.25,0.75,1.0
81,56,-12.956552505493164,75.10228729248047,0.0,0.6666666865348816,1.0
81,57,-9.379910469055176,10.433038711547852,0.5,0.75,1.0
81,58,-18.89804458618164,544.2171630859375,0.0,0.3333333432674408,0.3333333432674408
81,59,-6.410654544830322,8.473002433776855,0.6666666865348816,0.6666666865348816,1.0
81,60,-9.274497032165527,10.161684036254883,0.5,1.0,1.0
81,61,-12.72555923461914,579.8558959960938,0.0,0.5,0.5
81,62,-9.315587997436523,10.266611099243164,0.25,0.75,1.0
81,63,-6.0287675857543945,20.37653160095215,0.5,0.5,1.0
81,64,-8.440757751464844,68.05926513671875,0.0,0.5,1.0
81,65,-16.389537811279297,3621.953857421875,0.0,0.0,0.5
81,66,-13.016329765319824,76.6137466430664,0.6666666865348816,0.6666666865348816,0.6666666865348816
81,67,-20.56978416442871,29286.796875,0.0,0.0,0.5
81,68,-10.520379066467285,33.34117126464844,0.3333333432674408,0.6666666865348816,0.6666666865348816
81,69,-10.604951858520508,200.8334503173828,0.0,0.5,1.0
81,70,-16.599483489990234,63.42580795288086,0.0,0.75,0.75
81,71,-5.937193393707275,19.46458625793457,0.5,0.5,1.0
82,0,-6.308549880981445,23.436038970947266,0.5,0.5,1.0
82,1,-3.9159834384918213,7.085084438323975,0.5,1.0,1.0
82,2,-8.838776588439941,19.034608840942383,0.6666666865348816,0.6666666865348816,0.6666666865348816
82,3,-17.825233459472656,7425.06494140625,0.0,0.0,0.0
82,4,-19.57971954345703,17851.802734375,0.0,0.0,0.5
82,5,-13.556221961975098,91.72001647949219,0.3333333432674408,0.6666666865348816,0.6666666865348816
82,6,-32.430118560791016,222.5206298828125,0.5,0.6666666865348816,0.6666666865348816
82,7,-4.672107696533203,4.746318340301514,0.3333333432674408,1.0,1.0
82,8,-29.497455596923828,1594.5772705078125,0.25,0.25,0.5
82,9,-18.219667434692383,434.0773010253906,0.0,0.3333333432674408,0.6666666865348816
82,10,-12.568917274475098,23.15542984008789,0.25,0.75,1.0
82,11,-15.938178062438965,9.74625015258789,0.4285714626312256,0.8571429252624512,0.8571429252624512
82,12,-12.895444869995117,631.2628784179688,0.5,0.5,0.5
82,13,-8.66565990447998,8.72694206237793,0.75,0.75,0.75
82,14,-18.3464298248291,9635.5517578125,0.0,0.0,0.5
82,15,-9.939828872680664,27.47499656677246,0.3333333432674408,0.6666666865348816,0.6666666865348816
82,16,-5.648734092712402,16.85027503967285,0.5,0.5,1.0
82,17,-4.887190818786621,11.514366149902344,0.5,1.0,1.0
82,18,-3.692305088043213,6.335397720336914,0.5,1.0,1.0
82,19,-7.553083896636963,12.399978637695312,0.3333333432674408,0.6666666865348816,1.0
82,20,-6.9789886474609375,1073.831787109375,0.0,0.0,0.0
82,21,-25.549074172973633,353110.78125,0.0,0.0,0.0
82,22,-25.231796264648438,23.428998947143555,0.25,0.625,0.875
82,23,-10.844738006591797,226.41485595703125,0.5,0.5,0.5
82,24,-6.281795024871826,23.12461280822754,0.5,0.5,1.0
82,25,-15.60344123840332,181.4803009033203,0.0,0.3333333432674408,1.0
82,26,-4.637746334075928,10.164214134216309,0.5,1.0,1.0
82,27,-7.11680793762207,35.107120513916016,0.0,1.0,1.0
82,28,-4.595370769500732,9.951122283935547,0.5,1.0,1.0
82,29,-8.691682815551758,77.15692901611328,0.0,0.5,1.0
82,30,-3.344757318496704,28.35369300842285,0.0,1.0,1.0
82,31,-9.441412925720215,4.823832988739014,0.5,1.0,1.0
82,32,-2.3417646884918213,2.182755947113037,0.6666666865348816,1.0,1.0
82,33,-17.821550369262695,7411.40380859375,0.0,0.0,0.5
82,34,-12.475987434387207,7.999117374420166,0.6666666865348816,0.8333333730697632,1.0
82,35,-6.138207912445068,21.52260971069336,0.5,0.5,1.0
82,36,-7.4344801902771,41.150665283203125,0.5,0.5,0.5
82,37,-11.605813026428223,4.266213417053223,0.75,0.875,1.0
82,38,-6.816939830780029,5.497178077697754,0.75,1.0,1.0
82,39,-13.355766296386719,794.6351928710938,0.5,0.5,0.5
82,40,-16.335214614868164,3524.89990234375,0.0,0.5,0.5
82,41,-22.684288024902344,17.039531707763672,0.375,0.75,0.875
82,42,-5.714731216430664,6.71880578994751,0.3333333432674408,1.0,1.0
82,43,-12.297212600708008,21.634801864624023,0.5,0.75,1.0
82,44,-19.14455223083496,119.8376693725586,0.0,0.5,0.75
82,45,-9.601577758789062,121.60630798339844,0.0,0.5,0.5
82,46,-9.967405319213867,27.728715896606445,0.6666666865348816,0.6666666865348816,0.6666666865348816
82,47,-9.426198959350586,23.151655197143555,0.6666666865348816,0.6666666865348816,0.6666666865348816
82,48,-13.791778564453125,9.960524559020996,0.3333333432674408,0.6666666865348816,1.0
82,49,-2.7115530967712402,1.7199764251708984,0.800000011920929,1.0,1.0
82,50,-2.5886456966400146,3.648524761199951,0.5,1.0,1.0
82,51,-19.987350463867188,27.972591400146484,0.3333333432674408,0.6666666865348816,0.8333333730697632
82,52,-10.236474990844727,167.04071044921875,0.5,0.5,0.5
82,53,-7.66297721862793,12.862625122070312,0.3333333432674408,0.6666666865348816,1.0
82,54,-10.00167465209961,7.391531467437744,0.6000000238418579,0.800000011920929,1.0
82,55,-11.231233596801758,16.57355499267578,0.25,0.75,1.0
82,56,-12.9778413772583,75.63713073730469,0.0,0.6666666865348816,1.0
82,57,-9.233183860778809,10.057271957397461,0.5,0.75,1.0
82,58,-18.780710220336914,523.3428344726562,0.0,0.3333333432674408,0.3333333432674408
82,59,-6.418574810028076,8.495401382446289,0.6666666865348816,0.6666666865348816,1.0
82,60,-9.255636215209961,10.113883018493652,0.5,1.0,1.0
82,61,-12.911335945129395,636.298583984375,0.0,0.5,0.5
82,62,-9.39441204071045,10.470932006835938,0.25,0.75,1.0
82,63,-5.984983444213867,19.935293197631836,0.5,0.5,1.0
82,64,-8.52070140838623,70.8348159790039,0.0,0.5,1.0
82,65,-16.34543228149414,3542.9541015625,0.0,0.0,0.5
82,66,-13.113665580749512,79.14028930664062,0.6666666865348816,0.6666666865348816,0.6666666865348816
82,67,-20.48194122314453,28028.318359375,0.0,0.0,0.5
82,68,-10.605026245117188,34.29531478881836,0.3333333432674408,0.6666666865348816,0.6666666865348816
82,69,-10.595455169677734,199.88206481933594,0.0,0.5,1.0
82,70,-16.706510543823242,65.14579010009766,0.0,0.75,0.75
82,71,-5.901253700256348,19.11793327331543,0.5,0.5,1.0
83,0,-6.344913482666016,23.866044998168945,0.5,0.5,1.0
83,1,-3.902341604232788,7.036921501159668,0.5,1.0,1.0
83,2,-8.81557559967041,18.887969970703125,0.6666666865348816,0.6666666865348816,0.6666666865348816
83,3,-17.87417221069336,7608.9931640625,0.0,0.0,0.0
83,4,-19.407184600830078,16376.330078125,0.0,0.0,0.5
83,5,-13.493648529052734,89.8267593383789,0.3333333432674408,0.6666666865348816,0.6666666865348816
83,6,-32.288021087646484,217.3125762939453,0.5,0.6666666865348816,0.6666666865348816
83,7,-4.653347969055176,4.716731071472168,0.3333333432674408,1.0,1.0
83,8,-29.471467971801758,1584.2509765625,0.25,0.25,0.5
83,9,-18.134357452392578,421.907470703125,0.0,0.3333333432674408,0.6666666865348816
83,10,-12.553949356079102,23.068944931030273,0.25,0.75,1.0
83,11,-15.988608360290527,9.816719055175781,0.4285714626312256,0.8571429252624512,0.8571429252624512
83,12,-12.899896621704102,632.6695556640625,0.5,0.5,0.5
83,13,-8.690391540527344,8.78106689453125,0.75,0.75,0.75
83,14,-18.428009033203125,10036.708984375,0.0,0.0,0.5
83,15,-10.027056694030762,28.285579681396484,0.3333333432674408,0.6666666865348816,0.6666666865348816
83,16,-5.6391520500183105,16.769739151000977,0.5,0.5,1.0
83,17,-4.953189373016357,11.900670051574707,0.5,1.0,1.0
83,18,-3.6336750984191895,6.152371406555176,0.5,1.0,1.0
83,19,-7.542818069458008,12.35761833190918,0.3333333432674408,0.6666666865348816,1.0
83,20,-6.983096599578857,1078.2520751953125,0.0,0.0,0.0
83,21,-25.518978118896484,347836.90625,0.0,0.0,0.0
83,22,-25.413936614990234,23.968538284301758,0.25,0.625,0.875
83,23,-10.816471099853516,223.2373504638672,0.5,0.5,0.5
83,24,-6.2556023597717285,22.823740005493164,0.5,0.5,1.0
83,25,-15.56165885925293,178.97024536132812,0.0,0.3333333432674408,1.0
83,26,-4.6410064697265625,10.180795669555664,0.5,1.0,1.0
83,27,-7.127318382263184,35.2921028137207,0.0,1.0,1.0
83,28,-4.519927501678467,9.582741737365723,0.5,1.0,1.0
83,29,-8.668546676635742,76.26951599121094,0.0,0.5,1.0
83,30,-3.336362838745117,28.116676330566406,0.0,1.0,1.0
83,31,-9.460875511169434,4.839505672454834,0.5,1.0,1.0
83,32,-2.3419241905212402,2.1828718185424805,0.6666666865348816,1.0,1.0
83,33,-17.793014526367188,7306.40966796875,0.0,0.0,0.5
83,34,-12.491277694702148,8.01952838897705,0.6666666865348816,0.8333333730697632,1.0
83,35,-6.202793598175049,22.228979110717773,0.5,0.5,1.0
83,36,-7.435581207275391,41.17332458496094,0.5,0.5,0.5
83,37,-11.696889877319336,4.315060138702393,0.75,0.875,1.0
83,38,-6.89380407333374,5.60383415222168,0.75,1.0,1.0
83,39,-13.344870567321777,790.31787109375,0.5,0.5,0.5
83,40,-16.34719467163086,3546.077392578125,0.0,0.5,0.5
83,41,-22.760663986206055,17.202985763549805,0.375,0.75,0.875
83,42,-5.681009292602539,6.643704891204834,0.3333333432674408,1.0,1.0
83,43,-12.359323501586914,21.97336196899414,0.5,0.75,1.0
83,44,-19.142702102661133,119.7822494506836,0.0,0.5,0.75
83,45,-9.637030601501465,123.78118133544922,0.0,0.5,0.5
83,46,-9.939602851867676,27.472925186157227,0.6666666865348816,0.6666666865348816,0.6666666865348816
83,47,-9.416032791137695,23.073335647583008,0.6666666865348816,0.6666666865348816,0.6666666865348816
83,48,-13.696647644042969,9.803845405578613,0.3333333432674408,0.6666666865348816,1.0
83,49,-2.721108913421631,1.7232667207717896,0.800000011920929,1.0,1.0
83,50,-2.575662851333618,3.6249170303344727,0.5,1.0,1.0
83,51,-19.91181182861328,27.62262535095215,0.3333333432674408,0.6666666865348816,0.8333333730697632
83,52,-10.320802688598633,174.234375,0.5,0.5,0.5
83,53,-7.678422451019287,12.929018020629883,0.3333333432674408,0.6666666865348816,1.0
83,54,-9.988432884216309,7.371982097625732,0.6000000238418579,0.800000011920929,1.0
83,55,-11.125005722045898,16.139205932617188,0.25,0.75,1.0
83,56,-13.075837135314941,78.14862823486328,0.0,0.6666666865348816,1.0
83,57,-9.327436447143555,10.297066688537598,0.5,0.75,1.0
83,58,-18.846485137939453,534.94384765625,0.0,0.3333333432674408,0.3333333432674408
83,59,-6.453489303588867,8.5948486328125,0.6666666865348816,0.6666666865348816,1.0
83,60,-9.433788299560547,10.574517250061035,0.5,1.0,1.0
83,61,-13.02119255065918,672.2271118164062,0.0,0.5,0.5
83,62,-9.29059886932373,10.202672958374023,0.25,0.75,1.0
83,63,-6.068047523498535,20.780681610107422,0.5,0.5,1.0
83,64,-8.487448692321777,69.66683197021484,0.0,0.5,1.0
83,65,-16.325674057006836,3508.125244140625,0.0,0.0,0.5
83,66,-13.120513916015625,79.32113647460938,0.6666666865348816,0.6666666865348816,0.6666666865348816
83,67,-20.600574493408203,29741.16015625,0.0,0.0,0.5
83,68,-10.579438209533691,34.00404739379883,0.3333333432674408,0.6666666865348816,0.6666666865348816
83,69,-10.620370864868164,202.38775634765625,0.0,0.5,1.0
83,70,-16.59640121459961,63.376953125,0.0,0.75,0.75
83,71,-5.95430850982666,19.63187026977539,0.5,0.5,1.0
84,0,-6.406868934631348,24.61693000793457,0.5,0.5,1.0
84,1,-3.9340710639953613,7.14945125579834,0.5,1.0,1.0
84,2,-8.800191879272461,18.791362762451172,0.6666666865348816,0.6666666865348816,0.6666666865348816
84,3,-17.857778549194336,7546.87841796875,0.0,0.0,0.0
84,4,-19.214975357055664,14875.75,0.0,0.0,0.5
84,5,-13.561837196350098,91.89183807373047,0.3333333432674408,0.6666666865348816,0.6666666865348816
84,6,-32.29128646850586,217.43093872070312,0.5,0.6666666865348816,0.6666666865348816
84,7,-4.647500514984131,4.707546234130859,0.3333333432674408,1.0,1.0
84,8,-29.459543228149414,1579.5350341796875,0.25,0.25,0.5
84,9,-18.16010284423828,425.5436706542969,0.0,0.3333333432674408,0.6666666865348816
84,10,-12.538272857666016,22.97871208190918,0.25,0.75,1.0
84,11,-16.02562713623047,9.868770599365234,0.4285714626312256,0.8571429252624512,0.8571429252624512
84,12,-12.879734992980957,626.3237915039062,0.5,0.5,0.5
84,13,-8.605326652526855,8.596298217773438,0.75,0.75,0.75
84,14,-18.41463279724121,9969.8056640625,0.0,0.0,0.5
84,15,-10.005895614624023,28.086767196655273,0.3333333432674408,0.6666666865348816,0.6666666865348816
84,16,-5.591779708862305,16.377195358276367,0.5,0.5,1.0
84,17,-4.949275970458984,11.877406120300293,0.5,1.0,1.0
84,18,-3.6042513847351074,6.062520980834961,0.5,1.0,1.0
84,19,-7.4711151123046875,12.065760612487793,0.3333333432674408,0.6666666865348816,1.0
84,20,-6.968989372253418,1063.1478271484375,0.0,0.0,0.0
84,21,-25.522907257080078,348520.9375,0.0,0.0,0.0
84,22,-25.32796859741211,23.712350845336914,0.25,0.625,0.875
84,23,-10.76223087310791,217.26449584960938,0.5,0.5,0.5
84,24,-6.207380294799805,22.28001594543457,0.5,0.5,1.0
84,25,-15.601213455200195,181.34559631347656,0.0,0.3333333432674408,1.0
84,26,-4.757506370544434,10.7914400100708,0.5,1.0,1.0
84,27,-7.095574855804443,34.73637771606445,0.0,1.0,1.0
84,28,-4.591751575469971,9.93313217163086,0.5,1.0,1.0
84,29,-8.696420669555664,77.33992767333984,0.0,0.5,1.0
84,30,-3.3174242973327637,27.58919906616211,0.0,1.0,1.0
84,31,-9.465675354003906,4.84337854385376,0.5,1.0,1.0
84,32,-2.305901527404785,2.156817674636841,0.6666666865348816,1.0,1.0
84,33,-17.830291748046875,7443.86767578125,0.0,0.0,0.5
84,34,-12.577810287475586,8.136025428771973,0.6666666865348816,0.8333333730697632,1.0
84,35,-6.187802791595459,22.062986373901367,0.5,0.5,1.0
84,36,-7.4573798179626465,41.62453842163086,0.5,0.5,0.5
84,37,-11.611283302307129,4.269131183624268,0.75,0.875,1.0
84,38,-6.933804988861084,5.660154819488525,0.75,1.0,1.0
84,39,-13.30111026763916,773.2134399414062,0.5,0.5,0.5
84,40,-16.205541610717773,3303.609130859375,0.0,0.5,0.5
84,41,-22.747331619262695,17.174341201782227,0.375,0.75,0.875
84,42,-5.727385997772217,6.747207164764404,0.3333333432674408,1.0,1.0
84,43,-12.313041687011719,21.720584869384766,0.5,0.75,1.0
84,44,-19.263320922851562,123.44927215576172,0.0,0.5,0.75
84,45,-9.596029281616211,121.26941680908203,0.0,0.5,0.5
84,46,-10.013866424560547,28.16149139404297,0.6666666865348816,0.6666666865348816,0.6666666865348816
84,47,-9.365696907043457,22.689422607421875,0.6666666865348816,0.6666666865348816,0.6666666865348816
84,48,-13.754278182983398,9.89846420288086,0.3333333432674408,0.6666666865348816,1.0
84,49,-2.6783852577209473,1.7086045742034912,0.800000011920929,1.0,1.0
84,50,-2.593745708465576,3.6578400135040283,0.5,1.0,1.0
84,51,-19.917633056640625,27.649444580078125,0.3333333432674408,0.6666666865348816,0.8333333730697632
84,52,-10.287659645080566,171.37083435058594,0.5,0.5,0.5
84,53,-7.707784652709961,13.05617904663086,0.3333333432674408,0.6666666865348816,1.0
84,54,-9.929624557495117,7.285783290863037,0.6000000238418579,0.800000011920929,1.0
84,55,-11.23806381225586,16.601879119873047,0.25,0.75,1.0
84,56,-12.984577178955078,75.80712127685547,0.0,0.6666666865348816,1.0
84,57,-9.302308082580566,10.232583045959473,0.5,0.75,1.0
84,58,-18.798084259033203,526.3823852539062,0.0,0.3333333432674408,0.3333333432674408
84,59,-6.4661359786987305,8.631156921386719,0.6666666865348816,0.6666666865348816,1.0
84,60,-9.404291152954102,10.496824264526367,0.5,1.0,1.0
84,61,-12.981151580810547,658.9026489257812,0.0,0.5,0.5
84,62,-9.320039749145508,10.278043746948242,0.25,0.75,1.0
84,63,-5.988430500030518,19.969682693481445,0.5,0.5,1.0
84,64,-8.43126392364502,67.7369613647461,0.0,0.5,1.0
84,65,-16.352188110351562,3554.942138671875,0.0,0.0,0.5
84,66,-13.13119125366211,79.60395050048828,0.6666666865348816,0.6666666865348816,0.6666666865348816
84,67,-20.5174560546875,28530.47265625,0.0,0.0,0.5
84,68,-10.585559844970703,34.0734977722168,0.3333333432674408,0.6666666865348816,0.6666666865348816
84,69,-10.572089195251465,197.56045532226562,0.0,0.5,1.0
84,70,-16.798185348510742,66.65608215332031,0.0,0.75,0.75
84,71,-5.853823661804199,18.669885635375977,0.5,0.5,1.0
85,0,-6.349025726318359,23.9151668548584,0.5,0.5,1.0
85,1,-3.899218797683716,7.025942802429199,0.5,1.0,1.0
85,2,-8.827230453491211,18.96149253845215,0.6666666865348816,0.6666666865348816,0.6666666865348816
85,3,-17.804637908935547,7348.99560546875,0.0,0.0,0.0
85,4,-19.404510498046875,16354.44921875,0.0,0.0,0.5
85,5,-13.522632598876953,90.69879150390625,0.3333333432674408,0.6666666865348816,0.6666666865348816
85,6,-32.48189163208008,224.4490203857422,0.5,0.6666666865348816,0.6666666865348816
85,7,-4.772747039794922,4.908241271972656,0.3333333432674408,1.0,1.0
85,8,-29.467573165893555,1582.7091064453125,0.25,0.25,0.5
85,9,-18.25238037109375,438.8365173339844,0.0,0.3333333432674408,0.6666666865348816
85,10,-12.733423233032227,24.12758445739746,0.25,0.75,1.0
85,11,-16.055816650390625,9.911423683166504,0.4285714626312256,0.8571429252624512,0.8571429252624512
85,12,-12.914392471313477,637.271728515625,0.5,0.5,0.5
85,13,-8.60450553894043,8.594533920288086,0.75,0.75,0.75
85,14,-18.459943771362305,10198.2548828125,0.0,0.0,0.5
85,15,-10.026118278503418,28.2767333984375,0.3333333432674408,0.6666666865348816,0.6666666865348816
85,16,-5.591607570648193,16.37578582763672,0.5,0.5,1.0
85,17,-4.911643028259277,11.656005859375,0.5,1.0,1.0
85,18,-3.5701069831848145,5.959898948669434,0.5,1.0,1.0
85,19,-7.455357074737549,12.00255012512207,0.3333333432674408,0.6666666865348816,1.0
85,20,-6.994131088256836,1090.216064453125,0.0,0.0,0.0
85,21,-25.56511688232422,355954.59375,0.0,0.0,0.0
85,22,-25.35385513305664,23.78920555114746,0.25,0.625,0.875
85,23,-10.683250427246094,208.8518524169922,0.5,0.5,0.5
85,24,-6.218597412109375,22.405324935913086,0.5,0.5,1.0
85,25,-15.603107452392578,181.4601287841797,0.0,0.3333333432674408,1.0
85,26,-4.678292274475098,10.372376441955566,0.5,1.0,1.0
85,27,-7.037513732910156,33.74245834350586,0.0,1.0,1.0
85,28,-4.573812007904053,9.84443187713623,0.5,1.0,1.0
85,29,-8.743640899658203,79.18766021728516,0.0,0.5,1.0
85,30,-3.335399627685547,28.08960723876953,0.0,1.0,1.0
85,31,-9.551454544067383,4.913119316101074,0.5,1.0,1.0
85,32,-2.3081767559051514,2.158454179763794,0.6666666865348816,1.0,1.0
85,33,-17.945526123046875,7885.359375,0.0,0.0,0.5
85,34,-12.436400413513184,7.94651460647583,0.6666666865348816,0.8333333730697632,1.0
85,35,-6.080214977264404,20.907489776611328,0.5,0.5,1.0
85,36,-7.418217182159424,40.817405700683594,0.5,0.5,0.5
85,37,-11.557048797607422,4.240287780761719,0.75,0.875,1.0
85,38,-6.949195861816406,5.681975841522217,0.75,1.0,1.0
85,39,-13.33106517791748,784.88134765625,0.5,0.5,0.5
85,40,-16.22454833984375,3335.154052734375,0.0,0.5,0.5
85,41,-22.641674041748047,16.949007034301758,0.375,0.75,0.875
85,42,-5.710017204284668,6.708256721496582,0.3333333432674408,1.0,1.0
85,43,-12.347784042358398,21.91006088256836,0.5,0.75,1.0
85,44,-19.213642120361328,121.92554473876953,0.0,0.5,0.75
85,45,-9.593585014343262,121.12129211425781,0.0,0.5,0.5
85,46,-9.847657203674316,26.643693923950195,0.6666666865348816,0.6666666865348816,0.6666666865348816
85,47,-9.4422607421875,23.27593994140625,0.6666666865348816,0.6666666865348816,0.6666666865348816
85,48,-13.816508293151855,10.001662254333496,0.3333333432674408,0.6666666865348816,1.0
85,49,-2.702505350112915,1.7168668508529663,0.800000011920929,1.0,1.0
85,50,-2.5562703609466553,3.5899388790130615,0.5,1.0,1.0
85,51,-20.0519962310791,28.27560043334961,0.3333333432674408,0.6666666865348816,0.8333333730697632
85,52,-10.275712013244629,170.3501434326172,0.5,0.5,0.5
85,53,-7.756692409515381,13.270773887634277,0.3333333432674408,0.6666666865348816,1.0
85,54,-9.99563217163086,7.382604122161865,0.6000000238418579,0.800000011920929,1.0
85,55,-11.277624130249023,16.766887664794922,0.25,0.75,1.0
85,56,-13.046647071838379,77.39190673828125,0.0,0.6666666865348816,1.0
85,57,-9.299871444702148,10.226351737976074,0.5,0.75,1.0
85,58,-18.808490753173828,528.2116088867188,0.0,0.3333333432674408,0.3333333432674408
85,59,-6.364456653594971,8.343523025512695,0.6666666865348816,0.6666666865348816,1.0
85,60,-9.479554176330566,10.696199417114258,0.5,1.0,1.0
85,61,-13.026052474975586,673.8626098632812,0.0,0.5,0.5
85,62,-9.286462783813477,10.192129135131836,0.25,0.75,1.0
85,63,-5.985486030578613,19.940303802490234,0.5,0.5,1.0
85,64,-8.48347282409668,69.52848052978516,0.0,0.5,1.0
85,65,-16.369544982910156,3585.927734375,0.0,0.0,0.5
85,66,-13.096885681152344,78.69886016845703,0.6666666865348816,0.6666666865348816,0.6666666865348816
85,67,-20.642528533935547,30371.6328125,0.0,0.0,0.5
85,68,-10.470686912536621,32.793453216552734,0.3333333432674408,0.6666666865348816,0.6666666865348816
85,69,-10.653841972351074,205.80332946777344,0.0,0.5,1.0
85,70,-16.720760345458984,65.37828063964844,0.0,0.75,0.75
85,71,-5.866827964782715,18.791675567626953,0.5,0.5,1.0
86,0,-6.413631916046143,24.700313568115234,0.5,0.5,1.0
86,1,-3.911973476409912,7.070892810821533,0.5,1.0,1.0
86,2,-8.835434913635254,19.013416290283203,0.6666666865348816,0.6666666865348816,0.6666666865348816
86,3,-17.883586883544922,7644.8955078125,0.0,0.0,0.0
86,4,-19.542238235473633,17520.36328125,0.0,0.0,0.5
86,5,-13.497162818908691,89.93205261230469,0.3333333432674408,0.6666666865348816,0.6666666865348816
86,6,-32.40504837036133,221.59275817871094,0.5,0.5,0.6666666865348816
86,7,-4.627364158630371,4.67605447769165,0.3333333432674408,1.0,1.0
86,8,-29.446014404296875,1574.2017822265625,0.25,0.25,0.5
86,9,-18.22590446472168,434.980712890625,0.0,0.3333333432674408,0.6666666865348816
86,10,-12.708419799804688,23.977237701416016,0.25,0.75,1.0
86,11,-16.123355865478516,10.00751781463623,0.4285714626312256,0.8571429252624512,0.8571429252624512
86,12,-12.967503547668457,654.421630859375,0.5,0.5,0.5
86,13,-8.578510284423828,8.538860321044922,0.75,0.75,0.75
86,14,-18.481281280517578,10307.6396484375,0.0,0.0,0.5
86,15,-9.998817443847656,28.02057647705078,0.3333333432674408,0.6666666865348816,0.6666666865348816
86,16,-5.607363224029541,16.505300521850586,0.5,0.5,1.0
86,17,-4.973094463348389,12.01970386505127,0.5,1.0,1.0
86,18,-3.6322476863861084,6.147982120513916,0.5,1.0,1.0
86,19,-7.416187286376953,11.846854209899902,0.3333333432674408,0.6666666865348816,1.0
86,20,-6.9610419273376465,1054.73193359375,0.0,0.0,0.0
86,21,-25.459869384765625,337707.25,0.0,0.0,0.0
86,22,-25.30436897277832,23.642505645751953,0.25,0.625,0.875
86,23,-10.746051788330078,215.51400756835938,0.5,0.5,0.5
86,24,-6.232343673706055,22.559850692749023,0.5,0.5,1.0
86,25,-15.669248580932617,185.50523376464844,0.0,0.3333333432674408,1.0
86,26,-4.7466936111450195,10.733254432678223,0.5,1.0,1.0
86,27,-7.127806663513184,35.30072021484375,0.0,1.0,1.0
86,28,-4.601285457611084,9.980594635009766,0.5,1.0,1.0
86,29,-8.733965873718262,78.80551147460938,0.0,0.5,1.0
86,30,-3.3134851455688477,27.48073387145996,0.0,1.0,1.0
86,31,-9.431814193725586,4.816122055053711,0.5,1.0,1.0
86,32,-2.306138515472412,2.1569879055023193,0.6666666865348816,1.0,1.0
86,33,-17.963237762451172,7955.50048828125,0.0,0.0,0.5
86,34,-12.484869003295898,8.010967254638672,0.6666666865348816,0.8333333730697632,1.0
86,35,-6.176818370819092,21.9421443939209,0.5,0.5,1.0
86,36,-7.5071001052856445,42.67230224609375,0.5,0.5,0.5
86,37,-11.679349899291992,4.305609703063965,0.75,0.875,1.0
86,38,-6.931546688079834,5.656960487365723,0.75,1.0,1.0
86,39,-13.304110527038574,774.3742065429688,0.5,0.5,0.5
86,40,-16.28670883178711,3440.439208984375,0.0,0.5,0.5
86,41,-22.758071899414062,17.19741439819336,0.375,0.75,0.875
86,42,-5.8177971839904785,6.953643798828125,0.3333333432674408,1.0,1.0
86,43,-12.314998626708984,21.731212615966797,0.5,0.75,1.0
86,44,-19.24098777770996,122.76193237304688,0.0,0.5,0.75
86,45,-9.632301330566406,123.48883056640625,0.0,0.5,0.5
86,46,-10.172460556030273,29.69029426574707,0.6666666865348816,0.6666666865348816,0.6666666865348816
86,47,-9.400803565979004,22.95650291442871,0.6666666865348816,0.6666666865348816,0.6666666865348816
86,48,-13.699251174926758,9.808100700378418,0.3333333432674408,0.6666666865348816,1.0
86,49,-2.704594135284424,1.717584252357483,0.800000011920929,1.0,1.0
86,50,-2.6007251739501953,3.6706273555755615,0.5,1.0,1.0
86,51,-19.904624938964844,27.58955955505371,0.3333333432674408,0.6666666865348816,0.8333333730697632
86,52,-10.20652961730957,164.55828857421875,0.5,0.5,0.5
86,53,-7.7185516357421875,13.103121757507324,0.3333333432674408,0.6666666865348816,1.0
86,54,-9.90742015838623,7.253499984741211,0.6000000238418579,0.800000011920929,1.0
86,55,-11.25839900970459,16.68649673461914,0.25,0.75,1.0
86,56,-13.06814193725586,77.94840240478516,0.0,0.6666666865348816,1.0
86,57,-9.331110000610352,10.306528091430664,0.5,0.75,1.0
86,58,-18.833906173706055,532.70556640625,0.0,0.3333333432674408,0.3333333432674408
86,59,-6.470479965209961,8.643665313720703,0.6666666865348816,0.6666666865348816,1.0
86,60,-9.463668823242188,10.65380573272705,0.5,1.0,1.0
86,61,-12.895662307739258,631.33154296875,0.0,0.5,0.5
86,62,-9.402671813964844,10.492575645446777,0.25,0.75,1.0
86,63,-5.9737701416015625,19.823837280273438,0.5,0.5,1.0
86,64,-8.454306602478027,68.52189636230469,0.0,0.5,1.0
86,65,-16.261577606201172,3397.478515625,0.0,0.0,0.5
86,66,-13.119888305664062,79.30461883544922,0.6666666865348816,0.6666666865348816,0.6666666865348816
86,67,-20.610374450683594,29887.25,0.0,0.0,0.5
86,68,-10.524848937988281,33.39088439941406,0.3333333432674408,0.6666666865348816,0.6666666865348816
86,69,-10.615933418273926,201.939208984375,0.0,0.5,1.0
86,70,-16.75780487060547,65.98656463623047,0.0,0.75,0.75
86,71,-5.831151485443115,18.45943832397461,0.5,0.5,1.0
87,0,-6.371417999267578,24.184429168701172,0.5,0.5,1.0
87,1,-3.971322536468506,7.283862590789795,0.5,1.0,1.0
87,2,-8.793846130371094,18.75165367126465,0.6666666865348816,0.6666666865348816,0.6666666865348816
87,3,-17.89824867248535,7701.1455078125,0.0,0.0,0.0
87,4,-19.362285614013672,16012.7861328125,0.0,0.0,0.5
87,5,-13.562477111816406,91.9114761352539,0.3333333432674408,0.6666666865348816,0.6666666865348816
87,6,-32.387577056884766,220.94850158691406,0.5,0.6666666865348816,0.6666666865348816
87,7,-4.607928276062012,4.645857810974121,0.3333333432674408,1.0,1.0
87,8,-29.408077239990234,1559.3421630859375,0.25,0.25,0.5
87,9,-18.240859985351562,437.1544189453125,0.0,0.3333333432674408,0.6666666865348816
87,10,-12.659645080566406,23.686641693115234,0.25,0.75,1.0
87,11,-16.102643966674805,9.977949142456055,0.4285714626312256,0.8571429252624512,0.8571429252624512
87,12,-12.847511291503906,616.3134155273438,0.5,0.5,0.5
87,13,-8.577083587646484,8.535816192626953,0.75,0.75,0.75
87,14,-18.46760368347168,10237.3876953125,0.0,0.0,0.5
87,15,-10.028641700744629,28.30052947998047,0.3333333432674408,0.6666666865348816,0.6666666865348816
87,16,-5.584475517272949,16.317493438720703,0.5,0.5,1.0
87,17,-4.947010517120361,11.863960266113281,0.5,1.0,1.0
87,18,-3.55106520652771,5.9034247398376465,0.5,1.0,1.0
87,19,-7.472243785858154,12.070300102233887,0.3333333432674408,0.6666666865348816,1.0
87,20,-7.020339012145996,1119.166015625,0.0,0.0,0.0
87,21,-25.546772003173828,352704.5625,0.0,0.0,0.0
87,22,-25.360857009887695,23.810035705566406,0.25,0.625,0.875
87,23,-10.732784271240234,214.08908081054688,0.5,0.5,0.5
87,24,-6.2671799659729,22.95624542236328,0.5,0.5,1.0
87,25,-15.602020263671875,181.39437866210938,0.0,0.3333333432674408,1.0
87,26,-4.748699188232422,10.744023323059082,0.5,1.0,1.0
87,27,-7.034747123718262,33.6958122253418,0.0,1.0,1.0
87,28,-4.543065071105957,9.694246292114258,0.5,1.0,1.0
87,29,-8.816620826721191,82.13057708740234,0.0,0.5,1.0
87,30,-3.395158052444458,29.819364547729492,0.0,1.0,1.0
87,31,-9.483213424682617,4.8575568199157715,0.5,1.0,1.0
87,32,-2.3132200241088867,2.162085771560669,0.6666666865348816,1.0,1.0
87,33,-17.922861099243164,7796.5029296875,0.0,0.0,0.5
87,34,-12.493087768554688,8.021947860717773,0.6666666865348816,0.8333333730697632,1.0
87,35,-6.225482940673828,22.482595443725586,0.5,0.5,1.0
87,36,-7.514251232147217,42.82515335083008,0.5,0.5,0.5
87,37,-11.493441581726074,4.206707000732422,0.75,0.875,1.0
87,38,-6.8740949630737305,5.576290130615234,0.75,1.0,1.0
87,39,-13.348526954650879,791.7640380859375,0.5,0.5,0.5
87,40,-16.251544952392578,3380.478271484375,0.0,0.5,0.5
87,41,-22.759830474853516,17.201194763183594,0.375,0.75,0.875
87,42,-5.697490215301514,6.68030309677124,0.3333333432674408,1.0,1.0
87,43,-12.339811325073242,21.866436004638672,0.5,0.75,1.0
87,44,-19.184223175048828,121.0321044921875,0.0,0.5,0.75
87,45,-9.592283248901367,121.04248809814453,0.0,0.5,0.5
87,46,-9.934529304504395,27.42650604248047,0.6666666865348816,0.6666666865348816,0.6666666865348816
87,47,-9.374515533447266,22.756221771240234,0.6666666865348816,0.6666666865348816,0.6666666865348816
87,48,-13.753922462463379,9.897879600524902,0.3333333432674408,0.6666666865348816,1.0
87,49,-2.6621599197387695,1.7030689716339111,0.800000011920929,1.0,1.0
87,50,-2.5682883262634277,3.6115756034851074,0.5,1.0,1.0
87,51,-19.988162994384766,27.97637939453125,0.3333333432674408,0.6666666865348816,0.8333333730697632
87,52,-10.227871894836426,166.32369995117188,0.5,0.5,0.5
87,53,-7.627984046936035,12.713461875915527,0.3333333432674408,0.6666666865348816,1.0
87,54,-9.944404602050781,7.307351589202881,0.6000000238418579,0.800000011920929,1.0
87,55,-11.21749496459961,16.5167293548584,0.25,0.75,1.0
87,56,-12.96950912475586,75.42733764648438,0.0,0.6666666865348816,1.0
87,57,-9.314879417419434,10.264793395996094,0.5,0.75,1.0
87,58,-18.7249698638916,513.7089233398438,0.0,0.3333333432674408,0.3333333432674408
87,59,-6.470380783081055,8.643379211425781,0.6666666865348816,0.6666666865348816,1.0
87,60,-9.207958221435547,9.994046211242676,0.5,1.0,1.0
87,61,-12.929588317871094,642.1322021484375,0.0,0.5,0.5
87,62,-9.283586502075195,10.184802055358887,0.25,0.75,1.0
87,63,-5.948193073272705,19.57193374633789,0.5,0.5,1.0
87,64,-8.404248237609863,66.82813262939453,0.0,0.5,1.0
87,65,-16.33881950378418,3531.259033203125,0.0,0.0,0.5
87,66,-13.11623764038086,79.20816040039062,0.6666666865348816,0.6666666865348816,0.6666666865348816
87,67,-20.6302490234375,30185.7265625,0.0,0.0,0.5
87,68,-10.560500144958496,33.79005813598633,0.3333333432674408,0.6666666865348816,0.6666666865348816
87,69,-10.681259155273438,208.64402770996094,0.0,0.5,1.0
87,70,-16.75070571899414,65.86956024169922,0.0,0.75,0.75
87,71,-5.831794738769531,18.465375900268555,0.5,0.5,1.0
88,0,-6.38637113571167,24.365922927856445,0.5,0.5,1.0
88,1,-3.9701342582702637,7.279536724090576,0.5,1.0,1.0
88,2,-8.79155445098877,18.737337112426758,0.6666666865348816,0.6666666865348816,0.6666666865348816
88,3,-17.9091796875,7743.35107421875,0.0,0.0,0.0
88,4,-19.38292694091797,16178.9052734375,0.0,0.0,0.5
88,5,-13.56818675994873,92.08655548095703,0.3333333432674408,0.6666666865348816,0.6666666865348816
88,6,-32.41054153442383,221.7957305908203,0.5,0.6666666865348816,0.6666666865348816
88,7,-4.759324550628662,4.8863301277160645,0.3333333432674408,1.0,1.0
88,8,-29.43061065673828,1568.1512451171875,0.25,0.25,0.5
88,9,-18.227615356445312,435.22882080078125,0.0,0.3333333432674408,0.6666666865348816
88,10,-12.614324569702148,23.419782638549805,0.25,0.75,1.0
88,11,-15.939395904541016,9.747943878173828,0.4285714626312256,0.8571429252624512,0.8571429252624512
88,12,-12.986115455627441,660.5400390625,0.5,0.5,0.5
88,13,-8.572166442871094,8.52532958984375,0.75,0.75,0.75
88,14,-18.512584686279297,10470.2412109375,0.0,0.0,0.5
88,15,-9.977316856384277,27.820476531982422,0.3333333432674408,0.6666666865348816,0.6666666865348816
88,16,-5.580541610717773,16.285429000854492,0.5,0.5,1.0
88,17,-4.95892333984375,11.93483829498291,0.5,1.0,1.0
88,18,-3.651848554611206,6.208531379699707,0.5,1.0,1.0
88,19,-7.402165412902832,11.791611671447754,0.3333333432674408,0.6666666865348816,1.0
88,20,-6.957279205322266,1050.770751953125,0.0,0.0,0.0
88,21,-25.501811981201172,344864.1875,0.0,0.0,0.0
88,22,-25.43907928466797,24.043987274169922,0.25,0.625,0.875
88,23,-10.780071258544922,219.21119689941406,0.5,0.5,0.5
88,24,-6.261670112609863,22.893089294433594,0.5,0.5,1.0
88,25,-15.66938591003418,185.5137176513672,0.0,0.3333333432674408,1.0
88,26,-4.691330909729004,10.440217971801758,0.5,1.0,1.0
88,27,-7.07418155670166,34.36679458618164,0.0,1.0,1.0
88,28,-4.5711798667907715,9.831483840942383,0.5,1.0,1.0
88,29,-8.757741928100586,79.7479476928711,0.0,0.5,1.0
88,30,-3.3250248432159424,27.79969024658203,0.0,1.0,1.0
88,31,-9.67268180847168,5.013396263122559,0.5,1.0,1.0
88,32,-2.328779697418213,2.1733286380767822,0.6666666865348816,1.0,1.0
88,33,-17.89911651611328,7704.48779296875,0.0,0.0,0.5
88,34,-12.485486030578613,8.01179027557373,0.6666666865348816,0.8333333730697632,1.0
88,35,-6.198623180389404,22.182674407958984,0.5,0.5,1.0
88,36,-7.544410228729248,43.475826263427734,0.5,0.5,0.5
88,37,-11.527105331420898,4.2244462966918945,0.75,0.875,1.0
88,38,-6.881452560424805,5.586556911468506,0.75,1.0,1.0
88,39,-13.310388565063477,776.808837890625,0.5,0.5,0.5
88,40,-16.23186683654785,3347.380615234375,0.0,0.5,0.5
88,41,-22.747325897216797,17.174327850341797,0.375,0.75,0.875
88,42,-5.764791965484619,6.831862926483154,0.3333333432674408,1.0,1.0
88,43,-12.471586227416992,22.59879493713379,0.5,0.75,1.0
88,44,-19.236793518066406,122.6332778930664,0.0,0.5,0.75
88,45,-9.629814147949219,123.33535766601562,0.0,0.5,0.5
88,46,-9.940679550170898,27.482784271240234,0.6666666865348816,0.6666666865348816,0.6666666865348816
88,47,-9.388458251953125,22.862228393554688,0.6666666865348816,0.6666666865348816,0.6666666865348816
88,48,-13.73730754852295,9.87050724029541,0.3333333432674408,0.6666666865348816,1.0
88,49,-2.666891574859619,1.704681396484375,0.800000011920929,1.0,1.0
88,50,-2.5410170555114746,3.5626637935638428,0.5,1.0,1.0
88,51,-20.03266716003418,28.18465805053711,0.3333333432674408,0.6666666865348816,0.8333333730697632
88,52,-10.181796073913574,162.53575134277344,0.5,0.5,0.5
88,53,-7.716273307800293,13.093174934387207,0.3333333432674408,0.6666666865348816,1.0
88,54,-9.838271141052246,7.153875827789307,0.6000000238418579,0.800000011920929,1.0
88,55,-11.241504669189453,16.616167068481445,0.25,0.75,1.0
88,56,-13.063626289367676,77.83119201660156,0.0,0.6666666865348816,1.0
88,57,-9.242837905883789,10.081574440002441,0.5,0.75,1.0
88,58,-18.851686477661133,535.8720703125,0.0,0.3333333432674408,0.3333333432674408
88,59,-6.481001377105713,8.674033164978027,0.6666666865348816,0.6666666865348816,1.0
88,60,-9.340587615966797,10.330978393554688,0.5,1.0,1.0
88,61,-12.999881744384766,665.102294921875,0.0,0.5,0.5
88,62,-9.292264938354492,10.206923484802246,0.25,0.75,1.0
88,63,-5.915620803833008,19.25576400756836,0.5,0.5,1.0
88,64,-8.545005798339844,71.70087432861328,0.0,0.5,1.0
88,65,-16.23752212524414,3356.859375,0.0,0.0,0.5
88,66,-13.185219764709473,81.05058288574219,0.6666666865348816,0.6666666865348816,0.6666666865348816
88,67,-20.617849349975586,29999.16015625,0.0,0.0,0.5
88,68,-10.57740592956543,33.98101043701172,0.3333333432674408,0.6666666865348816,0.6666666865348816
88,69,-10.701261520385742,210.74118041992188,0.0,0.5,1.0
88,70,-16.72640037536621,65.47052764892578,0.0,0.75,0.75
88,71,-5.875790119171143,18.876070022583008,0.5,0.5,1.0
89,0,-6.3255534172058105,23.63613510131836,0.5,0.5,1.0
89,1,-3.9851810932159424,7.33450984954834,0.5,1.0,1.0
89,2,-8.808408737182617,18.8429012298584,0.6666666865348816,0.6666666865348816,0.6666666865348816
89,3,-17.93151092529297,7830.29541015625,0.0,0.0,0.0
89,4,-19.35732650756836,15973.130859375,0.0,0.0,0.5
89,5,-13.456016540527344,88.70699310302734,0.3333333432674408,0.6666666865348816,0.6666666865348816
89,6,-32.353031158447266,219.6799774169922,0.5,0.6666666865348816,0.6666666865348816
89,7,-4.629016876220703,4.67863130569458,0.3333333432674408,1.0,1.0
89,8,-29.439538955688477,1571.6553955078125,0.25,0.25,0.5
89,9,-18.13788604736328,422.4038391113281,0.0,0.3333333432674408,0.6666666865348816
89,10,-12.695514678955078,23.900005340576172,0.25,0.75,1.0
89,11,-16.128772735595703,10.015263557434082,0.4285714626312256,0.8571429252624512,0.8571429252624512
89,12,-13.006038665771484,667.1529541015625,0.5,0.5,0.5
89,13,-8.489863395690918,8.351706504821777,0.75,0.75,0.75
89,14,-18.534807205200195,10587.2275390625,0.0,0.0,0.5
89,15,-10.013212203979492,28.15534782409668,0.3333333432674408,0.6666666865348816,0.6666666865348816
89,16,-5.530282020568848,15.881278991699219,0.5,0.5,1.0
89,17,-4.878593444824219,11.464975357055664,0.5,1.0,1.0
89,18,-3.553680181503296,5.911148548126221,0.5,1.0,1.0
89,19,-7.419626712799072,11.860444068908691,0.3333333432674408,0.6666666865348816,1.0
89,20,-7.018866062164307,1117.518798828125,0.0,0.0,0.0
89,21,-25.51749038696289,347578.28125,0.0,0.0,0.0
89,22,-25.364713668823242,23.821516036987305,0.25,0.625,0.875
89,23,-10.787487030029297,220.02552795410156,0.5,0.5,0.5
89,24,-6.264564514160156,22.926244735717773,0.5,0.5,1.0
89,25,-15.672361373901367,185.6977996826172,0.0,0.3333333432674408,1.0
89,26,-4.697227954864502,10.471046447753906,0.5,1.0,1.0
89,27,-7.102463245391846,34.85622024536133,0.0,1.0,1.0
89,28,-4.475549221038818,9.372450828552246,0.5,1.0,1.0
89,29,-8.791467666625977,81.10413360595703,0.0,0.5,1.0
89,30,-3.3857955932617188,29.541486740112305,0.0,1.0,1.0
89,31,-9.706046104431152,5.041352272033691,0.5,1.0,1.0
89,32,-2.2947540283203125,2.148818254470825,0.6666666865348816,1.0,1.0
89,33,-17.93764877319336,7854.36279296875,0.0,0.0,0.5
89,34,-12.473542213439941,7.995858669281006,0.6666666865348816,0.8333333730697632,1.0
89,35,-6.196455001831055,22.158639907836914,0.5,0.5,1.0
89,36,-7.572590351104736,44.092742919921875,0.5,0.5,0.5
89,37,-11.606391906738281,4.266522407531738,0.75,0.875,1.0
89,38,-6.836975574493408,5.524782657623291,0.75,1.0,1.0
89,39,-13.327564239501953,783.5086669921875,0.5,0.5,0.5
89,40,-16.292739868164062,3450.82958984375,0.0,0.5,0.5
89,41,-22.754756927490234,17.190288543701172,0.375,0.75,0.875
89,42,-5.765100479125977,6.832564830780029,0.3333333432674408,1.0,1.0
89,43,-12.348095893859863,21.91176986694336,0.5,0.75,1.0
89,44,-19.22817611694336,122.3693618774414,0.0,0.5,0.75
89,45,-9.620916366577148,122.7878646850586,0.0,0.5,0.5
89,46,-10.038559913635254,28.394248962402344,0.6666666865348816,0.6666666865348816,0.6666666865348816
89,47,-9.424104690551758,23.135498046875,0.6666666865348816,0.6666666865348816,0.6666666865348816
89,48,-13.790799140930176,9.958897590637207,0.3333333432674408,0.6666666865348816,1.0
89,49,-2.6818132400512695,1.7097764015197754,0.800000011920929,1.0,1.0
89,50,-2.557394027709961,3.591956615447998,0.5,1.0,1.0
89,51,-20.011899948120117,28.087276458740234,0.3333333432674408,0.6666666865348816,0.8333333730697632
89,52,-10.234642028808594,166.88768005371094,0.5,0.5,0.5
89,53,-7.67025899887085,12.893881797790527,0.3333333432674408,0.6666666865348816,1.0
89,54,-9.911256790161133,7.259068012237549,0.6000000238418579,0.800000011920929,1.0
89,55,-11.303349494934082,16.875070571899414,0.25,0.75,1.0
89,56,-12.998071670532227,76.14891052246094,0.0,0.6666666865348816,1.0
89,57,-9.275721549987793,10.164795875549316,0.5,0.75,1.0
89,58,-18.763099670410156,520.2796020507812,0.0,0.3333333432674408,0.3333333432674408
89,59,-6.420535087585449,8.500954627990723,0.6666666865348816,0.6666666865348816,1.0
89,60,-9.237156867980957,10.067266464233398,0.5,1.0,1.0
89,61,-13.101369857788086,699.7232666015625,0.0,0.5,0.5
89,62,-9.220330238342285,10.025006294250488,0.25,0.75,1.0
89,63,-5.942875862121582,19.519968032836914,0.5,0.5,1.0
89,64,-8.409400939941406,67.00052642822266,0.0,0.5,1.0
89,65,-16.32691764831543,3510.30712890625,0.0,0.0,0.5
89,66,-13.19604206085205,81.3434829711914,0.6666666865348816,0.6666666865348816,0.6666666865348816
89,67,-20.70330047607422,31308.66796875,0.0,0.0,0.5
89,68,-10.64301586151123,34.73236846923828,0.3333333432674408,0.6666666865348816,0.6666666865348816
89,69,-10.63698959350586,204.07647705078125,0.0,0.5,1.0
89,70,-16.813112258911133,66.9052963256836,0.0,0.75,0.75
89,71,-5.879136085510254,18.907676696777344,0.5,0.5,1.0
90,0,-6.343050956726074,23.843830108642578,0.5,0.5,1.0
90,1,-3.9993014335632324,7.386475563049316,0.5,1.0,1.0
90,2,-8.788742065429688,18.719778060913086,0.6666666865348816,0.6666666865348816,0.6666666865348816
90,3,-17.794523239135742,7311.923828125,0.0,0.0,0.0
90,4,-19.482128143310547,17001.623046875,0.0,0.0,0.5
90,5,-13.460000991821289,88.82491302490234,0.3333333432674408,0.6666666865348816,0.6666666865348816
90,6,-32.40357971191406,221.53855895996094,0.5,0.5,0.6666666865348816
90,7,-4.530612945556641,4.527655601501465,0.3333333432674408,1.0,1.0
90,8,-29.38133430480957,1548.9515380859375,0.25,0.25,0.5
90,9,-18.16342544555664,426.01531982421875,0.0,0.3333333432674408,0.6666666865348816
90,10,-12.690202713012695,23.868288040161133,0.25,0.75,1.0
90,11,-16.110111236572266,9.988600730895996,0.4285714626312256,0.8571429252624512,0.8571429252624512
90,12,-12.861223220825195,620.5534057617188,0.5,0.5,0.5
90,13,-8.508153915405273,8.389982223510742,0.75,0.75,0.75
90,14,-18.467723846435547,10238.00390625,0.0,0.0,0.5
90,15,-10.002431869506836,28.05435562133789,0.3333333432674408,0.6666666865348816,0.6666666865348816
90,16,-5.560851573944092,16.125885009765625,0.5,0.5,1.0
90,17,-4.913559436798096,11.667179107666016,0.5,1.0,1.0
90,18,-3.5803143978118896,5.990394115447998,0.5,1.0,1.0
90,19,-7.458324432373047,12.014426231384277,0.3333333432674408,0.6666666865348816,1.0
90,20,-7.011104106903076,1108.878173828125,0.0,0.0,0.0
90,21,-25.594287872314453,361184.40625,0.0,0.0,0.0
90,22,-25.362844467163086,23.81595230102539,0.25,0.625,0.875
90,23,-10.691343307495117,209.6986846923828,0.5,0.5,0.5
90,24,-6.226569652557373,22.494813919067383,0.5,0.5,1.0
90,25,-15.711954116821289,188.16477966308594,0.0,0.3333333432674408,1.0
90,26,-4.668088912963867,10.319594383239746,0.5,1.0,1.0
90,27,-7.103268623352051,34.870262145996094,0.0,1.0,1.0
90,28,-4.58511209487915,9.900211334228516,0.5,1.0,1.0
90,29,-8.800010681152344,81.45130157470703,0.0,0.5,1.0
90,30,-3.342665433883667,28.294443130493164,0.0,1.0,1.0
90,31,-9.742304801940918,5.0719099044799805,0.5,1.0,1.0
90,32,-2.360646963119507,2.196537733078003,0.6666666865348816,1.0,1.0
90,33,-17.98602867126465,8046.67529296875,0.0,0.0,0.5
90,34,-12.404278755187988,7.904085159301758,0.6666666865348816,0.8333333730697632,1.0
90,35,-6.255731105804443,22.82520866394043,0.5,0.5,1.0
90,36,-7.507211685180664,42.6746826171875,0.5,0.5,0.5
90,37,-11.522835731506348,4.222192287445068,0.75,0.875,1.0
90,38,-6.856264591217041,5.551488399505615,0.75,1.0,1.0
90,39,-13.27453327178955,763.006591796875,0.5,0.5,0.5
90,40,-16.272327423095703,3415.788818359375,0.0,0.5,0.5
90,41,-22.716388702392578,17.10803985595703,0.375,0.75,0.875
90,42,-5.7000885009765625,6.686091899871826,0.3333333432674408,1.0,1.0
90,43,-12.409366607666016,22.24999237060547,0.5,0.75,1.0
90,44,-19.248836517333984,123.00305938720703,0.0,0.5,0.75
90,45,-9.582633018493652,120.45985412597656,0.0,0.5,0.5
90,46,-9.87591552734375,26.895849227905273,0.6666666865348816,0.6666666865348816,0.6666666865348816
90,47,-9.366539001464844,22.695796966552734,0.6666666865348816,0.6666666865348816,0.6666666865348816
90,48,-13.730036735534668,9.858552932739258,0.3333333432674408,0.8333333730697632,1.0
90,49,-2.657562494277954,1.701503872871399,0.800000011920929,1.0,1.0
90,50,-2.5983381271362305,3.6662487983703613,0.5,1.0,1.0
90,51,-20.017492294311523,28.113466262817383,0.3333333432674408,0.6666666865348816,0.8333333730697632
90,52,-10.28092098236084,170.79440307617188,0.5,0.5,0.5
90,53,-7.656867027282715,12.836453437805176,0.3333333432674408,0.6666666865348816,1.0
90,54,-10.006122589111328,7.3981099128723145,0.6000000238418579,0.800000011920929,1.0
90,55,-11.35733413696289,17.10436248779297,0.25,0.75,1.0
90,56,-13.029488563537598,76.95055389404297,0.0,0.6666666865348816,1.0
90,57,-9.303332328796387,10.235203742980957,0.5,0.75,1.0
90,58,-18.864683151245117,538.1985473632812,0.0,0.3333333432674408,0.3333333432674408
90,59,-6.443582534790039,8.566513061523438,0.6666666865348816,0.6666666865348816,1.0
90,60,-9.308828353881836,10.249277114868164,0.5,1.0,1.0
90,61,-13.160317420959473,720.6536865234375,0.0,0.5,0.5
90,62,-9.30047607421875,10.227897644042969,0.25,0.75,1.0
90,63,-6.0248236656188965,20.336389541625977,0.5,0.5,1.0
90,64,-8.475508689880371,69.25216674804688,0.0,0.5,1.0
90,65,-16.312997817993164,3485.960693359375,0.0,0.0,0.5
90,66,-13.210551261901855,81.73786163330078,0.6666666865348816,0.6666666865348816,0.6666666865348816
90,67,-20.797252655029297,32814.51953125,0.0,0.0,0.5
90,68,-10.62067699432373,34.474700927734375,0.3333333432674408,0.6666666865348816,0.6666666865348816
90,69,-10.699451446533203,210.550537109375,0.0,0.5,1.0
90,70,-16.732709884643555,65.57388305664062,0.0,0.75,0.75
90,71,-5.805326461791992,18.222612380981445,0.5,0.5,1.0
91,0,-6.287990570068359,23.19635772705078,0.5,0.5,1.0
91,1,-4.003481388092041,7.4019293785095215,0.5,1.0,1.0
91,2,-8.821181297302246,18.923294067382812,0.6666666865348816,0.6666666865348816,0.6666666865348816
91,3,-17.81151580810547,7374.31201171875,0.0,0.0,0.0
91,4,-19.5681209564209,17748.57421875,0.0,0.0,0.5
91,5,-13.492305755615234,89.78654479980469,0.3333333432674408,0.6666666865348816,0.6666666865348816
91,6,-32.40386199951172,221.5490264892578,0.5,0.6666666865348816,0.6666666865348816
91,7,-4.600985050201416,4.63511848449707,0.3333333432674408,1.0,1.0
91,8,-29.526126861572266,1606.0478515625,0.25,0.25,0.5
91,9,-18.17096519470215,427.08721923828125,0.0,0.3333333432674408,0.6666666865348816
91,10,-12.693204879760742,23.886207580566406,0.25,0.75,1.0
91,11,-16.185609817504883,10.096914291381836,0.4285714626312256,0.8571429252624512,0.8571429252624512
91,12,-12.923267364501953,640.1058959960938,0.5,0.5,0.5
91,13,-8.483162879943848,8.337728500366211,0.75,0.75,0.75
91,14,-18.50876235961914,10450.25,0.0,0.0,0.5
91,15,-10.030887603759766,28.32172393798828,0.3333333432674408,0.6666666865348816,0.6666666865348816
91,16,-5.5301289558410645,15.880064010620117,0.5,0.5,1.0
91,17,-4.95726203918457,11.924928665161133,0.5,1.0,1.0
91,18,-3.5475378036499023,5.893022060394287,0.5,1.0,1.0
91,19,-7.429747104644775,11.900522232055664,0.3333333432674408,0.6666666865348816,1.0
91,20,-7.0320844650268555,1132.3885498046875,0.0,0.0,0.0
91,21,-25.559648513793945,354982.65625,0.0,0.0,0.0
91,22,-25.44588851928711,24.06446075439453,0.25,0.625,0.875
91,23,-10.74063777923584,214.931396484375,0.5,0.5,0.5
91,24,-6.317663192749023,23.543071746826172,0.5,0.5,1.0
91,25,-15.62395191192627,182.72531127929688,0.0,0.3333333432674408,1.0
91,26,-4.669924259185791,10.329069137573242,0.5,1.0,1.0
91,27,-7.104312896728516,34.88847351074219,0.0,1.0,1.0
91,28,-4.520392417907715,9.584969520568848,0.5,1.0,1.0
91,29,-8.879440307617188,84.751220703125,0.0,0.5,1.0
91,30,-3.4002065658569336,29.97028923034668,0.0,1.0,1.0
91,31,-9.701868057250977,5.037842750549316,0.5,1.0,1.0
91,32,-2.3514902591705322,2.1898436546325684,0.6666666865348816,1.0,1.0
91,33,-17.960893630981445,7946.18212890625,0.0,0.0,0.5
91,34,-12.400198936462402,7.898712158203125,0.6666666865348816,0.8333333730697632,1.0
91,35,-6.199896812438965,22.196805953979492,0.5,0.5,1.0
91,36,-7.551276683807373,43.62534713745117,0.5,0.5,0.5
91,37,-11.48317813873291,4.2013139724731445,0.75,0.875,1.0
91,38,-6.799285888671875,5.472970008850098,0.75,1.0,1.0
91,39,-13.370743751525879,800.6082763671875,0.5,0.5,0.5
91,40,-16.264699935913086,3402.78662109375,0.0,0.5,0.5
91,41,-22.72016143798828,17.116111755371094,0.375,0.75,0.875
91,42,-5.726524353027344,6.745269775390625,0.3333333432674408,1.0,1.0
91,43,-12.419151306152344,22.304485321044922,0.5,0.75,1.0
91,44,-19.29376792907715,124.39251708984375,0.0,0.5,0.75
91,45,-9.590835571289062,120.95490264892578,0.0,0.5,0.5
91,46,-9.930868148803711,27.393051147460938,0.6666666865348816,0.6666666865348816,0.6666666865348816
91,47,-9.423513412475586,23.130943298339844,0.6666666865348816,0.6666666865348816,0.6666666865348816
91,48,-13.767202377319336,9.91981029510498,0.3333333432674408,0.8333333730697632,1.0
91,49,-2.6471316814422607,1.697957992553711,0.800000011920929,1.0,1.0
91,50,-2.5520215034484863,3.58232045173645,0.5,1.0,1.0
91,51,-20.00537109375,28.056730270385742,0.3333333432674408,0.6666666865348816,0.8333333730697632
91,52,-10.297962188720703,172.25588989257812,0.5,0.5,0.5
91,53,-7.6236114501953125,12.69494342803955,0.3333333432674408,0.6666666865348816,1.0
91,54,-9.93868637084961,7.299000263214111,0.6000000238418579,0.800000011920929,1.0
91,55,-11.303369522094727,16.875154495239258,0.25,0.75,1.0
91,56,-13.098312377929688,78.73628997802734,0.0,0.3333333432674408,1.0
91,57,-9.312894821166992,10.2597017288208,0.5,0.75,1.0
91,58,-18.813720703125,529.1332397460938,0.0,0.3333333432674408,0.3333333432674408
91,59,-6.400052070617676,8.443109512329102,0.6666666865348816,0.6666666865348816,1.0
91,60,-9.242887496948242,10.08169937133789,0.5,1.0,1.0
91,61,-13.1322660446167,710.6165161132812,0.0,0.5,0.5
91,62,-9.153177261352539,9.858108520507812,0.25,0.75,1.0
91,63,-5.995911598205566,20.04452133178711,0.5,0.5,1.0
91,64,-8.405017852783203,66.85385131835938,0.0,0.5,1.0
91,65,-16.35564613342285,3561.093994140625,0.0,0.0,0.5
91,66,-13.190775871276855,81.20083618164062,0.6666666865348816,0.6666666865348816,0.6666666865348816
91,67,-20.807083129882812,32976.20703125,0.0,0.0,0.5
91,68,-10.65888500213623,34.91657638549805,0.3333333432674408,0.6666666865348816,0.6666666865348816
91,69,-10.690824508666992,209.64430236816406,0.0,0.5,1.0
91,70,-16.86330223083496,67.75007629394531,0.0,0.75,0.75
91,71,-5.9110846519470215,19.212139129638672,0.5,0.5,1.0
92,0,-6.342848300933838,23.841413497924805,0.5,0.5,1.0
92,1,-4.032059192657471,7.508454322814941,0.5,1.0,1.0
92,2,-8.84430980682373,19.069747924804688,0.6666666865348816,0.6666666865348816,0.6666666865348816
92,3,-17.881694793701172,7637.666015625,0.0,0.0,0.0
92,4,-19.338043212890625,15819.8642578125,0.0,0.0,0.5
92,5,-13.469219207763672,89.0982666015625,0.3333333432674408,0.6666666865348816,0.6666666865348816
92,6,-32.449859619140625,223.2539520263672,0.5,0.6666666865348816,0.6666666865348816
92,7,-4.61336612701416,4.654286861419678,0.3333333432674408,1.0,1.0
92,8,-29.41844367980957,1563.3885498046875,0.25,0.25,0.5
92,9,-18.151044845581055,424.2607727050781,0.0,0.3333333432674408,0.6666666865348816
92,10,-12.643196105957031,23.58943748474121,0.25,0.75,1.0
92,11,-16.257965087890625,10.201824188232422,0.4285714626312256,0.8571429252624512,0.8571429252624512
92,12,-12.95264720916748,649.5784912109375,0.5,0.5,0.5
92,13,-8.45138931274414,8.271759986877441,0.75,0.75,0.75
92,14,-18.62299156188965,11064.486328125,0.0,0.0,0.5
92,15,-10.050724029541016,28.50961685180664,0.3333333432674408,0.6666666865348816,0.6666666865348816
92,16,-5.524812698364258,15.837909698486328,0.5,0.5,1.0
92,17,-4.947142601013184,11.864744186401367,0.5,1.0,1.0
92,18,-3.5482852458953857,5.895224571228027,0.5,1.0,1.0
92,19,-7.331099510192871,11.515568733215332,0.3333333432674408,0.6666666865348816,1.0
92,20,-7.004805564880371,1101.915771484375,0.0,0.0,0.0
92,21,-25.698501586914062,380503.53125,0.0,0.0,0.0
92,22,-25.391183853149414,23.900466918945312,0.25,0.625,0.875
92,23,-10.815668106079102,223.14773559570312,0.5,0.5,0.5
92,24,-6.2195563316345215,22.41607093811035,0.5,0.5,1.0
92,25,-15.72127914428711,188.7506103515625,0.0,0.3333333432674408,1.0
92,26,-4.736008644104004,10.676065444946289,0.5,1.0,1.0
92,27,-7.070648193359375,34.30613327026367,0.0,1.0,1.0
92,28,-4.4857563972473145,9.420406341552734,0.5,1.0,1.0
92,29,-8.784313201904297,80.81451416015625,0.0,0.5,1.0
92,30,-3.3725411891937256,29.152515411376953,0.0,1.0,1.0
92,31,-9.731012344360352,5.062373161315918,0.5,1.0,1.0
92,32,-2.2707200050354004,2.1316721439361572,0.6666666865348816,1.0,1.0
92,33,-17.94034194946289,7864.9462890625,0.0,0.0,0.5
92,34,-12.504796981811523,8.037618637084961,0.6666666865348816,0.8333333730697632,1.0
92,35,-6.181279182434082,21.991138458251953,0.5,0.5,1.0
92,36,-7.541808605194092,43.419307708740234,0.5,0.5,0.5
92,37,-11.502516746520996,4.211482048034668,0.75,0.875,1.0
92,38,-6.899794101715088,5.612232208251953,0.75,1.0,1.0
92,39,-13.275896072387695,763.526611328125,0.5,0.5,0.5
92,40,-16.311607360839844,3483.537841796875,0.0,0.5,0.5
92,41,-22.70275115966797,17.078901290893555,0.375,0.75,0.875
92,42,-5.708585739135742,6.705056667327881,0.3333333432674408,1.0,1.0
92,43,-12.432476043701172,22.378908157348633,0.5,0.75,1.0
92,44,-19.28481101989746,124.1142807006836,0.0,0.5,0.75
92,45,-9.617044448852539,122.55038452148438,0.0,0.5,0.5
92,46,-10.102439880371094,29.005342483520508,0.6666666865348816,0.6666666865348816,0.6666666865348816
92,47,-9.390848159790039,22.88044548034668,0.6666666865348816,0.6666666865348816,0.6666666865348816
92,48,-13.83923625946045,10.039620399475098,0.3333333432674408,0.6666666865348816,1.0
92,49,-2.603809356689453,1.683309555053711,0.800000011920929,1.0,1.0
92,50,-2.5671072006225586,3.609443426132202,0.5,1.0,1.0
92,51,-20.027164459228516,28.15882682800293,0.3333333432674408,0.6666666865348816,0.8333333730697632
92,52,-10.259636878967285,168.98643493652344,0.5,0.5,0.5
92,53,-7.67489767074585,12.913836479187012,0.3333333432674408,1.0,1.0
92,54,-10.000407218933105,7.3896589279174805,0.6000000238418579,0.800000011920929,1.0
92,55,-11.376075744628906,17.184690475463867,0.25,0.75,1.0
92,56,-13.092156410217285,78.57489776611328,0.0,0.3333333432674408,1.0
92,57,-9.25452995300293,10.11108684539795,0.5,0.75,1.0
92,58,-18.816064834594727,529.546875,0.0,0.3333333432674408,0.3333333432674408
92,59,-6.462287902832031,8.62009334564209,0.6666666865348816,0.6666666865348816,1.0
92,60,-9.242871284484863,10.081658363342285,0.5,1.0,1.0
92,61,-13.100679397583008,699.4817504882812,0.0,0.5,0.5
92,62,-9.122509956359863,9.782817840576172,0.25,0.75,1.0
92,63,-5.964964389801025,19.736745834350586,0.5,0.5,1.0
92,64,-8.427831649780273,67.62081146240234,0.0,0.5,1.0
92,65,-16.269502639770508,3410.9677734375,0.0,0.0,0.5
92,66,-13.208470344543457,81.68116760253906,0.6666666865348816,0.6666666865348816,0.6666666865348816
92,67,-20.808353424072266,32997.16015625,0.0,0.0,0.0
92,68,-10.679157257080078,35.1533203125,0.3333333432674408,0.6666666865348816,0.6666666865348816
92,69,-10.731302261352539,213.9304962158203,0.0,0.5,1.0
92,70,-16.842470169067383,67.39814758300781,0.0,0.75,0.75
92,71,-5.788830280303955,18.07292938232422,0.5,0.5,1.0
93,0,-6.223440170288086,22.45964241027832,0.5,0.5,1.0
93,1,-4.016689777374268,7.450974941253662,0.5,1.0,1.0
93,2,-8.825689315795898,18.951753616333008,0.6666666865348816,0.6666666865348816,0.6666666865348816
93,3,-17.988895416259766,8058.2177734375,0.0,0.0,0.0
93,4,-19.464279174804688,16850.56640625,0.0,0.0,0.5
93,5,-13.535053253173828,91.0750961303711,0.3333333432674408,0.6666666865348816,0.6666666865348816
93,6,-32.37654495239258,220.54261779785156,0.5,0.6666666865348816,0.6666666865348816
93,7,-4.582242488861084,4.606250762939453,0.3333333432674408,1.0,1.0
93,8,-29.559894561767578,1619.6634521484375,0.25,0.25,0.5
93,9,-18.28839683532715,444.13665771484375,0.0,0.3333333432674408,0.6666666865348816
93,10,-12.711260795593262,23.994274139404297,0.25,0.75,1.0
93,11,-16.298534393310547,10.261120796203613,0.4285714626312256,0.8571429252624512,0.8571429252624512
93,12,-12.929747581481934,642.183349609375,0.5,0.5,0.5
93,13,-8.43228530883789,8.232348442077637,0.75,0.75,0.75
93,14,-18.664520263671875,11296.634765625,0.0,0.0,0.5
93,15,-9.9791259765625,27.837257385253906,0.3333333432674408,0.6666666865348816,0.6666666865348816
93,16,-5.4945855140686035,15.600340843200684,0.5,0.5,1.0
93,17,-4.91331672668457,11.665762901306152,0.5,1.0,1.0
93,18,-3.592710494995117,6.0276384353637695,0.5,1.0,1.0
93,19,-7.3849778175354,11.724248886108398,0.3333333432674408,0.6666666865348816,1.0
93,20,-7.080390453338623,1188.4324951171875,0.0,0.0,0.0
93,21,-25.602108001708984,362599.4375,0.0,0.0,0.0
93,22,-25.371280670166016,23.841079711914062,0.25,0.625,0.875
93,23,-10.718050003051758,212.51763916015625,0.5,0.5,0.5
93,24,-6.244462966918945,22.696969985961914,0.5,0.5,1.0
93,25,-15.592703819274902,180.8319091796875,0.0,0.3333333432674408,1.0
93,26,-4.727261543273926,10.629474639892578,0.5,1.0,1.0
93,27,-7.163741111755371,35.94070816040039,0.0,1.0,1.0
93,28,-4.553743839263916,9.746146202087402,0.5,1.0,1.0
93,29,-8.968961715698242,88.63092803955078,0.0,0.5,1.0
93,30,-3.3470892906188965,28.419891357421875,0.0,1.0,1.0
93,31,-9.847283363342285,5.161431312561035,0.5,1.0,1.0
93,32,-2.303394317626953,2.1550159454345703,0.6666666865348816,1.0,1.0
93,33,-17.992435455322266,8072.49365234375,0.0,0.0,0.5
93,34,-12.418701171875,7.923107624053955,0.6666666865348816,0.8333333730697632,1.0
93,35,-6.226384162902832,22.49272918701172,0.5,0.5,1.0
93,36,-7.565924644470215,43.94602966308594,0.5,0.5,0.5
93,37,-11.4319486618042,4.174495697021484,0.75,0.875,1.0
93,38,-6.788031578063965,5.4575934410095215,0.75,1.0,1.0
93,39,-13.416387557983398,819.0899047851562,0.5,0.5,0.5
93,40,-16.42722511291504,3690.85205078125,0.0,0.5,0.5
93,41,-22.757381439208984,17.1959285736084,0.375,0.75,0.875
93,42,-5.819151401519775,6.956783294677734,0.3333333432674408,1.0,1.0
93,43,-12.424461364746094,22.334115982055664,0.5,0.75,1.0
93,44,-19.215576171875,121.98451232910156,0.0,0.5,0.75
93,45,-9.609275817871094,122.07527923583984,0.0,0.5,0.5
93,46,-10.22182559967041,30.182889938354492,0.6666666865348816,0.6666666865348816,0.6666666865348816
93,47,-9.370591163635254,22.726470947265625,0.6666666865348816,0.6666666865348816,0.6666666865348816
93,48,-13.748847961425781,9.889509201049805,0.3333333432674408,0.6666666865348816,1.0
93,49,-2.6010422706604004,1.6823782920837402,0.800000011920929,1.0,1.0
93,50,-2.583585500717163,3.6393051147460938,0.5,1.0,1.0
93,51,-20.063732147216797,28.330963134765625,0.3333333432674408,0.6666666865348816,0.8333333730697632
93,52,-10.217255592346191,165.44317626953125,0.5,0.5,0.5
93,53,-7.646872520446777,12.793760299682617,0.3333333432674408,0.6666666865348816,1.0
93,54,-9.822298049926758,7.131058692932129,0.6000000238418579,0.800000011920929,1.0
93,55,-11.373218536376953,17.172420501708984,0.25,0.75,1.0
93,56,-13.047586441040039,77.41615295410156,0.0,0.6666666865348816,1.0
93,57,-9.367609024047852,10.40100383758545,0.5,0.75,1.0
93,58,-18.853927612304688,536.2726440429688,0.0,0.3333333432674408,0.3333333432674408
93,59,-6.504983901977539,8.74365234375,0.6666666865348816,0.6666666865348816,1.0
93,60,-9.261143684387207,10.12781810760498,0.5,1.0,1.0
93,61,-13.080307006835938,692.3928833007812,0.0,0.5,0.5
93,62,-9.251359939575195,10.103076934814453,0.25,0.75,1.0
93,63,-6.011054992675781,20.196866989135742,0.5,0.5,1.0
93,64,-8.442581176757812,68.12134552001953,0.0,0.5,1.0
93,65,-16.330097198486328,3515.892333984375,0.0,0.0,0.5
93,66,-13.164463996887207,80.49173736572266,0.6666666865348816,0.6666666865348816,0.6666666865348816
93,67,-20.71771240234375,31535.091796875,0.0,0.0,0.0
93,68,-10.651111602783203,34.82621765136719,0.3333333432674408,0.6666666865348816,0.6666666865348816
93,69,-10.712529182434082,211.93182373046875,0.0,0.5,1.0
93,70,-16.8759708404541,67.9649887084961,0.0,0.75,0.75
93,71,-5.823941707611084,18.39301300048828,0.5,0.5,1.0
94,0,-6.341227054595947,23.82209587097168,0.5,0.5,1.0
94,1,-3.998181104660034,7.3823394775390625,0.5,1.0,1.0
94,2,-8.862297058105469,19.184429168701172,0.6666666865348816,0.6666666865348816,0.6666666865348816
94,3,-17.99932861328125,8100.36474609375,0.0,0.0,0.0
94,4,-19.535680770874023,17463.013671875,0.0,0.0,0.5
94,5,-13.426249504089355,87.83118438720703,0.3333333432674408,0.6666666865348816,0.6666666865348816
94,6,-32.36692428588867,220.18923950195312,0.5,0.5,0.6666666865348816
94,7,-4.745340824127197,4.8636064529418945,0.3333333432674408,1.0,1.0
94,8,-29.502410888671875,1596.5538330078125,0.25,0.25,0.5
94,9,-18.276458740234375,442.37286376953125,0.0,0.3333333432674408,0.6666666865348816
94,10,-12.69571304321289,23.90118980407715,0.25,0.75,1.0
94,11,-16.191566467285156,10.105511665344238,0.4285714626312256,0.8571429252624512,0.8571429252624512
94,12,-13.03341007232666,676.34619140625,0.5,0.5,0.5
94,13,-8.395910263061523,8.157824516296387,0.75,0.75,0.75
94,14,-18.713062286376953,11574.1689453125,0.0,0.0,0.5
94,15,-10.041511535644531,28.42220115661621,0.3333333432674408,0.6666666865348816,0.6666666865348816
94,16,-5.492687225341797,15.585540771484375,0.5,0.5,1.0
94,17,-4.893620014190674,11.55143928527832,0.5,1.0,1.0
94,18,-3.576629638671875,5.979367733001709,0.5,1.0,1.0
94,19,-7.5334625244140625,12.319140434265137,0.3333333432674408,0.6666666865348816,1.0
94,20,-7.044315338134766,1146.32373046875,0.0,0.0,0.0
94,21,-25.69326400756836,379508.40625,0.0,0.0,0.0
94,22,-25.432466506958008,24.024118423461914,0.25,0.625,0.875
94,23,-10.675849914550781,208.0804901123047,0.5,0.5,0.5
94,24,-6.224337577819824,22.469724655151367,0.5,0.5,1.0
94,25,-15.60420036315918,181.52626037597656,0.0,0.3333333432674408,1.0
94,26,-4.665398597717285,10.305723190307617,0.5,1.0,1.0
94,27,-7.158916473388672,35.85411071777344,0.0,1.0,1.0
94,28,-4.5106892585754395,9.538579940795898,0.5,1.0,1.0
94,29,-8.904073715209961,85.80152893066406,0.0,0.5,1.0
94,30,-3.312689781188965,27.45888328552246,0.0,1.0,1.0
94,31,-9.895334243774414,5.202932357788086,0.5,0.8333333730697632,1.0
94,32,-2.273933172225952,2.1339564323425293,0.6666666865348816,1.0,1.0
94,33,-17.993770599365234,8077.884765625,0.0,0.0,0.5
94,34,-12.421243667602539,7.926466464996338,0.6666666865348816,0.8333333730697632,1.0
94,35,-6.131225109100342,21.44759750366211,0.5,0.5,1.0
94,36,-7.567178726196289,43.973594665527344,0.5,0.5,0.5
94,37,-11.534248352050781,4.228219985961914,0.75,0.875,1.0
94,38,-6.9234232902526855,5.645483016967773,0.75,1.0,1.0
94,39,-13.260686874389648,757.7423706054688,0.5,0.5,0.5
94,40,-16.31464385986328,3488.830810546875,0.0,0.5,0.5
94,41,-22.702281951904297,17.077899932861328,0.375,0.75,0.875
94,42,-5.779510974884033,6.865464687347412,0.3333333432674408,1.0,1.0
94,43,-12.492785453796387,22.718881607055664,0.5,0.75,1.0
94,44,-19.280323028564453,123.97511291503906,0.0,0.5,0.75
94,45,-9.602585792541504,121.66761779785156,0.0,0.5,0.5
94,46,-9.938618659973145,27.463912963867188,0.6666666865348816,0.6666666865348816,0.6666666865348816
94,47,-9.41016960144043,23.02828598022461,0.6666666865348816,0.6666666865348816,0.6666666865348816
94,48,-13.752153396606445,9.894960403442383,0.3333333432674408,0.8333333730697632,1.0
94,49,-2.646200656890869,1.6976418495178223,0.800000011920929,1.0,1.0
94,50,-2.5679268836975098,3.6109230518341064,0.5,1.0,1.0
94,51,-19.926551818847656,27.690568923950195,0.3333333432674408,0.6666666865348816,0.8333333730697632
94,52,-10.200790405273438,164.08673095703125,0.5,0.5,0.5
94,53,-7.592110633850098,12.56234073638916,0.3333333432674408,1.0,1.0
94,54,-10.0409574508667,7.449832439422607,0.6000000238418579,0.800000011920929,1.0
94,55,-11.411654472351074,17.338226318359375,0.25,0.75,1.0
94,56,-13.014318466186523,76.56240844726562,0.0,0.6666666865348816,1.0
94,57,-9.408607482910156,10.508157730102539,0.5,0.75,1.0
94,58,-18.765884399414062,520.7628784179688,0.0,0.3333333432674408,0.3333333432674408
94,59,-6.520420074462891,8.78875732421875,0.6666666865348816,0.6666666865348816,1.0
94,60,-9.239031791687012,10.071986198425293,0.5,1.0,1.0
94,61,-13.112957000732422,703.7888793945312,0.0,0.5,0.5
94,62,-9.227779388427734,10.043693542480469,0.25,0.75,1.0
94,63,-5.980702877044678,19.892671585083008,0.5,0.5,1.0
94,64,-8.460073471069336,68.71975708007812,0.0,0.5,1.0
94,65,-16.348514556884766,3548.41845703125,0.0,0.0,0.5
94,66,-13.268974304199219,83.34522247314453,0.6666666865348816,0.6666666865348816,0.6666666865348816
94,67,-20.793548583984375,32753.80078125,0.0,0.0,0.5
94,68,-10.722309112548828,35.662620544433594,0.3333333432674408,0.6666666865348816,0.6666666865348816
94,69,-10.679017066955566,208.41026306152344,0.0,0.5,1.0
94,70,-16.934926986694336,68.9741439819336,0.0,0.75,0.75
94,71,-5.848942279815674,18.624374389648438,0.5,0.5,1.0
95,0,-6.342137813568115,23.83294677734375,0.5,0.5,1.0
95,1,-4.040063381195068,7.538564205169678,0.5,1.0,1.0
95,2,-8.813763618469238,18.87656593322754,0.6666666865348816,0.6666666865348816,0.6666666865348816
95,3,-17.78822898864746,7288.94775390625,0.0,0.0,0.0
95,4,-19.67681312561035,18739.83203125,0.0,0.0,0.5
95,5,-13.515312194824219,90.47775268554688,0.3333333432674408,0.6666666865348816,0.6666666865348816
95,6,-32.49222183227539,224.83583068847656,0.5,0.6666666865348816,0.6666666865348816
95,7,-4.574333667755127,4.594122886657715,0.3333333432674408,1.0,1.0
95,8,-29.54801368713379,1614.85986328125,0.25,0.25,0.5
95,9,-18.203428268432617,431.7339782714844,0.0,0.3333333432674408,0.6666666865348816
95,10,-12.675661087036133,23.781673431396484,0.25,0.75,1.0
95,11,-16.302284240722656,10.266618728637695,0.4285714626312256,0.8571429252624512,0.8571429252624512
95,12,-13.092647552490234,696.6783447265625,0.5,0.5,0.5
95,13,-8.36172866821289,8.088409423828125,0.75,0.75,0.75
95,14,-18.655914306640625,11248.1298828125,0.0,0.0,0.5
95,15,-9.99539852142334,27.988662719726562,0.3333333432674408,0.6666666865348816,0.6666666865348816
95,16,-5.458704471588135,15.322957992553711,0.5,0.5,1.0
95,17,-4.9275031089782715,11.74880599975586,0.5,1.0,1.0
95,18,-3.546172857284546,5.889001369476318,0.5,1.0,1.0
95,19,-7.407566547393799,11.812862396240234,0.3333333432674408,0.6666666865348816,1.0
95,20,-7.069755554199219,1175.860595703125,0.0,0.0,0.0
95,21,-25.61502456665039,364948.75,0.0,0.0,0.0
95,22,-25.413162231445312,23.966217041015625,0.25,0.625,0.875
95,23,-10.660100936889648,206.4484100341797,0.5,0.5,0.5
95,24,-6.211783409118652,22.329120635986328,0.5,0.5,1.0
95,25,-15.754532814025879,190.8544464111328,0.0,0.3333333432674408,1.0
95,26,-4.773901462554932,10.880266189575195,0.5,1.0,1.0
95,27,-7.117177963256836,35.11361312866211,0.0,1.0,1.0
95,28,-4.492602825164795,9.452710151672363,0.5,1.0,1.0
95,29,-8.981240272521973,89.17672729492188,0.0,0.5,1.0
95,30,-3.3775887489318848,29.30003547668457,0.0,1.0,1.0
95,31,-9.769097328186035,5.094608783721924,0.5,1.0,1.0
95,32,-2.28975772857666,2.14524245262146,0.6666666865348816,1.0,1.0
95,33,-17.90058135986328,7710.1328125,0.0,0.0,0.5
95,34,-12.478014945983887,8.001821517944336,0.6666666865348816,0.8333333730697632,1.0
95,35,-6.238561630249023,22.630098342895508,0.5,0.5,1.0
95,36,-7.536735534667969,43.30931854248047,0.5,0.5,0.5
95,37,-11.514159202575684,4.217615604400635,0.75,0.875,1.0
95,38,-6.842424392700195,5.532313346862793,0.75,1.0,1.0
95,39,-13.30126667022705,773.2738647460938,0.5,0.5,0.5
95,40,-16.368099212646484,3583.336669921875,0.0,0.5,0.5
95,41,-22.766328811645508,17.215173721313477,0.375,0.75,0.875
95,42,-5.829451560974121,6.980709552764893,0.3333333432674408,1.0,1.0
95,43,-12.507638931274414,22.803403854370117,0.5,0.75,1.0
95,44,-19.320770263671875,125.23507690429688,0.0,0.5,0.75
95,45,-9.683243751525879,126.67464447021484,0.0,0.5,0.5
95,46,-10.263720512390137,30.60734748840332,0.6666666865348816,0.6666666865348816,0.6666666865348816
95,47,-9.382226943969727,22.814790725708008,0.6666666865348816,0.6666666865348816,0.6666666865348816
95,48,-13.774173736572266,9.931341171264648,0.3333333432674408,0.8333333730697632,1.0
95,49,-2.640322685241699,1.6956472396850586,0.800000011920929,1.0,1.0
95,50,-2.5396077632904053,3.5601541996002197,0.5,1.0,1.0
95,51,-20.018789291381836,28.11954689025879,0.3333333432674408,0.6666666865348816,0.8333333730697632
95,52,-10.275457382202148,170.32846069335938,0.5,0.5,0.5
95,53,-7.659305572509766,12.846890449523926,0.3333333432674408,1.0,1.0
95,54,-9.964461326599121,7.336723327636719,0.6000000238418579,0.800000011920929,1.0
95,55,-11.376627922058105,17.187063217163086,0.25,0.75,1.0
95,56,-13.100812911987305,78.80194091796875,0.0,0.3333333432674408,1.0
95,57,-9.286149978637695,10.191330909729004,0.5,0.75,1.0
95,58,-18.858625411987305,537.113037109375,0.0,0.3333333432674408,0.3333333432674408
95,59,-6.523579120635986,8.798018455505371,0.6666666865348816,0.6666666865348816,1.0
95,60,-9.407764434814453,10.505943298339844,0.5,1.0,1.0
95,61,-13.198012351989746,734.364990234375,0.0,0.5,0.5
95,62,-9.355762481689453,10.370244026184082,0.25,0.75,1.0
95,63,-6.001008987426758,20.095672607421875,0.5,0.5,1.0
95,64,-8.442031860351562,68.1026382446289,0.0,0.5,1.0
95,65,-16.332454681396484,3520.0390625,0.0,0.0,0.5
95,66,-13.321048736572266,84.80458068847656,0.6666666865348816,0.6666666865348816,0.6666666865348816
95,67,-20.731475830078125,31752.85546875,0.0,0.0,0.0
95,68,-10.647672653198242,34.786319732666016,0.3333333432674408,0.6666666865348816,0.6666666865348816
95,69,-10.703235626220703,210.94931030273438,0.0,0.5,1.0
95,70,-16.945756912231445,69.16114807128906,0.0,0.75,0.75
95,71,-5.856914043426514,18.698755264282227,0.5,0.5,1.0
96,0,-6.36178731918335,24.068252563476562,0.5,0.5,1.0
96,1,-4.027171611785889,7.490127086639404,0.5,1.0,1.0
96,2,-8.840627670288086,19.046356201171875,0.6666666865348816,0.6666666865348816,0.6666666865348816
96,3,-17.82901382446289,7439.11328125,0.0,0.0,0.0
96,4,-19.608535766601562,18110.875,0.0,0.0,0.5
96,5,-13.523439407348633,90.72318267822266,0.3333333432674408,0.6666666865348816,0.6666666865348816
96,6,-32.44253921508789,222.98170471191406,0.5,0.6666666865348816,0.6666666865348816
96,7,-4.570755958557129,4.588647842407227,0.3333333432674408,1.0,1.0
96,8,-29.56554412841797,1621.95263671875,0.25,0.25,0.5
96,9,-18.306495666503906,446.82421875,0.0,0.3333333432674408,0.6666666865348816
96,10,-12.740642547607422,24.171171188354492,0.25,0.75,1.0
96,11,-16.342805862426758,10.32622241973877,0.4285714626312256,0.8571429252624512,0.8571429252624512
96,12,-12.989903450012207,661.7922973632812,0.5,0.5,0.5
96,13,-8.339430809020996,8.043447494506836,0.75,0.75,0.75
96,14,-18.691198348999023,11448.3291015625,0.0,0.0,0.5
96,15,-10.059215545654297,28.59042739868164,0.3333333432674408,0.6666666865348816,0.6666666865348816
96,16,-5.465230464935303,15.373039245605469,0.5,0.5,1.0
96,17,-4.875212669372559,11.445611000061035,0.5,1.0,1.0
96,18,-3.556891918182373,5.920648097991943,0.5,1.0,1.0
96,19,-7.4577741622924805,12.012223243713379,0.3333333432674408,0.6666666865348816,1.0
96,20,-7.101278305053711,1213.517333984375,0.0,0.0,0.0
96,21,-25.71588134765625,383824.5,0.0,0.0,0.0
96,22,-25.374042510986328,23.84931182861328,0.25,0.625,0.875
96,23,-10.677311897277832,208.23265075683594,0.5,0.5,0.5
96,24,-6.252105236053467,22.78386688232422,0.5,0.5,1.0
96,25,-15.680524826049805,186.20375061035156,0.0,0.3333333432674408,1.0
96,26,-4.770724296569824,10.862996101379395,0.5,1.0,1.0
96,27,-7.158797264099121,35.85197448730469,0.0,1.0,1.0
96,28,-4.493394374847412,9.456451416015625,0.5,1.0,1.0
96,29,-8.937182426452637,87.2337417602539,0.0,0.5,1.0
96,30,-3.3524649143218994,28.573078155517578,0.0,1.0,1.0
96,31,-9.886388778686523,5.195180892944336,0.5,0.8333333730697632,1.0
96,32,-2.3246684074401855,2.1703522205352783,0.6666666865348816,1.0,1.0
96,33,-18.036659240722656,8252.98046875,0.0,0.0,0.5
96,34,-12.412971496582031,7.915545463562012,0.6666666865348816,0.8333333730697632,1.0
96,35,-6.264331817626953,22.92357635498047,0.5,0.5,1.0
96,36,-7.498538017272949,42.49000930786133,0.5,0.5,0.5
96,37,-11.436241149902344,4.176736354827881,0.75,0.875,1.0
96,38,-6.794362545013428,5.466238498687744,0.75,1.0,1.0
96,39,-13.339757919311523,788.3001708984375,0.5,0.5,0.5
96,40,-16.384807586669922,3613.397705078125,0.0,0.5,0.5
96,41,-22.722679138183594,17.121498107910156,0.375,0.75,0.875
96,42,-5.650893211364746,6.57734489440918,0.6666666865348816,1.0,1.0
96,43,-12.455389022827148,22.507471084594727,0.5,0.75,1.0
96,44,-19.39234733581543,127.4962387084961,0.0,0.5,0.75
96,45,-9.628396987915039,123.24799346923828,0.0,0.5,0.5
96,46,-10.03912353515625,28.39958381652832,0.6666666865348816,0.6666666865348816,0.6666666865348816
96,47,-9.452835083007812,23.35812759399414,0.6666666865348816,0.6666666865348816,0.6666666865348816
96,48,-13.803753852844238,9.980422973632812,0.3333333432674408,0.6666666865348816,1.0
96,49,-2.5750732421875,1.6736630201339722,0.800000011920929,1.0,1.0
96,50,-2.5486972332000732,3.57637095451355,0.5,1.0,1.0
96,51,-20.0513916015625,28.272754669189453,0.3333333432674408,0.8333333730697632,0.8333333730697632
96,52,-10.244997024536133,167.7539825439453,0.5,0.5,0.5
96,53,-7.504584789276123,12.201126098632812,0.3333333432674408,1.0,1.0
96,54,-10.006468772888184,7.398621082305908,0.6000000238418579,0.800000011920929,1.0
96,55,-11.35049057006836,17.075122833251953,0.25,0.75,1.0
96,56,-13.146824836730957,80.01988220214844,0.0,0.3333333432674408,1.0
96,57,-9.297346115112305,10.219898223876953,0.5,0.75,1.0
96,58,-18.674489974975586,505.1372375488281,0.0,0.3333333432674408,0.3333333432674408
96,59,-6.485142707824707,8.686015129089355,0.6666666865348816,0.6666666865348816,1.0
96,60,-9.311290740966797,10.255587577819824,0.5,1.0,1.0
96,61,-13.140850067138672,713.673095703125,0.0,0.5,0.5
96,62,-9.238909721374512,10.07167911529541,0.25,0.75,1.0
96,63,-5.954265594482422,19.63144874572754,0.5,0.5,1.0
96,64,-8.389301300048828,66.33055114746094,0.0,0.5,1.0
96,65,-16.356496810913086,3562.609130859375,0.0,0.0,0.5
96,66,-13.324854850769043,84.9122543334961,0.6666666865348816,0.6666666865348816,0.6666666865348816
96,67,-20.848388671875,33664.3359375,0.0,0.0,0.0
96,68,-10.768747329711914,36.21894836425781,0.3333333432674408,0.6666666865348816,0.6666666865348816
96,69,-10.69511890411377,210.09494018554688,0.0,0.5,1.0
96,70,-16.943035125732422,69.11410522460938,0.0,0.75,0.75
96,71,-5.881160259246826,18.92682456970215,0.5,0.5,1.0
97,0,-6.43278694152832,24.938018798828125,0.5,0.5,1.0
97,1,-3.991870164871216,7.359081268310547,0.5,1.0,1.0
97,2,-8.829833984375,18.977956771850586,0.6666666865348816,0.6666666865348816,0.6666666865348816
97,3,-17.841922760009766,7487.2841796875,0.0,0.0,0.0
97,4,-19.559598922729492,17673.107421875,0.0,0.0,0.5
97,5,-13.482499122619629,89.4935302734375,0.3333333432674408,0.6666666865348816,0.6666666865348816
97,6,-32.53516387939453,226.45071411132812,0.5,0.6666666865348816,0.6666666865348816
97,7,-4.618717670440674,4.662597179412842,0.3333333432674408,1.0,1.0
97,8,-29.44727897644043,1574.6995849609375,0.25,0.25,0.5
97,9,-18.22734832763672,435.1900329589844,0.0,0.3333333432674408,0.6666666865348816
97,10,-12.709903717041016,23.986133575439453,0.25,0.75,1.0
97,11,-16.37483787536621,10.373583793640137,0.4285714626312256,0.8571429252624512,0.8571429252624512
97,12,-13.036920547485352,677.5343627929688,0.5,0.5,0.5
97,13,-8.313833236694336,7.992138385772705,0.75,0.75,0.75
97,14,-18.781394958496094,11976.44921875,0.0,0.0,0.5
97,15,-10.022897720336914,28.24639892578125,0.3333333432674408,0.6666666865348816,0.6666666865348816
97,16,-5.494357109069824,15.598559379577637,0.5,0.5,1.0
97,17,-4.930506706237793,11.766463279724121,0.5,1.0,1.0
97,18,-3.5191287994384766,5.809906482696533,0.5,1.0,1.0
97,19,-7.358407974243164,11.620870590209961,0.3333333432674408,0.6666666865348816,1.0
97,20,-7.092024803161621,1202.33984375,0.0,0.0,0.0
97,21,-25.651721954345703,371706.90625,0.0,0.0,0.0
97,22,-25.400550842285156,23.928466796875,0.25,0.625,0.875
97,23,-10.707221984863281,211.37017822265625,0.5,0.5,0.5
97,24,-6.269130706787109,22.97864532470703,0.5,0.5,1.0
97,25,-15.682271957397461,186.31227111816406,0.0,0.3333333432674408,1.0
97,26,-4.81314754486084,11.095878601074219,0.5,1.0,1.0
97,27,-7.186450004577637,36.35111999511719,0.0,1.0,1.0
97,28,-4.477471351623535,9.381463050842285,0.5,1.0,1.0
97,29,-8.896265983581543,85.46723175048828,0.0,0.5,1.0
97,30,-3.333239793777466,28.029003143310547,0.0,1.0,1.0
97,31,-9.690967559814453,5.028698921203613,0.5,0.8333333730697632,1.0
97,32,-2.288092613220215,2.144052028656006,0.6666666865348816,1.0,1.0
97,33,-18.018815994262695,8179.677734375,0.0,0.0,0.5
97,34,-12.370288848876953,7.85943603515625,0.6666666865348816,0.8333333730697632,1.0
97,35,-6.31389045715332,23.498703002929688,0.5,0.5,1.0
97,36,-7.59061336517334,44.491878509521484,0.5,0.5,0.5
97,37,-11.476949691772461,4.198044300079346,0.75,0.875,1.0
97,38,-6.8205246925354,5.5021071434021,0.75,1.0,1.0
97,39,-13.45212459564209,833.8572998046875,0.5,0.5,0.5
97,40,-16.20453453063965,3301.94580078125,0.0,0.5,0.5
97,41,-22.821754455566406,17.334856033325195,0.375,0.75,0.875
97,42,-5.826038360595703,6.972771644592285,0.3333333432674408,1.0,1.0
97,43,-12.533683776855469,22.95236587524414,0.5,0.75,1.0
97,44,-19.2697811126709,123.64879608154297,0.0,0.5,0.75
97,45,-9.629362106323242,123.30747985839844,0.0,0.5,0.5
97,46,-10.058663368225098,28.58516502380371,0.6666666865348816,0.6666666865348816,0.6666666865348816
97,47,-9.389668464660645,22.87145233154297,0.6666666865348816,0.6666666865348816,0.6666666865348816
97,48,-13.793623924255371,9.96358871459961,0.3333333432674408,0.6666666865348816,1.0
97,49,-2.6348884105682373,1.69380521774292,0.800000011920929,1.0,1.0
97,50,-2.529021978378296,3.541360378265381,0.5,1.0,1.0
97,51,-20.12188720703125,28.60689926147461,0.3333333432674408,0.6666666865348816,0.8333333730697632
97,52,-10.211185455322266,164.94180297851562,0.5,0.5,0.5
97,53,-7.604767322540283,12.61545181274414,0.3333333432674408,1.0,1.0
97,54,-9.824748992919922,7.134554862976074,0.6000000238418579,0.800000011920929,1.0
97,55,-11.395846366882324,17.269838333129883,0.25,0.75,1.0
97,56,-13.128969192504883,79.5450210571289,0.0,0.3333333432674408,1.0
97,57,-9.308723449707031,10.249007225036621,0.5,0.75,1.0
97,58,-18.754138946533203,518.7279052734375,0.0,0.3333333432674408,0.3333333432674408
97,59,-6.5600972175598145,8.905768394470215,0.6666666865348816,0.6666666865348816,1.0
97,60,-9.364477157592773,10.392862319946289,0.5,1.0,1.0
97,61,-13.181697845458984,728.39892578125,0.0,0.5,0.5
97,62,-9.19627571105957,9.964900016784668,0.25,0.75,1.0
97,63,-5.952552318572998,19.614639282226562,0.5,0.5,1.0
97,64,-8.479865074157715,69.40316772460938,0.0,0.5,1.0
97,65,-16.393020629882812,3628.2666015625,0.0,0.0,0.5
97,66,-13.20835018157959,81.67789459228516,0.6666666865348816,0.6666666865348816,0.6666666865348816
97,67,-20.929719924926758,35061.53515625,0.0,0.0,0.0
97,68,-10.754722595214844,36.050025939941406,0.3333333432674408,0.6666666865348816,0.6666666865348816
97,69,-10.735665321350098,214.39768981933594,0.0,0.5,1.0
97,70,-16.9698486328125,69.5789566040039,0.0,0.75,0.75
97,71,-5.818361282348633,18.341764450073242,0.5,0.5,1.0
98,0,-6.409753322601318,24.65245819091797,0.5,0.5,1.0
98,1,-4.037499904632568,7.528907775878906,0.5,1.0,1.0
98,2,-8.838497161865234,19.032838821411133,0.6666666865348816,0.6666666865348816,0.6666666865348816
98,3,-17.883544921875,7644.7353515625,0.0,0.0,0.0
98,4,-19.49237060546875,17088.916015625,0.0,0.0,0.5
98,5,-13.505228042602539,90.17415618896484,0.3333333432674408,0.6666666865348816,0.6666666865348816
98,6,-32.41036605834961,221.78927612304688,0.5,0.6666666865348816,0.6666666865348816
98,7,-4.669381618499756,4.742007255554199,0.3333333432674408,1.0,1.0
98,8,-29.4537410736084,1577.2454833984375,0.25,0.25,0.5
98,9,-18.24703025817871,438.0545959472656,0.0,0.3333333432674408,0.6666666865348816
98,10,-12.703031539916992,23.944961547851562,0.25,0.75,1.0
98,11,-16.398365020751953,10.408507347106934,0.4285714626312256,0.8571429252624512,0.8571429252624512
98,12,-13.045877456665039,680.575439453125,0.5,0.5,0.5
98,13,-8.292795181274414,7.95021390914917,0.75,0.75,0.75
98,14,-18.692596435546875,11456.3349609375,0.0,0.0,0.5
98,15,-10.00225830078125,28.052736282348633,0.3333333432674408,0.6666666865348816,0.6666666865348816
98,16,-5.4674811363220215,15.390349388122559,0.5,0.5,1.0
98,17,-4.907680511474609,11.6329345703125,0.5,1.0,1.0
98,18,-3.5167038440704346,5.802865982055664,0.5,1.0,1.0
98,19,-7.3998589515686035,11.782551765441895,0.3333333432674408,0.6666666865348816,1.0
98,20,-7.080843925476074,1188.971435546875,0.0,0.0,0.0
98,21,-25.680265426635742,377049.875,0.0,0.0,0.0
98,22,-25.473941802978516,24.14899444580078,0.25,0.625,0.875
98,23,-10.692422866821289,209.81190490722656,0.5,0.5,0.5
98,24,-6.292182922363281,23.245033264160156,0.5,0.5,1.0
98,25,-15.636487007141113,183.4904327392578,0.0,0.3333333432674408,1.0
98,26,-4.697852611541748,10.47431755065918,0.5,1.0,1.0
98,27,-7.150476455688477,35.703125,0.0,1.0,1.0
98,28,-4.517945766448975,9.573250770568848,0.5,1.0,1.0
98,29,-8.931373596191406,86.98075103759766,0.0,0.5,1.0
98,30,-3.3383634090423584,28.17298126220703,0.0,1.0,1.0
98,31,-9.935379028320312,5.237773895263672,0.5,0.8333333730697632,1.0
98,32,-2.28120756149292,2.139137029647827,0.6666666865348816,1.0,1.0
98,33,-18.093822479248047,8492.2666015625,0.0,0.0,0.5
98,34,-12.460930824279785,7.979069709777832,0.6666666865348816,0.8333333730697632,1.0
98,35,-6.27208948135376,23.012666702270508,0.5,0.5,1.0
98,36,-7.549106121063232,43.578025817871094,0.5,0.5,0.5
98,37,-11.506614685058594,4.213639736175537,0.75,0.875,1.0
98,38,-6.79079532623291,5.461365699768066,0.75,1.0,1.0
98,39,-13.322717666625977,781.6123046875,0.5,0.5,0.5
98,40,-16.32483673095703,3506.65673828125,0.0,0.5,0.5
98,41,-22.794017791748047,17.274860382080078,0.375,0.75,0.875
98,42,-5.716579437255859,6.722946643829346,0.3333333432674408,1.0,1.0
98,43,-12.58315372467041,23.23798942565918,0.5,0.75,1.0
98,44,-19.36475372314453,126.61974334716797,0.0,0.5,0.75
98,45,-9.572006225585938,119.82149505615234,0.0,0.5,0.5
98,46,-10.037531852722168,28.384523391723633,0.6666666865348816,0.6666666865348816,0.6666666865348816
98,47,-9.381736755371094,22.811063766479492,0.6666666865348816,0.6666666865348816,0.6666666865348816
98,48,-13.819482803344727,10.006623268127441,0.3333333432674408,0.8333333730697632,1.0
98,49,-2.5473461151123047,1.6644076108932495,0.800000011920929,1.0,1.0
98,50,-2.549424409866333,3.577671766281128,0.5,1.0,1.0
98,51,-19.999643325805664,28.029958724975586,0.3333333432674408,0.6666666865348816,0.8333333730697632
98,52,-10.302993774414062,172.68978881835938,0.5,0.5,0.5
98,53,-7.567248344421387,12.458662033081055,0.3333333432674408,1.0,1.0
98,54,-9.77961254119873,7.070438385009766,0.6000000238418579,0.800000011920929,1.0
98,55,-11.241031646728516,16.61420249938965,0.25,0.75,1.0
98,56,-13.136445999145508,79.74349975585938,0.0,0.6666666865348816,1.0
98,57,-9.214590072631836,10.010629653930664,0.5,0.75,1.0
98,58,-18.670608520507812,504.48394775390625,0.0,0.3333333432674408,0.3333333432674408
98,59,-6.543229579925537,8.8558349609375,0.6666666865348816,0.6666666865348816,1.0
98,60,-9.352978706359863,10.363030433654785,0.5,1.0,1.0
98,61,-13.209657669067383,738.6534423828125,0.0,0.5,0.5
98,62,-9.292076110839844,10.206441879272461,0.25,0.75,1.0
98,63,-5.968810081481934,19.774734497070312,0.5,0.5,1.0
98,64,-8.487027168273926,69.65215301513672,0.0,0.5,1.0
98,65,-16.353038787841797,3556.45458984375,0.0,0.0,0.5
98,66,-13.261322021484375,83.1329116821289,0.6666666865348816,0.6666666865348816,0.6666666865348816
98,67,-20.82125473022461,33210.69921875,0.0,0.0,0.0
98,68,-10.64429759979248,34.74721145629883,0.3333333432674408,0.6666666865348816,0.6666666865348816
98,69,-10.823657035827637,224.04087829589844,0.0,0.5,1.0
98,70,-16.877042770385742,67.98320770263672,0.0,0.75,0.75
98,71,-5.848224639892578,18.617691040039062,0.5,0.5,1.0
99,0,-6.424446105957031,24.8342342376709,0.5,0.5,1.0
99,1,-3.9808080196380615,7.318490505218506,0.5,1.0,1.0
99,2,-8.863134384155273,19.18978500366211,0.6666666865348816,0.6666666865348816,0.6666666865348816
99,3,-18.01657485961914,8170.5166015625,0.0,0.0,0.0
99,4,-19.62575912475586,18267.513671875,0.0,0.0,0.5
99,5,-13.52984619140625,90.91715240478516,0.3333333432674408,0.6666666865348816,0.6666666865348816
99,6,-32.503143310546875,225.2454071044922,0.5,0.6666666865348816,0.6666666865348816
99,7,-4.705134868621826,4.798859596252441,0.3333333432674408,1.0,1.0
99,8,-29.476829528808594,1586.3758544921875,0.25,0.25,0.5
99,9,-18.241727828979492,437.2809753417969,0.0,0.3333333432674408,0.6666666865348816
99,10,-12.67253303527832,23.763084411621094,0.25,0.75,1.0
99,11,-16.468202590942383,10.512871742248535,0.4285714626312256,0.8571429252624512,0.8571429252624512
99,12,-13.077997207641602,691.5936889648438,0.5,0.5,0.5
99,13,-8.264734268188477,7.894636154174805,0.75,0.75,0.75
99,14,-18.738529205322266,11722.4912109375,0.0,0.0,0.5
99,15,-10.081550598144531,28.804073333740234,0.3333333432674408,0.6666666865348816,0.6666666865348816
99,16,-5.489664554595947,15.562004089355469,0.5,0.5,1.0
99,17,-4.904021263122559,11.61167049407959,0.5,1.0,1.0
99,18,-3.54272723197937,5.878864765167236,0.5,1.0,1.0
99,19,-7.416017055511475,11.846181869506836,0.3333333432674408,0.6666666865348816,1.0
99,20,-7.155391693115234,1280.994140625,0.0,0.0,0.0
99,21,-25.698806762695312,380561.625,0.0,0.0,0.0
99,22,-25.50646209716797,24.247360229492188,0.25,0.625,0.875
99,23,-10.641351699829102,204.52206420898438,0.5,0.5,0.5
99,24,-6.285141468048096,23.16333770751953,0.5,0.5,1.0
99,25,-15.689702987670898,186.77427673339844,0.0,0.3333333432674408,1.0
99,26,-4.779751300811768,10.912137031555176,0.5,1.0,1.0
99,27,-7.076277732849121,34.40283203125,0.0,1.0,1.0
99,28,-4.493937969207764,9.459022521972656,0.5,1.0,1.0
99,29,-8.899190902709961,85.59231567382812,0.0,0.5,1.0
99,30,-3.346890687942505,28.414249420166016,0.0,1.0,1.0
99,31,-9.77126693725586,5.0964508056640625,0.5,1.0,1.0
99,32,-2.2536468505859375,2.119575262069702,0.6666666865348816,1.0,1.0
99,33,-17.997102737426758,8091.3544921875,0.0,0.0,0.5
99,34,-12.442973136901855,7.955224990844727,0.6666666865348816,0.8333333730697632,1.0
99,35,-6.259051322937012,22.86313247680664,0.5,0.5,1.0
99,36,-7.581752777099609,44.295204162597656,0.5,0.5,0.5
99,37,-11.387187957763672,4.1512041091918945,0.75,0.875,1.0
99,38,-6.771326065063477,5.434847831726074,0.75,1.0,1.0
99,39,-13.368680953979492,799.7830200195312,0.5,0.5,0.5
99,40,-16.394834518432617,3631.558837890625,0.0,0.5,0.5
99,41,-22.732831954956055,17.143239974975586,0.375,0.75,0.875
99,42,-5.742924213409424,6.782244682312012,0.3333333432674408,1.0,1.0
99,43,-12.585986137390137,23.25444984436035,0.5,0.75,1.0
99,44,-19.281003952026367,123.9962158203125,0.0,0.5,0.75
99,45,-9.586071968078613,120.66716003417969,0.0,0.5,0.5
99,46,-10.096956253051758,28.95237159729004,0.6666666865348816,0.6666666865348816,0.6666666865348816
99,47,-9.393536567687988,22.90096092224121,0.6666666865348816,0.6666666865348816,0.6666666865348816
99,48,-13.823479652404785,10.013291358947754,0.3333333432674408,0.8333333730697632,1.0
99,49,-2.608320713043213,1.6848291158676147,0.800000011920929,1.0,1.0
99,50,-2.5201804637908936,3.5257396697998047,0.5,1.0,1.0
99,51,-20.092777252197266,28.468441009521484,0.3333333432674408,0.6666666865348816,0.8333333730697632
99,52,-10.264215469360352,169.3737335205078,0.5,0.5,0.5
99,53,-7.428057670593262,11.89382266998291,0.3333333432674408,1.0,1.0
99,54,-9.974733352661133,7.351810932159424,0.6000000238418579,0.800000011920929,1.0
99,55,-11.507187843322754,17.757305145263672,0.25,0.75,1.0
99,56,-13.21765422821045,81.93160247802734,0.0,0.3333333432674408,1.0
99,57,-9.245290756225586,10.08775806427002,0.5,0.75,1.0
99,58,-18.74517059326172,517.1796264648438,0.0,0.3333333432674408,0.3333333432674408
99,59,-6.514852523803711,8.772461891174316,0.6666666865348816,0.6666666865348816,1.0
99,60,-9.34665298461914,10.346654891967773,0.5,1.0,1.0
99,61,-13.112836837768555,703.7466430664062,0.0,0.5,0.5
99,62,-9.269973754882812,10.150200843811035,0.25,0.75,1.0
99,63,-5.9436259269714355,19.52729034423828,0.5,0.5,1.0
99,64,-8.432191848754883,67.76839447021484,0.0,0.5,1.0
99,65,-16.34071159362793,3534.6015625,0.0,0.0,0.5
99,66,-13.36705493927002,86.11512756347656,0.6666666865348816,0.6666666865348816,0.6666666865348816
99,67,-20.900588989257812,34554.55078125,0.0,0.0,0.0
99,68,-10.766430854797363,36.19099044799805,0.3333333432674408,0.6666666865348816,0.6666666865348816
99,69,-10.73904037475586,214.75979614257812,0.0,0.5,1.0
99,70,-16.940811157226562,69.07568359375,0.0,0.75,0.75
99,71,-5.913357734680176,19.23398780822754,0.5,0.5,1.0
100,0,-6.445614337921143,25.09847640991211,0.5,0.5,1.0
100,1,-4.029303550720215,7.4981160163879395,0.5,1.0,1.0
100,2,-8.847467422485352,19.08983039855957,0.6666666865348816,0.6666666865348816,0.6666666865348816
100,3,-17.827926635742188,7435.07080078125,0.0,0.0,0.0
100,4,-19.47014617919922,16900.0703125,0.0,0.0,0.5
100,5,-13.508585929870605,90.27513122558594,0.3333333432674408,0.6666666865348816,0.6666666865348816
100,6,-32.70132064819336,232.80941772460938,0.5,0.6666666865348816,0.6666666865348816
100,7,-4.681138515472412,4.760627269744873,0.3333333432674408,1.0,1.0
100,8,-29.429296493530273,1567.6361083984375,0.25,0.25,0.5
100,9,-18.36751365661621,456.0054626464844,0.0,0.3333333432674408,0.6666666865348816
100,10,-12.684893608093262,23.83662986755371,0.25,0.75,1.0
100,11,-16.439245223999023,10.46947193145752,0.4285714626312256,0.8571429252624512,0.8571429252624512
100,12,-13.060383796691895,685.52978515625,0.5,0.5,0.5
100,13,-8.239270210266113,7.84453821182251,0.75,0.75,0.75
100,14,-18.77218246459961,11921.41015625,0.0,0.0,0.5
100,15,-10.130929946899414,29.282108306884766,0.3333333432674408,0.6666666865348816,0.6666666865348816
100,16,-5.442439079284668,15.198846817016602,0.5,0.5,1.0
100,17,-4.958740711212158,11.933748245239258,0.5,1.0,1.0
100,18,-3.4930052757263184,5.7345123291015625,0.5,1.0,1.0
100,19,-7.403792858123779,11.798012733459473,0.3333333432674408,0.6666666865348816,1.0
100,20,-7.092153549194336,1202.49462890625,0.0,0.0,0.0
100,21,-25.650131225585938,371411.375,0.0,0.0,0.0
100,22,-25.35206413269043,23.78388023376465,0.25,0.625,0.875
100,23,-10.667950630187988,207.26026916503906,0.5,0.5,0.5
100,24,-6.2505202293396,22.765817642211914,0.5,0.5,1.0
100,25,-15.654088020324707,184.5701446533203,0.0,0.3333333432674408,1.0
100,26,-4.741125106811523,10.703412055969238,0.5,1.0,1.0
100,27,-7.080532073974609,34.47608947753906,0.0,1.0,1.0
100,28,-4.473832130432129,9.364407539367676,0.5,1.0,1.0
100,29,-8.998001098632812,89.92720794677734,0.0,0.5,1.0
100,30,-3.3890178203582764,29.636829376220703,0.0,1.0,1.0
100,31,-9.85484504699707,5.167940139770508,0.5,0.8333333730697632,1.0
100,32,-2.3298816680908203,2.1741271018981934,0.6666666865348816,1.0,1.0
100,33,-18.106603622436523,8546.7109375,0.0,0.0,0.5
100,34,-12.460531234741211,7.978538990020752,0.6666666865348816,0.8333333730697632,1.0
100,35,-6.22222375869751,22.445987701416016,0.5,0.5,1.0
100,36,-7.6057868003845215,44.83070755004883,0.5,0.5,0.5
100,37,-11.490306854248047,4.205059051513672,0.75,0.875,1.0
100,38,-6.845176696777344,5.536121368408203,0.75,1.0,1.0
100,39,-13.301770210266113,773.4685668945312,0.5,0.5,0.5
100,40,-16.367013931274414,3581.392822265625,0.0,0.5,0.5
100,41,-22.695680618286133,17.063814163208008,0.375,0.75,0.875
100,42,-5.7923665046691895,6.894947528839111,0.3333333432674408,1.0,1.0
100,43,-12.539716720581055,22.987009048461914,0.5,0.75,1.0
100,44,-19.445125579833984,129.1896514892578,0.0,0.5,0.75
100,45,-9.702627182006836,127.90830993652344,0.0,0.5,0.5
100,46,-10.112638473510742,29.104110717773438,0.6666666865348816,0.6666666865348816,0.6666666865348816
100,47,-9.397174835205078,22.928752899169922,0.6666666865348816,0.6666666865348816,0.6666666865348816
100,48,-13.813034057617188,9.995874404907227,0.3333333432674408,0.8333333730697632,1.0
100,49,-2.538750171661377,1.6615486145019531,0.800000011920929,1.0,1.0
100,50,-2.5325419902801514,3.5475986003875732,0.5,1.0,1.0
100,51,-20.096385955810547,28.485572814941406,0.3333333432674408,0.6666666865348816,0.8333333730697632
100,52,-10.259392738342285,168.96580505371094,0.5,0.5,0.5
100,53,-7.573235511779785,12.483551979064941,0.3333333432674408,1.0,1.0
100,54,-9.966858863830566,7.3402419090271,0.6000000238418579,0.800000011920929,1.0
100,55,-11.466971397399902,17.57966423034668,0.25,0.75,1.0
100,56,-13.139636993408203,79.828369140625,0.0,0.6666666865348816,1.0
100,57,-9.268574714660645,10.146651268005371,0.5,0.75,1.0
100,58,-18.819547653198242,530.161865234375,0.0,0.3333333432674408,0.3333333432674408
100,59,-6.548022747039795,8.869994163513184,0.6666666865348816,0.6666666865348816,1.0
100,60,-9.281582832336426,10.179701805114746,0.5,1.0,1.0
100,61,-13.254956245422363,755.5742797851562,0.0,0.5,0.5
100,62,-9.247962951660156,10.094499588012695,0.25,0.75,1.0
100,63,-5.989175319671631,19.977121353149414,0.5,0.5,1.0
100,64,-8.492149353027344,69.83076477050781,0.0,0.5,1.0
100,65,-16.366130828857422,3579.8115234375,0.0,0.0,0.5
100,66,-13.394742965698242,86.91358184814453,0.6666666865348816,0.6666666865348816,0.6666666865348816
100,67,-20.868797302246094,34009.6171875,0.0,0.0,0.0
100,68,-10.806805610656738,36.68135070800781,0.3333333432674408,0.6666666865348816,0.6666666865348816
100,69,-10.69294548034668,209.86672973632812,0.0,0.5,1.0
100,70,-17.076330184936523,71.45604705810547,0.0,0.5,0.75
100,71,-5.8742756843566895,18.86178207397461,0.5,0.5,1.0
101,0,-6.416213512420654,24.732215881347656,0.5,0.5,1.0
101,1,-4.027168273925781,7.490114688873291,0.5,1.0,1.0
101,2,-8.927294731140137,19.6046142578125,0.6666666865348816,0.6666666865348816,0.6666666865348816
101,3,-17.787939071655273,7287.8916015625,0.0,0.0,0.0
101,4,-19.565061569213867,17721.447265625,0.0,0.0,0.5
101,5,-13.517309188842773,90.53800201416016,0.3333333432674408,0.6666666865348816,0.6666666865348816
101,6,-32.589786529541016,228.52169799804688,0.5,0.6666666865348816,0.6666666865348816
101,7,-4.562554359436035,4.576119899749756,0.3333333432674408,1.0,1.0
101,8,-29.495378494262695,1593.7493896484375,0.25,0.25,0.5
101,9,-18.416677474975586,463.5400085449219,0.0,0.3333333432674408,0.6666666865348816
101,10,-12.661865234375,23.699792861938477,0.25,0.75,1.0
101,11,-16.544097900390625,10.62747573852539,0.4285714626312256,0.8571429252624512,0.8571429252624512
101,12,-13.029966354370117,675.1826171875,0.5,0.5,0.5
101,13,-8.208474159240723,7.784374713897705,0.75,0.75,0.75
101,14,-18.89678955078125,12687.7822265625,0.0,0.0,0.5
101,15,-10.102092742919922,29.001981735229492,0.3333333432674408,0.6666666865348816,0.6666666865348816
101,16,-5.451666355133057,15.26913070678711,0.5,0.5,1.0
101,17,-4.89794921875,11.576470375061035,0.5,1.0,1.0
101,18,-3.528315782546997,5.836655139923096,0.5,1.0,1.0
101,19,-7.3787922859191895,11.70009994506836,0.3333333432674408,0.6666666865348816,1.0
101,20,-7.134119987487793,1254.032958984375,0.0,0.0,0.0
101,21,-25.711803436279297,383042.6875,0.0,0.0,0.0
101,22,-25.640987396240234,24.658544540405273,0.25,0.625,0.875
101,23,-10.655128479003906,205.93576049804688,0.5,0.5,0.5
101,24,-6.244453430175781,22.696863174438477,0.5,0.5,1.0
101,25,-15.743576049804688,190.1586151123047,0.0,0.3333333432674408,1.0
101,26,-4.806482791900635,11.058964729309082,0.5,1.0,1.0
101,27,-7.10847282409668,34.96111297607422,0.0,1.0,1.0
101,28,-4.501692771911621,9.495769500732422,0.5,1.0,1.0
101,29,-9.012015342712402,90.55955505371094,0.0,0.5,1.0
101,30,-3.379611015319824,29.359350204467773,0.0,1.0,1.0
101,31,-9.76495361328125,5.091091632843018,0.5,0.8333333730697632,1.0
101,32,-2.3049328327178955,2.1561214923858643,0.6666666865348816,1.0,1.0
101,33,-18.024669647216797,8203.65234375,0.0,0.0,0.5
101,34,-12.530327796936035,8.071892738342285,0.6666666865348816,0.8333333730697632,1.0
101,35,-6.222644329071045,22.450708389282227,0.5,0.5,1.0
101,36,-7.620413303375244,45.159767150878906,0.5,0.5,0.5
101,37,-11.352365493774414,4.133174419403076,0.75,0.875,1.0
101,38,-6.752243995666504,5.408982753753662,0.75,1.0,1.0
101,39,-13.435321807861328,826.881103515625,0.5,0.5,0.5
101,40,-16.322969436645508,3503.38427734375,0.0,0.5,0.5
101,41,-22.664043426513672,16.99646759033203,0.375,0.75,0.875
101,42,-5.8153486251831055,6.947969913482666,0.3333333432674408,1.0,1.0
101,43,-12.595170974731445,23.30790901184082,0.5,0.75,1.0
101,44,-19.385713577270508,127.28496551513672,0.0,0.5,0.75
101,45,-9.640442848205566,123.99254608154297,0.0,0.5,0.5
101,46,-10.031460762023926,28.327138900756836,0.6666666865348816,0.6666666865348816,0.6666666865348816
101,47,-9.353594779968262,22.59807777404785,0.6666666865348816,0.6666666865348816,0.6666666865348816
101,48,-13.86192512512207,10.077657699584961,0.3333333432674408,0.6666666865348816,1.0
101,49,-2.5960888862609863,1.6807124614715576,0.800000011920929,1.0,1.0
101,50,-2.5393431186676025,3.559683322906494,0.5,1.0,1.0
101,51,-20.048309326171875,28.25823211669922,0.3333333432674408,0.6666666865348816,0.8333333730697632
101,52,-10.343284606933594,176.2039794921875,0.5,0.5,0.5
101,53,-7.5449604988098145,12.36644458770752,0.3333333432674408,1.0,1.0
101,54,-9.988734245300293,7.3724260330200195,0.6000000238418579,0.800000011920929,1.0
101,55,-11.401863098144531,17.295835494995117,0.25,0.75,1.0
101,56,-13.22873306274414,82.2347412109375,0.0,0.3333333432674408,1.0
101,57,-9.26375961303711,10.134444236755371,0.5,0.75,1.0
101,58,-18.7470703125,517.5072021484375,0.0,0.3333333432674408,0.3333333432674408
101,59,-6.520492076873779,8.788969039916992,0.6666666865348816,0.6666666865348816,1.0
101,60,-9.297602653503418,10.220553398132324,0.5,1.0,1.0
101,61,-13.152408599853516,717.8095703125,0.0,0.5,0.5
101,62,-9.255807876586914,10.114316940307617,0.25,0.75,1.0
101,63,-6.021590232849121,20.303537368774414,0.5,0.5,1.0
101,64,-8.501800537109375,70.16854858398438,0.0,0.5,1.0
101,65,-16.346378326416016,3544.630615234375,0.0,0.0,0.5
101,66,-13.351598739624023,85.6725845336914,0.6666666865348816,0.6666666865348816,0.6666666865348816
101,67,-20.861722946166992,33889.53125,0.0,0.0,0.0
101,68,-10.842262268066406,37.117454528808594,0.3333333432674408,0.6666666865348816,0.6666666865348816
101,69,-10.72402572631836,213.153564453125,0.0,0.5,1.0
101,70,-16.963674545288086,69.47164154052734,0.0,0.75,0.75
101,71,-5.898323059082031,19.089941024780273,0.5,0.5,1.0
102,0,-6.366278171539307,24.122358322143555,0.5,0.5,1.0
102,1,-4.012650489807129,7.43594217300415,0.5,1.0,1.0
102,2,-8.896271705627441,19.402925491333008,0.6666666865348816,0.6666666865348816,0.6666666865348816
102,3,-17.843917846679688,7494.75634765625,0.0,0.0,0.0
102,4,-19.637216567993164,18372.46484375,0.0,0.0,0.5
102,5,-13.468114852905273,89.06547546386719,0.3333333432674408,0.6666666865348816,0.6666666865348816
102,6,-32.59142303466797,228.5840301513672,0.5,0.6666666865348816,0.6666666865348816
102,7,-4.606269836425781,4.6432905197143555,0.3333333432674408,1.0,1.0
102,8,-29.469409942626953,1583.43603515625,0.25,0.25,0.5
102,9,-18.354440689086914,454.0225524902344,0.0,0.3333333432674408,0.6666666865348816
102,10,-12.652284622192383,23.643095016479492,0.25,0.75,1.0
102,11,-16.582063674926758,10.685271263122559,0.4285714626312256,0.8571429252624512,0.8571429252624512
102,12,-13.06617259979248,687.516845703125,0.5,0.5,0.5
102,13,-8.2200345993042,7.806905269622803,0.75,0.75,0.75
102,14,-18.811447143554688,12157.767578125,0.0,0.0,0.5
102,15,-10.091658592224121,28.901287078857422,0.3333333432674408,0.6666666865348816,0.6666666865348816
102,16,-5.463319778442383,15.358359336853027,0.5,0.5,1.0
102,17,-4.895474433898926,11.562154769897461,0.5,1.0,1.0
102,18,-3.5129168033599854,5.791888236999512,0.5,1.0,1.0
102,19,-7.41994571685791,11.861705780029297,0.3333333432674408,0.6666666865348816,1.0
102,20,-7.1116180419921875,1226.1298828125,0.0,0.0,0.0
102,21,-25.615346908569336,365007.59375,0.0,0.0,0.0
102,22,-25.52252769470215,24.296104431152344,0.25,0.625,0.875
102,23,-10.749137878417969,215.8468017578125,0.5,0.5,0.5
102,24,-6.247983455657959,22.736957550048828,0.5,0.5,1.0
102,25,-15.614013671875,182.1210174560547,0.0,0.3333333432674408,1.0
102,26,-4.741796016693115,10.707002639770508,0.5,1.0,1.0
102,27,-7.111494064331055,35.01396942138672,0.0,1.0,1.0
102,28,-4.4967041015625,9.472113609313965,0.5,1.0,1.0
102,29,-8.990320205688477,89.58250427246094,0.0,0.5,1.0
102,30,-3.3347747325897217,28.072059631347656,0.0,1.0,1.0
102,31,-9.905158996582031,5.211459159851074,0.5,0.8333333730697632,1.0
102,32,-2.305516242980957,2.156540632247925,0.6666666865348816,1.0,1.0
102,33,-18.006128311157227,8127.95068359375,0.0,0.0,0.5
102,34,-12.568303108215332,8.123143196105957,0.6666666865348816,0.8333333730697632,1.0
102,35,-6.263240814208984,22.911075592041016,0.5,0.5,1.0
102,36,-7.552905559539795,43.660892486572266,0.5,0.5,0.5
102,37,-11.467299461364746,4.192983150482178,0.75,0.875,1.0
102,38,-6.81201696395874,5.490417003631592,0.75,1.0,1.0
102,39,-13.514358520507812,860.2123413085938,0.5,0.5,0.5
102,40,-16.381061553955078,3606.635986328125,0.0,0.5,0.5
102,41,-22.739736557006836,17.158042907714844,0.375,0.75,0.875
102,42,-5.684606552124023,6.651676177978516,0.3333333432674408,1.0,1.0
102,43,-12.602739334106445,23.352052688598633,0.5,0.75,1.0
102,44,-19.361515045166016,126.51726531982422,0.0,0.5,0.75
102,45,-9.650100708007812,124.5927505493164,0.0,0.5,0.5
102,46,-10.158291816711426,29.550397872924805,0.6666666865348816,0.6666666865348816,0.6666666865348816
102,47,-9.449418067932129,23.331539154052734,0.6666666865348816,0.6666666865348816,0.6666666865348816
102,48,-13.882137298583984,10.111662864685059,0.3333333432674408,0.8333333730697632,1.0
102,49,-2.6115355491638184,1.6859127283096313,0.800000011920929,1.0,1.0
102,50,-2.5477852821350098,3.5747406482696533,0.5,1.0,1.0
102,51,-19.943166732788086,27.767356872558594,0.3333333432674408,0.8333333730697632,0.8333333730697632
102,52,-10.295050621032715,172.00531005859375,0.5,0.5,0.5
102,53,-7.574283599853516,12.487913131713867,0.3333333432674408,1.0,1.0
102,54,-9.927738189697266,7.2830352783203125,0.6000000238418579,0.800000011920929,1.0
102,55,-11.453800201416016,17.521873474121094,0.25,0.75,1.0
102,56,-13.238271713256836,82.49662780761719,0.0,0.3333333432674408,1.0
102,57,-9.295429229736328,10.215001106262207,0.5,0.75,1.0
102,58,-18.73076629638672,514.7024536132812,0.0,0.3333333432674408,0.3333333432674408
102,59,-6.51651668548584,8.77733039855957,0.6666666865348816,0.6666666865348816,1.0
102,60,-9.21560001373291,10.013157844543457,0.5,1.0,1.0
102,61,-13.282233238220215,765.9497680664062,0.0,0.5,0.5
102,62,-9.209905624389648,9.998912811279297,0.25,0.75,1.0
102,63,-5.961978912353516,19.707305908203125,0.5,0.5,1.0
102,64,-8.531705856323242,71.22563934326172,0.0,0.5,1.0
102,65,-16.283903121948242,3435.6162109375,0.0,0.0,0.5
102,66,-13.480640411376953,89.43811798095703,0.6666666865348816,0.6666666865348816,0.6666666865348816
102,67,-20.804779052734375,32938.23828125,0.0,0.0,0.0
102,68,-10.83314037322998,37.00476837158203,0.3333333432674408,0.6666666865348816,0.6666666865348816
102,69,-10.72210693359375,212.94915771484375,0.0,0.5,1.0
102,70,-17.06167984008789,71.19481658935547,0.0,0.75,0.75
102,71,-5.925196647644043,19.34817886352539,0.5,0.5,1.0
103,0,-6.410665035247803,24.663700103759766,0.5,0.5,1.0
103,1,-4.068745136260986,7.647452354431152,0.5,1.0,1.0
103,2,-8.860456466674805,19.17266273498535,0.6666666865348816,0.6666666865348816,0.6666666865348816
103,3,-17.8021240234375,7339.7646484375,0.0,0.0,0.0
103,4,-19.621009826660156,18224.185546875,0.0,0.0,0.5
103,5,-13.405848503112793,87.23590087890625,0.3333333432674408,0.6666666865348816,0.6666666865348816
103,6,-32.62544631958008,229.8839111328125,0.5,0.5,0.6666666865348816
103,7,-4.597849369049072,4.630276203155518,0.3333333432674408,1.0,1.0
103,8,-29.52417755126953,1605.265380859375,0.25,0.25,0.5
103,9,-18.28508758544922,443.6470642089844,0.0,0.3333333432674408,0.6666666865348816
103,10,-12.830507278442383,24.72035026550293,0.25,0.75,1.0
103,11,-16.44498062133789,10.47805404663086,0.4285714626312256,0.8571429252624512,0.8571429252624512
103,12,-12.908583641052246,635.423583984375,0.5,0.5,0.5
103,13,-8.198485374450684,7.764960289001465,0.75,0.75,0.75
103,14,-18.848342895507812,12384.1337890625,0.0,0.0,0.5
103,15,-10.08166790008545,28.805198669433594,0.3333333432674408,0.6666666865348816,0.6666666865348816
103,16,-5.438041687011719,15.165465354919434,0.5,0.5,1.0
103,17,-4.9207892417907715,11.709431648254395,0.5,1.0,1.0
103,18,-3.5532608032226562,5.909908771514893,0.5,1.0,1.0
103,19,-7.395718097686768,11.766298294067383,0.3333333432674408,0.6666666865348816,1.0
103,20,-7.140698432922363,1262.3096923828125,0.0,0.0,0.0
103,21,-25.82986068725586,406333.8125,0.0,0.0,0.0
103,22,-25.47928810119629,24.165138244628906,0.25,0.625,0.875
103,23,-10.650071144104004,205.41566467285156,0.5,0.5,0.5
103,24,-6.237208843231201,22.614797592163086,0.5,0.5,1.0
103,25,-15.820047378540039,195.06820678710938,0.0,0.3333333432674408,1.0
103,26,-4.804020404815674,11.045357704162598,0.5,1.0,1.0
103,27,-7.13936710357666,35.50535583496094,0.0,1.0,1.0
103,28,-4.479909420013428,9.392906188964844,0.5,1.0,1.0
103,29,-9.085697174072266,93.95806884765625,0.0,0.5,1.0
103,30,-3.404184103012085,30.08973503112793,0.0,1.0,1.0
103,31,-9.86375617980957,5.175621509552002,0.5,0.8333333730697632,1.0
103,32,-2.263913869857788,2.1268413066864014,0.6666666865348816,1.0,1.0
103,33,-18.06515121459961,8371.3935546875,0.0,0.0,0.5
103,34,-12.514055252075195,8.050031661987305,0.6666666865348816,0.8333333730697632,1.0
103,35,-6.360060214996338,24.04747772216797,0.5,0.5,1.0
103,36,-7.609832763671875,44.92149353027344,0.5,0.5,0.5
103,37,-11.485603332519531,4.202587604522705,0.75,0.875,1.0
103,38,-6.672120094299316,5.301713466644287,0.75,1.0,1.0
103,39,-13.407295227050781,815.3745727539062,0.5,0.5,0.5
103,40,-16.368595123291016,3584.225341796875,0.0,0.5,0.5
103,41,-22.69516372680664,17.062711715698242,0.375,0.75,0.875
103,42,-5.816852569580078,6.9514546394348145,0.3333333432674408,1.0,1.0
103,43,-12.591625213623047,23.287256240844727,0.5,0.75,1.0
103,44,-19.366912841796875,126.68810272216797,0.0,0.5,0.75
103,45,-9.63789176940918,123.83448791503906,0.0,0.5,0.5
103,46,-10.095717430114746,28.940418243408203,0.6666666865348816,0.6666666865348816,0.6666666865348816
103,47,-9.417720794677734,23.086320877075195,0.6666666865348816,0.6666666865348816,0.6666666865348816
103,48,-13.849960327148438,10.057580947875977,0.3333333432674408,0.8333333730697632,1.0
103,49,-2.593168020248413,1.6797308921813965,0.800000011920929,1.0,1.0
103,50,-2.513857126235962,3.5146098136901855,0.5,1.0,1.0
103,51,-20.057147979736328,28.299894332885742,0.3333333432674408,0.8333333730697632,0.8333333730697632
103,52,-10.295068740844727,172.00686645507812,0.5,0.5,0.5
103,53,-7.536880016326904,12.333181381225586,0.3333333432674408,1.0,1.0
103,54,-9.935598373413086,7.294493198394775,0.6000000238418579,0.800000011920929,1.0
103,55,-11.47175407409668,17.600696563720703,0.25,0.75,1.0
103,56,-13.143560409545898,79.93285369873047,0.0,0.3333333432674408,1.0
103,57,-9.244674682617188,10.086204528808594,0.5,0.75,1.0
103,58,-18.764123916625977,520.457275390625,0.0,0.3333333432674408,0.3333333432674408
103,59,-6.528041362762451,8.811112403869629,0.6666666865348816,0.6666666865348816,1.0
103,60,-9.409107208251953,10.509469985961914,0.5,1.0,1.0
103,61,-13.197433471679688,734.1524658203125,0.0,0.5,0.5
103,62,-9.199943542480469,9.974040985107422,0.25,0.75,1.0
103,63,-5.943388938903809,19.52497673034668,0.5,0.5,1.0
103,64,-8.505074501037598,70.28350830078125,0.0,0.5,1.0
103,65,-16.296506881713867,3457.335205078125,0.0,0.0,0.5
103,66,-13.469271659851074,89.09980010986328,0.6666666865348816,0.6666666865348816,0.6666666865348816
103,67,-20.889144897460938,34357.390625,0.0,0.0,0.0
103,68,-10.76053237915039,36.11990737915039,0.3333333432674408,0.6666666865348816,0.6666666865348816
103,69,-10.751011848449707,216.04916381835938,0.0,0.5,1.0
103,70,-16.938173294067383,69.03014373779297,0.0,0.75,0.75
103,71,-5.8607330322265625,18.734495162963867,0.5,0.5,1.0
104,0,-6.4601850509643555,25.281997680664062,0.5,0.5,1.0
104,1,-4.108396053314209,7.80057954788208,0.5,1.0,1.0
104,2,-8.837039947509766,19.023591995239258,0.6666666865348816,0.6666666865348816,0.6666666865348816
104,3,-17.76769256591797,7214.486328125,0.0,0.0,0.0
104,4,-19.640607833862305,18403.64453125,0.0,0.0,0.5
104,5,-13.409286499023438,87.3359603881836,0.3333333432674408,0.6666666865348816,0.6666666865348816
104,6,-32.54085922241211,226.66580200195312,0.5,0.6666666865348816,0.6666666865348816
104,7,-4.535074710845947,4.534394264221191,0.3333333432674408,1.0,1.0
104,8,-29.50644302368164,1598.1640625,0.25,0.25,0.5
104,9,-18.351314544677734,453.54974365234375,0.0,0.3333333432674408,0.6666666865348816
104,10,-12.803573608398438,24.554458618164062,0.25,0.75,1.0
104,11,-16.648296356201172,10.786852836608887,0.4285714626312256,0.8571429252624512,0.8571429252624512
104,12,-13.140546798706055,713.5648803710938,0.5,0.5,0.5
104,13,-8.174886703491211,7.719285011291504,0.75,0.75,0.75
104,14,-18.873985290527344,12543.9365234375,0.0,0.0,0.5
104,15,-10.093330383300781,28.917402267456055,0.3333333432674408,0.6666666865348816,0.6666666865348816
104,16,-5.474137306213379,15.441654205322266,0.5,0.5,1.0
104,17,-4.91288423538208,11.663241386413574,0.5,1.0,1.0
104,18,-3.4637112617492676,5.651130676269531,0.5,1.0,1.0
104,19,-7.413238048553467,11.835214614868164,0.3333333432674408,0.6666666865348816,1.0
104,20,-7.118770599365234,1234.9312744140625,0.0,0.0,0.0
104,21,-25.760337829589844,392451.78125,0.0,0.0,0.0
104,22,-25.41349983215332,23.96722984313965,0.25,0.625,0.875
104,23,-10.64090633392334,204.47653198242188,0.5,0.5,0.5
104,24,-6.225178241729736,22.479171752929688,0.5,0.5,1.0
104,25,-15.664030075073242,185.1828155517578,0.0,0.3333333432674408,1.0
104,26,-4.761414051055908,10.812545776367188,0.5,1.0,1.0
104,27,-7.199059009552002,36.58102035522461,0.0,1.0,1.0
104,28,-4.443133354187012,9.22176742553711,0.5,1.0,1.0
104,29,-9.157174110412598,97.376708984375,0.0,0.5,1.0
104,30,-3.404399871826172,30.096229553222656,0.0,1.0,1.0
104,31,-9.886537551879883,5.195309638977051,0.5,0.8333333730697632,1.0
104,32,-2.3707547187805176,2.2039506435394287,0.6666666865348816,1.0,1.0
104,33,-18.051353454589844,8313.8388671875,0.0,0.0,0.5
104,34,-12.44135570526123,7.953080177307129,0.6666666865348816,0.8333333730697632,1.0
104,35,-6.312420845031738,23.481441497802734,0.5,0.5,1.0
104,36,-7.605992317199707,44.83531951904297,0.5,0.5,0.5
104,37,-11.462165832519531,4.190293312072754,0.75,0.875,1.0
104,38,-6.771860122680664,5.435573101043701,0.75,1.0,1.0
104,39,-13.48979663848877,849.7127075195312,0.5,0.5,0.5
104,40,-16.452939987182617,3738.61328125,0.0,0.5,0.5
104,41,-22.71575355529785,17.1066837310791,0.375,0.75,0.875
104,42,-5.783620357513428,6.874875545501709,0.3333333432674408,1.0,1.0
104,43,-12.563173294067383,23.122203826904297,0.5,0.75,1.0
104,44,-19.31713104248047,125.12118530273438,0.0,0.5,0.75
104,45,-9.656059265136719,124.96449279785156,0.0,0.5,0.5
104,46,-10.246053695678711,30.427631378173828,0.6666666865348816,0.6666666865348816,0.6666666865348816
104,47,-9.386441230773926,22.846860885620117,0.6666666865348816,0.6666666865348816,0.6666666865348816
104,48,-13.932372093200684,10.196678161621094,0.3333333432674408,0.6666666865348816,1.0
104,49,-2.5739734172821045,1.673295021057129,0.800000011920929,1.0,1.0
104,50,-2.5337986946105957,3.5498287677764893,0.5,1.0,1.0
104,51,-20.056739807128906,28.297964096069336,0.3333333432674408,0.6666666865348816,0.8333333730697632
104,52,-10.326594352722168,174.73965454101562,0.5,0.5,0.5
104,53,-7.5220112800598145,12.272207260131836,0.3333333432674408,1.0,1.0
104,54,-9.933812141418457,7.291887283325195,0.6000000238418579,0.800000011920929,1.0
104,55,-11.453008651733398,17.518407821655273,0.25,0.75,1.0
104,56,-13.170772552490234,80.66117095947266,0.0,0.6666666865348816,1.0
104,57,-9.242500305175781,10.080723762512207,0.5,0.75,1.0
104,58,-18.77808380126953,522.8848266601562,0.0,0.3333333432674408,0.3333333432674408
104,59,-6.627222537994385,9.107281684875488,0.6666666865348816,0.6666666865348816,1.0
104,60,-9.36746883392334,10.400638580322266,0.5,1.0,1.0
104,61,-13.230794906616211,746.5014038085938,0.0,0.5,0.5
104,62,-9.164607048034668,9.88631820678711,0.25,0.75,1.0
104,63,-5.976282596588135,19.848756790161133,0.5,0.5,1.0
104,64,-8.539543151855469,71.50530242919922,0.0,0.5,1.0
104,65,-16.305315017700195,3472.59521484375,0.0,0.0,0.5
104,66,-13.337617874145508,85.2742691040039,0.6666666865348816,0.6666666865348816,0.6666666865348816
104,67,-20.930936813354492,35082.875,0.0,0.0,0.0
104,68,-10.80034351348877,36.6024284362793,0.3333333432674408,0.6666666865348816,0.6666666865348816
104,69,-10.75703239440918,216.70050048828125,0.0,0.5,1.0
104,70,-16.893766403198242,68.26803588867188,0.0,0.75,0.75
104,71,-5.913995265960693,19.24011993408203,0.5,0.5,1.0
105,0,-6.427096366882324,24.867164611816406,0.5,0.5,1.0
105,1,-4.075220108032227,7.672251224517822,0.5,1.0,1.0
105,2,-8.91032886505127,19.49405860900879,0.6666666865348816,0.6666666865348816,0.6666666865348816
105,3,-17.94605255126953,7887.435546875,0.0,0.0,0.0
105,4,-19.807327270507812,20003.521484375,0.0,0.0,0.5
105,5,-13.483391761779785,89.5201644897461,0.3333333432674408,0.6666666865348816,0.6666666865348816
105,6,-32.419952392578125,222.14395141601562,0.5,0.6666666865348816,0.6666666865348816
105,7,-4.473599433898926,4.442422389984131,0.3333333432674408,1.0,1.0
105,8,-29.490692138671875,1591.8831787109375,0.25,0.25,0.5
105,9,-18.33445167541504,451.00750732421875,0.0,0.3333333432674408,0.6666666865348816
105,10,-12.725751876831055,24.081356048583984,0.25,0.75,1.0
105,11,-16.561405181884766,10.653782844543457,0.4285714626312256,0.8571429252624512,0.8571429252624512
105,12,-13.163005828857422,721.623046875,0.5,0.5,0.5
105,13,-8.130078315734863,7.633295059204102,0.75,0.75,0.75
105,14,-18.882719039916992,12598.833984375,0.0,0.0,0.5
105,15,-10.11308479309082,29.108442306518555,0.3333333432674408,0.6666666865348816,0.6666666865348816
105,16,-5.498108386993408,15.627843856811523,0.5,0.5,1.0
105,17,-4.877247333526611,11.457261085510254,0.5,1.0,1.0
105,18,-3.5019826889038086,5.760310649871826,0.5,1.0,1.0
105,19,-7.391612529754639,11.750205993652344,0.3333333432674408,0.6666666865348816,1.0
105,20,-7.119118690490723,1235.3612060546875,0.0,0.0,0.0
105,21,-25.809654235839844,402249.21875,0.0,0.0,0.0
105,22,-25.520343780517578,24.289470672607422,0.25,0.625,0.875
105,23,-10.63686752319336,204.06402587890625,0.5,0.5,0.5
105,24,-6.202349662780762,22.224044799804688,0.5,0.5,1.0
105,25,-15.798510551452637,193.6727752685547,0.0,0.3333333432674408,1.0
105,26,-4.79608154296875,11.00160026550293,0.5,1.0,1.0
105,27,-7.0502471923828125,33.957969665527344,0.0,1.0,1.0
105,28,-4.485934257507324,9.421243667602539,0.5,1.0,1.0
105,29,-9.13163948059082,96.14137268066406,0.0,0.5,1.0
105,30,-3.4095489978790283,30.251596450805664,0.0,1.0,1.0
105,31,-9.918668746948242,5.223206043243408,0.5,0.8333333730697632,1.0
105,32,-2.2971396446228027,2.1505274772644043,0.6666666865348816,1.0,1.0
105,33,-18.086776733398438,8462.40234375,0.0,0.0,0.5
105,34,-12.53463363647461,8.07768726348877,0.6666666865348816,0.8333333730697632,1.0
105,35,-6.317732810974121,23.543893814086914,0.5,0.5,1.0
105,36,-7.53007698059082,43.165367126464844,0.5,0.5,0.5
105,37,-11.552286148071289,4.237764358520508,0.75,0.875,1.0
105,38,-6.790337562561035,5.460740566253662,0.75,1.0,1.0
105,39,-13.473206520080566,842.6934814453125,0.5,0.5,0.5
105,40,-16.425477981567383,3687.629150390625,0.0,0.5,0.5
105,41,-22.633459091186523,16.931612014770508,0.375,0.75,0.875
105,42,-5.78735876083374,6.883447170257568,0.3333333432674408,1.0,1.0
105,43,-12.665796279907227,23.72309684753418,0.5,0.75,1.0
105,44,-19.44487762451172,129.18162536621094,0.0,0.5,0.75
105,45,-9.64426040649414,124.22943878173828,0.0,0.5,0.5
105,46,-10.249125480651855,30.45880699157715,0.6666666865348816,0.6666666865348816,0.6666666865348816
105,47,-9.346756935119629,22.546628952026367,0.6666666865348816,0.6666666865348816,0.6666666865348816
105,48,-13.769857406616211,9.924200057983398,0.3333333432674408,0.8333333730697632,1.0
105,49,-2.5180957317352295,1.6546990871429443,0.800000011920929,1.0,1.0
105,50,-2.5256290435791016,3.535357713699341,0.5,1.0,1.0
105,51,-20.064983367919922,28.33687400817871,0.3333333432674408,0.8333333730697632,0.8333333730697632
105,52,-10.27745532989502,170.4987030029297,0.5,0.5,0.5
105,53,-7.475723743438721,12.084309577941895,0.3333333432674408,1.0,1.0
105,54,-10.058362007141113,7.4758100509643555,0.6000000238418579,0.800000011920929,1.0
105,55,-11.524320602416992,17.833524703979492,0.25,0.75,1.0
105,56,-13.190019607543945,81.18035125732422,0.0,0.3333333432674408,1.0
105,57,-9.280988693237305,10.178189277648926,0.5,0.75,1.0
105,58,-18.816362380981445,529.5994262695312,0.0,0.3333333432674408,0.3333333432674408
105,59,-6.567621231079102,8.928130149841309,0.6666666865348816,0.6666666865348816,1.0
105,60,-9.323144912719727,10.286025047302246,0.5,1.0,1.0
105,61,-13.370986938476562,800.7056884765625,0.0,0.5,0.5
105,62,-9.338729858398438,10.326180458068848,0.25,0.75,1.0
105,63,-5.981510162353516,19.90070343017578,0.5,0.5,1.0
105,64,-8.418790817260742,67.31582641601562,0.0,0.5,1.0
105,65,-16.319580078125,3497.452392578125,0.0,0.0,0.5
105,66,-13.443095207214355,88.32576751708984,0.6666666865348816,0.6666666865348816,0.6666666865348816
105,67,-20.84394645690918,33589.6484375,0.0,0.0,0.0
105,68,-10.741482734680176,35.891273498535156,0.3333333432674408,0.6666666865348816,0.6666666865348816
105,69,-10.763439178466797,217.3957977294922,0.0,0.5,1.0
105,70,-16.93425178527832,68.9625015258789,0.0,0.75,0.75
105,71,-5.809072017669678,18.25676918029785,0.5,0.5,1.0
106,0,-6.408780097961426,24.640466690063477,0.5,0.5,1.0
106,1,-4.076901912689209,7.67870569229126,0.5,1.0,1.0
106,2,-8.857756614685059,19.15541648864746,0.6666666865348816,0.6666666865348816,0.6666666865348816
106,3,-17.912017822265625,7754.34716796875,0.0,0.0,0.0
106,4,-19.63387107849121,18341.7578125,0.0,0.0,0.5
106,5,-13.461955070495605,88.8827896118164,0.3333333432674408,0.6666666865348816,0.6666666865348816
106,6,-32.50187301635742,225.19773864746094,0.5,0.6666666865348816,0.6666666865348816
106,7,-4.634311676025391,4.686896324157715,0.3333333432674408,1.0,1.0
106,8,-29.562389373779297,1620.6739501953125,0.25,0.25,0.5
106,9,-18.339214324951172,451.7240295410156,0.0,0.3333333432674408,0.6666666865348816
106,10,-12.834100723266602,24.74256706237793,0.25,0.75,1.0
106,11,-16.637937545776367,10.770902633666992,0.4285714626312256,0.8571429252624512,0.8571429252624512
106,12,-13.068804740905762,688.4223022460938,0.5,0.5,0.5
106,13,-8.109423637390137,7.59398078918457,0.75,0.75,0.75
106,14,-18.854248046875,12420.75390625,0.0,0.0,0.5
106,15,-10.114055633544922,29.11786651611328,0.3333333432674408,0.6666666865348816,0.6666666865348816
106,16,-5.4954633712768555,15.607190132141113,0.5,0.5,1.0
106,17,-4.957172870635986,11.924396514892578,0.5,1.0,1.0
106,18,-3.49661922454834,5.7448835372924805,0.5,1.0,1.0
106,19,-7.436628341674805,11.927851676940918,0.3333333432674408,0.6666666865348816,1.0
106,20,-7.106715202331543,1220.133056640625,0.0,0.0,0.0
106,21,-25.820350646972656,404406.28125,0.0,0.0,0.0
106,22,-25.485157012939453,24.182872772216797,0.25,0.625,0.875
106,23,-10.638163566589355,204.19630432128906,0.5,0.5,0.5
106,24,-6.208688735961914,22.294597625732422,0.5,0.5,1.0
106,25,-15.7534761428833,190.78720092773438,0.0,0.3333333432674408,1.0
106,26,-4.79437255859375,10.992203712463379,0.5,1.0,1.0
106,27,-7.065711975097656,34.221561431884766,0.0,1.0,1.0
106,28,-4.547271728515625,9.7146577835083,0.5,1.0,1.0
106,29,-9.016881942749023,90.7801742553711,0.0,0.5,1.0
106,30,-3.402857542037964,30.049846649169922,0.0,1.0,1.0
106,31,-10.026571273803711,5.317989349365234,0.5,0.8333333730697632,1.0
106,32,-2.2810399532318115,2.1390175819396973,0.6666666865348816,1.0,1.0
106,33,-18.00787353515625,8135.046875,0.0,0.0,0.5
106,34,-12.508237838745117,8.042229652404785,0.6666666865348816,0.8333333730697632,1.0
106,35,-6.314273834228516,23.50320816040039,0.5,0.5,1.0
106,36,-7.597085475921631,44.636085510253906,0.5,0.5,0.5
106,37,-11.424856185913086,4.170796871185303,0.75,0.875,1.0
106,38,-6.7269086837768555,5.374831199645996,0.75,1.0,1.0
106,39,-13.438633918762207,828.2516479492188,0.5,0.5,0.5
106,40,-16.344850540161133,3541.923828125,0.0,0.5,0.5
106,41,-22.631874084472656,16.92825698852539,0.375,0.75,0.875
106,42,-5.7031121253967285,6.69283390045166,0.3333333432674408,1.0,1.0
106,43,-12.632257461547852,23.52501678466797,0.5,0.75,1.0
106,44,-19.40399169921875,127.86792755126953,0.0,0.5,0.75
106,45,-9.670085906982422,125.84398651123047,0.0,0.5,0.5
106,46,-10.159974098205566,29.566972732543945,0.6666666865348816,0.6666666865348816,0.6666666865348816
106,47,-9.395736694335938,22.917762756347656,0.6666666865348816,0.6666666865348816,0.6666666865348816
106,48,-13.89129638671875,10.127111434936523,0.3333333432674408,0.8333333730697632,1.0
106,49,-2.5737862586975098,1.6732323169708252,0.800000011920929,1.0,1.0
106,50,-2.5413224697113037,3.5632078647613525,0.5,1.0,1.0
106,51,-20.198070526123047,28.972444534301758,0.3333333432674408,0.6666666865348816,0.8333333730697632
106,52,-10.364121437072754,178.04933166503906,0.5,0.5,0.5
106,53,-7.5926337242126465,12.564530372619629,0.3333333432674408,1.0,1.0
106,54,-10.067390441894531,7.489320278167725,0.6000000238418579,0.800000011920929,1.0
106,55,-11.501602172851562,17.732524871826172,0.25,0.75,1.0
106,56,-13.272394180297852,83.44029998779297,0.0,0.3333333432674408,1.0
106,57,-9.267062187194824,10.142814636230469,0.5,0.75,1.0
106,58,-18.74042510986328,516.3622436523438,0.0,0.3333333432674408,0.3333333432674408
106,59,-6.541928768157959,8.851994514465332,0.6666666865348816,0.6666666865348816,1.0
106,60,-9.293930053710938,10.211173057556152,0.5,1.0,1.0
106,61,-13.327057838439941,783.310302734375,0.0,0.5,0.5
106,62,-9.144776344299316,9.83742618560791,0.25,0.75,1.0
106,63,-5.935397624969482,19.44711685180664,0.5,0.5,1.0
106,64,-8.497742652893066,70.02632904052734,0.0,0.5,1.0
106,65,-16.372962951660156,3592.061279296875,0.0,0.0,0.5
106,66,-13.342399597167969,85.41027069091797,0.6666666865348816,0.6666666865348816,0.6666666865348816
106,67,-20.831636428833008,33383.5390625,0.0,0.0,0.0
106,68,-10.78469467163086,36.41199493408203,0.3333333432674408,0.6666666865348816,0.6666666865348816
106,69,-10.856220245361328,227.71847534179688,0.0,0.5,1.0
106,70,-17.06793785095215,71.30628204345703,0.0,0.75,0.75
106,71,-5.841399192810059,18.554262161254883,0.5,0.5,1.0
107,0,-6.45898962020874,25.266889572143555,0.5,0.5,1.0
107,1,-4.106093406677246,7.7916035652160645,0.5,1.0,1.0
107,2,-8.862828254699707,19.187828063964844,0.6666666865348816,0.6666666865348816,0.6666666865348816
107,3,-17.770156860351562,7223.380859375,0.0,0.0,0.0
107,4,-19.58882713317871,17933.28125,0.0,0.0,0.5
107,5,-13.486096382141113,89.60092163085938,0.3333333432674408,0.6666666865348816,0.6666666865348816
107,6,-32.5217399597168,225.94464111328125,0.5,0.6666666865348816,0.6666666865348816
107,7,-4.503907680511475,4.487530708312988,0.3333333432674408,1.0,1.0
107,8,-29.494203567504883,1593.28125,0.25,0.25,0.5
107,9,-18.335010528564453,451.0914001464844,0.0,0.3333333432674408,0.6666666865348816
107,10,-12.766965866088867,24.330760955810547,0.25,0.75,1.0
107,11,-16.54446792602539,10.628035545349121,0.4285714626312256,0.8571429252624512,0.8571429252624512
107,12,-13.088671684265137,695.294677734375,0.5,0.5,0.5
107,13,-8.087944030761719,7.553310871124268,0.75,0.75,0.75
107,14,-18.946645736694336,13008.0400390625,0.0,0.0,0.5
107,15,-10.101534843444824,28.9965877532959,0.3333333432674408,0.6666666865348816,0.6666666865348816
107,16,-5.432214260101318,15.121342658996582,0.5,0.5,1.0
107,17,-4.910393714904785,11.648726463317871,0.5,1.0,1.0
107,18,-3.4804461002349854,5.698614597320557,0.5,1.0,1.0
107,19,-7.49360990524292,12.156573295593262,0.3333333432674408,0.6666666865348816,1.0
107,20,-7.085321426391602,1194.3070068359375,0.0,0.0,0.0
107,21,-25.723751068115234,385337.75,0.0,0.0,0.0
107,22,-25.597551345825195,24.5250244140625,0.25,0.625,0.875
107,23,-10.720829010009766,212.81314086914062,0.5,0.5,0.5
107,24,-6.239756107330322,22.643617630004883,0.5,0.5,1.0
107,25,-15.7115478515625,188.13929748535156,0.0,0.3333333432674408,1.0
107,26,-4.780405044555664,10.915704727172852,0.5,1.0,1.0
107,27,-7.072942733764648,34.34551239013672,0.0,1.0,1.0
107,28,-4.472720623016357,9.359204292297363,0.5,1.0,1.0
107,29,-9.073200225830078,93.372802734375,0.0,0.5,1.0
107,30,-3.3887135982513428,29.62781524658203,0.0,1.0,1.0
107,31,-9.988258361816406,5.2841386795043945,0.5,0.8333333730697632,1.0
107,32,-2.2651634216308594,2.127727508544922,0.6666666865348816,1.0,1.0
107,33,-18.0738525390625,8407.8935546875,0.0,0.0,0.5
107,34,-12.452882766723633,7.968374252319336,0.6666666865348816,0.8333333730697632,1.0
107,35,-6.295204162597656,23.280174255371094,0.5,0.5,1.0
107,36,-7.623870372772217,45.23789978027344,0.5,0.5,0.5
107,37,-11.464998245239258,4.191777229309082,0.75,0.875,1.0
107,38,-6.742398738861084,5.39568567276001,0.75,1.0,1.0
107,39,-13.410772323608398,816.7933349609375,0.5,0.5,0.5
107,40,-16.397991180419922,3637.295166015625,0.0,0.5,0.5
107,41,-22.573659896850586,16.80552101135254,0.375,0.75,0.875
107,42,-5.769626140594482,6.842880725860596,0.3333333432674408,1.0,1.0
107,43,-12.68974494934082,23.865556716918945,0.5,0.75,1.0
107,44,-19.410429000854492,128.07386779785156,0.0,0.5,0.75
107,45,-9.747796058654785,130.8299102783203,0.0,0.5,0.5
107,46,-10.222884178161621,30.19354248046875,0.6666666865348816,0.6666666865348816,0.6666666865348816
107,47,-9.381382942199707,22.808372497558594,0.6666666865348816,0.6666666865348816,0.6666666865348816
107,48,-13.853363990783691,10.063287734985352,0.3333333432674408,0.8333333730697632,1.0
107,49,-2.5905871391296387,1.6788641214370728,0.800000011920929,1.0,1.0
107,50,-2.5350635051727295,3.5520741939544678,0.5,1.0,1.0
107,51,-20.031797409057617,28.180570602416992,0.3333333432674408,0.8333333730697632,0.8333333730697632
107,52,-10.31055736541748,173.3441162109375,0.5,0.5,0.5
107,53,-7.477998733520508,12.093477249145508,0.3333333432674408,1.0,1.0
107,54,-10.096966743469238,7.533754348754883,0.6000000238418579,0.800000011920929,1.0
107,55,-11.47165298461914,17.600252151489258,0.25,0.75,1.0
107,56,-13.225605964660645,82.1490707397461,0.0,0.3333333432674408,1.0
107,57,-9.132741928100586,9.807873725891113,0.5,0.75,1.0
107,58,-18.757915496826172,519.3812866210938,0.0,0.3333333432674408,0.3333333432674408
107,59,-6.565931797027588,8.923104286193848,0.6666666865348816,0.6666666865348816,1.0
107,60,-9.273237228393555,10.15848445892334,0.5,1.0,1.0
107,61,-13.291070938110352,769.3419189453125,0.0,0.5,0.5
107,62,-9.200178146362305,9.974626541137695,0.25,0.75,1.0
107,63,-5.928162574768066,19.376893997192383,0.5,0.5,1.0
107,64,-8.424072265625,67.49382781982422,0.0,0.5,1.0
107,65,-16.307708740234375,3476.754150390625,0.0,0.0,0.5
107,66,-13.374473571777344,86.32835388183594,0.6666666865348816,0.6666666865348816,0.6666666865348816
107,67,-20.830459594726562,33363.8984375,0.0,0.0,0.0
107,68,-10.78274917602539,36.388389587402344,0.3333333432674408,0.6666666865348816,0.6666666865348816
107,69,-10.736608505249023,214.49884033203125,0.0,0.5,1.0
107,70,-17.033893585205078,70.70196533203125,0.0,0.75,0.75
107,71,-5.890398025512695,19.014446258544922,0.5,0.5,1.0
108,0,-6.433472633361816,24.946569442749023,0.5,0.5,1.0
108,1,-4.053389549255371,7.588961601257324,0.5,1.0,1.0
108,2,-8.866034507751465,19.20834732055664,0.6666666865348816,0.6666666865348816,0.6666666865348816
108,3,-17.763099670410156,7197.9375,0.0,0.0,0.0
108,4,-19.844446182250977,20378.2421875,0.0,0.0,0.5
108,5,-13.408023834228516,87.29920196533203,0.3333333432674408,0.6666666865348816,0.6666666865348816
108,6,-32.59217071533203,228.6124725341797,0.5,0.6666666865348816,0.6666666865348816
108,7,-4.609037399291992,4.647576332092285,0.3333333432674408,1.0,1.0
108,8,-29.623449325561523,1645.603271484375,0.25,0.25,0.5
108,9,-18.373760223388672,456.9557800292969,0.0,0.3333333432674408,0.6666666865348816
108,10,-12.751766204833984,24.238481521606445,0.25,0.75,1.0
108,11,-16.54173469543457,10.62388801574707,0.4285714626312256,0.8571429252624512,0.8571429252624512
108,12,-13.111157417297363,703.1559448242188,0.5,0.5,0.5
108,13,-8.089581489562988,7.556404113769531,0.75,0.75,0.75
108,14,-18.741674423217773,11740.9404296875,0.0,0.0,0.5
108,15,-10.172149658203125,29.68721580505371,0.3333333432674408,0.6666666865348816,0.6666666865348816
108,16,-5.4586286544799805,15.32237720489502,0.5,0.5,1.0
108,17,-4.848264694213867,11.292427062988281,0.5,1.0,1.0
108,18,-3.4950778484344482,5.740458011627197,0.5,1.0,1.0
108,19,-7.425100326538086,11.882104873657227,0.3333333432674408,0.6666666865348816,1.0
108,20,-7.1656494140625,1294.201904296875,0.0,0.0,0.0
108,21,-25.75896453857422,392182.375,0.0,0.0,0.0
108,22,-25.580705642700195,24.473434448242188,0.25,0.625,0.875
108,23,-10.672281265258789,207.7095489501953,0.5,0.5,0.5
108,24,-6.180281639099121,21.980173110961914,0.5,0.5,1.0
108,25,-15.787939071655273,192.9915008544922,0.0,0.3333333432674408,1.0
108,26,-4.831269264221191,11.196874618530273,0.5,1.0,1.0
108,27,-7.115516185760498,35.08445358276367,0.0,1.0,1.0
108,28,-4.517822742462158,9.572662353515625,0.5,1.0,1.0
108,29,-9.109441757202148,95.08021545410156,0.0,0.5,1.0
108,30,-3.3852317333221436,29.52483367919922,0.0,1.0,1.0
108,31,-9.97181224822998,5.269675254821777,0.5,0.8333333730697632,1.0
108,32,-2.3101589679718018,2.1598806381225586,0.6666666865348816,1.0,1.0
108,33,-18.036968231201172,8254.2548828125,0.0,0.0,0.5
108,34,-12.488636016845703,8.015997886657715,0.6666666865348816,0.8333333730697632,1.0
108,35,-6.427941799163818,24.87767791748047,0.5,0.5,1.0
108,36,-7.581008434295654,44.27872085571289,0.5,0.5,0.5
108,37,-11.372678756713867,4.14368200302124,0.75,0.875,1.0
108,38,-6.792446613311768,5.463620662689209,0.75,1.0,1.0
108,39,-13.421449661254883,821.1656494140625,0.5,0.5,0.5
108,40,-16.37363052368164,3593.26025390625,0.0,0.5,0.5
108,41,-22.818923950195312,17.328723907470703,0.375,0.75,0.875
108,42,-5.799545764923096,6.9114670753479,0.3333333432674408,1.0,1.0
108,43,-12.686750411987305,23.847694396972656,0.5,0.75,1.0
108,44,-19.4193115234375,128.3585968017578,0.0,0.5,0.75
108,45,-9.700904846191406,127.79820251464844,0.0,0.5,0.5
108,46,-10.107386589050293,29.05320930480957,0.6666666865348816,0.6666666865348816,0.6666666865348816
108,47,-9.371052742004395,22.72996711730957,0.6666666865348816,0.6666666865348816,0.6666666865348816
108,48,-13.866096496582031,10.08466625213623,0.3333333432674408,0.8333333730697632,1.0
108,49,-2.5636332035064697,1.6698380708694458,0.800000011920929,1.0,1.0
108,50,-2.505415201187134,3.4998061656951904,0.5,1.0,1.0
108,51,-19.99657440185547,28.015626907348633,0.3333333432674408,0.8333333730697632,0.8333333730697632
108,52,-10.334497451782227,175.43150329589844,0.5,0.5,0.5
108,53,-7.434524059295654,11.919487953186035,0.3333333432674408,1.0,1.0
108,54,-10.043498992919922,7.453620433807373,0.6000000238418579,0.800000011920929,1.0
108,55,-11.53487777709961,17.88065528869629,0.25,0.75,1.0
108,56,-13.156436920166016,80.27666473388672,0.0,0.6666666865348816,1.0
108,57,-9.313465118408203,10.261163711547852,0.5,0.75,1.0
108,58,-18.82480812072754,531.0924682617188,0.0,0.3333333432674408,0.3333333432674408
108,59,-6.570887565612793,8.937857627868652,0.6666666865348816,0.6666666865348816,1.0
108,60,-9.239313125610352,10.072694778442383,0.5,1.0,1.0
108,61,-13.2902250289917,769.0165405273438,0.0,0.5,0.5
108,62,-9.27133846282959,10.153663635253906,0.25,0.75,1.0
108,63,-5.9977874755859375,20.063329696655273,0.5,0.5,1.0
108,64,-8.457433700561523,68.62911224365234,0.0,0.5,1.0
108,65,-16.356586456298828,3562.768798828125,0.0,0.0,0.5
108,66,-13.34967041015625,85.61753845214844,0.6666666865348816,0.6666666865348816,0.6666666865348816
108,67,-21.040531158447266,37058.96484375,0.0,0.0,0.0
108,68,-10.764613151550293,36.169071197509766,0.3333333432674408,0.6666666865348816,0.6666666865348816
108,69,-10.80450439453125,221.90562438964844,0.0,0.5,1.0
108,70,-16.937530517578125,69.01905059814453,0.0,0.75,0.75
108,71,-5.836608409881592,18.509872436523438,0.5,0.5,1.0
109,0,-6.397040367126465,24.496253967285156,0.5,0.5,1.0
109,1,-4.132391452789307,7.8947319984436035,0.5,1.0,1.0
109,2,-8.80293083190918,18.80852508544922,0.6666666865348816,0.6666666865348816,0.6666666865348816
109,3,-17.85924530029297,7552.41455078125,0.0,0.0,0.0
109,4,-19.73724365234375,19314.701171875,0.0,0.0,0.5
109,5,-13.427059173583984,87.85489654541016,0.3333333432674408,0.6666666865348816,0.6666666865348816
109,6,-32.57611083984375,228.00140380859375,0.5,0.6666666865348816,0.6666666865348816
109,7,-4.550500392913818,4.557769775390625,0.3333333432674408,1.0,1.0
109,8,-29.546520233154297,1614.2569580078125,0.25,0.25,0.5
109,9,-18.34853172302246,453.12908935546875,0.0,0.3333333432674408,0.6666666865348816
109,10,-12.808061599731445,24.58202362060547,0.25,0.75,1.0
109,11,-16.505958557128906,10.569727897644043,0.4285714626312256,0.8571429252624512,0.8571429252624512
109,12,-13.043770790100098,679.8590087890625,0.5,0.5,0.5
109,13,-8.06432056427002,7.508833408355713,0.75,0.75,0.75
109,14,-18.920875549316406,12841.5048828125,0.0,0.0,0.5
109,15,-10.218226432800293,30.146699905395508,0.3333333432674408,0.6666666865348816,0.6666666865348816
109,16,-5.468734264373779,15.399993896484375,0.5,0.5,1.0
109,17,-4.88794469833374,11.518707275390625,0.5,1.0,1.0
109,18,-3.527590751647949,5.834539890289307,0.5,1.0,1.0
109,19,-7.341891765594482,11.557068824768066,0.3333333432674408,0.6666666865348816,1.0
109,20,-7.121405601501465,1238.1895751953125,0.0,0.0,0.0
109,21,-25.739322662353516,388349.625,0.0,0.0,0.0
109,22,-25.563385009765625,24.42050552368164,0.25,0.625,0.875
109,23,-10.673602104187012,207.8467559814453,0.5,0.5,0.5
109,24,-6.244099140167236,22.692842483520508,0.5,0.5,1.0
109,25,-15.852429389953613,197.18511962890625,0.0,0.3333333432674408,1.0
109,26,-4.810133457183838,11.079170227050781,0.5,1.0,1.0
109,27,-7.086648941040039,34.581695556640625,0.0,1.0,1.0
109,28,-4.448995113372803,9.248834609985352,0.5,1.0,1.0
109,29,-9.145536422729492,96.81172943115234,0.0,0.5,1.0
109,30,-3.3991150856018066,29.93759536743164,0.0,1.0,1.0
109,31,-9.975138664245605,5.272597789764404,0.5,0.8333333730697632,1.0
109,32,-2.317789316177368,2.1653811931610107,0.6666666865348816,1.0,1.0
109,33,-18.109766006469727,8560.2353515625,0.0,0.0,0.5
109,34,-12.52383041381836,8.063157081604004,0.6666666865348816,0.8333333730697632,1.0
109,35,-6.263883590698242,22.918439865112305,0.5,0.5,1.0
109,36,-7.597227573394775,44.639259338378906,0.5,0.5,0.5
109,37,-11.483657836914062,4.201565742492676,0.75,0.875,1.0
109,38,-6.778768062591553,5.4449687004089355,0.75,1.0,1.0
109,39,-13.438812255859375,828.3255004882812,0.5,0.5,0.5
109,40,-16.396076202392578,3633.814208984375,0.0,0.5,0.5
109,41,-22.685409545898438,17.041921615600586,0.375,0.75,0.875
109,42,-5.768117427825928,6.839439392089844,0.3333333432674408,1.0,1.0
109,43,-12.721664428710938,24.0567626953125,0.5,0.75,1.0
109,44,-19.392181396484375,127.49095153808594,0.0,0.5,0.75
109,45,-9.672447204589844,125.99266052246094,0.0,0.5,0.5
109,46,-10.03929615020752,28.401214599609375,0.6666666865348816,0.6666666865348816,0.6666666865348816
109,47,-9.379852294921875,22.796737670898438,0.6666666865348816,0.6666666865348816,0.6666666865348816
109,48,-13.77589225769043,9.934188842773438,0.3333333432674408,0.8333333730697632,1.0
109,49,-2.5430054664611816,1.6629631519317627,0.800000011920929,1.0,1.0
109,50,-2.553394079208374,3.5847795009613037,0.5,1.0,1.0
109,51,-20.11117172241211,28.55585479736328,0.3333333432674408,0.6666666865348816,0.8333333730697632
109,52,-10.27396297454834,170.20123291015625,0.5,0.5,0.5
109,53,-7.547618389129639,12.377406120300293,0.3333333432674408,1.0,1.0
109,54,-10.138970375061035,7.597309112548828,0.6000000238418579,0.800000011920929,1.0
109,55,-11.427435874938965,17.40676498413086,0.25,0.75,1.0
109,56,-13.307284355163574,84.4163818359375,0.0,0.3333333432674408,1.0
109,57,-9.298521995544434,10.222902297973633,0.5,0.75,1.0
109,58,-18.772743225097656,521.9549560546875,0.0,0.3333333432674408,0.3333333432674408
109,59,-6.594754695892334,9.009246826171875,0.6666666865348816,0.6666666865348816,1.0
109,60,-9.210040092468262,9.999249458312988,0.5,1.0,1.0
109,61,-13.260580062866211,757.701904296875,0.0,0.5,0.5
109,62,-9.129661560058594,9.800323486328125,0.25,0.75,1.0
109,63,-5.930481910705566,19.399377822875977,0.5,0.5,1.0
109,64,-8.503946304321289,70.2438735961914,0.0,0.5,1.0
109,65,-16.295108795166016,3454.91943359375,0.0,0.0,0.5
109,66,-13.455713272094727,88.6980209350586,0.6666666865348816,0.6666666865348816,0.6666666865348816
109,67,-20.869495391845703,34021.4921875,0.0,0.0,0.0
109,68,-10.755824089050293,36.063262939453125,0.3333333432674408,0.6666666865348816,0.6666666865348816
109,69,-10.689811706542969,209.53814697265625,0.0,0.5,1.0
109,70,-17.00088119506836,70.12085723876953,0.0,0.5,0.75
109,71,-5.831674098968506,18.464262008666992,0.5,0.5,1.0
110,0,-6.466348171234131,25.360023498535156,0.5,0.5,1.0
110,1,-4.088193893432617,7.722181797027588,0.5,1.0,1.0
110,2,-8.883234977722168,19.31879425048828,0.6666666865348816,0.6666666865348816,0.6666666865348816
110,3,-17.87605094909668,7616.14404296875,0.0,0.0,0.0
110,4,-19.581253051757812,17865.49609375,0.0,0.0,0.5
110,5,-13.415138244628906,87.50646209716797,0.3333333432674408,0.6666666865348816,0.6666666865348816
110,6,-32.409751892089844,221.76654052734375,0.5,0.6666666865348816,0.6666666865348816
110,7,-4.663993835449219,4.733499050140381,0.3333333432674408,1.0,1.0
110,8,-29.531288146972656,1608.12158203125,0.25,0.25,0.5
110,9,-18.328187942504883,450.0667724609375,0.0,0.3333333432674408,0.6666666865348816
110,10,-12.759272575378418,24.28400993347168,0.25,0.75,1.0
110,11,-16.708412170410156,10.879887580871582,0.4285714626312256,0.8571429252624512,0.8571429252624512
110,12,-12.888203620910645,628.9814453125,0.5,0.5,0.5
110,13,-8.053486824035645,7.488523960113525,0.75,0.75,0.75
110,14,-18.898086547851562,12696.0126953125,0.0,0.0,0.5
110,15,-10.179041862487793,29.7554988861084,0.3333333432674408,0.6666666865348816,0.6666666865348816
110,16,-5.443597793579102,15.207653999328613,0.5,0.5,1.0
110,17,-4.847973346710205,11.290782928466797,0.5,1.0,1.0
110,18,-3.4538607597351074,5.623365879058838,0.5,1.0,1.0
110,19,-7.3454389572143555,11.570741653442383,0.3333333432674408,0.6666666865348816,1.0
110,20,-7.136404991149902,1256.9017333984375,0.0,0.0,0.0
110,21,-25.707103729248047,382143.65625,0.0,0.0,0.0
110,22,-25.501880645751953,24.233476638793945,0.25,0.625,0.875
110,23,-10.724825859069824,213.23886108398438,0.5,0.5,0.5
110,24,-6.210684776306152,22.316858291625977,0.5,0.5,1.0
110,25,-15.723825454711914,188.910888671875,0.0,0.3333333432674408,1.0
110,26,-4.822430610656738,11.147500038146973,0.5,1.0,1.0
110,27,-7.11949348449707,35.154293060302734,0.0,1.0,1.0
110,28,-4.555655479431152,9.75546646118164,0.5,1.0,1.0
110,29,-9.197820663452148,99.3759765625,0.0,0.5,1.0
110,30,-3.3732612133026123,29.173513412475586,0.0,1.0,1.0
110,31,-10.016486167907715,5.309057712554932,0.5,0.8333333730697632,1.0
110,32,-2.261753559112549,2.1253106594085693,0.6666666865348816,1.0,1.0
110,33,-18.118640899658203,8598.3056640625,0.0,0.0,0.5
110,34,-12.525040626525879,8.064783096313477,0.6666666865348816,0.8333333730697632,1.0
110,35,-6.280071258544922,23.104690551757812,0.5,0.5,1.0
110,36,-7.6251373291015625,45.266563415527344,0.5,0.5,0.5
110,37,-11.405891418457031,4.1609206199646,0.75,0.875,1.0
110,38,-6.7960991859436035,5.468611717224121,0.75,1.0,1.0
110,39,-13.294625282287598,770.7103881835938,0.5,0.5,0.5
110,40,-16.357383728027344,3564.189208984375,0.0,0.5,0.5
110,41,-22.603412628173828,16.868139266967773,0.375,0.75,0.875
110,42,-5.769649982452393,6.842934608459473,0.3333333432674408,1.0,1.0
110,43,-12.704445838928223,23.953428268432617,0.5,0.75,1.0
110,44,-19.41456413269043,128.2063446044922,0.0,0.5,0.75
110,45,-9.67407512664795,126.09524536132812,0.0,0.5,0.5
110,46,-10.2529878616333,30.498044967651367,0.6666666865348816,0.6666666865348816,0.6666666865348816
110,47,-9.40658950805664,23.000818252563477,0.6666666865348816,0.6666666865348816,0.6666666865348816
110,48,-13.86497688293457,10.082783699035645,0.3333333432674408,0.8333333730697632,1.0
110,49,-2.6291136741638184,1.6918503046035767,0.800000011920929,1.0,1.0
110,50,-2.497960329055786,3.4867851734161377,0.5,1.0,1.0
110,51,-20.059171676635742,28.30943489074707,0.3333333432674408,0.8333333730697632,0.8333333730697632
110,52,-10.361213684082031,177.79066467285156,0.5,0.5,0.5
110,53,-7.583729267120361,12.52729320526123,0.3333333432674408,1.0,1.0
110,54,-10.026385307312012,7.428152084350586,0.6000000238418579,0.800000011920929,1.0
110,55,-11.49646282196045,17.70975685119629,0.25,0.75,1.0
110,56,-13.218780517578125,81.96235656738281,0.0,0.3333333432674408,1.0
110,57,-9.305631637573242,10.2410888671875,0.5,0.75,1.0
110,58,-18.747907638549805,517.651611328125,0.0,0.3333333432674408,0.3333333432674408
110,59,-6.57016134262085,8.93569278717041,0.6666666865348816,0.6666666865348816,1.0
110,60,-9.235736846923828,10.063693046569824,0.5,1.0,1.0
110,61,-13.249970436096191,753.693115234375,0.0,0.5,0.5
110,62,-9.245370864868164,10.087961196899414,0.25,0.75,1.0
110,63,-5.953845024108887,19.627321243286133,0.5,0.5,1.0
110,64,-8.503349304199219,70.22290802001953,0.0,0.5,1.0
110,65,-16.37562370300293,3596.84326171875,0.0,0.0,0.5
110,66,-13.418124198913574,87.59362030029297,0.6666666865348816,0.6666666865348816,0.6666666865348816
110,67,-20.97341537475586,35835.98046875,0.0,0.0,0.0
110,68,-10.85069751739502,37.22196960449219,0.3333333432674408,0.6666666865348816,0.6666666865348816
110,69,-10.741235733032227,214.99566650390625,0.0,0.5,1.0
110,70,-16.9854679107666,69.85118103027344,0.0,0.5,0.75
110,71,-5.833568572998047,18.481760025024414,0.5,0.5,1.0
111,0,-6.460339069366455,25.28394317626953,0.5,0.5,1.0
111,1,-4.076031684875488,7.675365447998047,0.5,1.0,1.0
111,2,-8.8620023727417,19.182544708251953,0.6666666865348816,0.6666666865348816,0.6666666865348816
111,3,-17.76080322265625,7189.677734375,0.0,0.0,0.0
111,4,-19.64963150024414,18486.865234375,0.0,0.0,0.5
111,5,-13.39553451538086,86.9365005493164,0.3333333432674408,0.6666666865348816,0.6666666865348816
111,6,-32.48857879638672,224.69927978515625,0.5,0.6666666865348816,0.6666666865348816
111,7,-4.6233229637146,4.669759750366211,0.3333333432674408,1.0,1.0
111,8,-29.535888671875,1609.97216796875,0.25,0.25,0.5
111,9,-18.373655319213867,456.93988037109375,0.0,0.3333333432674408,0.6666666865348816
111,10,-12.78143310546875,24.418920516967773,0.25,0.75,1.0
111,11,-16.54543685913086,10.629507064819336,0.4285714626312256,0.8571429252624512,0.8571429252624512
111,12,-13.107537269592285,701.8843383789062,0.5,0.5,0.5
111,13,-8.015486717224121,7.417719841003418,0.75,0.75,0.75
111,14,-18.825639724731445,12244.349609375,0.0,0.0,0.5
111,15,-10.157605171203613,29.54363441467285,0.3333333432674408,0.6666666865348816,0.6666666865348816
111,16,-5.413723468780518,14.982182502746582,0.5,0.5,1.0
111,17,-4.923667907714844,11.726298332214355,0.5,1.0,1.0
111,18,-3.437274217605591,5.576922416687012,0.5,1.0,1.0
111,19,-7.4109787940979,11.826303482055664,0.3333333432674408,0.6666666865348816,1.0
111,20,-7.1562819480896,1282.1351318359375,0.0,0.0,0.0
111,21,-25.832683563232422,406907.75,0.0,0.0,0.0
111,22,-25.46515464782715,24.12248420715332,0.25,0.625,0.875
111,23,-10.666933059692383,207.1548309326172,0.5,0.5,0.5
111,24,-6.197655200958252,22.17194175720215,0.5,0.5,1.0
111,25,-15.820655822753906,195.10775756835938,0.0,0.3333333432674408,1.0
111,26,-4.827488899230957,11.175728797912598,0.5,1.0,1.0
111,27,-7.114622116088867,35.06877136230469,0.0,1.0,1.0
111,28,-4.448068141937256,9.244549751281738,0.5,1.0,1.0
111,29,-9.105579376220703,94.89676666259766,0.0,0.5,1.0
111,30,-3.3977198600769043,29.895856857299805,0.0,1.0,1.0
111,31,-10.054060935974121,5.342409610748291,0.5,0.8333333730697632,1.0
111,32,-2.3155603408813477,2.1637730598449707,0.6666666865348816,1.0,1.0
111,33,-18.09339141845703,8490.4365234375,0.0,0.0,0.5
111,34,-12.500904083251953,8.032404899597168,0.6666666865348816,0.8333333730697632,1.0
111,35,-6.283716201782227,23.14683723449707,0.5,0.5,1.0
111,36,-7.597996234893799,44.65642166137695,0.5,0.5,0.5
111,37,-11.505289077758789,4.212941646575928,0.75,0.875,1.0
111,38,-6.852603912353516,5.54641056060791,0.75,1.0,1.0
111,39,-13.418941497802734,820.136474609375,0.5,0.5,0.5
111,40,-16.425193786621094,3687.105224609375,0.0,0.5,0.5
111,41,-22.700841903686523,17.074827194213867,0.375,0.75,0.875
111,42,-5.823429107666016,6.966709613800049,0.3333333432674408,1.0,1.0
111,43,-12.682266235351562,23.82097625732422,0.5,0.75,1.0
111,44,-19.339506149291992,125.82305145263672,0.0,0.5,0.75
111,45,-9.656532287597656,124.99405670166016,0.0,0.5,0.5
111,46,-10.220636367797852,30.17092514038086,0.6666666865348816,0.6666666865348816,0.6666666865348816
111,47,-9.384366035461426,22.831066131591797,0.6666666865348816,0.6666666865348816,0.6666666865348816
111,48,-13.856691360473633,10.068869590759277,0.3333333432674408,0.8333333730697632,1.0
111,49,-2.6187007427215576,1.6883305311203003,0.800000011920929,1.0,1.0
111,50,-2.5558323860168457,3.5891528129577637,0.5,1.0,1.0
111,51,-20.051025390625,28.27103042602539,0.3333333432674408,0.8333333730697632,0.8333333730697632
111,52,-10.397331237792969,181.030517578125,0.5,0.5,0.5
111,53,-7.51721715927124,12.252610206604004,0.3333333432674408,1.0,1.0
111,54,-10.148865699768066,7.612360000610352,0.6000000238418579,0.800000011920929,1.0
111,55,-11.512200355529785,17.779569625854492,0.25,0.75,1.0
111,56,-13.190722465515137,81.19935607910156,0.0,0.3333333432674408,1.0
111,57,-9.18058967590332,9.925899505615234,0.5,0.75,1.0
111,58,-18.72207260131836,513.2128295898438,0.0,0.3333333432674408,0.3333333432674408
111,59,-6.583854675292969,8.97657299041748,0.6666666865348816,0.6666666865348816,1.0
111,60,-9.210476875305176,10.000341415405273,0.5,1.0,1.0
111,61,-13.20897102355957,738.39990234375,0.0,0.5,0.5
111,62,-9.161075592041016,9.877593040466309,0.25,0.75,1.0
111,63,-5.961745738983154,19.70500946044922,0.5,0.5,1.0
111,64,-8.42381763458252,67.48523712158203,0.0,0.5,1.0
111,65,-16.36665153503418,3580.743896484375,0.0,0.0,0.5
111,66,-13.3739652633667,86.3136978149414,0.6666666865348816,0.6666666865348816,0.6666666865348816
111,67,-20.861541748046875,33886.4609375,0.0,0.0,0.0
111,68,-10.866905212402344,37.42361068725586,0.3333333432674408,0.6666666865348816,0.6666666865348816
111,69,-10.804234504699707,221.8756866455078,0.0,0.5,1.0
111,70,-16.93640899658203,68.99970245361328,0.0,0.75,0.75
111,71,-5.86824369430542,18.804981231689453,0.5,0.5,1.0
112,0,-6.441221237182617,25.043407440185547,0.5,0.5,1.0
112,1,-4.14853048324585,7.958696365356445,0.5,1.0,1.0
112,2,-8.812045097351074,18.865755081176758,0.6666666865348816,0.6666666865348816,0.6666666865348816
112,3,-17.925521850585938,7806.8818359375,0.0,0.0,0.0
112,4,-19.674060821533203,18714.060546875,0.0,0.0,0.5
112,5,-13.426788330078125,87.84693145751953,0.3333333432674408,0.6666666865348816,0.6666666865348816
112,6,-32.33094024658203,218.8726806640625,0.5,0.6666666865348816,0.6666666865348816
112,7,-4.491904258728027,4.469611167907715,0.3333333432674408,1.0,1.0
112,8,-29.59771156311035,1635.0487060546875,0.25,0.25,0.5
112,9,-18.362218856811523,455.201171875,0.0,0.3333333432674408,0.6666666865348816
112,10,-12.741308212280273,24.175193786621094,0.25,0.75,1.0
112,11,-16.636857986450195,10.769241333007812,0.4285714626312256,0.8571429252624512,0.8571429252624512
112,12,-12.98535442352295,660.2887573242188,0.5,0.5,0.5
112,13,-7.993069648742676,7.376265048980713,0.75,0.75,0.75
112,14,-18.831745147705078,12281.7861328125,0.0,0.0,0.5
112,15,-10.126522064208984,29.23911476135254,0.3333333432674408,0.6666666865348816,0.6666666865348816
112,16,-5.4381794929504395,15.166510581970215,0.5,0.5,1.0
112,17,-4.891880035400391,11.541394233703613,0.5,1.0,1.0
112,18,-3.4039247035980225,5.484699726104736,0.5,1.0,1.0
112,19,-7.368539810180664,11.66018295288086,0.3333333432674408,0.6666666865348816,1.0
112,20,-7.196184158325195,1334.3294677734375,0.0,0.0,0.0
112,21,-25.688331604003906,378573.625,0.0,0.0,0.0
112,22,-25.6297607421875,24.623964309692383,0.25,0.625,0.875
112,23,-10.679567337036133,208.46762084960938,0.5,0.5,0.5
112,24,-6.199295997619629,22.19013786315918,0.5,0.5,1.0
112,25,-15.848530769348145,196.92906188964844,0.0,0.3333333432674408,1.0
112,26,-4.830236434936523,11.191093444824219,0.5,1.0,1.0
112,27,-7.115665435791016,35.08707046508789,0.0,1.0,1.0
112,28,-4.5374436378479,9.667037010192871,0.5,1.0,1.0
112,29,-9.13958740234375,96.5241928100586,0.0,0.5,1.0
112,30,-3.3933513164520264,29.765539169311523,0.0,1.0,1.0
112,31,-10.085084915161133,5.370105743408203,0.5,0.8333333730697632,1.0
112,32,-2.323627233505249,2.1695990562438965,0.6666666865348816,1.0,1.0
112,33,-18.062835693359375,8361.70703125,0.0,0.0,0.5
112,34,-12.524618148803711,8.064215660095215,0.6666666865348816,0.8333333730697632,1.0
112,35,-6.330314636230469,23.692472457885742,0.5,0.5,1.0
112,36,-7.654146671295166,45.92792892456055,0.5,0.5,0.5
112,37,-11.438629150390625,4.177983283996582,0.75,0.875,1.0
112,38,-6.852923393249512,5.546853542327881,0.75,1.0,1.0
112,39,-13.352418899536133,793.3063354492188,0.5,0.5,0.5
112,40,-16.364177703857422,3576.317626953125,0.0,0.5,0.5
112,41,-22.69818115234375,17.06914710998535,0.375,0.75,0.875
112,42,-5.821077346801758,6.9612507820129395,0.3333333432674408,1.0,1.0
112,43,-12.713194847106934,24.005876541137695,0.5,0.75,1.0
112,44,-19.412500381469727,128.1402130126953,0.0,0.5,0.75
112,45,-9.689742088317871,127.08689880371094,0.0,0.5,0.5
112,46,-10.201672554016113,29.980810165405273,0.6666666865348816,0.6666666865348816,0.6666666865348816
112,47,-9.396773338317871,22.925682067871094,0.6666666865348816,0.6666666865348816,0.6666666865348816
112,48,-13.874324798583984,10.098505020141602,0.3333333432674408,0.8333333730697632,1.0
112,49,-2.6404247283935547,1.6956819295883179,0.800000011920929,1.0,1.0
112,50,-2.5339865684509277,3.5501620769500732,0.5,1.0,1.0
112,51,-20.087356567382812,28.44273567199707,0.3333333432674408,0.6666666865348816,0.8333333730697632
112,52,-10.265987396240234,169.52386474609375,0.5,0.5,0.5
112,53,-7.460443496704102,12.022915840148926,0.3333333432674408,1.0,1.0
112,54,-9.98549747467041,7.367655277252197,0.6000000238418579,0.800000011920929,1.0
112,55,-11.599953651428223,18.173934936523438,0.25,0.75,1.0
112,56,-13.230968475341797,82.29601287841797,0.0,0.3333333432674408,1.0
112,57,-9.218846321105957,10.021286964416504,0.5,0.75,1.0
112,58,-18.784997940063477,524.0912475585938,0.0,0.3333333432674408,0.3333333432674408
112,59,-6.625091075897217,9.100813865661621,0.6666666865348816,0.6666666865348816,1.0
112,60,-9.350716590881348,10.357172012329102,0.5,1.0,1.0
112,61,-13.323506355285645,781.9205932617188,0.0,0.5,0.5
112,62,-9.170321464538574,9.90045166015625,0.25,0.75,1.0
112,63,-5.884422302246094,18.957719802856445,0.5,0.5,1.0
112,64,-8.504047393798828,70.24742889404297,0.0,0.5,1.0
112,65,-16.271732330322266,3414.7724609375,0.0,0.5,0.5
112,66,-13.421150207519531,87.6820068359375,0.6666666865348816,0.6666666865348816,0.6666666865348816
112,67,-20.984439849853516,36034.0625,0.0,0.0,0.0
112,68,-10.82463550567627,36.90000534057617,0.3333333432674408,0.6666666865348816,0.6666666865348816
112,69,-10.850483894348145,227.06626892089844,0.0,0.5,1.0
112,70,-17.036401748657227,70.7463150024414,0.0,0.5,0.75
112,71,-5.920304298400879,19.300907135009766,0.5,0.5,1.0
113,0,-6.387350559234619,24.377859115600586,0.5,0.5,1.0
113,1,-4.173828125,8.060004234313965,0.5,1.0,1.0
113,2,-8.87966251373291,19.295801162719727,0.6666666865348816,0.6666666865348816,0.6666666865348816
113,3,-17.915016174316406,7765.98095703125,0.0,0.0,0.0
113,4,-19.786041259765625,19791.751953125,0.0,0.0,0.5
113,5,-13.457615852355957,88.75428771972656,0.3333333432674408,0.6666666865348816,0.6666666865348816
113,6,-32.52803039550781,226.1816864013672,0.5,0.6666666865348816,0.6666666865348816
113,7,-4.561403751373291,4.574365139007568,0.3333333432674408,1.0,1.0
113,8,-29.52671241760254,1606.282958984375,0.25,0.25,0.5
113,9,-18.4361515045166,466.5586853027344,0.0,0.3333333432674408,0.6666666865348816
113,10,-12.789615631103516,24.468923568725586,0.25,0.75,1.0
113,11,-16.62795639038086,10.75555419921875,0.4285714626312256,0.8571429252624512,0.8571429252624512
113,12,-13.112855911254883,703.7533569335938,0.5,0.5,0.5
113,13,-7.982073783874512,7.356016159057617,0.75,0.75,0.75
113,14,-18.931209564208984,12908.029296875,0.0,0.0,0.5
113,15,-10.138763427734375,29.35866928100586,0.3333333432674408,0.6666666865348816,0.6666666865348816
113,16,-5.435360908508301,15.14515209197998,0.5,0.5,1.0
113,17,-4.871922492980957,11.426797866821289,0.5,1.0,1.0
113,18,-3.5202536582946777,5.813174724578857,0.5,1.0,1.0
113,19,-7.394908905029297,11.7631254196167,0.3333333432674408,0.6666666865348816,1.0
113,20,-7.1694464683532715,1299.125244140625,0.0,0.0,0.0
113,21,-25.70020866394043,380828.46875,0.0,0.0,0.0
113,22,-25.649934768676758,24.686138153076172,0.25,0.625,0.875
113,23,-10.73326587677002,214.140625,0.5,0.5,0.5
113,24,-6.228433609008789,22.515789031982422,0.5,0.5,1.0
113,25,-15.831949234008789,195.84364318847656,0.0,0.3333333432674408,1.0
113,26,-4.83679723739624,11.227865219116211,0.5,1.0,1.0
113,27,-7.092265605926514,34.67894744873047,0.0,1.0,1.0
113,28,-4.573271751403809,9.841772079467773,0.5,1.0,1.0
113,29,-9.048259735107422,92.21565246582031,0.0,0.5,1.0
113,30,-3.3815975189208984,29.417728424072266,0.0,1.0,1.0
113,31,-9.992585182189941,5.287951469421387,0.5,0.8333333730697632,1.0
113,32,-2.301928997039795,2.153963565826416,0.6666666865348816,1.0,1.0
113,33,-18.129844665527344,8646.607421875,0.0,0.0,0.5
113,34,-12.505789756774902,8.038949012756348,0.6666666865348816,0.8333333730697632,1.0
113,35,-6.2851409912109375,23.163331985473633,0.5,0.5,1.0
113,36,-7.630654811859131,45.39161682128906,0.5,0.5,0.5
113,37,-11.451930046081543,4.184935569763184,0.75,0.875,1.0
113,38,-6.7365899085998535,5.3878560066223145,0.75,1.0,1.0
113,39,-13.385683059692383,806.6110229492188,0.5,0.5,0.5
113,40,-16.343591690063477,3539.695068359375,0.0,0.5,0.5
113,41,-22.594806671142578,16.85000228881836,0.375,0.75,0.875
113,42,-5.70791482925415,6.703557014465332,0.3333333432674408,1.0,1.0
113,43,-12.710611343383789,23.99037742614746,0.5,0.75,1.0
113,44,-19.410654067993164,128.08108520507812,0.0,0.5,0.75
113,45,-9.65662670135498,124.99995422363281,0.0,0.5,0.5
113,46,-10.088160514831543,28.867610931396484,0.6666666865348816,0.6666666865348816,0.6666666865348816
113,47,-9.385579109191895,22.84029769897461,0.6666666865348816,0.6666666865348816,0.6666666865348816
113,48,-13.914854049682617,10.166950225830078,0.3333333432674408,0.8333333730697632,1.0
113,49,-2.5833890438079834,1.6764488220214844,0.800000011920929,1.0,1.0
113,50,-2.5379834175109863,3.5572640895843506,0.5,1.0,1.0
113,51,-20.015474319458008,28.104015350341797,0.3333333432674408,0.8333333730697632,0.8333333730697632
113,52,-10.366671562194824,178.27650451660156,0.5,0.5,0.5
113,53,-7.490455150604248,12.143794059753418,0.3333333432674408,1.0,1.0
113,54,-10.045085906982422,7.455986499786377,0.6000000238418579,0.800000011920929,1.0
113,55,-11.508176803588867,17.761695861816406,0.25,0.75,1.0
113,56,-13.253061294555664,82.90430450439453,0.0,0.3333333432674408,1.0
113,57,-9.197891235351562,9.968925476074219,0.5,0.75,1.0
113,58,-18.677759170532227,505.68792724609375,0.0,0.3333333432674408,0.3333333432674408
113,59,-6.633894920349121,9.127558708190918,0.6666666865348816,0.6666666865348816,1.0
113,60,-9.144421577453613,9.836552619934082,0.5,1.0,1.0
113,61,-13.349249839782715,792.05029296875,0.0,0.5,0.5
113,62,-9.229713439941406,10.04854965209961,0.25,0.75,1.0
113,63,-5.9045867919921875,19.149822235107422,0.5,0.5,1.0
113,64,-8.44322395324707,68.14324188232422,0.0,0.5,1.0
113,65,-16.33627700805664,3526.77294921875,0.0,0.0,0.5
113,66,-13.371387481689453,86.23956298828125,0.6666666865348816,0.6666666865348816,0.6666666865348816
113,67,-20.877777099609375,34162.6640625,0.0,0.0,0.0
113,68,-10.848920822143555,37.19993591308594,0.3333333432674408,0.6666666865348816,0.6666666865348816
113,69,-10.868097305297852,229.0748291015625,0.0,0.5,1.0
113,70,-16.965097427368164,69.4963607788086,0.0,0.5,0.75
113,71,-5.8558502197265625,18.688812255859375,0.5,0.5,1.0
114,0,-6.473903656005859,25.456008911132812,0.5,0.5,1.0
114,1,-4.151835918426514,7.971861362457275,0.5,1.0,1.0
114,2,-8.86450481414795,19.19855308532715,0.6666666865348816,0.6666666865348816,0.6666666865348816
114,3,-17.759380340576172,7184.564453125,0.0,0.0,0.0
114,4,-19.542295455932617,17520.86328125,0.0,0.0,0.5
114,5,-13.462138175964355,88.88821411132812,0.3333333432674408,0.6666666865348816,0.6666666865348816
114,6,-32.58375930786133,228.29222106933594,0.5,0.6666666865348816,0.6666666865348816
114,7,-4.548220634460449,4.55430793762207,0.3333333432674408,1.0,1.0
114,8,-29.59236717224121,1632.865478515625,0.25,0.25,0.5
114,9,-18.303321838378906,446.3516845703125,0.0,0.3333333432674408,0.6666666865348816
114,10,-12.825515747070312,24.68952178955078,0.25,0.75,1.0
114,11,-16.610675811767578,10.729035377502441,0.4285714626312256,0.8571429252624512,0.8571429252624512
114,12,-13.100920677185059,699.5661010742188,0.5,0.5,0.5
114,13,-7.973449230194092,7.34017276763916,0.75,0.75,0.75
114,14,-18.868255615234375,12508.05078125,0.0,0.0,0.5
114,15,-10.122734069824219,29.202219009399414,0.3333333432674408,0.6666666865348816,0.6666666865348816
114,16,-5.449344158172607,15.251412391662598,0.5,0.5,1.0
114,17,-4.896374702453613,11.567360877990723,0.5,1.0,1.0
114,18,-3.365886926651001,5.381372451782227,0.5,1.0,1.0
114,19,-7.375166416168213,11.685968399047852,0.3333333432674408,0.6666666865348816,1.0
114,20,-7.154046058654785,1279.2716064453125,0.0,0.0,0.0
114,21,-25.725915908813477,385755.09375,0.0,0.0,0.0
114,22,-25.46046257019043,24.108339309692383,0.25,0.625,0.875
114,23,-10.702645301818848,210.88705444335938,0.5,0.5,0.5
114,24,-6.232287406921387,22.55921745300293,0.5,0.5,1.0
114,25,-15.941904067993164,203.15478515625,0.0,0.3333333432674408,1.0
114,26,-4.781408786773682,10.921184539794922,0.5,1.0,1.0
114,27,-7.054461479187012,34.02960205078125,0.0,1.0,1.0
114,28,-4.492691993713379,9.453130722045898,0.5,1.0,1.0
114,29,-9.21207046508789,100.08654022216797,0.0,0.5,1.0
114,30,-3.409709930419922,30.256465911865234,0.0,1.0,1.0
114,31,-10.154217720031738,5.432337760925293,0.5,0.8333333730697632,1.0
114,32,-2.261718988418579,2.1252858638763428,0.6666666865348816,1.0,1.0
114,33,-18.18840980529785,8903.5458984375,0.0,0.0,0.5
114,34,-12.491256713867188,8.019499778747559,0.6666666865348816,0.8333333730697632,1.0
114,35,-6.443228721618652,25.06855583190918,0.5,0.5,1.0
114,36,-7.5614776611328125,43.848426818847656,0.5,0.5,0.5
114,37,-11.453547477722168,4.185781478881836,0.75,0.875,1.0
114,38,-6.869101047515869,5.569332599639893,0.75,1.0,1.0
114,39,-13.423452377319336,821.9883422851562,0.5,0.5,0.5
114,40,-16.34222412109375,3537.275634765625,0.0,0.5,0.5
114,41,-22.65943145751953,16.986671447753906,0.375,0.75,0.875
114,42,-5.690300941467285,6.664314270019531,0.3333333432674408,1.0,1.0
114,43,-12.75157356262207,24.237314224243164,0.5,0.75,1.0
114,44,-19.41875457763672,128.34072875976562,0.0,0.5,0.75
114,45,-9.726205825805664,129.4251708984375,0.0,0.5,0.5
114,46,-10.281797409057617,30.792339324951172,0.6666666865348816,0.6666666865348816,0.6666666865348816
114,47,-9.41495418548584,23.06504249572754,0.6666666865348816,0.6666666865348816,0.6666666865348816
114,48,-13.857080459594727,10.069522857666016,0.3333333432674408,0.6666666865348816,1.0
114,49,-2.586843967437744,1.677607774734497,0.800000011920929,1.0,1.0
114,50,-2.538365364074707,3.557943344116211,0.5,1.0,1.0
114,51,-20.08636474609375,28.43803596496582,0.3333333432674408,0.6666666865348816,0.8333333730697632
114,52,-10.308880805969238,173.1988525390625,0.5,0.5,0.5
114,53,-7.4411234855651855,11.945738792419434,0.3333333432674408,1.0,1.0
114,54,-10.069780349731445,7.492900848388672,0.6000000238418579,0.800000011920929,1.0
114,55,-11.546703338623047,17.933595657348633,0.25,0.75,1.0
114,56,-13.175155639648438,80.77911376953125,0.0,0.3333333432674408,1.0
114,57,-9.226007461547852,10.039244651794434,0.5,0.75,1.0
114,58,-18.786399841308594,524.3362426757812,0.0,0.3333333432674408,0.3333333432674408
114,59,-6.626259803771973,9.10435962677002,0.6666666865348816,0.6666666865348816,1.0
114,60,-9.165593147277832,9.888754844665527,0.5,1.0,1.0
114,61,-13.209660530090332,738.6544799804688,0.0,0.5,0.5
114,62,-9.319137573242188,10.275726318359375,0.25,0.75,1.0
114,63,-5.922467231750488,19.321792602539062,0.5,0.5,1.0
114,64,-8.488422393798828,69.70075988769531,0.0,0.5,1.0
114,65,-16.384288787841797,3612.460693359375,0.0,0.0,0.5
114,66,-13.5010347366333,90.04817199707031,0.6666666865348816,0.6666666865348816,0.6666666865348816
114,67,-20.912174224853516,34755.29296875,0.0,0.0,0.0
114,68,-10.860931396484375,37.34916305541992,0.3333333432674408,0.6666666865348816,0.6666666865348816
114,69,-10.797589302062988,221.1397247314453,0.0,0.5,1.0
114,70,-16.91339683532715,68.60388946533203,0.0,0.75,0.75
114,71,-5.819691181182861,18.35396385192871,0.5,0.5,1.0
115,0,-6.435887813568115,24.976713180541992,0.5,0.5,1.0
115,1,-4.167927265167236,8.036258697509766,0.5,1.0,1.0
115,2,-8.825181007385254,18.94853973388672,0.6666666865348816,0.6666666865348816,0.6666666865348816
115,3,-17.87094497680664,7596.724609375,0.0,0.0,0.0
115,4,-19.59693145751953,18006.09765625,0.0,0.0,0.5
115,5,-13.370716094970703,86.22028350830078,0.3333333432674408,0.6666666865348816,0.6666666865348816
115,6,-32.51301574707031,225.61636352539062,0.5,0.6666666865348816,0.6666666865348816
115,7,-4.542998313903809,4.546386241912842,0.3333333432674408,1.0,1.0
115,8,-29.57866668701172,1627.282470703125,0.25,0.25,0.5
115,9,-18.348304748535156,453.094970703125,0.0,0.3333333432674408,0.6666666865348816
115,10,-12.752666473388672,24.243938446044922,0.25,0.75,1.0
115,11,-16.7601375579834,10.960582733154297,0.4285714626312256,0.8571429252624512,0.8571429252624512
115,12,-12.972434043884277,656.0369262695312,0.5,0.5,0.5
115,13,-7.935856819152832,7.271512031555176,0.75,0.75,0.75
115,14,-18.847259521484375,12377.4287109375,0.0,0.0,0.5
115,15,-10.097570419311523,28.958301544189453,0.3333333432674408,0.6666666865348816,0.6666666865348816
115,16,-5.434881210327148,15.141519546508789,0.5,0.5,1.0
115,17,-4.912118434906006,11.65877628326416,0.5,1.0,1.0
115,18,-3.4788050651550293,5.69394063949585,0.5,1.0,1.0
115,19,-7.343396186828613,11.5628662109375,0.3333333432674408,0.6666666865348816,1.0
115,20,-7.149267196655273,1273.172607421875,0.0,0.0,0.0
115,21,-25.675491333007812,376150.90625,0.0,0.0,0.0
115,22,-25.617122650146484,24.58509635925293,0.25,0.625,0.875
115,23,-10.725041389465332,213.2618408203125,0.5,0.5,0.5
115,24,-6.196703910827637,22.16139793395996,0.5,0.5,1.0
115,25,-15.735075950622559,189.62059020996094,0.0,0.3333333432674408,1.0
115,26,-4.79976749420166,11.021894454956055,0.5,1.0,1.0
115,27,-7.1170501708984375,35.11137008666992,0.0,1.0,1.0
115,28,-4.523894309997559,9.601767539978027,0.5,1.0,1.0
115,29,-9.104713439941406,94.8556900024414,0.0,0.5,1.0
115,30,-3.392906427383423,29.752300262451172,0.0,1.0,1.0
115,31,-10.07054615020752,5.357108116149902,0.5,0.8333333730697632,1.0
115,32,-2.2968735694885254,2.150336980819702,0.6666666865348816,1.0,1.0
115,33,-18.100000381469727,8518.5390625,0.0,0.0,0.5
115,34,-12.53738784790039,8.081395149230957,0.6666666865348816,0.8333333730697632,1.0
115,35,-6.3886213302612305,24.393352508544922,0.5,0.5,1.0
115,36,-7.555536270141602,43.718360900878906,0.5,0.5,0.5
115,37,-11.463652610778809,4.1910719871521,0.75,0.875,1.0
115,38,-6.771429538726807,5.434988498687744,0.75,1.0,1.0
115,39,-13.387195587158203,807.2212524414062,0.5,0.5,0.5
115,40,-16.394901275634766,3631.68017578125,0.0,0.5,0.5
115,41,-22.634735107421875,16.93431282043457,0.375,0.75,0.875
115,42,-5.74577522277832,6.788692951202393,0.3333333432674408,1.0,1.0
115,43,-12.614856719970703,23.42289924621582,0.5,0.75,1.0
115,44,-19.441844940185547,129.083740234375,0.0,0.5,0.75
115,45,-9.665814399719238,125.57550811767578,0.0,0.5,0.5
115,46,-10.204878807067871,30.01287269592285,0.6666666865348816,0.6666666865348816,0.6666666865348816
115,47,-9.4490327835083,23.328540802001953,0.6666666865348816,0.6666666865348816,0.6666666865348816
115,48,-13.908599853515625,10.156357765197754,0.3333333432674408,0.8333333730697632,1.0
115,49,-2.594583034515381,1.680206298828125,0.800000011920929,1.0,1.0
115,50,-2.510193347930908,3.5081772804260254,0.5,1.0,1.0
115,51,-20.211105346679688,29.03545570373535,0.3333333432674408,0.6666666865348816,0.8333333730697632
115,52,-10.3241605758667,174.5271453857422,0.5,0.5,0.5
115,53,-7.417900085449219,11.853620529174805,0.3333333432674408,1.0,1.0
115,54,-10.178468704223633,7.657562255859375,0.6000000238418579,0.800000011920929,1.0
115,55,-11.605220794677734,18.1978816986084,0.25,0.75,1.0
115,56,-13.23837661743164,82.49949645996094,0.0,0.3333333432674408,1.0
115,57,-9.24415397644043,10.084892272949219,0.5,0.75,1.0
115,58,-18.699161529541016,509.3083801269531,0.0,0.3333333432674408,0.3333333432674408
115,59,-6.546262264251709,8.864791870117188,0.6666666865348816,0.6666666865348816,1.0
115,60,-9.213031768798828,10.006731033325195,0.5,1.0,1.0
115,61,-13.250587463378906,753.9255981445312,0.0,0.5,0.5
115,62,-9.229223251342773,10.047318458557129,0.25,0.75,1.0
115,63,-5.8944091796875,19.0526180267334,0.5,0.5,1.0
115,64,-8.478218078613281,69.34603881835938,0.0,0.5,1.0
115,65,-16.31385612487793,3487.45703125,0.0,0.0,0.5
115,66,-13.432026863098145,88.0004653930664,0.6666666865348816,0.6666666865348816,0.6666666865348816
115,67,-20.95357894897461,35482.30859375,0.0,0.0,0.0
115,68,-10.841226577758789,37.104644775390625,0.3333333432674408,0.6666666865348816,0.6666666865348816
115,69,-10.854327201843262,227.50303649902344,0.0,0.5,1.0
115,70,-17.025983810424805,70.56229400634766,0.0,0.75,0.75
115,71,-5.798713207244873,18.16245460510254,0.5,0.5,1.0
116,0,-6.458133697509766,25.256078720092773,0.5,0.5,1.0
116,1,-4.176029205322266,8.068879127502441,0.5,1.0,1.0
116,2,-8.871720314025879,19.24478530883789,0.6666666865348816,0.6666666865348816,0.6666666865348816
116,3,-17.764036178588867,7201.30908203125,0.0,0.0,0.0
116,4,-19.7325439453125,19269.3671875,0.0,0.0,0.5
116,5,-13.425667762756348,87.81414794921875,0.3333333432674408,0.6666666865348816,0.6666666865348816
116,6,-32.4709587097168,224.0404510498047,0.5,0.6666666865348816,0.6666666865348816
116,7,-4.634331226348877,4.686926364898682,0.3333333432674408,1.0,1.0
116,8,-29.64324378967285,1653.766845703125,0.25,0.25,0.5
116,9,-18.45136260986328,468.93023681640625,0.0,0.3333333432674408,0.6666666865348816
116,10,-12.792055130004883,24.483850479125977,0.25,0.75,1.0
116,11,-16.76828956604004,10.973353385925293,0.4285714626312256,0.8571429252624512,0.8571429252624512
116,12,-12.988813400268555,661.4317016601562,0.5,0.5,0.5
116,13,-7.965142250061035,7.324944496154785,0.75,0.75,0.75
116,14,-18.850170135498047,12395.4541015625,0.0,0.0,0.5
116,15,-10.153764724731445,29.505840301513672,0.3333333432674408,0.6666666865348816,0.6666666865348816
116,16,-5.417309761047363,15.009072303771973,0.5,0.5,1.0
116,17,-4.885865688323975,11.506738662719727,0.5,1.0,1.0
116,18,-3.3870689868927,5.438669681549072,0.5,1.0,1.0
116,19,-7.407809734344482,11.813819885253906,0.3333333432674408,0.6666666865348816,1.0
116,20,-7.145197868347168,1268.002197265625,0.0,0.0,0.0
116,21,-25.666812896728516,374522.25,0.0,0.0,0.0
116,22,-25.50436019897461,24.240989685058594,0.25,0.625,0.875
116,23,-10.700651168823242,210.6768798828125,0.5,0.5,0.5
116,24,-6.224344730377197,22.469804763793945,0.5,0.5,1.0
116,25,-15.798307418823242,193.65966796875,0.0,0.3333333432674408,1.0
116,26,-4.837585926055908,11.232294082641602,0.5,1.0,1.0
116,27,-7.093694686889648,34.703739166259766,0.0,1.0,1.0
116,28,-4.533183574676514,9.646467208862305,0.5,1.0,1.0
116,29,-9.185235023498535,98.75257873535156,0.0,0.5,1.0
116,30,-3.433922529220581,30.997995376586914,0.0,1.0,1.0
116,31,-10.00118637084961,5.295536994934082,0.5,0.8333333730697632,1.0
116,32,-2.325836420059204,2.1711974143981934,0.6666666865348816,1.0,1.0
116,33,-18.105602264404297,8542.4326171875,0.0,0.0,0.5
116,34,-12.553183555603027,8.10269832611084,0.6666666865348816,0.8333333730697632,1.0
116,35,-6.433631896972656,24.948556900024414,0.5,0.5,1.0
116,36,-7.598683834075928,44.671775817871094,0.5,0.5,0.5
116,37,-11.519050598144531,4.220195293426514,0.75,0.875,1.0
116,38,-6.763057708740234,5.4236249923706055,0.75,1.0,1.0
116,39,-13.458595275878906,836.5595092773438,0.5,0.5,0.5
116,40,-16.31068229675293,3481.927001953125,0.0,0.5,0.5
116,41,-22.650379180908203,16.96746063232422,0.375,0.75,0.875
116,42,-5.874932289123535,7.087344646453857,0.3333333432674408,1.0,1.0
116,43,-12.67917251586914,23.80255889892578,0.5,0.75,1.0
116,44,-19.45477294921875,129.5015869140625,0.0,0.5,0.75
116,45,-9.719890594482422,129.01715087890625,0.0,0.5,0.5
116,46,-10.264845848083496,30.61883544921875,0.6666666865348816,0.6666666865348816,0.6666666865348816
116,47,-9.391329765319824,22.884122848510742,0.6666666865348816,0.6666666865348816,0.6666666865348816
116,48,-13.860254287719727,10.074851989746094,0.3333333432674408,0.8333333730697632,1.0
116,49,-2.5499041080474854,1.6652592420578003,0.800000011920929,1.0,1.0
116,50,-2.487717390060425,3.468973398208618,0.5,1.0,1.0
116,51,-19.949604034423828,27.797164916992188,0.3333333432674408,0.6666666865348816,0.8333333730697632
116,52,-10.330465316772461,175.0782012939453,0.5,0.5,0.5
116,53,-7.564666748046875,12.44794750213623,0.3333333432674408,1.0,1.0
116,54,-10.051915168762207,7.466177463531494,0.6000000238418579,0.800000011920929,1.0
116,55,-11.627197265625,18.298137664794922,0.25,0.75,1.0
116,56,-13.116243362426758,79.20832061767578,0.0,0.3333333432674408,1.0
116,57,-9.212556838989258,10.005542755126953,0.5,0.75,1.0
116,58,-18.769914627075195,521.4628295898438,0.0,0.3333333432674408,0.3333333432674408
116,59,-6.61177921295166,9.060518264770508,0.6666666865348816,0.6666666865348816,1.0
116,60,-9.201334953308105,9.977511405944824,0.5,1.0,1.0
116,61,-13.236001968383789,748.4474487304688,0.0,0.5,0.5
116,62,-9.142202377319336,9.831097602844238,0.25,0.75,1.0
116,63,-5.895106315612793,19.059261322021484,0.5,0.5,1.0
116,64,-8.50894546508789,70.419677734375,0.0,0.5,1.0
116,65,-16.292789459228516,3450.915283203125,0.0,0.0,0.5
116,66,-13.411983489990234,87.41449737548828,0.6666666865348816,0.6666666865348816,0.6666666865348816
116,67,-20.864107131958008,33929.953125,0.0,0.0,0.0
116,68,-10.859143257141113,37.326908111572266,0.3333333432674408,0.6666666865348816,0.6666666865348816
116,69,-10.827818870544434,224.50758361816406,0.0,0.5,1.0
116,70,-17.050281524658203,70.99222564697266,0.0,0.75,0.75
116,71,-5.829022407531738,18.439796447753906,0.5,0.5,1.0
117,0,-6.438415050506592,25.00829315185547,0.5,0.5,1.0
117,1,-4.147042274475098,7.952776908874512,0.5,1.0,1.0
117,2,-8.877107620239258,19.279375076293945,0.6666666865348816,0.6666666865348816,0.6666666865348816
117,3,-17.747472763061523,7141.916015625,0.0,0.0,0.0
117,4,-19.594074249267578,17980.390625,0.0,0.0,0.5
117,5,-13.405075073242188,87.21344757080078,0.3333333432674408,0.6666666865348816,0.6666666865348816
117,6,-32.46180725097656,223.69895935058594,0.5,0.6666666865348816,0.6666666865348816
117,7,-4.541001319885254,4.543361186981201,0.3333333432674408,1.0,1.0
117,8,-29.54528045654297,1613.7567138671875,0.25,0.25,0.5
117,9,-18.393333435058594,459.9469299316406,0.0,0.3333333432674408,0.6666666865348816
117,10,-12.693395614624023,23.887348175048828,0.25,0.75,1.0
117,11,-16.782583236694336,10.995784759521484,0.4285714626312256,0.8571429252624512,0.8571429252624512
117,12,-13.056130409240723,684.0733642578125,0.5,0.5,0.5
117,13,-7.934808254241943,7.26960563659668,0.75,0.75,0.75
117,14,-18.92307472229004,12855.6328125,0.0,0.0,0.5
117,15,-10.094751358032227,28.93109703063965,0.3333333432674408,0.6666666865348816,0.6666666865348816
117,16,-5.407487869262695,14.935544967651367,0.5,0.5,1.0
117,17,-4.900038719177246,11.588571548461914,0.5,1.0,1.0
117,18,-3.486239433288574,5.715145587921143,0.5,1.0,1.0
117,19,-7.387869358062744,11.735555648803711,0.3333333432674408,0.6666666865348816,1.0
117,20,-7.143587112426758,1265.96142578125,0.0,0.0,0.0
117,21,-25.721881866455078,384977.8125,0.0,0.0,0.0
117,22,-25.657791137695312,24.710391998291016,0.25,0.625,0.875
117,23,-10.656567573547363,206.08399963378906,0.5,0.5,0.5
117,24,-6.238071441650391,22.624553680419922,0.5,0.5,1.0
117,25,-15.754363059997559,190.84361267089844,0.0,0.3333333432674408,1.0
117,26,-4.741011619567871,10.702804565429688,0.5,1.0,1.0
117,27,-7.102499008178711,34.856842041015625,0.0,1.0,1.0
117,28,-4.512533187866211,9.547377586364746,0.5,1.0,1.0
117,29,-9.291031837463379,104.1170654296875,0.0,0.5,1.0
117,30,-3.408464193344116,30.218799591064453,0.0,1.0,1.0
117,31,-9.988907814025879,5.284710884094238,0.5,0.8333333730697632,1.0
117,32,-2.3017919063568115,2.153865098953247,0.6666666865348816,1.0,1.0
117,33,-18.083629608154297,8449.0966796875,0.0,0.0,0.5
117,34,-12.564342498779297,8.117782592773438,0.6666666865348816,0.8333333730697632,1.0
117,35,-6.375804424285889,24.23752784729004,0.5,0.5,1.0
117,36,-7.623677730560303,45.23353958129883,0.5,0.5,0.5
117,37,-11.423160552978516,4.169912815093994,0.75,0.875,1.0
117,38,-6.753307819366455,5.410420894622803,0.75,1.0,1.0
117,39,-13.416888236999512,819.294921875,0.5,0.5,0.5
117,40,-16.407045364379883,3653.799072265625,0.0,0.5,0.5
117,41,-22.536884307861328,16.728445053100586,0.375,0.75,0.875
117,42,-5.743769645690918,6.784156322479248,0.3333333432674408,1.0,1.0
117,43,-12.730271339416504,24.10858154296875,0.5,0.75,1.0
117,44,-19.44223403930664,129.09628295898438,0.0,0.5,0.75
117,45,-9.68094253540039,126.52896881103516,0.0,0.5,0.5
117,46,-10.258485794067383,30.553991317749023,0.6666666865348816,0.6666666865348816,0.6666666865348816
117,47,-9.346574783325195,22.545263290405273,0.6666666865348816,0.6666666865348816,0.6666666865348816
117,48,-13.875959396362305,10.10125732421875,0.3333333432674408,0.6666666865348816,1.0
117,49,-2.6331989765167236,1.6932332515716553,0.800000011920929,1.0,1.0
117,50,-2.523822069168091,3.532165050506592,0.5,1.0,1.0
117,51,-20.013845443725586,28.096385955810547,0.3333333432674408,0.8333333730697632,0.8333333730697632
117,52,-10.28115177154541,170.81410217285156,0.5,0.5,0.5
117,53,-7.548794269561768,12.382258415222168,0.3333333432674408,1.0,1.0
117,54,-10.114656448364258,7.560454845428467,0.6000000238418579,0.800000011920929,1.0
117,55,-11.5885648727417,18.122262954711914,0.25,0.75,1.0
117,56,-13.150877952575684,80.1280517578125,0.0,0.3333333432674408,1.0
117,57,-9.254474639892578,10.110946655273438,0.5,0.75,1.0
117,58,-18.657930374145508,502.3565979003906,0.0,0.3333333432674408,0.3333333432674408
117,59,-6.647239685058594,9.168251991271973,0.6666666865348816,0.6666666865348816,1.0
117,60,-9.169984817504883,9.899618148803711,0.5,1.0,1.0
117,61,-13.238813400268555,749.500244140625,0.0,0.5,0.5
117,62,-9.17781925201416,9.919027328491211,0.25,0.75,1.0
117,63,-5.94331693649292,19.524272918701172,0.5,0.5,1.0
117,64,-8.392312049865723,66.43048095703125,0.0,0.5,1.0
117,65,-16.368663787841797,3584.34814453125,0.0,0.0,0.5
117,66,-13.368623733520508,86.16014862060547,0.6666666865348816,0.6666666865348816,0.6666666865348816
117,67,-20.850250244140625,33695.6875,0.0,0.0,0.0
117,68,-10.836851119995117,37.05057144165039,0.3333333432674408,0.6666666865348816,0.6666666865348816
117,69,-10.880250930786133,230.47108459472656,0.0,0.5,1.0
117,70,-16.94906997680664,69.21846008300781,0.0,0.75,0.75
117,71,-5.849372863769531,18.62838363647461,0.5,0.5,1.0
118,0,-6.47281551361084,25.442163467407227,0.5,0.5,1.0
118,1,-4.153628826141357,7.979011058807373,0.5,1.0,1.0
118,2,-8.891905784606934,19.37470817565918,0.6666666865348816,0.6666666865348816,0.6666666865348816
118,3,-17.790374755859375,7296.77294921875,0.0,0.0,0.0
118,4,-19.812515258789062,20055.478515625,0.0,0.0,0.5
118,5,-13.443536758422852,88.33873748779297,0.3333333432674408,0.6666666865348816,0.6666666865348816
118,6,-32.48749542236328,224.65878295898438,0.5,0.6666666865348816,0.6666666865348816
118,7,-4.4830145835876465,4.456386566162109,0.3333333432674408,1.0,1.0
118,8,-29.522634506225586,1604.646240234375,0.25,0.25,0.5
118,9,-18.37548065185547,457.21795654296875,0.0,0.3333333432674408,0.6666666865348816
118,10,-12.70988655090332,23.98603057861328,0.25,0.75,1.0
118,11,-16.680156707763672,10.836060523986816,0.4285714626312256,0.8571429252624512,0.8571429252624512
118,12,-13.1437349319458,714.7032470703125,0.5,0.5,0.5
118,13,-7.917802810668945,7.238765716552734,0.75,0.75,0.75
118,14,-18.85250473022461,12409.931640625,0.0,0.0,0.5
118,15,-10.063200950622559,28.628435134887695,0.3333333432674408,0.6666666865348816,0.6666666865348816
118,16,-5.426815509796143,15.08057975769043,0.5,0.5,1.0
118,17,-4.89760160446167,11.574459075927734,0.5,1.0,1.0
118,18,-3.49745512008667,5.74728536605835,0.5,1.0,1.0
118,19,-7.3640546798706055,11.642765045166016,0.3333333432674408,0.6666666865348816,1.0
118,20,-7.186174392700195,1321.039794921875,0.0,0.0,0.0
118,21,-25.62918472290039,367541.8125,0.0,0.0,0.0
118,22,-25.522302627563477,24.295419692993164,0.25,0.625,0.875
118,23,-10.670063018798828,207.4792938232422,0.5,0.5,0.5
118,24,-6.2110371589660645,22.320789337158203,0.5,0.5,1.0
118,25,-15.831565856933594,195.81861877441406,0.0,0.3333333432674408,1.0
118,26,-4.845199108123779,11.275132179260254,0.5,1.0,1.0
118,27,-7.107913970947266,34.95134735107422,0.0,1.0,1.0
118,28,-4.480633735656738,9.396307945251465,0.5,1.0,1.0
118,29,-9.238607406616211,101.42338562011719,0.0,0.5,1.0
118,30,-3.373049736022949,29.16734504699707,0.0,1.0,1.0
118,31,-10.024349212646484,5.316019535064697,0.5,0.8333333730697632,1.0
118,32,-2.3452863693237305,2.185319662094116,0.6666666865348816,1.0,1.0
118,33,-18.03122901916504,8230.6025390625,0.0,0.0,0.5
118,34,-12.516066551208496,8.052729606628418,0.6666666865348816,0.8333333730697632,1.0
118,35,-6.263726234436035,22.916635513305664,0.5,0.5,1.0
118,36,-7.607534408569336,44.86989974975586,0.5,0.5,0.5
118,37,-11.415521621704102,4.165933132171631,0.75,0.875,1.0
118,38,-6.718489646911621,5.363530158996582,0.75,1.0,1.0
118,39,-13.471630096435547,842.029541015625,0.5,0.5,0.5
118,40,-16.337846755981445,3529.5419921875,0.0,0.5,0.5
118,41,-22.567811965942383,16.793241500854492,0.375,0.75,0.875
118,42,-5.791950225830078,6.893990993499756,0.3333333432674408,1.0,1.0
118,43,-12.767294883728027,24.332763671875,0.5,0.75,1.0
118,44,-19.38435935974121,127.24188232421875,0.0,0.5,0.75
118,45,-9.655611038208008,124.93648529052734,0.0,0.5,0.5
118,46,-10.32406997680664,31.22929573059082,0.6666666865348816,0.6666666865348816,0.6666666865348816
118,47,-9.388233184814453,22.860509872436523,0.6666666865348816,0.6666666865348816,0.6666666865348816
118,48,-13.835378646850586,10.033169746398926,0.3333333432674408,0.8333333730697632,1.0
118,49,-2.5636396408081055,1.6698400974273682,0.800000011920929,1.0,1.0
118,50,-2.5753469467163086,3.62434458732605,0.5,1.0,1.0
118,51,-20.03363800048828,28.189220428466797,0.3333333432674408,0.8333333730697632,0.8333333730697632
118,52,-10.332173347473145,175.22776794433594,0.5,0.5,0.5
118,53,-7.488034248352051,12.134000778198242,0.3333333432674408,1.0,1.0
118,54,-10.021985054016113,7.421617031097412,0.6000000238418579,0.800000011920929,1.0
118,55,-11.644681930541992,18.378297805786133,0.25,0.75,1.0
118,56,-13.250446319580078,82.83207702636719,0.0,0.3333333432674408,1.0
118,57,-9.15368366241455,9.859355926513672,0.5,0.75,1.0
118,58,-18.746131896972656,517.3453369140625,0.0,0.3333333432674408,0.3333333432674408
118,59,-6.692987442016602,9.309131622314453,0.6666666865348816,0.6666666865348816,1.0
118,60,-9.206512451171875,9.990434646606445,0.5,1.0,1.0
118,61,-13.292749404907227,769.9878540039062,0.0,0.5,0.5
118,62,-9.207070350646973,9.991827964782715,0.25,0.75,1.0
118,63,-5.878117084503174,18.898046493530273,0.5,0.5,1.0
118,64,-8.505233764648438,70.28910827636719,0.0,0.5,1.0
118,65,-16.38330841064453,3610.68994140625,0.0,0.0,0.5
118,66,-13.436895370483398,88.14341735839844,0.6666666865348816,0.6666666865348816,0.6666666865348816
118,67,-20.95122528076172,35440.578125,0.0,0.0,0.0
118,68,-10.892553329467773,37.74492263793945,0.3333333432674408,0.6666666865348816,0.6666666865348816
118,69,-10.834908485412598,225.30482482910156,0.0,0.5,1.0
118,70,-16.907615661621094,68.50480651855469,0.0,0.5,0.75
118,71,-5.89657735824585,19.073284149169922,0.5,0.5,1.0
119,0,-6.5126800537109375,25.954370498657227,0.5,0.5,1.0
119,1,-4.184604644775391,8.10354995727539,0.5,1.0,1.0
119,2,-8.913434028625488,19.514244079589844,0.6666666865348816,0.6666666865348816,0.6666666865348816
119,3,-17.693763732910156,6952.67626953125,0.0,0.0,0.0
119,4,-19.784170150756836,19773.24609375,0.0,0.0,0.5
119,5,-13.449752807617188,88.5219955444336,0.3333333432674408,0.6666666865348816,0.6666666865348816
119,6,-32.587867736816406,228.44859313964844,0.5,0.6666666865348816,0.6666666865348816
119,7,-4.596643447875977,4.628415107727051,0.3333333432674408,1.0,1.0
119,8,-29.59565544128418,1634.20849609375,0.25,0.25,0.5
119,9,-18.329017639160156,450.1912841796875,0.0,0.3333333432674408,0.6666666865348816
119,10,-12.757231712341309,24.271623611450195,0.25,0.75,1.0
119,11,-16.709306716918945,10.881278038024902,0.4285714626312256,0.8571429252624512,0.8571429252624512
119,12,-13.050904273986816,682.2882080078125,0.5,0.5,0.5
119,13,-7.895687103271484,7.198853492736816,0.75,0.75,0.75
119,14,-18.90842628479004,12761.8203125,0.0,0.0,0.5
119,15,-10.12467098236084,29.221078872680664,0.3333333432674408,0.6666666865348816,0.6666666865348816
119,16,-5.46251106262207,15.352149963378906,0.5,0.5,1.0
119,17,-4.879871368408203,11.47230339050293,0.5,1.0,1.0
119,18,-3.393080711364746,5.455042362213135,0.5,1.0,1.0
119,19,-7.462169170379639,12.02983570098877,0.3333333432674408,0.6666666865348816,1.0
119,20,-7.118749618530273,1234.9053955078125,0.0,0.0,0.0
119,21,-25.74087905883789,388651.96875,0.0,0.0,0.0
119,22,-25.61896514892578,24.590757369995117,0.25,0.625,0.875
119,23,-10.664905548095703,206.9449462890625,0.5,0.5,0.5
119,24,-6.2178449630737305,22.39689826965332,0.5,0.5,1.0
119,25,-15.763463973999023,191.42344665527344,0.0,0.3333333432674408,1.0
119,26,-4.788211822509766,10.958395957946777,0.5,1.0,1.0
119,27,-7.107593059539795,34.94573974609375,0.0,1.0,1.0
119,28,-4.55698299407959,9.761943817138672,0.5,1.0,1.0
119,29,-9.160924911499023,97.55950164794922,0.0,0.5,1.0
119,30,-3.458686351776123,31.77520751953125,0.0,1.0,1.0
119,31,-10.082980155944824,5.368221759796143,0.5,0.8333333730697632,1.0
119,32,-2.3308258056640625,2.174811363220215,0.6666666865348816,1.0,1.0
119,33,-18.13818359375,8682.734375,0.0,0.0,0.5
119,34,-12.545963287353516,8.092954635620117,0.6666666865348816,0.8333333730697632,1.0
119,35,-6.338173866271973,23.785757064819336,0.5,0.5,1.0
119,36,-7.5718560218811035,44.07655334472656,0.5,0.5,0.5
119,37,-11.438297271728516,4.177810192108154,0.75,0.875,1.0
119,38,-6.8084564208984375,5.485531806945801,0.75,1.0,1.0
119,39,-13.44765567779541,831.9961547851562,0.5,0.5,0.5
119,40,-16.416515350341797,3671.140625,0.0,0.5,0.5
119,41,-22.62950897216797,16.923254013061523,0.375,0.75,0.875
119,42,-5.8440375328063965,7.014732360839844,0.3333333432674408,1.0,1.0
119,43,-12.7066650390625,23.966720581054688,0.5,0.75,1.0
119,44,-19.410934448242188,128.09007263183594,0.0,0.5,0.75
119,45,-9.759993553161621,131.63023376464844,0.0,0.5,0.5
119,46,-10.26440143585205,30.614294052124023,0.6666666865348816,0.6666666865348816,0.6666666865348816
119,47,-9.382438659667969,22.8164005279541,0.6666666865348816,0.6666666865348816,0.6666666865348816
119,48,-13.897294044494629,10.137239456176758,0.3333333432674408,0.8333333730697632,1.0
119,49,-2.5740151405334473,1.6733089685440063,0.800000011920929,1.0,1.0
119,50,-2.5369718074798584,3.5554652214050293,0.5,1.0,1.0
119,51,-20.019535064697266,28.12303924560547,0.3333333432674408,0.8333333730697632,0.8333333730697632
119,52,-10.373307228088379,178.8689727783203,0.5,0.5,0.5
119,53,-7.446027755737305,11.965280532836914,0.3333333432674408,1.0,1.0
119,54,-10.082945823669434,7.512657165527344,0.6000000238418579,0.800000011920929,1.0
119,55,-11.510408401489258,17.771608352661133,0.25,0.75,1.0
119,56,-13.13266372680664,79.64302062988281,0.0,0.6666666865348816,1.0
119,57,-9.26247787475586,10.131196975708008,0.5,0.75,1.0
119,58,-18.804519653320312,527.5128173828125,0.0,0.3333333432674408,0.3333333432674408
119,59,-6.579658031463623,8.96402645111084,0.6666666865348816,0.6666666865348816,1.0
119,60,-9.28778076171875,10.195487022399902,0.5,1.0,1.0
119,61,-13.300615310668945,773.0220947265625,0.0,0.5,0.5
119,62,-9.301979064941406,10.231741905212402,0.25,0.75,1.0
119,63,-5.908602237701416,19.188308715820312,0.5,0.5,1.0
119,64,-8.501689910888672,70.1646728515625,0.0,0.5,1.0
119,65,-16.34817886352539,3547.822998046875,0.0,0.0,0.5
119,66,-13.414504051208496,87.48797607421875,0.6666666865348816,0.6666666865348816,0.6666666865348816
119,67,-20.905029296875,34631.3515625,0.0,0.0,0.0
119,68,-10.805732727050781,36.668235778808594,0.3333333432674408,0.6666666865348816,0.6666666865348816
119,69,-10.880001068115234,230.44232177734375,0.0,0.5,1.0
119,70,-16.90688133239746,68.49223327636719,0.0,0.75,0.75
119,71,-5.871217727661133,18.832965850830078,0.5,0.5,1.0
120,0,-6.527692794799805,26.149927139282227,0.5,0.5,1.0
120,1,-4.174839496612549,8.064081192016602,0.5,1.0,1.0
120,2,-8.830597877502441,18.9827880859375,0.6666666865348816,0.6666666865348816,0.6666666865348816
120,3,-17.780895233154297,7262.26904296875,0.0,0.0,0.0
120,4,-19.718168258666992,19131.359375,0.0,0.0,0.5
120,5,-13.384267807006836,86.6106185913086,0.3333333432674408,0.6666666865348816,0.6666666865348816
120,6,-32.5556526184082,227.22528076171875,0.5,0.6666666865348816,0.6666666865348816
120,7,-4.509418487548828,4.495781421661377,0.3333333432674408,1.0,1.0
120,8,-29.684356689453125,1670.852294921875,0.25,0.25,0.5
120,9,-18.362823486328125,455.2929992675781,0.0,0.3333333432674408,0.6666666865348816
120,10,-12.647841453552246,23.61684799194336,0.25,0.75,1.0
120,11,-16.774044036865234,10.982378005981445,0.4285714626312256,0.8571429252624512,0.8571429252624512
120,12,-12.990478515625,661.9826049804688,0.5,0.5,0.5
120,13,-7.867700576782227,7.148662090301514,0.75,0.75,0.75
120,14,-18.918996810913086,12829.447265625,0.0,0.0,0.5
120,15,-10.122511863708496,29.200054168701172,0.3333333432674408,0.6666666865348816,0.6666666865348816
120,16,-5.410622596740723,14.958972930908203,0.5,0.5,1.0
120,17,-4.884389877319336,11.498251914978027,0.5,1.0,1.0
120,18,-3.457042932510376,5.632320404052734,0.5,1.0,1.0
120,19,-7.373302459716797,11.678709030151367,0.3333333432674408,0.6666666865348816,1.0
120,20,-7.159324645996094,1286.0421142578125,0.0,0.0,0.0
120,21,-25.749351501464844,390301.875,0.0,0.0,0.0
120,22,-25.484901428222656,24.182100296020508,0.25,0.625,0.875
120,23,-10.638439178466797,204.2244415283203,0.5,0.5,0.5
120,24,-6.199418067932129,22.191492080688477,0.5,0.5,1.0
120,25,-15.796404838562012,193.53689575195312,0.0,0.3333333432674408,1.0
120,26,-4.807426929473877,11.064186096191406,0.5,1.0,1.0
120,27,-7.069994926452637,34.29492950439453,0.0,1.0,1.0
120,28,-4.454106330871582,9.272500991821289,0.5,1.0,1.0
120,29,-9.205824851989746,99.77448272705078,0.0,0.5,1.0
120,30,-3.414888858795166,30.41356658935547,0.0,1.0,1.0
120,31,-10.015571594238281,5.308248519897461,0.5,0.8333333730697632,1.0
120,32,-2.3184006214141846,2.165822744369507,0.6666666865348816,1.0,1.0
120,33,-18.202472686767578,8966.37109375,0.0,0.0,0.5
120,34,-12.512873649597168,8.048445701599121,0.6666666865348816,0.8333333730697632,1.0
120,35,-6.326053142547607,23.64204216003418,0.5,0.5,1.0
120,36,-7.605550765991211,44.82542037963867,0.5,0.5,0.5
120,37,-11.506014823913574,4.213324069976807,0.75,0.875,1.0
120,38,-6.733683109283447,5.383942127227783,0.75,1.0,1.0
120,39,-13.455779075622559,835.3823852539062,0.5,0.5,0.5
120,40,-16.39358901977539,3629.2978515625,0.0,0.5,0.5
120,41,-22.558122634887695,16.772912979125977,0.375,0.75,0.875
120,42,-5.711512565612793,6.711601257324219,0.3333333432674408,1.0,1.0
120,43,-12.654007911682129,23.653284072875977,0.5,0.75,1.0
120,44,-19.405166625976562,127.9054946899414,0.0,0.5,0.75
120,45,-9.713678359985352,128.6170196533203,0.0,0.5,0.5
120,46,-10.0818452835083,28.806901931762695,0.6666666865348816,0.6666666865348816,0.6666666865348816
120,47,-9.368510246276855,22.71071434020996,0.6666666865348816,0.6666666865348816,0.6666666865348816
120,48,-13.80234432220459,9.978079795837402,0.3333333432674408,0.8333333730697632,1.0
120,49,-2.4846274852752686,1.643660068511963,0.800000011920929,1.0,1.0
120,50,-2.5287723541259766,3.5409185886383057,0.5,1.0,1.0
120,51,-19.976242065429688,27.920846939086914,0.3333333432674408,0.8333333730697632,0.8333333730697632
120,52,-10.303051948547363,172.69480895996094,0.5,0.5,0.5
120,53,-7.462581634521484,12.031487464904785,0.3333333432674408,1.0,1.0
120,54,-10.14017105102539,7.599133491516113,0.6000000238418579,0.800000011920929,1.0
120,55,-11.692574501037598,18.599666595458984,0.25,0.75,1.0
120,56,-13.208063125610352,81.6700668334961,0.0,0.3333333432674408,1.0
120,57,-9.138551712036133,9.822129249572754,0.5,0.75,1.0
120,58,-18.71518325805664,512.03564453125,0.0,0.3333333432674408,0.3333333432674408
120,59,-6.584444522857666,8.978339195251465,0.6666666865348816,0.6666666865348816,1.0
120,60,-9.196575164794922,9.965645790100098,0.5,1.0,1.0
120,61,-13.344871520996094,790.3182983398438,0.0,0.5,0.5
120,62,-9.207895278930664,9.993888854980469,0.25,0.75,1.0
120,63,-5.887080192565918,18.982929229736328,0.5,0.5,1.0
120,64,-8.40466022491455,66.84190368652344,0.0,0.5,1.0
120,65,-16.305938720703125,3473.6787109375,0.0,0.0,0.5
120,66,-13.303356170654297,84.30591583251953,0.6666666865348816,0.6666666865348816,0.6666666865348816
120,67,-20.85934829711914,33849.3203125,0.0,0.0,0.0
120,68,-10.897457122802734,37.80667495727539,0.3333333432674408,0.6666666865348816,0.6666666865348816
120,69,-10.747777938842773,215.70008850097656,0.0,0.5,1.0
120,70,-16.9879150390625,69.89392852783203,0.0,0.5,0.75
120,71,-5.869877338409424,18.820348739624023,0.5,0.5,1.0
121,0,-6.500195026397705,25.79285430908203,0.5,0.5,1.0
121,1,-4.180775165557861,8.088048934936523,0.5,1.0,1.0
121,2,-8.85394287109375,19.131080627441406,0.6666666865348816,0.6666666865348816,0.6666666865348816
121,3,-17.756410598754883,7173.904296875,0.0,0.0,0.0
121,4,-19.685335159301758,18819.853515625,0.0,0.0,0.5
121,5,-13.439412117004395,88.2173843383789,0.3333333432674408,0.6666666865348816,0.6666666865348816
121,6,-32.449188232421875,223.22894287109375,0.5,0.6666666865348816,0.6666666865348816
121,7,-4.5673933029174805,4.583507061004639,0.3333333432674408,1.0,1.0
121,8,-29.523391723632812,1604.9500732421875,0.25,0.25,0.5
121,9,-18.396896362304688,460.49359130859375,0.0,0.3333333432674408,0.6666666865348816
121,10,-12.695808410644531,23.90176010131836,0.25,0.75,1.0
121,11,-16.790599822998047,11.008382797241211,0.4285714626312256,0.8571429252624512,0.8571429252624512
121,12,-13.055421829223633,683.8310546875,0.5,0.5,0.5
121,13,-7.912965297698975,7.230016708374023,0.75,0.75,0.75
121,14,-18.99675750732422,13338.0849609375,0.0,0.0,0.5
121,15,-10.203140258789062,29.995481491088867,0.3333333432674408,0.6666666865348816,0.6666666865348816
121,16,-5.36279296875,14.605476379394531,0.5,0.5,1.0
121,17,-4.902996063232422,11.605719566345215,0.5,1.0,1.0
121,18,-3.3845207691192627,5.431744575500488,0.5,1.0,1.0
121,19,-7.408997058868408,11.818496704101562,0.3333333432674408,0.6666666865348816,1.0
121,20,-7.158858299255371,1285.4425048828125,0.0,0.0,0.0
121,21,-25.793922424316406,399097.5625,0.0,0.0,0.0
121,22,-25.44513702392578,24.06220054626465,0.25,0.625,0.875
121,23,-10.650398254394531,205.44927978515625,0.5,0.5,0.5
121,24,-6.219149589538574,22.411514282226562,0.5,0.5,1.0
121,25,-15.891843795776367,199.7928924560547,0.0,0.3333333432674408,1.0
121,26,-4.802972316741943,11.039570808410645,0.5,1.0,1.0
121,27,-7.133430480957031,35.40011978149414,0.0,1.0,1.0
121,28,-4.576340198516846,9.856884002685547,0.5,1.0,1.0
121,29,-9.185445785522461,98.76298522949219,0.0,0.5,1.0
121,30,-3.3842906951904297,29.497060775756836,0.0,1.0,1.0
121,31,-10.079639434814453,5.365233421325684,0.5,0.8333333730697632,1.0
121,32,-2.3015053272247314,2.1536593437194824,0.6666666865348816,1.0,1.0
121,33,-18.1027889251709,8530.4248046875,0.0,0.0,0.5
121,34,-12.507720947265625,8.041537284851074,0.6666666865348816,0.8333333730697632,1.0
121,35,-6.325528144836426,23.63583755493164,0.5,0.5,1.0
121,36,-7.592301368713379,44.529441833496094,0.5,0.5,0.5
121,37,-11.438911437988281,4.178130626678467,0.75,0.875,1.0
121,38,-6.742156028747559,5.395358562469482,0.75,1.0,1.0
121,39,-13.421645164489746,821.2459106445312,0.5,0.5,0.5
121,40,-16.383237838745117,3610.562744140625,0.0,0.5,0.5
121,41,-22.555089950561523,16.766557693481445,0.375,0.75,0.875
121,42,-5.757628440856934,6.815568447113037,0.6666666865348816,1.0,1.0
121,43,-12.732746124267578,24.123502731323242,0.5,0.75,1.0
121,44,-19.396198272705078,127.6190414428711,0.0,0.5,0.75
121,45,-9.686301231384277,126.86843872070312,0.0,0.5,0.5
121,46,-10.130205154418945,29.2750301361084,0.6666666865348816,0.6666666865348816,0.6666666865348816
121,47,-9.406397819519043,22.99934959411621,0.6666666865348816,0.6666666865348816,0.6666666865348816
121,48,-13.921630859375,10.178439140319824,0.3333333432674408,0.6666666865348816,1.0
121,49,-2.5994205474853516,1.6818327903747559,0.800000011920929,1.0,1.0
121,50,-2.5028204917907715,3.4952688217163086,0.5,1.0,1.0
121,51,-19.996185302734375,28.013813018798828,0.3333333432674408,0.8333333730697632,0.8333333730697632
121,52,-10.35670280456543,177.39012145996094,0.5,0.5,0.5
121,53,-7.473992824554443,12.077339172363281,0.3333333432674408,1.0,1.0
121,54,-10.069046974182129,7.49180269241333,0.6000000238418579,0.800000011920929,1.0
121,55,-11.683832168579102,18.559059143066406,0.25,0.75,1.0
121,56,-13.182113647460938,80.96668243408203,0.0,0.3333333432674408,1.0
121,57,-9.18106460571289,9.927078247070312,0.5,0.75,1.0
121,58,-18.731964111328125,514.9078979492188,0.0,0.3333333432674408,0.3333333432674408
121,59,-6.661472797393799,9.211852073669434,0.6666666865348816,0.6666666865348816,1.0
121,60,-9.305188179016113,10.23995304107666,0.5,1.0,1.0
121,61,-13.267971992492676,760.5075073242188,0.0,0.5,0.5
121,62,-9.332658767700195,10.31052017211914,0.25,0.75,1.0
121,63,-5.863228797912598,18.757888793945312,0.5,0.5,1.0
121,64,-8.437055587768555,67.93340301513672,0.0,0.5,1.0
121,65,-16.367412567138672,3582.1064453125,0.0,0.0,0.5
121,66,-13.498632431030273,89.97610473632812,0.6666666865348816,0.6666666865348816,0.6666666865348816
121,67,-20.873985290527344,34097.953125,0.0,0.0,0.0
121,68,-10.914957046508789,38.02785873413086,0.3333333432674408,0.6666666865348816,0.6666666865348816
121,69,-10.834463119506836,225.25465393066406,0.0,0.5,1.0
121,70,-16.985849380493164,69.85784912109375,0.0,0.75,0.75
121,71,-5.857418537139893,18.703474044799805,0.5,0.5,1.0
122,0,-6.459583759307861,25.274396896362305,0.5,0.5,1.0
122,1,-4.174798965454102,8.063918113708496,0.5,1.0,1.0
122,2,-8.847304344177246,19.088794708251953,0.6666666865348816,0.6666666865348816,0.6666666865348816
122,3,-17.71166229248047,7015.1767578125,0.0,0.0,0.0
122,4,-19.697078704833984,18930.68359375,0.0,0.0,0.5
122,5,-13.398089408874512,87.01057434082031,0.3333333432674408,0.6666666865348816,0.6666666865348816
122,6,-32.55678176879883,227.26808166503906,0.5,0.6666666865348816,0.6666666865348816
122,7,-4.606344223022461,4.643405437469482,0.3333333432674408,1.0,1.0
122,8,-29.49816131591797,1594.858642578125,0.25,0.25,0.5
122,9,-18.36358070373535,455.4078674316406,0.0,0.3333333432674408,0.6666666865348816
122,10,-12.793243408203125,24.491125106811523,0.25,0.75,1.0
122,11,-16.737974166870117,10.925934791564941,0.4285714626312256,0.8571429252624512,0.8571429252624512
122,12,-12.922059059143066,639.7193603515625,0.5,0.5,0.5
122,13,-7.841835975646973,7.10258674621582,0.75,0.75,0.75
122,14,-18.88772201538086,12630.388671875,0.0,0.0,0.5
122,15,-10.140023231506348,29.37099838256836,0.3333333432674408,0.6666666865348816,0.6666666865348816
122,16,-5.415652751922607,14.996644020080566,0.5,0.5,1.0
122,17,-4.865028381347656,11.387476921081543,0.5,1.0,1.0
122,18,-3.3832812309265137,5.428379058837891,0.5,1.0,1.0
122,19,-7.384521961212158,11.722468376159668,0.3333333432674408,0.6666666865348816,1.0
122,20,-7.121878623962402,1238.7755126953125,0.0,0.0,0.0
122,21,-25.784725189208984,397266.46875,0.0,0.0,0.0
122,22,-25.509841918945312,24.257606506347656,0.25,0.625,0.875
122,23,-10.738574981689453,214.7098388671875,0.5,0.5,0.5
122,24,-6.1958417892456055,22.15184783935547,0.5,0.5,1.0
122,25,-15.826107025146484,195.46261596679688,0.0,0.3333333432674408,1.0
122,26,-4.808355808258057,11.069326400756836,0.5,1.0,1.0
122,27,-7.150321006774902,35.700347900390625,0.0,1.0,1.0
122,28,-4.542868614196777,9.693293571472168,0.5,1.0,1.0
122,29,-9.166702270507812,97.84172821044922,0.0,0.5,1.0
122,30,-3.419490337371826,30.5538387298584,0.0,1.0,1.0
122,31,-10.056283950805664,5.34438943862915,0.5,0.8333333730697632,1.0
122,32,-2.269073486328125,2.130502462387085,0.6666666865348816,1.0,1.0
122,33,-18.080650329589844,8436.51953125,0.0,0.0,0.5
122,34,-12.436331748962402,7.946423530578613,0.6666666865348816,0.8333333730697632,1.0
122,35,-6.333869457244873,23.734619140625,0.5,0.5,1.0
122,36,-7.604527473449707,44.802490234375,0.5,0.5,0.5
122,37,-11.423555374145508,4.17011833190918,0.75,0.875,1.0
122,38,-6.8210015296936035,5.502763271331787,0.75,1.0,1.0
122,39,-13.503315925598145,855.4759521484375,0.5,0.5,0.5
122,40,-16.414913177490234,3668.200927734375,0.0,0.5,0.5
122,41,-22.56470489501953,16.786720275878906,0.375,0.75,0.875
122,42,-5.795685291290283,6.902579307556152,0.3333333432674408,1.0,1.0
122,43,-12.73414134979248,24.13191795349121,0.5,0.75,1.0
122,44,-19.382349014282227,127.17794036865234,0.0,0.5,0.75
122,45,-9.68161392211914,126.57144927978516,0.0,0.5,0.5
122,46,-10.115315437316895,29.130094528198242,0.6666666865348816,0.6666666865348816,0.6666666865348816
122,47,-9.384736061096191,22.833881378173828,0.6666666865348816,0.6666666865348816,0.6666666865348816
122,48,-13.967384338378906,10.256353378295898,0.3333333432674408,0.6666666865348816,1.0
122,49,-2.583098888397217,1.676351547241211,0.800000011920929,1.0,1.0
122,50,-2.5431835651397705,3.5665252208709717,0.5,1.0,1.0
122,51,-20.07500648498535,28.38425064086914,0.3333333432674408,0.8333333730697632,0.8333333730697632
122,52,-10.3432035446167,176.19683837890625,0.5,0.5,0.5
122,53,-7.413944244384766,11.83799934387207,0.3333333432674408,1.0,1.0
122,54,-10.06713581085205,7.488940238952637,0.6000000238418579,0.800000011920929,1.0
122,55,-11.648735046386719,18.396928787231445,0.25,0.75,1.0
122,56,-13.217733383178711,81.93374633789062,0.0,0.3333333432674408,1.0
122,57,-9.259160995483398,10.122798919677734,0.5,0.75,1.0
122,58,-18.69918441772461,509.312255859375,0.0,0.3333333432674408,0.3333333432674408
122,59,-6.704766750335693,9.345754623413086,0.6666666865348816,0.6666666865348816,1.0
122,60,-9.144179344177246,9.835958480834961,0.5,1.0,1.0
122,61,-13.21435260772705,740.3894653320312,0.0,0.5,0.5
122,62,-9.333467483520508,10.312604904174805,0.25,0.75,1.0
122,63,-5.917842864990234,19.27716827392578,0.5,0.5,1.0
122,64,-8.421886444091797,67.42010498046875,0.0,0.5,1.0
122,65,-16.342132568359375,3537.113525390625,0.0,0.0,0.5
122,66,-13.527606964111328,90.84933471679688,0.6666666865348816,0.6666666865348816,0.6666666865348816
122,67,-20.8884220123291,34344.9765625,0.0,0.0,0.0
122,68,-10.855010986328125,37.2755241394043,0.3333333432674408,0.6666666865348816,0.6666666865348816
122,69,-10.826000213623047,224.30352783203125,0.0,0.5,1.0
122,70,-16.992610931396484,69.97602844238281,0.0,0.75,0.75
122,71,-5.934196949005127,19.43544578552246,0.5,0.5,1.0
123,0,-6.472012996673584,25.431957244873047,0.5,0.5,1.0
123,1,-4.204429626464844,8.184276580810547,0.5,1.0,1.0
123,2,-8.89831829071045,19.416168212890625,0.6666666865348816,0.6666666865348816,0.6666666865348816
123,3,-17.710872650146484,7012.4072265625,0.0,0.0,0.0
123,4,-19.823312759399414,20164.044921875,0.0,0.0,0.5
123,5,-13.463415145874023,88.926025390625,0.3333333432674408,0.6666666865348816,0.6666666865348816
123,6,-32.497188568115234,225.02203369140625,0.5,0.6666666865348816,0.6666666865348816
123,7,-4.532307147979736,4.530212879180908,0.3333333432674408,1.0,1.0
123,8,-29.578134536743164,1627.06591796875,0.25,0.25,0.5
123,9,-18.42466163635254,464.7752380371094,0.0,0.3333333432674408,0.6666666865348816
123,10,-12.749698638916016,24.2259578704834,0.25,0.75,1.0
123,11,-16.79131507873535,11.009509086608887,0.4285714626312256,0.8571429252624512,0.8571429252624512
123,12,-13.066289901733398,687.55712890625,0.5,0.5,0.5
123,13,-7.844966411590576,7.108147144317627,0.75,0.75,0.75
123,14,-18.85222625732422,12408.2041015625,0.0,0.0,0.5
123,15,-10.17463493347168,29.711822509765625,0.3333333432674408,0.6666666865348816,0.6666666865348816
123,16,-5.441793918609619,15.193944931030273,0.5,0.5,1.0
123,17,-4.861754417419434,11.368850708007812,0.5,1.0,1.0
123,18,-3.382448434829712,5.426119327545166,0.5,1.0,1.0
123,19,-7.420929908752441,11.865598678588867,0.3333333432674408,0.6666666865348816,1.0
123,20,-7.171439170837402,1301.7166748046875,0.0,0.0,0.0
123,21,-25.78078842163086,396485.28125,0.0,0.0,0.0
123,22,-25.572723388671875,24.449026107788086,0.25,0.625,0.875
123,23,-10.697416305541992,210.33641052246094,0.5,0.5,0.5
123,24,-6.188467025756836,22.070314407348633,0.5,0.5,1.0
123,25,-15.78238582611084,192.6345977783203,0.0,0.3333333432674408,1.0
123,26,-4.8635573387146,11.379103660583496,0.5,1.0,1.0
123,27,-7.067597389221191,34.253841400146484,0.0,1.0,1.0
123,28,-4.516283988952637,9.565299987792969,0.5,1.0,1.0
123,29,-9.234498023986816,101.21520233154297,0.0,0.5,1.0
123,30,-3.4302659034729004,30.884855270385742,0.0,1.0,1.0
123,31,-9.988005638122559,5.283916473388672,0.5,0.8333333730697632,1.0
123,32,-2.296751022338867,2.1502492427825928,0.6666666865348816,1.0,1.0
123,33,-18.08885955810547,8471.2197265625,0.0,0.0,0.5
123,34,-12.48477554321289,8.010843276977539,0.6666666865348816,0.8333333730697632,1.0
123,35,-6.29105281829834,23.231901168823242,0.5,0.5,1.0
123,36,-7.5464863777160645,43.52098083496094,0.5,0.5,0.5
123,37,-11.516308784484863,4.218749046325684,0.75,0.875,1.0
123,38,-6.785128593444824,5.453633785247803,0.75,1.0,1.0
123,39,-13.502813339233398,855.260986328125,0.5,0.5,0.5
123,40,-16.335094451904297,3524.688232421875,0.0,0.5,0.5
123,41,-22.58819580078125,16.836084365844727,0.375,0.75,0.875
123,42,-5.790080547332764,6.889695167541504,0.3333333432674408,1.0,1.0
123,43,-12.710493087768555,23.989667892456055,0.5,0.75,1.0
123,44,-19.441530227661133,129.07357788085938,0.0,0.5,0.75
123,45,-9.684212684631348,126.73602294921875,0.0,0.5,0.5
123,46,-10.267754554748535,30.64853286743164,0.6666666865348816,0.6666666865348816,0.6666666865348816
123,47,-9.402554512023926,22.96990394592285,0.6666666865348816,0.6666666865348816,0.6666666865348816
123,48,-13.946531295776367,10.220769882202148,0.3333333432674408,0.8333333730697632,1.0
123,49,-2.5338797569274902,1.6599308252334595,0.800000011920929,1.0,1.0
123,50,-2.529212713241577,3.5416982173919678,0.5,1.0,1.0
123,51,-20.118793487548828,28.592151641845703,0.3333333432674408,0.6666666865348816,0.8333333730697632
123,52,-10.39902400970459,181.18380737304688,0.5,0.5,0.5
123,53,-7.4741339683532715,12.077908515930176,0.3333333432674408,1.0,1.0
123,54,-10.078123092651367,7.505413055419922,0.6000000238418579,0.800000011920929,1.0
123,55,-11.7391357421875,18.81743621826172,0.25,0.75,1.0
123,56,-13.140768051147461,79.85848999023438,0.0,0.3333333432674408,1.0
123,57,-9.206969261169434,9.991576194763184,0.5,0.75,1.0
123,58,-18.71137237548828,511.3856201171875,0.0,0.3333333432674408,0.3333333432674408
123,59,-6.645169734954834,9.161928176879883,0.6666666865348816,0.6666666865348816,1.0
123,60,-9.17832088470459,9.920271873474121,0.5,1.0,1.0
123,61,-13.328024864196777,783.6891479492188,0.0,0.5,0.5
123,62,-9.289718627929688,10.200428009033203,0.25,0.75,1.0
123,63,-5.900533676147461,19.111051559448242,0.5,0.5,1.0
123,64,-8.442394256591797,68.11498260498047,0.0,0.5,1.0
123,65,-16.291383743286133,3448.490478515625,0.0,0.0,0.5
123,66,-13.42281723022461,87.73072814941406,0.6666666865348816,0.6666666865348816,0.6666666865348816
123,67,-20.94293975830078,35294.0546875,0.0,0.0,0.0
123,68,-10.774432182312012,36.28764724731445,0.3333333432674408,0.6666666865348816,0.6666666865348816
123,69,-10.836504936218262,225.4847412109375,0.0,0.5,1.0
123,70,-16.971677780151367,69.61078643798828,0.0,0.5,0.75
123,71,-5.814799785614014,18.309131622314453,0.5,0.5,1.0
124,0,-6.56319522857666,26.61826515197754,0.5,0.5,1.0
124,1,-4.138113975524902,7.917353630065918,0.5,1.0,1.0
124,2,-8.796506881713867,18.768293380737305,0.6666666865348816,0.6666666865348816,0.6666666865348816
124,3,-17.542678833007812,6446.8017578125,0.0,0.0,0.0
124,4,-19.866310119628906,20602.23828125,0.0,0.0,0.5
124,5,-13.441363334655762,88.2747802734375,0.3333333432674408,0.6666666865348816,0.6666666865348816
124,6,-32.34553146362305,219.40560913085938,0.5,0.6666666865348816,0.6666666865348816
124,7,-4.589311599731445,4.617116928100586,0.3333333432674408,1.0,1.0
124,8,-29.481117248535156,1588.0772705078125,0.25,0.25,0.5
124,9,-18.430416107177734,465.6676330566406,0.0,0.3333333432674408,0.6666666865348816
124,10,-12.82865047454834,24.708877563476562,0.25,0.75,1.0
124,11,-16.8078670501709,11.035571098327637,0.4285714626312256,0.8571429252624512,0.8571429252624512
124,12,-12.997830390930176,664.4204711914062,0.5,0.5,0.5
124,13,-7.856595993041992,7.128843784332275,0.75,0.75,0.75
124,14,-18.864978790283203,12487.5751953125,0.0,0.0,0.5
124,15,-10.17694091796875,29.734670639038086,0.3333333432674408,0.6666666865348816,0.6666666865348816
124,16,-5.409123420715332,14.947763442993164,0.5,0.5,1.0
124,17,-4.851083755493164,11.308355331420898,0.5,1.0,1.0
124,18,-3.378404378890991,5.415158748626709,0.5,1.0,1.0
124,19,-7.343010902404785,11.561379432678223,0.3333333432674408,0.6666666865348816,1.0
124,20,-7.160940170288086,1288.121337890625,0.0,0.0,0.0
124,21,-25.727373123168945,386036.28125,0.0,0.0,0.0
124,22,-25.535411834716797,24.335262298583984,0.25,0.625,0.875
124,23,-10.63339900970459,203.71041870117188,0.5,0.5,0.5
124,24,-6.19991397857666,22.196996688842773,0.5,0.5,1.0
124,25,-15.838419914245605,196.2664794921875,0.0,0.3333333432674408,1.0
124,26,-4.7603607177734375,10.806852340698242,0.5,1.0,1.0
124,27,-7.147831916809082,35.655948638916016,0.0,1.0,1.0
124,28,-4.528694152832031,9.624838829040527,0.5,1.0,1.0
124,29,-9.228790283203125,100.92676544189453,0.0,0.5,1.0
124,30,-3.384777784347534,29.511432647705078,0.0,1.0,1.0
124,31,-10.092622756958008,5.376855850219727,0.5,0.8333333730697632,1.0
124,32,-2.3183794021606445,2.1658072471618652,0.6666666865348816,1.0,1.0
124,33,-18.00723648071289,8132.4560546875,0.0,0.0,0.5
124,34,-12.497931480407715,8.028426170349121,0.6666666865348816,0.8333333730697632,1.0
124,35,-6.3254780769348145,23.635244369506836,0.5,0.5,1.0
124,36,-7.572256088256836,44.08537292480469,0.5,0.5,0.5
124,37,-11.478729248046875,4.198977947235107,0.75,0.875,1.0
124,38,-6.734201908111572,5.384640693664551,0.75,1.0,1.0
124,39,-13.444862365722656,830.8350219726562,0.5,0.5,0.5
124,40,-16.428876876831055,3693.9013671875,0.0,0.5,0.5
124,41,-22.62793731689453,16.91992950439453,0.375,0.75,0.875
124,42,-5.8552470207214355,7.040991306304932,0.3333333432674408,1.0,1.0
124,43,-12.67817497253418,23.7966251373291,0.5,0.75,1.0
124,44,-19.477615356445312,130.2432403564453,0.0,0.5,0.75
124,45,-9.68875503540039,127.0241928100586,0.0,0.5,0.5
124,46,-10.209505081176758,30.05919075012207,0.6666666865348816,0.6666666865348816,0.6666666865348816
124,47,-9.409425735473633,23.0225772857666,0.6666666865348816,0.6666666865348816,0.6666666865348816
124,48,-13.923133850097656,10.180990219116211,0.3333333432674408,0.6666666865348816,1.0
124,49,-2.603959083557129,1.683359980583191,0.800000011920929,1.0,1.0
124,50,-2.5035886764526367,3.4966115951538086,0.5,1.0,1.0
124,51,-20.053804397583008,28.284122467041016,0.3333333432674408,0.8333333730697632,0.8333333730697632
124,52,-10.352245330810547,176.99520874023438,0.5,0.5,0.5
124,53,-7.4189252853393555,11.857671737670898,0.3333333432674408,1.0,1.0
124,54,-10.168037414550781,7.641603946685791,0.6000000238418579,0.800000011920929,1.0
124,55,-11.654714584350586,18.42445182800293,0.25,0.75,1.0
124,56,-13.082923889160156,78.33345794677734,0.0,0.6666666865348816,1.0
124,57,-9.245302200317383,10.087787628173828,0.5,0.75,1.0
124,58,-18.671472549438477,504.6292724609375,0.0,0.3333333432674408,0.3333333432674408
124,59,-6.672789573669434,9.246667861938477,0.6666666865348816,0.6666666865348816,1.0
124,60,-9.214866638183594,10.011322021484375,0.5,1.0,1.0
124,61,-13.25324821472168,754.9293212890625,0.0,0.5,0.5
124,62,-9.173105239868164,9.907343864440918,0.25,0.75,1.0
124,63,-5.912126541137695,19.222150802612305,0.5,0.5,1.0
124,64,-8.510772705078125,70.48404693603516,0.0,0.5,1.0
124,65,-16.375293731689453,3596.25,0.0,0.0,0.5
124,66,-13.41191291809082,87.41246032714844,0.6666666865348816,0.6666666865348816,0.6666666865348816
124,67,-20.900131225585938,34546.64453125,0.0,0.0,0.0
124,68,-10.90487003326416,37.90020751953125,0.3333333432674408,0.6666666865348816,0.6666666865348816
124,69,-10.786568641662598,219.92449951171875,0.0,0.5,1.0
124,70,-16.989513397216797,69.92185974121094,0.0,0.5,0.75
124,71,-5.845527172088623,18.59259796142578,0.5,0.5,1.0
125,0,-6.500673770904541,25.799030303955078,0.5,0.5,1.0
125,1,-4.168672561645508,8.039254188537598,0.5,1.0,1.0
125,2,-8.8477201461792,19.09143829345703,0.6666666865348816,0.6666666865348816,0.6666666865348816
125,3,-17.717069625854492,7034.1689453125,0.0,0.0,0.0
125,4,-19.895666122436523,20906.869140625,0.0,0.0,0.5
125,5,-13.407464027404785,87.28292083740234,0.3333333432674408,0.6666666865348816,0.6666666865348816
125,6,-32.479896545410156,224.37445068359375,0.5,0.6666666865348816,0.6666666865348816
125,7,-4.62188196182251,4.66751766204834,0.3333333432674408,1.0,1.0
125,8,-29.53430938720703,1609.336669921875,0.25,0.25,0.5
125,9,-18.34585952758789,452.7256774902344,0.0,0.3333333432674408,0.6666666865348816
125,10,-12.763236999511719,24.30809211730957,0.25,0.75,1.0
125,11,-16.84135627746582,11.088495254516602,0.4285714626312256,0.8571429252624512,0.8571429252624512
125,12,-13.133852005004883,711.1802978515625,0.5,0.5,0.5
125,13,-7.8559417724609375,7.127677917480469,0.75,0.75,0.75
125,14,-18.896963119506836,12688.8828125,0.0,0.0,0.5
125,15,-10.067130088806152,28.665950775146484,0.3333333432674408,0.6666666865348816,0.6666666865348816
125,16,-5.44633150100708,15.228455543518066,0.5,0.5,1.0
125,17,-4.888948440551758,11.52448844909668,0.5,1.0,1.0
125,18,-3.456296443939209,5.630218029022217,0.5,1.0,1.0
125,19,-7.3852009773254395,11.725120544433594,0.3333333432674408,0.6666666865348816,1.0
125,20,-7.1428327560424805,1265.0068359375,0.0,0.0,0.0
125,21,-25.726158142089844,385801.8125,0.0,0.0,0.0
125,22,-25.561370849609375,24.414358139038086,0.25,0.625,0.875
125,23,-10.689573287963867,209.51318359375,0.5,0.5,0.5
125,24,-6.162966251373291,21.790695190429688,0.5,0.5,1.0
125,25,-15.813689231872559,194.6551971435547,0.0,0.3333333432674408,1.0
125,26,-4.841522216796875,11.25442123413086,0.5,1.0,1.0
125,27,-7.090366363525391,34.646034240722656,0.0,1.0,1.0
125,28,-4.535738468170166,9.658798217773438,0.5,1.0,1.0
125,29,-9.251426696777344,102.0755615234375,0.0,0.5,1.0
125,30,-3.4222376346588135,30.637895584106445,0.0,1.0,1.0
125,31,-10.104629516601562,5.3876261711120605,0.5,0.8333333730697632,1.0
125,32,-2.3057498931884766,2.1567087173461914,0.6666666865348816,1.0,1.0
125,33,-18.11260223388672,8572.3837890625,0.0,0.0,0.5
125,34,-12.57590389251709,8.133440017700195,0.6666666865348816,0.8333333730697632,1.0
125,35,-6.277641773223877,23.076641082763672,0.5,0.5,1.0
125,36,-7.652007102966309,45.878822326660156,0.5,0.5,0.5
125,37,-11.383913040161133,4.149505138397217,0.75,0.875,1.0
125,38,-6.662618637084961,5.289134979248047,0.75,1.0,1.0
125,39,-13.450541496276855,833.1975708007812,0.5,0.5,0.5
125,40,-16.328994750976562,3513.954833984375,0.0,0.5,0.5
125,41,-22.5045223236084,16.66090965270996,0.375,0.75,0.875
125,42,-5.8630523681640625,7.059334754943848,0.3333333432674408,1.0,1.0
125,43,-12.774169921875,24.374622344970703,0.5,0.75,1.0
125,44,-19.450571060180664,129.36563110351562,0.0,0.5,0.75
125,45,-9.756816864013672,131.42132568359375,0.0,0.5,0.5
125,46,-10.1943941116333,29.908161163330078,0.6666666865348816,0.6666666865348816,0.6666666865348816
125,47,-9.383299827575684,22.822952270507812,0.6666666865348816,0.6666666865348816,0.6666666865348816
125,48,-13.92686653137207,10.187325477600098,0.3333333432674408,0.6666666865348816,1.0
125,49,-2.609304428100586,1.6851606369018555,0.800000011920929,1.0,1.0
125,50,-2.5637013912200928,3.603302001953125,0.5,1.0,1.0
125,51,-20.036975860595703,28.204906463623047,0.3333333432674408,0.6666666865348816,0.8333333730697632
125,52,-10.381146430969238,179.5714569091797,0.5,0.5,0.5
125,53,-7.437282562255859,11.930453300476074,0.3333333432674408,1.0,1.0
125,54,-10.093603134155273,7.528687000274658,0.6000000238418579,0.800000011920929,1.0
125,55,-11.660351753234863,18.450435638427734,0.25,0.75,1.0
125,56,-13.264775276184082,83.22865295410156,0.0,0.3333333432674408,1.0
125,57,-9.16329574584961,9.883076667785645,0.5,0.75,1.0
125,58,-18.696533203125,508.8624572753906,0.0,0.3333333432674408,0.3333333432674408
125,59,-6.66070556640625,9.20949649810791,0.6666666865348816,0.6666666865348816,1.0
125,60,-9.280354499816895,10.176575660705566,0.5,1.0,1.0
125,61,-13.30295181274414,773.9257202148438,0.0,0.5,0.5
125,62,-9.247282981872559,10.09278392791748,0.25,0.75,1.0
125,63,-5.928433418273926,19.3795166015625,0.5,0.5,1.0
125,64,-8.443282127380371,68.14522552490234,0.0,0.5,1.0
125,65,-16.347156524658203,3546.010009765625,0.0,0.0,0.5
125,66,-13.476511001586914,89.31507873535156,0.6666666865348816,0.6666666865348816,0.6666666865348816
125,67,-20.916934967041016,34838.12109375,0.0,0.0,0.0
125,68,-10.953473091125488,38.519229888916016,0.3333333432674408,0.6666666865348816,0.6666666865348816
125,69,-10.850630760192871,227.0829620361328,0.0,0.5,1.0
125,70,-16.979999542236328,69.75575256347656,0.0,0.75,0.75
125,71,-5.889674663543701,19.007570266723633,0.5,0.5,1.0
126,0,-6.446934700012207,25.11505126953125,0.5,0.5,1.0
126,1,-4.184918403625488,8.104822158813477,0.5,1.0,1.0
126,2,-8.873504638671875,19.256235122680664,0.6666666865348816,0.6666666865348816,0.6666666865348816
126,3,-17.76194953918457,7193.7998046875,0.0,0.0,0.0
126,4,-19.740934371948242,19350.376953125,0.0,0.0,0.5
126,5,-13.363990783691406,86.0272216796875,0.3333333432674408,0.6666666865348816,0.6666666865348816
126,6,-32.39161682128906,221.0973358154297,0.5,0.6666666865348816,0.6666666865348816
126,7,-4.56208610534668,4.575405597686768,0.3333333432674408,1.0,1.0
126,8,-29.481063842773438,1588.05615234375,0.25,0.25,0.5
126,9,-18.422739028930664,464.47747802734375,0.0,0.3333333432674408,0.6666666865348816
126,10,-12.770593643188477,24.35283851623535,0.25,0.75,1.0
126,11,-16.709880828857422,10.882170677185059,0.4285714626312256,0.8571429252624512,0.8571429252624512
126,12,-13.12149429321289,706.799560546875,0.5,0.5,0.5
126,13,-7.831190586090088,7.083709239959717,0.75,0.75,0.75
126,14,-18.984210968017578,13254.673828125,0.0,0.0,0.5
126,15,-10.13320255279541,29.304298400878906,0.3333333432674408,0.6666666865348816,0.6666666865348816
126,16,-5.4285430908203125,15.093610763549805,0.5,0.5,1.0
126,17,-4.8438825607299805,11.267711639404297,0.5,1.0,1.0
126,18,-3.4057905673980713,5.489818572998047,0.5,1.0,1.0
126,19,-7.3961944580078125,11.768166542053223,0.3333333432674408,0.6666666865348816,1.0
126,20,-7.138136386871338,1259.0797119140625,0.0,0.0,0.0
126,21,-25.69247817993164,379359.3125,0.0,0.0,0.0
126,22,-25.587543487548828,24.494361877441406,0.25,0.625,0.875
126,23,-10.76593017578125,217.66671752929688,0.5,0.5,0.5
126,24,-6.225118637084961,22.478500366210938,0.5,0.5,1.0
126,25,-15.85042667388916,197.0535430908203,0.0,0.3333333432674408,1.0
126,26,-4.890957355499268,11.536070823669434,0.5,1.0,1.0
126,27,-7.069576263427734,34.287750244140625,0.0,1.0,1.0
126,28,-4.510730743408203,9.538777351379395,0.5,1.0,1.0
126,29,-9.218503952026367,100.40900421142578,0.0,0.5,1.0
126,30,-3.395216941833496,29.821123123168945,0.0,1.0,1.0
126,31,-9.90995979309082,5.215630531311035,0.5,0.8333333730697632,1.0
126,32,-2.349823474884033,2.188627004623413,0.6666666865348816,1.0,1.0
126,33,-18.1235408782959,8619.3974609375,0.0,0.0,0.5
126,34,-12.546978950500488,8.094324111938477,0.6666666865348816,0.8333333730697632,1.0
126,35,-6.23504638671875,22.59035873413086,0.5,0.5,1.0
126,36,-7.664430141448975,46.1646842956543,0.5,0.5,0.5
126,37,-11.469310760498047,4.194037437438965,0.75,0.875,1.0
126,38,-6.742847919464111,5.396291732788086,0.75,1.0,1.0
126,39,-13.51587963104248,860.8667602539062,0.5,0.5,0.5
126,40,-16.359041213989258,3567.144287109375,0.0,0.5,0.5
126,41,-22.58114242553711,16.821247100830078,0.375,0.75,0.875
126,42,-5.826478004455566,6.9737935066223145,0.3333333432674408,1.0,1.0
126,43,-12.765094757080078,24.319381713867188,0.5,0.75,1.0
126,44,-19.493179321289062,130.7510223388672,0.0,0.5,0.75
126,45,-9.711655616760254,128.4870147705078,0.0,0.5,0.5
126,46,-10.098357200622559,28.96589469909668,0.6666666865348816,0.6666666865348816,0.6666666865348816
126,47,-9.449248313903809,23.330219268798828,0.6666666865348816,0.6666666865348816,0.6666666865348816
126,48,-13.999086380004883,10.310689926147461,0.3333333432674408,0.8333333730697632,1.0
126,49,-2.575890302658081,1.6739366054534912,0.800000011920929,1.0,1.0
126,50,-2.5630264282226562,3.602086305618286,0.5,1.0,1.0
126,51,-20.048242568969727,28.257917404174805,0.3333333432674408,0.8333333730697632,0.8333333730697632
126,52,-10.371581077575684,178.71466064453125,0.5,0.5,0.5
126,53,-7.44883394241333,11.976479530334473,0.3333333432674408,1.0,1.0
126,54,-10.174180030822754,7.650997638702393,0.6000000238418579,0.800000011920929,1.0
126,55,-11.677037239074707,18.527559280395508,0.25,0.75,1.0
126,56,-13.132537841796875,79.63967895507812,0.0,0.3333333432674408,1.0
126,57,-9.154430389404297,9.861197471618652,0.5,0.75,1.0
126,58,-18.64973258972168,500.9856872558594,0.0,0.3333333432674408,0.3333333432674408
126,59,-6.6383843421936035,9.141228675842285,0.6666666865348816,0.6666666865348816,1.0
126,60,-9.335824012756348,10.318681716918945,0.5,1.0,1.0
126,61,-13.291061401367188,769.3381958007812,0.0,0.5,0.5
126,62,-9.222126007080078,10.029507637023926,0.25,0.75,1.0
126,63,-5.932941436767578,19.423248291015625,0.5,0.5,1.0
126,64,-8.436054229736328,67.89939880371094,0.0,0.5,1.0
126,65,-16.330799102783203,3517.12646484375,0.0,0.0,0.5
126,66,-13.449148178100586,88.50414276123047,0.6666666865348816,0.6666666865348816,0.6666666865348816
126,67,-20.966283798217773,35708.42578125,0.0,0.0,0.0
126,68,-10.947103500366211,38.43753433227539,0.3333333432674408,0.6666666865348816,0.6666666865348816
126,69,-10.791097640991211,220.423095703125,0.0,0.5,1.0
126,70,-17.076725006103516,71.46309661865234,0.0,0.75,0.75
126,71,-5.771228790283203,17.914569854736328,0.5,0.5,1.0
127,0,-6.496021270751953,25.739084243774414,0.5,0.5,1.0
127,1,-4.188984394073486,8.121315956115723,0.5,1.0,1.0
127,2,-8.795411109924316,18.76144027709961,0.6666666865348816,0.6666666865348816,0.6666666865348816
127,3,-17.68520164489746,6922.974609375,0.0,0.0,0.0
127,4,-19.745891571044922,19398.3984375,0.0,0.0,0.5
127,5,-13.405203819274902,87.21719360351562,0.3333333432674408,0.6666666865348816,0.6666666865348816
127,6,-32.557579040527344,227.29832458496094,0.5,0.6666666865348816,0.6666666865348816
127,7,-4.598535060882568,4.63133430480957,0.3333333432674408,1.0,1.0
127,8,-29.581018447875977,1628.2393798828125,0.25,0.25,0.5
127,9,-18.374900817871094,457.12969970703125,0.0,0.3333333432674408,0.6666666865348816
127,10,-12.74188232421875,24.17866325378418,0.25,0.75,1.0
127,11,-16.716909408569336,10.893104553222656,0.4285714626312256,0.8571429252624512,0.8571429252624512
127,12,-13.006162643432617,667.1943359375,0.5,0.5,0.5
127,13,-7.829408168792725,7.08055305480957,0.75,0.75,0.75
127,14,-18.97220230102539,13175.326171875,0.0,0.0,0.5
127,15,-10.189748764038086,29.861881256103516,0.3333333432674408,0.6666666865348816,0.6666666865348816
127,16,-5.401168346405029,14.888426780700684,0.5,0.5,1.0
127,17,-4.850566387176514,11.305431365966797,0.5,1.0,1.0
127,18,-3.4529836177825928,5.6209001541137695,0.5,1.0,1.0
127,19,-7.393280029296875,11.756741523742676,0.3333333432674408,0.6666666865348816,1.0
127,20,-7.169022560119629,1298.57470703125,0.0,0.0,0.0
127,21,-25.739303588867188,388345.90625,0.0,0.0,0.0
127,22,-25.675212860107422,24.764263153076172,0.25,0.625,0.875
127,23,-10.601670265197754,200.5041961669922,0.5,0.5,0.5
127,24,-6.209160327911377,22.29985237121582,0.5,0.5,1.0
127,25,-15.812098503112793,194.552001953125,0.0,0.3333333432674408,1.0
127,26,-4.807371139526367,11.063878059387207,0.5,1.0,1.0
127,27,-7.117999076843262,35.12803268432617,0.0,1.0,1.0
127,28,-4.545707702636719,9.707063674926758,0.5,1.0,1.0
127,29,-9.31663990020752,105.45875549316406,0.0,0.5,1.0
127,30,-3.409503936767578,30.250234603881836,0.0,1.0,1.0
127,31,-10.075318336486816,5.361371040344238,0.5,0.8333333730697632,1.0
127,32,-2.3136134147644043,2.1623692512512207,0.6666666865348816,1.0,1.0
127,33,-18.057729721069336,8340.38671875,0.0,0.0,0.5
127,34,-12.459452629089355,7.977105140686035,0.6666666865348816,0.8333333730697632,1.0
127,35,-6.308423042297363,23.434551239013672,0.5,0.5,1.0
127,36,-7.6281538009643555,45.33488845825195,0.5,0.5,0.5
127,37,-11.401368141174316,4.158568859100342,0.75,0.875,1.0
127,38,-6.780706405639648,5.44760799407959,0.75,1.0,1.0
127,39,-13.442158699035645,829.7125854492188,0.5,0.5,0.5
127,40,-16.324947357177734,3506.850830078125,0.0,0.5,0.5
127,41,-22.614744186401367,16.892047882080078,0.375,0.75,0.875
127,42,-5.787619113922119,6.884044647216797,0.3333333432674408,1.0,1.0
127,43,-12.876148223876953,25.004030227661133,0.5,0.75,1.0
127,44,-19.44733428955078,129.26100158691406,0.0,0.5,0.75
127,45,-9.696419715881348,127.51192474365234,0.0,0.5,0.5
127,46,-10.244988441467285,30.416831970214844,0.6666666865348816,0.6666666865348816,0.6666666865348816
127,47,-9.393523216247559,22.90085792541504,0.6666666865348816,0.6666666865348816,0.6666666865348816
127,48,-13.874402046203613,10.09863567352295,0.3333333432674408,0.6666666865348816,1.0
127,49,-2.6107029914855957,1.6856321096420288,0.800000011920929,1.0,1.0
127,50,-2.546069383621216,3.5716750621795654,0.5,1.0,1.0
127,51,-20.044902801513672,28.24219512939453,0.3333333432674408,0.8333333730697632,0.8333333730697632
127,52,-10.323579788208008,174.47647094726562,0.5,0.5,0.5
127,53,-7.485598087310791,12.124151229858398,0.3333333432674408,1.0,1.0
127,54,-10.145282745361328,7.606906414031982,0.6000000238418579,0.800000011920929,1.0
127,55,-11.670028686523438,18.49512481689453,0.25,0.75,1.0
127,56,-13.269573211669922,83.36187744140625,0.0,0.3333333432674408,1.0
127,57,-9.086323738098145,9.694714546203613,0.5,0.75,1.0
127,58,-18.742290496826172,516.6834716796875,0.0,0.3333333432674408,0.3333333432674408
127,59,-6.731680870056152,9.429976463317871,0.6666666865348816,0.6666666865348816,1.0
127,60,-9.252694129943848,10.106447219848633,0.5,1.0,1.0
127,61,-13.356708526611328,795.0097045898438,0.0,0.5,0.5
127,62,-9.173761367797852,9.908968925476074,0.25,0.75,1.0
127,63,-5.908968925476074,19.19182586669922,0.5,0.5,1.0
127,64,-8.440702438354492,68.05738067626953,0.0,0.5,1.0
127,65,-16.323617935180664,3504.5205078125,0.0,0.0,0.5
127,66,-13.428855895996094,87.90753173828125,0.6666666865348816,0.6666666865348816,0.6666666865348816
127,67,-20.82427215576172,33260.84375,0.0,0.0,0.0
127,68,-10.821629524230957,36.863059997558594,0.3333333432674408,0.6666666865348816,0.6666666865348816
127,69,-10.91849136352539,234.92015075683594,0.0,0.5,1.0
127,70,-16.93997573852539,69.06126403808594,0.0,0.5,0.75
127,71,-5.8963470458984375,19.071088790893555,0.5,0.5,1.0
128,0,-6.480782508850098,25.54371452331543,0.5,0.5,1.0
128,1,-4.190455436706543,8.127291679382324,0.5,1.0,1.0
128,2,-8.828363418579102,18.96865463256836,0.6666666865348816,0.6666666865348816,0.6666666865348816
128,3,-17.89501953125,7688.7216796875,0.0,0.0,0.0
128,4,-19.9029541015625,20983.193359375,0.0,0.0,0.5
128,5,-13.37993049621582,86.48548889160156,0.3333333432674408,0.6666666865348816,0.6666666865348816
128,6,-32.34125900268555,219.2493438720703,0.5,0.6666666865348816,0.6666666865348816
128,7,-4.627890586853027,4.676875114440918,0.3333333432674408,1.0,1.0
128,8,-29.555660247802734,1617.9498291015625,0.25,0.25,0.5
128,9,-18.29342269897461,444.88128662109375,0.0,0.3333333432674408,0.6666666865348816
128,10,-12.696308135986328,23.904747009277344,0.25,0.75,1.0
128,11,-16.722021102905273,10.901062965393066,0.4285714626312256,0.8571429252624512,0.8571429252624512
128,12,-13.102374076843262,700.07470703125,0.5,0.5,0.5
128,13,-7.805278301239014,7.037968635559082,0.75,0.75,0.75
128,14,-18.90357208251953,12730.8837890625,0.0,0.0,0.5
128,15,-10.234940528869629,30.315128326416016,0.3333333432674408,0.6666666865348816,0.6666666865348816
128,16,-5.36874532699585,14.649008750915527,0.5,0.5,1.0
128,17,-4.831453800201416,11.197906494140625,0.5,1.0,1.0
128,18,-3.4287381172180176,5.553170204162598,0.5,1.0,1.0
128,19,-7.382831573486328,11.715865135192871,0.3333333432674408,0.6666666865348816,1.0
128,20,-7.141994953155518,1263.9473876953125,0.0,0.0,0.0
128,21,-25.735807418823242,387667.65625,0.0,0.0,0.0
128,22,-25.616823196411133,24.58417510986328,0.25,0.625,0.875
128,23,-10.720687866210938,212.79812622070312,0.5,0.5,0.5
128,24,-6.153773784637451,21.690771102905273,0.5,0.5,1.0
128,25,-15.860552787780762,197.71981811523438,0.0,0.3333333432674408,1.0
128,26,-4.880896091461182,11.478182792663574,0.5,1.0,1.0
128,27,-7.097651481628418,34.772464752197266,0.0,1.0,1.0
128,28,-4.590756893157959,9.928193092346191,0.5,1.0,1.0
128,29,-9.292673110961914,104.20254516601562,0.0,0.5,1.0
128,30,-3.4179916381835938,30.508081436157227,0.0,1.0,1.0
128,31,-10.137845993041992,5.417535305023193,0.5,0.8333333730697632,1.0
128,32,-2.2736799716949463,2.1337764263153076,0.6666666865348816,1.0,1.0
128,33,-18.056589126586914,8335.6318359375,0.0,0.0,0.5
128,34,-12.516636848449707,8.053494453430176,0.6666666865348816,0.8333333730697632,1.0
128,35,-6.233826637268066,22.57658576965332,0.5,0.5,1.0
128,36,-7.560474872589111,43.826446533203125,0.5,0.5,0.5
128,37,-11.462522506713867,4.1904802322387695,0.75,0.875,1.0
128,38,-6.747880935668945,5.403085708618164,0.75,1.0,1.0
128,39,-13.465715408325195,839.54296875,0.5,0.5,0.5
128,40,-16.37602996826172,3597.57421875,0.0,0.5,0.5
128,41,-22.613739013671875,16.88992691040039,0.375,0.75,0.875
128,42,-5.813048839569092,6.942646503448486,0.3333333432674408,1.0,1.0
128,43,-12.722081184387207,24.059268951416016,0.5,0.75,1.0
128,44,-19.465770721435547,129.85813903808594,0.0,0.5,0.75
128,45,-9.683521270751953,126.69222259521484,0.0,0.5,0.5
128,46,-10.165177345275879,29.618301391601562,0.6666666865348816,0.6666666865348816,0.6666666865348816
128,47,-9.410295486450195,23.029253005981445,0.6666666865348816,0.6666666865348816,0.6666666865348816
128,48,-13.82951545715332,10.023368835449219,0.3333333432674408,0.8333333730697632,1.0
128,49,-2.5962469577789307,1.6807655096054077,0.800000011920929,1.0,1.0
128,50,-2.589064598083496,3.6492886543273926,0.5,1.0,1.0
128,51,-20.168724060058594,28.83108139038086,0.3333333432674408,0.6666666865348816,0.8333333730697632
128,52,-10.322806358337402,174.4090118408203,0.5,0.5,0.5
128,53,-7.461197853088379,12.025940895080566,0.3333333432674408,1.0,1.0
128,54,-10.046279907226562,7.457766056060791,0.6000000238418579,0.800000011920929,1.0
128,55,-11.67605972290039,18.52303123474121,0.25,0.75,1.0
128,56,-13.244237899780273,82.66082763671875,0.0,0.3333333432674408,1.0
128,57,-9.24660587310791,10.091075897216797,0.5,0.75,1.0
128,58,-18.664443969726562,503.4484558105469,0.0,0.3333333432674408,0.3333333432674408
128,59,-6.63711404800415,9.137358665466309,0.6666666865348816,0.6666666865348816,1.0
128,60,-9.3146390914917,10.264175415039062,0.5,1.0,1.0
128,61,-13.342409133911133,789.3458862304688,0.0,0.5,0.5
128,62,-9.268613815307617,10.146749496459961,0.25,0.75,1.0
128,63,-5.914829254150391,19.248144149780273,0.5,0.5,1.0
128,64,-8.449836730957031,68.3689193725586,0.0,0.5,1.0
128,65,-16.354726791381836,3559.45751953125,0.0,0.0,0.5
128,66,-13.490324020385742,89.72726440429688,0.6666666865348816,0.6666666865348816,0.6666666865348816
128,67,-20.986902236938477,36078.453125,0.0,0.0,0.0
128,68,-10.869500160217285,37.45599365234375,0.3333333432674408,0.6666666865348816,0.6666666865348816
128,69,-10.93478775024414,236.84214782714844,0.0,0.5,1.0
128,70,-16.96833038330078,69.55255126953125,0.0,0.5,0.75
128,71,-5.845527648925781,18.59260368347168,0.5,0.5,1.0
129,0,-6.520712375640869,26.05881690979004,0.5,0.5,1.0
129,1,-4.169425964355469,8.042283058166504,0.5,1.0,1.0
129,2,-8.859445571899414,19.16620635986328,0.6666666865348816,0.6666666865348816,0.6666666865348816
129,3,-17.703174591064453,6985.46826171875,0.0,0.0,0.0
129,4,-19.65654754638672,18550.904296875,0.0,0.0,0.5
129,5,-13.409061431884766,87.32938385009766,0.3333333432674408,0.6666666865348816,0.6666666865348816
129,6,-32.35531997680664,219.76380920410156,0.5,0.6666666865348816,0.6666666865348816
129,7,-4.614060878753662,4.655364990234375,0.3333333432674408,1.0,1.0
129,8,-29.63313865661621,1649.5943603515625,0.25,0.25,0.5
129,9,-18.42879867553711,465.4165954589844,0.0,0.3333333432674408,0.6666666865348816
129,10,-12.824910163879395,24.6857852935791,0.25,0.75,1.0
129,11,-16.799741744995117,11.022769927978516,0.4285714626312256,0.8571429252624512,0.8571429252624512
129,12,-13.018135070800781,671.2002563476562,0.5,0.5,0.5
129,13,-7.803394317626953,7.03465461730957,0.75,0.75,0.75
129,14,-18.90764808654785,12756.85546875,0.0,0.0,0.5
129,15,-10.171332359313965,29.679126739501953,0.3333333432674408,0.6666666865348816,0.6666666865348816
129,16,-5.390538215637207,14.809503555297852,0.5,0.5,1.0
129,17,-4.912376880645752,11.660283088684082,0.5,1.0,1.0
129,18,-3.3674559593200684,5.38559627532959,0.5,1.0,1.0
129,19,-7.340802192687988,11.552870750427246,0.3333333432674408,0.6666666865348816,1.0
129,20,-7.170867443084717,1300.9725341796875,0.0,0.0,0.0
129,21,-25.60675811767578,363443.46875,0.0,0.0,0.0
129,22,-25.38652801513672,23.88656234741211,0.25,0.625,0.875
129,23,-10.721251487731934,212.8581085205078,0.5,0.5,0.5
129,24,-6.189321041107178,22.079742431640625,0.5,0.5,1.0
129,25,-15.77426815032959,192.11412048339844,0.0,0.3333333432674408,1.0
129,26,-4.874978065490723,11.444268226623535,0.5,1.0,1.0
129,27,-7.070034503936768,34.29560470581055,0.0,1.0,1.0
129,28,-4.4819416999816895,9.40245532989502,0.5,1.0,1.0
129,29,-9.240814208984375,101.53536224365234,0.0,0.5,1.0
129,30,-3.4162943363189697,30.456344604492188,0.0,1.0,1.0
129,31,-10.075655937194824,5.361672878265381,0.5,0.8333333730697632,1.0
129,32,-2.3019661903381348,2.1539902687072754,0.6666666865348816,1.0,1.0
129,33,-18.134906768798828,8668.5205078125,0.0,0.0,0.5
129,34,-12.529748916625977,8.071113586425781,0.6666666865348816,0.8333333730697632,1.0
129,35,-6.211199760437012,22.32260513305664,0.5,0.5,1.0
129,36,-7.577512741088867,44.20139694213867,0.5,0.5,0.5
129,37,-11.421652793884277,4.169126987457275,0.75,0.875,1.0
129,38,-6.696081638336182,5.333568096160889,0.75,1.0,1.0
129,39,-13.467280387878418,840.2001953125,0.5,0.5,0.5
129,40,-16.348896026611328,3549.095703125,0.0,0.5,0.5
129,41,-22.51683807373047,16.68657875061035,0.375,0.75,0.875
129,42,-5.7330827713012695,6.760031700134277,0.3333333432674408,1.0,1.0
129,43,-12.821542739868164,24.66501235961914,0.5,0.75,1.0
129,44,-19.397674560546875,127.6661605834961,0.0,0.5,0.75
129,45,-9.705240249633789,128.07553100585938,0.0,0.5,0.5
129,46,-10.067381858825684,28.668357849121094,0.6666666865348816,0.6666666865348816,0.6666666865348816
129,47,-9.443325996398926,23.284208297729492,0.6666666865348816,0.6666666865348816,0.6666666865348816
129,48,-13.885997772216797,10.118171691894531,0.3333333432674408,0.8333333730697632,1.0
129,49,-2.5902140140533447,1.6787388324737549,0.800000011920929,1.0,1.0
129,50,-2.5491576194763184,3.5771944522857666,0.5,1.0,1.0
129,51,-20.039798736572266,28.218181610107422,0.3333333432674408,0.8333333730697632,0.8333333730697632
129,52,-10.384856224060059,179.90484619140625,0.5,0.5,0.5
129,53,-7.42385196685791,11.87716007232666,0.3333333432674408,1.0,1.0
129,54,-10.220769882202148,7.722621917724609,0.6000000238418579,0.800000011920929,1.0
129,55,-11.577576637268066,18.07254981994629,0.25,0.75,1.0
129,56,-13.255512237548828,82.97209167480469,0.0,0.3333333432674408,1.0
129,57,-9.071348190307617,9.658487319946289,0.5,0.75,1.0
129,58,-18.632015228271484,498.0357666015625,0.0,0.3333333432674408,0.3333333432674408
129,59,-6.671396255493164,9.242374420166016,0.6666666865348816,0.6666666865348816,1.0
129,60,-9.152685165405273,9.856895446777344,0.5,1.0,1.0
129,61,-13.381216049194336,804.8114624023438,0.0,0.5,0.5
129,62,-9.166130065917969,9.890083312988281,0.25,0.75,1.0
129,63,-5.892017841339111,19.02985191345215,0.5,0.5,1.0
129,64,-8.404647827148438,66.84148406982422,0.0,0.5,1.0
129,65,-16.30904769897461,3479.08251953125,0.0,0.0,0.5
129,66,-13.507730484008789,90.2493896484375,0.6666666865348816,0.6666666865348816,0.6666666865348816
129,67,-20.925113677978516,34980.87890625,0.0,0.0,0.0
129,68,-10.922357559204102,38.121788024902344,0.3333333432674408,0.6666666865348816,0.6666666865348816
129,69,-10.812710762023926,222.81802368164062,0.0,0.5,1.0
129,70,-16.918167114257812,68.68575286865234,0.0,0.5,0.75
129,71,-5.794715881347656,18.126192092895508,0.5,0.5,1.0
130,0,-6.506514072418213,25.87447738647461,0.5,0.5,1.0
130,1,-4.159246444702148,8.001453399658203,0.5,1.0,1.0
130,2,-8.888335227966309,19.351661682128906,0.6666666865348816,0.6666666865348816,0.6666666865348816
130,3,-17.79193878173828,7302.48095703125,0.0,0.0,0.0
130,4,-19.806447982788086,19994.728515625,0.0,0.0,0.5
130,5,-13.406858444213867,87.2652816772461,0.3333333432674408,0.6666666865348816,0.6666666865348816
130,6,-32.45968246459961,223.61973571777344,0.5,0.6666666865348816,0.6666666865348816
130,7,-4.629378795623779,4.679195880889893,0.3333333432674408,1.0,1.0
130,8,-29.635009765625,1650.3660888671875,0.25,0.25,0.5
130,9,-18.284582138061523,443.5721740722656,0.0,0.3333333432674408,0.6666666865348816
130,10,-12.708614349365234,23.978403091430664,0.25,0.75,1.0
130,11,-16.88339614868164,11.155287742614746,0.4285714626312256,0.8571429252624512,0.8571429252624512
130,12,-13.055893898010254,683.9924926757812,0.5,0.5,0.5
130,13,-7.817042350769043,7.0586981773376465,0.75,0.75,0.75
130,14,-18.947307586669922,13012.345703125,0.0,0.0,0.5
130,15,-10.222186088562012,30.1865177154541,0.3333333432674408,0.6666666865348816,0.6666666865348816
130,16,-5.413385391235352,14.97965145111084,0.5,0.5,1.0
130,17,-4.882117748260498,11.485196113586426,0.5,1.0,1.0
130,18,-3.3916966915130615,5.451268672943115,0.5,1.0,1.0
130,19,-7.33693265914917,11.537979125976562,0.3333333432674408,0.6666666865348816,1.0
130,20,-7.192162990570068,1328.974609375,0.0,0.0,0.0
130,21,-25.695724487304688,379975.59375,0.0,0.0,0.0
130,22,-25.5963077545166,24.521209716796875,0.25,0.625,0.875
130,23,-10.64087200164795,204.47300720214844,0.5,0.5,0.5
130,24,-6.143449306488037,21.579086303710938,0.5,0.5,1.0
130,25,-15.81968879699707,195.0448760986328,0.0,0.3333333432674408,1.0
130,26,-4.874600887298584,11.442111015319824,0.5,1.0,1.0
130,27,-7.219932556152344,36.964805603027344,0.0,1.0,1.0
130,28,-4.5114030838012695,9.541985511779785,0.5,1.0,1.0
130,29,-9.246633529663086,101.83122253417969,0.0,0.5,1.0
130,30,-3.37813663482666,29.31609535217285,0.0,1.0,1.0
130,31,-10.142637252807617,5.421863555908203,0.5,0.8333333730697632,1.0
130,32,-2.267238140106201,2.129199504852295,0.6666666865348816,1.0,1.0
130,33,-18.15987205505371,8777.404296875,0.0,0.0,0.5
130,34,-12.46561336517334,7.9852986335754395,0.6666666865348816,0.8333333730697632,1.0
130,35,-6.287407398223877,23.18959617614746,0.5,0.5,1.0
130,36,-7.645767688751221,45.73591613769531,0.5,0.5,0.5
130,37,-11.485286712646484,4.202421188354492,0.75,0.875,1.0
130,38,-6.72067928314209,5.366467475891113,0.75,1.0,1.0
130,39,-13.44393253326416,830.4487915039062,0.5,0.5,0.5
130,40,-16.353717803955078,3557.662353515625,0.0,0.5,0.5
130,41,-22.439207077026367,16.52543830871582,0.375,0.75,0.875
130,42,-5.769255638122559,6.842035293579102,0.3333333432674408,1.0,1.0
130,43,-12.805991172790527,24.56930160522461,0.5,0.75,1.0
130,44,-19.469669342041016,129.98477172851562,0.0,0.5,0.75
130,45,-9.701623916625977,127.84416198730469,0.0,0.5,0.5
130,46,-10.186431884765625,29.828887939453125,0.6666666865348816,0.6666666865348816,0.6666666865348816
130,47,-9.376081466674805,22.76810073852539,0.6666666865348816,0.6666666865348816,0.6666666865348816
130,48,-13.92513656616211,10.184389114379883,0.3333333432674408,0.6666666865348816,1.0
130,49,-2.609368085861206,1.6851820945739746,0.800000011920929,1.0,1.0
130,50,-2.534548759460449,3.5511603355407715,0.5,1.0,1.0
130,51,-20.112823486328125,28.563720703125,0.3333333432674408,0.6666666865348816,0.8333333730697632
130,52,-10.349343299865723,176.7385711669922,0.5,0.5,0.5
130,53,-7.345988750457764,11.572863578796387,0.3333333432674408,1.0,1.0
130,54,-10.09453296661377,7.530087471008301,0.6000000238418579,0.800000011920929,1.0
130,55,-11.650036811828613,18.402917861938477,0.25,0.75,1.0
130,56,-13.078788757324219,78.22554779052734,0.0,0.6666666865348816,1.0
130,57,-9.136685371398926,9.817547798156738,0.5,0.75,1.0
130,58,-18.690732955932617,507.87945556640625,0.0,0.3333333432674408,0.3333333432674408
130,59,-6.635165214538574,9.131423950195312,0.6666666865348816,0.6666666865348816,1.0
130,60,-9.17540454864502,9.913041114807129,0.5,1.0,1.0
130,61,-13.308488845825195,776.0713500976562,0.0,0.5,0.5
130,62,-9.196114540100098,9.964498519897461,0.25,0.75,1.0
130,63,-5.944555282592773,19.536367416381836,0.5,0.5,1.0
130,64,-8.452605247497559,68.46363067626953,0.0,0.5,1.0
130,65,-16.377880096435547,3600.903564453125,0.0,0.0,0.5
130,66,-13.527314186096191,90.8404541015625,0.6666666865348816,0.6666666865348816,0.6666666865348816
130,67,-20.883583068847656,34261.98046875,0.0,0.0,0.0
130,68,-10.873944282531738,37.51152038574219,0.3333333432674408,0.6666666865348816,0.6666666865348816
130,69,-10.82026481628418,223.6612091064453,0.0,0.5,1.0
130,70,-17.046051025390625,70.91718292236328,0.0,0.75,0.75
130,71,-5.899863243103027,19.104646682739258,0.5,0.5,1.0
131,0,-6.468554973602295,25.388023376464844,0.5,0.5,1.0
131,1,-4.204242706298828,8.183511734008789,0.5,1.0,1.0
131,2,-8.827228546142578,18.96147918701172,0.6666666865348816,0.6666666865348816,0.6666666865348816
131,3,-17.733373641967773,7091.74609375,0.0,0.0,0.0
131,4,-19.81665802001953,20097.064453125,0.0,0.0,0.5
131,5,-13.45984172821045,88.8201675415039,0.3333333432674408,0.6666666865348816,0.6666666865348816
131,6,-32.432029724121094,222.59152221679688,0.5,0.6666666865348816,0.6666666865348816
131,7,-4.565405368804932,4.580471038818359,0.3333333432674408,1.0,1.0
131,8,-29.565919876098633,1622.10498046875,0.25,0.25,0.5
131,9,-18.296892166137695,445.3962097167969,0.0,0.3333333432674408,0.6666666865348816
131,10,-12.739341735839844,24.163311004638672,0.25,0.75,1.0
131,11,-16.72039222717285,10.89852523803711,0.4285714626312256,0.8571429252624512,0.8571429252624512
131,12,-13.05044174194336,682.13037109375,0.5,0.5,0.5
131,13,-7.812319755554199,7.050368785858154,0.75,0.75,0.75
131,14,-18.95635223388672,13071.32421875,0.0,0.0,0.5
131,15,-10.181276321411133,29.77766990661621,0.3333333432674408,0.6666666865348816,0.6666666865348816
131,16,-5.427190780639648,15.083410263061523,0.5,0.5,1.0
131,17,-4.830765724182129,11.194055557250977,0.5,1.0,1.0
131,18,-3.43485164642334,5.570171356201172,0.5,1.0,1.0
131,19,-7.403042793273926,11.795062065124512,0.3333333432674408,0.6666666865348816,1.0
131,20,-7.164458274841309,1292.6611328125,0.0,0.0,0.0
131,21,-25.589588165283203,360336.65625,0.0,0.0,0.0
131,22,-25.57524871826172,24.45674705505371,0.25,0.625,0.875
131,23,-10.667441368103027,207.20750427246094,0.5,0.5,0.5
131,24,-6.177875518798828,21.953744888305664,0.5,0.5,1.0
131,25,-15.841196060180664,196.44822692871094,0.0,0.3333333432674408,1.0
131,26,-4.879839897155762,11.472123146057129,0.5,1.0,1.0
131,27,-7.12418794631958,35.236907958984375,0.0,1.0,1.0
131,28,-4.610939979553223,10.028890609741211,0.5,1.0,1.0
131,29,-9.299549102783203,104.56140899658203,0.0,0.5,1.0
131,30,-3.4626073837280273,31.90004539489746,0.0,1.0,1.0
131,31,-10.014169692993164,5.307008266448975,0.5,0.8333333730697632,1.0
131,32,-2.315777063369751,2.1639294624328613,0.6666666865348816,1.0,1.0
131,33,-18.00345230102539,8117.0830078125,0.0,0.0,0.5
131,34,-12.470796585083008,7.992201328277588,0.6666666865348816,0.8333333730697632,1.0
131,35,-6.344518184661865,23.861328125,0.5,0.5,1.0
131,36,-7.63014030456543,45.379940032958984,0.5,0.5,0.5
131,37,-11.456029891967773,4.1870808601379395,0.75,0.875,1.0
131,38,-6.7524566650390625,5.409270286560059,0.75,1.0,1.0
131,39,-13.53003978729248,866.9834594726562,0.5,0.5,0.5
131,40,-16.339733123779297,3532.87255859375,0.0,0.5,0.5
131,41,-22.702070236206055,17.07744789123535,0.375,0.75,0.875
131,42,-5.830075740814209,6.982161998748779,0.3333333432674408,1.0,1.0
131,43,-12.788814544677734,24.464025497436523,0.5,0.75,1.0
131,44,-19.493988037109375,130.77745056152344,0.0,0.5,0.75
131,45,-9.738572120666504,130.2279052734375,0.0,0.5,0.5
131,46,-10.309429168701172,31.07726287841797,0.6666666865348816,0.6666666865348816,0.6666666865348816
131,47,-9.389272689819336,22.868438720703125,0.6666666865348816,0.6666666865348816,0.6666666865348816
131,48,-13.988859176635742,10.293127059936523,0.3333333432674408,0.6666666865348816,1.0
131,49,-2.5831525325775146,1.676369547843933,0.800000011920929,1.0,1.0
131,50,-2.5595645904541016,3.5958569049835205,0.5,1.0,1.0
131,51,-20.07872772216797,28.401859283447266,0.3333333432674408,0.8333333730697632,0.8333333730697632
131,52,-10.417159080505371,182.8341827392578,0.5,0.5,0.5
131,53,-7.3597307205200195,11.625994682312012,0.3333333432674408,1.0,1.0
131,54,-10.106221199035645,7.54771089553833,0.6000000238418579,0.800000011920929,1.0
131,55,-11.700170516967773,18.635021209716797,0.25,0.75,1.0
131,56,-13.178912162780762,80.88032531738281,0.0,0.3333333432674408,1.0
131,57,-9.172035217285156,9.904694557189941,0.5,0.75,1.0
131,58,-18.668087005615234,504.0602722167969,0.0,0.3333333432674408,0.3333333432674408
131,59,-6.616996765136719,9.07629108428955,0.6666666865348816,0.6666666865348816,1.0
131,60,-9.229597091674805,10.048257827758789,0.5,1.0,1.0
131,61,-13.400760650634766,812.7149047851562,0.0,0.5,0.5
131,62,-9.255863189697266,10.114457130432129,0.25,0.75,1.0
131,63,-5.902392387390137,19.128822326660156,0.5,0.5,1.0
131,64,-8.459532737731934,68.70117950439453,0.0,0.5,1.0
131,65,-16.324560165405273,3506.172119140625,0.0,0.0,0.5
131,66,-13.479751586914062,89.41159057617188,0.6666666865348816,0.6666666865348816,0.6666666865348816
131,67,-20.97060775756836,35785.70703125,0.0,0.0,0.0
131,68,-10.911015510559082,37.97792434692383,0.3333333432674408,0.6666666865348816,0.6666666865348816
131,69,-10.881603240966797,230.62698364257812,0.0,0.5,1.0
131,70,-16.974349975585938,69.65730285644531,0.0,0.75,0.75
131,71,-5.793191432952881,18.11237907409668,0.5,0.5,1.0
132,0,-6.472177982330322,25.434053421020508,0.5,0.5,1.0
132,1,-4.198074817657471,8.158313751220703,0.5,1.0,1.0
132,2,-8.866595268249512,19.211936950683594,0.6666666865348816,0.6666666865348816,0.6666666865348816
132,3,-17.695449829101562,6958.53955078125,0.0,0.0,0.0
132,4,-19.844480514526367,20378.591796875,0.0,0.0,0.5
132,5,-13.452113151550293,88.5916748046875,0.3333333432674408,0.6666666865348816,0.6666666865348816
132,6,-32.43983840942383,222.88134765625,0.5,0.6666666865348816,0.6666666865348816
132,7,-4.611552715301514,4.651474475860596,0.3333333432674408,1.0,1.0
132,8,-29.687679290771484,1672.24072265625,0.25,0.25,0.5
132,9,-18.385601043701172,458.7630310058594,0.0,0.3333333432674408,0.6666666865348816
132,10,-12.795551300048828,24.505260467529297,0.25,0.75,1.0
132,11,-16.944089889526367,11.252431869506836,0.4285714626312256,0.8571429252624512,0.8571429252624512
132,12,-13.09865665435791,698.7747192382812,0.5,0.5,0.5
132,13,-7.797609329223633,7.0244879722595215,0.75,0.75,0.75
132,14,-18.928924560546875,12893.2900390625,0.0,0.0,0.5
132,15,-10.132146835327148,29.293987274169922,0.3333333432674408,0.6666666865348816,0.6666666865348816
132,16,-5.397411346435547,14.860485076904297,0.5,0.5,1.0
132,17,-4.884697914123535,11.500022888183594,0.5,1.0,1.0
132,18,-3.4377872943878174,5.578353404998779,0.5,1.0,1.0
132,19,-7.419833660125732,11.861262321472168,0.3333333432674408,0.6666666865348816,1.0
132,20,-7.1198554039001465,1236.2716064453125,0.0,0.0,0.0
132,21,-25.63928985595703,369403.53125,0.0,0.0,0.0
132,22,-25.506816864013672,24.248435974121094,0.25,0.625,0.875
132,23,-10.678204536437988,208.3256072998047,0.5,0.5,0.5
132,24,-6.234222412109375,22.5810546875,0.5,0.5,1.0
132,25,-15.812885284423828,194.60304260253906,0.0,0.3333333432674408,1.0
132,26,-4.841879367828369,11.25643253326416,0.5,1.0,1.0
132,27,-7.119246482849121,35.14995193481445,0.0,1.0,1.0
132,28,-4.570286750793457,9.827095031738281,0.5,1.0,1.0
132,29,-9.294442176818848,104.29476165771484,0.0,0.5,1.0
132,30,-3.4691667556762695,32.1099739074707,0.0,1.0,1.0
132,31,-10.238506317138672,5.509190559387207,0.5,0.8333333730697632,1.0
132,32,-2.3054981231689453,2.1565277576446533,0.6666666865348816,1.0,1.0
132,33,-18.085739135742188,8458.0126953125,0.0,0.0,0.5
132,34,-12.453329086303711,7.968966484069824,0.6666666865348816,0.8333333730697632,1.0
132,35,-6.299625396728516,23.331693649291992,0.5,0.5,1.0
132,36,-7.580643653869629,44.27064514160156,0.5,0.5,0.5
132,37,-11.353525161743164,4.133773326873779,0.75,0.875,1.0
132,38,-6.718814373016357,5.36396598815918,0.75,1.0,1.0
132,39,-13.57144832611084,885.120849609375,0.5,0.5,0.5
132,40,-16.3172550201416,3493.388671875,0.0,0.5,0.5
132,41,-22.665271759033203,16.99907684326172,0.375,0.75,0.875
132,42,-5.689864635467529,6.663344860076904,0.3333333432674408,1.0,1.0
132,43,-12.843894958496094,24.803226470947266,0.5,0.75,1.0
132,44,-19.344335556030273,125.97505950927734,0.0,0.5,0.75
132,45,-9.697973251342773,127.61100769042969,0.0,0.5,0.5
132,46,-10.131888389587402,29.291467666625977,0.6666666865348816,0.6666666865348816,0.6666666865348816
132,47,-9.355329513549805,22.61115074157715,0.6666666865348816,0.6666666865348816,0.6666666865348816
132,48,-13.901361465454102,10.144113540649414,0.3333333432674408,0.6666666865348816,1.0
132,49,-2.5369248390197754,1.6609419584274292,0.800000011920929,1.0,1.0
132,50,-2.5574002265930176,3.5919675827026367,0.5,1.0,1.0
132,51,-20.09029197692871,28.456653594970703,0.3333333432674408,0.8333333730697632,0.8333333730697632
132,52,-10.315241813659668,173.75059509277344,0.5,0.5,0.5
132,53,-7.423910617828369,11.877392768859863,0.3333333432674408,1.0,1.0
132,54,-10.135025024414062,7.591316223144531,0.6000000238418579,0.800000011920929,1.0
132,55,-11.630925178527832,18.31519889831543,0.25,0.75,1.0
132,56,-13.216365814208984,81.89640808105469,0.0,0.3333333432674408,1.0
132,57,-9.09492301940918,9.715579986572266,0.5,0.75,1.0
132,58,-18.67112159729004,504.5703125,0.0,0.3333333432674408,0.3333333432674408
132,59,-6.624361515045166,9.098600387573242,0.6666666865348816,0.6666666865348816,1.0
132,60,-9.257247924804688,10.117959022521973,0.5,1.0,1.0
132,61,-13.299631118774414,772.641845703125,0.0,0.5,0.5
132,62,-9.176374435424805,9.915444374084473,0.25,0.75,1.0
132,63,-5.893101215362549,19.040164947509766,0.5,0.5,1.0
132,64,-8.457230567932129,68.62214660644531,0.0,0.5,1.0
132,65,-16.355533599853516,3560.8935546875,0.0,0.0,0.5
132,66,-13.484312057495117,89.54762268066406,0.6666666865348816,0.6666666865348816,0.6666666865348816
132,67,-20.931001663208008,35084.01171875,0.0,0.0,0.0
132,68,-10.95871639251709,38.58661651611328,0.3333333432674408,0.6666666865348816,0.6666666865348816
132,69,-10.890397071838379,231.64328002929688,0.0,0.5,1.0
132,70,-17.059452056884766,71.1551742553711,0.0,0.75,0.75
132,71,-5.882769584655762,18.942058563232422,0.5,0.5,1.0
133,0,-6.513781547546387,25.968669891357422,0.5,0.5,1.0
133,1,-4.1752610206604,8.065780639648438,0.5,1.0,1.0
133,2,-8.900508880615234,19.430349349975586,0.6666666865348816,0.6666666865348816,0.6666666865348816
133,3,-17.729751586914062,7078.91455078125,0.0,0.0,0.0
133,4,-19.986373901367188,21876.908203125,0.0,0.0,0.5
133,5,-13.332316398620605,85.12371063232422,0.3333333432674408,0.6666666865348816,0.6666666865348816
133,6,-32.580848693847656,228.18153381347656,0.5,0.6666666865348816,0.6666666865348816
133,7,-4.657444000244141,4.723175525665283,0.3333333432674408,1.0,1.0
133,8,-29.575586318969727,1626.02978515625,0.25,0.25,0.5
133,9,-18.292926788330078,444.807861328125,0.0,0.3333333432674408,0.6666666865348816
133,10,-12.736724853515625,24.147510528564453,0.25,0.75,1.0
133,11,-16.89493179321289,11.173686027526855,0.4285714626312256,0.8571429252624512,0.8571429252624512
133,12,-13.12768268585205,708.9899291992188,0.5,0.5,0.5
133,13,-7.822837829589844,7.06893253326416,0.75,0.75,0.75
133,14,-19.03757667541504,13613.1064453125,0.0,0.0,0.0
133,15,-10.08882999420166,28.874053955078125,0.3333333432674408,0.6666666865348816,0.6666666865348816
133,16,-5.421797752380371,15.042791366577148,0.5,0.5,1.0
133,17,-4.837294578552246,11.230657577514648,0.5,1.0,1.0
133,18,-3.3847475051879883,5.432360649108887,0.5,1.0,1.0
133,19,-7.454906463623047,12.000746726989746,0.3333333432674408,0.6666666865348816,1.0
133,20,-7.138401985168457,1259.414306640625,0.0,0.0,0.0
133,21,-25.59395408630371,361124.15625,0.0,0.0,0.0
133,22,-25.64033317565918,24.656526565551758,0.25,0.625,0.875
133,23,-10.673151969909668,207.8000030517578,0.5,0.5,0.5
133,24,-6.169546127319336,21.862504959106445,0.5,0.5,1.0
133,25,-15.78463363647461,192.779052734375,0.0,0.3333333432674408,1.0
133,26,-4.935685634613037,11.796971321105957,0.5,1.0,1.0
133,27,-7.154903411865234,35.78224182128906,0.0,1.0,1.0
133,28,-4.5319952964782715,9.640737533569336,0.5,1.0,1.0
133,29,-9.293783187866211,104.2603988647461,0.0,0.5,1.0
133,30,-3.404348373413086,30.09467887878418,0.0,1.0,1.0
133,31,-10.151113510131836,5.42952823638916,0.5,0.8333333730697632,1.0
133,32,-2.278008460998535,2.136857271194458,0.6666666865348816,1.0,1.0
133,33,-17.92776870727539,7815.6572265625,0.0,0.0,0.5
133,34,-12.51426887512207,8.050317764282227,0.6666666865348816,0.8333333730697632,1.0
133,35,-6.305010795593262,23.39460563659668,0.5,0.5,1.0
133,36,-7.566911220550537,43.96771240234375,0.5,0.5,0.5
133,37,-11.452281951904297,4.18511962890625,0.75,0.875,1.0
133,38,-6.7201128005981445,5.3657073974609375,0.75,1.0,1.0
133,39,-13.550535202026367,875.9137573242188,0.5,0.5,0.5
133,40,-16.366886138916016,3581.1640625,0.0,0.5,0.5
133,41,-22.429166793823242,16.504711151123047,0.375,0.75,0.875
133,42,-5.777924537658691,6.86183500289917,0.3333333432674408,1.0,1.0
133,43,-12.898981094360352,25.147167205810547,0.5,0.75,1.0
133,44,-19.406713485717773,127.95496368408203,0.0,0.5,0.75
133,45,-9.718962669372559,128.95730590820312,0.0,0.5,0.5
133,46,-10.207058906555176,30.034690856933594,0.6666666865348816,0.6666666865348816,0.6666666865348816
133,47,-9.411402702331543,23.037755966186523,0.6666666865348816,0.6666666865348816,0.6666666865348816
133,48,-13.891304016113281,10.12712287902832,0.3333333432674408,0.6666666865348816,1.0
133,49,-2.538892984390259,1.6615959405899048,0.800000011920929,1.0,1.0
133,50,-2.581200361251831,3.634967565536499,0.5,1.0,1.0
133,51,-20.01573944091797,28.105255126953125,0.3333333432674408,0.8333333730697632,0.8333333730697632
133,52,-10.34514331817627,176.36781311035156,0.5,0.5,0.5
133,53,-7.428647041320801,11.896159172058105,0.3333333432674408,1.0,1.0
133,54,-10.041671752929688,7.450896739959717,0.6000000238418579,0.800000011920929,1.0
133,55,-11.689685821533203,18.586238861083984,0.25,0.75,1.0
133,56,-13.267334938049316,83.2996826171875,0.0,0.3333333432674408,1.0
133,57,-9.154125213623047,9.860445022583008,0.5,0.75,1.0
133,58,-18.635746002197266,498.6554870605469,0.0,0.3333333432674408,0.3333333432674408
133,59,-6.749316215515137,9.485573768615723,0.6666666865348816,0.6666666865348816,1.0
133,60,-9.196511268615723,9.965486526489258,0.5,1.0,1.0
133,61,-13.289815902709961,768.8593139648438,0.0,0.5,0.5
133,62,-9.238155364990234,10.069779396057129,0.25,0.75,1.0
133,63,-5.892646789550781,19.035839080810547,0.5,0.5,1.0
133,64,-8.489004135131836,69.72103881835938,0.0,0.5,1.0
133,65,-16.3346004486084,3523.81787109375,0.0,0.0,0.5
133,66,-13.473182678222656,89.21602630615234,0.6666666865348816,0.6666666865348816,0.6666666865348816
133,67,-20.947769165039062,35379.38671875,0.0,0.0,0.0
133,68,-10.949725151062012,38.47113800048828,0.3333333432674408,0.6666666865348816,0.6666666865348816
133,69,-10.874032974243164,229.7556915283203,0.0,0.5,1.0
133,70,-17.03718376159668,70.76014709472656,0.0,0.75,0.75
133,71,-5.854502201080322,18.676219940185547,0.5,0.5,1.0
134,0,-6.529587268829346,26.17470932006836,0.5,0.5,1.0
134,1,-4.204115390777588,8.182991027832031,0.5,1.0,1.0
134,2,-8.875673294067383,19.270160675048828,0.6666666865348816,0.6666666865348816,0.6666666865348816
134,3,-17.54114532470703,6441.8603515625,0.0,0.0,0.0
134,4,-19.748136520385742,19420.185546875,0.0,0.0,0.5
134,5,-13.35360050201416,85.72975158691406,0.3333333432674408,0.6666666865348816,0.6666666865348816
134,6,-32.42526626586914,222.3407440185547,0.5,0.6666666865348816,0.6666666865348816
134,7,-4.507898330688477,4.493503570556641,0.3333333432674408,1.0,1.0
134,8,-29.645057678222656,1654.5169677734375,0.25,0.25,0.5
134,9,-18.41097068786621,462.6589050292969,0.0,0.3333333432674408,0.6666666865348816
134,10,-12.70760726928711,23.972368240356445,0.25,0.75,1.0
134,11,-16.761722564697266,10.96306324005127,0.4285714626312256,0.8571429252624512,0.8571429252624512
134,12,-13.04639720916748,680.7523193359375,0.5,0.5,0.5
134,13,-7.797213554382324,7.0237932205200195,0.75,0.75,0.75
134,14,-18.891979217529297,12657.302734375,0.0,0.0,0.5
134,15,-10.117182731628418,29.148235321044922,0.3333333432674408,0.6666666865348816,0.6666666865348816
134,16,-5.371584415435791,14.669818878173828,0.5,0.5,1.0
134,17,-4.813983917236328,11.100519180297852,0.5,1.0,1.0
134,18,-3.3875997066497803,5.440113067626953,0.5,1.0,1.0
134,19,-7.399320602416992,11.780436515808105,0.3333333432674408,0.6666666865348816,1.0
134,20,-7.11616325378418,1231.715576171875,0.0,0.0,0.0
134,21,-25.653949737548828,372121.1875,0.0,0.0,0.0
134,22,-25.580293655395508,24.47217559814453,0.25,0.625,0.875
134,23,-10.648798942565918,205.28504943847656,0.5,0.5,0.5
134,24,-6.201973915100098,22.21986961364746,0.5,0.5,1.0
134,25,-15.8090181350708,194.35238647460938,0.0,0.3333333432674408,1.0
134,26,-4.831333160400391,11.19723129272461,0.5,1.0,1.0
134,27,-7.072286605834961,34.33424758911133,0.0,1.0,1.0
134,28,-4.525547981262207,9.609709739685059,0.5,1.0,1.0
134,29,-9.243175506591797,101.65530395507812,0.0,0.5,1.0
134,30,-3.463921070098877,31.941978454589844,0.0,1.0,1.0
134,31,-10.233077049255371,5.504208087921143,0.5,0.8333333730697632,1.0
134,32,-2.281806468963623,2.139564275741577,0.6666666865348816,1.0,1.0
134,33,-18.028532028198242,8219.5107421875,0.0,0.0,0.5
134,34,-12.485442161560059,8.011733055114746,0.6666666865348816,0.8333333730697632,1.0
134,35,-6.272424697875977,23.016525268554688,0.5,0.5,1.0
134,36,-7.5790114402771,44.23453140258789,0.5,0.5,0.5
134,37,-11.436909675598145,4.1770853996276855,0.75,0.875,1.0
134,38,-6.775824069976807,5.440962314605713,0.75,1.0,1.0
134,39,-13.513833045959473,859.986328125,0.5,0.5,0.5
134,40,-16.349788665771484,3550.679931640625,0.0,0.5,0.5
134,41,-22.46939468383789,16.587913513183594,0.375,0.75,0.875
134,42,-5.75754451751709,6.815377712249756,0.3333333432674408,1.0,1.0
134,43,-12.803010940551758,24.55100440979004,0.5,0.75,1.0
134,44,-19.44927978515625,129.32388305664062,0.0,0.5,0.75
134,45,-9.667061805725098,125.65385437011719,0.0,0.5,0.5
134,46,-10.313301086425781,31.11739730834961,0.6666666865348816,0.6666666865348816,0.6666666865348816
134,47,-9.390693664550781,22.879268646240234,0.6666666865348816,0.6666666865348816,0.6666666865348816
134,48,-13.959671974182129,10.243179321289062,0.3333333432674408,0.6666666865348816,1.0
134,49,-2.6367027759552,1.6944200992584229,0.800000011920929,1.0,1.0
134,50,-2.515829563140869,3.518077850341797,0.5,1.0,1.0
134,51,-20.106182098388672,28.53211784362793,0.3333333432674408,0.8333333730697632,0.8333333730697632
134,52,-10.317766189575195,173.97003173828125,0.5,0.5,0.5
134,53,-7.466484546661377,12.047150611877441,0.3333333432674408,1.0,1.0
134,54,-10.231884002685547,7.73980712890625,0.6000000238418579,0.800000011920929,1.0
134,55,-11.792580604553223,19.070547103881836,0.25,0.75,1.0
134,56,-13.187762260437012,81.11929321289062,0.0,0.3333333432674408,1.0
134,57,-9.179474830627441,9.923133850097656,0.5,0.75,1.0
134,58,-18.705352783203125,510.3605651855469,0.0,0.3333333432674408,0.3333333432674408
134,59,-6.627766132354736,9.108931541442871,0.6666666865348816,0.6666666865348816,1.0
134,60,-9.205256462097168,9.987298011779785,0.5,1.0,1.0
134,61,-13.298843383789062,772.3375854492188,0.0,0.5,0.5
134,62,-9.256608963012695,10.11634349822998,0.25,0.75,1.0
134,63,-5.939063549041748,19.4827938079834,0.5,0.5,1.0
134,64,-8.491952896118164,69.82390594482422,0.0,0.5,1.0
134,65,-16.367435455322266,3582.1474609375,0.0,0.0,0.5
134,66,-13.496837615966797,89.92227935791016,0.6666666865348816,0.6666666865348816,0.6666666865348816
134,67,-20.891098022460938,34390.9609375,0.0,0.0,0.0
134,68,-10.846484184265137,37.16973114013672,0.3333333432674408,0.6666666865348816,0.6666666865348816
134,69,-10.799137115478516,221.31092834472656,0.0,0.5,1.0
134,70,-17.092876434326172,71.75224304199219,0.0,0.75,0.75
134,71,-5.8834686279296875,18.948680877685547,0.5,0.5,1.0
135,0,-6.496700286865234,25.747825622558594,0.5,0.5,1.0
135,1,-4.21477746963501,8.226731300354004,0.5,1.0,1.0
135,2,-8.879546165466309,19.2950496673584,0.6666666865348816,0.6666666865348816,0.6666666865348816
135,3,-17.632625579833984,6743.3544921875,0.0,0.0,0.0
135,4,-19.986404418945312,21877.2421875,0.0,0.0,0.5
135,5,-13.45057487487793,88.54623413085938,0.3333333432674408,0.6666666865348816,0.6666666865348816
135,6,-32.44099044799805,222.9241943359375,0.5,0.6666666865348816,0.6666666865348816
135,7,-4.575943946838379,4.596590042114258,0.3333333432674408,1.0,1.0
135,8,-29.58883285522461,1631.4234619140625,0.25,0.25,0.5
135,9,-18.388938903808594,459.2737121582031,0.0,0.3333333432674408,0.6666666865348816
135,10,-12.783254623413086,24.430044174194336,0.25,0.75,1.0
135,11,-16.85003662109375,11.102252960205078,0.4285714626312256,0.8571429252624512,0.8571429252624512
135,12,-13.107389450073242,701.8324584960938,0.5,0.5,0.5
135,13,-7.81439208984375,7.054022312164307,0.75,0.75,0.75
135,14,-18.95531463623047,13064.544921875,0.0,0.0,0.5
135,15,-10.083612442016602,28.823877334594727,0.3333333432674408,0.6666666865348816,0.6666666865348816
135,16,-5.409721374511719,14.95223331451416,0.5,0.5,1.0
135,17,-4.839995861053467,11.24583625793457,0.5,1.0,1.0
135,18,-3.438694715499878,5.58088493347168,0.5,1.0,1.0
135,19,-7.459752559661865,12.020147323608398,0.3333333432674408,0.6666666865348816,1.0
135,20,-7.197238922119141,1335.737548828125,0.0,0.0,0.0
135,21,-25.71160888671875,383005.4375,0.0,0.0,0.0
135,22,-25.614044189453125,24.575637817382812,0.25,0.625,0.875
135,23,-10.659771919250488,206.41444396972656,0.5,0.5,0.5
135,24,-6.188230991363525,22.067710876464844,0.5,0.5,1.0
135,25,-15.895892143249512,200.0626678466797,0.0,0.3333333432674408,1.0
135,26,-4.7796735763549805,10.911712646484375,0.5,1.0,1.0
135,27,-7.016261100769043,33.38579559326172,0.0,1.0,1.0
135,28,-4.523854732513428,9.601576805114746,0.5,1.0,1.0
135,29,-9.331836700439453,106.26313018798828,0.0,0.5,1.0
135,30,-3.4116318225860596,30.314672470092773,0.0,1.0,1.0
135,31,-10.125543594360352,5.406438827514648,0.5,0.8333333730697632,1.0
135,32,-2.2943410873413086,2.14852237701416,0.6666666865348816,1.0,1.0
135,33,-18.11711883544922,8591.7646484375,0.0,0.0,0.5
135,34,-12.429722785949707,7.937675476074219,0.6666666865348816,0.8333333730697632,1.0
135,35,-6.244502067565918,22.69741439819336,0.5,0.5,1.0
135,36,-7.561605930328369,43.85123825073242,0.5,0.5,0.5
135,37,-11.338541984558105,4.126038551330566,0.75,0.875,1.0
135,38,-6.671095371246338,5.300354957580566,0.75,1.0,1.0
135,39,-13.531617164611816,867.6675415039062,0.5,0.5,0.5
135,40,-16.373891830444336,3593.72998046875,0.0,0.5,0.5
135,41,-22.50381851196289,16.65944480895996,0.375,0.75,0.875
135,42,-5.756448268890381,6.812887668609619,0.6666666865348816,1.0,1.0
135,43,-12.755254745483398,24.25963020324707,0.5,0.75,1.0
135,44,-19.460403442382812,129.68402099609375,0.0,0.5,0.75
135,45,-9.701578140258789,127.84123229980469,0.0,0.5,0.5
135,46,-10.238072395324707,30.34679412841797,0.6666666865348816,0.6666666865348816,0.6666666865348816
135,47,-9.426673889160156,23.15532112121582,0.6666666865348816,0.6666666865348816,0.6666666865348816
135,48,-13.970494270324707,10.26167106628418,0.3333333432674408,0.6666666865348816,1.0
135,49,-2.6064453125,1.6841973066329956,0.800000011920929,1.0,1.0
135,50,-2.554474115371704,3.5867161750793457,0.5,1.0,1.0
135,51,-20.070812225341797,28.364418029785156,0.3333333432674408,0.8333333730697632,0.8333333730697632
135,52,-10.329750061035156,175.0155792236328,0.5,0.5,0.5
135,53,-7.387632846832275,11.734628677368164,0.3333333432674408,1.0,1.0
135,54,-10.12914752960205,7.582398414611816,0.6000000238418579,0.800000011920929,1.0
135,55,-11.64400577545166,18.37519073486328,0.25,0.75,1.0
135,56,-13.260028839111328,83.09708404541016,0.0,0.3333333432674408,1.0
135,57,-9.205619812011719,9.988205909729004,0.5,0.75,1.0
135,58,-18.724111557006836,513.5619506835938,0.0,0.3333333432674408,0.3333333432674408
135,59,-6.692377090454102,9.307236671447754,0.6666666865348816,0.6666666865348816,1.0
135,60,-9.247331619262695,10.092906951904297,0.5,1.0,1.0
135,61,-13.373139381408691,801.5679321289062,0.0,0.5,0.5
135,62,-9.191909790039062,9.954029083251953,0.25,0.75,1.0
135,63,-5.918235778808594,19.280956268310547,0.5,0.5,1.0
135,64,-8.470829963684082,69.09034729003906,0.0,0.5,1.0
135,65,-16.374914169311523,3595.5673828125,0.0,0.0,0.5
135,66,-13.500255584716797,90.02481842041016,0.6666666865348816,0.6666666865348816,0.6666666865348816
135,67,-20.941051483154297,35260.75,0.0,0.0,0.0
135,68,-10.953009605407715,38.51327896118164,0.3333333432674408,0.6666666865348816,0.6666666865348816
135,69,-10.835807800292969,225.40615844726562,0.0,0.5,1.0
135,70,-17.00716209411621,70.23104858398438,0.0,0.75,0.75
135,71,-5.874607563018799,18.864913940429688,0.5,0.5,1.0
136,0,-6.489573001861572,25.656232833862305,0.5,0.5,1.0
136,1,-4.219210147857666,8.24498462677002,0.5,1.0,1.0
136,2,-8.825248718261719,18.948970794677734,0.6666666865348816,0.6666666865348816,0.6666666865348816
136,3,-17.719364166259766,7042.2431640625,0.0,0.0,0.0
136,4,-19.65349769592285,18522.63671875,0.0,0.0,0.5
136,5,-13.393135070800781,86.86701202392578,0.3333333432674408,0.6666666865348816,0.6666666865348816
136,6,-32.4237174987793,222.28338623046875,0.5,0.6666666865348816,0.6666666865348816
136,7,-4.523279190063477,4.516601085662842,0.3333333432674408,1.0,1.0
136,8,-29.593921661376953,1633.5003662109375,0.25,0.25,0.5
136,9,-18.40380096435547,461.55450439453125,0.0,0.3333333432674408,0.6666666865348816
136,10,-12.770099639892578,24.34983253479004,0.25,0.75,1.0
136,11,-16.794593811035156,11.014665603637695,0.4285714626312256,0.8571429252624512,0.8571429252624512
136,12,-13.00131607055664,665.5794677734375,0.5,0.5,0.5
136,13,-7.759776592254639,6.958362579345703,0.75,0.75,0.75
136,14,-19.022268295288086,13509.306640625,0.0,0.0,0.5
136,15,-10.16277027130127,29.594547271728516,0.3333333432674408,0.6666666865348816,0.6666666865348816
136,16,-5.373532295227051,14.684113502502441,0.5,0.5,1.0
136,17,-4.864439964294434,11.384126663208008,0.5,1.0,1.0
136,18,-3.4837441444396973,5.708019733428955,0.5,1.0,1.0
136,19,-7.484951019287109,12.121535301208496,0.3333333432674408,0.6666666865348816,1.0
136,20,-7.173779487609863,1304.7667236328125,0.0,0.0,0.0
136,21,-25.697628021240234,380337.375,0.0,0.0,0.0
136,22,-25.633413314819336,24.635210037231445,0.25,0.625,0.875
136,23,-10.658902168273926,206.32469177246094,0.5,0.5,0.5
136,24,-6.174853324890137,21.920595169067383,0.5,0.5,1.0
136,25,-15.851235389709473,197.10671997070312,0.0,0.3333333432674408,1.0
136,26,-4.831092357635498,11.195883750915527,0.5,1.0,1.0
136,27,-7.089480400085449,34.63068771362305,0.0,1.0,1.0
136,28,-4.519838333129883,9.582314491271973,0.5,1.0,1.0
136,29,-9.174684524536133,98.2330093383789,0.0,0.5,1.0
136,30,-3.4324917793273926,30.953678131103516,0.0,1.0,1.0
136,31,-10.199390411376953,5.473391056060791,0.5,0.8333333730697632,1.0
136,32,-2.309164047241211,2.1591644287109375,0.6666666865348816,1.0,1.0
136,33,-18.050703048706055,8311.134765625,0.0,0.0,0.5
136,34,-12.574060440063477,8.130940437316895,0.6666666865348816,0.8333333730697632,1.0
136,35,-6.27227258682251,23.014772415161133,0.5,0.5,1.0
136,36,-7.573070049285889,44.10332107543945,0.5,0.5,0.5
136,37,-11.449942588806152,4.183896064758301,0.75,0.875,1.0
136,38,-6.811249256134033,5.489363193511963,0.75,1.0,1.0
136,39,-13.400651931762695,812.6707153320312,0.5,0.5,0.5
136,40,-16.26224136352539,3398.606201171875,0.0,0.5,0.5
136,41,-22.56106185913086,16.779077529907227,0.375,0.75,0.875
136,42,-5.761446952819824,6.824249267578125,0.3333333432674408,1.0,1.0
136,43,-12.763901710510254,24.312131881713867,0.5,0.75,1.0
136,44,-19.451448440551758,129.39401245117188,0.0,0.5,0.75
136,45,-9.726900100708008,129.47010803222656,0.0,0.5,0.5
136,46,-10.280939102172852,30.78352928161621,0.6666666865348816,0.6666666865348816,0.6666666865348816
136,47,-9.396341323852539,22.922380447387695,0.6666666865348816,0.6666666865348816,0.6666666865348816
136,48,-13.915800094604492,10.168553352355957,0.3333333432674408,0.8333333730697632,1.0
136,49,-2.6466846466064453,1.6978062391281128,0.800000011920929,1.0,1.0
136,50,-2.5660080909729004,3.6074602603912354,0.5,1.0,1.0
136,51,-20.049427032470703,28.26349639892578,0.3333333432674408,0.8333333730697632,0.8333333730697632
136,52,-10.406381607055664,181.85157775878906,0.5,0.5,0.5
136,53,-7.352334499359131,11.597369194030762,0.3333333432674408,1.0,1.0
136,54,-10.146952629089355,7.609447479248047,0.6000000238418579,0.800000011920929,1.0
136,55,-11.703218460083008,18.64922523498535,0.25,0.75,1.0
136,56,-13.179824829101562,80.90493774414062,0.0,0.3333333432674408,1.0
136,57,-9.173542976379395,9.908429145812988,0.5,0.75,1.0
136,58,-18.681182861328125,506.2652893066406,0.0,0.3333333432674408,0.3333333432674408
136,59,-6.616039752960205,9.073395729064941,0.6666666865348816,0.6666666865348816,1.0
136,60,-9.229249954223633,10.047386169433594,0.5,1.0,1.0
136,61,-13.304586410522461,774.5585327148438,0.0,0.5,0.5
136,62,-9.15810489654541,9.870260238647461,0.25,0.75,1.0
136,63,-5.917320251464844,19.272132873535156,0.5,0.5,1.0
136,64,-8.4599609375,68.71589660644531,0.0,0.5,1.0
136,65,-16.408634185791016,3656.70263671875,0.0,0.0,0.5
136,66,-13.51706314086914,90.53058624267578,0.6666666865348816,0.6666666865348816,0.6666666865348816
136,67,-20.892972946166992,34423.21484375,0.0,0.0,0.0
136,68,-10.925257682800293,38.15864944458008,0.3333333432674408,0.6666666865348816,0.6666666865348816
136,69,-10.836835861206055,225.52203369140625,0.0,0.5,1.0
136,70,-16.9783992767334,69.72785186767578,0.0,0.5,0.75
136,71,-5.9323410987854,19.41741943359375,0.5,0.5,1.0
137,0,-6.488992691040039,25.64879035949707,0.5,0.5,1.0
137,1,-4.176172256469727,8.069457054138184,0.5,1.0,1.0
137,2,-8.867547035217285,19.21803092956543,0.6666666865348816,0.6666666865348816,0.6666666865348816
137,3,-17.746912002563477,7139.9140625,0.0,0.0,0.0
137,4,-19.871849060058594,20659.376953125,0.0,0.0,0.5
137,5,-13.450570106506348,88.54610443115234,0.3333333432674408,0.6666666865348816,0.6666666865348816
137,6,-32.50582504272461,225.34608459472656,0.5,0.6666666865348816,0.6666666865348816
137,7,-4.4985671043396,4.479548454284668,0.3333333432674408,1.0,1.0
137,8,-29.546506881713867,1614.2515869140625,0.25,0.25,0.5
137,9,-18.480712890625,473.5406799316406,0.0,0.3333333432674408,0.6666666865348816
137,10,-12.791933059692383,24.483104705810547,0.25,0.75,1.0
137,11,-16.873762130737305,11.139946937561035,0.4285714626312256,0.8571429252624512,0.8571429252624512
137,12,-13.115931510925293,704.8363647460938,0.5,0.5,0.5
137,13,-7.780937671661377,6.995271682739258,0.75,0.75,0.75
137,14,-19.052345275878906,13714.001953125,0.0,0.0,0.0
137,15,-10.182768821716309,29.792490005493164,0.3333333432674408,0.6666666865348816,0.6666666865348816
137,16,-5.372461318969727,14.676252365112305,0.5,0.5,1.0
137,17,-4.872498989105225,11.430091857910156,0.5,1.0,1.0
137,18,-3.383791208267212,5.4297637939453125,0.5,1.0,1.0
137,19,-7.3491902351379395,11.585220336914062,0.3333333432674408,0.6666666865348816,1.0
137,20,-7.153794765472412,1278.9500732421875,0.0,0.0,0.0
137,21,-25.66492462158203,374168.8125,0.0,0.0,0.0
137,22,-25.64124298095703,24.659330368041992,0.25,0.625,0.875
137,23,-10.671921730041504,207.6721954345703,0.5,0.5,0.5
137,24,-6.218804836273193,22.407649993896484,0.5,0.5,1.0
137,25,-15.871237754821777,198.4252471923828,0.0,0.3333333432674408,1.0
137,26,-4.8831377029418945,11.49105453491211,0.5,1.0,1.0
137,27,-7.080416679382324,34.47410202026367,0.0,1.0,1.0
137,28,-4.477108955383301,9.379762649536133,0.5,1.0,1.0
137,29,-9.307989120483398,105.00360107421875,0.0,0.5,1.0
137,30,-3.4613888263702393,31.861194610595703,0.0,1.0,1.0
137,31,-10.075597763061523,5.361620903015137,0.5,0.8333333730697632,1.0
137,32,-2.311089038848877,2.160550355911255,0.6666666865348816,1.0,1.0
137,33,-18.07164764404297,8398.6298828125,0.0,0.0,0.5
137,34,-12.402302742004395,7.901482582092285,0.6666666865348816,0.8333333730697632,1.0
137,35,-6.374244689941406,24.2186336517334,0.5,0.5,1.0
137,36,-7.640488147735596,45.6153450012207,0.5,0.5,0.5
137,37,-11.459619522094727,4.18895959854126,0.75,0.875,1.0
137,38,-6.741349697113037,5.394271373748779,0.75,1.0,1.0
137,39,-13.545165061950684,873.56494140625,0.5,0.5,0.5
137,40,-16.394771575927734,3631.444580078125,0.0,0.5,0.5
137,41,-22.524394989013672,16.702348709106445,0.375,0.75,0.875
137,42,-5.7880401611328125,6.885010719299316,0.3333333432674408,1.0,1.0
137,43,-12.802188873291016,24.545957565307617,0.5,0.75,1.0
137,44,-19.479583740234375,130.30734252929688,0.0,0.5,0.75
137,45,-9.706146240234375,128.13356018066406,0.0,0.5,0.5
137,46,-10.335470199584961,31.34819793701172,0.6666666865348816,0.6666666865348816,0.6666666865348816
137,47,-9.360730171203613,22.65188980102539,0.6666666865348816,0.6666666865348816,0.6666666865348816
137,48,-13.976043701171875,10.271167755126953,0.3333333432674408,0.6666666865348816,1.0
137,49,-2.5921993255615234,1.6794055700302124,0.800000011920929,1.0,1.0
137,50,-2.4832756519317627,3.461277961730957,0.5,1.0,1.0
137,51,-20.078872680664062,28.402544021606445,0.3333333432674408,0.8333333730697632,0.8333333730697632
137,52,-10.40656852722168,181.8685760498047,0.5,0.5,0.5
137,53,-7.455209732055664,12.001960754394531,0.3333333432674408,1.0,1.0
137,54,-10.10849380493164,7.551141262054443,0.6000000238418579,0.800000011920929,1.0
137,55,-11.762776374816895,18.928979873657227,0.25,0.75,1.0
137,56,-13.1057710647583,78.93228912353516,0.0,0.3333333432674408,1.0
137,57,-9.237189292907715,10.06734848022461,0.5,0.75,1.0
137,58,-18.648225784301758,500.73419189453125,0.0,0.3333333432674408,0.3333333432674408
137,59,-6.650317192077637,9.177660942077637,0.6666666865348816,0.6666666865348816,1.0
137,60,-9.235809326171875,10.063876152038574,0.5,1.0,1.0
137,61,-13.294065475463867,770.49462890625,0.0,0.5,0.5
137,62,-9.237817764282227,10.068929672241211,0.25,0.75,1.0
137,63,-5.885196685791016,18.96506118774414,0.5,0.5,1.0
137,64,-8.43880844116211,67.99296569824219,0.0,0.5,1.0
137,65,-16.30881118774414,3478.671142578125,0.0,0.0,0.5
137,66,-13.432941436767578,88.02732849121094,0.6666666865348816,0.6666666865348816,0.6666666865348816
137,67,-20.86015510559082,33862.9765625,0.0,0.0,0.0
137,68,-11.010722160339355,39.2613525390625,0.3333333432674408,0.6666666865348816,0.6666666865348816
137,69,-10.862857818603516,228.47549438476562,0.0,0.5,1.0
137,70,-17.013044357299805,70.33440399169922,0.0,0.75,0.75
137,71,-5.902867794036865,19.13336944580078,0.5,0.5,1.0
138,0,-6.496440410614014,25.74448013305664,0.5,0.5,1.0
138,1,-4.175613880157471,8.067203521728516,0.5,1.0,1.0
138,2,-8.871517181396484,19.24348258972168,0.6666666865348816,0.6666666865348816,0.6666666865348816
138,3,-17.64175796508789,6774.21630859375,0.0,0.0,0.0
138,4,-19.956436157226562,21551.875,0.0,0.0,0.5
138,5,-13.48238754272461,89.49020385742188,0.3333333432674408,0.6666666865348816,0.6666666865348816
138,6,-32.49557876586914,224.9616241455078,0.5,0.6666666865348816,0.6666666865348816
138,7,-4.645925521850586,4.705075263977051,0.3333333432674408,1.0,1.0
138,8,-29.653228759765625,1657.9002685546875,0.25,0.25,0.5
138,9,-18.37727928161621,457.4920959472656,0.0,0.3333333432674408,0.6666666865348816
138,10,-12.681764602661133,23.817989349365234,0.25,0.75,1.0
138,11,-16.89704704284668,11.177064895629883,0.4285714626312256,0.8571429252624512,0.8571429252624512
138,12,-13.176034927368164,726.3394165039062,0.5,0.5,0.5
138,13,-7.756765365600586,6.953126430511475,0.75,0.75,0.75
138,14,-18.94182586669922,12976.728515625,0.0,0.0,0.5
138,15,-10.13167667388916,29.289398193359375,0.3333333432674408,0.6666666865348816,0.6666666865348816
138,16,-5.377673625946045,14.714550018310547,0.5,0.5,1.0
138,17,-4.890289783477783,11.532220840454102,0.5,1.0,1.0
138,18,-3.4369349479675293,5.575976371765137,0.5,1.0,1.0
138,19,-7.4364447593688965,11.92712116241455,0.3333333432674408,0.6666666865348816,1.0
138,20,-7.157359600067139,1283.517578125,0.0,0.0,0.0
138,21,-25.694826126098633,379804.9375,0.0,0.0,0.0
138,22,-25.6209659576416,24.596908569335938,0.25,0.625,0.875
138,23,-10.612995147705078,201.64276123046875,0.5,0.5,0.5
138,24,-6.193443298339844,22.12529754638672,0.5,0.5,1.0
138,25,-15.834427833557129,196.0054473876953,0.0,0.3333333432674408,1.0
138,26,-4.854222774505615,11.326118469238281,0.5,1.0,1.0
138,27,-7.040515899658203,33.79314422607422,0.0,1.0,1.0
138,28,-4.520528793334961,9.585622787475586,0.5,1.0,1.0
138,29,-9.307656288146973,104.98612213134766,0.0,0.5,1.0
138,30,-3.437856912612915,31.12019157409668,0.0,1.0,1.0
138,31,-10.168975830078125,5.445716857910156,0.5,0.8333333730697632,1.0
138,32,-2.3221030235290527,2.168497085571289,0.6666666865348816,1.0,1.0
138,33,-18.11492156982422,8582.330078125,0.0,0.0,0.5
138,34,-12.505167007446289,8.038113594055176,0.6666666865348816,0.8333333730697632,1.0
138,35,-6.30308723449707,23.372114181518555,0.5,0.5,1.0
138,36,-7.64738130569458,45.772830963134766,0.5,0.5,0.5
138,37,-11.480466842651367,4.19989013671875,0.75,0.875,1.0
138,38,-6.765791893005371,5.427333831787109,0.75,1.0,1.0
138,39,-13.487589836120605,848.7756958007812,0.5,0.5,0.5
138,40,-16.437480926513672,3709.826904296875,0.0,0.5,0.5
138,41,-22.566499710083008,16.79048728942871,0.375,0.75,0.875
138,42,-5.855438709259033,7.041441440582275,0.3333333432674408,1.0,1.0
138,43,-12.766153335571289,24.32581901550293,0.5,0.75,1.0
138,44,-19.37247085571289,126.8642578125,0.0,0.5,0.75
138,45,-9.674025535583496,126.09212493896484,0.0,0.5,0.5
138,46,-10.192363739013672,29.887922286987305,0.6666666865348816,0.6666666865348816,0.6666666865348816
138,47,-9.399630546569824,22.947528839111328,0.6666666865348816,0.6666666865348816,0.6666666865348816
138,48,-13.94426155090332,10.216902732849121,0.3333333432674408,0.6666666865348816,1.0
138,49,-2.5487265586853027,1.6648670434951782,0.800000011920929,1.0,1.0
138,50,-2.5615692138671875,3.5994627475738525,0.5,1.0,1.0
138,51,-20.03898811340332,28.214366912841797,0.3333333432674408,0.8333333730697632,0.8333333730697632
138,52,-10.338924407958984,175.82025146484375,0.5,0.5,0.5
138,53,-7.443971157073975,11.95708179473877,0.3333333432674408,1.0,1.0
138,54,-10.172900199890137,7.649038791656494,0.6000000238418579,0.800000011920929,1.0
138,55,-11.68513298034668,18.565095901489258,0.25,0.75,1.0
138,56,-13.26399040222168,83.20687103271484,0.0,0.3333333432674408,1.0
138,57,-9.120367050170898,9.77757740020752,0.5,0.75,1.0
138,58,-18.6431884765625,499.89398193359375,0.0,0.3333333432674408,0.3333333432674408
138,59,-6.651851177215576,9.182355880737305,0.6666666865348816,0.6666666865348816,1.0
138,60,-9.24609661102295,10.089791297912598,0.5,1.0,1.0
138,61,-13.336067199707031,786.8468627929688,0.0,0.5,0.5
138,62,-9.210376739501953,10.000090599060059,0.25,0.75,1.0
138,63,-5.924818515777588,19.344520568847656,0.5,0.5,1.0
138,64,-8.483502388000488,69.52950286865234,0.0,0.5,1.0
138,65,-16.379554748535156,3603.919921875,0.0,0.0,0.5
138,66,-13.52662467956543,90.819580078125,0.6666666865348816,0.6666666865348816,0.6666666865348816
138,67,-20.853872299194336,33756.765625,0.0,0.0,0.0
138,68,-10.952803611755371,38.51063537597656,0.3333333432674408,0.6666666865348816,0.6666666865348816
138,69,-10.868249893188477,229.09230041503906,0.0,0.5,1.0
138,70,-17.036785125732422,70.75308990478516,0.0,0.75,0.75
138,71,-5.897549629211426,19.08255958557129,0.5,0.5,1.0
139,0,-6.496097087860107,25.740060806274414,0.5,0.5,1.0
139,1,-4.24580192565918,8.355340957641602,0.5,1.0,1.0
139,2,-8.870159149169922,19.234771728515625,0.6666666865348816,0.6666666865348816,0.6666666865348816
139,3,-17.821002960205078,7409.3759765625,0.0,0.0,0.0
139,4,-20.014549255371094,22187.283203125,0.0,0.0,0.5
139,5,-13.521674156188965,90.6698226928711,0.3333333432674408,0.6666666865348816,0.6666666865348816
139,6,-32.377586364746094,220.58091735839844,0.5,0.6666666865348816,0.6666666865348816
139,7,-4.4984846115112305,4.47942590713501,0.3333333432674408,1.0,1.0
139,8,-29.601451873779297,1636.578369140625,0.25,0.25,0.5
139,9,-18.436012268066406,466.5371398925781,0.0,0.3333333432674408,0.6666666865348816
139,10,-12.814184188842773,24.619678497314453,0.25,0.75,1.0
139,11,-16.867420196533203,11.12985897064209,0.4285714626312256,0.8571429252624512,0.8571429252624512
139,12,-13.142866134643555,714.3928833007812,0.5,0.5,0.5
139,13,-7.753049850463867,6.9466705322265625,0.75,0.75,0.75
139,14,-19.033828735351562,13587.6201171875,0.0,0.0,0.5
139,15,-10.192625045776367,29.890531539916992,0.3333333432674408,0.6666666865348816,0.6666666865348816
139,16,-5.371819019317627,14.671538352966309,0.5,0.5,1.0
139,17,-4.831219673156738,11.1965970993042,0.5,1.0,1.0
139,18,-3.376800298690796,5.4108171463012695,0.5,1.0,1.0
139,19,-7.3245391845703125,11.490413665771484,0.3333333432674408,0.6666666865348816,1.0
139,20,-7.150947570800781,1275.3138427734375,0.0,0.0,0.0
139,21,-25.683242797851562,377611.59375,0.0,0.0,0.0
139,22,-25.64741325378418,24.678356170654297,0.25,0.625,0.875
139,23,-10.776573181152344,218.828125,0.5,0.5,0.5
139,24,-6.140286445617676,21.54498863220215,0.5,0.5,1.0
139,25,-15.826217651367188,195.4698028564453,0.0,0.3333333432674408,1.0
139,26,-4.874331474304199,11.440569877624512,0.5,1.0,1.0
139,27,-7.1039934158325195,34.882896423339844,0.0,1.0,1.0
139,28,-4.497111797332764,9.474044799804688,0.5,1.0,1.0
139,29,-9.300289154052734,104.60010528564453,0.0,0.5,1.0
139,30,-3.409911870956421,30.262577056884766,0.0,1.0,1.0
139,31,-10.15308952331543,5.431316375732422,0.5,0.8333333730697632,1.0
139,32,-2.3250932693481445,2.1706595420837402,0.6666666865348816,1.0,1.0
139,33,-18.08605194091797,8459.3359375,0.0,0.0,0.5
139,34,-12.539825439453125,8.08467960357666,0.6666666865348816,0.8333333730697632,1.0
139,35,-6.366663455963135,24.127004623413086,0.5,0.5,1.0
139,36,-7.616764068603516,45.07744598388672,0.5,0.5,0.5
139,37,-11.392783164978027,4.154109001159668,0.75,0.875,1.0
139,38,-6.720504283905029,5.366232872009277,0.75,1.0,1.0
139,39,-13.564413070678711,882.0127563476562,0.5,0.5,0.5
139,40,-16.432531356811523,3700.656982421875,0.0,0.5,0.5
139,41,-22.484479904174805,16.61922264099121,0.375,0.75,0.875
139,42,-5.7870025634765625,6.882629871368408,0.3333333432674408,1.0,1.0
139,43,-12.772960662841797,24.36725425720215,0.5,0.75,1.0
139,44,-19.469188690185547,129.9691619873047,0.0,0.5,0.75
139,45,-9.705074310302734,128.0648956298828,0.0,0.5,0.5
139,46,-10.302641868591309,31.007028579711914,0.6666666865348816,0.6666666865348816,0.6666666865348816
139,47,-9.408751487731934,23.01740074157715,0.6666666865348816,0.6666666865348816,0.6666666865348816
139,48,-13.95377254486084,10.233112335205078,0.3333333432674408,0.8333333730697632,1.0
139,49,-2.5992989540100098,1.6817916631698608,0.800000011920929,1.0,1.0
139,50,-2.548349618911743,3.575749635696411,0.5,1.0,1.0
139,51,-20.015369415283203,28.1035213470459,0.3333333432674408,0.8333333730697632,0.8333333730697632
139,52,-10.377524375915527,179.24655151367188,0.5,0.5,0.5
139,53,-7.341379165649414,11.555094718933105,0.3333333432674408,1.0,1.0
139,54,-10.170536994934082,7.645424842834473,0.6000000238418579,0.800000011920929,1.0
139,55,-11.60239028930664,18.185009002685547,0.25,0.75,1.0
139,56,-13.28653621673584,83.8345718383789,0.0,0.3333333432674408,1.0
139,57,-9.206647872924805,9.990772247314453,0.5,0.75,1.0
139,58,-18.715208053588867,512.0400390625,0.0,0.3333333432674408,0.3333333432674408
139,59,-6.654281139373779,9.18979549407959,0.6666666865348816,0.6666666865348816,1.0
139,60,-9.227389335632324,10.04271411895752,0.5,1.0,1.0
139,61,-13.344779968261719,790.2821044921875,0.0,0.5,0.5
139,62,-9.194293022155762,9.959961891174316,0.25,0.75,1.0
139,63,-5.94748067855835,19.56496238708496,0.5,0.5,1.0
139,64,-8.450508117675781,68.39187622070312,0.0,0.5,1.0
139,65,-16.34735679626465,3546.364990234375,0.0,0.0,0.5
139,66,-13.40243911743164,87.1368408203125,0.6666666865348816,0.6666666865348816,0.6666666865348816
139,67,-20.945560455322266,35340.3359375,0.0,0.0,0.0
139,68,-10.989923477172852,38.99010467529297,0.3333333432674408,0.6666666865348816,0.6666666865348816
139,69,-10.818296432495117,223.4412078857422,0.0,0.5,1.0
139,70,-17.037946701049805,70.77364349365234,0.0,0.75,0.75
139,71,-5.866722583770752,18.790685653686523,0.5,0.5,1.0
140,0,-6.524231910705566,26.10471534729004,0.5,0.5,1.0
140,1,-4.203917026519775,8.182178497314453,0.5,1.0,1.0
140,2,-8.872798919677734,19.251705169677734,0.6666666865348816,0.6666666865348816,0.6666666865348816
140,3,-17.678451538085938,6899.64892578125,0.0,0.0,0.0
140,4,-19.868854522705078,20628.466796875,0.0,0.0,0.5
140,5,-13.307034492492676,84.40933990478516,0.3333333432674408,0.6666666865348816,0.6666666865348816
140,6,-32.57350540161133,227.9023895263672,0.5,0.6666666865348816,0.6666666865348816
140,7,-4.586501598358154,4.612794876098633,0.3333333432674408,1.0,1.0
140,8,-29.528406143188477,1606.9632568359375,0.25,0.25,0.5
140,9,-18.417076110839844,463.6014404296875,0.0,0.3333333432674408,0.6666666865348816
140,10,-12.722009658813477,24.058837890625,0.25,0.75,1.0
140,11,-16.884992599487305,11.157833099365234,0.4285714626312256,0.8571429252624512,0.8571429252624512
140,12,-13.066096305847168,687.4906005859375,0.5,0.5,0.5
140,13,-7.744907379150391,6.932544708251953,0.75,0.75,0.75
140,14,-19.01055145263672,13430.3955078125,0.0,0.0,0.5
140,15,-10.207366943359375,30.037769317626953,0.3333333432674408,0.6666666865348816,0.6666666865348816
140,16,-5.420121669769287,15.030190467834473,0.5,0.5,1.0
140,17,-4.891538143157959,11.539421081542969,0.5,1.0,1.0
140,18,-3.3554110527038574,5.353259086608887,0.5,1.0,1.0
140,19,-7.450135231018066,11.981675148010254,0.3333333432674408,0.6666666865348816,1.0
140,20,-7.130991458892822,1250.1158447265625,0.0,0.0,0.0
140,21,-25.66859245300293,374855.625,0.0,0.0,0.0
140,22,-25.685449600219727,24.795970916748047,0.25,0.625,0.875
140,23,-10.680277824401855,208.54168701171875,0.5,0.5,0.5
140,24,-6.183815956115723,22.0190486907959,0.5,0.5,1.0
140,25,-15.87160873413086,198.44984436035156,0.0,0.3333333432674408,1.0
140,26,-4.847475528717041,11.287973403930664,0.5,1.0,1.0
140,27,-7.089372634887695,34.628822326660156,0.0,1.0,1.0
140,28,-4.558597087860107,9.769824981689453,0.5,1.0,1.0
140,29,-9.24170207977295,101.5804443359375,0.0,0.5,1.0
140,30,-3.473628044128418,32.25354766845703,0.0,1.0,1.0
140,31,-10.132031440734863,5.412288188934326,0.5,0.8333333730697632,1.0
140,32,-2.352180242538452,2.190347194671631,0.6666666865348816,1.0,1.0
140,33,-18.014766693115234,8163.13330078125,0.0,0.0,0.5
140,34,-12.472158432006836,7.994015693664551,0.6666666865348816,0.8333333730697632,1.0
140,35,-6.394044876098633,24.459592819213867,0.5,0.5,1.0
140,36,-7.645143032073975,45.72163391113281,0.5,0.5,0.5
140,37,-11.432610511779785,4.174840927124023,0.75,0.875,1.0
140,38,-6.722994804382324,5.369575023651123,0.75,1.0,1.0
140,39,-13.496625900268555,852.619140625,0.5,0.5,0.5
140,40,-16.372684478759766,3591.561279296875,0.0,0.5,0.5
140,41,-22.521221160888672,16.695724487304688,0.375,0.75,0.875
140,42,-5.847047805786133,7.021774768829346,0.3333333432674408,1.0,1.0
140,43,-12.804595947265625,24.560733795166016,0.5,0.75,1.0
140,44,-19.43374252319336,128.82252502441406,0.0,0.5,0.75
140,45,-9.764986038208008,131.959228515625,0.0,0.5,0.5
140,46,-10.239961624145508,30.365907669067383,0.6666666865348816,0.6666666865348816,0.6666666865348816
140,47,-9.459884643554688,23.41307830810547,0.6666666865348816,0.6666666865348816,0.6666666865348816
140,48,-13.897523880004883,10.137626647949219,0.3333333432674408,0.8333333730697632,1.0
140,49,-2.6324682235717773,1.6929857730865479,0.800000011920929,1.0,1.0
140,50,-2.523223638534546,3.5311083793640137,0.5,1.0,1.0
140,51,-20.04229164123535,28.229904174804688,0.3333333432674408,0.8333333730697632,0.8333333730697632
140,52,-10.397714614868164,181.06521606445312,0.5,0.5,0.5
140,53,-7.343855381011963,11.56463623046875,0.3333333432674408,1.0,1.0
140,54,-10.102913856506348,7.542718887329102,0.6000000238418579,0.800000011920929,1.0
140,55,-11.6941499710083,18.606992721557617,0.25,0.75,1.0
140,56,-13.21381950378418,81.8269271850586,0.0,0.3333333432674408,1.0
140,57,-9.140117645263672,9.82597541809082,0.5,0.75,1.0
140,58,-18.674482345581055,505.1357727050781,0.0,0.3333333432674408,0.3333333432674408
140,59,-6.707569122314453,9.354488372802734,0.6666666865348816,0.6666666865348816,1.0
140,60,-9.207001686096191,9.991657257080078,0.5,1.0,1.0
140,61,-13.315502166748047,778.7975463867188,0.0,0.5,0.5
140,62,-9.236547470092773,10.065732955932617,0.25,0.75,1.0
140,63,-5.894702434539795,19.0554141998291,0.5,0.5,1.0
140,64,-8.503191947937012,70.2173843383789,0.0,0.5,1.0
140,65,-16.293676376342773,3452.44580078125,0.0,0.0,0.5
140,66,-13.606036186218262,93.2557373046875,0.6666666865348816,0.6666666865348816,0.6666666865348816
140,67,-20.880756378173828,34213.58984375,0.0,0.0,0.0
140,68,-11.012445449829102,39.28391647338867,0.3333333432674408,0.6666666865348816,0.6666666865348816
140,69,-10.887504577636719,231.30850219726562,0.0,0.5,1.0
140,70,-16.948251724243164,69.20429992675781,0.0,0.75,0.75
140,71,-5.879001140594482,18.906402587890625,0.5,0.5,1.0
141,0,-6.452944755554199,25.190637588500977,0.5,0.5,1.0
141,1,-4.203455924987793,8.180293083190918,0.5,1.0,1.0
141,2,-8.84723949432373,19.08837890625,0.6666666865348816,0.6666666865348816,0.6666666865348816
141,3,-17.795761108398438,7316.45068359375,0.0,0.0,0.0
141,4,-19.831153869628906,20243.25390625,0.0,0.0,0.5
141,5,-13.408371925354004,87.30931091308594,0.3333333432674408,0.6666666865348816,0.6666666865348816
141,6,-32.462345123291016,223.71902465820312,0.5,0.6666666865348816,0.6666666865348816
141,7,-4.538854122161865,4.5401105880737305,0.3333333432674408,1.0,1.0
141,8,-29.6419677734375,1653.239501953125,0.25,0.25,0.5
141,9,-18.533554077148438,481.9552307128906,0.0,0.3333333432674408,0.6666666865348816
141,10,-12.83518123626709,24.749252319335938,0.25,0.75,1.0
141,11,-16.91729164123535,11.209436416625977,0.4285714626312256,0.8571429252624512,0.8571429252624512
141,12,-13.140137672424316,713.4188842773438,0.5,0.5,0.5
141,13,-7.723980903625488,6.8963704109191895,0.75,0.75,0.75
141,14,-18.990604400634766,13297.11328125,0.0,0.0,0.5
141,15,-10.193822860717773,29.902462005615234,0.3333333432674408,0.6666666865348816,0.6666666865348816
141,16,-5.339589595794678,14.437006950378418,0.5,0.5,1.0
141,17,-4.904321193695068,11.613411903381348,0.5,1.0,1.0
141,18,-3.3824727535247803,5.426185131072998,0.5,1.0,1.0
141,19,-7.371923923492432,11.673345565795898,0.3333333432674408,0.6666666865348816,1.0
141,20,-7.129081726074219,1247.730712890625,0.0,0.0,0.0
141,21,-25.702241897583008,381215.8125,0.0,0.0,0.0
141,22,-25.622390747070312,24.601289749145508,0.25,0.625,0.875
141,23,-10.650971412658691,205.50816345214844,0.5,0.5,0.5
141,24,-6.168567657470703,21.8518123626709,0.5,0.5,1.0
141,25,-15.831941604614258,195.8430938720703,0.0,0.3333333432674408,1.0
141,26,-4.779618740081787,10.91141414642334,0.5,1.0,1.0
141,27,-7.079784393310547,34.46320343017578,0.0,1.0,1.0
141,28,-4.574440956115723,9.847527503967285,0.5,1.0,1.0
141,29,-9.32484245300293,105.89216613769531,0.0,0.5,1.0
141,30,-3.407712459564209,30.196090698242188,0.0,1.0,1.0
141,31,-10.084535598754883,5.3696136474609375,0.5,0.8333333730697632,1.0
141,32,-2.30437970161438,2.155723810195923,0.6666666865348816,1.0,1.0
141,33,-18.17084503173828,8825.6943359375,0.0,0.0,0.5
141,34,-12.562191009521484,8.114871978759766,0.6666666865348816,0.8333333730697632,1.0
141,35,-6.246586799621582,22.721086502075195,0.5,0.5,1.0
141,36,-7.568774223327637,44.008689880371094,0.5,0.5,0.5
141,37,-11.390873908996582,4.1531171798706055,0.75,0.875,1.0
141,38,-6.764303207397461,5.425314426422119,0.75,1.0,1.0
141,39,-13.497032165527344,852.7922973632812,0.5,0.5,0.5
141,40,-16.318283081054688,3495.184814453125,0.0,0.5,0.5
141,41,-22.59436798095703,16.849079132080078,0.375,0.75,0.875
141,42,-5.7660956382751465,6.834831714630127,0.3333333432674408,1.0,1.0
141,43,-12.82413101196289,24.68097496032715,0.5,0.75,1.0
141,44,-19.434932708740234,128.86087036132812,0.0,0.5,0.75
141,45,-9.710186004638672,128.3926239013672,0.0,0.5,0.5
141,46,-10.211496353149414,30.079147338867188,0.6666666865348816,0.6666666865348816,0.6666666865348816
141,47,-9.429056167602539,23.173717498779297,0.6666666865348816,0.6666666865348816,0.6666666865348816
141,48,-13.92874526977539,10.190518379211426,0.3333333432674408,0.8333333730697632,1.0
141,49,-2.6774258613586426,1.7082768678665161,0.800000011920929,1.0,1.0
141,50,-2.5580949783325195,3.5932154655456543,0.5,1.0,1.0
141,51,-20.0877742767334,28.444717407226562,0.3333333432674408,0.6666666865348816,0.8333333730697632
141,52,-10.392267227172852,180.57272338867188,0.5,0.5,0.5
141,53,-7.357991695404053,11.619258880615234,0.3333333432674408,1.0,1.0
141,54,-9.961345672607422,7.332152843475342,0.6000000238418579,0.800000011920929,1.0
141,55,-11.704952239990234,18.657310485839844,0.25,0.75,1.0
141,56,-13.190543174743652,81.19451904296875,0.0,0.3333333432674408,1.0
141,57,-9.191461563110352,9.952913284301758,0.5,0.75,1.0
141,58,-18.74260902404785,516.7381591796875,0.0,0.3333333432674408,0.3333333432674408
141,59,-6.72774076461792,9.417598724365234,0.6666666865348816,0.6666666865348816,1.0
141,60,-9.203960418701172,9.984062194824219,0.5,1.0,1.0
141,61,-13.35634708404541,794.8660278320312,0.0,0.5,0.5
141,62,-9.121301651000977,9.779862403869629,0.25,0.75,1.0
141,63,-5.872203350067139,18.84225082397461,0.5,0.5,1.0
141,64,-8.470495223999023,69.07878112792969,0.0,0.5,1.0
141,65,-16.36257553100586,3573.453857421875,0.0,0.0,0.5
141,66,-13.555305480957031,91.6919937133789,0.6666666865348816,0.6666666865348816,0.6666666865348816
141,67,-20.875865936279297,34130.03125,0.0,0.0,0.0
141,68,-10.966151237487793,38.68236541748047,0.3333333432674408,0.6666666865348816,0.6666666865348816
141,69,-10.839910507202148,225.86900329589844,0.0,0.5,1.0
141,70,-17.06341552734375,71.22571563720703,0.0,0.5,0.75
141,71,-5.840753078460693,18.54827117919922,0.5,0.5,1.0
142,0,-6.4925713539123535,25.694725036621094,0.5,0.5,1.0
142,1,-4.22025203704834,8.24928092956543,0.5,1.0,1.0
142,2,-8.883279800415039,19.31907844543457,0.6666666865348816,0.6666666865348816,0.6666666865348816
142,3,-17.7436580657959,7128.30712890625,0.0,0.0,0.0
142,4,-19.824365615844727,20174.6640625,0.0,0.0,0.5
142,5,-13.405928611755371,87.23823547363281,0.3333333432674408,0.6666666865348816,0.6666666865348816
142,6,-32.37913131713867,220.63771057128906,0.5,0.6666666865348816,0.6666666865348816
142,7,-4.538430690765381,4.5394697189331055,0.3333333432674408,1.0,1.0
142,8,-29.638296127319336,1651.72265625,0.25,0.25,0.5
142,9,-18.432279586791992,465.95684814453125,0.0,0.3333333432674408,0.6666666865348816
142,10,-12.697538375854492,23.912099838256836,0.25,0.75,1.0
142,11,-16.810340881347656,11.039473533630371,0.4285714626312256,0.8571429252624512,0.8571429252624512
142,12,-13.156907081604004,719.4259033203125,0.5,0.5,0.5
142,13,-7.726606369018555,6.900898456573486,0.75,0.75,0.75
142,14,-18.97724151611328,13208.5654296875,0.0,0.0,0.5
142,15,-10.211255073547363,30.076725006103516,0.3333333432674408,0.6666666865348816,0.6666666865348816
142,16,-5.405116558074951,14.9178466796875,0.5,0.5,1.0
142,17,-4.8416595458984375,11.255194664001465,0.5,1.0,1.0
142,18,-3.432640790939331,5.564017295837402,0.5,1.0,1.0
142,19,-7.388153553009033,11.736666679382324,0.3333333432674408,0.6666666865348816,1.0
142,20,-7.146239280700684,1269.3233642578125,0.0,0.0,0.0
142,21,-25.74655532836914,389756.5625,0.0,0.0,0.0
142,22,-25.548717498779297,24.37577247619629,0.25,0.625,0.875
142,23,-10.646913528442383,205.09161376953125,0.5,0.5,0.5
142,24,-6.132232189178467,21.458398818969727,0.5,0.5,1.0
142,25,-15.761589050292969,191.3038330078125,0.0,0.3333333432674408,1.0
142,26,-4.845782279968262,11.278420448303223,0.5,1.0,1.0
142,27,-6.996807098388672,33.062625885009766,0.0,1.0,1.0
142,28,-4.549630165100098,9.726119995117188,0.5,1.0,1.0
142,29,-9.339274406433105,106.65904235839844,0.0,0.5,1.0
142,30,-3.4160563945770264,30.449098587036133,0.0,1.0,1.0
142,31,-10.121164321899414,5.402493953704834,0.5,0.8333333730697632,1.0
142,32,-2.3325390815734863,2.176053762435913,0.6666666865348816,1.0,1.0
142,33,-18.111717224121094,8568.5908203125,0.0,0.0,0.5
142,34,-12.588383674621582,8.150375366210938,0.6666666865348816,0.8333333730697632,1.0
142,35,-6.344755172729492,23.86415672302246,0.5,0.5,1.0
142,36,-7.600148677825928,44.704505920410156,0.5,0.5,0.5
142,37,-11.515914916992188,4.218541145324707,0.75,0.875,1.0
142,38,-6.654966354370117,5.279026031494141,0.75,1.0,1.0
142,39,-13.520099639892578,862.6851806640625,0.5,0.5,0.5
142,40,-16.306377410888672,3474.4404296875,0.0,0.5,0.5
142,41,-22.563430786132812,16.784046173095703,0.375,0.75,0.875
142,42,-5.722882270812988,6.737085819244385,0.3333333432674408,1.0,1.0
142,43,-12.81185531616211,24.605348587036133,0.5,0.75,1.0
142,44,-19.447410583496094,129.26345825195312,0.0,0.5,0.75
142,45,-9.7284517288208,129.57058715820312,0.0,0.5,0.5
142,46,-10.344364166259766,31.441267013549805,0.6666666865348816,0.6666666865348816,0.6666666865348816
142,47,-9.397419929504395,22.930622100830078,0.6666666865348816,0.6666666865348816,0.6666666865348816
142,48,-13.902902603149414,10.146718978881836,0.3333333432674408,0.6666666865348816,1.0
142,49,-2.5759570598602295,1.6739588975906372,0.800000011920929,1.0,1.0
142,50,-2.5223350524902344,3.5295398235321045,0.5,1.0,1.0
142,51,-20.0367488861084,28.203842163085938,0.3333333432674408,0.8333333730697632,0.8333333730697632
142,52,-10.383999824523926,179.8278350830078,0.5,0.5,0.5
142,53,-7.349645137786865,11.586977005004883,0.3333333432674408,1.0,1.0
142,54,-10.19581127166748,7.684168815612793,0.6000000238418579,0.800000011920929,1.0
142,55,-11.708904266357422,18.675752639770508,0.25,0.75,1.0
142,56,-13.30533218383789,84.36145782470703,0.0,0.3333333432674408,1.0
142,57,-9.208580017089844,9.995599746704102,0.5,0.75,1.0
142,58,-18.69806671142578,509.12261962890625,0.0,0.3333333432674408,0.3333333432674408
142,59,-6.701425075531006,9.335350036621094,0.6666666865348816,0.6666666865348816,1.0
142,60,-9.188803672790527,9.946303367614746,0.5,1.0,1.0
142,61,-13.354491233825684,794.1287841796875,0.0,0.5,0.5
142,62,-9.27466869354248,10.162120819091797,0.25,0.75,1.0
142,63,-5.890852928161621,19.01877212524414,0.5,0.5,1.0
142,64,-8.426794052124023,67.58573913574219,0.0,0.5,1.0
142,65,-16.362640380859375,3573.569580078125,0.0,0.0,0.5
142,66,-13.527900695800781,90.85821533203125,0.6666666865348816,0.6666666865348816,0.6666666865348816
142,67,-20.913837432861328,34784.20703125,0.0,0.0,0.0
142,68,-10.948588371276855,38.456565856933594,0.3333333432674408,0.6666666865348816,0.6666666865348816
142,69,-10.870343208312988,229.33221435546875,0.0,0.5,1.0
142,70,-16.927629470825195,68.84842681884766,0.0,0.75,0.75
142,71,-5.927035808563232,19.365978240966797,0.5,0.5,1.0
143,0,-6.534114360809326,26.23402214050293,0.5,0.5,1.0
143,1,-4.175983428955078,8.068695068359375,0.5,1.0,1.0
143,2,-8.857049942016602,19.150903701782227,0.6666666865348816,0.6666666865348816,0.6666666865348816
143,3,-17.746028900146484,7136.76220703125,0.0,0.0,0.0
143,4,-19.81564712524414,20086.908203125,0.0,0.0,0.5
143,5,-13.426495552062988,87.83839416503906,0.3333333432674408,0.6666666865348816,0.6666666865348816
143,6,-32.4115104675293,221.8315887451172,0.5,0.6666666865348816,0.6666666865348816
143,7,-4.530364990234375,4.527281761169434,0.3333333432674408,1.0,1.0
143,8,-29.528749465942383,1607.1011962890625,0.25,0.25,0.5
143,9,-18.449974060058594,468.71337890625,0.0,0.3333333432674408,0.6666666865348816
143,10,-12.806299209594727,24.57119369506836,0.25,0.75,1.0
143,11,-16.854618072509766,11.109521865844727,0.4285714626312256,0.8571429252624512,0.8571429252624512
143,12,-13.060002326965332,685.3989868164062,0.5,0.5,0.5
143,13,-7.737390518188477,6.919528961181641,0.75,0.75,0.75
143,14,-19.02249526977539,13510.8408203125,0.0,0.0,0.5
143,15,-10.24953842163086,30.462997436523438,0.3333333432674408,0.6666666865348816,0.6666666865348816
143,16,-5.395956993103027,14.849682807922363,0.5,0.5,1.0
143,17,-4.865032196044922,11.38749885559082,0.5,1.0,1.0
143,18,-3.40263295173645,5.481158256530762,0.5,1.0,1.0
143,19,-7.477507591247559,12.091496467590332,0.3333333432674408,0.6666666865348816,1.0
143,20,-7.160326957702637,1287.331787109375,0.0,0.0,0.0
143,21,-25.616100311279297,365145.125,0.0,0.0,0.0
143,22,-25.54595947265625,24.36737060546875,0.25,0.625,0.875
143,23,-10.680971145629883,208.61398315429688,0.5,0.5,0.5
143,24,-6.122974395751953,21.35930061340332,0.5,0.5,1.0
143,25,-15.821718215942383,195.17689514160156,0.0,0.3333333432674408,1.0
143,26,-4.884584426879883,11.499369621276855,0.5,1.0,1.0
143,27,-7.050723075866699,33.9660530090332,0.0,1.0,1.0
143,28,-4.602879524230957,9.988553047180176,0.5,1.0,1.0
143,29,-9.419943809509277,111.0490493774414,0.0,0.5,1.0
143,30,-3.44401216506958,31.31233787536621,0.0,1.0,1.0
143,31,-10.175076484680176,5.451256275177002,0.5,0.8333333730697632,1.0
143,32,-2.337907314300537,2.1799509525299072,0.6666666865348816,1.0,1.0
143,33,-18.206085205078125,8982.58203125,0.0,0.0,0.5
143,34,-12.395261764526367,7.892216205596924,0.6666666865348816,0.8333333730697632,1.0
143,35,-6.2875142097473145,23.190834045410156,0.5,0.5,1.0
143,36,-7.618407249450684,45.114498138427734,0.5,0.5,0.5
143,37,-11.418798446655273,4.16763973236084,0.75,0.875,1.0
143,38,-6.740957260131836,5.393741607666016,0.75,1.0,1.0
143,39,-13.468387603759766,840.6654663085938,0.5,0.5,0.5
143,40,-16.355026245117188,3559.990478515625,0.0,0.5,0.5
143,41,-22.573501586914062,16.80518913269043,0.375,0.75,0.875
143,42,-5.855766296386719,7.042210102081299,0.3333333432674408,1.0,1.0
143,43,-12.793957710266113,24.495500564575195,0.5,0.75,1.0
143,44,-19.545753479003906,132.4808807373047,0.0,0.5,0.75
143,45,-9.688700675964355,127.02073669433594,0.0,0.5,0.5
143,46,-10.16988468170166,29.664810180664062,0.6666666865348816,0.6666666865348816,0.6666666865348816
143,47,-9.378182411193848,22.7840518951416,0.6666666865348816,0.6666666865348816,0.6666666865348816
143,48,-13.988763809204102,10.29296588897705,0.3333333432674408,0.8333333730697632,1.0
143,49,-2.5528347492218018,1.6662356853485107,0.800000011920929,1.0,1.0
143,50,-2.5602216720581055,3.5970382690429688,0.5,1.0,1.0
143,51,-20.05893325805664,28.30831527709961,0.3333333432674408,0.8333333730697632,0.8333333730697632
143,52,-10.378666877746582,179.34896850585938,0.5,0.5,0.5
143,53,-7.4840569496154785,12.11792278289795,0.3333333432674408,1.0,1.0
143,54,-10.108942985534668,7.551820278167725,0.6000000238418579,0.800000011920929,1.0
143,55,-11.78274917602539,19.023733139038086,0.25,0.75,1.0
143,56,-13.26677131652832,83.28404235839844,0.0,0.3333333432674408,1.0
143,57,-9.04891586303711,9.604473114013672,0.5,0.75,1.0
143,58,-18.671512603759766,504.635986328125,0.0,0.3333333432674408,0.3333333432674408
143,59,-6.69744348526001,9.322970390319824,0.6666666865348816,0.6666666865348816,1.0
143,60,-9.175490379333496,9.913253784179688,0.5,1.0,1.0
143,61,-13.29272747039795,769.9793701171875,0.0,0.5,0.5
143,62,-9.188498497009277,9.94554328918457,0.25,0.75,1.0
143,63,-5.899929046630859,19.105276107788086,0.5,0.5,1.0
143,64,-8.45718765258789,68.62067413330078,0.0,0.5,1.0
143,65,-16.31829261779785,3495.201416015625,0.0,0.0,0.5
143,66,-13.52847671508789,90.87567901611328,0.6666666865348816,0.6666666865348816,0.6666666865348816
143,67,-20.936073303222656,35173.09375,0.0,0.0,0.0
143,68,-10.950374603271484,38.47946548461914,0.3333333432674408,0.6666666865348816,0.6666666865348816
143,69,-10.870903015136719,229.39639282226562,0.0,0.5,1.0
143,70,-17.0645809173584,71.24646759033203,0.0,0.75,0.75
143,71,-5.842174530029297,18.561458587646484,0.5,0.5,1.0
144,0,-6.510410785675049,25.92494010925293,0.5,0.5,1.0
144,1,-4.230905055999756,8.29333782196045,0.5,1.0,1.0
144,2,-8.86587142944336,19.20730209350586,0.6666666865348816,0.6666666865348816,0.6666666865348816
144,3,-17.876262664794922,7616.9501953125,0.0,0.0,0.0
144,4,-19.855567932128906,20491.87890625,0.0,0.0,0.5
144,5,-13.411057472229004,87.38754272460938,0.3333333432674408,0.6666666865348816,0.6666666865348816
144,6,-32.50382995605469,225.2711944580078,0.5,0.6666666865348816,0.6666666865348816
144,7,-4.7388153076171875,4.853038787841797,0.3333333432674408,1.0,1.0
144,8,-29.51079750061035,1599.9046630859375,0.25,0.25,0.5
144,9,-18.332204818725586,450.6697998046875,0.0,0.3333333432674408,0.6666666865348816
144,10,-12.752969741821289,24.24577522277832,0.25,0.75,1.0
144,11,-16.939619064331055,11.245246887207031,0.4285714626312256,0.8571429252624512,0.8571429252624512
144,12,-13.100035667419434,699.2566528320312,0.5,0.5,0.5
144,13,-7.772066116333008,6.979774475097656,0.75,0.75,0.75
144,14,-19.01514434814453,13461.2734375,0.0,0.0,0.5
144,15,-10.205498695373535,30.01906967163086,0.3333333432674408,0.6666666865348816,0.6666666865348816
144,16,-5.381721019744873,14.744357109069824,0.5,0.5,1.0
144,17,-4.848345756530762,11.292884826660156,0.5,1.0,1.0
144,18,-3.4329075813293457,5.564759254455566,0.5,1.0,1.0
144,19,-7.438012599945068,11.933355331420898,0.3333333432674408,0.6666666865348816,1.0
144,20,-7.1443986892700195,1266.9892578125,0.0,0.0,0.0
144,21,-25.64046859741211,369621.34375,0.0,0.0,0.0
144,22,-25.615612030029297,24.58045196533203,0.25,0.625,0.875
144,23,-10.665565490722656,207.01324462890625,0.5,0.5,0.5
144,24,-6.145325183868408,21.59933853149414,0.5,0.5,1.0
144,25,-15.750704765319824,190.61106872558594,0.0,0.3333333432674408,1.0
144,26,-4.881447792053223,11.481348991394043,0.5,1.0,1.0
144,27,-7.092945575714111,34.69074249267578,0.0,1.0,1.0
144,28,-4.549025535583496,9.723179817199707,0.5,1.0,1.0
144,29,-9.315500259399414,105.398681640625,0.0,0.5,1.0
144,30,-3.4462907314300537,31.383764266967773,0.0,1.0,1.0
144,31,-10.117063522338867,5.398803234100342,0.5,0.8333333730697632,1.0
144,32,-2.3183507919311523,2.1657865047454834,0.6666666865348816,1.0,1.0
144,33,-18.122133255004883,8613.3330078125,0.0,0.0,0.5
144,34,-12.575270652770996,8.132580757141113,0.6666666865348816,0.8333333730697632,1.0
144,35,-6.370872974395752,24.177839279174805,0.5,0.5,1.0
144,36,-7.637240409851074,45.54132843017578,0.5,0.5,0.5
144,37,-11.409707069396973,4.162906169891357,0.75,0.875,1.0
144,38,-6.765833854675293,5.4273905754089355,0.75,1.0,1.0
144,39,-13.548798561096191,875.1534423828125,0.5,0.5,0.5
144,40,-16.396650314331055,3634.857666015625,0.0,0.5,0.5
144,41,-22.620277404785156,16.903736114501953,0.375,0.75,0.875
144,42,-5.76519775390625,6.832786560058594,0.3333333432674408,1.0,1.0
144,43,-12.76173210144043,24.298946380615234,0.5,0.75,1.0
144,44,-19.389415740966797,127.40283203125,0.0,0.5,0.75
144,45,-9.719985961914062,129.02330017089844,0.0,0.5,0.5
144,46,-10.488567352294922,32.98949432373047,0.6666666865348816,0.6666666865348816,0.6666666865348816
144,47,-9.356653213500977,22.621126174926758,0.6666666865348816,0.6666666865348816,0.6666666865348816
144,48,-13.970783233642578,10.262165069580078,0.3333333432674408,0.8333333730697632,1.0
144,49,-2.6051363945007324,1.6837564706802368,0.800000011920929,1.0,1.0
144,50,-2.5051615238189697,3.4993622303009033,0.5,1.0,1.0
144,51,-20.13017463684082,28.646440505981445,0.3333333432674408,0.6666666865348816,0.8333333730697632
144,52,-10.335925102233887,175.55677795410156,0.5,0.5,0.5
144,53,-7.433472633361816,11.915311813354492,0.3333333432674408,1.0,1.0
144,54,-10.099129676818848,7.537013530731201,0.6000000238418579,0.800000011920929,1.0
144,55,-11.589889526367188,18.128265380859375,0.25,0.75,1.0
144,56,-13.234647750854492,82.39700317382812,0.0,0.3333333432674408,1.0
144,57,-9.142511367797852,9.831856727600098,0.5,0.75,1.0
144,58,-18.778221130371094,522.9088134765625,0.0,0.3333333432674408,0.3333333432674408
144,59,-6.684330940246582,9.282308578491211,0.6666666865348816,0.6666666865348816,1.0
144,60,-9.29311752319336,10.209099769592285,0.5,1.0,1.0
144,61,-13.336363792419434,786.9635620117188,0.0,0.5,0.5
144,62,-9.39542293548584,10.473578453063965,0.25,0.75,1.0
144,63,-5.85173225402832,18.650373458862305,0.5,0.5,1.0
144,64,-8.47912883758545,69.37762451171875,0.0,0.5,1.0
144,65,-16.383928298950195,3611.809326171875,0.0,0.0,0.5
144,66,-13.466723442077637,89.02416229248047,0.6666666865348816,0.6666666865348816,0.6666666865348816
144,67,-20.90032196044922,34549.9375,0.0,0.0,0.0
144,68,-10.952000617980957,38.500335693359375,0.3333333432674408,0.6666666865348816,0.6666666865348816
144,69,-10.786378860473633,219.9036407470703,0.0,0.5,1.0
144,70,-16.921159744262695,68.7371597290039,0.0,0.75,0.75
144,71,-5.8363423347473145,18.507410049438477,0.5,0.5,1.0
145,0,-6.481725692749023,25.555763244628906,0.5,0.5,1.0
145,1,-4.277271270751953,8.487850189208984,0.5,1.0,1.0
145,2,-8.881373405456543,19.306806564331055,0.6666666865348816,0.6666666865348816,0.6666666865348816
145,3,-17.749019622802734,7147.4423828125,0.0,0.0,0.0
145,4,-20.021827697753906,22268.17578125,0.0,0.0,0.5
145,5,-13.464095115661621,88.94621276855469,0.3333333432674408,0.6666666865348816,0.6666666865348816
145,6,-32.43528747558594,222.7124481201172,0.5,0.6666666865348816,0.6666666865348816
145,7,-4.596156120300293,4.627663612365723,0.3333333432674408,1.0,1.0
145,8,-29.550222396850586,1615.751708984375,0.25,0.25,0.5
145,9,-18.418798446655273,463.86767578125,0.0,0.3333333432674408,0.6666666865348816
145,10,-12.749281883239746,24.223434448242188,0.25,0.75,1.0
145,11,-16.869997024536133,11.133956909179688,0.4285714626312256,0.8571429252624512,0.8571429252624512
145,12,-12.981475830078125,659.0094604492188,0.5,0.5,0.5
145,13,-7.695864200592041,6.848064422607422,0.75,0.75,0.75
145,14,-19.041400909423828,13639.1611328125,0.0,0.0,0.0
145,15,-10.250722885131836,30.475025177001953,0.3333333432674408,0.6666666865348816,0.6666666865348816
145,16,-5.3625054359436035,14.603376388549805,0.5,0.5,1.0
145,17,-4.860586643218994,11.362214088439941,0.5,1.0,1.0
145,18,-3.4369542598724365,5.576030254364014,0.5,1.0,1.0
145,19,-7.400959014892578,11.786873817443848,0.3333333432674408,0.6666666865348816,1.0
145,20,-7.159721374511719,1286.5523681640625,0.0,0.0,0.0
145,21,-25.691381454467773,379151.375,0.0,0.0,0.0
145,22,-25.51493263244629,24.273046493530273,0.25,0.625,0.875
145,23,-10.713315963745117,212.0152130126953,0.5,0.5,0.5
145,24,-6.227442741394043,22.504636764526367,0.5,0.5,1.0
145,25,-15.80634593963623,194.17933654785156,0.0,0.3333333432674408,1.0
145,26,-4.869086265563965,11.410604476928711,0.5,1.0,1.0
145,27,-7.102388381958008,34.854915618896484,0.0,1.0,1.0
145,28,-4.588613033294678,9.917555809020996,0.5,1.0,1.0
145,29,-9.296323776245117,104.3929214477539,0.0,0.5,1.0
145,30,-3.4088268280029297,30.229761123657227,0.0,1.0,1.0
145,31,-10.191532135009766,5.4662275314331055,0.5,0.8333333730697632,1.0
145,32,-2.3217337131500244,2.1682302951812744,0.6666666865348816,1.0,1.0
145,33,-18.190948486328125,8914.85546875,0.0,0.0,0.5
145,34,-12.5087251663208,8.04288387298584,0.6666666865348816,0.8333333730697632,1.0
145,35,-6.350866794586182,23.937192916870117,0.5,0.5,1.0
145,36,-7.59360933303833,44.55857467651367,0.5,0.5,0.5
145,37,-11.36097526550293,4.137624740600586,0.75,0.875,1.0
145,38,-6.651375770568848,5.274289608001709,0.75,1.0,1.0
145,39,-13.449568748474121,832.7923583984375,0.5,0.5,0.5
145,40,-16.45081329345703,3734.639892578125,0.0,0.5,0.5
145,41,-22.588014602661133,16.835702896118164,0.375,0.75,0.875
145,42,-5.867167949676514,7.069025993347168,0.3333333432674408,1.0,1.0
145,43,-12.830699920654297,24.721540451049805,0.5,0.75,1.0
145,44,-19.54034423828125,132.30184936523438,0.0,0.5,0.75
145,45,-9.738395690917969,130.21641540527344,0.0,0.5,0.5
145,46,-10.223586082458496,30.200605392456055,0.6666666865348816,0.6666666865348816,0.6666666865348816
145,47,-9.396278381347656,22.921899795532227,0.6666666865348816,0.6666666865348816,0.6666666865348816
145,48,-13.901470184326172,10.14429759979248,0.3333333432674408,0.8333333730697632,1.0
145,49,-2.579967975616455,1.675302267074585,0.800000011920929,1.0,1.0
145,50,-2.5113730430603027,3.5102474689483643,0.5,1.0,1.0
145,51,-20.144493103027344,28.71487808227539,0.3333333432674408,0.6666666865348816,0.8333333730697632
145,52,-10.484342575073242,189.08021545410156,0.5,0.5,0.5
145,53,-7.472201824188232,12.070130348205566,0.3333333432674408,1.0,1.0
145,54,-10.062337875366211,7.481756687164307,0.6000000238418579,0.800000011920929,1.0
145,55,-11.680097579956055,18.54174041748047,0.25,0.75,1.0
145,56,-13.195039749145508,81.31629943847656,0.0,0.3333333432674408,1.0
145,57,-9.173110961914062,9.90735912322998,0.5,0.75,1.0
145,58,-18.632246017456055,498.0740051269531,0.0,0.3333333432674408,0.3333333432674408
145,59,-6.6377482414245605,9.139290809631348,0.6666666865348816,0.6666666865348816,1.0
145,60,-9.332693099975586,10.310608863830566,0.5,1.0,1.0
145,61,-13.429224014282227,824.3638305664062,0.0,0.5,0.5
145,62,-9.235799789428711,10.063851356506348,0.25,0.75,1.0
145,63,-5.9372382164001465,19.46502113342285,0.5,0.5,1.0
145,64,-8.562036514282227,72.31403350830078,0.0,0.5,1.0
145,65,-16.377117156982422,3599.530029296875,0.0,0.0,0.5
145,66,-13.559022903442383,91.80569458007812,0.6666666865348816,0.6666666865348816,0.6666666865348816
145,67,-20.93278694152832,35115.34375,0.0,0.0,0.0
145,68,-10.918328285217285,38.070613861083984,0.3333333432674408,0.6666666865348816,0.6666666865348816
145,69,-10.871846199035645,229.50462341308594,0.0,0.5,1.0
145,70,-17.04207420349121,70.84671020507812,0.0,0.5,0.75
145,71,-5.836521148681641,18.509065628051758,0.5,0.5,1.0
146,0,-6.540473461151123,26.317569732666016,0.5,0.5,1.0
146,1,-4.246654033660889,8.358901023864746,0.5,1.0,1.0
146,2,-8.85328483581543,19.126882553100586,0.6666666865348816,0.6666666865348816,0.6666666865348816
146,3,-17.82703971862793,7431.77392578125,0.0,0.0,0.0
146,4,-19.874265670776367,20684.353515625,0.0,0.0,0.5
146,5,-13.473564147949219,89.22738647460938,0.3333333432674408,0.6666666865348816,0.6666666865348816
146,6,-32.51686096191406,225.76100158691406,0.5,0.6666666865348816,0.6666666865348816
146,7,-4.536196231842041,4.536089897155762,0.3333333432674408,1.0,1.0
146,8,-29.563312530517578,1621.0479736328125,0.25,0.25,0.5
146,9,-18.366939544677734,455.91802978515625,0.0,0.3333333432674408,0.6666666865348816
146,10,-12.724322319030762,24.072751998901367,0.25,0.75,1.0
146,11,-16.799118041992188,11.021787643432617,0.4285714626312256,0.8571429252624512,0.8571429252624512
146,12,-12.889211654663086,629.298583984375,0.5,0.5,0.5
146,13,-7.708014488220215,6.868897438049316,0.75,0.75,0.75
146,14,-19.026752471923828,13539.630859375,0.0,0.0,0.5
146,15,-10.209120750427246,30.055334091186523,0.3333333432674408,0.6666666865348816,0.6666666865348816
146,16,-5.396900653839111,14.856691360473633,0.5,0.5,1.0
146,17,-4.848905086517334,11.296043395996094,0.5,1.0,1.0
146,18,-3.403468370437622,5.483448028564453,0.5,1.0,1.0
146,19,-7.353076934814453,11.600239753723145,0.3333333432674408,0.6666666865348816,1.0
146,20,-7.158674240112305,1285.2060546875,0.0,0.0,0.0
146,21,-25.699201583862305,380636.75,0.0,0.0,0.0
146,22,-25.52945327758789,24.31714630126953,0.25,0.625,0.875
146,23,-10.728158950805664,213.59451293945312,0.5,0.5,0.5
146,24,-6.156126499176025,21.71630096435547,0.5,0.5,1.0
146,25,-15.855860710144043,197.41082763671875,0.0,0.3333333432674408,1.0
146,26,-4.86787223815918,11.403679847717285,0.5,1.0,1.0
146,27,-7.134898662567139,35.426116943359375,0.0,1.0,1.0
146,28,-4.55204439163208,9.737868309020996,0.5,1.0,1.0
146,29,-9.264710426330566,102.75579071044922,0.0,0.5,1.0
146,30,-3.4291648864746094,30.850868225097656,0.0,1.0,1.0
146,31,-10.204099655151367,5.477688789367676,0.5,0.8333333730697632,1.0
146,32,-2.3048934936523438,2.156093120574951,0.6666666865348816,1.0,1.0
146,33,-17.966064453125,7966.75244140625,0.0,0.0,0.5
146,34,-12.617624282836914,8.190193176269531,0.6666666865348816,0.8333333730697632,1.0
146,35,-6.238241672515869,22.62647819519043,0.5,0.5,1.0
146,36,-7.610032081604004,44.92597198486328,0.5,0.5,0.5
146,37,-11.309306144714355,4.110987663269043,0.75,0.875,1.0
146,38,-6.722800254821777,5.369313716888428,0.75,1.0,1.0
146,39,-13.571874618530273,885.3095703125,0.5,0.5,0.5
146,40,-16.378450393676758,3601.930419921875,0.0,0.5,0.5
146,41,-22.52322769165039,16.699913024902344,0.375,0.75,0.875
146,42,-5.769623756408691,6.842874050140381,0.3333333432674408,1.0,1.0
146,43,-12.756019592285156,24.264270782470703,0.5,0.75,1.0
146,44,-19.321306228637695,125.2518539428711,0.0,0.5,0.75
146,45,-9.709701538085938,128.36154174804688,0.0,0.5,0.5
146,46,-10.2398681640625,30.364957809448242,0.6666666865348816,0.6666666865348816,0.6666666865348816
146,47,-9.408670425415039,23.016780853271484,0.6666666865348816,0.6666666865348816,0.6666666865348816
146,48,-13.99891185760498,10.310389518737793,0.3333333432674408,0.8333333730697632,1.0
146,49,-2.6091055870056152,1.685093641281128,0.800000011920929,1.0,1.0
146,50,-2.498971462249756,3.488548517227173,0.5,1.0,1.0
146,51,-20.162553787231445,28.801448822021484,0.3333333432674408,0.8333333730697632,0.8333333730697632
146,52,-10.355353355407715,177.27047729492188,0.5,0.5,0.5
146,53,-7.362755298614502,11.63772201538086,0.3333333432674408,1.0,1.0
146,54,-10.12809944152832,7.580809116363525,0.6000000238418579,0.800000011920929,1.0
146,55,-11.65636920928955,18.43207550048828,0.25,0.75,1.0
146,56,-13.195646286010742,81.33273315429688,0.0,0.3333333432674408,1.0
146,57,-9.132564544677734,9.807437896728516,0.5,0.75,1.0
146,58,-18.64952278137207,500.9505920410156,0.0,0.3333333432674408,0.3333333432674408
146,59,-6.640725135803223,9.148364067077637,0.6666666865348816,0.6666666865348816,1.0
146,60,-9.165435791015625,9.88836669921875,0.5,1.0,1.0
146,61,-13.359413146972656,796.0855102539062,0.0,0.5,0.5
146,62,-9.212294578552246,10.004886627197266,0.25,0.75,1.0
146,63,-5.890778541564941,19.018064498901367,0.5,0.5,1.0
146,64,-8.469669342041016,69.05026245117188,0.0,0.5,1.0
146,65,-16.312118530273438,3484.42822265625,0.0,0.0,0.5
146,66,-13.521968841552734,90.67872619628906,0.6666666865348816,0.6666666865348816,0.6666666865348816
146,67,-20.913257598876953,34774.125,0.0,0.0,0.0
146,68,-10.914891242980957,38.02702713012695,0.3333333432674408,0.6666666865348816,0.6666666865348816
146,69,-10.85753059387207,227.8677215576172,0.0,0.5,1.0
146,70,-16.920392990112305,68.72398376464844,0.0,0.75,0.75
146,71,-5.895255088806152,19.060680389404297,0.5,0.5,1.0
147,0,-6.429757595062256,24.9002742767334,0.5,0.5,1.0
147,1,-4.221520900726318,8.254515647888184,0.5,1.0,1.0
147,2,-8.9382905960083,19.67660140991211,0.6666666865348816,0.6666666865348816,0.6666666865348816
147,3,-17.700721740722656,6976.90625,0.0,0.0,0.0
147,4,-19.81163787841797,20046.68359375,0.0,0.0,0.5
147,5,-13.346491813659668,85.52687072753906,0.3333333432674408,0.6666666865348816,0.6666666865348816
147,6,-32.39750289916992,221.31430053710938,0.5,0.6666666865348816,0.6666666865348816
147,7,-4.484243392944336,4.458211898803711,0.3333333432674408,1.0,1.0
147,8,-29.577592849731445,1626.8455810546875,0.25,0.25,0.5
147,9,-18.32596206665039,449.7330017089844,0.0,0.3333333432674408,0.6666666865348816
147,10,-12.821672439575195,24.66581153869629,0.25,0.75,1.0
147,11,-16.840099334716797,11.086504936218262,0.4285714626312256,0.8571429252624512,0.8571429252624512
147,12,-13.119248390197754,706.0062866210938,0.5,0.5,0.5
147,13,-7.728381633758545,6.903961658477783,0.75,0.75,0.75
147,14,-18.99305534362793,13313.41796875,0.0,0.0,0.0
147,15,-10.15681266784668,29.535831451416016,0.3333333432674408,0.6666666865348816,0.6666666865348816
147,16,-5.386626243591309,14.780564308166504,0.5,0.5,1.0
147,17,-4.883335590362549,11.492192268371582,0.5,1.0,1.0
147,18,-3.398568630218506,5.470031261444092,0.5,1.0,1.0
147,19,-7.364708423614502,11.645302772521973,0.3333333432674408,0.6666666865348816,1.0
147,20,-7.171040058135986,1301.1971435546875,0.0,0.0,0.0
147,21,-25.686683654785156,378261.8125,0.0,0.0,0.0
147,22,-25.590595245361328,24.503707885742188,0.25,0.625,0.875
147,23,-10.70725154876709,211.37330627441406,0.5,0.5,0.5
147,24,-6.158337593078613,21.740324020385742,0.5,0.5,1.0
147,25,-15.825071334838867,195.39515686035156,0.0,0.3333333432674408,1.0
147,26,-4.8217692375183105,11.143814086914062,0.5,1.0,1.0
147,27,-7.125426292419434,35.25872802734375,0.0,1.0,1.0
147,28,-4.559048175811768,9.772028923034668,0.5,1.0,1.0
147,29,-9.282739639282227,103.686279296875,0.0,0.5,1.0
147,30,-3.395843029022217,29.839797973632812,0.0,1.0,1.0
147,31,-10.212425231933594,5.485294818878174,0.5,0.8333333730697632,1.0
147,32,-2.3229260444641113,2.1690921783447266,0.6666666865348816,1.0,1.0
147,33,-18.045730590820312,8290.4970703125,0.0,0.0,0.5
147,34,-12.52009105682373,8.058133125305176,0.6666666865348816,0.8333333730697632,1.0
147,35,-6.3291215896606445,23.678340911865234,0.5,0.5,1.0
147,36,-7.65725564956665,45.99937438964844,0.5,0.5,0.5
147,37,-11.41999626159668,4.1682634353637695,0.75,0.875,1.0
147,38,-6.743914604187012,5.397731304168701,0.75,1.0,1.0
147,39,-13.60233211517334,898.8948364257812,0.5,0.5,0.5
147,40,-16.351367950439453,3553.484619140625,0.0,0.5,0.5
147,41,-22.549196243286133,16.754209518432617,0.375,0.75,0.875
147,42,-5.753378391265869,6.805920124053955,0.3333333432674408,1.0,1.0
147,43,-12.765975952148438,24.32474136352539,0.5,0.75,1.0
147,44,-19.37386131286621,126.90836334228516,0.0,0.5,0.75
147,45,-9.790346145629883,133.6431427001953,0.0,0.5,0.5
147,46,-10.25040054321289,30.471757888793945,0.6666666865348816,0.6666666865348816,0.6666666865348816
147,47,-9.38979434967041,22.872411727905273,0.6666666865348816,0.6666666865348816,0.6666666865348816
147,48,-13.8553466796875,10.06661319732666,0.3333333432674408,0.8333333730697632,1.0
147,49,-2.6124162673950195,1.6862096786499023,0.800000011920929,1.0,1.0
147,50,-2.5614655017852783,3.599275827407837,0.5,1.0,1.0
147,51,-20.122447967529297,28.609575271606445,0.3333333432674408,0.6666666865348816,0.8333333730697632
147,52,-10.344463348388672,176.307861328125,0.5,0.5,0.5
147,53,-7.438857078552246,11.936716079711914,0.3333333432674408,1.0,1.0
147,54,-10.184255599975586,7.666431427001953,0.6000000238418579,0.800000011920929,1.0
147,55,-11.663799285888672,18.466344833374023,0.25,0.75,1.0
147,56,-13.264533042907715,83.22195434570312,0.0,0.3333333432674408,1.0
147,57,-9.105484962463379,9.741267204284668,0.5,0.75,1.0
147,58,-18.637937545776367,499.0199279785156,0.0,0.3333333432674408,0.3333333432674408
147,59,-6.689623832702637,9.298699378967285,0.6666666865348816,0.6666666865348816,1.0
147,60,-9.12486457824707,9.788578033447266,0.5,1.0,1.0
147,61,-13.285133361816406,767.061279296875,0.0,0.5,0.5
147,62,-9.241419792175293,10.078001022338867,0.25,0.75,1.0
147,63,-5.908001899719238,19.18254852294922,0.5,0.5,1.0
147,64,-8.414421081542969,67.16891479492188,0.0,0.5,1.0
147,65,-16.33194923400879,3519.149658203125,0.0,0.0,0.5
147,66,-13.508705139160156,90.27870178222656,0.6666666865348816,0.6666666865348816,0.6666666865348816
147,67,-21.00439453125,36395.38671875,0.0,0.0,0.0
147,68,-10.984182357788086,38.915557861328125,0.3333333432674408,0.6666666865348816,0.6666666865348816
147,69,-10.867738723754883,229.03375244140625,0.0,0.5,1.0
147,70,-17.013256072998047,70.33812713623047,0.0,0.75,0.75
147,71,-5.888223648071289,18.993785858154297,0.5,0.5,1.0
148,0,-6.570693016052246,26.71824073791504,0.5,0.5,1.0
148,1,-4.2336907386779785,8.30489730834961,0.5,1.0,1.0
148,2,-8.889423370361328,19.358684539794922,0.6666666865348816,0.6666666865348816,0.6666666865348816
148,3,-17.827943801879883,7435.13427734375,0.0,0.0,0.0
148,4,-19.803329467773438,19963.576171875,0.0,0.0,0.5
148,5,-13.433212280273438,88.03526306152344,0.3333333432674408,0.6666666865348816,0.6666666865348816
148,6,-32.49004364013672,224.754150390625,0.5,0.6666666865348816,0.6666666865348816
148,7,-4.585648059844971,4.6114821434021,0.3333333432674408,1.0,1.0
148,8,-29.600133895874023,1636.0391845703125,0.25,0.25,0.5
148,9,-18.370887756347656,456.5184326171875,0.0,0.3333333432674408,0.6666666865348816
148,10,-12.713294982910156,24.00647735595703,0.25,0.75,1.0
148,11,-16.848346710205078,11.09957218170166,0.4285714626312256,0.8571429252624512,0.8571429252624512
148,12,-12.964395523071289,653.4053955078125,0.5,0.5,0.5
148,13,-7.732293128967285,6.910716533660889,0.75,0.75,0.75
148,14,-18.905872344970703,12745.5341796875,0.0,0.0,0.5
148,15,-10.278714179992676,30.760705947875977,0.3333333432674408,0.6666666865348816,0.6666666865348816
148,16,-5.425135612487793,15.067916870117188,0.5,0.5,1.0
148,17,-4.889724254608154,11.528960227966309,0.5,1.0,1.0
148,18,-3.410078525543213,5.501601696014404,0.5,1.0,1.0
148,19,-7.366755485534668,11.653251647949219,0.3333333432674408,0.6666666865348816,1.0
148,20,-7.149433612823486,1273.384521484375,0.0,0.0,0.0
148,21,-25.69771957397461,380354.78125,0.0,0.0,0.0
148,22,-25.497291564941406,24.219581604003906,0.25,0.625,0.875
148,23,-10.673080444335938,207.7925567626953,0.5,0.5,0.5
148,24,-6.208815097808838,22.296003341674805,0.5,0.5,1.0
148,25,-15.747791290283203,190.42601013183594,0.0,0.3333333432674408,1.0
148,26,-4.871381759643555,11.42370891571045,0.5,1.0,1.0
148,27,-7.095222473144531,34.730255126953125,0.0,1.0,1.0
148,28,-4.569779396057129,9.824602127075195,0.5,1.0,1.0
148,29,-9.266983032226562,102.87261962890625,0.0,0.5,1.0
148,30,-3.4452390670776367,31.350778579711914,0.0,1.0,1.0
148,31,-10.123933792114258,5.4049882888793945,0.5,0.8333333730697632,1.0
148,32,-2.3418521881103516,2.1828196048736572,0.6666666865348816,1.0,1.0
148,33,-18.087106704711914,8463.7978515625,0.0,0.0,0.5
148,34,-12.450371742248535,7.965040683746338,0.6666666865348816,0.8333333730697632,1.0
148,35,-6.274835586547852,23.04428482055664,0.5,0.5,1.0
148,36,-7.564510822296143,43.914974212646484,0.5,0.5,0.5
148,37,-11.380109786987305,4.147532939910889,0.75,0.875,1.0
148,38,-6.709418296813965,5.351380348205566,0.75,1.0,1.0
148,39,-13.443297386169434,830.1851196289062,0.5,0.5,0.5
148,40,-16.325454711914062,3507.740478515625,0.0,0.5,0.5
148,41,-22.633359909057617,16.931400299072266,0.375,0.75,0.875
148,42,-5.85713005065918,7.045413017272949,0.3333333432674408,1.0,1.0
148,43,-12.829258918762207,24.712636947631836,0.5,0.75,1.0
148,44,-19.468671798706055,129.95236206054688,0.0,0.5,0.75
148,45,-9.69799518585205,127.61241149902344,0.0,0.5,0.5
148,46,-10.205248832702637,30.016572952270508,0.6666666865348816,0.6666666865348816,0.6666666865348816
148,47,-9.418925285339355,23.095592498779297,0.6666666865348816,0.6666666865348816,0.6666666865348816
148,48,-14.018184661865234,10.343560218811035,0.3333333432674408,0.6666666865348816,1.0
148,49,-2.606968402862549,1.6843734979629517,0.800000011920929,1.0,1.0
148,50,-2.5194125175476074,3.524386167526245,0.5,1.0,1.0
148,51,-20.03824234008789,28.21086311340332,0.3333333432674408,0.8333333730697632,0.8333333730697632
148,52,-10.368189811706543,178.41188049316406,0.5,0.5,0.5
148,53,-7.405664443969727,11.805373191833496,0.3333333432674408,1.0,1.0
148,54,-10.133996963500977,7.589756488800049,0.6000000238418579,0.800000011920929,1.0
148,55,-11.658056259155273,18.439849853515625,0.25,0.75,1.0
148,56,-13.170660018920898,80.65817260742188,0.0,0.3333333432674408,1.0
148,57,-9.219263076782227,10.022331237792969,0.5,0.75,1.0
148,58,-18.679738998413086,506.0217590332031,0.0,0.3333333432674408,0.3333333432674408
148,59,-6.685084342956543,9.284640312194824,0.6666666865348816,0.6666666865348816,1.0
148,60,-9.243691444396973,10.083725929260254,0.5,1.0,1.0
148,61,-13.369830131530762,800.24267578125,0.0,0.5,0.5
148,62,-9.162018775939941,9.879922866821289,0.25,0.75,1.0
148,63,-5.876853942871094,18.8861141204834,0.5,0.5,1.0
148,64,-8.479471206665039,69.3895034790039,0.0,0.5,1.0
148,65,-16.389617919921875,3622.09912109375,0.0,0.0,0.5
148,66,-13.503035545349121,90.10826110839844,0.6666666865348816,0.6666666865348816,0.6666666865348816
148,67,-20.881023406982422,34218.15625,0.0,0.0,0.0
148,68,-10.959288597106934,38.59397506713867,0.3333333432674408,0.6666666865348816,0.6666666865348816
148,69,-10.967495918273926,240.74734497070312,0.0,0.5,1.0
148,70,-17.10700225830078,72.0060806274414,0.0,0.75,0.75
148,71,-5.886409282684326,18.9765625,0.5,0.5,1.0
149,0,-6.509521961212158,25.913419723510742,0.5,0.5,1.0
149,1,-4.198209285736084,8.15886116027832,0.5,1.0,1.0
149,2,-8.88502025604248,19.330293655395508,0.6666666865348816,0.6666666865348816,0.6666666865348816
149,3,-17.69964599609375,6973.15478515625,0.0,0.0,0.0
149,4,-20.03697967529297,22437.51953125,0.0,0.0,0.5
149,5,-13.348908424377441,85.59577941894531,0.3333333432674408,0.6666666865348816,0.6666666865348816
149,6,-32.3979606628418,221.33119201660156,0.5,0.6666666865348816,0.6666666865348816
149,7,-4.531752586364746,4.529376029968262,0.3333333432674408,1.0,1.0
149,8,-29.589670181274414,1631.7650146484375,0.25,0.25,0.5
149,9,-18.34150505065918,452.0690002441406,0.0,0.3333333432674408,0.6666666865348816
149,10,-12.734893798828125,24.136457443237305,0.25,0.75,1.0
149,11,-16.952892303466797,11.266592025756836,0.4285714626312256,0.8571429252624512,0.8571429252624512
149,12,-13.03890323638916,678.2063598632812,0.5,0.5,0.5
149,13,-7.761566162109375,6.961476802825928,0.75,0.75,0.75
149,14,-19.030094146728516,13562.271484375,0.0,0.0,0.5
149,15,-10.222983360290527,30.194543838500977,0.3333333432674408,0.6666666865348816,0.6666666865348816
149,16,-5.3959059715271,14.84930419921875,0.5,0.5,1.0
149,17,-4.84139347076416,11.253697395324707,0.5,1.0,1.0
149,18,-3.4730007648468018,5.6774396896362305,0.5,1.0,1.0
149,19,-7.406101226806641,11.807092666625977,0.3333333432674408,0.6666666865348816,1.0
149,20,-7.14780330657959,1271.3101806640625,0.0,0.0,0.0
149,21,-25.627334594726562,367201.9375,0.0,0.0,0.0
149,22,-25.667537689208984,24.740514755249023,0.25,0.625,0.875
149,23,-10.643852233886719,204.77793884277344,0.5,0.5,0.5
149,24,-6.2086334228515625,22.29397964477539,0.5,0.5,1.0
149,25,-15.809202194213867,194.36422729492188,0.0,0.3333333432674408,1.0
149,26,-4.83829927444458,11.236300468444824,0.5,1.0,1.0
149,27,-7.139946460723877,35.51564407348633,0.0,1.0,1.0
149,28,-4.563977241516113,9.796141624450684,0.5,1.0,1.0
149,29,-9.278048515319824,103.44336700439453,0.0,0.5,1.0
149,30,-3.4064266681671143,30.157289505004883,0.0,1.0,1.0
149,31,-10.10647964477539,5.389288425445557,0.5,0.8333333730697632,1.0
149,32,-2.368009090423584,2.201934814453125,0.6666666865348816,1.0,1.0
149,33,-18.104785919189453,8538.947265625,0.0,0.0,0.5
149,34,-12.564762115478516,8.1183500289917,0.6666666865348816,0.8333333730697632,1.0
149,35,-6.255223751068115,22.819419860839844,0.5,0.5,1.0
149,36,-7.603119373321533,44.770957946777344,0.5,0.5,0.5
149,37,-11.386594772338867,4.1508965492248535,0.75,0.875,1.0
149,38,-6.691826343536377,5.327896595001221,0.75,1.0,1.0
149,39,-13.54525375366211,873.6036987304688,0.5,0.5,0.5
149,40,-16.38115119934082,3606.7978515625,0.0,0.5,0.5
149,41,-22.529743194580078,16.713520050048828,0.375,0.75,0.875
149,42,-5.84175443649292,7.009395122528076,0.3333333432674408,1.0,1.0
149,43,-12.868703842163086,24.95754051208496,0.5,0.75,1.0
149,44,-19.405683517456055,127.92202758789062,0.0,0.5,0.75
149,45,-9.744144439697266,130.59124755859375,0.0,0.5,0.5
149,46,-10.159956932067871,29.566802978515625,0.6666666865348816,0.6666666865348816,0.6666666865348816
149,47,-9.447440147399902,23.316162109375,0.6666666865348816,0.6666666865348816,0.6666666865348816
149,48,-13.898307800292969,10.138951301574707,0.3333333432674408,0.8333333730697632,1.0
149,49,-2.5437283515930176,1.6632035970687866,0.800000011920929,1.0,1.0
149,50,-2.5581841468811035,3.5933756828308105,0.5,1.0,1.0
149,51,-20.06796646118164,28.350963592529297,0.3333333432674408,0.6666666865348816,0.8333333730697632
149,52,-10.339417457580566,175.8636016845703,0.5,0.5,0.5
149,53,-7.404245376586914,11.799790382385254,0.3333333432674408,1.0,1.0
149,54,-10.16447639465332,7.636163711547852,0.6000000238418579,0.800000011920929,1.0
149,55,-11.737874984741211,18.811508178710938,0.25,0.75,1.0
149,56,-13.272777557373047,83.45095825195312,0.0,0.3333333432674408,1.0
149,57,-9.11501407623291,9.764501571655273,0.5,0.75,1.0
149,58,-18.721590042114258,513.1304321289062,0.0,0.3333333432674408,0.3333333432674408
149,59,-6.701029300689697,9.33411979675293,0.6666666865348816,0.6666666865348816,1.0
149,60,-9.27592945098877,10.165324211120605,0.5,1.0,1.0
149,61,-13.439489364624023,828.60595703125,0.0,0.5,0.5
149,62,-9.272246360778809,10.15596866607666,0.25,0.75,1.0
149,63,-5.915152549743652,19.251256942749023,0.5,0.5,1.0
149,64,-8.480542182922363,69.42667388916016,0.0,0.5,1.0
149,65,-16.317039489746094,3493.01220703125,0.0,0.0,0.5
149,66,-13.472660064697266,89.20050048828125,0.6666666865348816,0.6666666865348816,0.6666666865348816
149,67,-20.90066146850586,34555.80078125,0.0,0.0,0.0
149,68,-11.048810958862305,39.76300048828125,0.3333333432674408,0.6666666865348816,0.6666666865348816
149,69,-10.898308753967285,232.56143188476562,0.0,0.5,1.0
149,70,-17.071632385253906,71.3721694946289,0.0,0.75,0.75
149,71,-5.880405902862549,18.91968536376953,0.5,0.5,1.0
150,0,-6.548734188079834,26.426496505737305,0.5,0.5,1.0
150,1,-4.173771858215332,8.05977725982666,0.5,1.0,1.0
150,2,-8.857439041137695,19.15338897705078,0.6666666865348816,0.6666666865348816,0.6666666865348816
150,3,-17.712841033935547,7019.31201171875,0.0,0.0,0.0
150,4,-19.640369415283203,18401.44921875,0.0,0.0,0.5
150,5,-13.495614051818848,89.88562774658203,0.3333333432674408,0.6666666865348816,0.6666666865348816
150,6,-32.49503707885742,224.94134521484375,0.5,0.6666666865348816,0.6666666865348816
150,7,-4.503721237182617,4.4872517585754395,0.3333333432674408,1.0,1.0
150,8,-29.65617561340332,1659.1220703125,0.25,0.25,0.5
150,9,-18.471416473388672,472.0754699707031,0.0,0.3333333432674408,0.6666666865348816
150,10,-12.718731880187988,24.03913116455078,0.25,0.75,1.0
150,11,-17.02438735961914,11.382250785827637,0.4285714626312256,0.8571429252624512,0.8571429252624512
150,12,-13.028980255126953,674.8497924804688,0.5,0.5,0.5
150,13,-7.738605499267578,6.921630859375,0.75,0.75,0.75
150,14,-18.999488830566406,13356.3125,0.0,0.0,0.5
150,15,-10.123575210571289,29.21040916442871,0.3333333432674408,0.6666666865348816,0.6666666865348816
150,16,-5.367367744445801,14.638921737670898,0.5,0.5,1.0
150,17,-4.866640567779541,11.396659851074219,0.5,1.0,1.0
150,18,-3.3741862773895264,5.403750419616699,0.5,1.0,1.0
150,19,-7.381092548370361,11.709074020385742,0.3333333432674408,0.6666666865348816,1.0
150,20,-7.156490325927734,1282.40234375,0.0,0.0,0.0
150,21,-25.641143798828125,369746.125,0.0,0.0,0.0
150,22,-25.60382843017578,24.544273376464844,0.25,0.625,0.875
150,23,-10.735207557678223,214.34861755371094,0.5,0.5,0.5
150,24,-6.167656898498535,21.84186363220215,0.5,0.5,1.0
150,25,-15.858800888061523,197.60435485839844,0.0,0.3333333432674408,1.0
150,26,-4.854288578033447,11.32649040222168,0.5,1.0,1.0
150,27,-7.022954940795898,33.49772262573242,0.0,1.0,1.0
150,28,-4.5598530769348145,9.775962829589844,0.5,1.0,1.0
150,29,-9.325116157531738,105.90665435791016,0.0,0.5,1.0
150,30,-3.449096202850342,31.471935272216797,0.0,1.0,1.0
150,31,-10.160957336425781,5.438443660736084,0.5,0.8333333730697632,1.0
150,32,-2.303161144256592,2.154848575592041,0.6666666865348816,1.0,1.0
150,33,-18.10524559020996,8540.91015625,0.0,0.0,0.5
150,34,-12.466802597045898,7.98688268661499,0.6666666865348816,0.8333333730697632,1.0
150,35,-6.308434009552002,23.434680938720703,0.5,0.5,1.0
150,36,-7.544499397277832,43.47776794433594,0.5,0.5,0.5
150,37,-11.370401382446289,4.142502784729004,0.75,0.875,1.0
150,38,-6.756941318511963,5.415338039398193,0.75,1.0,1.0
150,39,-13.571833610534668,885.2913208007812,0.5,0.5,0.5
150,40,-16.358022689819336,3565.328125,0.0,0.5,0.5
150,41,-22.489089965820312,16.628801345825195,0.375,0.75,0.875
150,42,-5.84220027923584,7.010437488555908,0.3333333432674408,1.0,1.0
150,43,-12.778520584106445,24.401147842407227,0.5,0.75,1.0
150,44,-19.357128143310547,126.37858581542969,0.0,0.5,0.75
150,45,-9.739519119262695,130.28958129882812,0.0,0.5,0.5
150,46,-10.446390151977539,32.52893829345703,0.6666666865348816,0.6666666865348816,0.6666666865348816
150,47,-9.383214950561523,22.822301864624023,0.6666666865348816,0.6666666865348816,0.6666666865348816
150,48,-13.95206069946289,10.230193138122559,0.3333333432674408,0.8333333730697632,1.0
150,49,-2.5616049766540527,1.6691607236862183,0.800000011920929,1.0,1.0
150,50,-2.5186991691589355,3.5231292247772217,0.5,1.0,1.0
150,51,-20.10299301147461,28.516958236694336,0.3333333432674408,0.8333333730697632,0.8333333730697632
150,52,-10.335086822509766,175.48321533203125,0.5,0.5,0.5
150,53,-7.407739639282227,11.813543319702148,0.3333333432674408,1.0,1.0
150,54,-10.166702270507812,7.63956356048584,0.6000000238418579,0.800000011920929,1.0
150,55,-11.759143829345703,18.91179656982422,0.25,0.75,1.0
150,56,-13.170059204101562,80.64202117919922,0.0,0.3333333432674408,1.0
150,57,-9.14139175415039,9.829106330871582,0.5,0.75,1.0
150,58,-18.688291549682617,507.4664611816406,0.0,0.3333333432674408,0.3333333432674408
150,59,-6.679013252258301,9.265869140625,0.6666666865348816,0.6666666865348816,1.0
150,60,-9.186471939086914,9.940505981445312,0.5,1.0,1.0
150,61,-13.26717472076416,760.2044067382812,0.0,0.5,0.5
150,62,-9.23719596862793,10.067364692687988,0.25,0.75,1.0
150,63,-5.882942199707031,18.943693161010742,0.5,0.5,1.0
150,64,-8.560176849365234,72.246826171875,0.0,0.5,1.0
150,65,-16.414379119873047,3667.221435546875,0.0,0.0,0.5
150,66,-13.495126724243164,89.87100982666016,0.6666666865348816,0.6666666865348816,0.6666666865348816
150,67,-20.89454460144043,34450.2734375,0.0,0.0,0.0
150,68,-10.937601089477539,38.315982818603516,0.3333333432674408,0.6666666865348816,0.6666666865348816
150,69,-10.92344856262207,235.50315856933594,0.0,0.5,1.0
150,70,-17.05596160888672,71.09310913085938,0.0,0.75,0.75
150,71,-5.854422569274902,18.67547607421875,0.5,0.5,1.0
151,0,-6.513583660125732,25.966100692749023,0.5,0.5,1.0
151,1,-4.202889919281006,8.177978515625,0.5,1.0,1.0
151,2,-8.864601135253906,19.19917106628418,0.6666666865348816,0.6666666865348816,0.6666666865348816
151,3,-17.807361602783203,7359.01123046875,0.0,0.0,0.0
151,4,-19.89975929260254,20949.701171875,0.0,0.0,0.5
151,5,-13.411457061767578,87.39916229248047,0.3333333432674408,0.6666666865348816,0.6666666865348816
151,6,-32.343013763427734,219.31356811523438,0.5,0.6666666865348816,0.6666666865348816
151,7,-4.540767192840576,4.543006420135498,0.3333333432674408,1.0,1.0
151,8,-29.534040451049805,1609.2283935546875,0.25,0.25,0.5
151,9,-18.428129196166992,465.312744140625,0.0,0.3333333432674408,0.6666666865348816
151,10,-12.837491989135742,24.7635555267334,0.25,0.75,1.0
151,11,-16.89691162109375,11.176848411560059,0.4285714626312256,0.8571429252624512,0.8571429252624512
151,12,-13.058433532714844,684.861572265625,0.5,0.5,0.5
151,13,-7.759513854980469,6.957905292510986,0.75,0.75,0.75
151,14,-19.073711395263672,13861.294921875,0.0,0.0,0.0
151,15,-10.187585830688477,29.840360641479492,0.3333333432674408,0.6666666865348816,0.6666666865348816
151,16,-5.3973236083984375,14.859832763671875,0.5,0.5,1.0
151,17,-4.879998207092285,11.473031044006348,0.5,1.0,1.0
151,18,-3.3627424240112305,5.372918605804443,0.5,1.0,1.0
151,19,-7.3710150718688965,11.669808387756348,0.3333333432674408,0.6666666865348816,1.0
151,20,-7.172036170959473,1302.4940185546875,0.0,0.0,0.0
151,21,-25.624759674072266,366729.5,0.0,0.0,0.0
151,22,-25.52182960510254,24.293983459472656,0.25,0.625,0.875
151,23,-10.725505828857422,213.31137084960938,0.5,0.5,0.5
151,24,-6.177929878234863,21.954341888427734,0.5,0.5,1.0
151,25,-15.797792434692383,193.6264190673828,0.0,0.3333333432674408,1.0
151,26,-4.819363594055176,11.130417823791504,0.5,1.0,1.0
151,27,-7.168887615203857,36.03330993652344,0.0,1.0,1.0
151,28,-4.542021751403809,9.689190864562988,0.5,1.0,1.0
151,29,-9.267501831054688,102.89930725097656,0.0,0.5,1.0
151,30,-3.436532735824585,31.079011917114258,0.0,1.0,1.0
151,31,-10.288936614990234,5.555690765380859,0.5,0.8333333730697632,1.0
151,32,-2.301938056945801,2.153970241546631,0.6666666865348816,1.0,1.0
151,33,-18.15353012084961,8749.615234375,0.0,0.0,0.5
151,34,-12.466034889221191,7.9858598709106445,0.6666666865348816,0.8333333730697632,1.0
151,35,-6.2774457931518555,23.07438087463379,0.5,0.5,1.0
151,36,-7.6099700927734375,44.92457962036133,0.5,0.5,0.5
151,37,-11.408243179321289,4.162144184112549,0.75,0.875,1.0
151,38,-6.718863487243652,5.364031791687012,0.75,1.0,1.0
151,39,-13.589776992797852,893.2697143554688,0.5,0.5,0.5
151,40,-16.34604263305664,3544.035400390625,0.0,0.5,0.5
151,41,-22.511110305786133,16.674636840820312,0.375,0.75,0.875
151,42,-5.872611045837402,7.0818634033203125,0.3333333432674408,1.0,1.0
151,43,-12.80628776550293,24.571125030517578,0.5,0.75,1.0
151,44,-19.409269332885742,128.03675842285156,0.0,0.5,0.75
151,45,-9.77807331085205,132.82554626464844,0.0,0.5,0.5
151,46,-10.317158699035645,31.157432556152344,0.6666666865348816,0.6666666865348816,0.6666666865348816
151,47,-9.3823823928833,22.81597137451172,0.6666666865348816,0.6666666865348816,0.6666666865348816
151,48,-13.936264038085938,10.203295707702637,0.3333333432674408,0.6666666865348816,1.0
151,49,-2.6382954120635986,1.6949598789215088,0.800000011920929,1.0,1.0
151,50,-2.5101654529571533,3.5081286430358887,0.5,1.0,1.0
151,51,-20.077648162841797,28.396747589111328,0.3333333432674408,0.6666666865348816,0.8333333730697632
151,52,-10.331320762634277,175.15309143066406,0.5,0.5,0.5
151,53,-7.442427158355713,11.950928688049316,0.3333333432674408,1.0,1.0
151,54,-10.130112648010254,7.583860874176025,0.6000000238418579,0.800000011920929,1.0
151,55,-11.64542293548584,18.381702423095703,0.25,0.75,1.0
151,56,-13.199785232543945,81.44505310058594,0.0,0.3333333432674408,1.0
151,57,-9.240668296813965,10.0761079788208,0.5,0.75,1.0
151,58,-18.70834732055664,510.87042236328125,0.0,0.3333333432674408,0.3333333432674408
151,59,-6.7132792472839355,9.372312545776367,0.6666666865348816,0.6666666865348816,1.0
151,60,-9.145313262939453,9.838746070861816,0.5,1.0,1.0
151,61,-13.37185287475586,801.0524291992188,0.0,0.5,0.5
151,62,-9.276735305786133,10.16737174987793,0.25,0.75,1.0
151,63,-5.942924499511719,19.52044105529785,0.5,0.5,1.0
151,64,-8.469996452331543,69.06155395507812,0.0,0.5,1.0
151,65,-16.41748809814453,3672.926513671875,0.0,0.0,0.5
151,66,-13.51705265045166,90.5302734375,0.6666666865348816,0.6666666865348816,0.6666666865348816
151,67,-20.95880889892578,35575.21484375,0.0,0.0,0.0
151,68,-11.007430076599121,39.218299865722656,0.3333333432674408,0.6666666865348816,0.6666666865348816
151,69,-10.87026309967041,229.32301330566406,0.0,0.5,1.0
151,70,-17.013587951660156,70.34396362304688,0.0,0.75,0.75
151,71,-5.836210250854492,18.506187438964844,0.5,0.5,1.0
152,0,-6.528771877288818,26.164039611816406,0.5,0.5,1.0
152,1,-4.187119960784912,8.113748550415039,0.5,1.0,1.0
152,2,-8.899024963378906,19.420743942260742,0.6666666865348816,0.6666666865348816,0.6666666865348816
152,3,-17.644283294677734,6782.775390625,0.0,0.0,0.0
152,4,-19.9510498046875,21493.91015625,0.0,0.0,0.5
152,5,-13.325557708740234,84.93213653564453,0.3333333432674408,0.6666666865348816,0.6666666865348816
152,6,-32.48011016845703,224.3823699951172,0.5,0.6666666865348816,0.6666666865348816
152,7,-4.556549549102783,4.566969394683838,0.3333333432674408,1.0,1.0
152,8,-29.69057846069336,1673.4532470703125,0.25,0.25,0.5
152,9,-18.412424087524414,462.88311767578125,0.0,0.3333333432674408,0.6666666865348816
152,10,-12.728315353393555,24.09679412841797,0.25,0.75,1.0
152,11,-16.881330490112305,11.151997566223145,0.4285714626312256,0.8571429252624512,0.8571429252624512
152,12,-13.03571891784668,677.12744140625,0.5,0.5,0.5
152,13,-7.714657783508301,6.88031530380249,0.75,0.75,0.75
152,14,-19.04802131652832,13684.384765625,0.0,0.0,0.5
152,15,-10.228872299194336,30.253870010375977,0.3333333432674408,0.6666666865348816,0.6666666865348816
152,16,-5.3687920570373535,14.649351119995117,0.5,0.5,1.0
152,17,-4.8348493576049805,11.216934204101562,0.5,1.0,1.0
152,18,-3.38270902633667,5.426826477050781,0.5,1.0,1.0
152,19,-7.442306041717529,11.950447082519531,0.3333333432674408,0.6666666865348816,1.0
152,20,-7.163381576538086,1291.2701416015625,0.0,0.0,0.0
152,21,-25.719669342041016,384552.125,0.0,0.0,0.0
152,22,-25.69799041748047,24.834871292114258,0.25,0.625,0.875
152,23,-10.692028999328613,209.7705841064453,0.5,0.5,0.5
152,24,-6.1608567237854,21.767723083496094,0.5,0.5,1.0
152,25,-15.772311210632324,191.98883056640625,0.0,0.3333333432674408,1.0
152,26,-4.9076104164123535,11.632527351379395,0.5,1.0,1.0
152,27,-7.1219611167907715,35.19769287109375,0.0,1.0,1.0
152,28,-4.522010803222656,9.592728614807129,0.5,1.0,1.0
152,29,-9.249557495117188,101.9802017211914,0.0,0.5,1.0
152,30,-3.4157145023345947,30.438690185546875,0.0,1.0,1.0
152,31,-10.132698059082031,5.41288948059082,0.5,0.8333333730697632,1.0
152,32,-2.2812700271606445,2.139181613922119,0.6666666865348816,1.0,1.0
152,33,-18.13150978088379,8653.8095703125,0.0,0.0,0.5
152,34,-12.51057243347168,8.04535961151123,0.6666666865348816,0.8333333730697632,1.0
152,35,-6.313305377960205,23.491830825805664,0.5,0.5,1.0
152,36,-7.616081237792969,45.06206130981445,0.5,0.5,0.5
152,37,-11.432916641235352,4.1750006675720215,0.75,0.875,1.0
152,38,-6.774794578552246,5.439562797546387,0.75,1.0,1.0
152,39,-13.46992301940918,841.3110961914062,0.5,0.5,0.5
152,40,-16.246994018554688,3372.794921875,0.0,0.5,0.5
152,41,-22.61295509338379,16.888273239135742,0.375,0.75,0.875
152,42,-5.807272911071777,6.92929220199585,0.3333333432674408,1.0,1.0
152,43,-12.770435333251953,24.35187339782715,0.5,0.75,1.0
152,44,-19.49337387084961,130.7573699951172,0.0,0.5,0.75
152,45,-9.773542404174805,132.5249786376953,0.0,0.5,0.5
152,46,-10.278332710266113,30.756797790527344,0.6666666865348816,0.6666666865348816,0.6666666865348816
152,47,-9.392820358276367,22.895496368408203,0.6666666865348816,0.6666666865348816,0.6666666865348816
152,48,-13.943257331848145,10.215193748474121,0.3333333432674408,0.6666666865348816,1.0
152,49,-2.551913261413574,1.6659284830093384,0.800000011920929,1.0,1.0
152,50,-2.5562119483947754,3.589834213256836,0.5,1.0,1.0
152,51,-19.986915588378906,27.970563888549805,0.3333333432674408,0.8333333730697632,0.8333333730697632
152,52,-10.355109214782715,177.24884033203125,0.5,0.5,0.5
152,53,-7.339179039001465,11.546623229980469,0.3333333432674408,1.0,1.0
152,54,-10.047557830810547,7.459672451019287,0.6000000238418579,0.800000011920929,1.0
152,55,-11.700894355773926,18.63839340209961,0.25,0.75,1.0
152,56,-13.248441696166992,82.7767562866211,0.0,0.3333333432674408,1.0
152,57,-9.081216812133789,9.682345390319824,0.5,0.75,1.0
152,58,-18.66159439086914,502.970458984375,0.0,0.3333333432674408,0.3333333432674408
152,59,-6.636040687561035,9.134089469909668,0.6666666865348816,0.6666666865348816,1.0
152,60,-9.203450202941895,9.982789993286133,0.5,1.0,1.0
152,61,-13.342912673950195,789.5446166992188,0.0,0.5,0.5
152,62,-9.108905792236328,9.749602317810059,0.25,0.75,1.0
152,63,-5.913362503051758,19.234033584594727,0.5,0.5,1.0
152,64,-8.428080558776855,67.62922668457031,0.0,0.5,1.0
152,65,-16.38218879699707,3608.669189453125,0.0,0.0,0.5
152,66,-13.492955207824707,89.80598449707031,0.6666666865348816,0.6666666865348816,0.6666666865348816
152,67,-20.995052337646484,36225.7734375,0.0,0.0,0.0
152,68,-10.90797233581543,37.939430236816406,0.3333333432674408,0.6666666865348816,0.6666666865348816
152,69,-10.898039817810059,232.53016662597656,0.0,0.5,1.0
152,70,-17.010866165161133,70.29611206054688,0.0,0.75,0.75
152,71,-5.8513875007629395,18.647157669067383,0.5,0.5,1.0
153,0,-6.526803970336914,26.138309478759766,0.5,0.5,1.0
153,1,-4.218782424926758,8.2432222366333,0.5,1.0,1.0
153,2,-8.828621864318848,18.970287322998047,0.6666666865348816,0.6666666865348816,0.6666666865348816
153,3,-17.741167068481445,7119.4345703125,0.0,0.0,0.0
153,4,-19.91961669921875,21158.7421875,0.0,0.0,0.5
153,5,-13.446797370910645,88.4348373413086,0.3333333432674408,0.6666666865348816,0.6666666865348816
153,6,-32.559783935546875,227.38180541992188,0.5,0.6666666865348816,0.6666666865348816
153,7,-4.670350551605225,4.743539333343506,0.3333333432674408,1.0,1.0
153,8,-29.598499298095703,1635.370849609375,0.25,0.25,0.5
153,9,-18.399208068847656,460.84857177734375,0.0,0.3333333432674408,0.6666666865348816
153,10,-12.812175750732422,24.607318878173828,0.25,0.75,1.0
153,11,-16.945903778076172,11.255348205566406,0.4285714626312256,0.8571429252624512,0.8571429252624512
153,12,-13.03798770904541,677.89599609375,0.5,0.5,0.5
153,13,-7.695889472961426,6.848107814788818,0.75,0.75,0.75
153,14,-19.042518615722656,13646.78515625,0.0,0.0,0.5
153,15,-10.174599647521973,29.711469650268555,0.3333333432674408,0.6666666865348816,0.6666666865348816
153,16,-5.390118598937988,14.806396484375,0.5,0.5,1.0
153,17,-4.872844219207764,11.4320650100708,0.5,1.0,1.0
153,18,-3.4828755855560303,5.705541133880615,0.5,1.0,1.0
153,19,-7.367824554443359,11.657402992248535,0.3333333432674408,0.6666666865348816,1.0
153,20,-7.156327247619629,1282.193115234375,0.0,0.0,0.0
153,21,-25.751480102539062,390717.5,0.0,0.0,0.0
153,22,-25.60832405090332,24.558069229125977,0.25,0.625,0.875
153,23,-10.643692016601562,204.7615203857422,0.5,0.5,0.5
153,24,-6.139830589294434,21.54007911682129,0.5,0.5,1.0
153,25,-15.689208984375,186.74356079101562,0.0,0.3333333432674408,1.0
153,26,-4.830111503601074,11.190394401550293,0.5,1.0,1.0
153,27,-7.158679485321045,35.84986114501953,0.0,1.0,1.0
153,28,-4.5552191734313965,9.753337860107422,0.5,1.0,1.0
153,29,-9.336891174316406,106.53202056884766,0.0,0.5,1.0
153,30,-3.4230754375457764,30.66357421875,0.0,1.0,1.0
153,31,-10.180432319641113,5.456124305725098,0.5,0.8333333730697632,1.0
153,32,-2.3159782886505127,2.164074420928955,0.6666666865348816,1.0,1.0
153,33,-17.977291107177734,8011.59814453125,0.0,0.0,0.5
153,34,-12.594621658325195,8.158853530883789,0.6666666865348816,0.8333333730697632,1.0
153,35,-6.276329517364502,23.061504364013672,0.5,0.5,1.0
153,36,-7.582354545593262,44.30853271484375,0.5,0.5,0.5
153,37,-11.416240692138672,4.16630744934082,0.75,0.875,1.0
153,38,-6.70379114151001,5.343857288360596,0.75,1.0,1.0
153,39,-13.462000846862793,837.9851684570312,0.5,0.5,0.5
153,40,-16.376819610595703,3598.99462890625,0.0,0.5,0.5
153,41,-22.52239418029785,16.698171615600586,0.375,0.75,0.875
153,42,-5.87362003326416,7.084245204925537,0.3333333432674408,1.0,1.0
153,43,-12.914323806762695,25.24380874633789,0.5,0.75,1.0
153,44,-19.38589859008789,127.29085540771484,0.0,0.5,0.75
153,45,-9.739575386047363,130.2932586669922,0.0,0.5,0.5
153,46,-10.160740852355957,29.57452964782715,0.6666666865348816,0.6666666865348816,0.6666666865348816
153,47,-9.35740852355957,22.62682342529297,0.6666666865348816,0.6666666865348816,0.6666666865348816
153,48,-13.89297866821289,10.129950523376465,0.3333333432674408,0.8333333730697632,1.0
153,49,-2.6064400672912598,1.6841955184936523,0.800000011920929,1.0,1.0
153,50,-2.5199873447418213,3.5253992080688477,0.5,1.0,1.0
153,51,-20.186330795288086,28.915807723999023,0.3333333432674408,0.6666666865348816,0.8333333730697632
153,52,-10.362805366516113,177.9322052001953,0.5,0.5,0.5
153,53,-7.380435466766357,11.706511497497559,0.3333333432674408,1.0,1.0
153,54,-10.11192798614502,7.556329727172852,0.6000000238418579,0.800000011920929,1.0
153,55,-11.727691650390625,18.763675689697266,0.25,0.75,1.0
153,56,-13.233133316040039,82.35545349121094,0.0,0.3333333432674408,1.0
153,57,-9.219369888305664,10.022599220275879,0.5,0.75,1.0
153,58,-18.74334144592285,516.8642578125,0.0,0.3333333432674408,0.3333333432674408
153,59,-6.716930866241455,9.383726119995117,0.6666666865348816,0.6666666865348816,1.0
153,60,-9.280497550964355,10.176939964294434,0.5,1.0,1.0
153,61,-13.34290599822998,789.5419311523438,0.0,0.5,0.5
153,62,-9.246110916137695,10.089827537536621,0.25,0.75,1.0
153,63,-5.926214218139648,19.3580265045166,0.5,0.5,1.0
153,64,-8.41981029510498,67.35015106201172,0.0,0.5,1.0
153,65,-16.341320037841797,3535.6767578125,0.0,0.0,0.5
153,66,-13.468626022338867,89.08063507080078,0.6666666865348816,0.6666666865348816,0.6666666865348816
153,67,-20.949565887451172,35411.18359375,0.0,0.0,0.0
153,68,-10.914124488830566,38.01730728149414,0.3333333432674408,0.6666666865348816,0.6666666865348816
153,69,-10.914198875427246,234.41650390625,0.0,0.5,1.0
153,70,-17.036354064941406,70.74546813964844,0.0,0.75,0.75
153,71,-5.824313163757324,18.39642906188965,0.5,0.5,1.0
154,0,-6.551989555358887,26.46954345703125,0.5,0.5,1.0
154,1,-4.236972808837891,8.318536758422852,0.5,1.0,1.0
154,2,-8.892477989196777,19.37840461730957,0.6666666865348816,0.6666666865348816,0.6666666865348816
154,3,-17.723167419433594,7055.64794921875,0.0,0.0,0.0
154,4,-20.021392822265625,22263.333984375,0.0,0.0,0.5
154,5,-13.381427764892578,86.52867889404297,0.3333333432674408,0.6666666865348816,0.6666666865348816
154,6,-32.45135498046875,223.30966186523438,0.5,0.6666666865348816,0.6666666865348816
154,7,-4.480815410614014,4.453120708465576,0.3333333432674408,1.0,1.0
154,8,-29.511947631835938,1600.36474609375,0.25,0.25,0.5
154,9,-18.512845993041992,478.6398620605469,0.0,0.3333333432674408,0.6666666865348816
154,10,-12.771613121032715,24.359046936035156,0.25,0.75,1.0
154,11,-16.810029983520508,11.038981437683105,0.4285714626312256,0.8571429252624512,0.8571429252624512
154,12,-13.072958946228027,689.8536376953125,0.5,0.5,0.5
154,13,-7.734185218811035,6.9139862060546875,0.75,0.75,0.75
154,14,-19.03793716430664,13615.560546875,0.0,0.0,0.5
154,15,-10.145771026611328,29.427324295043945,0.3333333432674408,0.6666666865348816,0.6666666865348816
154,16,-5.386264324188232,14.7778902053833,0.5,0.5,1.0
154,17,-4.864221572875977,11.38288402557373,0.5,1.0,1.0
154,18,-3.4015746116638184,5.4782586097717285,0.5,1.0,1.0
154,19,-7.442904472351074,11.952831268310547,0.3333333432674408,0.6666666865348816,1.0
154,20,-7.162135124206543,1289.66162109375,0.0,0.0,0.0
154,21,-25.672897338867188,375663.34375,0.0,0.0,0.0
154,22,-25.607440948486328,24.55535888671875,0.25,0.625,0.875
154,23,-10.649531364440918,205.36024475097656,0.5,0.5,0.5
154,24,-6.153786659240723,21.69091033935547,0.5,0.5,1.0
154,25,-15.812478065490723,194.5765838623047,0.0,0.3333333432674408,1.0
154,26,-4.820118427276611,11.134620666503906,0.5,1.0,1.0
154,27,-7.177456855773926,36.18803024291992,0.0,1.0,1.0
154,28,-4.558928489685059,9.771444320678711,0.5,1.0,1.0
154,29,-9.283809661865234,103.74177551269531,0.0,0.5,1.0
154,30,-3.451821804046631,31.557830810546875,0.0,1.0,1.0
154,31,-10.109424591064453,5.391933917999268,0.5,0.8333333730697632,1.0
154,32,-2.340640068054199,2.1819376945495605,0.6666666865348816,1.0,1.0
154,33,-18.04429817199707,8284.5625,0.0,0.0,0.5
154,34,-12.511024475097656,8.045965194702148,0.6666666865348816,0.8333333730697632,1.0
154,35,-6.308449745178223,23.434865951538086,0.5,0.5,1.0
154,36,-7.653492450714111,45.912906646728516,0.5,0.5,0.5
154,37,-11.376516342163086,4.145670413970947,0.75,0.875,1.0
154,38,-6.765143871307373,5.426454544067383,0.75,1.0,1.0
154,39,-13.503274917602539,855.4583740234375,0.5,0.5,0.5
154,40,-16.300792694091797,3464.751953125,0.0,0.5,0.5
154,41,-22.52677345275879,16.70731544494629,0.375,0.75,0.875
154,42,-5.840274810791016,7.005939483642578,0.6666666865348816,1.0,1.0
154,43,-12.78492546081543,24.440250396728516,0.5,0.75,1.0
154,44,-19.377239227294922,127.01557922363281,0.0,0.5,0.75
154,45,-9.785934448242188,133.34866333007812,0.0,0.5,0.5
154,46,-10.113463401794434,29.112119674682617,0.6666666865348816,0.6666666865348816,0.6666666865348816
154,47,-9.384170532226562,22.829572677612305,0.6666666865348816,0.6666666865348816,0.6666666865348816
154,48,-13.90081787109375,10.143195152282715,0.3333333432674408,0.8333333730697632,1.0
154,49,-2.603522777557373,1.6832131147384644,0.800000011920929,1.0,1.0
154,50,-2.5267837047576904,3.5373992919921875,0.5,1.0,1.0
154,51,-20.06141471862793,28.320022583007812,0.3333333432674408,0.6666666865348816,0.8333333730697632
154,52,-10.378417015075684,179.32655334472656,0.5,0.5,0.5
154,53,-7.370278358459473,11.666943550109863,0.3333333432674408,1.0,1.0
154,54,-10.153024673461914,7.618692874908447,0.6000000238418579,0.800000011920929,1.0
154,55,-11.709068298339844,18.676517486572266,0.25,0.75,1.0
154,56,-13.180673599243164,80.92784881591797,0.0,0.3333333432674408,1.0
154,57,-9.186918258666992,9.941615104675293,0.5,0.75,1.0
154,58,-18.727855682373047,514.2032470703125,0.0,0.3333333432674408,0.3333333432674408
154,59,-6.7406768798828125,9.458295822143555,0.6666666865348816,0.6666666865348816,1.0
154,60,-9.282326698303223,10.181594848632812,0.5,1.0,1.0
154,61,-13.373078346252441,801.5433959960938,0.0,0.5,0.5
154,62,-9.255609512329102,10.113815307617188,0.25,0.75,1.0
154,63,-5.9027934074401855,19.132658004760742,0.5,0.5,1.0
154,64,-8.38720703125,66.2611312866211,0.0,0.5,1.0
154,65,-16.332595825195312,3520.287353515625,0.0,0.0,0.5
154,66,-13.509913444519043,90.31507873535156,0.6666666865348816,0.6666666865348816,0.6666666865348816
154,67,-20.873435974121094,34088.58984375,0.0,0.0,0.0
154,68,-10.903925895690918,37.888282775878906,0.3333333432674408,0.6666666865348816,0.6666666865348816
154,69,-10.871789932250977,229.49815368652344,0.0,0.5,1.0
154,70,-16.957746505737305,69.36876678466797,0.0,0.75,0.75
154,71,-5.815789699554443,18.318195343017578,0.5,0.5,1.0
155,0,-6.478209972381592,25.51087760925293,0.5,0.5,1.0
155,1,-4.201539993286133,8.172460556030273,0.5,1.0,1.0
155,2,-8.863106727600098,19.189605712890625,0.6666666865348816,0.6666666865348816,0.6666666865348816
155,3,-17.596576690673828,6622.8984375,0.0,0.0,0.0
155,4,-19.91451644897461,21104.8515625,0.0,0.0,0.5
155,5,-13.410160064697266,87.36137390136719,0.3333333432674408,0.6666666865348816,0.6666666865348816
155,6,-32.39124298095703,221.08351135253906,0.5,0.6666666865348816,0.6666666865348816
155,7,-4.621100902557373,4.666302680969238,0.3333333432674408,1.0,1.0
155,8,-29.632335662841797,1649.26318359375,0.25,0.25,0.5
155,9,-18.443452835083008,467.695556640625,0.0,0.3333333432674408,0.6666666865348816
155,10,-12.764355659484863,24.314889907836914,0.25,0.75,1.0
155,11,-16.831865310668945,11.073471069335938,0.4285714626312256,0.8571429252624512,0.8571429252624512
155,12,-13.246101379394531,752.2364501953125,0.5,0.5,0.5
155,13,-7.703969955444336,6.861955642700195,0.75,0.75,0.75
155,14,-18.976037979125977,13200.619140625,0.0,0.0,0.5
155,15,-10.167790412902832,29.64410972595215,0.3333333432674408,0.6666666865348816,0.6666666865348816
155,16,-5.407705307006836,14.937169075012207,0.5,0.5,1.0
155,17,-4.873162269592285,11.433883666992188,0.5,1.0,1.0
155,18,-3.382172107696533,5.425369739532471,0.5,1.0,1.0
155,19,-7.416043758392334,11.84628963470459,0.3333333432674408,0.6666666865348816,1.0
155,20,-7.155858993530273,1281.5928955078125,0.0,0.0,0.0
155,21,-25.64554214477539,370560.15625,0.0,0.0,0.0
155,22,-25.62630844116211,24.613340377807617,0.25,0.625,0.875
155,23,-10.697515487670898,210.3468475341797,0.5,0.5,0.5
155,24,-6.203293800354004,22.234539031982422,0.5,0.5,1.0
155,25,-15.909807205200195,200.99276733398438,0.0,0.3333333432674408,1.0
155,26,-4.818675518035889,11.12658977508545,0.5,1.0,1.0
155,27,-7.106296539306641,34.923091888427734,0.0,1.0,1.0
155,28,-4.588075160980225,9.914889335632324,0.5,1.0,1.0
155,29,-9.24079704284668,101.53448486328125,0.0,0.5,1.0
155,30,-3.3925118446350098,29.74056053161621,0.0,1.0,1.0
155,31,-10.129310607910156,5.409834861755371,0.5,0.8333333730697632,1.0
155,32,-2.3108372688293457,2.1603691577911377,0.6666666865348816,1.0,1.0
155,33,-18.055522918701172,8331.1884765625,0.0,0.0,0.5
155,34,-12.505504608154297,8.038566589355469,0.6666666865348816,0.8333333730697632,1.0
155,35,-6.381422996520996,24.305715560913086,0.5,0.5,1.0
155,36,-7.63168478012085,45.41499710083008,0.5,0.5,0.5
155,37,-11.404641151428223,4.160270690917969,0.75,0.875,1.0
155,38,-6.73129940032959,5.380734443664551,0.75,1.0,1.0
155,39,-13.485962867736816,848.0855102539062,0.5,0.5,0.5
155,40,-16.33498191833496,3524.48974609375,0.0,0.5,0.5
155,41,-22.55556869506836,16.767560958862305,0.375,0.75,0.875
155,42,-5.758042812347412,6.816510200500488,0.3333333432674408,1.0,1.0
155,43,-12.819343566894531,24.65145492553711,0.5,0.75,1.0
155,44,-19.450950622558594,129.37791442871094,0.0,0.5,0.75
155,45,-9.762991905212402,131.82772827148438,0.0,0.5,0.5
155,46,-10.150561332702637,29.474349975585938,0.6666666865348816,0.6666666865348816,0.6666666865348816
155,47,-9.377601623535156,22.779640197753906,0.6666666865348816,0.6666666865348816,0.6666666865348816
155,48,-13.944637298583984,10.217543601989746,0.3333333432674408,0.8333333730697632,1.0
155,49,-2.5912885665893555,1.679099678993225,0.800000011920929,1.0,1.0
155,50,-2.6000232696533203,3.669339179992676,0.5,1.0,1.0
155,51,-20.167499542236328,28.825197219848633,0.3333333432674408,0.6666666865348816,0.8333333730697632
155,52,-10.335348129272461,175.5061492919922,0.5,0.5,0.5
155,53,-7.379594802856445,11.703229904174805,0.3333333432674408,1.0,1.0
155,54,-10.089982032775879,7.52323579788208,0.6000000238418579,0.800000011920929,1.0
155,55,-11.759720802307129,18.914525985717773,0.25,0.75,1.0
155,56,-13.2191801071167,81.97329711914062,0.0,0.3333333432674408,1.0
155,57,-9.156814575195312,9.867076873779297,0.5,0.75,1.0
155,58,-18.697664260864258,509.0544128417969,0.0,0.3333333432674408,0.3333333432674408
155,59,-6.674269199371338,9.251229286193848,0.6666666865348816,0.6666666865348816,1.0
155,60,-9.270825386047363,10.152361869812012,0.5,1.0,1.0
155,61,-13.445995330810547,831.3057861328125,0.0,0.5,0.5
155,62,-9.20646858215332,9.990324974060059,0.25,0.75,1.0
155,63,-5.883500099182129,18.948978424072266,0.5,0.5,1.0
155,64,-8.453978538513184,68.51065063476562,0.0,0.5,1.0
155,65,-16.389602661132812,3622.0712890625,0.0,0.0,0.5
155,66,-13.485082626342773,89.57063293457031,0.6666666865348816,0.6666666865348816,0.6666666865348816
155,67,-20.90518569946289,34634.05859375,0.0,0.0,0.0
155,68,-10.964829444885254,38.66532516479492,0.3333333432674408,0.6666666865348816,0.6666666865348816
155,69,-10.8441801071167,226.35171508789062,0.0,0.5,1.0
155,70,-17.03448486328125,70.71241760253906,0.0,0.5,0.75
155,71,-5.897835731506348,19.085290908813477,0.5,0.5,1.0
156,0,-6.583372116088867,26.888160705566406,0.5,0.5,1.0
156,1,-4.225770950317383,8.272075653076172,0.5,1.0,1.0
156,2,-8.866998672485352,19.214521408081055,0.6666666865348816,0.6666666865348816,0.6666666865348816
156,3,-17.827091217041016,7431.9658203125,0.0,0.0,0.0
156,4,-19.93704605102539,21343.9375,0.0,0.0,0.5
156,5,-13.39620590209961,86.95598602294922,0.3333333432674408,0.6666666865348816,0.6666666865348816
156,6,-32.58098220825195,228.1866455078125,0.5,0.6666666865348816,0.6666666865348816
156,7,-4.6237030029296875,4.670351505279541,0.3333333432674408,1.0,1.0
156,8,-29.57707977294922,1626.636962890625,0.25,0.25,0.5
156,9,-18.491790771484375,475.2925109863281,0.0,0.3333333432674408,0.6666666865348816
156,10,-12.805450439453125,24.565980911254883,0.25,0.75,1.0
156,11,-16.96793556213379,11.290828704833984,0.4285714626312256,0.8571429252624512,0.8571429252624512
156,12,-13.12741470336914,708.8949584960938,0.5,0.5,0.5
156,13,-7.720057964324951,6.8896098136901855,0.75,0.75,0.75
156,14,-19.058637619018555,13757.216796875,0.0,0.0,0.0
156,15,-10.18002700805664,29.765268325805664,0.3333333432674408,0.6666666865348816,0.6666666865348816
156,16,-5.402007579803467,14.894675254821777,0.5,0.5,1.0
156,17,-4.798914909362793,11.017197608947754,0.5,1.0,1.0
156,18,-3.4342339038848877,5.568450927734375,0.5,1.0,1.0
156,19,-7.339621543884277,11.548327445983887,0.3333333432674408,0.6666666865348816,1.0
156,20,-7.1663970947265625,1295.1697998046875,0.0,0.0,0.0
156,21,-25.75634765625,391669.59375,0.0,0.0,0.0
156,22,-25.562576293945312,24.41803550720215,0.25,0.625,0.875
156,23,-10.674349784851074,207.9244842529297,0.5,0.5,0.5
156,24,-6.171723365783691,21.88631820678711,0.5,0.5,1.0
156,25,-15.831852912902832,195.83729553222656,0.0,0.3333333432674408,1.0
156,26,-4.89703369140625,11.571172714233398,0.5,1.0,1.0
156,27,-7.085892677307129,34.56862258911133,0.0,1.0,1.0
156,28,-4.546795845031738,9.712347030639648,0.5,1.0,1.0
156,29,-9.323447227478027,105.81831359863281,0.0,0.5,1.0
156,30,-3.4009451866149902,29.992435455322266,0.0,1.0,1.0
156,31,-10.126498222351074,5.407299518585205,0.5,0.8333333730697632,1.0
156,32,-2.2763524055480957,2.1356778144836426,0.6666666865348816,1.0,1.0
156,33,-18.100540161132812,8520.8388671875,0.0,0.0,0.5
156,34,-12.512310028076172,8.047689437866211,0.6666666865348816,0.8333333730697632,1.0
156,35,-6.313072681427002,23.489097595214844,0.5,0.5,1.0
156,36,-7.558045864105225,43.773250579833984,0.5,0.5,0.5
156,37,-11.405659675598145,4.160800457000732,0.75,0.875,1.0
156,38,-6.709070682525635,5.350915431976318,0.75,1.0,1.0
156,39,-13.566642761230469,882.9966430664062,0.5,0.5,0.5
156,40,-16.329483032226562,3514.81298828125,0.0,0.5,0.5
156,41,-22.62476348876953,16.913217544555664,0.375,0.75,0.875
156,42,-5.84438419342041,7.015542984008789,0.3333333432674408,1.0,1.0
156,43,-12.865581512451172,24.938066482543945,0.5,0.75,1.0
156,44,-19.457027435302734,129.57460021972656,0.0,0.5,0.75
156,45,-9.692535400390625,127.26451110839844,0.0,0.5,0.5
156,46,-10.354081153869629,31.543275833129883,0.6666666865348816,0.6666666865348816,0.6666666865348816
156,47,-9.354924201965332,22.608095169067383,0.6666666865348816,0.6666666865348816,0.6666666865348816
156,48,-14.016424179077148,10.340526580810547,0.3333333432674408,0.8333333730697632,1.0
156,49,-2.590907573699951,1.6789716482162476,0.800000011920929,1.0,1.0
156,50,-2.502058506011963,3.4939374923706055,0.5,1.0,1.0
156,51,-20.045330047607422,28.244203567504883,0.3333333432674408,0.8333333730697632,0.8333333730697632
156,52,-10.404476165771484,181.67840576171875,0.5,0.5,0.5
156,53,-7.403201103210449,11.795682907104492,0.3333333432674408,1.0,1.0
156,54,-10.043479919433594,7.453592300415039,0.6000000238418579,0.800000011920929,1.0
156,55,-11.65378189086914,18.420156478881836,0.25,0.75,1.0
156,56,-13.194442749023438,81.30012512207031,0.0,0.3333333432674408,1.0
156,57,-9.22140884399414,10.027709007263184,0.5,0.75,1.0
156,58,-18.687559127807617,507.3426208496094,0.0,0.3333333432674408,0.3333333432674408
156,59,-6.647087097167969,9.167784690856934,0.6666666865348816,0.6666666865348816,1.0
156,60,-9.299469947814941,10.225324630737305,0.5,1.0,1.0
156,61,-13.444543838500977,830.7026977539062,0.0,0.5,0.5
156,62,-9.230193138122559,10.049756050109863,0.25,0.75,1.0
156,63,-5.9638237953186035,19.725492477416992,0.5,0.5,1.0
156,64,-8.457736015319824,68.63948822021484,0.0,0.5,1.0
156,65,-16.324209213256836,3505.556640625,0.0,0.0,0.5
156,66,-13.506038665771484,90.19849395751953,0.6666666865348816,0.6666666865348816,0.6666666865348816
156,67,-20.97332000732422,35834.26953125,0.0,0.0,0.0
156,68,-10.985347747802734,38.93067169189453,0.3333333432674408,0.6666666865348816,0.6666666865348816
156,69,-10.866527557373047,228.8950958251953,0.0,0.5,1.0
156,70,-16.994014739990234,70.0005874633789,0.0,0.75,0.75
156,71,-5.878471851348877,18.901399612426758,0.5,0.5,1.0
157,0,-6.523542404174805,26.09571647644043,0.5,0.5,1.0
157,1,-4.20648193359375,8.192679405212402,0.5,1.0,1.0
157,2,-8.903702735900879,19.451047897338867,0.6666666865348816,0.6666666865348816,0.6666666865348816
157,3,-17.71140480041504,7014.27294921875,0.0,0.0,0.0
157,4,-19.850160598754883,20436.55078125,0.0,0.0,0.5
157,5,-13.40794563293457,87.29690551757812,0.3333333432674408,0.6666666865348816,0.6666666865348816
157,6,-32.55510711669922,227.20469665527344,0.5,0.6666666865348816,0.6666666865348816
157,7,-4.524796485900879,4.518886089324951,0.3333333432674408,1.0,1.0
157,8,-29.70028305053711,1677.5181884765625,0.25,0.25,0.5
157,9,-18.423830032348633,464.646484375,0.0,0.3333333432674408,0.6666666865348816
157,10,-12.697492599487305,23.911827087402344,0.25,0.75,1.0
157,11,-16.86174774169922,11.120842933654785,0.4285714626312256,0.8571429252624512,0.8571429252624512
157,12,-13.063108444213867,686.4642944335938,0.5,0.5,0.5
157,13,-7.701555252075195,6.857814788818359,0.75,0.75,0.75
157,14,-18.970178604125977,13162.001953125,0.0,0.0,0.5
157,15,-10.19033145904541,29.867685317993164,0.3333333432674408,0.6666666865348816,0.6666666865348816
157,16,-5.377910614013672,14.716293334960938,0.5,0.5,1.0
157,17,-4.865603446960449,11.390751838684082,0.5,1.0,1.0
157,18,-3.3040850162506104,5.217626094818115,0.5,1.0,1.0
157,19,-7.467512607574463,12.051279067993164,0.3333333432674408,0.6666666865348816,1.0
157,20,-7.161618232727051,1288.9952392578125,0.0,0.0,0.0
157,21,-25.583946228027344,359321.59375,0.0,0.0,0.0
157,22,-25.680078506469727,24.779329299926758,0.25,0.625,0.875
157,23,-10.712091445922852,211.88543701171875,0.5,0.5,0.5
157,24,-6.196723937988281,22.16162109375,0.5,0.5,1.0
157,25,-15.829882621765137,195.708740234375,0.0,0.3333333432674408,1.0
157,26,-4.793040752410889,10.984886169433594,0.5,1.0,1.0
157,27,-7.064563751220703,34.20191955566406,0.0,1.0,1.0
157,28,-4.5558576583862305,9.756452560424805,0.5,1.0,1.0
157,29,-9.236457824707031,101.31443786621094,0.0,0.5,1.0
157,30,-3.4370975494384766,31.09657096862793,0.0,1.0,1.0
157,31,-10.181021690368652,5.456660270690918,0.5,0.8333333730697632,1.0
157,32,-2.3056273460388184,2.156620740890503,0.6666666865348816,1.0,1.0
157,33,-18.03493881225586,8245.8837890625,0.0,0.0,0.5
157,34,-12.571318626403809,8.127227783203125,0.6666666865348816,0.8333333730697632,1.0
157,35,-6.32185173034668,23.592430114746094,0.5,0.5,1.0
157,36,-7.63886022567749,45.57822799682617,0.5,0.5,0.5
157,37,-11.454315185546875,4.186183452606201,0.75,0.875,1.0
157,38,-6.728850841522217,5.377441883087158,0.75,1.0,1.0
157,39,-13.485603332519531,847.9330444335938,0.5,0.5,0.5
157,40,-16.346986770629883,3545.708984375,0.0,0.5,0.5
157,41,-22.540775299072266,16.736583709716797,0.375,0.75,0.875
157,42,-5.772454261779785,6.849333763122559,0.3333333432674408,1.0,1.0
157,43,-12.88833236694336,25.080310821533203,0.5,0.75,1.0
157,44,-19.46082878112793,129.6977996826172,0.0,0.5,0.75
157,45,-9.743481636047363,130.54798889160156,0.0,0.5,0.5
157,46,-10.194724082946777,29.911447525024414,0.6666666865348816,0.6666666865348816,0.6666666865348816
157,47,-9.417170524597168,23.082088470458984,0.6666666865348816,0.6666666865348816,0.6666666865348816
157,48,-13.908109664916992,10.15552806854248,0.3333333432674408,0.8333333730697632,1.0
157,49,-2.58638334274292,1.6774531602859497,0.800000011920929,1.0,1.0
157,50,-2.5077273845672607,3.503854751586914,0.5,1.0,1.0
157,51,-20.073225021362305,28.37582015991211,0.3333333432674408,0.8333333730697632,0.8333333730697632
157,52,-10.430408477783203,184.04942321777344,0.5,0.5,0.5
157,53,-7.345159530639648,11.569664001464844,0.3333333432674408,1.0,1.0
157,54,-10.121625900268555,7.571000099182129,0.6000000238418579,0.800000011920929,1.0
157,55,-11.840593338012695,19.30083465576172,0.25,0.75,1.0
157,56,-13.13930606842041,79.819580078125,0.0,0.3333333432674408,1.0
157,57,-9.078205108642578,9.675058364868164,0.5,0.75,1.0
157,58,-18.653404235839844,501.59930419921875,0.0,0.3333333432674408,0.3333333432674408
157,59,-6.712693691253662,9.370482444763184,0.6666666865348816,0.6666666865348816,1.0
157,60,-9.171679496765137,9.903813362121582,0.5,1.0,1.0
157,61,-13.146451950073242,715.6748657226562,0.0,0.5,0.5
157,62,-9.271953582763672,10.155224800109863,0.25,0.75,1.0
157,63,-5.877150058746338,18.888912200927734,0.5,0.5,1.0
157,64,-8.458728790283203,68.67356872558594,0.0,0.5,1.0
157,65,-16.446882247924805,3727.306640625,0.0,0.0,0.5
157,66,-13.490784645080566,89.74104309082031,0.6666666865348816,0.6666666865348816,0.6666666865348816
157,67,-20.885055541992188,34287.21484375,0.0,0.0,0.0
157,68,-10.939103126525879,38.33517074584961,0.3333333432674408,0.6666666865348816,0.6666666865348816
157,69,-10.904159545898438,233.24276733398438,0.0,0.5,1.0
157,70,-16.866682052612305,67.8073501586914,0.0,0.75,0.75
157,71,-5.7918314933776855,18.100069046020508,0.5,0.5,1.0
158,0,-6.553443431854248,26.488794326782227,0.5,0.5,1.0
158,1,-4.2392897605896,8.328179359436035,0.5,1.0,1.0
158,2,-8.922433853149414,19.5728759765625,0.6666666865348816,0.6666666865348816,0.6666666865348816
158,3,-17.719938278198242,7044.26513671875,0.0,0.0,0.0
158,4,-19.880279541015625,20746.642578125,0.0,0.0,0.5
158,5,-13.391952514648438,86.832763671875,0.3333333432674408,0.6666666865348816,0.6666666865348816
158,6,-32.397483825683594,221.31356811523438,0.5,0.6666666865348816,0.6666666865348816
158,7,-4.564852237701416,4.579626560211182,0.3333333432674408,1.0,1.0
158,8,-29.617801666259766,1643.281494140625,0.25,0.25,0.5
158,9,-18.386444091796875,458.89190673828125,0.0,0.3333333432674408,0.6666666865348816
158,10,-12.778237342834473,24.3994197845459,0.25,0.75,1.0
158,11,-17.031539916992188,11.393888473510742,0.4285714626312256,0.8571429252624512,0.8571429252624512
158,12,-13.122404098510742,707.1212158203125,0.5,0.5,0.5
158,13,-7.7624664306640625,6.963043212890625,0.75,0.75,0.75
158,14,-19.028057098388672,13548.46484375,0.0,0.0,0.5
158,15,-10.24972915649414,30.464935302734375,0.3333333432674408,0.6666666865348816,0.6666666865348816
158,16,-5.449808597564697,15.254953384399414,0.5,0.5,1.0
158,17,-4.816716194152832,11.115694999694824,0.5,1.0,1.0
158,18,-3.4070658683776855,5.493320465087891,0.5,1.0,1.0
158,19,-7.386658191680908,11.730818748474121,0.3333333432674408,0.6666666865348816,1.0
158,20,-7.172294616699219,1302.8306884765625,0.0,0.0,0.0
158,21,-25.71544647216797,383741.03125,0.0,0.0,0.0
158,22,-25.55039405822754,24.38088035583496,0.25,0.625,0.875
158,23,-10.60258960723877,200.59637451171875,0.5,0.5,0.5
158,24,-6.159542560577393,21.75342559814453,0.5,0.5,1.0
158,25,-15.892278671264648,199.82183837890625,0.0,0.3333333432674408,1.0
158,26,-4.870450496673584,11.418391227722168,0.5,1.0,1.0
158,27,-7.01371955871582,33.34339904785156,0.0,1.0,1.0
158,28,-4.613870143890381,10.043594360351562,0.5,1.0,1.0
158,29,-9.322175025939941,105.75102996826172,0.0,0.5,1.0
158,30,-3.3995068073272705,29.949325561523438,0.0,1.0,1.0
158,31,-10.068523406982422,5.355302810668945,0.5,0.8333333730697632,1.0
158,32,-2.3320224285125732,2.1756789684295654,0.6666666865348816,1.0,1.0
158,33,-18.207523345947266,8989.04296875,0.0,0.0,0.5
158,34,-12.535135269165039,8.078363418579102,0.6666666865348816,0.8333333730697632,1.0
158,35,-6.324884414672852,23.628231048583984,0.5,0.5,1.0
158,36,-7.628562927246094,45.34416198730469,0.5,0.5,0.5
158,37,-11.500520706176758,4.210431098937988,0.75,0.875,1.0
158,38,-6.730157852172852,5.379199028015137,0.75,1.0,1.0
158,39,-13.604816436767578,900.0121459960938,0.5,0.5,0.5
158,40,-16.419492721557617,3676.60986328125,0.0,0.5,0.5
158,41,-22.4222469329834,16.490440368652344,0.375,0.75,0.875
158,42,-5.764766693115234,6.8318047523498535,0.3333333432674408,1.0,1.0
158,43,-12.909658432006836,25.214384078979492,0.5,0.75,1.0
158,44,-19.424596786499023,128.5283203125,0.0,0.5,0.75
158,45,-9.766097068786621,132.03256225585938,0.0,0.5,0.5
158,46,-10.369965553283691,31.710735321044922,0.6666666865348816,0.6666666865348816,0.6666666865348816
158,47,-9.359018325805664,22.63896942138672,0.6666666865348816,0.6666666865348816,0.6666666865348816
158,48,-13.922652244567871,10.18017292022705,0.3333333432674408,0.8333333730697632,1.0
158,49,-2.586030960083008,1.6773349046707153,0.800000011920929,1.0,1.0
158,50,-2.4793360233306885,3.4544665813446045,0.5,1.0,1.0
158,51,-20.126771926879883,28.63019371032715,0.3333333432674408,0.8333333730697632,0.8333333730697632
158,52,-10.415484428405762,182.68113708496094,0.5,0.5,0.5
158,53,-7.4098334312438965,11.82179069519043,0.3333333432674408,1.0,1.0
158,54,-10.18378734588623,7.665712833404541,0.6000000238418579,0.800000011920929,1.0
158,55,-11.725988388061523,18.755687713623047,0.25,0.75,1.0
158,56,-13.268348693847656,83.3278579711914,0.0,0.3333333432674408,1.0
158,57,-9.169421195983887,9.898223876953125,0.5,0.75,1.0
158,58,-18.708026885986328,510.8158264160156,0.0,0.3333333432674408,0.3333333432674408
158,59,-6.659029483795166,9.204352378845215,0.6666666865348816,0.6666666865348816,1.0
158,60,-9.246886253356934,10.09178352355957,0.5,1.0,1.0
158,61,-13.38032341003418,804.4523315429688,0.0,0.5,0.5
158,62,-9.371227264404297,10.410415649414062,0.25,0.75,1.0
158,63,-5.885952949523926,18.972232818603516,0.5,0.5,1.0
158,64,-8.403242111206055,66.79452514648438,0.0,0.5,1.0
158,65,-16.311416625976562,3483.205810546875,0.0,0.0,0.5
158,66,-13.483177185058594,89.51376342773438,0.6666666865348816,0.6666666865348816,0.6666666865348816
158,67,-20.88703155517578,34321.10546875,0.0,0.0,0.0
158,68,-10.94829273223877,38.452781677246094,0.3333333432674408,0.6666666865348816,0.6666666865348816
158,69,-10.919046401977539,234.98536682128906,0.0,0.5,1.0
158,70,-16.971649169921875,69.61028289794922,0.0,0.75,0.75
158,71,-5.838737964630127,18.529592514038086,0.5,0.5,1.0
159,0,-6.506965637207031,25.880319595336914,0.5,0.5,1.0
159,1,-4.204259872436523,8.183582305908203,0.5,1.0,1.0
159,2,-8.860224723815918,19.17118263244629,0.6666666865348816,0.6666666865348816,0.6666666865348816
159,3,-17.73698616027832,7104.5673828125,0.0,0.0,0.0
159,4,-19.909086227416992,21047.626953125,0.0,0.0,0.5
159,5,-13.415385246276855,87.51367950439453,0.3333333432674408,0.6666666865348816,0.6666666865348816
159,6,-32.47054672241211,224.0250701904297,0.5,0.6666666865348816,0.6666666865348816
159,7,-4.674294471740723,4.749779224395752,0.3333333432674408,1.0,1.0
159,8,-29.639461517333984,1652.203857421875,0.25,0.25,0.5
159,9,-18.420351028442383,464.1079406738281,0.0,0.3333333432674408,0.6666666865348816
159,10,-12.729482650756836,24.10382843017578,0.25,0.75,1.0
159,11,-16.896465301513672,11.176135063171387,0.4285714626312256,0.8571429252624512,0.8571429252624512
159,12,-12.92505931854248,640.6796875,0.5,0.5,0.5
159,13,-7.702377796173096,6.859224796295166,0.75,0.75,0.75
159,14,-18.963502883911133,13118.142578125,0.0,0.0,0.5
159,15,-10.173174858093262,29.69736099243164,0.3333333432674408,0.6666666865348816,0.6666666865348816
159,16,-5.380564212799072,14.735832214355469,0.5,0.5,1.0
159,17,-4.826308250427246,11.169134140014648,0.5,1.0,1.0
159,18,-3.4529905319213867,5.620919704437256,0.5,1.0,1.0
159,19,-7.409804821014404,11.821677207946777,0.3333333432674408,0.6666666865348816,1.0
159,20,-7.139305114746094,1260.5521240234375,0.0,0.0,0.0
159,21,-25.662139892578125,373648.1875,0.0,0.0,0.0
159,22,-25.575807571411133,24.458454132080078,0.25,0.625,0.875
159,23,-10.599164009094238,200.25308227539062,0.5,0.5,0.5
159,24,-6.174391746520996,21.915536880493164,0.5,0.5,1.0
159,25,-15.841071128845215,196.4399871826172,0.0,0.3333333432674408,1.0
159,26,-4.876773834228516,11.454549789428711,0.5,1.0,1.0
159,27,-7.125048637390137,35.252071380615234,0.0,1.0,1.0
159,28,-4.561704635620117,9.785017013549805,0.5,1.0,1.0
159,29,-9.267923355102539,102.9209976196289,0.0,0.5,1.0
159,30,-3.428983688354492,30.845279693603516,0.0,1.0,1.0
159,31,-10.151716232299805,5.4300737380981445,0.5,0.8333333730697632,1.0
159,32,-2.345759868621826,2.185664653778076,0.6666666865348816,1.0,1.0
159,33,-18.14496612548828,8712.23046875,0.0,0.0,0.5
159,34,-12.463874816894531,7.982985496520996,0.6666666865348816,0.8333333730697632,1.0
159,35,-6.346120834350586,23.880456924438477,0.5,0.5,1.0
159,36,-7.60243034362793,44.75553512573242,0.5,0.5,0.5
159,37,-11.408098220825195,4.162068843841553,0.75,0.875,1.0
159,38,-6.683663845062256,5.317035675048828,0.75,1.0,1.0
159,39,-13.460827827453613,837.4938354492188,0.5,0.5,0.5
159,40,-16.423303604125977,3683.6220703125,0.0,0.5,0.5
159,41,-22.46373176574707,16.576175689697266,0.375,0.75,0.875
159,42,-5.7846550941467285,6.877246379852295,0.3333333432674408,1.0,1.0
159,43,-12.829122543334961,24.711795806884766,0.5,0.75,1.0
159,44,-19.433452606201172,128.8131866455078,0.0,0.5,0.75
159,45,-9.674322128295898,126.11082458496094,0.0,0.5,0.5
159,46,-10.374283790588379,31.75640869140625,0.6666666865348816,0.6666666865348816,0.6666666865348816
159,47,-9.35612964630127,22.61717987060547,0.6666666865348816,0.6666666865348816,0.6666666865348816
159,48,-13.888900756835938,10.123067855834961,0.3333333432674408,0.8333333730697632,1.0
159,49,-2.5573339462280273,1.6677356958389282,0.800000011920929,1.0,1.0
159,50,-2.5434305667877197,3.5669655799865723,0.5,1.0,1.0
159,51,-20.109352111816406,28.547195434570312,0.3333333432674408,0.6666666865348816,0.8333333730697632
159,52,-10.385953903198242,180.0036163330078,0.5,0.5,0.5
159,53,-7.381982326507568,11.71254825592041,0.3333333432674408,1.0,1.0
159,54,-10.121480941772461,7.570781707763672,0.6000000238418579,0.800000011920929,1.0
159,55,-11.746996879577637,18.854454040527344,0.25,0.75,1.0
159,56,-13.280542373657227,83.667236328125,0.0,0.3333333432674408,1.0
159,57,-9.194366455078125,9.96014404296875,0.5,0.75,1.0
159,58,-18.79294776916504,525.4820556640625,0.0,0.3333333432674408,0.3333333432674408
159,59,-6.658822536468506,9.203719139099121,0.6666666865348816,0.6666666865348816,1.0
159,60,-9.194307327270508,9.959997177124023,0.5,1.0,1.0
159,61,-13.345613479614258,790.6115112304688,0.0,0.5,0.5
159,62,-9.241168975830078,10.077369689941406,0.25,0.75,1.0
159,63,-5.943058967590332,19.52175521850586,0.5,0.5,1.0
159,64,-8.436599731445312,67.91792297363281,0.0,0.5,1.0
159,65,-16.339384078979492,3532.256103515625,0.0,0.0,0.5
159,66,-13.55481243133545,91.67694854736328,0.6666666865348816,0.6666666865348816,0.6666666865348816
159,67,-20.87420082092285,34101.62890625,0.0,0.0,0.0
159,68,-10.934083938598633,38.27108383178711,0.3333333432674408,0.6666666865348816,0.6666666865348816
159,69,-10.860719680786133,228.2313690185547,0.0,0.5,1.0
159,70,-16.95174217224121,69.26470947265625,0.0,0.75,0.75
159,71,-5.8284478187561035,18.434499740600586,0.5,0.5,1.0
160,0,-6.540843963623047,26.322444915771484,0.5,0.5,1.0
160,1,-4.268671035766602,8.45142936706543,0.5,1.0,1.0
160,2,-8.866415977478027,19.21078872680664,0.6666666865348816,0.6666666865348816,0.6666666865348816
160,3,-17.615814208984375,6686.90966796875,0.0,0.0,0.0
160,4,-19.887493133544922,20821.607421875,0.0,0.0,0.5
160,5,-13.400909423828125,87.0924301147461,0.3333333432674408,0.6666666865348816,0.6666666865348816
160,6,-32.404964447021484,221.58969116210938,0.5,0.6666666865348816,0.6666666865348816
160,7,-4.509788990020752,4.496336936950684,0.3333333432674408,1.0,1.0
160,8,-29.595054626464844,1633.9630126953125,0.25,0.25,0.5
160,9,-18.408517837524414,462.2809143066406,0.0,0.3333333432674408,0.6666666865348816
160,10,-12.820723533630371,24.65995979309082,0.25,0.75,1.0
160,11,-16.920007705688477,11.213787078857422,0.4285714626312256,0.8571429252624512,0.8571429252624512
160,12,-13.055085182189941,683.7159423828125,0.5,0.5,0.5
160,13,-7.710960865020752,6.873959541320801,0.75,0.75,0.75
160,14,-18.992996215820312,13313.0244140625,0.0,0.0,0.5
160,15,-10.165191650390625,29.61844253540039,0.3333333432674408,0.6666666865348816,0.6666666865348816
160,16,-5.429171085357666,15.098352432250977,0.5,0.5,1.0
160,17,-4.86043643951416,11.361360549926758,0.5,1.0,1.0
160,18,-3.4671058654785156,5.660730838775635,0.5,1.0,1.0
160,19,-7.430249214172363,11.902514457702637,0.3333333432674408,0.6666666865348816,1.0
160,20,-7.1696953773498535,1299.44873046875,0.0,0.0,0.0
160,21,-25.64191246032715,369888.28125,0.0,0.0,0.0
160,22,-25.604249954223633,24.54556655883789,0.25,0.625,0.875
160,23,-10.6928129196167,209.8528289794922,0.5,0.5,0.5
160,24,-6.1670050621032715,21.834745407104492,0.5,0.5,1.0
160,25,-15.792326927185059,193.2740478515625,0.0,0.3333333432674408,1.0
160,26,-4.880212306976318,11.474259376525879,0.5,1.0,1.0
160,27,-7.139150142669678,35.501502990722656,0.0,1.0,1.0
160,28,-4.591456890106201,9.931668281555176,0.5,1.0,1.0
160,29,-9.1519775390625,97.1240234375,0.0,0.5,1.0
160,30,-3.419984817504883,30.568952560424805,0.0,1.0,1.0
160,31,-10.054666519165039,5.342949390411377,0.5,0.8333333730697632,1.0
160,32,-2.366572380065918,2.200880527496338,0.6666666865348816,1.0,1.0
160,33,-18.122949600219727,8616.8486328125,0.0,0.0,0.5
160,34,-12.497578620910645,8.027956008911133,0.6666666865348816,0.8333333730697632,1.0
160,35,-6.316991806030273,23.535171508789062,0.5,0.5,1.0
160,36,-7.570710182189941,44.05131149291992,0.5,0.5,0.5
160,37,-11.44493293762207,4.181276798248291,0.75,0.875,1.0
160,38,-6.752388000488281,5.409177303314209,0.75,1.0,1.0
160,39,-13.550763130187988,876.0135498046875,0.5,0.5,0.5
160,40,-16.330717086791992,3516.982177734375,0.0,0.5,0.5
160,41,-22.522781372070312,16.6989803314209,0.375,0.75,0.875
160,42,-5.862277030944824,7.057510852813721,0.3333333432674408,1.0,1.0
160,43,-12.803520202636719,24.554128646850586,0.5,0.75,1.0
160,44,-19.446115493774414,129.22161865234375,0.0,0.5,0.75
160,45,-9.728224754333496,129.55589294433594,0.0,0.5,0.5
160,46,-10.334142684936523,31.33432960510254,0.6666666865348816,0.6666666865348816,0.6666666865348816
160,47,-9.422510147094727,23.123207092285156,0.6666666865348816,0.6666666865348816,0.6666666865348816
160,48,-13.917268753051758,10.171043395996094,0.3333333432674408,0.6666666865348816,1.0
160,49,-2.6069271564483643,1.6843595504760742,0.800000011920929,1.0,1.0
160,50,-2.4953622817993164,3.4822587966918945,0.5,1.0,1.0
160,51,-20.00968360900879,28.076904296875,0.3333333432674408,0.8333333730697632,0.8333333730697632
160,52,-10.361034393310547,177.77471923828125,0.5,0.5,0.5
160,53,-7.443892478942871,11.956768035888672,0.3333333432674408,1.0,1.0
160,54,-10.105483055114746,7.546597003936768,0.6000000238418579,0.800000011920929,1.0
160,55,-11.76486873626709,18.93888282775879,0.25,0.75,1.0
160,56,-13.266763687133789,83.28384399414062,0.0,0.3333333432674408,1.0
160,57,-9.191978454589844,9.95419979095459,0.5,0.75,1.0
160,58,-18.709030151367188,510.9866027832031,0.0,0.3333333432674408,0.3333333432674408
160,59,-6.691478252410889,9.304450035095215,0.6666666865348816,0.6666666865348816,1.0
160,60,-9.287872314453125,10.195720672607422,0.5,1.0,1.0
160,61,-13.29257869720459,769.922119140625,0.0,0.5,0.5
160,62,-9.166450500488281,9.890874862670898,0.25,0.75,1.0
160,63,-5.914425373077393,19.2442569732666,0.5,0.5,1.0
160,64,-8.489845275878906,69.7503662109375,0.0,0.5,1.0
160,65,-16.309019088745117,3479.03271484375,0.0,0.0,0.5
160,66,-13.529327392578125,90.90142822265625,0.6666666865348816,0.6666666865348816,0.6666666865348816
160,67,-20.908960342407227,34699.48828125,0.0,0.0,0.0
160,68,-10.926901817321777,38.179569244384766,0.3333333432674408,0.6666666865348816,0.6666666865348816
160,69,-10.8812255859375,230.58343505859375,0.0,0.5,1.0
160,70,-16.990232467651367,69.93443298339844,0.0,0.75,0.75
160,71,-5.87858772277832,18.902494430541992,0.5,0.5,1.0
161,0,-6.523228645324707,26.091623306274414,0.5,0.5,1.0
161,1,-4.217739105224609,8.238922119140625,0.5,1.0,1.0
161,2,-8.828813552856445,18.971500396728516,0.6666666865348816,0.6666666865348816,0.6666666865348816
161,3,-17.622167587280273,6708.185546875,0.0,0.0,0.0
161,4,-19.95412826538086,21527.01953125,0.0,0.0,0.5
161,5,-13.387131690979004,86.69334411621094,0.3333333432674408,0.6666666865348816,0.6666666865348816
161,6,-32.428043365478516,222.44371032714844,0.5,0.6666666865348816,0.6666666865348816
161,7,-4.627255439758301,4.67588472366333,0.3333333432674408,1.0,1.0
161,8,-29.50104331970215,1596.008056640625,0.25,0.25,0.5
161,9,-18.442264556884766,467.51031494140625,0.0,0.3333333432674408,0.6666666865348816
161,10,-12.743894577026367,24.19083023071289,0.25,0.75,1.0
161,11,-16.926376342773438,11.223995208740234,0.4285714626312256,0.8571429252624512,0.8571429252624512
161,12,-13.235502243041992,748.2604370117188,0.5,0.5,0.5
161,13,-7.743741989135742,6.930524826049805,0.75,0.75,0.75
161,14,-19.064311981201172,13796.3037109375,0.0,0.0,0.0
161,15,-10.17586612701416,29.724018096923828,0.3333333432674408,0.6666666865348816,0.6666666865348816
161,16,-5.424152851104736,15.060516357421875,0.5,0.5,1.0
161,17,-4.834442138671875,11.214651107788086,0.5,1.0,1.0
161,18,-3.462724208831787,5.648342609405518,0.5,1.0,1.0
161,19,-7.455789089202881,12.004278182983398,0.3333333432674408,0.6666666865348816,1.0
161,20,-7.101457595825195,1213.73486328125,0.0,0.0,0.0
161,21,-25.708791732788086,382466.3125,0.0,0.0,0.0
161,22,-25.487651824951172,24.190414428710938,0.25,0.625,0.875
161,23,-10.674930572509766,207.98486328125,0.5,0.5,0.5
161,24,-6.169046401977539,21.85704231262207,0.5,0.5,1.0
161,25,-15.739611625671387,189.9075164794922,0.0,0.3333333432674408,1.0
161,26,-4.855051040649414,11.330809593200684,0.5,1.0,1.0
161,27,-7.060349464416504,34.12992858886719,0.0,1.0,1.0
161,28,-4.582791805267334,9.888731956481934,0.5,1.0,1.0
161,29,-9.252723693847656,102.14177703857422,0.0,0.5,1.0
161,30,-3.3758935928344727,29.250410079956055,0.0,1.0,1.0
161,31,-10.175067901611328,5.4512481689453125,0.5,0.8333333730697632,1.0
161,32,-2.318586587905884,2.165956974029541,0.6666666865348816,1.0,1.0
161,33,-18.06736183166504,8380.6513671875,0.0,0.0,0.5
161,34,-12.412246704101562,7.914588928222656,0.6666666865348816,0.8333333730697632,1.0
161,35,-6.260632514953613,22.881216049194336,0.5,0.5,1.0
161,36,-7.642314434051514,45.65701675415039,0.5,0.5,0.5
161,37,-11.493861198425293,4.20692777633667,0.75,0.875,1.0
161,38,-6.757333755493164,5.415869235992432,0.75,1.0,1.0
161,39,-13.648080825805664,919.6934204101562,0.5,0.5,0.5
161,40,-16.3763370513916,3598.12646484375,0.0,0.5,0.5
161,41,-22.59686279296875,16.85433578491211,0.375,0.75,0.875
161,42,-5.78097677230835,6.868819713592529,0.3333333432674408,1.0,1.0
161,43,-12.87236213684082,24.980375289916992,0.5,0.75,1.0
161,44,-19.45220947265625,129.4186248779297,0.0,0.5,0.75
161,45,-9.750777244567871,131.02505493164062,0.0,0.5,0.5
161,46,-10.222315788269043,30.187820434570312,0.6666666865348816,0.6666666865348816,0.6666666865348816
161,47,-9.391678810119629,22.88678550720215,0.6666666865348816,0.6666666865348816,0.6666666865348816
161,48,-13.87837028503418,10.105317115783691,0.3333333432674408,0.6666666865348816,1.0
161,49,-2.5988054275512695,1.6816258430480957,0.800000011920929,1.0,1.0
161,50,-2.554060220718384,3.5859737396240234,0.5,1.0,1.0
161,51,-20.036575317382812,28.203022003173828,0.3333333432674408,0.8333333730697632,0.8333333730697632
161,52,-10.408917427062988,182.08230590820312,0.5,0.5,0.5
161,53,-7.365231513977051,11.647333145141602,0.3333333432674408,1.0,1.0
161,54,-10.125402450561523,7.576720237731934,0.6000000238418579,0.800000011920929,1.0
161,55,-11.746101379394531,18.850234985351562,0.25,0.75,1.0
161,56,-13.268980026245117,83.34538269042969,0.0,0.3333333432674408,1.0
161,57,-9.147391319274902,9.843859672546387,0.5,0.75,1.0
161,58,-18.645797729492188,500.3289489746094,0.0,0.3333333432674408,0.3333333432674408
161,59,-6.67722225189209,9.26033878326416,0.6666666865348816,0.6666666865348816,1.0
161,60,-9.284860610961914,10.1880464553833,0.5,1.0,1.0
161,61,-13.425203323364258,822.7083129882812,0.0,0.5,0.5
161,62,-9.2506742477417,10.101344108581543,0.25,0.75,1.0
161,63,-5.911126136779785,19.21253776550293,0.5,0.5,1.0
161,64,-8.429697036743164,67.68391418457031,0.0,0.5,1.0
161,65,-16.354230880737305,3558.574951171875,0.0,0.0,0.5
161,66,-13.431407928466797,87.98234558105469,0.6666666865348816,0.6666666865348816,0.6666666865348816
161,67,-20.895544052124023,34467.49609375,0.0,0.0,0.0
161,68,-11.000202178955078,39.12391662597656,0.3333333432674408,0.6666666865348816,0.6666666865348816
161,69,-10.921448707580566,235.2677764892578,0.0,0.5,1.0
161,70,-17.10242462158203,71.92372131347656,0.0,0.75,0.75
161,71,-5.832695484161377,18.47369384765625,0.5,0.5,1.0
162,0,-6.475961685180664,25.48221778869629,0.5,0.5,1.0
162,1,-4.25230073928833,8.382534980773926,0.5,1.0,1.0
162,2,-8.856422424316406,19.14689826965332,0.6666666865348816,0.6666666865348816,0.6666666865348816
162,3,-17.74176025390625,7121.5458984375,0.0,0.0,0.0
162,4,-19.776165008544922,19694.259765625,0.0,0.0,0.5
162,5,-13.44137954711914,88.2752456665039,0.3333333432674408,0.6666666865348816,0.6666666865348816
162,6,-32.47292709350586,224.1139678955078,0.5,0.6666666865348816,0.6666666865348816
162,7,-4.522917747497559,4.516057014465332,0.3333333432674408,1.0,1.0
162,8,-29.630250930786133,1648.4039306640625,0.25,0.25,0.5
162,9,-18.438642501831055,466.9461669921875,0.0,0.3333333432674408,0.6666666865348816
162,10,-12.754509925842285,24.25511360168457,0.25,0.75,1.0
162,11,-16.919139862060547,11.212397575378418,0.4285714626312256,0.8571429252624512,0.8571429252624512
162,12,-13.132794380187988,710.8042602539062,0.5,0.5,0.5
162,13,-7.6641106605529785,6.793917179107666,0.75,0.75,0.75
162,14,-19.03106689453125,13568.8701171875,0.0,0.0,0.5
162,15,-10.174741744995117,29.712879180908203,0.3333333432674408,0.6666666865348816,0.6666666865348816
162,16,-5.39442777633667,14.838333129882812,0.5,0.5,1.0
162,17,-4.870577812194824,11.41911792755127,0.5,1.0,1.0
162,18,-3.3326261043548584,5.292618274688721,0.5,1.0,1.0
162,19,-7.41229248046875,11.8314847946167,0.3333333432674408,0.6666666865348816,1.0
162,20,-7.141561508178711,1263.399658203125,0.0,0.0,0.0
162,21,-25.717063903808594,384051.53125,0.0,0.0,0.0
162,22,-25.627662658691406,24.61750602722168,0.25,0.625,0.875
162,23,-10.647218704223633,205.1229248046875,0.5,0.5,0.5
162,24,-6.132346153259277,21.45962142944336,0.5,0.5,1.0
162,25,-15.834100723266602,195.984130859375,0.0,0.3333333432674408,1.0
162,26,-4.790450096130371,10.970666885375977,0.5,1.0,1.0
162,27,-7.145167827606201,35.608482360839844,0.0,1.0,1.0
162,28,-4.523796081542969,9.601295471191406,0.5,1.0,1.0
162,29,-9.273580551147461,103.2125244140625,0.0,0.5,1.0
162,30,-3.4447407722473145,31.33515739440918,0.0,1.0,1.0
162,31,-10.201688766479492,5.475488662719727,0.5,0.8333333730697632,1.0
162,32,-2.313559055328369,2.162329912185669,0.6666666865348816,1.0,1.0
162,33,-18.12302017211914,8617.1533203125,0.0,0.0,0.5
162,34,-12.619208335876465,8.192355155944824,0.6666666865348816,0.8333333730697632,1.0
162,35,-6.377388954162598,24.256738662719727,0.5,0.5,1.0
162,36,-7.577768802642822,44.207054138183594,0.5,0.5,0.5
162,37,-11.40887451171875,4.162472724914551,0.75,0.875,1.0
162,38,-6.753587245941162,5.410799503326416,0.75,1.0,1.0
162,39,-13.494906425476074,851.8864135742188,0.5,0.5,0.5
162,40,-16.253223419189453,3383.316650390625,0.0,0.5,0.5
162,41,-22.569000244140625,16.79573631286621,0.375,0.75,0.875
162,42,-5.745097637176514,6.787159442901611,0.6666666865348816,1.0,1.0
162,43,-12.82206916809082,24.668256759643555,0.5,0.75,1.0
162,44,-19.341121673583984,125.8738784790039,0.0,0.5,0.75
162,45,-9.768623352050781,132.19944763183594,0.0,0.5,0.5
162,46,-10.163007736206055,29.596891403198242,0.6666666865348816,0.6666666865348816,0.6666666865348816
162,47,-9.440170288085938,23.259729385375977,0.6666666865348816,0.6666666865348816,0.6666666865348816
162,48,-14.014755249023438,10.337650299072266,0.3333333432674408,0.6666666865348816,1.0
162,49,-2.6190872192382812,1.6884609460830688,0.800000011920929,1.0,1.0
162,50,-2.5297904014587402,3.5427212715148926,0.5,1.0,1.0
162,51,-20.02522087097168,28.149702072143555,0.3333333432674408,0.8333333730697632,0.8333333730697632
162,52,-10.348340034484863,176.64993286132812,0.5,0.5,0.5
162,53,-7.425912857055664,11.885324478149414,0.3333333432674408,1.0,1.0
162,54,-10.149650573730469,7.61355447769165,0.6000000238418579,0.800000011920929,1.0
162,55,-11.69097900390625,18.592248916625977,0.25,0.75,1.0
162,56,-13.255043029785156,82.95911407470703,0.0,0.3333333432674408,1.0
162,57,-9.181699752807617,9.928653717041016,0.5,0.75,1.0
162,58,-18.793304443359375,525.54443359375,0.0,0.3333333432674408,0.3333333432674408
162,59,-6.677793979644775,9.262105941772461,0.6666666865348816,0.6666666865348816,1.0
162,60,-9.246943473815918,10.091927528381348,0.5,1.0,1.0
162,61,-13.51228141784668,859.3193969726562,0.0,0.5,0.5
162,62,-9.2470703125,10.092247009277344,0.25,0.75,1.0
162,63,-5.9527997970581055,19.617067337036133,0.5,0.5,1.0
162,64,-8.415218353271484,67.19569396972656,0.0,0.5,1.0
162,65,-16.3261661529541,3508.988525390625,0.0,0.0,0.5
162,66,-13.446231842041016,88.41814422607422,0.6666666865348816,0.6666666865348816,0.6666666865348816
162,67,-20.896419525146484,34482.58984375,0.0,0.0,0.0
162,68,-10.946141242980957,38.42521286010742,0.3333333432674408,0.6666666865348816,0.6666666865348816
162,69,-10.833759307861328,225.17539978027344,0.0,0.5,1.0
162,70,-17.119464874267578,72.23077392578125,0.0,0.5,0.75
162,71,-5.826844215393066,18.41972541809082,0.5,0.5,1.0
163,0,-6.481111526489258,25.547916412353516,0.5,0.5,1.0
163,1,-4.234969615936279,8.310209274291992,0.5,1.0,1.0
163,2,-8.85349178314209,19.128206253051758,0.6666666865348816,0.6666666865348816,0.6666666865348816
163,3,-17.727907180786133,7072.38916015625,0.0,0.0,0.0
163,4,-19.743724822998047,19377.39453125,0.0,0.0,0.5
163,5,-13.334342956542969,85.18120574951172,0.3333333432674408,0.6666666865348816,0.6666666865348816
163,6,-32.45323181152344,223.37950134277344,0.5,0.6666666865348816,0.6666666865348816
163,7,-4.606281757354736,4.643309116363525,0.3333333432674408,1.0,1.0
163,8,-29.59857749938965,1635.4027099609375,0.25,0.25,0.5
163,9,-18.370285034179688,456.42681884765625,0.0,0.3333333432674408,0.6666666865348816
163,10,-12.80526351928711,24.564834594726562,0.25,0.75,1.0
163,11,-16.804462432861328,11.030204772949219,0.4285714626312256,0.8571429252624512,0.8571429252624512
163,12,-12.894220352172852,630.8765258789062,0.5,0.5,0.5
163,13,-7.7519941329956055,6.94483757019043,0.75,0.75,0.75
163,14,-19.035768508911133,13600.8056640625,0.0,0.0,0.0
163,15,-10.216740608215332,30.131776809692383,0.3333333432674408,0.6666666865348816,0.6666666865348816
163,16,-5.40286111831665,14.901033401489258,0.5,0.5,1.0
163,17,-4.829445838928223,11.186670303344727,0.5,1.0,1.0
163,18,-3.422391176223755,5.535575866699219,0.5,1.0,1.0
163,19,-7.415293216705322,11.843323707580566,0.3333333432674408,0.6666666865348816,1.0
163,20,-7.146575450897217,1269.750244140625,0.0,0.0,0.0
163,21,-25.68006706237793,377012.46875,0.0,0.0,0.0
163,22,-25.578487396240234,24.46664810180664,0.25,0.625,0.875
163,23,-10.666255950927734,207.084716796875,0.5,0.5,0.5
163,24,-6.180458068847656,21.98211097717285,0.5,0.5,1.0
163,25,-15.837427139282227,196.2015380859375,0.0,0.3333333432674408,1.0
163,26,-4.791213035583496,10.974852561950684,0.5,1.0,1.0
163,27,-7.095450401306152,34.734214782714844,0.0,1.0,1.0
163,28,-4.57549524307251,9.852720260620117,0.5,1.0,1.0
163,29,-9.298130989074707,104.48729705810547,0.0,0.5,1.0
163,30,-3.4148309230804443,30.411806106567383,0.0,1.0,1.0
163,31,-10.189750671386719,5.46460485458374,0.5,0.8333333730697632,1.0
163,32,-2.3023314476013184,2.154252529144287,0.6666666865348816,1.0,1.0
163,33,-18.073970794677734,8408.390625,0.0,0.0,0.5
163,34,-12.569786071777344,8.125150680541992,0.6666666865348816,0.8333333730697632,1.0
163,35,-6.19291877746582,22.119495391845703,0.5,0.5,1.0
163,36,-7.59636116027832,44.619930267333984,0.5,0.5,0.5
163,37,-11.3966064453125,4.156094551086426,0.75,0.875,1.0
163,38,-6.702314376831055,5.341885089874268,0.75,1.0,1.0
163,39,-13.518099784851074,861.822998046875,0.5,0.5,0.5
163,40,-16.362945556640625,3574.114990234375,0.0,0.5,0.5
163,41,-22.541088104248047,16.73723793029785,0.375,0.75,0.875
163,42,-5.805561542510986,6.92534065246582,0.3333333432674408,1.0,1.0
163,43,-12.864545822143555,24.931612014770508,0.5,0.75,1.0
163,44,-19.46072769165039,129.6945343017578,0.0,0.5,0.75
163,45,-9.783729553222656,133.2017364501953,0.0,0.5,0.5
163,46,-10.408379554748535,32.119388580322266,0.6666666865348816,0.6666666865348816,0.6666666865348816
163,47,-9.36526870727539,22.686189651489258,0.6666666865348816,0.6666666865348816,0.6666666865348816
163,48,-13.903510093688965,10.147747039794922,0.3333333432674408,0.8333333730697632,1.0
163,49,-2.576730966567993,1.6742180585861206,0.800000011920929,1.0,1.0
163,50,-2.500983953475952,3.492060661315918,0.5,1.0,1.0
163,51,-19.971702575683594,27.89973258972168,0.3333333432674408,0.8333333730697632,0.8333333730697632
163,52,-10.371244430541992,178.68458557128906,0.5,0.5,0.5
163,53,-7.392838478088379,11.755008697509766,0.3333333432674408,1.0,1.0
163,54,-10.23271369934082,7.741091251373291,0.6000000238418579,0.800000011920929,1.0
163,55,-11.684264183044434,18.561063766479492,0.25,0.75,1.0
163,56,-13.216678619384766,81.90496063232422,0.0,0.3333333432674408,1.0
163,57,-9.136999130249023,9.818317413330078,0.5,0.75,1.0
163,58,-18.740463256835938,516.36865234375,0.0,0.3333333432674408,0.3333333432674408
163,59,-6.762951374053955,9.528782844543457,0.6666666865348816,0.6666666865348816,1.0
163,60,-9.221806526184082,10.028706550598145,0.5,1.0,1.0
163,61,-13.356595993041992,794.9649658203125,0.0,0.5,0.5
163,62,-9.229202270507812,10.047266006469727,0.25,0.75,1.0
163,63,-5.87989616394043,18.914865493774414,0.5,0.5,1.0
163,64,-8.375675201416016,65.88018035888672,0.0,0.5,1.0
163,65,-16.419782638549805,3677.14306640625,0.0,0.0,0.5
163,66,-13.51441478729248,90.45071411132812,0.6666666865348816,0.6666666865348816,0.6666666865348816
163,67,-20.904296875,34618.66796875,0.0,0.0,0.0
163,68,-10.964831352233887,38.66534423828125,0.3333333432674408,0.6666666865348816,0.6666666865348816
163,69,-10.885100364685059,231.03060913085938,0.0,0.5,1.0
163,70,-16.947917938232422,69.19852447509766,0.0,0.75,0.75
163,71,-5.808964729309082,18.25579071044922,0.5,0.5,1.0
164,0,-6.475754261016846,25.479576110839844,0.5,0.5,1.0
164,1,-4.186729431152344,8.112164497375488,0.5,1.0,1.0
164,2,-8.918869972229004,19.549636840820312,0.6666666865348816,0.6666666865348816,0.6666666865348816
164,3,-17.840002059936523,7480.0966796875,0.0,0.0,0.0
164,4,-19.792016983032227,19850.9765625,0.0,0.0,0.5
164,5,-13.488298416137695,89.66670227050781,0.3333333432674408,0.6666666865348816,0.6666666865348816
164,6,-32.42494583129883,222.32887268066406,0.5,0.6666666865348816,0.6666666865348816
164,7,-4.6352643966674805,4.688385009765625,0.3333333432674408,1.0,1.0
164,8,-29.45289421081543,1576.91162109375,0.25,0.25,0.5
164,9,-18.441558837890625,467.4004211425781,0.0,0.3333333432674408,0.6666666865348816
164,10,-12.841086387634277,24.785818099975586,0.25,0.75,1.0
164,11,-16.837604522705078,11.08255386352539,0.4285714626312256,0.8571429252624512,0.8571429252624512
164,12,-13.033239364624023,676.2884521484375,0.5,0.5,0.5
164,13,-7.691462516784668,6.8405327796936035,0.75,0.75,0.75
164,14,-19.036422729492188,13605.25390625,0.0,0.0,0.0
164,15,-10.199201583862305,29.956125259399414,0.3333333432674408,0.6666666865348816,0.6666666865348816
164,16,-5.370097637176514,14.658916473388672,0.5,0.5,1.0
164,17,-4.871216773986816,11.422765731811523,0.5,1.0,1.0
164,18,-3.3795719146728516,5.418321132659912,0.5,1.0,1.0
164,19,-7.335371971130371,11.531978607177734,0.3333333432674408,0.6666666865348816,1.0
164,20,-7.1416215896606445,1263.4755859375,0.0,0.0,0.0
164,21,-25.73979377746582,388441.09375,0.0,0.0,0.0
164,22,-25.598318099975586,24.527374267578125,0.25,0.625,0.875
164,23,-10.594151496887207,199.7518310546875,0.5,0.5,0.5
164,24,-6.176342010498047,21.936918258666992,0.5,0.5,1.0
164,25,-15.828570365905762,195.62319946289062,0.0,0.3333333432674408,1.0
164,26,-4.826465606689453,11.170012474060059,0.5,1.0,1.0
164,27,-7.152499198913574,35.739253997802734,0.0,1.0,1.0
164,28,-4.510463714599609,9.537504196166992,0.5,1.0,1.0
164,29,-9.325088500976562,105.90519714355469,0.0,0.5,1.0
164,30,-3.406797409057617,30.168472290039062,0.0,1.0,1.0
164,31,-10.161423683166504,5.438866138458252,0.5,0.8333333730697632,1.0
164,32,-2.333362102508545,2.1766510009765625,0.6666666865348816,1.0,1.0
164,33,-18.141769409179688,8698.31640625,0.0,0.0,0.5
164,34,-12.601236343383789,8.167853355407715,0.6666666865348816,0.8333333730697632,1.0
164,35,-6.382948875427246,24.32426643371582,0.5,0.5,1.0
164,36,-7.648083209991455,45.78889465332031,0.5,0.5,0.5
164,37,-11.44420051574707,4.180893898010254,0.75,0.875,1.0
164,38,-6.656319618225098,5.2808122634887695,0.75,1.0,1.0
164,39,-13.546590805053711,874.18798828125,0.5,0.5,0.5
164,40,-16.363195419311523,3574.5615234375,0.0,0.5,0.5
164,41,-22.489103317260742,16.628829956054688,0.375,0.75,0.875
164,42,-5.762142658233643,6.825831890106201,0.3333333432674408,1.0,1.0
164,43,-12.833251953125,24.73731803894043,0.5,0.75,1.0
164,44,-19.4621524810791,129.74072265625,0.0,0.5,0.75
164,45,-9.70775032043457,128.2363739013672,0.0,0.5,0.5
164,46,-10.065240859985352,28.647907257080078,0.6666666865348816,0.6666666865348816,0.6666666865348816
164,47,-9.364365577697754,22.679359436035156,0.6666666865348816,0.6666666865348816,0.6666666865348816
164,48,-13.916545867919922,10.169818878173828,0.3333333432674408,0.8333333730697632,1.0
164,49,-2.597872495651245,1.681312084197998,0.800000011920929,1.0,1.0
164,50,-2.5503089427948,3.579254388809204,0.5,1.0,1.0
164,51,-20.04192352294922,28.228174209594727,0.3333333432674408,0.8333333730697632,0.8333333730697632
164,52,-10.34866714477539,176.6788330078125,0.5,0.5,0.5
164,53,-7.460446357727051,12.022928237915039,0.3333333432674408,1.0,1.0
164,54,-10.054691314697266,7.470322608947754,0.6000000238418579,0.800000011920929,1.0
164,55,-11.760137557983398,18.91649627685547,0.25,0.75,1.0
164,56,-13.258010864257812,83.04119110107422,0.0,0.3333333432674408,1.0
164,57,-9.151944160461426,9.855069160461426,0.5,0.75,1.0
164,58,-18.674407958984375,505.1232604980469,0.0,0.3333333432674408,0.3333333432674408
164,59,-6.689656734466553,9.298802375793457,0.6666666865348816,0.6666666865348816,1.0
164,60,-9.298043251037598,10.221678733825684,0.5,1.0,1.0
164,61,-13.336545944213867,787.0352172851562,0.0,0.5,0.5
164,62,-9.232488632202148,10.055524826049805,0.25,0.75,1.0
164,63,-5.92335844039917,19.33040428161621,0.5,0.5,1.0
164,64,-8.491532325744629,69.8092269897461,0.0,0.5,1.0
164,65,-16.388120651245117,3619.388427734375,0.0,0.0,0.5
164,66,-13.516888618469238,90.52531433105469,0.6666666865348816,0.6666666865348816,0.6666666865348816
164,67,-20.924680709838867,34973.3046875,0.0,0.0,0.0
164,68,-10.959237098693848,38.59331130981445,0.3333333432674408,0.6666666865348816,0.6666666865348816
164,69,-10.82385540008545,224.06309509277344,0.0,0.5,1.0
164,70,-16.959857940673828,69.40538787841797,0.0,0.75,0.75
164,71,-5.7937211990356445,18.117177963256836,0.5,0.5,1.0
165,0,-6.470172882080078,25.408567428588867,0.5,0.5,1.0
165,1,-4.238356113433838,8.32429313659668,0.5,1.0,1.0
165,2,-8.819528579711914,18.91287612915039,0.6666666865348816,0.6666666865348816,0.6666666865348816
165,3,-17.7449951171875,7133.07421875,0.0,0.0,0.0
165,4,-19.792205810546875,19852.849609375,0.0,0.0,0.5
165,5,-13.35782241821289,85.85052490234375,0.3333333432674408,0.6666666865348816,0.6666666865348816
165,6,-32.468536376953125,223.94998168945312,0.5,0.6666666865348816,0.6666666865348816
165,7,-4.513533592224121,4.501952648162842,0.3333333432674408,1.0,1.0
165,8,-29.57462501525879,1625.6390380859375,0.25,0.25,0.5
165,9,-18.437339782714844,466.7436218261719,0.0,0.3333333432674408,0.6666666865348816
165,10,-12.790746688842773,24.47584342956543,0.25,0.75,1.0
165,11,-16.849807739257812,11.101890563964844,0.4285714626312256,0.8571429252624512,0.8571429252624512
165,12,-13.040396690368652,678.7130126953125,0.5,0.5,0.5
165,13,-7.709142684936523,6.870835781097412,0.75,0.75,0.75
165,14,-18.930038452148438,12900.47265625,0.0,0.0,0.5
165,15,-10.182011604309082,29.784969329833984,0.3333333432674408,0.6666666865348816,0.6666666865348816
165,16,-5.402568817138672,14.898856163024902,0.5,0.5,1.0
165,17,-4.871596336364746,11.424934387207031,0.5,1.0,1.0
165,18,-3.483858108520508,5.708344459533691,0.5,1.0,1.0
165,19,-7.3632917404174805,11.639803886413574,0.3333333432674408,0.6666666865348816,1.0
165,20,-7.120213985443115,1236.715087890625,0.0,0.0,0.0
165,21,-25.652774810791016,371902.65625,0.0,0.0,0.0
165,22,-25.560707092285156,24.41233253479004,0.25,0.625,0.875
165,23,-10.705211639404297,211.15782165527344,0.5,0.5,0.5
165,24,-6.186326503753662,22.046707153320312,0.5,0.5,1.0
165,25,-15.843659400939941,196.60960388183594,0.0,0.3333333432674408,1.0
165,26,-4.90052604675293,11.591395378112793,0.5,1.0,1.0
165,27,-7.152666091918945,35.74223709106445,0.0,1.0,1.0
165,28,-4.588674545288086,9.917860984802246,0.5,1.0,1.0
165,29,-9.236886024475098,101.33612823486328,0.0,0.5,1.0
165,30,-3.4226858615875244,30.651630401611328,0.0,1.0,1.0
165,31,-10.167924880981445,5.444762229919434,0.5,0.8333333730697632,1.0
165,32,-2.345885992050171,2.1857564449310303,0.6666666865348816,1.0,1.0
165,33,-18.119474411010742,8601.8896484375,0.0,0.0,0.5
165,34,-12.516021728515625,8.052668571472168,0.6666666865348816,0.8333333730697632,1.0
165,35,-6.284247875213623,23.152990341186523,0.5,0.5,1.0
165,36,-7.6127610206604,44.98731231689453,0.5,0.5,0.5
165,37,-11.50580883026123,4.213215351104736,0.75,0.875,1.0
165,38,-6.752949237823486,5.409936428070068,0.75,1.0,1.0
165,39,-13.518163681030273,861.8505249023438,0.5,0.5,0.5
165,40,-16.355281829833984,3560.445556640625,0.0,0.5,0.5
165,41,-22.525386810302734,16.70442008972168,0.375,0.75,0.875
165,42,-5.8274078369140625,6.975955009460449,0.3333333432674408,1.0,1.0
165,43,-12.750032424926758,24.227977752685547,0.5,0.75,1.0
165,44,-19.449708938598633,129.33775329589844,0.0,0.5,0.75
165,45,-9.755239486694336,131.31771850585938,0.0,0.5,0.5
165,46,-10.074552536010742,28.73695945739746,0.6666666865348816,0.6666666865348816,0.6666666865348816
165,47,-9.430503845214844,23.18490219116211,0.6666666865348816,0.6666666865348816,0.6666666865348816
165,48,-13.97964859008789,10.277339935302734,0.3333333432674408,0.8333333730697632,1.0
165,49,-2.5827879905700684,1.6762473583221436,0.800000011920929,1.0,1.0
165,50,-2.526249885559082,3.5364553928375244,0.5,1.0,1.0
165,51,-20.138532638549805,28.686372756958008,0.3333333432674408,0.8333333730697632,0.8333333730697632
165,52,-10.393593788146973,180.69253540039062,0.5,0.5,0.5
165,53,-7.317401885986328,11.463109016418457,0.3333333432674408,1.0,1.0
165,54,-10.089502334594727,7.522514820098877,0.6000000238418579,0.800000011920929,1.0
165,55,-11.81332778930664,19.169719696044922,0.25,0.75,1.0
165,56,-13.193294525146484,81.26899719238281,0.0,0.3333333432674408,1.0
165,57,-9.127241134643555,9.794395446777344,0.5,0.75,1.0
165,58,-18.720369338989258,512.9217529296875,0.0,0.3333333432674408,0.3333333432674408
165,59,-6.658648490905762,9.203184127807617,0.6666666865348816,0.6666666865348816,1.0
165,60,-9.259072303771973,10.122574806213379,0.5,1.0,1.0
165,61,-13.381458282470703,804.908935546875,0.0,0.5,0.5
165,62,-9.213025093078613,10.0067138671875,0.25,0.75,1.0
165,63,-5.897192001342773,19.079147338867188,0.5,0.5,1.0
165,64,-8.445703506469727,68.22777557373047,0.0,0.5,1.0
165,65,-16.371625900268555,3589.66064453125,0.0,0.0,0.5
165,66,-13.536579132080078,91.12144470214844,0.6666666865348816,0.6666666865348816,0.6666666865348816
165,67,-20.937374114990234,35195.9765625,0.0,0.0,0.0
165,68,-10.848270416259766,37.191864013671875,0.3333333432674408,0.6666666865348816,0.6666666865348816
165,69,-10.897322654724121,232.44679260253906,0.0,0.5,1.0
165,70,-16.9854736328125,69.85128021240234,0.0,0.75,0.75
165,71,-5.904031276702881,19.14450454711914,0.5,0.5,1.0
166,0,-6.556191921234131,26.52522087097168,0.5,0.5,1.0
166,1,-4.239871501922607,8.330602645874023,0.5,1.0,1.0
166,2,-8.843131065368652,19.062255859375,0.6666666865348816,0.6666666865348816,0.6666666865348816
166,3,-17.671554565429688,6875.896484375,0.0,0.0,0.0
166,4,-19.717466354370117,19124.646484375,0.0,0.0,0.5
166,5,-13.412376403808594,87.42596435546875,0.3333333432674408,0.6666666865348816,0.6666666865348816
166,6,-32.42208480834961,222.22288513183594,0.5,0.6666666865348816,0.6666666865348816
166,7,-4.649061679840088,4.709997177124023,0.3333333432674408,1.0,1.0
166,8,-29.539228439331055,1611.3170166015625,0.25,0.25,0.5
166,9,-18.31790542602539,448.5268249511719,0.0,0.3333333432674408,0.6666666865348816
166,10,-12.775150299072266,24.380596160888672,0.25,0.75,1.0
166,11,-16.863582611083984,11.123757362365723,0.4285714626312256,0.8571429252624512,0.8571429252624512
166,12,-13.041746139526367,679.1710815429688,0.5,0.5,0.5
166,13,-7.761214256286621,6.960864067077637,0.75,0.75,0.75
166,14,-19.007869720458984,13412.3984375,0.0,0.0,0.5
166,15,-10.192816734313965,29.89244270324707,0.3333333432674408,0.6666666865348816,0.6666666865348816
166,16,-5.384003162384033,14.761192321777344,0.5,0.5,1.0
166,17,-4.901373386383057,11.596306800842285,0.5,1.0,1.0
166,18,-3.3787946701049805,5.416215419769287,0.5,1.0,1.0
166,19,-7.334995269775391,11.530532836914062,0.3333333432674408,0.6666666865348816,1.0
166,20,-7.12830924987793,1246.7672119140625,0.0,0.0,0.0
166,21,-25.743093490600586,389082.5,0.0,0.0,0.0
166,22,-25.441143035888672,24.050189971923828,0.25,0.625,0.875
166,23,-10.565042495727539,196.8656005859375,0.5,0.5,0.5
166,24,-6.134380340576172,21.48145866394043,0.5,0.5,1.0
166,25,-15.77147388458252,191.93521118164062,0.0,0.3333333432674408,1.0
166,26,-4.8325018882751465,11.203777313232422,0.5,1.0,1.0
166,27,-7.133462429046631,35.40068435668945,0.0,1.0,1.0
166,28,-4.55684232711792,9.761256217956543,0.5,1.0,1.0
166,29,-9.279241561889648,103.50508880615234,0.0,0.5,1.0
166,30,-3.418266773223877,30.516477584838867,0.0,1.0,1.0
166,31,-10.166744232177734,5.443691253662109,0.5,0.8333333730697632,1.0
166,32,-2.3279595375061035,2.172734498977661,0.6666666865348816,1.0,1.0
166,33,-18.119876861572266,8603.62109375,0.0,0.0,0.5
166,34,-12.456857681274414,7.973655700683594,0.6666666865348816,0.8333333730697632,1.0
166,35,-6.237908840179443,22.622713088989258,0.5,0.5,1.0
166,36,-7.596227645874023,44.61695098876953,0.5,0.5,0.5
166,37,-11.45926570892334,4.188774585723877,0.75,0.875,1.0
166,38,-6.673332214355469,5.303319931030273,0.75,1.0,1.0
166,39,-13.49820327758789,853.2918701171875,0.5,0.5,0.5
166,40,-16.312211990356445,3484.59130859375,0.0,0.5,0.5
166,41,-22.577266693115234,16.813098907470703,0.375,0.75,0.875
166,42,-5.808449745178223,6.932011127471924,0.3333333432674408,1.0,1.0
166,43,-12.76124382019043,24.29598045349121,0.5,0.75,1.0
166,44,-19.39667510986328,127.63426208496094,0.0,0.5,0.75
166,45,-9.741835594177246,130.44058227539062,0.0,0.5,0.5
166,46,-10.04936695098877,28.496719360351562,0.6666666865348816,0.6666666865348816,0.6666666865348816
166,47,-9.418445587158203,23.09189796447754,0.6666666865348816,0.6666666865348816,0.6666666865348816
166,48,-13.947386741638184,10.222227096557617,0.3333333432674408,0.6666666865348816,1.0
166,49,-2.6313326358795166,1.692601203918457,0.800000011920929,1.0,1.0
166,50,-2.5473313331604004,3.5739293098449707,0.5,1.0,1.0
166,51,-20.089426040649414,28.45254898071289,0.3333333432674408,0.8333333730697632,0.8333333730697632
166,52,-10.37192440032959,178.745361328125,0.5,0.5,0.5
166,53,-7.341298580169678,11.554783821105957,0.3333333432674408,1.0,1.0
166,54,-10.195287704467773,7.683364391326904,0.6000000238418579,0.800000011920929,1.0
166,55,-11.709466934204102,18.678380966186523,0.25,0.75,1.0
166,56,-13.216161727905273,81.89086151123047,0.0,0.3333333432674408,1.0
166,57,-9.104623794555664,9.73917007446289,0.5,0.75,1.0
166,58,-18.626392364501953,497.10308837890625,0.0,0.3333333432674408,0.3333333432674408
166,59,-6.656059741973877,9.195245742797852,0.6666666865348816,0.6666666865348816,1.0
166,60,-9.21127700805664,10.002342224121094,0.5,1.0,1.0
166,61,-13.254369735717773,755.3527221679688,0.0,0.5,0.5
166,62,-9.221322059631348,10.02749252319336,0.25,0.75,1.0
166,63,-5.954326629638672,19.632047653198242,0.5,0.5,1.0
166,64,-8.380983352661133,66.05525970458984,0.0,0.5,1.0
166,65,-16.3370304107666,3528.1015625,0.0,0.0,0.5
166,66,-13.423980712890625,87.7647933959961,0.6666666865348816,0.6666666865348816,0.6666666865348816
166,67,-20.94023895263672,35246.4296875,0.0,0.0,0.0
166,68,-11.038734436035156,39.629669189453125,0.3333333432674408,0.6666666865348816,0.6666666865348816
166,69,-10.838592529296875,225.72021484375,0.0,0.5,1.0
166,70,-16.92301368713379,68.76902770996094,0.0,0.75,0.75
166,71,-5.8534836769104,18.666711807250977,0.5,0.5,1.0
167,0,-6.495790958404541,25.736122131347656,0.5,0.5,1.0
167,1,-4.192960739135742,8.137478828430176,0.5,1.0,1.0
167,2,-8.829334259033203,18.974794387817383,0.6666666865348816,0.6666666865348816,0.6666666865348816
167,3,-17.58330535888672,6579.0966796875,0.0,0.0,0.0
167,4,-19.81015396118164,20031.8125,0.0,0.0,0.5
167,5,-13.407281875610352,87.27759552001953,0.3333333432674408,0.6666666865348816,0.6666666865348816
167,6,-32.344600677490234,219.3715057373047,0.5,0.6666666865348816,0.6666666865348816
167,7,-4.472844123840332,4.4413042068481445,0.3333333432674408,1.0,1.0
167,8,-29.583412170410156,1629.214111328125,0.25,0.25,0.5
167,9,-18.45887565612793,470.1060791015625,0.0,0.3333333432674408,0.6666666865348816
167,10,-12.784492492675781,24.437604904174805,0.25,0.75,1.0
167,11,-16.934553146362305,11.237112045288086,0.4285714626312256,0.8571429252624512,0.8571429252624512
167,12,-13.049606323242188,681.8455200195312,0.5,0.5,0.5
167,13,-7.755671977996826,6.951225757598877,0.75,0.75,0.75
167,14,-19.012250900268555,13441.8125,0.0,0.0,0.5
167,15,-10.245802879333496,30.425092697143555,0.3333333432674408,0.6666666865348816,0.6666666865348816
167,16,-5.377377033233643,14.71236801147461,0.5,0.5,1.0
167,17,-4.86224365234375,11.37163257598877,0.5,1.0,1.0
167,18,-3.429135799407959,5.554275035858154,0.5,1.0,1.0
167,19,-7.4183268547058105,11.855308532714844,0.3333333432674408,0.6666666865348816,1.0
167,20,-7.113819122314453,1228.8316650390625,0.0,0.0,0.0
167,21,-25.739479064941406,388380.0,0.0,0.0,0.0
167,22,-25.483816146850586,24.17881965637207,0.25,0.625,0.875
167,23,-10.657761573791504,206.20706176757812,0.5,0.5,0.5
167,24,-6.224806308746338,22.474990844726562,0.5,0.5,1.0
167,25,-15.880758285522461,199.05601501464844,0.0,0.3333333432674408,1.0
167,26,-4.791303634643555,10.975349426269531,0.5,1.0,1.0
167,27,-7.139030456542969,35.4993782043457,0.0,1.0,1.0
167,28,-4.568605899810791,9.818840026855469,0.5,1.0,1.0
167,29,-9.31649112701416,105.45091247558594,0.0,0.5,1.0
167,30,-3.4614992141723633,31.86471176147461,0.0,1.0,1.0
167,31,-10.200530052185059,5.47443151473999,0.5,0.8333333730697632,1.0
167,32,-2.3173437118530273,2.165059804916382,0.6666666865348816,1.0,1.0
167,33,-18.165590286254883,8802.5361328125,0.0,0.0,0.5
167,34,-12.508672714233398,8.04281234741211,0.6666666865348816,0.8333333730697632,1.0
167,35,-6.300909042358398,23.3466739654541,0.5,0.5,1.0
167,36,-7.616915225982666,45.08085250854492,0.5,0.5,0.5
167,37,-11.459012985229492,4.1886420249938965,0.75,0.875,1.0
167,38,-6.738282203674316,5.390135765075684,0.75,1.0,1.0
167,39,-13.498184204101562,853.28369140625,0.5,0.5,0.5
167,40,-16.241382598876953,3363.34521484375,0.0,0.5,0.5
167,41,-22.646846771240234,16.959970474243164,0.375,0.75,0.875
167,42,-5.8450517654418945,7.017103672027588,0.3333333432674408,1.0,1.0
167,43,-12.716641426086426,24.02657127380371,0.5,0.75,1.0
167,44,-19.464248657226562,129.80873107910156,0.0,0.5,0.75
167,45,-9.722395896911621,129.17886352539062,0.0,0.5,0.5
167,46,-10.24478816986084,30.4148006439209,0.6666666865348816,0.6666666865348816,0.6666666865348816
167,47,-9.389012336730957,22.866451263427734,0.6666666865348816,0.6666666865348816,0.6666666865348816
167,48,-14.024700164794922,10.354799270629883,0.3333333432674408,0.6666666865348816,1.0
167,49,-2.5858371257781982,1.6772699356079102,0.800000011920929,1.0,1.0
167,50,-2.5553178787231445,3.5882296562194824,0.5,1.0,1.0
167,51,-20.116609573364258,28.581743240356445,0.3333333432674408,0.6666666865348816,0.8333333730697632
167,52,-10.340484619140625,175.95745849609375,0.5,0.5,0.5
167,53,-7.376868724822998,11.692601203918457,0.3333333432674408,1.0,1.0
167,54,-10.162999153137207,7.633908271789551,0.6000000238418579,0.800000011920929,1.0
167,55,-11.694689750671387,18.6095027923584,0.25,0.75,1.0
167,56,-13.152833938598633,80.18030548095703,0.0,0.3333333432674408,1.0
167,57,-9.12501335144043,9.788941383361816,0.5,0.75,1.0
167,58,-18.69341468811035,508.3337707519531,0.0,0.3333333432674408,0.3333333432674408
167,59,-6.750382423400879,9.488945960998535,0.6666666865348816,0.6666666865348816,1.0
167,60,-9.174704551696777,9.911306381225586,0.5,1.0,1.0
167,61,-13.418253898620605,819.8545532226562,0.0,0.5,0.5
167,62,-9.110939979553223,9.754561424255371,0.25,0.75,1.0
167,63,-5.909367561340332,19.19565200805664,0.5,0.5,1.0
167,64,-8.41964340209961,67.34452819824219,0.0,0.5,1.0
167,65,-16.34339141845703,3539.3408203125,0.0,0.0,0.5
167,66,-13.56142520904541,91.87921905517578,0.6666666865348816,0.6666666865348816,0.6666666865348816
167,67,-20.972915649414062,35827.02734375,0.0,0.0,0.0
167,68,-10.950629234313965,38.482730865478516,0.3333333432674408,0.6666666865348816,0.6666666865348816
167,69,-10.882553100585938,230.73654174804688,0.0,0.5,1.0
167,70,-17.00747299194336,70.23651123046875,0.0,0.75,0.75
167,71,-5.858804225921631,18.7164363861084,0.5,0.5,1.0
168,0,-6.411584377288818,24.675039291381836,0.5,0.5,1.0
168,1,-4.2390971183776855,8.327377319335938,0.5,1.0,1.0
168,2,-8.831137657165527,18.986202239990234,0.6666666865348816,0.6666666865348816,0.6666666865348816
168,3,-17.669715881347656,6869.578125,0.0,0.0,0.0
168,4,-19.821319580078125,20143.9609375,0.0,0.0,0.5
168,5,-13.393899917602539,86.88917541503906,0.3333333432674408,0.6666666865348816,0.6666666865348816
168,6,-32.41454315185547,221.9437255859375,0.5,0.6666666865348816,0.6666666865348816
168,7,-4.5447468757629395,4.549037456512451,0.3333333432674408,1.0,1.0
168,8,-29.621749877929688,1644.904296875,0.25,0.25,0.5
168,9,-18.403661727905273,461.53314208984375,0.0,0.3333333432674408,0.6666666865348816
168,10,-12.81566047668457,24.628765106201172,0.25,0.75,1.0
168,11,-16.88570785522461,11.158974647521973,0.4285714626312256,0.8571429252624512,0.8571429252624512
168,12,-13.060759544372559,685.6585083007812,0.5,0.5,0.5
168,13,-7.739090442657471,6.9224700927734375,0.75,0.75,0.75
168,14,-18.95361328125,13053.435546875,0.0,0.0,0.5
168,15,-10.216946601867676,30.13384437561035,0.3333333432674408,0.6666666865348816,0.6666666865348816
168,16,-5.3694233894348145,14.653975486755371,0.5,0.5,1.0
168,17,-4.894149303436279,11.554495811462402,0.5,1.0,1.0
168,18,-3.40110182762146,5.476963520050049,0.5,1.0,1.0
168,19,-7.387923717498779,11.735767364501953,0.3333333432674408,0.6666666865348816,1.0
168,20,-7.1457014083862305,1268.640869140625,0.0,0.0,0.0
168,21,-25.60985565185547,364006.8125,0.0,0.0,0.0
168,22,-25.474990844726562,24.15216064453125,0.25,0.625,0.875
168,23,-10.64330768585205,204.72218322753906,0.5,0.5,0.5
168,24,-6.179080963134766,21.96697998046875,0.5,0.5,1.0
168,25,-15.8193998336792,195.0260772705078,0.0,0.3333333432674408,1.0
168,26,-4.859632968902588,11.35679817199707,0.5,1.0,1.0
168,27,-7.131319522857666,35.36277389526367,0.0,1.0,1.0
168,28,-4.553749084472656,9.746171951293945,0.5,1.0,1.0
168,29,-9.367349624633789,108.16683959960938,0.0,0.5,1.0
168,30,-3.4205565452575684,30.58643341064453,0.0,1.0,1.0
168,31,-10.197161674499512,5.471358299255371,0.5,0.8333333730697632,1.0
168,32,-2.2783970832824707,2.137134075164795,0.6666666865348816,1.0,1.0
168,33,-18.071922302246094,8399.783203125,0.0,0.0,0.5
168,34,-12.496896743774414,8.027042388916016,0.6666666865348816,0.8333333730697632,1.0
168,35,-6.225279331207275,22.48030662536621,0.5,0.5,1.0
168,36,-7.578168869018555,44.21590042114258,0.5,0.5,0.5
168,37,-11.312188148498535,4.112468719482422,0.75,0.875,1.0
168,38,-6.77036190032959,5.433537483215332,0.75,1.0,1.0
168,39,-13.539153099060059,870.9429931640625,0.5,0.5,0.5
168,40,-16.37640380859375,3598.24658203125,0.0,0.5,0.5
168,41,-22.59324073791504,16.846704483032227,0.375,0.75,0.875
168,42,-5.864001274108887,7.061567783355713,0.3333333432674408,1.0,1.0
168,43,-12.897697448730469,25.139097213745117,0.5,0.75,1.0
168,44,-19.466777801513672,129.89083862304688,0.0,0.5,0.75
168,45,-9.716202735900879,128.7794647216797,0.0,0.5,0.5
168,46,-10.217963218688965,30.144054412841797,0.6666666865348816,0.6666666865348816,0.6666666865348816
168,47,-9.420759201049805,23.10971450805664,0.6666666865348816,0.6666666865348816,0.6666666865348816
168,48,-13.981393814086914,10.280329704284668,0.3333333432674408,0.6666666865348816,1.0
168,49,-2.572394371032715,1.6727664470672607,0.800000011920929,1.0,1.0
168,50,-2.5251190662384033,3.534456491470337,0.5,1.0,1.0
168,51,-20.06429672241211,28.33363151550293,0.3333333432674408,0.8333333730697632,0.8333333730697632
168,52,-10.354877471923828,177.22830200195312,0.5,0.5,0.5
168,53,-7.3775858879089355,11.69539737701416,0.3333333432674408,1.0,1.0
168,54,-10.09195613861084,7.5262064933776855,0.6000000238418579,0.800000011920929,1.0
168,55,-11.783364295959473,19.02665901184082,0.25,0.75,1.0
168,56,-13.224737167358398,82.12525177001953,0.0,0.3333333432674408,1.0
168,57,-9.13758659362793,9.819759368896484,0.5,0.75,1.0
168,58,-18.61111831665039,494.57867431640625,0.0,0.3333333432674408,0.3333333432674408
168,59,-6.646299839019775,9.165380477905273,0.6666666865348816,0.6666666865348816,1.0
168,60,-9.27100658416748,10.15282154083252,0.5,1.0,1.0
168,61,-13.338727951049805,787.894287109375,0.0,0.5,0.5
168,62,-9.239822387695312,10.073976516723633,0.25,0.75,1.0
168,63,-5.89396858215332,19.04842185974121,0.5,0.5,1.0
168,64,-8.485336303710938,69.5932846069336,0.0,0.5,1.0
168,65,-16.299516677856445,3462.542236328125,0.0,0.0,0.5
168,66,-13.435091018676758,88.09040069580078,0.6666666865348816,0.6666666865348816,0.6666666865348816
168,67,-20.8880672454834,34338.8828125,0.0,0.0,0.0
168,68,-10.988836288452148,38.975975036621094,0.3333333432674408,0.6666666865348816,0.6666666865348816
168,69,-10.86587905883789,228.82089233398438,0.0,0.5,1.0
168,70,-17.022075653076172,70.4933853149414,0.0,0.75,0.75
168,71,-5.87302303314209,18.8499755859375,0.5,0.5,1.0
169,0,-6.533001899719238,26.219436645507812,0.5,0.5,1.0
169,1,-4.2372965812683105,8.319884300231934,0.5,1.0,1.0
169,2,-8.861258506774902,19.17778968811035,0.6666666865348816,0.6666666865348816,0.6666666865348816
169,3,-17.717756271362305,7036.58447265625,0.0,0.0,0.0
169,4,-19.853227615356445,20467.916015625,0.0,0.0,0.5
169,5,-13.404618263244629,87.20014190673828,0.3333333432674408,0.6666666865348816,0.6666666865348816
169,6,-32.323402404785156,218.5978546142578,0.5,0.6666666865348816,0.6666666865348816
169,7,-4.5312323570251465,4.528590679168701,0.3333333432674408,1.0,1.0
169,8,-29.480175018310547,1587.7032470703125,0.25,0.25,0.5
169,9,-18.482494354248047,473.8218994140625,0.0,0.3333333432674408,0.6666666865348816
169,10,-12.746034622192383,24.20377540588379,0.25,0.75,1.0
169,11,-16.937820434570312,11.242359161376953,0.4285714626312256,0.8571429252624512,0.8571429252624512
169,12,-13.033797264099121,676.4771728515625,0.5,0.5,0.5
169,13,-7.722492218017578,6.89380407333374,0.75,0.75,0.75
169,14,-19.03740692138672,13611.951171875,0.0,0.0,0.5
169,15,-10.249932289123535,30.466999053955078,0.3333333432674408,0.6666666865348816,0.6666666865348816
169,16,-5.420029640197754,15.029499053955078,0.5,0.5,1.0
169,17,-4.879580497741699,11.470634460449219,0.5,1.0,1.0
169,18,-3.411491632461548,5.505490303039551,0.5,1.0,1.0
169,19,-7.354544639587402,11.605916023254395,0.3333333432674408,0.6666666865348816,1.0
169,20,-7.1591901779174805,1285.8692626953125,0.0,0.0,0.0
169,21,-25.7021427154541,381196.90625,0.0,0.0,0.0
169,22,-25.60523223876953,24.548580169677734,0.25,0.625,0.875
169,23,-10.624665260314941,202.8227996826172,0.5,0.5,0.5
169,24,-6.149526596069336,21.644758224487305,0.5,0.5,1.0
169,25,-15.859889030456543,197.6760711669922,0.0,0.3333333432674408,1.0
169,26,-4.800778865814209,11.027469635009766,0.5,1.0,1.0
169,27,-7.193629264831543,36.481842041015625,0.0,1.0,1.0
169,28,-4.526123523712158,9.612475395202637,0.5,1.0,1.0
169,29,-9.38894271850586,109.34098815917969,0.0,0.5,1.0
169,30,-3.4454641342163086,31.35783576965332,0.0,1.0,1.0
169,31,-10.054611206054688,5.342899322509766,0.5,0.8333333730697632,1.0
169,32,-2.315202236175537,2.1635146141052246,0.6666666865348816,1.0,1.0
169,33,-18.069618225097656,8390.111328125,0.0,0.0,0.5
169,34,-12.521500587463379,8.060025215148926,0.6666666865348816,0.8333333730697632,1.0
169,35,-6.2130866050720215,22.34367561340332,0.5,0.5,1.0
169,36,-7.596824645996094,44.63026809692383,0.5,0.5,0.5
169,37,-11.448251724243164,4.183011531829834,0.75,0.875,1.0
169,38,-6.712272644042969,5.355200290679932,0.75,1.0,1.0
169,39,-13.560983657836914,880.5016479492188,0.5,0.5,0.5
169,40,-16.36648941040039,3580.45361328125,0.0,0.5,0.5
169,41,-22.597490310668945,16.85565757751465,0.375,0.75,0.875
169,42,-5.839828014373779,7.004896640777588,0.3333333432674408,1.0,1.0
169,43,-12.769800186157227,24.34800910949707,0.5,0.75,1.0
169,44,-19.547183990478516,132.52825927734375,0.0,0.5,0.75
169,45,-9.6832275390625,126.6736068725586,0.0,0.5,0.5
169,46,-10.288143157958984,30.857540130615234,0.6666666865348816,0.6666666865348816,0.6666666865348816
169,47,-9.38475513458252,22.834026336669922,0.6666666865348816,0.6666666865348816,0.6666666865348816
169,48,-13.902189254760742,10.145514488220215,0.3333333432674408,0.8333333730697632,1.0
169,49,-2.583780288696289,1.6765800714492798,0.800000011920929,1.0,1.0
169,50,-2.5375871658325195,3.5565593242645264,0.5,1.0,1.0
169,51,-20.078941345214844,28.40286636352539,0.3333333432674408,0.8333333730697632,0.8333333730697632
169,52,-10.402311325073242,181.48184204101562,0.5,0.5,0.5
169,53,-7.490538120269775,12.14413070678711,0.3333333432674408,1.0,1.0
169,54,-10.137666702270508,7.595327854156494,0.6000000238418579,0.800000011920929,1.0
169,55,-11.702725410461426,18.646926879882812,0.25,0.75,1.0
169,56,-13.195867538452148,81.3387451171875,0.0,0.3333333432674408,1.0
169,57,-9.15142822265625,9.853797912597656,0.5,0.75,1.0
169,58,-18.771913528442383,521.8106079101562,0.0,0.3333333432674408,0.3333333432674408
169,59,-6.698679447174072,9.326811790466309,0.6666666865348816,0.6666666865348816,1.0
169,60,-9.331622123718262,10.30784797668457,0.5,1.0,1.0
169,61,-13.50092887878418,854.4555053710938,0.0,0.5,0.5
169,62,-9.288161277770996,10.196456909179688,0.25,0.75,1.0
169,63,-5.873449325561523,18.853992462158203,0.5,0.5,1.0
169,64,-8.461954116821289,68.7844009399414,0.0,0.5,1.0
169,65,-16.391887664794922,3626.2119140625,0.0,0.0,0.5
169,66,-13.530200004577637,90.92786407470703,0.6666666865348816,0.6666666865348816,0.6666666865348816
169,67,-20.8371524810791,33475.73828125,0.0,0.0,0.0
169,68,-10.889047622680664,37.70084762573242,0.3333333432674408,0.6666666865348816,0.6666666865348816
169,69,-10.873713493347168,229.718994140625,0.0,0.5,1.0
169,70,-16.986225128173828,69.8644027709961,0.0,0.75,0.75
169,71,-5.831415176391602,18.461872100830078,0.5,0.5,1.0
170,0,-6.509792327880859,25.91692352294922,0.5,0.5,1.0
170,1,-4.2461256980896,8.356693267822266,0.5,1.0,1.0
170,2,-8.880715370178223,19.302574157714844,0.6666666865348816,0.6666666865348816,0.6666666865348816
170,3,-17.684734344482422,6921.357421875,0.0,0.0,0.0
170,4,-19.76972198486328,19630.916015625,0.0,0.0,0.5
170,5,-13.398040771484375,87.00916290283203,0.3333333432674408,0.6666666865348816,0.6666666865348816
170,6,-32.471824645996094,224.07272338867188,0.5,0.6666666865348816,0.6666666865348816
170,7,-4.590400695800781,4.618793964385986,0.3333333432674408,1.0,1.0
170,8,-29.56812286376953,1622.9986572265625,0.25,0.25,0.5
170,9,-18.415054321289062,463.2891845703125,0.0,0.3333333432674408,0.6666666865348816
170,10,-12.807125091552734,24.576269149780273,0.25,0.75,1.0
170,11,-16.884109497070312,11.156425476074219,0.4285714626312256,0.8571429252624512,0.8571429252624512
170,12,-13.08049201965332,692.4569702148438,0.5,0.5,0.5
170,13,-7.728419780731201,6.904027938842773,0.75,0.75,0.75
170,14,-19.0739688873291,13863.080078125,0.0,0.0,0.0
170,15,-10.128265380859375,29.256107330322266,0.3333333432674408,0.6666666865348816,0.6666666865348816
170,16,-5.371801376342773,14.671409606933594,0.5,0.5,1.0
170,17,-4.821286201477051,11.141122817993164,0.5,1.0,1.0
170,18,-3.3578600883483887,5.359817981719971,0.5,1.0,1.0
170,19,-7.428032875061035,11.893725395202637,0.3333333432674408,0.6666666865348816,1.0
170,20,-7.147607803344727,1271.0616455078125,0.0,0.0,0.0
170,21,-25.65711784362793,372711.125,0.0,0.0,0.0
170,22,-25.479188919067383,24.164838790893555,0.25,0.625,0.875
170,23,-10.648122787475586,205.21566772460938,0.5,0.5,0.5
170,24,-6.184090614318848,22.02207374572754,0.5,0.5,1.0
170,25,-15.80528450012207,194.1106414794922,0.0,0.3333333432674408,1.0
170,26,-4.830365180969238,11.191813468933105,0.5,1.0,1.0
170,27,-7.01772928237915,33.41031265258789,0.0,1.0,1.0
170,28,-4.531364917755127,9.637699127197266,0.5,1.0,1.0
170,29,-9.339739799499512,106.6838607788086,0.0,0.5,1.0
170,30,-3.471287250518799,32.178138732910156,0.0,1.0,1.0
170,31,-10.112630844116211,5.3948163986206055,0.5,0.8333333730697632,1.0
170,32,-2.26665997505188,2.128789186477661,0.6666666865348816,1.0,1.0
170,33,-18.032861709594727,8237.32421875,0.0,0.0,0.5
170,34,-12.515575408935547,8.052069664001465,0.6666666865348816,0.8333333730697632,1.0
170,35,-6.275118350982666,23.047544479370117,0.5,0.5,1.0
170,36,-7.5625457763671875,43.871849060058594,0.5,0.5,0.5
170,37,-11.47213077545166,4.195516109466553,0.75,0.875,1.0
170,38,-6.674611568450928,5.30501651763916,0.75,1.0,1.0
170,39,-13.45663070678711,835.7381591796875,0.5,0.5,0.5
170,40,-16.33319854736328,3521.348388671875,0.0,0.5,0.5
170,41,-22.50253677368164,16.656776428222656,0.375,0.75,0.875
170,42,-5.8668317794799805,7.068233966827393,0.3333333432674408,1.0,1.0
170,43,-12.839827537536621,24.778017044067383,0.5,0.75,1.0
170,44,-19.46753692626953,129.91549682617188,0.0,0.5,0.75
170,45,-9.712078094482422,128.51416015625,0.0,0.5,0.5
170,46,-10.173432350158691,29.69991111755371,0.6666666865348816,0.6666666865348816,0.6666666865348816
170,47,-9.396934509277344,22.926916122436523,0.6666666865348816,0.6666666865348816,0.6666666865348816
170,48,-13.988868713378906,10.293145179748535,0.3333333432674408,0.6666666865348816,1.0
170,49,-2.6281323432922363,1.6915181875228882,0.800000011920929,1.0,1.0
170,50,-2.4992775917053223,3.4890823364257812,0.5,1.0,1.0
170,51,-19.992300033569336,27.995677947998047,0.3333333432674408,0.8333333730697632,0.8333333730697632
170,52,-10.418644905090332,182.97006225585938,0.5,0.5,0.5
170,53,-7.433684825897217,11.916154861450195,0.3333333432674408,1.0,1.0
170,54,-10.23540210723877,7.745255947113037,0.6000000238418579,0.800000011920929,1.0
170,55,-11.655445098876953,18.42781639099121,0.25,0.75,1.0
170,56,-13.296430587768555,84.11153411865234,0.0,0.3333333432674408,1.0
170,57,-9.103975296020508,9.737591743469238,0.5,0.75,1.0
170,58,-18.778766632080078,523.0037841796875,0.0,0.3333333432674408,0.3333333432674408
170,59,-6.67078161239624,9.24048137664795,0.6666666865348816,0.6666666865348816,1.0
170,60,-9.32116985321045,10.280948638916016,0.5,1.0,1.0
170,61,-13.465332984924316,839.3824462890625,0.0,0.5,0.5
170,62,-9.328398704528809,10.299545288085938,0.25,0.75,1.0
170,63,-5.858403205871582,18.712682723999023,0.5,0.5,1.0
170,64,-8.46401309967041,68.85525512695312,0.0,0.5,1.0
170,65,-16.360736846923828,3570.170166015625,0.0,0.0,0.5
170,66,-13.464144706726074,88.9476547241211,0.6666666865348816,0.6666666865348816,0.6666666865348816
170,67,-20.870576858520508,34039.890625,0.0,0.0,0.0
170,68,-11.024761199951172,39.44551467895508,0.3333333432674408,0.6666666865348816,0.6666666865348816
170,69,-10.862509727478027,228.43572998046875,0.0,0.5,1.0
170,70,-17.063554763793945,71.22818756103516,0.0,0.75,0.75
170,71,-5.815234184265137,18.313108444213867,0.5,0.5,1.0
171,0,-6.525207042694092,26.11744499206543,0.5,0.5,1.0
171,1,-4.248010635375977,8.36457347869873,0.5,1.0,1.0
171,2,-8.890652656555176,19.36661720275879,0.6666666865348816,0.6666666865348816,0.6666666865348816
171,3,-17.867359161376953,7583.11669921875,0.0,0.0,0.0
171,4,-19.894760131835938,20897.400390625,0.0,0.0,0.5
171,5,-13.399251937866211,87.0443115234375,0.3333333432674408,0.6666666865348816,0.6666666865348816
171,6,-32.417503356933594,222.0532989501953,0.5,0.6666666865348816,0.6666666865348816
171,7,-4.602666854858398,4.637717247009277,0.3333333432674408,1.0,1.0
171,8,-29.460275650024414,1579.8243408203125,0.25,0.25,0.5
171,9,-18.483322143554688,473.95269775390625,0.0,0.3333333432674408,0.6666666865348816
171,10,-12.727657318115234,24.092830657958984,0.25,0.75,1.0
171,11,-16.919334411621094,11.212708473205566,0.4285714626312256,0.8571429252624512,0.8571429252624512
171,12,-13.097363471984863,698.322998046875,0.5,0.5,0.5
171,13,-7.686197757720947,6.831535339355469,0.75,0.75,0.75
171,14,-18.99417495727539,13320.873046875,0.0,0.0,0.5
171,15,-10.16755485534668,29.64178466796875,0.3333333432674408,0.6666666865348816,0.6666666865348816
171,16,-5.405850410461426,14.923321723937988,0.5,0.5,1.0
171,17,-4.857446670532227,11.344389915466309,0.5,1.0,1.0
171,18,-3.356123685836792,5.355166912078857,0.5,1.0,1.0
171,19,-7.413834095001221,11.837565422058105,0.3333333432674408,0.6666666865348816,1.0
171,20,-7.155970096588135,1281.7353515625,0.0,0.0,0.0
171,21,-25.71869659423828,384365.15625,0.0,0.0,0.0
171,22,-25.526531219482422,24.308263778686523,0.25,0.625,0.875
171,23,-10.633281707763672,203.698486328125,0.5,0.5,0.5
171,24,-6.13120698928833,21.44740104675293,0.5,0.5,1.0
171,25,-15.879839897155762,198.99508666992188,0.0,0.3333333432674408,1.0
171,26,-4.842557430267334,11.260249137878418,0.5,1.0,1.0
171,27,-7.147972583770752,35.65845489501953,0.0,1.0,1.0
171,28,-4.535285472869873,9.656610488891602,0.5,1.0,1.0
171,29,-9.342561721801758,106.8344955444336,0.0,0.5,1.0
171,30,-3.3886592388153076,29.626203536987305,0.0,1.0,1.0
171,31,-10.094532012939453,5.378567695617676,0.5,0.8333333730697632,1.0
171,32,-2.2804579734802246,2.1386024951934814,0.6666666865348816,1.0,1.0
171,33,-18.064453125,8368.4716796875,0.0,0.0,0.5
171,34,-12.460731506347656,7.978805065155029,0.6666666865348816,0.8333333730697632,1.0
171,35,-6.292444229125977,23.248069763183594,0.5,0.5,1.0
171,36,-7.6232452392578125,45.223758697509766,0.5,0.5,0.5
171,37,-11.390634536743164,4.152993202209473,0.75,0.875,1.0
171,38,-6.6497368812561035,5.272128582000732,0.75,1.0,1.0
171,39,-13.40131664276123,812.9408569335938,0.5,0.5,0.5
171,40,-16.375770568847656,3597.107421875,0.0,0.5,0.5
171,41,-22.454208374023438,16.556453704833984,0.375,0.75,0.875
171,42,-5.770068645477295,6.843889236450195,0.3333333432674408,1.0,1.0
171,43,-12.829925537109375,24.716754913330078,0.5,0.75,1.0
171,44,-19.3934326171875,127.53083038330078,0.0,0.5,0.75
171,45,-9.704876899719238,128.05226135253906,0.0,0.5,0.5
171,46,-10.094897270202637,28.932504653930664,0.6666666865348816,0.6666666865348816,0.6666666865348816
171,47,-9.407571792602539,23.00835418701172,0.6666666865348816,0.6666666865348816,0.6666666865348816
171,48,-13.929245948791504,10.191367149353027,0.3333333432674408,0.8333333730697632,1.0
171,49,-2.56142520904541,1.6691007614135742,0.800000011920929,1.0,1.0
171,50,-2.5481808185577393,3.5754480361938477,0.5,1.0,1.0
171,51,-20.033235549926758,28.187332153320312,0.3333333432674408,0.8333333730697632,0.8333333730697632
171,52,-10.356646537780762,177.3851318359375,0.5,0.5,0.5
171,53,-7.328797340393066,11.506733894348145,0.3333333432674408,1.0,1.0
171,54,-10.162459373474121,7.633083820343018,0.6000000238418579,0.800000011920929,1.0
171,55,-11.686710357666016,18.572418212890625,0.25,0.75,1.0
171,56,-13.20088005065918,81.47476959228516,0.0,0.3333333432674408,1.0
171,57,-9.202507972717285,9.980438232421875,0.5,0.75,1.0
171,58,-18.692134857177734,508.11688232421875,0.0,0.3333333432674408,0.3333333432674408
171,59,-6.720288276672363,9.394233703613281,0.6666666865348816,0.6666666865348816,1.0
171,60,-9.19728946685791,9.967425346374512,0.5,1.0,1.0
171,61,-13.213399887084961,740.036865234375,0.0,0.5,0.5
171,62,-9.238205909729004,10.069907188415527,0.25,0.75,1.0
171,63,-5.888108253479004,18.99268913269043,0.5,0.5,1.0
171,64,-8.432424545288086,67.77628326416016,0.0,0.5,1.0
171,65,-16.35080909729004,3552.491943359375,0.0,0.0,0.5
171,66,-13.45854377746582,88.7817611694336,0.6666666865348816,0.6666666865348816,0.6666666865348816
171,67,-20.82959747314453,33349.5234375,0.0,0.0,0.0
171,68,-10.968416213989258,38.71157455444336,0.3333333432674408,0.6666666865348816,0.6666666865348816
171,69,-10.836410522460938,225.47409057617188,0.0,0.5,1.0
171,70,-17.034360885620117,70.7102279663086,0.0,0.75,0.75
171,71,-5.902975082397461,19.134395599365234,0.5,0.5,1.0
172,0,-6.518373489379883,26.028362274169922,0.5,0.5,1.0
172,1,-4.232844829559326,8.301385879516602,0.5,1.0,1.0
172,2,-8.832534790039062,18.99504852294922,0.6666666865348816,0.6666666865348816,0.6666666865348816
172,3,-17.764877319335938,7204.33837890625,0.0,0.0,0.0
172,4,-19.807064056396484,20000.888671875,0.0,0.0,0.5
172,5,-13.393516540527344,86.87806701660156,0.3333333432674408,0.6666666865348816,0.6666666865348816
172,6,-32.41625213623047,222.00692749023438,0.5,0.6666666865348816,0.6666666865348816
172,7,-4.486152172088623,4.461049556732178,0.3333333432674408,1.0,1.0
172,8,-29.615386962890625,1642.289794921875,0.25,0.25,0.5
172,9,-18.39390754699707,460.034912109375,0.0,0.3333333432674408,0.6666666865348816
172,10,-12.654800415039062,23.657970428466797,0.25,0.75,1.0
172,11,-16.815723419189453,11.047965049743652,0.4285714626312256,0.8571429252624512,0.8571429252624512
172,12,-12.978171348571777,657.9215698242188,0.5,0.5,0.5
172,13,-7.746335506439209,6.935019493103027,0.75,0.75,0.75
172,14,-18.94719696044922,13011.625,0.0,0.0,0.5
172,15,-10.203400611877441,29.998085021972656,0.3333333432674408,0.6666666865348816,0.6666666865348816
172,16,-5.418302059173584,15.016521453857422,0.5,0.5,1.0
172,17,-4.839385986328125,11.24240779876709,0.5,1.0,1.0
172,18,-3.3403515815734863,5.313101291656494,0.5,1.0,1.0
172,19,-7.436613082885742,11.9277925491333,0.3333333432674408,0.6666666865348816,1.0
172,20,-7.160898208618164,1288.0673828125,0.0,0.0,0.0
172,21,-25.836509704589844,407686.9375,0.0,0.0,0.0
172,22,-25.597721099853516,24.525543212890625,0.25,0.625,0.875
172,23,-10.6649808883667,206.95274353027344,0.5,0.5,0.5
172,24,-6.1472249031066895,21.619863510131836,0.5,0.5,1.0
172,25,-15.840492248535156,196.40213012695312,0.0,0.3333333432674408,1.0
172,26,-4.874904632568359,11.443848609924316,0.5,1.0,1.0
172,27,-7.102460861206055,34.856178283691406,0.0,1.0,1.0
172,28,-4.541241645812988,9.68541145324707,0.5,1.0,1.0
172,29,-9.320409774780273,105.65773010253906,0.0,0.5,1.0
172,30,-3.3949689865112305,29.81372833251953,0.0,1.0,1.0
172,31,-10.131546020507812,5.4118499755859375,0.5,0.8333333730697632,1.0
172,32,-2.2600908279418945,2.1241328716278076,0.6666666865348816,1.0,1.0
172,33,-18.056682586669922,8336.0205078125,0.0,0.0,0.5
172,34,-12.520668983459473,8.05890941619873,0.6666666865348816,0.8333333730697632,1.0
172,35,-6.299104690551758,23.325620651245117,0.5,0.5,1.0
172,36,-7.578948497772217,44.23313903808594,0.5,0.5,0.5
172,37,-11.426675796508789,4.171745300292969,0.75,0.875,1.0
172,38,-6.669614315032959,5.2983927726745605,0.75,1.0,1.0
172,39,-13.550379753112793,875.8456420898438,0.5,0.5,0.5
172,40,-16.32444190979004,3505.964599609375,0.0,0.5,0.5
172,41,-22.615724563598633,16.894119262695312,0.375,0.75,0.875
172,42,-5.723856449127197,6.739274024963379,0.3333333432674408,1.0,1.0
172,43,-12.846155166625977,24.81724739074707,0.5,0.75,1.0
172,44,-19.458152770996094,129.61106872558594,0.0,0.5,0.75
172,45,-9.670374870300293,125.86217498779297,0.0,0.5,0.5
172,46,-10.26691722869873,30.639984130859375,0.6666666865348816,0.6666666865348816,0.6666666865348816
172,47,-9.415846824645996,23.071903228759766,0.6666666865348816,0.6666666865348816,0.6666666865348816
172,48,-13.878801345825195,10.10604190826416,0.3333333432674408,0.6666666865348816,1.0
172,49,-2.576749324798584,1.6742241382598877,0.800000011920929,1.0,1.0
172,50,-2.5691137313842773,3.6130666732788086,0.5,1.0,1.0
172,51,-20.104278564453125,28.52306365966797,0.3333333432674408,0.8333333730697632,0.8333333730697632
172,52,-10.357428550720215,177.45449829101562,0.5,0.5,0.5
172,53,-7.375847816467285,11.688623428344727,0.3333333432674408,1.0,1.0
172,54,-10.15406322479248,7.620276927947998,0.6000000238418579,0.800000011920929,1.0
172,55,-11.67233657836914,18.505800247192383,0.25,0.75,1.0
172,56,-13.281219482421875,83.68611145019531,0.0,0.3333333432674408,1.0
172,57,-9.13051986694336,9.8024263381958,0.5,0.75,1.0
172,58,-18.776939392089844,522.6854248046875,0.0,0.3333333432674408,0.3333333432674408
172,59,-6.758787155151367,9.515565872192383,0.6666666865348816,0.6666666865348816,1.0
172,60,-9.205273628234863,9.987340927124023,0.5,1.0,1.0
172,61,-13.330591201782227,784.6953735351562,0.0,0.5,0.5
172,62,-9.326284408569336,10.294102668762207,0.25,0.75,1.0
172,63,-5.893618583679199,19.045089721679688,0.5,0.5,1.0
172,64,-8.463671684265137,68.843505859375,0.0,0.5,1.0
172,65,-16.363515853881836,3575.13427734375,0.0,0.0,0.5
172,66,-13.566534042358398,92.03585815429688,0.6666666865348816,0.6666666865348816,0.6666666865348816
172,67,-20.97338104248047,35835.36328125,0.0,0.0,0.0
172,68,-10.933648109436035,38.26552200317383,0.3333333432674408,0.6666666865348816,0.6666666865348816
172,69,-10.888602256774902,231.43548583984375,0.0,0.5,1.0
172,70,-17.01544189453125,70.37657165527344,0.0,0.75,0.75
172,71,-5.888164043426514,18.99321937561035,0.5,0.5,1.0
173,0,-6.474539756774902,25.4641056060791,0.5,0.5,1.0
173,1,-4.160016059875488,8.004532814025879,0.5,1.0,1.0
173,2,-8.840001106262207,19.04237937927246,0.6666666865348816,0.6666666865348816,0.6666666865348816
173,3,-17.768003463745117,7215.6083984375,0.0,0.0,0.0
173,4,-19.806537628173828,19995.626953125,0.0,0.0,0.5
173,5,-13.344242095947266,85.4627456665039,0.3333333432674408,0.6666666865348816,0.6666666865348816
173,6,-32.437313079833984,222.7876434326172,0.5,0.6666666865348816,0.6666666865348816
173,7,-4.5734734535217285,4.592806339263916,0.3333333432674408,1.0,1.0
173,8,-29.6027774810791,1637.1207275390625,0.25,0.25,0.5
173,9,-18.389022827148438,459.2865905761719,0.0,0.3333333432674408,0.6666666865348816
173,10,-12.77509593963623,24.380264282226562,0.25,0.75,1.0
173,11,-16.93796730041504,11.242594718933105,0.4285714626312256,0.8571429252624512,0.8571429252624512
173,12,-13.058488845825195,684.8805541992188,0.5,0.5,0.5
173,13,-7.729644298553467,6.90614128112793,0.75,0.75,0.75
173,14,-18.99251937866211,13309.8515625,0.0,0.0,0.5
173,15,-10.19045352935791,29.8689022064209,0.3333333432674408,0.6666666865348816,0.6666666865348816
173,16,-5.444746017456055,15.216387748718262,0.5,0.5,1.0
173,17,-4.853127479553223,11.319916725158691,0.5,1.0,1.0
173,18,-3.3535537719726562,5.348289966583252,0.5,1.0,1.0
173,19,-7.393327236175537,11.756926536560059,0.3333333432674408,0.6666666865348816,1.0
173,20,-7.227134704589844,1376.2734375,0.0,0.0,0.0
173,21,-25.677860260009766,376596.6875,0.0,0.0,0.0
173,22,-25.63758659362793,24.64806365966797,0.25,0.625,0.875
173,23,-10.709053039550781,211.5637969970703,0.5,0.5,0.5
173,24,-6.149473190307617,21.644180297851562,0.5,0.5,1.0
173,25,-15.750076293945312,190.5710906982422,0.0,0.3333333432674408,1.0
173,26,-4.840651512145996,11.249524116516113,0.5,1.0,1.0
173,27,-7.094300270080566,34.7142448425293,0.0,1.0,1.0
173,28,-4.511070728302002,9.540399551391602,0.5,1.0,1.0
173,29,-9.193796157836914,99.17620086669922,0.0,0.5,1.0
173,30,-3.395103693008423,29.8177433013916,0.0,1.0,1.0
173,31,-10.123882293701172,5.404942035675049,0.5,0.8333333730697632,1.0
173,32,-2.334322452545166,2.1773476600646973,0.6666666865348816,1.0,1.0
173,33,-18.112770080566406,8573.103515625,0.0,0.0,0.5
173,34,-12.495903968811035,8.025713920593262,0.6666666865348816,0.8333333730697632,1.0
173,35,-6.2845072746276855,23.155994415283203,0.5,0.5,1.0
173,36,-7.608250617980957,44.88597106933594,0.5,0.5,0.5
173,37,-11.380781173706055,4.147881031036377,0.75,0.875,1.0
173,38,-6.7181901931762695,5.363128662109375,0.75,1.0,1.0
173,39,-13.503204345703125,855.42822265625,0.5,0.5,0.5
173,40,-16.336650848388672,3527.43212890625,0.0,0.5,0.5
173,41,-22.474388122558594,16.598270416259766,0.375,0.75,0.875
173,42,-5.747937202453613,6.793586730957031,0.3333333432674408,1.0,1.0
173,43,-12.819988250732422,24.655426025390625,0.5,0.75,1.0
173,44,-19.425020217895508,128.5419158935547,0.0,0.5,0.75
173,45,-9.728776931762695,129.59165954589844,0.0,0.5,0.5
173,46,-10.290397644042969,30.880739212036133,0.6666666865348816,0.6666666865348816,0.6666666865348816
173,47,-9.36975383758545,22.72012710571289,0.6666666865348816,0.6666666865348816,0.6666666865348816
173,48,-13.86536693572998,10.083439826965332,0.3333333432674408,0.8333333730697632,1.0
173,49,-2.5841009616851807,1.6766877174377441,0.800000011920929,1.0,1.0
173,50,-2.541236639022827,3.5630550384521484,0.5,1.0,1.0
173,51,-20.073589324951172,28.377546310424805,0.3333333432674408,0.6666666865348816,0.8333333730697632
173,52,-10.346109390258789,176.45301818847656,0.5,0.5,0.5
173,53,-7.369042873382568,11.662140846252441,0.3333333432674408,1.0,1.0
173,54,-10.221098899841309,7.723130226135254,0.6000000238418579,0.800000011920929,1.0
173,55,-11.702044486999512,18.643753051757812,0.25,0.75,1.0
173,56,-13.114437103271484,79.16062927246094,0.0,0.3333333432674408,1.0
173,57,-9.103389739990234,9.736166954040527,0.5,0.75,1.0
173,58,-18.634613037109375,498.46722412109375,0.0,0.3333333432674408,0.3333333432674408
173,59,-6.684782981872559,9.283707618713379,0.6666666865348816,0.6666666865348816,1.0
173,60,-9.169737815856934,9.899006843566895,0.5,1.0,1.0
173,61,-13.237485885620117,749.0029296875,0.0,0.5,0.5
173,62,-9.228357315063477,10.045144081115723,0.25,0.75,1.0
173,63,-5.9046430587768555,19.150360107421875,0.5,0.5,1.0
173,64,-8.355189323425293,65.20881652832031,0.0,0.5,1.0
173,65,-16.4113826751709,3661.7314453125,0.0,0.0,0.5
173,66,-13.584091186523438,92.57604217529297,0.6666666865348816,0.6666666865348816,0.6666666865348816
173,67,-20.88910675048828,34356.734375,0.0,0.0,0.0
173,68,-10.978828430175781,38.84617233276367,0.3333333432674408,0.6666666865348816,0.6666666865348816
173,69,-10.872812271118164,229.61549377441406,0.0,0.5,1.0
173,70,-16.937637329101562,69.0208969116211,0.0,0.75,0.75
173,71,-5.843910217285156,18.577573776245117,0.5,0.5,1.0
174,0,-6.487155914306641,25.625244140625,0.5,0.5,1.0
174,1,-4.2650146484375,8.435992240905762,0.5,1.0,1.0
174,2,-8.854585647583008,19.135181427001953,0.6666666865348816,0.6666666865348816,0.6666666865348816
174,3,-17.768648147583008,7217.9345703125,0.0,0.0,0.0
174,4,-19.700698852539062,18964.982421875,0.0,0.0,0.5
174,5,-13.377212524414062,86.40717315673828,0.3333333432674408,0.6666666865348816,0.6666666865348816
174,6,-32.322933197021484,218.5807647705078,0.5,0.6666666865348816,0.6666666865348816
174,7,-4.60547399520874,4.642059326171875,0.3333333432674408,1.0,1.0
174,8,-29.6444034576416,1654.2464599609375,0.25,0.25,0.5
174,9,-18.369365692138672,456.2868957519531,0.0,0.3333333432674408,0.6666666865348816
174,10,-12.824634552001953,24.684083938598633,0.25,0.75,1.0
174,11,-16.850387573242188,11.102808952331543,0.4285714626312256,0.8571429252624512,0.8571429252624512
174,12,-13.043050765991211,679.6142578125,0.5,0.5,0.5
174,13,-7.730441093444824,6.907517433166504,0.75,0.75,0.75
174,14,-19.016605377197266,13471.111328125,0.0,0.0,0.5
174,15,-10.159331321716309,29.56064224243164,0.3333333432674408,0.6666666865348816,0.6666666865348816
174,16,-5.454741477966309,15.29262638092041,0.5,0.5,1.0
174,17,-4.869068622589111,11.410504341125488,0.5,1.0,1.0
174,18,-3.466496706008911,5.659006595611572,0.5,1.0,1.0
174,19,-7.411062240600586,11.826634407043457,0.3333333432674408,0.6666666865348816,1.0
174,20,-7.162544250488281,1290.1893310546875,0.0,0.0,0.0
174,21,-25.69965934753418,380723.875,0.0,0.0,0.0
174,22,-25.701156616210938,24.844703674316406,0.25,0.625,0.875
174,23,-10.671804428100586,207.6600341796875,0.5,0.5,0.5
174,24,-6.197668075561523,22.17208480834961,0.5,0.5,1.0
174,25,-15.925437927246094,202.04275512695312,0.0,0.3333333432674408,1.0
174,26,-4.830888271331787,11.194741249084473,0.5,1.0,1.0
174,27,-7.098145484924316,34.78105163574219,0.0,1.0,1.0
174,28,-4.514675617218018,9.557610511779785,0.5,1.0,1.0
174,29,-9.344642639160156,106.94571685791016,0.0,0.5,1.0
174,30,-3.438995122909546,31.1556339263916,0.0,1.0,1.0
174,31,-10.117718696594238,5.399392604827881,0.5,0.8333333730697632,1.0
174,32,-2.3037221431732178,2.1552515029907227,0.6666666865348816,1.0,1.0
174,33,-18.20001220703125,8955.3466796875,0.0,0.0,0.5
174,34,-12.549356460571289,8.097532272338867,0.6666666865348816,0.8333333730697632,1.0
174,35,-6.348829746246338,23.912822723388672,0.5,0.5,1.0
174,36,-7.636288642883301,45.51966094970703,0.5,0.5,0.5
174,37,-11.427628517150879,4.172242164611816,0.75,0.875,1.0
174,38,-6.695014953613281,5.332145690917969,0.75,1.0,1.0
174,39,-13.488967895507812,849.3607177734375,0.5,0.5,0.5
174,40,-16.33469009399414,3523.9755859375,0.0,0.5,0.5
174,41,-22.60980224609375,16.881616592407227,0.375,0.75,0.875
174,42,-5.813849449157715,6.9444990158081055,0.3333333432674408,1.0,1.0
174,43,-12.88885498046875,25.083587646484375,0.5,0.75,1.0
174,44,-19.528514862060547,131.91116333007812,0.0,0.5,0.75
174,45,-9.718997955322266,128.95957946777344,0.0,0.5,0.5
174,46,-10.311202049255371,31.09562873840332,0.6666666865348816,0.6666666865348816,0.6666666865348816
174,47,-9.420722007751465,23.109426498413086,0.6666666865348816,0.6666666865348816,0.6666666865348816
174,48,-13.848455429077148,10.055059432983398,0.3333333432674408,0.8333333730697632,1.0
174,49,-2.5811655521392822,1.675703525543213,0.800000011920929,1.0,1.0
174,50,-2.5773725509643555,3.6280171871185303,0.5,1.0,1.0
174,51,-20.079124450683594,28.403736114501953,0.3333333432674408,0.8333333730697632,0.8333333730697632
174,52,-10.334599494934082,175.44046020507812,0.5,0.5,0.5
174,53,-7.501580715179443,12.18891429901123,0.3333333432674408,1.0,1.0
174,54,-10.171289443969727,7.646575450897217,0.6000000238418579,0.800000011920929,1.0
174,55,-11.682628631591797,18.553476333618164,0.25,0.75,1.0
174,56,-13.125250816345215,79.44647216796875,0.0,0.3333333432674408,1.0
174,57,-9.280425071716309,10.176755905151367,0.5,0.75,1.0
174,58,-18.740482330322266,516.3720703125,0.0,0.3333333432674408,0.3333333432674408
174,59,-6.637458324432373,9.138406753540039,0.6666666865348816,0.6666666865348816,1.0
174,60,-9.23427677154541,10.060020446777344,0.5,1.0,1.0
174,61,-13.307060241699219,775.5171508789062,0.0,0.5,0.5
174,62,-9.165489196777344,9.888498306274414,0.25,0.75,1.0
174,63,-5.85554838180542,18.685993194580078,0.5,0.5,1.0
174,64,-8.490421295166016,69.77045440673828,0.0,0.5,1.0
174,65,-16.33888816833496,3531.38037109375,0.0,0.0,0.5
174,66,-13.516718864440918,90.52017974853516,0.6666666865348816,0.6666666865348816,0.6666666865348816
174,67,-20.897747039794922,34505.484375,0.0,0.0,0.0
174,68,-10.956632614135742,38.55982208251953,0.3333333432674408,0.6666666865348816,0.6666666865348816
174,69,-10.909584999084473,233.8763427734375,0.0,0.5,1.0
174,70,-17.07189178466797,71.37680053710938,0.0,0.5,0.75
174,71,-5.921989917755127,19.317180633544922,0.5,0.5,1.0
175,0,-6.4555864334106445,25.22393226623535,0.5,0.5,1.0
175,1,-4.258270263671875,8.407591819763184,0.5,1.0,1.0
175,2,-8.876838684082031,19.277647018432617,0.6666666865348816,0.6666666865348816,0.6666666865348816
175,3,-17.678375244140625,6899.38525390625,0.0,0.0,0.0
175,4,-19.869644165039062,20636.61328125,0.0,0.0,0.5
175,5,-13.387442588806152,86.70235443115234,0.3333333432674408,0.6666666865348816,0.6666666865348816
175,6,-32.51754379272461,225.78663635253906,0.5,0.6666666865348816,0.6666666865348816
175,7,-4.521007061004639,4.513181686401367,0.3333333432674408,1.0,1.0
175,8,-29.553098678588867,1616.9140625,0.25,0.25,0.5
175,9,-18.4967041015625,476.0714111328125,0.0,0.3333333432674408,0.6666666865348816
175,10,-12.79004955291748,24.47157859802246,0.25,0.75,1.0
175,11,-16.83159637451172,11.073046684265137,0.4285714626312256,0.8571429252624512,0.8571429252624512
175,12,-13.070575714111328,689.0321044921875,0.5,0.5,0.5
175,13,-7.6981730461120605,6.852018356323242,0.75,0.75,0.75
175,14,-19.033287048339844,13583.9404296875,0.0,0.0,0.5
175,15,-10.177680969238281,29.742000579833984,0.3333333432674408,0.6666666865348816,0.6666666865348816
175,16,-5.405829429626465,14.923165321350098,0.5,0.5,1.0
175,17,-4.86714506149292,11.399535179138184,0.5,1.0,1.0
175,18,-3.441807746887207,5.589578151702881,0.5,1.0,1.0
175,19,-7.418590068817139,11.856348991394043,0.3333333432674408,0.6666666865348816,1.0
175,20,-7.1647186279296875,1292.9976806640625,0.0,0.0,0.0
175,21,-25.65703010559082,372694.78125,0.0,0.0,0.0
175,22,-25.616580963134766,24.58342933654785,0.25,0.625,0.875
175,23,-10.650720596313477,205.48239135742188,0.5,0.5,0.5
175,24,-6.175424575805664,21.926856994628906,0.5,0.5,1.0
175,25,-15.894586563110352,199.97560119628906,0.0,0.3333333432674408,1.0
175,26,-4.780129432678223,10.914200782775879,0.5,1.0,1.0
175,27,-7.13144588470459,35.36500930786133,0.0,1.0,1.0
175,28,-4.5540571212768555,9.747673034667969,0.5,1.0,1.0
175,29,-9.281777381896973,103.63640594482422,0.0,0.5,1.0
175,30,-3.4265265464782715,30.769580841064453,0.0,1.0,1.0
175,31,-10.157333374023438,5.435159206390381,0.5,0.8333333730697632,1.0
175,32,-2.3274331092834473,2.1723532676696777,0.6666666865348816,1.0,1.0
175,33,-18.14321517944336,8704.6064453125,0.0,0.0,0.5
175,34,-12.552384376525879,8.1016206741333,0.6666666865348816,0.8333333730697632,1.0
175,35,-6.23827600479126,22.62686538696289,0.5,0.5,1.0
175,36,-7.610903263092041,44.94554138183594,0.5,0.5,0.5
175,37,-11.401260375976562,4.158513069152832,0.75,0.875,1.0
175,38,-6.631860256195068,5.248619556427002,0.75,1.0,1.0
175,39,-13.4764404296875,844.0571899414062,0.5,0.5,0.5
175,40,-16.337934494018555,3529.69677734375,0.0,0.5,0.5
175,41,-22.602556228637695,16.8663330078125,0.375,0.75,0.875
175,42,-5.8189263343811035,6.956260681152344,0.3333333432674408,1.0,1.0
175,43,-12.86324691772461,24.92351722717285,0.5,0.75,1.0
175,44,-19.53905487060547,132.2592010498047,0.0,0.5,0.75
175,45,-9.674219131469727,126.10433197021484,0.0,0.5,0.5
175,46,-10.370796203613281,31.719512939453125,0.6666666865348816,0.6666666865348816,0.6666666865348816
175,47,-9.347765922546387,22.554214477539062,0.6666666865348816,0.6666666865348816,0.6666666865348816
175,48,-13.936837196350098,10.204268455505371,0.3333333432674408,0.8333333730697632,1.0
175,49,-2.607201337814331,1.6844520568847656,0.800000011920929,1.0,1.0
175,50,-2.5342044830322266,3.550548791885376,0.5,1.0,1.0
175,51,-20.06900405883789,28.35586929321289,0.3333333432674408,0.8333333730697632,0.8333333730697632
175,52,-10.359292984008789,177.62001037597656,0.5,0.5,0.5
175,53,-7.447153568267822,11.969772338867188,0.3333333432674408,1.0,1.0
175,54,-10.114082336425781,7.559586048126221,0.6000000238418579,0.800000011920929,1.0
175,55,-11.669883728027344,18.494455337524414,0.25,0.75,1.0
175,56,-13.265043258666992,83.236083984375,0.0,0.3333333432674408,1.0
175,57,-9.228767395019531,10.046174049377441,0.5,0.75,1.0
175,58,-18.620447158813477,496.11895751953125,0.0,0.3333333432674408,0.3333333432674408
175,59,-6.673617839813232,9.249220848083496,0.6666666865348816,0.6666666865348816,1.0
175,60,-9.285126686096191,10.188724517822266,0.5,1.0,1.0
175,61,-13.349092483520508,791.9879760742188,0.0,0.5,0.5
175,62,-9.260942459106445,10.12730884552002,0.25,0.75,1.0
175,63,-5.887427806854248,18.986228942871094,0.5,0.5,1.0
175,64,-8.456189155578613,68.58641815185547,0.0,0.5,1.0
175,65,-16.325326919555664,3507.51611328125,0.0,0.0,0.5
175,66,-13.548088073730469,91.47167205810547,0.6666666865348816,0.6666666865348816,0.6666666865348816
175,67,-20.92218780517578,34929.7421875,0.0,0.0,0.0
175,68,-11.062630653381348,39.94660186767578,0.3333333432674408,0.6666666865348816,0.6666666865348816
175,69,-10.89149284362793,231.77020263671875,0.0,0.5,1.0
175,70,-16.986900329589844,69.8761978149414,0.0,0.75,0.75
175,71,-5.858965873718262,18.71794891357422,0.5,0.5,1.0
176,0,-6.511209011077881,25.93528938293457,0.5,0.5,1.0
176,1,-4.246371746063232,8.357722282409668,0.5,1.0,1.0
176,2,-8.907464027404785,19.475448608398438,0.6666666865348816,0.6666666865348816,0.6666666865348816
176,3,-17.662843704223633,6846.013671875,0.0,0.0,0.0
176,4,-19.874759674072266,20689.462890625,0.0,0.0,0.5
176,5,-13.374361038208008,86.32510375976562,0.3333333432674408,0.6666666865348816,0.6666666865348816
176,6,-32.491085052490234,224.7931671142578,0.5,0.6666666865348816,0.6666666865348816
176,7,-4.533350467681885,4.531789302825928,0.3333333432674408,1.0,1.0
176,8,-29.600507736206055,1636.192138671875,0.25,0.25,0.5
176,9,-18.404003143310547,461.5857849121094,0.0,0.3333333432674408,0.6666666865348816
176,10,-12.833860397338867,24.74108123779297,0.25,0.75,1.0
176,11,-17.00537109375,11.351372718811035,0.4285714626312256,0.8571429252624512,0.8571429252624512
176,12,-13.007408142089844,667.6099853515625,0.5,0.5,0.5
176,13,-7.7608962059021,6.960310935974121,0.75,0.75,0.75
176,14,-19.010189056396484,13427.9619140625,0.0,0.0,0.5
176,15,-10.234604835510254,30.311737060546875,0.3333333432674408,0.6666666865348816,0.6666666865348816
176,16,-5.405004501342773,14.917011260986328,0.5,0.5,1.0
176,17,-4.856001853942871,11.336196899414062,0.5,1.0,1.0
176,18,-3.3872883319854736,5.439266204833984,0.5,1.0,1.0
176,19,-7.4767537117004395,12.088459014892578,0.3333333432674408,0.6666666865348816,1.0
176,20,-7.11362361907959,1228.5914306640625,0.0,0.0,0.0
176,21,-25.71678352355957,383997.65625,0.0,0.0,0.0
176,22,-25.570533752441406,24.442337036132812,0.25,0.625,0.875
176,23,-10.565285682678223,196.88954162597656,0.5,0.5,0.5
176,24,-6.2002058029174805,22.20023536682129,0.5,0.5,1.0
176,25,-15.783366203308105,192.6976318359375,0.0,0.3333333432674408,1.0
176,26,-4.837799549102783,11.233492851257324,0.5,1.0,1.0
176,27,-7.100536346435547,34.822654724121094,0.0,1.0,1.0
176,28,-4.575930118560791,9.854862213134766,0.5,1.0,1.0
176,29,-9.367290496826172,108.16363525390625,0.0,0.5,1.0
176,30,-3.4002575874328613,29.971818923950195,0.0,1.0,1.0
176,31,-10.085149765014648,5.3701629638671875,0.5,0.8333333730697632,1.0
176,32,-2.330319404602051,2.1744444370269775,0.6666666865348816,1.0,1.0
176,33,-18.23569107055664,9116.5390625,0.0,0.0,0.5
176,34,-12.45195198059082,7.967137813568115,0.6666666865348816,0.8333333730697632,1.0
176,35,-6.356825351715088,24.00861358642578,0.5,0.5,1.0
176,36,-7.5531086921691895,43.66532516479492,0.5,0.5,0.5
176,37,-11.449325561523438,4.183573246002197,0.75,0.875,1.0
176,38,-6.695443630218506,5.332716941833496,0.75,1.0,1.0
176,39,-13.456253051757812,835.5803833007812,0.5,0.5,0.5
176,40,-16.36039161682129,3569.5537109375,0.0,0.5,0.5
176,41,-22.477825164794922,16.60540199279785,0.375,0.75,0.875
176,42,-5.832666397094727,6.988193988800049,0.3333333432674408,1.0,1.0
176,43,-12.838242530822754,24.76820182800293,0.5,0.75,1.0
176,44,-19.48445701599121,130.46621704101562,0.0,0.5,0.75
176,45,-9.64416790008545,124.22370147705078,0.0,0.5,0.5
176,46,-10.169061660766602,29.65667724609375,0.6666666865348816,0.6666666865348816,0.6666666865348816
176,47,-9.3419828414917,22.51078224182129,0.6666666865348816,0.6666666865348816,0.6666666865348816
176,48,-13.9398775100708,10.209443092346191,0.3333333432674408,0.8333333730697632,1.0
176,49,-2.5677294731140137,1.6712065935134888,0.800000011920929,1.0,1.0
176,50,-2.5552637577056885,3.588132381439209,0.5,1.0,1.0
176,51,-20.031755447387695,28.180377960205078,0.3333333432674408,0.6666666865348816,0.8333333730697632
176,52,-10.349361419677734,176.74017333984375,0.5,0.5,0.5
176,53,-7.426126956939697,11.886171340942383,0.3333333432674408,1.0,1.0
176,54,-10.061203956604004,7.480060577392578,0.6000000238418579,0.800000011920929,1.0
176,55,-11.694931983947754,18.61063003540039,0.25,0.75,1.0
176,56,-13.26250171661377,83.1656265258789,0.0,0.3333333432674408,1.0
176,57,-9.123190879821777,9.784482955932617,0.5,0.75,1.0
176,58,-18.729944229125977,514.5613403320312,0.0,0.3333333432674408,0.3333333432674408
176,59,-6.696716785430908,9.320712089538574,0.6666666865348816,0.6666666865348816,1.0
176,60,-9.155486106872559,9.863800048828125,0.5,1.0,1.0
176,61,-13.325695037841797,782.7767333984375,0.0,0.5,0.5
176,62,-9.206722259521484,9.990958213806152,0.25,0.75,1.0
176,63,-5.976262092590332,19.848552703857422,0.5,0.5,1.0
176,64,-8.430641174316406,67.71587371826172,0.0,0.5,1.0
176,65,-16.353397369384766,3557.09228515625,0.0,0.0,0.5
176,66,-13.510566711425781,90.33477020263672,0.6666666865348816,0.6666666865348816,0.6666666865348816
176,67,-20.95233917236328,35460.3203125,0.0,0.0,0.0
176,68,-10.978021621704102,38.83572769165039,0.3333333432674408,0.6666666865348816,0.6666666865348816
176,69,-10.843499183654785,226.27467346191406,0.0,0.5,1.0
176,70,-17.073108673095703,71.39852142333984,0.0,0.75,0.75
176,71,-5.85752010345459,18.704423904418945,0.5,0.5,1.0
177,0,-6.452878475189209,25.189802169799805,0.5,0.5,1.0
177,1,-4.238734245300293,8.32586669921875,0.5,1.0,1.0
177,2,-8.909951210021973,19.49160385131836,0.6666666865348816,0.6666666865348816,0.6666666865348816
177,3,-17.78496551513672,7277.064453125,0.0,0.0,0.0
177,4,-19.867948532104492,20619.123046875,0.0,0.0,0.5
177,5,-13.395120620727539,86.92452239990234,0.3333333432674408,0.6666666865348816,0.6666666865348816
177,6,-32.441436767578125,222.94076538085938,0.5,0.6666666865348816,0.6666666865348816
177,7,-4.555342197418213,4.565131664276123,0.3333333432674408,1.0,1.0
177,8,-29.571487426757812,1624.3643798828125,0.25,0.25,0.5
177,9,-18.33501434326172,451.092041015625,0.0,0.3333333432674408,0.6666666865348816
177,10,-12.846553802490234,24.819719314575195,0.25,0.75,1.0
177,11,-16.909774780273438,11.197404861450195,0.4285714626312256,0.8571429252624512,0.8571429252624512
177,12,-13.056449890136719,684.1826782226562,0.5,0.5,0.5
177,13,-7.742530345916748,6.9284257888793945,0.75,0.75,0.75
177,14,-19.046857833862305,13676.42578125,0.0,0.0,0.5
177,15,-10.224678993225098,30.21160888671875,0.3333333432674408,0.6666666865348816,0.6666666865348816
177,16,-5.412508487701416,14.973084449768066,0.5,0.5,1.0
177,17,-4.844602584838867,11.271769523620605,0.5,1.0,1.0
177,18,-3.403505325317383,5.48354959487915,0.5,1.0,1.0
177,19,-7.413116455078125,11.834734916687012,0.3333333432674408,0.6666666865348816,1.0
177,20,-7.108502388000488,1222.315673828125,0.0,0.0,0.0
177,21,-25.642284393310547,369957.03125,0.0,0.0,0.0
177,22,-25.62248992919922,24.601594924926758,0.25,0.625,0.875
177,23,-10.62650203704834,203.00914001464844,0.5,0.5,0.5
177,24,-6.194422721862793,22.13613510131836,0.5,0.5,1.0
177,25,-15.854310035705566,197.3087921142578,0.0,0.3333333432674408,1.0
177,26,-4.89853048324585,11.579834938049316,0.5,1.0,1.0
177,27,-7.182141304016113,36.27288818359375,0.0,1.0,1.0
177,28,-4.5321364402771,9.641417503356934,0.5,1.0,1.0
177,29,-9.32436752319336,105.86701965332031,0.0,0.5,1.0
177,30,-3.45877742767334,31.778100967407227,0.0,1.0,1.0
177,31,-10.119974136352539,5.401422500610352,0.5,0.8333333730697632,1.0
177,32,-2.296461343765259,2.150041341781616,0.6666666865348816,1.0,1.0
177,33,-18.128482818603516,8640.72265625,0.0,0.0,0.5
177,34,-12.591689109802246,8.154867172241211,0.6666666865348816,0.8333333730697632,1.0
177,35,-6.280277252197266,23.10706901550293,0.5,0.5,1.0
177,36,-7.6131911277771,44.996986389160156,0.5,0.5,0.5
177,37,-11.468460083007812,4.193591594696045,0.75,0.875,1.0
177,38,-6.724458694458008,5.371540069580078,0.75,1.0,1.0
177,39,-13.52629566192627,865.3619384765625,0.5,0.5,0.5
177,40,-16.30927085876465,3479.470703125,0.0,0.5,0.5
177,41,-22.540699005126953,16.73642349243164,0.375,0.75,0.875
177,42,-5.775728225708008,6.856813430786133,0.3333333432674408,1.0,1.0
177,43,-12.846101760864258,24.816913604736328,0.5,0.75,1.0
177,44,-19.43804931640625,128.9613037109375,0.0,0.5,0.75
177,45,-9.775140762329102,132.6309356689453,0.0,0.5,0.5
177,46,-10.238639831542969,30.35253143310547,0.6666666865348816,0.6666666865348816,0.6666666865348816
177,47,-9.40719223022461,23.005441665649414,0.6666666865348816,0.6666666865348816,0.6666666865348816
177,48,-13.904359817504883,10.149184226989746,0.3333333432674408,0.8333333730697632,1.0
177,49,-2.606696605682373,1.6842819452285767,0.800000011920929,1.0,1.0
177,50,-2.5470023155212402,3.5733413696289062,0.5,1.0,1.0
177,51,-20.007205963134766,28.06531524658203,0.3333333432674408,0.8333333730697632,0.8333333730697632
177,52,-10.382110595703125,179.6580352783203,0.5,0.5,0.5
177,53,-7.379811763763428,11.70407772064209,0.3333333432674408,1.0,1.0
177,54,-10.187814712524414,7.671888828277588,0.6000000238418579,0.800000011920929,1.0
177,55,-11.673006057739258,18.508895874023438,0.25,0.75,1.0
177,56,-13.260037422180176,83.09732055664062,0.0,0.3333333432674408,1.0
177,57,-9.134317398071289,9.811737060546875,0.5,0.75,1.0
177,58,-18.784034729003906,523.923095703125,0.0,0.3333333432674408,0.3333333432674408
177,59,-6.6809983253479,9.272004127502441,0.6666666865348816,0.6666666865348816,1.0
177,60,-9.20364761352539,9.983282089233398,0.5,1.0,1.0
177,61,-13.331645965576172,785.109375,0.0,0.5,0.5
177,62,-9.276334762573242,10.166354179382324,0.25,0.75,1.0
177,63,-5.865818023681641,18.782188415527344,0.5,0.5,1.0
177,64,-8.396492958068848,66.56949615478516,0.0,0.5,1.0
177,65,-16.370410919189453,3587.480712890625,0.0,0.0,0.5
177,66,-13.549351692199707,91.51020050048828,0.6666666865348816,0.6666666865348816,0.6666666865348816
177,67,-20.875770568847656,34128.40625,0.0,0.0,0.0
177,68,-10.935555458068848,38.28986358642578,0.3333333432674408,0.6666666865348816,0.6666666865348816
177,69,-10.933377265930176,236.6751708984375,0.0,0.5,1.0
177,70,-16.989774703979492,69.92642974853516,0.0,0.75,0.75
177,71,-5.858102321624756,18.709869384765625,0.5,0.5,1.0
178,0,-6.548018932342529,26.41704559326172,0.5,0.5,1.0
178,1,-4.254677772521973,8.39250373840332,0.5,1.0,1.0
178,2,-8.854849815368652,19.136863708496094,0.6666666865348816,0.6666666865348816,0.6666666865348816
178,3,-17.73688316345215,7104.20166015625,0.0,0.0,0.0
178,4,-19.918010711669922,21141.7578125,0.0,0.0,0.5
178,5,-13.431010246276855,87.97067260742188,0.3333333432674408,0.6666666865348816,0.6666666865348816
178,6,-32.36429977416992,220.09298706054688,0.5,0.6666666865348816,0.6666666865348816
178,7,-4.51662540435791,4.506594657897949,0.3333333432674408,1.0,1.0
178,8,-29.579458236694336,1627.6044921875,0.25,0.25,0.5
178,9,-18.34103012084961,451.9974365234375,0.0,0.3333333432674408,0.6666666865348816
178,10,-12.731094360351562,24.113540649414062,0.25,0.75,1.0
178,11,-16.796001434326172,11.016881942749023,0.4285714626312256,0.8571429252624512,0.8571429252624512
178,12,-13.059718132019043,685.3016357421875,0.5,0.5,0.5
178,13,-7.688253879547119,6.835048198699951,0.75,0.75,0.75
178,14,-19.016895294189453,13473.0634765625,0.0,0.0,0.5
178,15,-10.13483715057373,29.320266723632812,0.3333333432674408,0.6666666865348816,0.6666666865348816
178,16,-5.374175071716309,14.688833236694336,0.5,0.5,1.0
178,17,-4.868688583374023,11.408336639404297,0.5,1.0,1.0
178,18,-3.3559248447418213,5.3546342849731445,0.5,1.0,1.0
178,19,-7.456896781921387,12.008708953857422,0.3333333432674408,0.6666666865348816,1.0
178,20,-7.166674613952637,1295.529296875,0.0,0.0,0.0
178,21,-25.654727935791016,372266.0,0.0,0.0,0.0
178,22,-25.606233596801758,24.551654815673828,0.25,0.625,0.875
178,23,-10.676796913146973,208.17904663085938,0.5,0.5,0.5
178,24,-6.19114875793457,22.099929809570312,0.5,0.5,1.0
178,25,-15.822304725646973,195.21505737304688,0.0,0.3333333432674408,1.0
178,26,-4.886411190032959,11.509878158569336,0.5,1.0,1.0
178,27,-7.085333824157715,34.558963775634766,0.0,1.0,1.0
178,28,-4.527045726776123,9.616908073425293,0.5,1.0,1.0
178,29,-9.299433708190918,104.55537414550781,0.0,0.5,1.0
178,30,-3.4740400314331055,32.266841888427734,0.0,1.0,1.0
178,31,-10.087580680847168,5.372339248657227,0.5,0.8333333730697632,1.0
178,32,-2.281283140182495,2.139190912246704,0.6666666865348816,1.0,1.0
178,33,-18.13986587524414,8690.0419921875,0.0,0.0,0.5
178,34,-12.482388496398926,8.00765609741211,0.6666666865348816,0.8333333730697632,1.0
178,35,-6.309784889221191,23.450515747070312,0.5,0.5,1.0
178,36,-7.586228370666504,44.39443588256836,0.5,0.5,0.5
178,37,-11.413287162780762,4.164769649505615,0.75,0.875,1.0
178,38,-6.668168544769287,5.296478271484375,0.75,1.0,1.0
178,39,-13.5650634765625,882.2996826171875,0.5,0.5,0.5
178,40,-16.372005462646484,3590.342041015625,0.0,0.5,0.5
178,41,-22.671367645263672,17.012035369873047,0.375,0.75,0.875
178,42,-5.8260064125061035,6.972697734832764,0.3333333432674408,1.0,1.0
178,43,-12.811513900756836,24.603248596191406,0.5,0.75,1.0
178,44,-19.45001983642578,129.34780883789062,0.0,0.5,0.75
178,45,-9.701824188232422,127.85696411132812,0.0,0.5,0.5
178,46,-10.147791862487793,29.44715118408203,0.6666666865348816,0.6666666865348816,0.6666666865348816
178,47,-9.430973052978516,23.18852996826172,0.6666666865348816,0.6666666865348816,0.6666666865348816
178,48,-13.97335147857666,10.266559600830078,0.3333333432674408,0.8333333730697632,1.0
178,49,-2.563985824584961,1.6699557304382324,0.800000011920929,1.0,1.0
178,50,-2.504641532897949,3.498452663421631,0.5,1.0,1.0
178,51,-20.07464599609375,28.382545471191406,0.3333333432674408,0.6666666865348816,0.8333333730697632
178,52,-10.28226089477539,170.9088592529297,0.5,0.5,0.5
178,53,-7.282613277435303,11.330946922302246,0.3333333432674408,1.0,1.0
178,54,-10.130599975585938,7.584600448608398,0.6000000238418579,0.800000011920929,1.0
178,55,-11.645063400268555,18.380050659179688,0.25,0.75,1.0
178,56,-13.259082794189453,83.07089233398438,0.0,0.3333333432674408,1.0
178,57,-9.16542911529541,9.888349533081055,0.5,0.75,1.0
178,58,-18.72287368774414,513.3499145507812,0.0,0.3333333432674408,0.3333333432674408
178,59,-6.765042781829834,9.535428047180176,0.6666666865348816,0.6666666865348816,1.0
178,60,-9.283828735351562,10.185419082641602,0.5,1.0,1.0
178,61,-13.35568618774414,794.6033325195312,0.0,0.5,0.5
178,62,-9.27975082397461,10.175040245056152,0.25,0.75,1.0
178,63,-5.899477481842041,19.100961685180664,0.5,0.5,1.0
178,64,-8.367083549499512,65.5977783203125,0.0,0.5,1.0
178,65,-16.39219856262207,3626.77587890625,0.0,0.0,0.5
178,66,-13.506454467773438,90.21101379394531,0.6666666865348816,0.6666666865348816,0.6666666865348816
178,67,-20.95049285888672,35427.6015625,0.0,0.0,0.0
178,68,-10.988733291625977,38.974639892578125,0.3333333432674408,0.6666666865348816,0.6666666865348816
178,69,-10.906232833862305,233.48468017578125,0.0,0.5,1.0
178,70,-17.106645584106445,71.99966430664062,0.0,0.75,0.75
178,71,-5.938391208648682,19.476245880126953,0.5,0.5,1.0
179,0,-6.542836666107178,26.348684310913086,0.5,0.5,1.0
179,1,-4.23219108581543,8.298672676086426,0.5,1.0,1.0
179,2,-8.908620834350586,19.482961654663086,0.6666666865348816,0.6666666865348816,0.6666666865348816
179,3,-17.817813873291016,7397.5712890625,0.0,0.0,0.0
179,4,-19.833961486816406,20271.693359375,0.0,0.0,0.5
179,5,-13.345952987670898,85.5114974975586,0.3333333432674408,0.6666666865348816,0.6666666865348816
179,6,-32.352760314941406,219.6700439453125,0.5,0.6666666865348816,0.6666666865348816
179,7,-4.606476783752441,4.643610954284668,0.3333333432674408,1.0,1.0
179,8,-29.631948471069336,1649.103515625,0.25,0.25,0.5
179,9,-18.345258712768555,452.635009765625,0.0,0.3333333432674408,0.6666666865348816
179,10,-12.802215576171875,24.546123504638672,0.25,0.75,1.0
179,11,-16.917156219482422,11.209218978881836,0.4285714626312256,0.8571429252624512,0.8571429252624512
179,12,-13.134298324584961,711.3389892578125,0.5,0.5,0.5
179,13,-7.745199203491211,6.933050155639648,0.75,0.75,0.75
179,14,-19.00442886352539,13389.34375,0.0,0.0,0.5
179,15,-10.137369155883789,29.345022201538086,0.3333333432674408,0.6666666865348816,0.6666666865348816
179,16,-5.370027542114258,14.658403396606445,0.5,0.5,1.0
179,17,-4.865368366241455,11.389412879943848,0.5,1.0,1.0
179,18,-3.4306962490081787,5.558609962463379,0.5,1.0,1.0
179,19,-7.387585163116455,11.734444618225098,0.3333333432674408,0.6666666865348816,1.0
179,20,-7.1287150382995605,1247.273193359375,0.0,0.0,0.0
179,21,-25.743284225463867,389119.65625,0.0,0.0,0.0
179,22,-25.530628204345703,24.320716857910156,0.25,0.625,0.875
179,23,-10.661616325378418,206.60487365722656,0.5,0.5,0.5
179,24,-6.139944553375244,21.54130744934082,0.5,0.5,1.0
179,25,-15.82973575592041,195.69912719726562,0.0,0.3333333432674408,1.0
179,26,-4.897403240203857,11.573310852050781,0.5,1.0,1.0
179,27,-7.032140731811523,33.65192794799805,0.0,1.0,1.0
179,28,-4.520907878875732,9.58743953704834,0.5,1.0,1.0
179,29,-9.28050422668457,103.57044982910156,0.0,0.5,1.0
179,30,-3.450746774673462,31.523923873901367,0.0,1.0,1.0
179,31,-10.108668327331543,5.391254425048828,0.5,0.8333333730697632,1.0
179,32,-2.3280930519104004,2.1728312969207764,0.6666666865348816,1.0,1.0
179,33,-18.107709884643555,8551.439453125,0.0,0.0,0.5
179,34,-12.579147338867188,8.137837409973145,0.6666666865348816,0.8333333730697632,1.0
179,35,-6.234537124633789,22.584606170654297,0.5,0.5,1.0
179,36,-7.619256973266602,45.1336669921875,0.5,0.5,0.5
179,37,-11.465129852294922,4.191845893859863,0.75,0.875,1.0
179,38,-6.755655765533447,5.41359806060791,0.75,1.0,1.0
179,39,-13.458426475524902,836.4888305664062,0.5,0.5,0.5
179,40,-16.389820098876953,3622.465087890625,0.0,0.5,0.5
179,41,-22.48499298095703,16.620288848876953,0.375,0.75,0.875
179,42,-5.825253963470459,6.970949172973633,0.3333333432674408,1.0,1.0
179,43,-12.841415405273438,24.78785514831543,0.5,0.75,1.0
179,44,-19.408735275268555,128.0196533203125,0.0,0.5,0.75
179,45,-9.69699764251709,127.54877471923828,0.0,0.5,0.5
179,46,-10.176763534545898,29.732912063598633,0.6666666865348816,0.6666666865348816,0.6666666865348816
179,47,-9.38279914855957,22.819141387939453,0.6666666865348816,0.6666666865348816,0.6666666865348816
179,48,-13.986549377441406,10.289167404174805,0.3333333432674408,0.8333333730697632,1.0
179,49,-2.6211512088775635,1.6891582012176514,0.800000011920929,1.0,1.0
179,50,-2.5482711791992188,3.5756092071533203,0.5,1.0,1.0
179,51,-20.076213836669922,28.389965057373047,0.3333333432674408,0.6666666865348816,0.8333333730697632
179,52,-10.367559432983398,178.3556671142578,0.5,0.5,0.5
179,53,-7.3848652839660645,11.723810195922852,0.3333333432674408,1.0,1.0
179,54,-10.045703887939453,7.456907272338867,0.6000000238418579,0.800000011920929,1.0
179,55,-11.733236312866211,18.789703369140625,0.25,0.75,1.0
179,56,-13.320029258728027,84.7757568359375,0.0,0.3333333432674408,1.0
179,57,-9.081603050231934,9.683280944824219,0.5,0.75,1.0
179,58,-18.749393463134766,517.9080810546875,0.0,0.3333333432674408,0.3333333432674408
179,59,-6.714110374450684,9.374908447265625,0.6666666865348816,0.6666666865348816,1.0
179,60,-9.13265609741211,9.807662963867188,0.5,1.0,1.0
179,61,-13.323141098022461,781.77783203125,0.0,0.5,0.5
179,62,-9.150666236877441,9.851922035217285,0.25,0.75,1.0
179,63,-5.928297996520996,19.378204345703125,0.5,0.5,1.0
179,64,-8.449562072753906,68.35953521728516,0.0,0.5,1.0
179,65,-16.303165435791016,3468.864990234375,0.0,0.0,0.5
179,66,-13.479166030883789,89.39415740966797,0.6666666865348816,0.6666666865348816,0.6666666865348816
179,67,-20.963491439819336,35658.60546875,0.0,0.0,0.0
179,68,-10.999422073364258,39.11375045776367,0.3333333432674408,0.6666666865348816,0.6666666865348816
179,69,-10.817242622375488,223.32350158691406,0.0,0.5,1.0
179,70,-16.956825256347656,69.35279083251953,0.0,0.75,0.75
179,71,-5.810354232788086,18.268478393554688,0.5,0.5,1.0
180,0,-6.5507049560546875,26.45254898071289,0.5,0.5,1.0
180,1,-4.229062080383301,8.285698890686035,0.5,1.0,1.0
180,2,-8.881465911865234,19.307401657104492,0.6666666865348816,0.6666666865348816,0.6666666865348816
180,3,-17.802410125732422,7340.814453125,0.0,0.0,0.0
180,4,-19.975799560546875,21761.546875,0.0,0.0,0.5
180,5,-13.388049125671387,86.71987915039062,0.3333333432674408,0.6666666865348816,0.6666666865348816
180,6,-32.50248718261719,225.2208251953125,0.5,0.6666666865348816,0.6666666865348816
180,7,-4.541871070861816,4.544678688049316,0.3333333432674408,1.0,1.0
180,8,-29.651561737060547,1657.2095947265625,0.25,0.25,0.5
180,9,-18.46799087524414,471.5366516113281,0.0,0.3333333432674408,0.6666666865348816
180,10,-12.871338844299316,24.97398567199707,0.25,0.75,1.0
180,11,-17.0010986328125,11.344447135925293,0.4285714626312256,0.8571429252624512,0.8571429252624512
180,12,-13.039401054382324,678.3751831054688,0.5,0.5,0.5
180,13,-7.7065324783325195,6.8663530349731445,0.75,0.75,0.75
180,14,-18.979251861572266,13221.8486328125,0.0,0.0,0.5
180,15,-10.21070671081543,30.07123374938965,0.3333333432674408,0.6666666865348816,0.6666666865348816
180,16,-5.400356769561768,14.882386207580566,0.5,0.5,1.0
180,17,-4.797779560089111,11.010945320129395,0.5,1.0,1.0
180,18,-3.402071475982666,5.479619979858398,0.5,1.0,1.0
180,19,-7.402056694030762,11.791184425354004,0.3333333432674408,0.6666666865348816,1.0
180,20,-7.146438121795654,1269.575927734375,0.0,0.0,0.0
180,21,-25.81850814819336,404033.90625,0.0,0.0,0.0
180,22,-25.607547760009766,24.555686950683594,0.25,0.625,0.875
180,23,-10.64029312133789,204.41383361816406,0.5,0.5,0.5
180,24,-6.176831245422363,21.942285537719727,0.5,0.5,1.0
180,25,-15.858325958251953,197.5730743408203,0.0,0.3333333432674408,1.0
180,26,-4.914265155792236,11.671298027038574,0.5,1.0,1.0
180,27,-7.1012773513793945,34.8355598449707,0.0,1.0,1.0
180,28,-4.570281982421875,9.827071189880371,0.5,1.0,1.0
180,29,-9.450326919555664,112.7489242553711,0.0,0.5,1.0
180,30,-3.422311544418335,30.640159606933594,0.0,1.0,1.0
180,31,-10.157797813415527,5.435580253601074,0.5,0.8333333730697632,1.0
180,32,-2.3366217613220215,2.1790170669555664,0.6666666865348816,1.0,1.0
180,33,-18.074220657348633,8409.44140625,0.0,0.0,0.5
180,34,-12.462868690490723,7.981647968292236,0.6666666865348816,0.8333333730697632,1.0
180,35,-6.268703937530518,22.973743438720703,0.5,0.5,1.0
180,36,-7.6227498054504395,45.21255874633789,0.5,0.5,0.5
180,37,-11.399845123291016,4.157777309417725,0.75,0.875,1.0
180,38,-6.6785125732421875,5.310193061828613,0.75,1.0,1.0
180,39,-13.632184028625488,912.412353515625,0.5,0.5,0.5
180,40,-16.34585952758789,3543.711181640625,0.0,0.5,0.5
180,41,-22.80582046508789,17.300365447998047,0.375,0.75,0.875
180,42,-5.820268154144287,6.9593729972839355,0.3333333432674408,1.0,1.0
180,43,-12.815027236938477,24.624868392944336,0.5,0.75,1.0
180,44,-19.473705291748047,130.11599731445312,0.0,0.5,0.75
180,45,-9.744050025939941,130.5850830078125,0.0,0.5,0.5
180,46,-10.366480827331543,31.673921585083008,0.6666666865348816,0.6666666865348816,0.6666666865348816
180,47,-9.376049995422363,22.76786231994629,0.6666666865348816,0.6666666865348816,0.6666666865348816
180,48,-13.91210651397705,10.162294387817383,0.3333333432674408,0.8333333730697632,1.0
180,49,-2.595909357070923,1.6806520223617554,0.800000011920929,1.0,1.0
180,50,-2.550546646118164,3.579679489135742,0.5,1.0,1.0
180,51,-20.034624099731445,28.193851470947266,0.3333333432674408,0.8333333730697632,0.8333333730697632
180,52,-10.368964195251465,178.48098754882812,0.5,0.5,0.5
180,53,-7.3936543464660645,11.758207321166992,0.3333333432674408,1.0,1.0
180,54,-10.173824310302734,7.650452613830566,0.6000000238418579,0.800000011920929,1.0
180,55,-11.65484619140625,18.425058364868164,0.25,0.75,1.0
180,56,-13.327330589294434,84.98233032226562,0.0,0.3333333432674408,1.0
180,57,-9.10794448852539,9.747259140014648,0.5,0.75,1.0
180,58,-18.760326385498047,519.799072265625,0.0,0.3333333432674408,0.3333333432674408
180,59,-6.698356628417969,9.325806617736816,0.6666666865348816,0.6666666865348816,1.0
180,60,-9.227215766906738,10.042277336120605,0.5,1.0,1.0
180,61,-13.394918441772461,810.3442993164062,0.0,0.5,0.5
180,62,-9.295785903930664,10.215911865234375,0.25,0.75,1.0
180,63,-5.8797287940979,18.91328239440918,0.5,0.5,1.0
180,64,-8.487913131713867,69.68301391601562,0.0,0.5,1.0
180,65,-16.352149963378906,3554.874267578125,0.0,0.0,0.5
180,66,-13.504195213317871,90.14311981201172,0.6666666865348816,0.6666666865348816,0.6666666865348816
180,67,-20.907310485839844,34670.875,0.0,0.0,0.0
180,68,-10.997644424438477,39.090576171875,0.3333333432674408,0.6666666865348816,0.6666666865348816
180,69,-10.857803344726562,227.8988037109375,0.0,0.5,1.0
180,70,-16.97649383544922,69.69464111328125,0.0,0.75,0.75
180,71,-5.902012348175049,19.125186920166016,0.5,0.5,1.0
181,0,-6.449136734008789,25.142719268798828,0.5,0.5,1.0
181,1,-4.223941802978516,8.26451301574707,0.5,1.0,1.0
181,2,-8.854835510253906,19.13677215576172,0.6666666865348816,0.6666666865348816,0.6666666865348816
181,3,-17.7867431640625,7283.53466796875,0.0,0.0,0.0
181,4,-19.921649932861328,21180.26171875,0.0,0.0,0.5
181,5,-13.369969367980957,86.19882202148438,0.3333333432674408,0.6666666865348816,0.6666666865348816
181,6,-32.34556579589844,219.4068603515625,0.5,0.6666666865348816,0.6666666865348816
181,7,-4.604780673980713,4.640986442565918,0.3333333432674408,1.0,1.0
181,8,-29.556354522705078,1618.2305908203125,0.25,0.25,0.5
181,9,-18.497365951538086,476.1765441894531,0.0,0.3333333432674408,0.6666666865348816
181,10,-12.826665878295898,24.696622848510742,0.25,0.75,1.0
181,11,-16.950485229492188,11.262716293334961,0.4285714626312256,0.8571429252624512,0.8571429252624512
181,12,-13.143009185791016,714.4439697265625,0.5,0.5,0.5
181,13,-7.71148157119751,6.87485408782959,0.75,0.75,0.75
181,14,-19.025775909423828,13533.0205078125,0.0,0.0,0.5
181,15,-10.191097259521484,29.87531280517578,0.3333333432674408,0.6666666865348816,0.6666666865348816
181,16,-5.36201286315918,14.59977912902832,0.5,0.5,1.0
181,17,-4.868600368499756,11.407833099365234,0.5,1.0,1.0
181,18,-3.4025447368621826,5.480916500091553,0.5,1.0,1.0
181,19,-7.413670539855957,11.836921691894531,0.3333333432674408,0.6666666865348816,1.0
181,20,-7.142474174499512,1264.55322265625,0.0,0.0,0.0
181,21,-25.696775436401367,380175.28125,0.0,0.0,0.0
181,22,-25.60943603515625,24.56148338317871,0.25,0.625,0.875
181,23,-10.678095817565918,208.3142852783203,0.5,0.5,0.5
181,24,-6.122857093811035,21.358047485351562,0.5,0.5,1.0
181,25,-15.731969833374023,189.4243927001953,0.0,0.3333333432674408,1.0
181,26,-4.86501407623291,11.387394905090332,0.5,1.0,1.0
181,27,-7.1135358810424805,35.04973220825195,0.0,1.0,1.0
181,28,-4.564141273498535,9.796945571899414,0.5,1.0,1.0
181,29,-9.294843673706055,104.3156967163086,0.0,0.5,1.0
181,30,-3.395339012145996,29.82476234436035,0.0,1.0,1.0
181,31,-10.128546714782715,5.409145832061768,0.5,0.8333333730697632,1.0
181,32,-2.303220510482788,2.154891014099121,0.6666666865348816,1.0,1.0
181,33,-18.132341384887695,8657.408203125,0.0,0.0,0.5
181,34,-12.455784797668457,7.972229957580566,0.6666666865348816,0.8333333730697632,1.0
181,35,-6.341302394866943,23.822994232177734,0.5,0.5,1.0
181,36,-7.5549468994140625,43.70547866821289,0.5,0.5,0.5
181,37,-11.405345916748047,4.160637378692627,0.75,0.875,1.0
181,38,-6.666133403778076,5.2937846183776855,0.75,1.0,1.0
181,39,-13.50047492980957,854.2615966796875,0.5,0.5,0.5
181,40,-16.320817947387695,3499.617431640625,0.0,0.5,0.5
181,41,-22.61264991760254,16.88762855529785,0.375,0.75,0.875
181,42,-5.817651748657227,6.953306198120117,0.3333333432674408,1.0,1.0
181,43,-12.924827575683594,25.3101863861084,0.5,0.75,1.0
181,44,-19.434999465942383,128.86300659179688,0.0,0.5,0.75
181,45,-9.755274772644043,131.32003784179688,0.0,0.5,0.5
181,46,-10.164928436279297,29.615842819213867,0.6666666865348816,0.6666666865348816,0.6666666865348816
181,47,-9.413413047790527,23.053192138671875,0.6666666865348816,0.6666666865348816,0.6666666865348816
181,48,-13.98372745513916,10.284329414367676,0.3333333432674408,0.6666666865348816,1.0
181,49,-2.5999011993408203,1.6819944381713867,0.800000011920929,1.0,1.0
181,50,-2.544985771179199,3.5697405338287354,0.5,1.0,1.0
181,51,-20.103904724121094,28.52128791809082,0.3333333432674408,0.8333333730697632,0.8333333730697632
181,52,-10.33856201171875,175.78839111328125,0.5,0.5,0.5
181,53,-7.44265079498291,11.951820373535156,0.3333333432674408,1.0,1.0
181,54,-10.166363716125488,7.639046669006348,0.6000000238418579,0.800000011920929,1.0
181,55,-11.652409553527832,18.413837432861328,0.25,0.75,1.0
181,56,-13.257919311523438,83.03865814208984,0.0,0.3333333432674408,1.0
181,57,-9.12391185760498,9.786246299743652,0.5,0.75,1.0
181,58,-18.72467803955078,513.658935546875,0.0,0.3333333432674408,0.3333333432674408
181,59,-6.722062587738037,9.399791717529297,0.6666666865348816,0.6666666865348816,1.0
181,60,-9.21714973449707,10.017037391662598,0.5,1.0,1.0
181,61,-13.419326782226562,820.2944946289062,0.0,0.5,0.5
181,62,-9.27252197265625,10.156668663024902,0.25,0.75,1.0
181,63,-5.939952373504639,19.491455078125,0.5,0.5,1.0
181,64,-8.446779251098633,68.26448822021484,0.0,0.5,1.0
181,65,-16.372074127197266,3590.465576171875,0.0,0.0,0.5
181,66,-13.427175521850586,87.85829162597656,0.6666666865348816,0.6666666865348816,0.6666666865348816
181,67,-20.894855499267578,34455.6328125,0.0,0.0,0.0
181,68,-11.048839569091797,39.76338195800781,0.3333333432674408,0.6666666865348816,0.6666666865348816
181,69,-10.905406951904297,233.38827514648438,0.0,0.5,1.0
181,70,-17.020606994628906,70.4675064086914,0.0,0.5,0.75
181,71,-5.796426773071289,18.141704559326172,0.5,0.5,1.0
182,0,-6.497170925140381,25.75388526916504,0.5,0.5,1.0
182,1,-4.246364593505859,8.357691764831543,0.5,1.0,1.0
182,2,-8.85861587524414,19.160905838012695,0.6666666865348816,0.6666666865348816,0.6666666865348816
182,3,-17.681625366210938,6910.6064453125,0.0,0.0,0.0
182,4,-19.970264434814453,21701.40234375,0.0,0.0,0.5
182,5,-13.396623611450195,86.96809387207031,0.3333333432674408,0.6666666865348816,0.6666666865348816
182,6,-32.522193908691406,225.96176147460938,0.5,0.6666666865348816,0.6666666865348816
182,7,-4.654478073120117,4.718508243560791,0.3333333432674408,1.0,1.0
182,8,-29.59600830078125,1634.3526611328125,0.25,0.25,0.5
182,9,-18.454591751098633,469.4354248046875,0.0,0.3333333432674408,0.6666666865348816
182,10,-12.74436092376709,24.19365119934082,0.25,0.75,1.0
182,11,-16.936946868896484,11.240954399108887,0.4285714626312256,0.8571429252624512,0.8571429252624512
182,12,-13.025821685791016,673.7848510742188,0.5,0.5,0.5
182,13,-7.729912281036377,6.906604290008545,0.75,0.75,0.75
182,14,-19.040313720703125,13631.7490234375,0.0,0.0,0.5
182,15,-10.162161827087402,29.588544845581055,0.3333333432674408,0.6666666865348816,0.6666666865348816
182,16,-5.388781547546387,14.796501159667969,0.5,0.5,1.0
182,17,-4.862812042236328,11.374863624572754,0.5,1.0,1.0
182,18,-3.409749746322632,5.500697612762451,0.5,1.0,1.0
182,19,-7.378129482269287,11.697517395019531,0.3333333432674408,0.6666666865348816,1.0
182,20,-7.182673931121826,1316.423583984375,0.0,0.0,0.0
182,21,-25.674758911132812,376013.1875,0.0,0.0,0.0
182,22,-25.535871505737305,24.33666229248047,0.25,0.625,0.875
182,23,-10.64855670928955,205.26019287109375,0.5,0.5,0.5
182,24,-6.17311429977417,21.90154457092285,0.5,0.5,1.0
182,25,-15.853470802307129,197.2535858154297,0.0,0.3333333432674408,1.0
182,26,-4.834076881408691,11.212603569030762,0.5,1.0,1.0
182,27,-7.138245582580566,35.485450744628906,0.0,1.0,1.0
182,28,-4.579334259033203,9.871650695800781,0.5,1.0,1.0
182,29,-9.382461547851562,108.98723602294922,0.0,0.5,1.0
182,30,-3.423442840576172,30.674840927124023,0.0,1.0,1.0
182,31,-10.159910202026367,5.437494277954102,0.5,0.8333333730697632,1.0
182,32,-2.353335380554199,2.191190719604492,0.6666666865348816,1.0,1.0
182,33,-18.141773223876953,8698.3330078125,0.0,0.0,0.5
182,34,-12.581433296203613,8.140938758850098,0.6666666865348816,0.8333333730697632,1.0
182,35,-6.257688999176025,22.847564697265625,0.5,0.5,1.0
182,36,-7.629979133605957,45.37628173828125,0.5,0.5,0.5
182,37,-11.354559898376465,4.134307861328125,0.75,0.875,1.0
182,38,-6.628161430358887,5.243768215179443,0.75,1.0,1.0
182,39,-13.525936126708984,865.2063598632812,0.5,0.5,0.5
182,40,-16.37923240661621,3603.339111328125,0.0,0.5,0.5
182,41,-22.512409210205078,16.677343368530273,0.375,0.75,0.875
182,42,-5.796456813812256,6.904354572296143,0.3333333432674408,1.0,1.0
182,43,-12.705791473388672,23.96148681640625,0.5,0.75,1.0
182,44,-19.4291934967041,128.6761016845703,0.0,0.5,0.75
182,45,-9.695455551147461,127.4504623413086,0.0,0.5,0.5
182,46,-10.423957824707031,32.2866096496582,0.6666666865348816,0.6666666865348816,0.6666666865348816
182,47,-9.382782936096191,22.81901741027832,0.6666666865348816,0.6666666865348816,0.6666666865348816
182,48,-13.957653999328613,10.239734649658203,0.3333333432674408,0.8333333730697632,1.0
182,49,-2.5521183013916016,1.6659969091415405,0.800000011920929,1.0,1.0
182,50,-2.531609058380127,3.5459442138671875,0.5,1.0,1.0
182,51,-20.091869354248047,28.46413803100586,0.3333333432674408,0.8333333730697632,0.8333333730697632
182,52,-10.4052095413208,181.7450408935547,0.5,0.5,0.5
182,53,-7.278743743896484,11.316341400146484,0.3333333432674408,1.0,1.0
182,54,-10.199872970581055,7.690414905548096,0.6000000238418579,0.800000011920929,1.0
182,55,-11.732778549194336,18.787553787231445,0.25,0.75,1.0
182,56,-13.13958740234375,79.82704162597656,0.0,0.3333333432674408,1.0
182,57,-9.076545715332031,9.671045303344727,0.5,0.75,1.0
182,58,-18.708011627197266,510.81317138671875,0.0,0.3333333432674408,0.3333333432674408
182,59,-6.66301155090332,9.216577529907227,0.6666666865348816,0.6666666865348816,1.0
182,60,-9.104859352111816,9.739744186401367,0.5,1.0,1.0
182,61,-13.33629035949707,786.9346313476562,0.0,0.5,0.5
182,62,-9.187336921691895,9.942656517028809,0.25,0.75,1.0
182,63,-5.909110069274902,19.193180084228516,0.5,0.5,1.0
182,64,-8.529585838317871,71.15018463134766,0.0,0.5,1.0
182,65,-16.300565719604492,3464.35888671875,0.0,0.0,0.5
182,66,-13.565387725830078,92.00066375732422,0.6666666865348816,0.6666666865348816,0.6666666865348816
182,67,-20.968326568603516,35744.91796875,0.0,0.0,0.0
182,68,-10.910258293151855,37.968345642089844,0.3333333432674408,0.6666666865348816,0.6666666865348816
182,69,-10.835931777954102,225.42013549804688,0.0,0.5,1.0
182,70,-16.999183654785156,70.09110260009766,0.0,0.75,0.75
182,71,-5.875779628753662,18.875972747802734,0.5,0.5,1.0
183,0,-6.526376247406006,26.13271713256836,0.5,0.5,1.0
183,1,-4.204950332641602,8.186408042907715,0.5,1.0,1.0
183,2,-8.835855484008789,19.016082763671875,0.6666666865348816,0.6666666865348816,0.6666666865348816
183,3,-17.7811279296875,7263.1142578125,0.0,0.0,0.0
183,4,-19.708106994628906,19035.359375,0.0,0.0,0.5
183,5,-13.385729789733887,86.65283966064453,0.3333333432674408,0.6666666865348816,0.6666666865348816
183,6,-32.47498321533203,224.1907196044922,0.5,0.6666666865348816,0.6666666865348816
183,7,-4.50119686126709,4.483477592468262,0.3333333432674408,1.0,1.0
183,8,-29.59925651550293,1635.6802978515625,0.25,0.25,0.5
183,9,-18.511016845703125,478.3482971191406,0.0,0.3333333432674408,0.6666666865348816
183,10,-12.828962326049805,24.710803985595703,0.25,0.75,1.0
183,11,-16.865690231323242,11.127106666564941,0.4285714626312256,0.8571429252624512,0.8571429252624512
183,12,-13.001707077026367,665.7095947265625,0.5,0.5,0.5
183,13,-7.6885857582092285,6.835615158081055,0.75,0.75,0.75
183,14,-19.012142181396484,13441.0810546875,0.0,0.0,0.5
183,15,-10.189102172851562,29.85544776916504,0.3333333432674408,0.6666666865348816,0.6666666865348816
183,16,-5.387332439422607,14.785784721374512,0.5,0.5,1.0
183,17,-4.907736778259277,11.633262634277344,0.5,1.0,1.0
183,18,-3.396987199783325,5.465707778930664,0.5,1.0,1.0
183,19,-7.449489116668701,11.979095458984375,0.3333333432674408,0.6666666865348816,1.0
183,20,-7.168423652648926,1297.7972412109375,0.0,0.0,0.0
183,21,-25.714075088500977,383478.0,0.0,0.0,0.0
183,22,-25.485122680664062,24.182767868041992,0.25,0.625,0.875
183,23,-10.694234848022461,210.0020751953125,0.5,0.5,0.5
183,24,-6.1496148109436035,21.645713806152344,0.5,0.5,1.0
183,25,-15.83533000946045,196.06443786621094,0.0,0.3333333432674408,1.0
183,26,-4.868385314941406,11.406606674194336,0.5,1.0,1.0
183,27,-7.069916725158691,34.29358673095703,0.0,1.0,1.0
183,28,-4.581952095031738,9.884580612182617,0.5,1.0,1.0
183,29,-9.268583297729492,102.95496368408203,0.0,0.5,1.0
183,30,-3.3790369033813477,29.342496871948242,0.0,1.0,1.0
183,31,-10.267271041870117,5.535665512084961,0.5,0.8333333730697632,1.0
183,32,-2.278571844100952,2.137258291244507,0.6666666865348816,1.0,1.0
183,33,-18.20973777770996,8999.001953125,0.0,0.0,0.5
183,34,-12.510551452636719,8.045330047607422,0.6666666865348816,0.8333333730697632,1.0
183,35,-6.262866020202637,22.906782150268555,0.5,0.5,1.0
183,36,-7.654296398162842,45.931365966796875,0.5,0.5,0.5
183,37,-11.450507164001465,4.1841912269592285,0.75,0.875,1.0
183,38,-6.765361309051514,5.426749229431152,0.75,1.0,1.0
183,39,-13.465252876281738,839.348876953125,0.5,0.5,0.5
183,40,-16.34511375427246,3542.39013671875,0.0,0.5,0.5
183,41,-22.59275245666504,16.845678329467773,0.375,0.75,0.875
183,42,-5.815792083740234,6.948997497558594,0.3333333432674408,1.0,1.0
183,43,-12.942996978759766,25.425413131713867,0.5,0.75,1.0
183,44,-19.336328506469727,125.72313690185547,0.0,0.5,0.75
183,45,-9.778624534606934,132.86216735839844,0.0,0.5,0.5
183,46,-10.011992454528809,28.143903732299805,0.6666666865348816,0.6666666865348816,0.6666666865348816
183,47,-9.428160667419434,23.166799545288086,0.6666666865348816,0.6666666865348816,0.6666666865348816
183,48,-13.863114356994629,10.079654693603516,0.3333333432674408,0.8333333730697632,1.0
183,49,-2.6613869667053223,1.7028058767318726,0.800000011920929,1.0,1.0
183,50,-2.5321149826049805,3.546841621398926,0.5,1.0,1.0
183,51,-20.060020446777344,28.313446044921875,0.3333333432674408,0.8333333730697632,0.8333333730697632
183,52,-10.338010787963867,175.73995971679688,0.5,0.5,0.5
183,53,-7.320685863494873,11.475665092468262,0.3333333432674408,1.0,1.0
183,54,-10.163532257080078,7.634721755981445,0.6000000238418579,0.800000011920929,1.0
183,55,-11.762505531311035,18.927698135375977,0.25,0.75,1.0
183,56,-13.291961669921875,83.986328125,0.0,0.3333333432674408,1.0
183,57,-9.133260726928711,9.8091459274292,0.5,0.75,1.0
183,58,-18.629119873046875,497.5553283691406,0.0,0.3333333432674408,0.3333333432674408
183,59,-6.662981033325195,9.216485023498535,0.6666666865348816,0.6666666865348816,1.0
183,60,-9.07949447631836,9.678176879882812,0.5,1.0,1.0
183,61,-13.253057479858398,754.8573608398438,0.0,0.5,0.5
183,62,-9.165007591247559,9.887307167053223,0.25,0.75,1.0
183,63,-5.852282524108887,18.655506134033203,0.5,0.5,1.0
183,64,-8.455514907836914,68.56330108642578,0.0,0.5,1.0
183,65,-16.364789962768555,3577.412353515625,0.0,0.0,0.5
183,66,-13.460524559020996,88.84040832519531,0.6666666865348816,0.6666666865348816,0.6666666865348816
183,67,-20.82520294189453,33276.32421875,0.0,0.0,0.0
183,68,-11.02920913696289,39.50404357910156,0.3333333432674408,0.6666666865348816,0.6666666865348816
183,69,-10.896156311035156,232.311279296875,0.0,0.5,1.0
183,70,-17.104793548583984,71.9663314819336,0.0,0.75,0.75
183,71,-5.868422031402588,18.806657791137695,0.5,0.5,1.0
184,0,-6.536962509155273,26.27140998840332,0.5,0.5,1.0
184,1,-4.170727252960205,8.047517776489258,0.5,1.0,1.0
184,2,-8.839001655578613,19.03603744506836,0.6666666865348816,0.6666666865348816,0.6666666865348816
184,3,-17.788108825683594,7288.51025390625,0.0,0.0,0.0
184,4,-19.888763427734375,20834.8359375,0.0,0.0,0.5
184,5,-13.413325309753418,87.45360565185547,0.3333333432674408,0.6666666865348816,0.6666666865348816
184,6,-32.517433166503906,225.7825469970703,0.5,0.6666666865348816,0.6666666865348816
184,7,-4.607990264892578,4.645954608917236,0.3333333432674408,1.0,1.0
184,8,-29.521665573120117,1604.257568359375,0.25,0.25,0.5
184,9,-18.34796142578125,453.0431213378906,0.0,0.3333333432674408,0.6666666865348816
184,10,-12.853889465332031,24.865278244018555,0.25,0.75,1.0
184,11,-16.924514770507812,11.221009254455566,0.4285714626312256,0.8571429252624512,0.8571429252624512
184,12,-13.094980239868164,697.4913330078125,0.5,0.5,0.5
184,13,-7.738879680633545,6.922105312347412,0.75,0.75,0.75
184,14,-19.03367805480957,13586.5966796875,0.0,0.0,0.5
184,15,-10.208553314208984,30.049652099609375,0.3333333432674408,0.6666666865348816,0.6666666865348816
184,16,-5.40992546081543,14.95375919342041,0.5,0.5,1.0
184,17,-4.890191078186035,11.531652450561523,0.5,1.0,1.0
184,18,-3.353724956512451,5.348747730255127,0.5,1.0,1.0
184,19,-7.432283878326416,11.910590171813965,0.3333333432674408,0.6666666865348816,1.0
184,20,-7.189362525939941,1325.2581787109375,0.0,0.0,0.0
184,21,-25.682376861572266,377448.15625,0.0,0.0,0.0
184,22,-25.630638122558594,24.626663208007812,0.25,0.625,0.875
184,23,-10.652449607849121,205.6601104736328,0.5,0.5,0.5
184,24,-6.175422668457031,21.926836013793945,0.5,0.5,1.0
184,25,-15.889365196228027,199.6278533935547,0.0,0.3333333432674408,1.0
184,26,-4.850039005279541,11.302449226379395,0.5,1.0,1.0
184,27,-7.101747035980225,34.8437385559082,0.0,1.0,1.0
184,28,-4.545811653137207,9.707569122314453,0.5,1.0,1.0
184,29,-9.28907585144043,104.01529693603516,0.0,0.5,1.0
184,30,-3.3948814868927,29.811119079589844,0.0,1.0,1.0
184,31,-10.214853286743164,5.487515449523926,0.5,0.8333333730697632,1.0
184,32,-2.319305181503296,2.166475772857666,0.6666666865348816,1.0,1.0
184,33,-18.162139892578125,8787.36328125,0.0,0.0,0.5
184,34,-12.507957458496094,8.041853904724121,0.6666666865348816,0.8333333730697632,1.0
184,35,-6.281796455383301,23.1246280670166,0.5,0.5,1.0
184,36,-7.534738063812256,43.266082763671875,0.5,0.5,0.5
184,37,-11.402158737182617,4.158979892730713,0.75,0.875,1.0
184,38,-6.745394229888916,5.399727821350098,0.75,1.0,1.0
184,39,-13.598981857299805,897.3903198242188,0.5,0.5,0.5
184,40,-16.27979278564453,3428.562744140625,0.0,0.5,0.5
184,41,-22.502765655517578,16.65725326538086,0.375,0.75,0.875
184,42,-5.7565388679504395,6.813093185424805,0.3333333432674408,1.0,1.0
184,43,-12.850168228149414,24.84215545654297,0.5,0.75,1.0
184,44,-19.523319244384766,131.73992919921875,0.0,0.5,0.75
184,45,-9.755694389343262,131.34759521484375,0.0,0.5,0.5
184,46,-10.225667953491211,30.221572875976562,0.6666666865348816,0.6666666865348816,0.6666666865348816
184,47,-9.395041465759277,22.912450790405273,0.6666666865348816,0.6666666865348816,0.6666666865348816
184,48,-13.971891403198242,10.264060974121094,0.3333333432674408,0.6666666865348816,1.0
184,49,-2.575714349746704,1.6738775968551636,0.800000011920929,1.0,1.0
184,50,-2.544018507003784,3.56801438331604,0.5,1.0,1.0
184,51,-20.037321090698242,28.206531524658203,0.3333333432674408,0.8333333730697632,0.8333333730697632
184,52,-10.400752067565918,181.34042358398438,0.5,0.5,0.5
184,53,-7.388219356536865,11.736923217773438,0.3333333432674408,1.0,1.0
184,54,-10.068065643310547,7.49033260345459,0.6000000238418579,0.800000011920929,1.0
184,55,-11.63953685760498,18.35467529296875,0.25,0.75,1.0
184,56,-13.239578247070312,82.53255462646484,0.0,0.3333333432674408,1.0
184,57,-9.140033721923828,9.825769424438477,0.5,0.75,1.0
184,58,-18.739471435546875,516.1980590820312,0.0,0.3333333432674408,0.3333333432674408
184,59,-6.691641330718994,9.304956436157227,0.6666666865348816,0.6666666865348816,1.0
184,60,-9.216102600097656,10.014415740966797,0.5,1.0,1.0
184,61,-13.387913703918457,807.5111083984375,0.0,0.5,0.5
184,62,-9.200247764587402,9.974800109863281,0.25,0.75,1.0
184,63,-5.88008451461792,18.916645050048828,0.5,0.5,1.0
184,64,-8.48591423034668,69.6134033203125,0.0,0.5,1.0
184,65,-16.393482208251953,3629.104248046875,0.0,0.0,0.5
184,66,-13.532258987426758,90.99032592773438,0.6666666865348816,0.6666666865348816,0.6666666865348816
184,67,-20.998844146728516,36294.5234375,0.0,0.0,0.0
184,68,-10.978785514831543,38.845619201660156,0.3333333432674408,0.6666666865348816,0.6666666865348816
184,69,-10.90523910522461,233.36868286132812,0.0,0.5,1.0
184,70,-17.000085830688477,70.10691833496094,0.0,0.75,0.75
184,71,-5.853400707244873,18.665937423706055,0.5,0.5,1.0
185,0,-6.473918914794922,25.45620346069336,0.5,0.5,1.0
185,1,-4.242070198059082,8.339765548706055,0.5,1.0,1.0
185,2,-8.894075393676758,19.38872718811035,0.6666666865348816,0.6666666865348816,0.6666666865348816
185,3,-17.658855438232422,6832.37548828125,0.0,0.0,0.0
185,4,-19.911123275756836,21069.076171875,0.0,0.0,0.5
185,5,-13.378185272216797,86.43519592285156,0.3333333432674408,0.6666666865348816,0.6666666865348816
185,6,-32.434783935546875,222.69374084472656,0.5,0.6666666865348816,0.6666666865348816
185,7,-4.57640266418457,4.597292423248291,0.3333333432674408,1.0,1.0
185,8,-29.64133644104004,1652.9783935546875,0.25,0.25,0.5
185,9,-18.431915283203125,465.9004211425781,0.0,0.3333333432674408,0.6666666865348816
185,10,-12.780487060546875,24.413145065307617,0.25,0.75,1.0
185,11,-16.92916488647461,11.228464126586914,0.4285714626312256,0.8571429252624512,0.8571429252624512
185,12,-12.982195854187012,659.2467651367188,0.5,0.5,0.5
185,13,-7.691828727722168,6.841158866882324,0.75,0.75,0.75
185,14,-18.999958038330078,13359.4462890625,0.0,0.0,0.5
185,15,-10.178257942199707,29.747726440429688,0.3333333432674408,0.6666666865348816,0.6666666865348816
185,16,-5.389497756958008,14.801800727844238,0.5,0.5,1.0
185,17,-4.835409164428711,11.220075607299805,0.5,1.0,1.0
185,18,-3.412928819656372,5.509448051452637,0.5,1.0,1.0
185,19,-7.354635715484619,11.606266975402832,0.3333333432674408,0.6666666865348816,1.0
185,20,-7.157904624938965,1284.21728515625,0.0,0.0,0.0
185,21,-25.56540870666504,356006.53125,0.0,0.0,0.0
185,22,-25.715312957763672,24.88870620727539,0.25,0.625,0.875
185,23,-10.61540699005127,201.88607788085938,0.5,0.5,0.5
185,24,-6.199635982513428,22.193912506103516,0.5,0.5,1.0
185,25,-15.890654563903809,199.71372985839844,0.0,0.3333333432674408,1.0
185,26,-4.913712978363037,11.668075561523438,0.5,1.0,1.0
185,27,-7.103248596191406,34.86990737915039,0.0,1.0,1.0
185,28,-4.579495429992676,9.87244701385498,0.5,1.0,1.0
185,29,-9.344141006469727,106.91889190673828,0.0,0.5,1.0
185,30,-3.4164209365844727,30.460201263427734,0.0,1.0,1.0
185,31,-10.044668197631836,5.334053039550781,0.5,0.8333333730697632,1.0
185,32,-2.331493377685547,2.175295352935791,0.6666666865348816,1.0,1.0
185,33,-18.044147491455078,8283.9375,0.0,0.0,0.5
185,34,-12.452856063842773,7.9683380126953125,0.6666666865348816,0.8333333730697632,1.0
185,35,-6.321156024932861,23.584224700927734,0.5,0.5,1.0
185,36,-7.5221757888793945,42.995174407958984,0.5,0.5,0.5
185,37,-11.396401405334473,4.155987739562988,0.75,0.875,1.0
185,38,-6.741205215454102,5.394075870513916,0.75,1.0,1.0
185,39,-13.480310440063477,845.6919555664062,0.5,0.5,0.5
185,40,-16.31949806213379,3497.30859375,0.0,0.5,0.5
185,41,-22.470361709594727,16.58991813659668,0.375,0.75,0.875
185,42,-5.841742992401123,7.009368896484375,0.3333333432674408,1.0,1.0
185,43,-12.859979629516602,24.903165817260742,0.5,0.75,1.0
185,44,-19.427202224731445,128.612060546875,0.0,0.5,0.75
185,45,-9.704755783081055,128.0445098876953,0.0,0.5,0.5
185,46,-10.098148345947266,28.96388053894043,0.6666666865348816,0.6666666865348816,0.6666666865348816
185,47,-9.376175880432129,22.768817901611328,0.6666666865348816,0.6666666865348816,0.6666666865348816
185,48,-13.955730438232422,10.236454010009766,0.3333333432674408,0.8333333730697632,1.0
185,49,-2.7002899646759033,1.7161065340042114,0.800000011920929,1.0,1.0
185,50,-2.52797269821167,3.5395028591156006,0.5,1.0,1.0
185,51,-20.087400436401367,28.442947387695312,0.3333333432674408,0.6666666865348816,0.8333333730697632
185,52,-10.33907699584961,175.83367919921875,0.5,0.5,0.5
185,53,-7.4043965339660645,11.800386428833008,0.3333333432674408,1.0,1.0
185,54,-10.211331367492676,7.708058834075928,0.6000000238418579,0.800000011920929,1.0
185,55,-11.792091369628906,19.06821632385254,0.25,0.75,1.0
185,56,-13.253185272216797,82.90774536132812,0.0,0.3333333432674408,1.0
185,57,-9.117938995361328,9.771644592285156,0.5,0.75,1.0
185,58,-18.740116119384766,516.30908203125,0.0,0.3333333432674408,0.3333333432674408
185,59,-6.673857688903809,9.249958992004395,0.6666666865348816,0.6666666865348816,1.0
185,60,-9.25408935546875,10.109972953796387,0.5,1.0,1.0
185,61,-13.353324890136719,793.665771484375,0.0,0.5,0.5
185,62,-9.213400840759277,10.007654190063477,0.25,0.75,1.0
185,63,-5.880576133728027,18.921295166015625,0.5,0.5,1.0
185,64,-8.473129272460938,69.16981506347656,0.0,0.5,1.0
185,65,-16.342252731323242,3537.326171875,0.0,0.0,0.5
185,66,-13.517620086669922,90.54737091064453,0.6666666865348816,0.6666666865348816,0.6666666865348816
185,67,-20.851490020751953,33716.58203125,0.0,0.0,0.0
185,68,-10.967391014099121,38.6983528137207,0.3333333432674408,0.6666666865348816,0.6666666865348816
185,69,-10.91269302368164,234.2400665283203,0.0,0.5,1.0
185,70,-17.009214401245117,70.26709747314453,0.0,0.5,0.75
185,71,-5.872096061706543,18.841238021850586,0.5,0.5,1.0
186,0,-6.5595598220825195,26.56992530822754,0.5,0.5,1.0
186,1,-4.227678298950195,8.27996826171875,0.5,1.0,1.0
186,2,-8.905904769897461,19.465328216552734,0.6666666865348816,0.6666666865348816,0.6666666865348816
186,3,-17.678871154785156,6901.0966796875,0.0,0.0,0.0
186,4,-19.718143463134766,19131.123046875,0.0,0.0,0.5
186,5,-13.43021011352539,87.94718933105469,0.3333333432674408,0.6666666865348816,0.6666666865348816
186,6,-32.42215347290039,222.2254180908203,0.5,0.6666666865348816,0.6666666865348816
186,7,-4.506077289581299,4.490777015686035,0.3333333432674408,1.0,1.0
186,8,-29.589841842651367,1631.8350830078125,0.25,0.25,0.5
186,9,-18.27291488647461,441.8504638671875,0.0,0.3333333432674408,0.6666666865348816
186,10,-12.811847686767578,24.605302810668945,0.25,0.75,1.0
186,11,-16.946365356445312,11.256091117858887,0.4285714626312256,0.8571429252624512,0.8571429252624512
186,12,-12.94919204711914,648.4572143554688,0.5,0.5,0.5
186,13,-7.693413734436035,6.843870639801025,0.75,0.75,0.75
186,14,-19.045507431030273,13667.1953125,0.0,0.0,0.0
186,15,-10.249703407287598,30.46467399597168,0.3333333432674408,0.6666666865348816,0.6666666865348816
186,16,-5.419966697692871,15.02902603149414,0.5,0.5,1.0
186,17,-4.917564392089844,11.690567016601562,0.5,1.0,1.0
186,18,-3.346397638320923,5.329187870025635,0.5,1.0,1.0
186,19,-7.392917633056641,11.755319595336914,0.3333333432674408,0.6666666865348816,1.0
186,20,-7.136938095092773,1257.572021484375,0.0,0.0,0.0
186,21,-25.70079803466797,380940.6875,0.0,0.0,0.0
186,22,-25.43372344970703,24.027894973754883,0.25,0.625,0.875
186,23,-10.68680477142334,209.22335815429688,0.5,0.5,0.5
186,24,-6.196023464202881,22.153860092163086,0.5,0.5,1.0
186,25,-15.872407913208008,198.50265502929688,0.0,0.3333333432674408,1.0
186,26,-4.8274946212768555,11.175761222839355,0.5,1.0,1.0
186,27,-7.089641094207764,34.63347244262695,0.0,1.0,1.0
186,28,-4.542782306671143,9.692875862121582,0.5,1.0,1.0
186,29,-9.362348556518555,107.89669799804688,0.0,0.5,1.0
186,30,-3.4212236404418945,30.606843948364258,0.0,1.0,1.0
186,31,-10.179521560668945,5.455296516418457,0.5,0.8333333730697632,1.0
186,32,-2.2820911407470703,2.1397671699523926,0.6666666865348816,1.0,1.0
186,33,-18.072784423828125,8403.404296875,0.0,0.0,0.5
186,34,-12.432000160217285,7.940688610076904,0.6666666865348816,0.8333333730697632,1.0
186,35,-6.379377841949463,24.280872344970703,0.5,0.5,1.0
186,36,-7.562229633331299,43.86491394042969,0.5,0.5,0.5
186,37,-11.490095138549805,4.2049479484558105,0.75,0.875,1.0
186,38,-6.744462013244629,5.398469924926758,0.75,1.0,1.0
186,39,-13.502063751220703,854.9404907226562,0.5,0.5,0.5
186,40,-16.305387496948242,3472.72119140625,0.0,0.5,0.5
186,41,-22.46245002746582,16.573518753051758,0.375,0.75,0.875
186,42,-5.782653331756592,6.872660160064697,0.3333333432674408,1.0,1.0
186,43,-12.778338432312012,24.40003776550293,0.5,0.75,1.0
186,44,-19.48151969909668,130.3704376220703,0.0,0.5,0.75
186,45,-9.737515449523926,130.15911865234375,0.0,0.5,0.5
186,46,-10.210572242736816,30.06988525390625,0.6666666865348816,0.6666666865348816,0.6666666865348816
186,47,-9.443940162658691,23.288972854614258,0.6666666865348816,0.6666666865348816,0.6666666865348816
186,48,-13.939948081970215,10.209561347961426,0.3333333432674408,0.6666666865348816,1.0
186,49,-2.634429931640625,1.6936500072479248,0.800000011920929,1.0,1.0
186,50,-2.5428528785705566,3.5659356117248535,0.5,1.0,1.0
186,51,-20.115989685058594,28.578794479370117,0.3333333432674408,0.8333333730697632,0.8333333730697632
186,52,-10.345619201660156,176.40977478027344,0.5,0.5,0.5
186,53,-7.428072929382324,11.893884658813477,0.3333333432674408,1.0,1.0
186,54,-10.135371208190918,7.5918426513671875,0.6000000238418579,0.800000011920929,1.0
186,55,-11.665872573852539,18.475919723510742,0.25,0.75,1.0
186,56,-13.127250671386719,79.49945068359375,0.0,0.3333333432674408,1.0
186,57,-9.135729789733887,9.815202713012695,0.5,0.75,1.0
186,58,-18.638973236083984,499.1922302246094,0.0,0.3333333432674408,0.3333333432674408
186,59,-6.673205852508545,9.247950553894043,0.6666666865348816,0.6666666865348816,1.0
186,60,-9.100028991699219,9.727989196777344,0.5,1.0,1.0
186,61,-13.35019302368164,792.4239501953125,0.0,0.5,0.5
186,62,-9.147602081298828,9.844377517700195,0.25,0.75,1.0
186,63,-5.896670818328857,19.074176788330078,0.5,0.5,1.0
186,64,-8.37598705291748,65.89044952392578,0.0,0.5,1.0
186,65,-16.316513061523438,3492.093017578125,0.0,0.0,0.5
186,66,-13.591307640075684,92.79901885986328,0.6666666865348816,0.6666666865348816,0.6666666865348816
186,67,-20.906982421875,34665.1875,0.0,0.0,0.0
186,68,-10.9512357711792,38.49051284790039,0.3333333432674408,0.6666666865348816,0.6666666865348816
186,69,-10.903276443481445,233.13978576660156,0.0,0.5,1.0
186,70,-16.9752197265625,69.67244720458984,0.0,0.75,0.75
186,71,-5.8595452308654785,18.723371505737305,0.5,0.5,1.0
187,0,-6.535104751586914,26.24701690673828,0.5,0.5,1.0
187,1,-4.225188255310059,8.269665718078613,0.5,1.0,1.0
187,2,-8.944490432739258,19.717308044433594,0.6666666865348816,0.6666666865348816,0.6666666865348816
187,3,-17.771934509277344,7229.80419921875,0.0,0.0,0.0
187,4,-19.702728271484375,18984.234375,0.0,0.0,0.5
187,5,-13.412677764892578,87.4347152709961,0.3333333432674408,0.6666666865348816,0.6666666865348816
187,6,-32.52798080444336,226.17974853515625,0.5,0.6666666865348816,0.6666666865348816
187,7,-4.52405309677124,4.517765998840332,0.3333333432674408,1.0,1.0
187,8,-29.610660552978516,1640.350341796875,0.25,0.25,0.5
187,9,-18.50980567932129,478.1551208496094,0.0,0.3333333432674408,0.6666666865348816
187,10,-12.76871109008789,24.341381072998047,0.25,0.75,1.0
187,11,-16.90238380432129,11.185590744018555,0.4285714626312256,0.8571429252624512,0.8571429252624512
187,12,-12.98233699798584,659.2933349609375,0.5,0.5,0.5
187,13,-7.705064296722412,6.863833427429199,0.75,0.75,0.75
187,14,-19.014873504638672,13459.4501953125,0.0,0.0,0.5
187,15,-10.109000205993652,29.06884002685547,0.3333333432674408,0.6666666865348816,0.6666666865348816
187,16,-5.413734436035156,14.98226547241211,0.5,0.5,1.0
187,17,-4.763516902923584,10.823919296264648,0.5,1.0,1.0
187,18,-3.4019739627838135,5.479352951049805,0.5,1.0,1.0
187,19,-7.365470886230469,11.648262977600098,0.3333333432674408,0.6666666865348816,1.0
187,20,-7.138559341430664,1259.6124267578125,0.0,0.0,0.0
187,21,-25.682720184326172,377512.9375,0.0,0.0,0.0
187,22,-25.472610473632812,24.144975662231445,0.25,0.625,0.875
187,23,-10.665486335754395,207.0050506591797,0.5,0.5,0.5
187,24,-6.150371074676514,21.653900146484375,0.5,0.5,1.0
187,25,-15.852167129516602,197.1679229736328,0.0,0.3333333432674408,1.0
187,26,-4.834453105926514,11.214713096618652,0.5,1.0,1.0
187,27,-7.153594017028809,35.75882339477539,0.0,1.0,1.0
187,28,-4.545562744140625,9.70635986328125,0.5,1.0,1.0
187,29,-9.34104061126709,106.75328063964844,0.0,0.5,1.0
187,30,-3.4451019763946533,31.346481323242188,0.0,1.0,1.0
187,31,-10.17428970336914,5.450541019439697,0.5,0.8333333730697632,1.0
187,32,-2.3355214595794678,2.178218126296997,0.6666666865348816,1.0,1.0
187,33,-18.09945297241211,8516.2080078125,0.0,0.0,0.5
187,34,-12.620342254638672,8.193903923034668,0.6666666865348816,0.8333333730697632,1.0
187,35,-6.3541412353515625,23.976415634155273,0.5,0.5,1.0
187,36,-7.677653789520264,46.47092819213867,0.5,0.5,0.5
187,37,-11.35489273071289,4.134479999542236,0.75,0.875,1.0
187,38,-6.736856460571289,5.388215065002441,0.75,1.0,1.0
187,39,-13.471077919006348,841.797119140625,0.5,0.5,0.5
187,40,-16.332658767700195,3520.398193359375,0.0,0.5,0.5
187,41,-22.518239974975586,16.689504623413086,0.375,0.75,0.875
187,42,-5.768872261047363,6.841160774230957,0.3333333432674408,1.0,1.0
187,43,-12.87818717956543,25.01677894592285,0.5,0.75,1.0
187,44,-19.371898651123047,126.84611511230469,0.0,0.5,0.75
187,45,-9.75688362121582,131.42572021484375,0.0,0.5,0.5
187,46,-10.28178596496582,30.792221069335938,0.6666666865348816,0.6666666865348816,0.6666666865348816
187,47,-9.38226318359375,22.815067291259766,0.6666666865348816,0.6666666865348816,0.6666666865348816
187,48,-13.865191459655762,10.083144187927246,0.3333333432674408,0.6666666865348816,1.0
187,49,-2.5776257514953613,1.6745176315307617,0.800000011920929,1.0,1.0
187,50,-2.5407636165618896,3.5622122287750244,0.5,1.0,1.0
187,51,-20.118072509765625,28.588716506958008,0.3333333432674408,0.8333333730697632,0.8333333730697632
187,52,-10.325188636779785,174.61688232421875,0.5,0.5,0.5
187,53,-7.435169696807861,11.922054290771484,0.3333333432674408,1.0,1.0
187,54,-10.10880184173584,7.551608085632324,0.6000000238418579,0.800000011920929,1.0
187,55,-11.699400901794434,18.63143539428711,0.25,0.75,1.0
187,56,-13.248617172241211,82.78160858154297,0.0,0.3333333432674408,1.0
187,57,-9.091631889343262,9.707589149475098,0.5,0.75,1.0
187,58,-18.69672966003418,508.8956604003906,0.0,0.3333333432674408,0.3333333432674408
187,59,-6.669958114624023,9.237943649291992,0.6666666865348816,0.6666666865348816,1.0
187,60,-9.253849029541016,10.109365463256836,0.5,1.0,1.0
187,61,-13.391199111938477,808.8387451171875,0.0,0.5,0.5
187,62,-9.22316837310791,10.032121658325195,0.25,0.75,1.0
187,63,-5.915013313293457,19.249916076660156,0.5,0.5,1.0
187,64,-8.51902961730957,70.775634765625,0.0,0.5,1.0
187,65,-16.370784759521484,3588.1513671875,0.0,0.0,0.5
187,66,-13.490473747253418,89.73175811767578,0.6666666865348816,0.6666666865348816,0.6666666865348816
187,67,-20.87596893310547,34131.7890625,0.0,0.0,0.0
187,68,-10.956435203552246,38.557289123535156,0.3333333432674408,0.6666666865348816,0.6666666865348816
187,69,-10.908970832824707,233.80455017089844,0.0,0.5,1.0
187,70,-17.082599639892578,71.56813049316406,0.0,0.5,0.75
187,71,-5.8342390060424805,18.48795509338379,0.5,0.5,1.0
188,0,-6.526400566101074,26.133037567138672,0.5,0.5,1.0
188,1,-4.293028354644775,8.554985046386719,0.5,1.0,1.0
188,2,-8.849623680114746,19.103559494018555,0.6666666865348816,0.6666666865348816,0.6666666865348816
188,3,-17.813831329345703,7382.85498046875,0.0,0.0,0.0
188,4,-19.90732765197754,21029.126953125,0.0,0.0,0.5
188,5,-13.402789115905762,87.14701843261719,0.3333333432674408,0.6666666865348816,0.6666666865348816
188,6,-32.50475311279297,225.30589294433594,0.5,0.6666666865348816,0.6666666865348816
188,7,-4.581396102905273,4.60495138168335,0.3333333432674408,1.0,1.0
188,8,-29.537023544311523,1610.428955078125,0.25,0.25,0.5
188,9,-18.393352508544922,459.94976806640625,0.0,0.3333333432674408,0.6666666865348816
188,10,-12.77290153503418,24.366893768310547,0.25,0.75,1.0
188,11,-16.900089263916016,11.181923866271973,0.4285714626312256,0.8571429252624512,0.8571429252624512
188,12,-13.09854793548584,698.7366943359375,0.5,0.5,0.5
188,13,-7.772678375244141,6.980842590332031,0.75,0.75,0.75
188,14,-18.95891571044922,13088.08984375,0.0,0.0,0.5
188,15,-10.16801643371582,29.646343231201172,0.3333333432674408,0.6666666865348816,0.6666666865348816
188,16,-5.414597988128662,14.98873519897461,0.5,0.5,1.0
188,17,-4.802363395690918,11.036210060119629,0.5,1.0,1.0
188,18,-3.3773791790008545,5.412383556365967,0.5,1.0,1.0
188,19,-7.34663724899292,11.575364112854004,0.3333333432674408,0.6666666865348816,1.0
188,20,-7.177452564239502,1309.5679931640625,0.0,0.0,0.0
188,21,-25.62192726135254,366210.5,0.0,0.0,0.0
188,22,-25.555620193481445,24.396814346313477,0.25,0.625,0.875
188,23,-10.64702320098877,205.10287475585938,0.5,0.5,0.5
188,24,-6.170022964477539,21.867717742919922,0.5,0.5,1.0
188,25,-15.75491714477539,190.87884521484375,0.0,0.3333333432674408,1.0
188,26,-4.869484901428223,11.412879943847656,0.5,1.0,1.0
188,27,-7.093182563781738,34.69485092163086,0.0,1.0,1.0
188,28,-4.5676422119140625,9.814109802246094,0.5,1.0,1.0
188,29,-9.322019577026367,105.74280548095703,0.0,0.5,1.0
188,30,-3.428802013397217,30.839675903320312,0.0,1.0,1.0
188,31,-10.188125610351562,5.463124752044678,0.5,0.8333333730697632,1.0
188,32,-2.2974014282226562,2.1507151126861572,0.6666666865348816,1.0,1.0
188,33,-18.07008171081543,8392.056640625,0.0,0.0,0.5
188,34,-12.504022598266602,8.036581039428711,0.6666666865348816,0.8333333730697632,1.0
188,35,-6.395420074462891,24.476415634155273,0.5,0.5,1.0
188,36,-7.63428258895874,45.47402572631836,0.5,0.5,0.5
188,37,-11.388025283813477,4.151638984680176,0.75,0.875,1.0
188,38,-6.728518962860107,5.376995086669922,0.75,1.0,1.0
188,39,-13.498446464538574,853.3955688476562,0.5,0.5,0.5
188,40,-16.3512020111084,3553.18994140625,0.0,0.5,0.5
188,41,-22.46585464477539,16.580575942993164,0.375,0.75,0.875
188,42,-5.848844528198242,7.025981426239014,0.3333333432674408,1.0,1.0
188,43,-12.813409805297852,24.614913940429688,0.5,0.75,1.0
188,44,-19.49416732788086,130.78330993652344,0.0,0.5,0.75
188,45,-9.726171493530273,129.42294311523438,0.0,0.5,0.5
188,46,-10.203330039978027,29.997377395629883,0.6666666865348816,0.6666666865348816,0.6666666865348816
188,47,-9.379414558410645,22.793411254882812,0.6666666865348816,0.6666666865348816,0.6666666865348816
188,48,-13.971521377563477,10.263426780700684,0.3333333432674408,0.6666666865348816,1.0
188,49,-2.5519330501556396,1.6659351587295532,0.800000011920929,1.0,1.0
188,50,-2.5847887992858887,3.6414952278137207,0.5,1.0,1.0
188,51,-20.041885375976562,28.22799301147461,0.3333333432674408,0.6666666865348816,0.8333333730697632
188,52,-10.278765678405762,170.61044311523438,0.5,0.5,0.5
188,53,-7.424320220947266,11.87901496887207,0.3333333432674408,1.0,1.0
188,54,-10.223428726196289,7.726730823516846,0.6000000238418579,0.800000011920929,1.0
188,55,-11.658180236816406,18.44042205810547,0.25,0.75,1.0
188,56,-13.209139823913574,81.69939422607422,0.0,0.3333333432674408,1.0
188,57,-9.152888298034668,9.857396125793457,0.5,0.75,1.0
188,58,-18.73975944519043,516.2474975585938,0.0,0.3333333432674408,0.3333333432674408
188,59,-6.709957122802734,9.3619384765625,0.6666666865348816,0.6666666865348816,1.0
188,60,-9.259624481201172,10.12397289276123,0.5,1.0,1.0
188,61,-13.37688159942627,803.069091796875,0.0,0.5,0.5
188,62,-9.394346237182617,10.470759391784668,0.25,0.75,1.0
188,63,-5.904201030731201,19.146127700805664,0.5,0.5,1.0
188,64,-8.515077590942383,70.63591766357422,0.0,0.5,1.0
188,65,-16.38821029663086,3619.550537109375,0.0,0.0,0.5
188,66,-13.477090835571289,89.33232879638672,0.6666666865348816,0.6666666865348816,0.6666666865348816
188,67,-20.88449478149414,34277.6015625,0.0,0.0,0.0
188,68,-10.941617965698242,38.3673210144043,0.3333333432674408,0.6666666865348816,0.6666666865348816
188,69,-10.906320571899414,233.49493408203125,0.0,0.5,1.0
188,70,-17.079442977905273,71.51167297363281,0.0,0.75,0.75
188,71,-5.8944573402404785,19.053077697753906,0.5,0.5,1.0
189,0,-6.556280136108398,26.526390075683594,0.5,0.5,1.0
189,1,-4.262240409851074,8.424298286437988,0.5,1.0,1.0
189,2,-8.890954971313477,19.36857032775879,0.6666666865348816,0.6666666865348816,0.6666666865348816
189,3,-17.790510177612305,7297.2666015625,0.0,0.0,0.0
189,4,-19.96915054321289,21689.3203125,0.0,0.0,0.5
189,5,-13.410486221313477,87.37086486816406,0.3333333432674408,0.6666666865348816,0.6666666865348816
189,6,-32.44661331176758,223.1331787109375,0.5,0.6666666865348816,0.6666666865348816
189,7,-4.571043491363525,4.58908748626709,0.3333333432674408,1.0,1.0
189,8,-29.573076248168945,1625.009765625,0.25,0.25,0.5
189,9,-18.41748809814453,463.66510009765625,0.0,0.3333333432674408,0.6666666865348816
189,10,-12.813545227050781,24.615747451782227,0.25,0.75,1.0
189,11,-16.812286376953125,11.042540550231934,0.4285714626312256,0.8571429252624512,0.8571429252624512
189,12,-13.163818359375,721.9163208007812,0.5,0.5,0.5
189,13,-7.7083330154418945,6.869444847106934,0.75,0.75,0.75
189,14,-19.021852493286133,13506.498046875,0.0,0.0,0.5
189,15,-10.189908027648926,29.86347007751465,0.3333333432674408,0.6666666865348816,0.6666666865348816
189,16,-5.406704425811768,14.929696083068848,0.5,0.5,1.0
189,17,-4.878335952758789,11.463499069213867,0.5,1.0,1.0
189,18,-3.4005205631256104,5.475372314453125,0.5,1.0,1.0
189,19,-7.364635944366455,11.64501953125,0.3333333432674408,0.6666666865348816,1.0
189,20,-7.144929885864258,1267.6624755859375,0.0,0.0,0.0
189,21,-25.676673889160156,376373.40625,0.0,0.0,0.0
189,22,-25.564809799194336,24.424854278564453,0.25,0.625,0.875
189,23,-10.608983993530273,201.23875427246094,0.5,0.5,0.5
189,24,-6.175522327423096,21.92793083190918,0.5,0.5,1.0
189,25,-15.821134567260742,195.138916015625,0.0,0.3333333432674408,1.0
189,26,-4.876438140869141,11.45262622833252,0.5,1.0,1.0
189,27,-7.123506546020508,35.22489929199219,0.0,1.0,1.0
189,28,-4.519060134887695,9.57858657836914,0.5,1.0,1.0
189,29,-9.32988452911377,106.15946197509766,0.0,0.5,1.0
189,30,-3.391437530517578,29.708629608154297,0.0,1.0,1.0
189,31,-10.232887268066406,5.504033088684082,0.5,0.8333333730697632,1.0
189,32,-2.3112590312957764,2.160672903060913,0.6666666865348816,1.0,1.0
189,33,-18.051380157470703,8313.9501953125,0.0,0.0,0.5
189,34,-12.525243759155273,8.065055847167969,0.6666666865348816,0.8333333730697632,1.0
189,35,-6.285658359527588,23.16932487487793,0.5,0.5,1.0
189,36,-7.617749214172363,45.09965515136719,0.5,0.5,0.5
189,37,-11.370365142822266,4.142484188079834,0.75,0.875,1.0
189,38,-6.698596000671387,5.336921691894531,0.75,1.0,1.0
189,39,-13.4976806640625,853.06884765625,0.5,0.5,0.5
189,40,-16.338003158569336,3529.818115234375,0.0,0.5,0.5
189,41,-22.460298538208008,16.569063186645508,0.375,0.75,0.875
189,42,-5.735013961791992,6.764384746551514,0.3333333432674408,1.0,1.0
189,43,-12.924463272094727,25.307880401611328,0.5,0.75,1.0
189,44,-19.445938110351562,129.21588134765625,0.0,0.5,0.75
189,45,-9.735630989074707,130.0365447998047,0.0,0.5,0.5
189,46,-10.296024322509766,30.938705444335938,0.6666666865348816,0.6666666865348816,0.6666666865348816
189,47,-9.420785903930664,23.10991859436035,0.6666666865348816,0.6666666865348816,0.6666666865348816
189,48,-13.856178283691406,10.068010330200195,0.3333333432674408,0.8333333730697632,1.0
189,49,-2.6104111671447754,1.6855336427688599,0.800000011920929,1.0,1.0
189,50,-2.475653648376465,3.4481117725372314,0.5,1.0,1.0
189,51,-20.06561279296875,28.339845657348633,0.3333333432674408,0.8333333730697632,0.8333333730697632
189,52,-10.337333679199219,175.6804656982422,0.5,0.5,0.5
189,53,-7.369876861572266,11.665382385253906,0.3333333432674408,1.0,1.0
189,54,-10.137648582458496,7.595300197601318,0.6000000238418579,0.800000011920929,1.0
189,55,-11.71438980102539,18.70138168334961,0.25,0.75,1.0
189,56,-13.312962532043457,84.5762939453125,0.0,0.3333333432674408,1.0
189,57,-9.14838981628418,9.846317291259766,0.5,0.75,1.0
189,58,-18.669687271118164,504.3290710449219,0.0,0.3333333432674408,0.3333333432674408
189,59,-6.72764778137207,9.417306900024414,0.6666666865348816,0.6666666865348816,1.0
189,60,-9.186678886413574,9.941020965576172,0.5,1.0,1.0
189,61,-13.405973434448242,814.8358764648438,0.0,0.5,0.5
189,62,-9.200069427490234,9.974355697631836,0.25,0.75,1.0
189,63,-5.885047435760498,18.96364402770996,0.5,0.5,1.0
189,64,-8.477184295654297,69.31021118164062,0.0,0.5,1.0
189,65,-16.356435775756836,3562.500244140625,0.0,0.0,0.5
189,66,-13.445415496826172,88.39411163330078,0.6666666865348816,0.6666666865348816,0.6666666865348816
189,67,-20.952640533447266,35465.6640625,0.0,0.0,0.0
189,68,-10.971598625183105,38.75266647338867,0.3333333432674408,0.6666666865348816,0.6666666865348816
189,69,-10.925177574157715,235.70681762695312,0.0,0.5,1.0
189,70,-17.000268936157227,70.11012268066406,0.0,0.5,0.75
189,71,-5.973404884338379,19.82021713256836,0.5,0.5,1.0
190,0,-6.5281243324279785,26.155569076538086,0.5,0.5,1.0
190,1,-4.2494096755981445,8.370426177978516,0.5,1.0,1.0
190,2,-8.890481948852539,19.36551856994629,0.6666666865348816,0.6666666865348816,0.6666666865348816
190,3,-17.660385131835938,6837.603515625,0.0,0.0,0.0
190,4,-19.841686248779297,20350.140625,0.0,0.0,0.5
190,5,-13.355534553527832,85.78504943847656,0.3333333432674408,0.6666666865348816,0.6666666865348816
190,6,-32.522396087646484,225.96929931640625,0.5,0.6666666865348816,0.6666666865348816
190,7,-4.534199237823486,4.533071041107178,0.3333333432674408,1.0,1.0
190,8,-29.60251808166504,1637.0146484375,0.25,0.25,0.5
190,9,-18.418203353881836,463.775634765625,0.0,0.3333333432674408,0.6666666865348816
190,10,-12.889328002929688,25.0865535736084,0.25,0.75,1.0
190,11,-16.868391036987305,11.131402969360352,0.4285714626312256,0.8571429252624512,0.8571429252624512
190,12,-13.04239273071289,679.3906860351562,0.5,0.5,0.5
190,13,-7.7108988761901855,6.873852729797363,0.75,0.75,0.75
190,14,-18.98275375366211,13245.01953125,0.0,0.0,0.5
190,15,-10.203314781188965,29.997228622436523,0.3333333432674408,0.6666666865348816,0.6666666865348816
190,16,-5.410285472869873,14.956451416015625,0.5,0.5,1.0
190,17,-4.8311448097229,11.19617748260498,0.5,1.0,1.0
190,18,-3.4932034015655518,5.735080718994141,0.5,1.0,1.0
190,19,-7.334596633911133,11.528998374938965,0.3333333432674408,0.6666666865348816,1.0
190,20,-7.162405967712402,1290.010986328125,0.0,0.0,0.0
190,21,-25.728618621826172,386276.71875,0.0,0.0,0.0
190,22,-25.508312225341797,24.252967834472656,0.25,0.625,0.875
190,23,-10.672403335571289,207.72222900390625,0.5,0.5,0.5
190,24,-6.206101894378662,22.265779495239258,0.5,0.5,1.0
190,25,-15.811752319335938,194.52957153320312,0.0,0.3333333432674408,1.0
190,26,-4.884744644165039,11.50029182434082,0.5,1.0,1.0
190,27,-7.156834125518799,35.81679916381836,0.0,1.0,1.0
190,28,-4.5599589347839355,9.776479721069336,0.5,1.0,1.0
190,29,-9.379766464233398,108.8404769897461,0.0,0.5,1.0
190,30,-3.446518898010254,31.390928268432617,0.0,1.0,1.0
190,31,-10.112991333007812,5.395140647888184,0.5,0.8333333730697632,1.0
190,32,-2.3233156204223633,2.1693737506866455,0.6666666865348816,1.0,1.0
190,33,-18.049392700195312,8305.69140625,0.0,0.0,0.5
190,34,-12.589406967163086,8.151764869689941,0.6666666865348816,0.8333333730697632,1.0
190,35,-6.252293586730957,22.7860107421875,0.5,0.5,1.0
190,36,-7.581194877624512,44.2828483581543,0.5,0.5,0.5
190,37,-11.389845848083496,4.152583599090576,0.75,0.875,1.0
190,38,-6.757416725158691,5.415981769561768,0.75,1.0,1.0
190,39,-13.512627601623535,859.4682006835938,0.5,0.5,0.5
190,40,-16.360519409179688,3569.78173828125,0.0,0.5,0.5
190,41,-22.527198791503906,16.70820426940918,0.375,0.75,0.875
190,42,-5.837398529052734,6.99922513961792,0.3333333432674408,1.0,1.0
190,43,-12.814136505126953,24.619386672973633,0.5,0.75,1.0
190,44,-19.44396209716797,129.15206909179688,0.0,0.5,0.75
190,45,-9.660296440124512,125.22952270507812,0.0,0.5,0.5
190,46,-10.253703117370605,30.50531768798828,0.6666666865348816,0.6666666865348816,0.6666666865348816
190,47,-9.352851867675781,22.592485427856445,0.6666666865348816,0.6666666865348816,0.6666666865348816
190,48,-14.030694961547852,10.365150451660156,0.3333333432674408,0.8333333730697632,1.0
190,49,-2.63254451751709,1.6930116415023804,0.800000011920929,1.0,1.0
190,50,-2.5341076850891113,3.550377130508423,0.5,1.0,1.0
190,51,-20.059207916259766,28.30961036682129,0.3333333432674408,0.8333333730697632,0.8333333730697632
190,52,-10.401017189025879,181.3644561767578,0.5,0.5,0.5
190,53,-7.420200347900391,11.862713813781738,0.3333333432674408,1.0,1.0
190,54,-10.129904747009277,7.5835466384887695,0.6000000238418579,0.800000011920929,1.0
190,55,-11.765775680541992,18.943178176879883,0.25,0.75,1.0
190,56,-13.18337345123291,81.00070190429688,0.0,0.3333333432674408,1.0
190,57,-9.177197456359863,9.917485237121582,0.5,0.75,1.0
190,58,-18.763879776000977,520.4151000976562,0.0,0.3333333432674408,0.3333333432674408
190,59,-6.712375164031982,9.369488716125488,0.6666666865348816,0.6666666865348816,1.0
190,60,-9.190834999084473,9.95135498046875,0.5,1.0,1.0
190,61,-13.328668594360352,783.94140625,0.0,0.5,0.5
190,62,-9.225297927856445,10.037464141845703,0.25,0.75,1.0
190,63,-5.875056743621826,18.869152069091797,0.5,0.5,1.0
190,64,-8.414132118225098,67.15921020507812,0.0,0.5,1.0
190,65,-16.358217239379883,3565.675048828125,0.0,0.0,0.5
190,66,-13.55854606628418,91.7911148071289,0.6666666865348816,0.6666666865348816,0.6666666865348816
190,67,-20.90143394470215,34569.15234375,0.0,0.0,0.0
190,68,-10.921589851379395,38.11202621459961,0.3333333432674408,0.6666666865348816,0.6666666865348816
190,69,-10.91440486907959,234.44064331054688,0.0,0.5,1.0
190,70,-16.98264503479004,69.80191040039062,0.0,0.75,0.75
190,71,-5.83355188369751,18.48160743713379,0.5,0.5,1.0
191,0,-6.528332233428955,26.158288955688477,0.5,0.5,1.0
191,1,-4.2029500007629395,8.178224563598633,0.5,1.0,1.0
191,2,-8.874813079833984,19.26463508605957,0.6666666865348816,0.6666666865348816,0.6666666865348816
191,3,-17.7039794921875,6988.27978515625,0.0,0.0,0.0
191,4,-19.94237518310547,21400.88671875,0.0,0.0,0.5
191,5,-13.43436336517334,88.06906127929688,0.3333333432674408,0.6666666865348816,0.6666666865348816
191,6,-32.41872024536133,222.09829711914062,0.5,0.6666666865348816,0.6666666865348816
191,7,-4.562224864959717,4.575616836547852,0.3333333432674408,1.0,1.0
191,8,-29.57835578918457,1627.1558837890625,0.25,0.25,0.5
191,9,-18.359785079956055,454.8321228027344,0.0,0.3333333432674408,0.6666666865348816
191,10,-12.875728607177734,25.001407623291016,0.25,0.75,1.0
191,11,-16.854278564453125,11.108983993530273,0.4285714626312256,0.8571429252624512,0.8571429252624512
191,12,-13.065218925476074,687.1890258789062,0.5,0.5,0.5
191,13,-7.739267826080322,6.92277717590332,0.75,0.75,0.75
191,14,-19.035982131958008,13602.2578125,0.0,0.0,0.5
191,15,-10.277400016784668,30.747234344482422,0.3333333432674408,0.6666666865348816,0.6666666865348816
191,16,-5.359573841094971,14.581986427307129,0.5,0.5,1.0
191,17,-4.917990684509277,11.693058013916016,0.5,1.0,1.0
191,18,-3.4062962532043457,5.491207122802734,0.5,1.0,1.0
191,19,-7.378223419189453,11.697882652282715,0.3333333432674408,0.6666666865348816,1.0
191,20,-7.151148796081543,1275.5704345703125,0.0,0.0,0.0
191,21,-25.684734344482422,377893.3125,0.0,0.0,0.0
191,22,-25.597986221313477,24.526355743408203,0.25,0.625,0.875
191,23,-10.662016868591309,206.64625549316406,0.5,0.5,0.5
191,24,-6.157166004180908,21.72759246826172,0.5,0.5,1.0
191,25,-15.88067626953125,199.05050659179688,0.0,0.3333333432674408,1.0
191,26,-4.906538486480713,11.626294136047363,0.5,1.0,1.0
191,27,-7.050243377685547,33.95790481567383,0.0,1.0,1.0
191,28,-4.615546703338623,10.052017211914062,0.5,1.0,1.0
191,29,-9.346442222595215,107.04198455810547,0.0,0.5,1.0
191,30,-3.397592544555664,29.89204978942871,0.0,1.0,1.0
191,31,-10.002128601074219,5.296368598937988,0.5,0.8333333730697632,1.0
191,32,-2.339855194091797,2.1813671588897705,0.6666666865348816,1.0,1.0
191,33,-18.08677864074707,8462.41015625,0.0,0.0,0.5
191,34,-12.47420597076416,7.996743202209473,0.6666666865348816,0.8333333730697632,1.0
191,35,-6.322138786315918,23.59581756591797,0.5,0.5,1.0
191,36,-7.642706394195557,45.66596221923828,0.5,0.5,0.5
191,37,-11.41945743560791,4.167983055114746,0.75,0.875,1.0
191,38,-6.725875377655029,5.373443126678467,0.75,1.0,1.0
191,39,-13.47365665435791,842.8831787109375,0.5,0.5,0.5
191,40,-16.313121795654297,3486.1767578125,0.0,0.5,0.5
191,41,-22.555076599121094,16.766529083251953,0.375,0.75,0.875
191,42,-5.8314208984375,6.985293388366699,0.3333333432674408,1.0,1.0
191,43,-12.883901596069336,25.05254364013672,0.5,0.75,1.0
191,44,-19.420181274414062,128.38650512695312,0.0,0.5,0.75
191,45,-9.642353057861328,124.11103057861328,0.0,0.5,0.5
191,46,-10.199026107788086,29.954374313354492,0.6666666865348816,0.6666666865348816,0.6666666865348816
191,47,-9.386431694030762,22.846792221069336,0.6666666865348816,0.6666666865348816,0.6666666865348816
191,48,-13.891634941101074,10.127683639526367,0.3333333432674408,0.8333333730697632,1.0
191,49,-2.5977964401245117,1.6812864542007446,0.800000011920929,1.0,1.0
191,50,-2.5374531745910645,3.556320905685425,0.5,1.0,1.0
191,51,-20.09685516357422,28.4877986907959,0.3333333432674408,0.8333333730697632,0.8333333730697632
191,52,-10.390663146972656,180.42796325683594,0.5,0.5,0.5
191,53,-7.459659576416016,12.019775390625,0.3333333432674408,1.0,1.0
191,54,-10.177081108093262,7.655436992645264,0.6000000238418579,0.800000011920929,1.0
191,55,-11.672192573547363,18.5051326751709,0.25,0.75,1.0
191,56,-13.21442985534668,81.84358978271484,0.0,0.3333333432674408,1.0
191,57,-9.134918212890625,9.813211441040039,0.5,0.75,1.0
191,58,-18.693681716918945,508.37908935546875,0.0,0.3333333432674408,0.3333333432674408
191,59,-6.641128063201904,9.149592399597168,0.6666666865348816,0.6666666865348816,1.0
191,60,-9.089731216430664,9.702977180480957,0.5,1.0,1.0
191,61,-13.46880054473877,840.8390502929688,0.0,0.5,0.5
191,62,-9.324860572814941,10.290438652038574,0.25,0.75,1.0
191,63,-5.878249645233154,18.8992977142334,0.5,0.5,1.0
191,64,-8.460254669189453,68.72598266601562,0.0,0.5,1.0
191,65,-16.32609748840332,3508.867919921875,0.0,0.0,0.5
191,66,-13.518507957458496,90.57418823242188,0.6666666865348816,0.6666666865348816,0.6666666865348816
191,67,-20.952417373657227,35461.70703125,0.0,0.0,0.0
191,68,-11.003327369689941,39.16469955444336,0.3333333432674408,0.6666666865348816,0.6666666865348816
191,69,-10.885461807250977,231.07235717773438,0.0,0.5,1.0
191,70,-17.07176971435547,71.37462615966797,0.0,0.75,0.75
191,71,-5.83732795715332,18.51653289794922,0.5,0.5,1.0
192,0,-6.512571811676025,25.952966690063477,0.5,0.5,1.0
192,1,-4.2310380935668945,8.293889999389648,0.5,1.0,1.0
192,2,-8.875646591186523,19.269987106323242,0.6666666865348816,0.6666666865348816,0.6666666865348816
192,3,-17.820589065551758,7407.84228515625,0.0,0.0,0.0
192,4,-19.91876220703125,21149.703125,0.0,0.0,0.5
192,5,-13.371421813964844,86.24054718017578,0.3333333432674408,0.6666666865348816,0.6666666865348816
192,6,-32.32109451293945,218.5137481689453,0.5,0.6666666865348816,0.6666666865348816
192,7,-4.541083335876465,4.543485164642334,0.3333333432674408,1.0,1.0
192,8,-29.681583404541016,1669.6943359375,0.25,0.25,0.5
192,9,-18.428768157958984,465.41192626953125,0.0,0.3333333432674408,0.6666666865348816
192,10,-12.786029815673828,24.446998596191406,0.25,0.75,1.0
192,11,-16.965574264526367,11.287019729614258,0.4285714626312256,0.8571429252624512,0.8571429252624512
192,12,-13.107908248901367,702.0145263671875,0.5,0.5,0.5
192,13,-7.724524974822998,6.897308826446533,0.75,0.75,0.75
192,14,-19.05492401123047,13731.6962890625,0.0,0.0,0.5
192,15,-10.129112243652344,29.264366149902344,0.3333333432674408,0.6666666865348816,0.6666666865348816
192,16,-5.43624210357666,15.151825904846191,0.5,0.5,1.0
192,17,-4.816715240478516,11.115690231323242,0.5,1.0,1.0
192,18,-3.418067455291748,5.523621559143066,0.5,1.0,1.0
192,19,-7.316675662994385,11.460334777832031,0.3333333432674408,0.6666666865348816,1.0
192,20,-7.134785175323486,1254.867431640625,0.0,0.0,0.0
192,21,-25.693695068359375,379590.21875,0.0,0.0,0.0
192,22,-25.549680709838867,24.378707885742188,0.25,0.625,0.875
192,23,-10.67874813079834,208.3822479248047,0.5,0.5,0.5
192,24,-6.166557312011719,21.829856872558594,0.5,0.5,1.0
192,25,-15.81062126159668,194.45620727539062,0.0,0.3333333432674408,1.0
192,26,-4.825485706329346,11.164542198181152,0.5,1.0,1.0
192,27,-7.1190714836120605,35.146873474121094,0.0,1.0,1.0
192,28,-4.555848598480225,9.756407737731934,0.5,1.0,1.0
192,29,-9.34962272644043,107.21234893798828,0.0,0.5,1.0
192,30,-3.3991687297821045,29.93920135498047,0.0,1.0,1.0
192,31,-10.10870361328125,5.3912858963012695,0.5,0.8333333730697632,1.0
192,32,-2.292116165161133,2.1469297409057617,0.6666666865348816,1.0,1.0
192,33,-18.100255966186523,8519.6279296875,0.0,0.0,0.5
192,34,-12.501593589782715,8.03332805633545,0.6666666865348816,0.8333333730697632,1.0
192,35,-6.417590141296387,24.749248504638672,0.5,0.5,1.0
192,36,-7.6966657638549805,46.91478729248047,0.5,0.5,0.5
192,37,-11.380525588989258,4.147748947143555,0.75,0.875,1.0
192,38,-6.714944839477539,5.358779430389404,0.75,1.0,1.0
192,39,-13.42033576965332,820.7084350585938,0.5,0.5,0.5
192,40,-16.31652069091797,3492.106201171875,0.0,0.5,0.5
192,41,-22.545982360839844,16.747480392456055,0.375,0.75,0.875
192,42,-5.803602695465088,6.9208197593688965,0.3333333432674408,1.0,1.0
192,43,-12.801321029663086,24.540634155273438,0.5,0.75,1.0
192,44,-19.444351196289062,129.16464233398438,0.0,0.5,0.75
192,45,-9.672981262207031,126.02629852294922,0.0,0.5,0.5
192,46,-10.198866844177246,29.952781677246094,0.6666666865348816,0.6666666865348816,0.6666666865348816
192,47,-9.400008201599121,22.950416564941406,0.6666666865348816,0.6666666865348816,0.6666666865348816
192,48,-13.94647216796875,10.220669746398926,0.3333333432674408,0.8333333730697632,1.0
192,49,-2.610180139541626,1.6854557991027832,0.800000011920929,1.0,1.0
192,50,-2.4980831146240234,3.486999273300171,0.5,1.0,1.0
192,51,-20.08456039428711,28.429481506347656,0.3333333432674408,0.8333333730697632,0.8333333730697632
192,52,-10.341224670410156,176.0225830078125,0.5,0.5,0.5
192,53,-7.35253381729126,11.598137855529785,0.3333333432674408,1.0,1.0
192,54,-10.116989135742188,7.56398344039917,0.6000000238418579,0.800000011920929,1.0
192,55,-11.70025634765625,18.635419845581055,0.25,0.75,1.0
192,56,-13.239351272583008,82.52629089355469,0.0,0.3333333432674408,1.0
192,57,-9.13031005859375,9.801912307739258,0.5,0.75,1.0
192,58,-18.740774154663086,516.42236328125,0.0,0.3333333432674408,0.3333333432674408
192,59,-6.628138065338135,9.110060691833496,0.6666666865348816,0.6666666865348816,1.0
192,60,-9.231220245361328,10.052335739135742,0.5,1.0,1.0
192,61,-13.351804733276367,793.062744140625,0.0,0.5,0.5
192,62,-9.146430969238281,9.841496467590332,0.25,0.75,1.0
192,63,-5.881153106689453,18.926753997802734,0.5,0.5,1.0
192,64,-8.405959129333496,66.88532257080078,0.0,0.5,1.0
192,65,-16.288415908813477,3443.376953125,0.0,0.0,0.5
192,66,-13.444058418273926,88.35411834716797,0.6666666865348816,0.6666666865348816,0.6666666865348816
192,67,-20.886409759521484,34310.4375,0.0,0.0,0.0
192,68,-10.917983055114746,38.06624221801758,0.3333333432674408,0.6666666865348816,0.6666666865348816
192,69,-10.909767150878906,233.89764404296875,0.0,0.5,1.0
192,70,-16.89889144897461,68.35555267333984,0.0,0.75,0.75
192,71,-5.819108963012695,18.348623275756836,0.5,0.5,1.0
193,0,-6.511969089508057,25.945146560668945,0.5,0.5,1.0
193,1,-4.215854644775391,8.231163024902344,0.5,1.0,1.0
193,2,-8.859049797058105,19.16367530822754,0.6666666865348816,0.6666666865348816,0.6666666865348816
193,3,-17.75967025756836,7185.6064453125,0.0,0.0,0.0
193,4,-19.947908401489258,21460.17578125,0.0,0.0,0.5
193,5,-13.417678833007812,87.58059692382812,0.3333333432674408,0.6666666865348816,0.6666666865348816
193,6,-32.43281555175781,222.62071228027344,0.5,0.6666666865348816,0.6666666865348816
193,7,-4.6164445877075195,4.6590657234191895,0.3333333432674408,1.0,1.0
193,8,-29.602832794189453,1637.1434326171875,0.25,0.25,0.5
193,9,-18.30484390258789,446.57818603515625,0.0,0.3333333432674408,0.6666666865348816
193,10,-12.79292106628418,24.489152908325195,0.25,0.75,1.0
193,11,-16.95159912109375,11.264510154724121,0.4285714626312256,0.8571429252624512,0.8571429252624512
193,12,-13.07340145111084,690.00634765625,0.5,0.5,0.5
193,13,-7.7068681716918945,6.866929531097412,0.75,0.75,0.75
193,14,-18.981855392456055,13239.0712890625,0.0,0.0,0.5
193,15,-10.136643409729004,29.33793067932129,0.3333333432674408,0.6666666865348816,0.6666666865348816
193,16,-5.394959449768066,14.842277526855469,0.5,0.5,1.0
193,17,-4.855010986328125,11.330583572387695,0.5,1.0,1.0
193,18,-3.486222505569458,5.715096950531006,0.5,1.0,1.0
193,19,-7.358327388763428,11.62055778503418,0.3333333432674408,0.6666666865348816,1.0
193,20,-7.136663436889648,1257.2266845703125,0.0,0.0,0.0
193,21,-25.764461517333984,393261.75,0.0,0.0,0.0
193,22,-25.640331268310547,24.65652084350586,0.25,0.625,0.875
193,23,-10.645051956176758,204.90081787109375,0.5,0.5,0.5
193,24,-6.17921257019043,21.968427658081055,0.5,0.5,1.0
193,25,-15.83219051361084,195.8593292236328,0.0,0.3333333432674408,1.0
193,26,-4.907892227172852,11.63416576385498,0.5,1.0,1.0
193,27,-7.037941932678223,33.74968338012695,0.0,1.0,1.0
193,28,-4.583309650421143,9.891292572021484,0.5,1.0,1.0
193,29,-9.293462753295898,104.24369812011719,0.0,0.5,1.0
193,30,-3.416677713394165,30.4680233001709,0.0,1.0,1.0
193,31,-10.125929832458496,5.406786918640137,0.5,0.8333333730697632,1.0
193,32,-2.2993016242980957,2.1520779132843018,0.6666666865348816,1.0,1.0
193,33,-18.09015655517578,8476.71484375,0.0,0.0,0.5
193,34,-12.502243995666504,8.034199714660645,0.6666666865348816,0.8333333730697632,1.0
193,35,-6.324970245361328,23.629243850708008,0.5,0.5,1.0
193,36,-7.632205963134766,45.42683410644531,0.5,0.5,0.5
193,37,-11.428643226623535,4.172771453857422,0.75,0.875,1.0
193,38,-6.704185962677002,5.344385147094727,0.75,1.0,1.0
193,39,-13.476890563964844,844.2471313476562,0.5,0.5,0.5
193,40,-16.334674835205078,3523.94873046875,0.0,0.5,0.5
193,41,-22.525144577026367,16.703914642333984,0.375,0.75,0.875
193,42,-5.726199150085449,6.744538307189941,0.3333333432674408,1.0,1.0
193,43,-12.937748908996582,25.392078399658203,0.5,0.75,1.0
193,44,-19.47971534729004,130.3116455078125,0.0,0.5,0.75
193,45,-9.758247375488281,131.51536560058594,0.0,0.5,0.5
193,46,-10.329218864440918,31.282943725585938,0.6666666865348816,0.6666666865348816,0.6666666865348816
193,47,-9.374842643737793,22.75870132446289,0.6666666865348816,0.6666666865348816,0.6666666865348816
193,48,-13.91491985321045,10.167061805725098,0.3333333432674408,0.8333333730697632,1.0
193,49,-2.5979931354522705,1.6813526153564453,0.800000011920929,1.0,1.0
193,50,-2.566073179244995,3.6075778007507324,0.5,1.0,1.0
193,51,-19.982866287231445,27.951692581176758,0.3333333432674408,0.8333333730697632,0.8333333730697632
193,52,-10.303388595581055,172.72389221191406,0.5,0.5,0.5
193,53,-7.477527141571045,12.091577529907227,0.3333333432674408,1.0,1.0
193,54,-10.228102684020996,7.7339558601379395,0.6000000238418579,0.800000011920929,1.0
193,55,-11.733448028564453,18.790699005126953,0.25,0.75,1.0
193,56,-13.250125885009766,82.82322692871094,0.0,0.3333333432674408,1.0
193,57,-9.084080696105957,9.68928050994873,0.5,0.75,1.0
193,58,-18.807069778442383,527.9615478515625,0.0,0.3333333432674408,0.3333333432674408
193,59,-6.685256004333496,9.285170555114746,0.6666666865348816,0.6666666865348816,1.0
193,60,-9.175944328308105,9.91437816619873,0.5,1.0,1.0
193,61,-13.309860229492188,776.6036376953125,0.0,0.5,0.5
193,62,-9.292152404785156,10.206636428833008,0.25,0.75,1.0
193,63,-5.876442909240723,18.882234573364258,0.5,0.5,1.0
193,64,-8.47430419921875,69.21046447753906,0.0,0.5,1.0
193,65,-16.36663818359375,3580.7197265625,0.0,0.0,0.5
193,66,-13.528071403503418,90.86337280273438,0.6666666865348816,0.6666666865348816,0.6666666865348816
193,67,-20.92298126220703,34943.6015625,0.0,0.0,0.0
193,68,-11.031654357910156,39.536258697509766,0.3333333432674408,0.6666666865348816,0.6666666865348816
193,69,-10.86858081817627,229.1302032470703,0.0,0.5,1.0
193,70,-16.98535919189453,69.84928131103516,0.0,0.5,0.75
193,71,-5.8517374992370605,18.650423049926758,0.5,0.5,1.0
194,0,-6.524269104003906,26.105199813842773,0.5,0.5,1.0
194,1,-4.182304382324219,8.09423542022705,0.5,1.0,1.0
194,2,-8.871235847473145,19.241680145263672,0.6666666865348816,0.6666666865348816,0.6666666865348816
194,3,-17.708206176757812,7003.06396484375,0.0,0.0,0.0
194,4,-20.029054641723633,22348.787109375,0.0,0.0,0.5
194,5,-13.373832702636719,86.30990600585938,0.3333333432674408,0.6666666865348816,0.6666666865348816
194,6,-32.421878814697266,222.21524047851562,0.5,0.6666666865348816,0.6666666865348816
194,7,-4.491199970245361,4.46856164932251,0.3333333432674408,1.0,1.0
194,8,-29.630191802978516,1648.3795166015625,0.25,0.25,0.5
194,9,-18.37611961364746,457.3154602050781,0.0,0.3333333432674408,0.6666666865348816
194,10,-12.865909576416016,24.940113067626953,0.25,0.75,1.0
194,11,-16.954601287841797,11.269343376159668,0.4285714626312256,0.8571429252624512,0.8571429252624512
194,12,-13.016746520996094,670.7344360351562,0.5,0.5,0.5
194,13,-7.728891372680664,6.904841423034668,0.75,0.75,0.75
194,14,-19.039155960083008,13623.8603515625,0.0,0.0,0.5
194,15,-10.192849159240723,29.89276123046875,0.3333333432674408,0.6666666865348816,0.6666666865348816
194,16,-5.403313159942627,14.904401779174805,0.5,0.5,1.0
194,17,-4.879539489746094,11.470399856567383,0.5,1.0,1.0
194,18,-3.4055655002593994,5.489201068878174,0.5,1.0,1.0
194,19,-7.340804100036621,11.552879333496094,0.3333333432674408,0.6666666865348816,1.0
194,20,-7.146551609039307,1269.719970703125,0.0,0.0,0.0
194,21,-25.73255157470703,387037.0625,0.0,0.0,0.0
194,22,-25.564889907836914,24.425098419189453,0.25,0.625,0.875
194,23,-10.690287590026855,209.58802795410156,0.5,0.5,0.5
194,24,-6.2021989822387695,22.22237205505371,0.5,0.5,1.0
194,25,-15.767874717712402,191.70506286621094,0.0,0.3333333432674408,1.0
194,26,-4.867245197296143,11.400105476379395,0.5,1.0,1.0
194,27,-7.125471115112305,35.259517669677734,0.0,1.0,1.0
194,28,-4.547100067138672,9.713824272155762,0.5,1.0,1.0
194,29,-9.244483947753906,101.72183227539062,0.0,0.5,1.0
194,30,-3.394005298614502,29.785011291503906,0.0,1.0,1.0
194,31,-10.122146606445312,5.403379440307617,0.5,0.8333333730697632,1.0
194,32,-2.2912232875823975,2.1462905406951904,0.6666666865348816,1.0,1.0
194,33,-18.077022552490234,8421.23046875,0.0,0.0,0.5
194,34,-12.5271635055542,8.067636489868164,0.6666666865348816,0.8333333730697632,1.0
194,35,-6.2939581871032715,23.265674591064453,0.5,0.5,1.0
194,36,-7.64326810836792,45.67878723144531,0.5,0.5,0.5
194,37,-11.365865707397461,4.140154838562012,0.75,0.875,1.0
194,38,-6.7535481452941895,5.4107465744018555,0.75,1.0,1.0
194,39,-13.457805633544922,836.229248046875,0.5,0.5,0.5
194,40,-16.355958938598633,3561.651123046875,0.0,0.5,0.5
194,41,-22.530807495117188,16.715744018554688,0.375,0.75,0.875
194,42,-5.811036586761475,6.937990665435791,0.3333333432674408,1.0,1.0
194,43,-12.891621589660645,25.100942611694336,0.5,0.75,1.0
194,44,-19.472476959228516,130.0760498046875,0.0,0.5,0.75
194,45,-9.675600051879883,126.1914291381836,0.0,0.5,0.5
194,46,-10.380096435546875,31.818002700805664,0.6666666865348816,0.6666666865348816,0.6666666865348816
194,47,-9.407285690307617,23.006160736083984,0.6666666865348816,0.6666666865348816,0.6666666865348816
194,48,-13.976301193237305,10.271608352661133,0.3333333432674408,0.6666666865348816,1.0
194,49,-2.625244140625,1.6905415058135986,0.800000011920929,1.0,1.0
194,50,-2.56072735786438,3.5979480743408203,0.5,1.0,1.0
194,51,-20.034076690673828,28.1912841796875,0.3333333432674408,0.8333333730697632,0.8333333730697632
194,52,-10.368996620178223,178.48387145996094,0.5,0.5,0.5
194,53,-7.43056058883667,11.903751373291016,0.3333333432674408,1.0,1.0
194,54,-10.079880714416504,7.508053302764893,0.6000000238418579,0.800000011920929,1.0
194,55,-11.698702812194824,18.628185272216797,0.25,0.75,1.0
194,56,-13.34449577331543,85.4699935913086,0.0,0.3333333432674408,1.0
194,57,-9.092586517333984,9.709906578063965,0.5,0.75,1.0
194,58,-18.755952835083008,519.0416259765625,0.0,0.3333333432674408,0.3333333432674408
194,59,-6.687882900238037,9.293305397033691,0.6666666865348816,0.6666666865348816,1.0
194,60,-9.250067710876465,10.099812507629395,0.5,1.0,1.0
194,61,-13.242118835449219,750.7400512695312,0.0,0.5,0.5
194,62,-9.267805099487305,10.144699096679688,0.25,0.75,1.0
194,63,-5.923149108886719,19.32838249206543,0.5,0.5,1.0
194,64,-8.437129020690918,67.9358901977539,0.0,0.5,1.0
194,65,-16.36026954650879,3569.3359375,0.0,0.0,0.5
194,66,-13.44672966003418,88.43281555175781,0.6666666865348816,0.6666666865348816,0.6666666865348816
194,67,-20.816049575805664,33124.37890625,0.0,0.0,0.0
194,68,-10.90420913696289,37.89186096191406,0.3333333432674408,0.6666666865348816,0.6666666865348816
194,69,-10.885820388793945,231.11380004882812,0.0,0.5,1.0
194,70,-17.081546783447266,71.5492935180664,0.0,0.75,0.75
194,71,-5.895906448364258,19.06688690185547,0.5,0.5,1.0
195,0,-6.550703048706055,26.45252227783203,0.5,0.5,1.0
195,1,-4.185108661651611,8.105592727661133,0.5,1.0,1.0
195,2,-8.90776252746582,19.477388381958008,0.6666666865348816,0.6666666865348816,0.6666666865348816
195,3,-17.60708236694336,6657.779296875,0.0,0.0,0.0
195,4,-20.01596450805664,22202.990234375,0.0,0.0,0.5
195,5,-13.392950057983398,86.86166381835938,0.3333333432674408,0.6666666865348816,0.6666666865348816
195,6,-32.46994400024414,224.00253295898438,0.5,0.6666666865348816,0.6666666865348816
195,7,-4.5831146240234375,4.6075897216796875,0.3333333432674408,1.0,1.0
195,8,-29.584396362304688,1629.614990234375,0.25,0.25,0.5
195,9,-18.388813018798828,459.2544250488281,0.0,0.3333333432674408,0.6666666865348816
195,10,-12.831113815307617,24.724098205566406,0.25,0.75,1.0
195,11,-16.883251190185547,11.155058860778809,0.4285714626312256,0.8571429252624512,0.8571429252624512
195,12,-12.945093154907227,647.1295776367188,0.5,0.5,0.5
195,13,-7.765624523162842,6.96854305267334,0.75,0.75,0.75
195,14,-19.00737762451172,13409.099609375,0.0,0.0,0.5
195,15,-10.175419807434082,29.719594955444336,0.3333333432674408,0.6666666865348816,0.6666666865348816
195,16,-5.424105644226074,15.060159683227539,0.5,0.5,1.0
195,17,-4.864707946777344,11.385652542114258,0.5,1.0,1.0
195,18,-3.343994379043579,5.322787761688232,0.5,1.0,1.0
195,19,-7.437801361083984,11.932516098022461,0.3333333432674408,0.6666666865348816,1.0
195,20,-7.155354976654053,1280.947021484375,0.0,0.0,0.0
195,21,-25.647926330566406,371002.15625,0.0,0.0,0.0
195,22,-25.64134979248047,24.65966033935547,0.25,0.625,0.875
195,23,-10.642412185668945,204.6305389404297,0.5,0.5,0.5
195,24,-6.132471084594727,21.460962295532227,0.5,0.5,1.0
195,25,-15.88902759552002,199.6053924560547,0.0,0.3333333432674408,1.0
195,26,-4.851932525634766,11.313155174255371,0.5,1.0,1.0
195,27,-7.071344375610352,34.318077087402344,0.0,1.0,1.0
195,28,-4.508373260498047,9.52754020690918,0.5,1.0,1.0
195,29,-9.286388397216797,103.87562561035156,0.0,0.5,1.0
195,30,-3.450252056121826,31.508333206176758,0.0,1.0,1.0
195,31,-10.072912216186523,5.359221458435059,0.5,0.8333333730697632,1.0
195,32,-2.3400096893310547,2.1814794540405273,0.6666666865348816,1.0,1.0
195,33,-18.097057342529297,8506.013671875,0.0,0.0,0.5
195,34,-12.497554779052734,8.027922630310059,0.6666666865348816,0.8333333730697632,1.0
195,35,-6.298294544219971,23.316173553466797,0.5,0.5,1.0
195,36,-7.639354705810547,45.58949661254883,0.5,0.5,0.5
195,37,-11.408373832702637,4.162212371826172,0.75,0.875,1.0
195,38,-6.691527843475342,5.3274993896484375,0.75,1.0,1.0
195,39,-13.439290046691895,828.5233764648438,0.5,0.5,0.5
195,40,-16.265888214111328,3404.80908203125,0.0,0.5,0.5
195,41,-22.566524505615234,16.790538787841797,0.375,0.75,0.875
195,42,-5.822259902954102,6.963995456695557,0.3333333432674408,1.0,1.0
195,43,-12.873934745788574,24.990198135375977,0.5,0.75,1.0
195,44,-19.48383903503418,130.44606018066406,0.0,0.5,0.75
195,45,-9.668807983398438,125.76360321044922,0.0,0.5,0.5
195,46,-10.289094924926758,30.867326736450195,0.6666666865348816,0.6666666865348816,0.6666666865348816
195,47,-9.38836669921875,22.861530303955078,0.6666666865348816,0.6666666865348816,0.6666666865348816
195,48,-13.898828506469727,10.139830589294434,0.3333333432674408,0.6666666865348816,1.0
195,49,-2.6054139137268066,1.683849811553955,0.800000011920929,1.0,1.0
195,50,-2.555781602859497,3.589061737060547,0.5,1.0,1.0
195,51,-20.02579689025879,28.152408599853516,0.3333333432674408,0.8333333730697632,0.8333333730697632
195,52,-10.326411247253418,174.72366333007812,0.5,0.5,0.5
195,53,-7.420895099639893,11.865459442138672,0.3333333432674408,1.0,1.0
195,54,-10.202914237976074,7.695093631744385,0.6000000238418579,0.800000011920929,1.0
195,55,-11.693339347839355,18.60322380065918,0.25,0.75,1.0
195,56,-13.239187240600586,82.52180480957031,0.0,0.3333333432674408,1.0
195,57,-9.141329765319824,9.828953742980957,0.5,0.75,1.0
195,58,-18.75655746459961,519.1463623046875,0.0,0.3333333432674408,0.3333333432674408
195,59,-6.6796979904174805,9.267986297607422,0.6666666865348816,0.6666666865348816,1.0
195,60,-9.251455307006836,10.103317260742188,0.5,1.0,1.0
195,61,-13.26054859161377,757.68994140625,0.0,0.5,0.5
195,62,-9.29852294921875,10.222904205322266,0.25,0.75,1.0
195,63,-5.914885997772217,19.24869155883789,0.5,0.5,1.0
195,64,-8.48643684387207,69.63159942626953,0.0,0.5,1.0
195,65,-16.33890724182129,3531.413818359375,0.0,0.0,0.5
195,66,-13.539128303527832,91.19891357421875,0.6666666865348816,0.6666666865348816,0.6666666865348816
195,67,-20.859119415283203,33845.4453125,0.0,0.0,0.0
195,68,-10.95185661315918,38.49848175048828,0.3333333432674408,0.6666666865348816,0.6666666865348816
195,69,-10.890864372253418,231.6973876953125,0.0,0.5,1.0
195,70,-17.04130744934082,70.8331298828125,0.0,0.75,0.75
195,71,-5.862854957580566,18.75438117980957,0.5,0.5,1.0
196,0,-6.4747419357299805,25.4666805267334,0.5,0.5,1.0
196,1,-4.211799144744873,8.214488983154297,0.5,1.0,1.0
196,2,-8.868569374084473,19.224584579467773,0.6666666865348816,0.6666666865348816,0.6666666865348816
196,3,-17.689319610595703,6937.244140625,0.0,0.0,0.0
196,4,-20.114849090576172,23328.349609375,0.0,0.0,0.5
196,5,-13.346214294433594,85.51895904541016,0.3333333432674408,0.6666666865348816,0.6666666865348816
196,6,-32.467323303222656,223.9047088623047,0.5,0.6666666865348816,0.6666666865348816
196,7,-4.482006549835205,4.454889297485352,0.3333333432674408,1.0,1.0
196,8,-29.580087661743164,1627.860595703125,0.25,0.25,0.5
196,9,-18.478233337402344,473.1492614746094,0.0,0.3333333432674408,0.6666666865348816
196,10,-12.857110977172852,24.885313034057617,0.25,0.75,1.0
196,11,-16.860523223876953,11.118896484375,0.4285714626312256,0.8571429252624512,0.8571429252624512
196,12,-13.097034454345703,698.2080688476562,0.5,0.5,0.5
196,13,-7.707144260406494,6.867403507232666,0.75,0.75,0.75
196,14,-18.97964096069336,13224.4208984375,0.0,0.0,0.5
196,15,-10.199793815612793,29.962038040161133,0.3333333432674408,0.6666666865348816,0.6666666865348816
196,16,-5.392362594604492,14.823019027709961,0.5,0.5,1.0
196,17,-4.82530403137207,11.163528442382812,0.5,1.0,1.0
196,18,-3.3487088680267334,5.3353495597839355,0.5,1.0,1.0
196,19,-7.3649468421936035,11.64622688293457,0.3333333432674408,0.6666666865348816,1.0
196,20,-7.134714126586914,1254.7783203125,0.0,0.0,0.0
196,21,-25.63306999206543,368256.5,0.0,0.0,0.0
196,22,-25.54294776916504,24.358198165893555,0.25,0.625,0.875
196,23,-10.690302848815918,209.58961486816406,0.5,0.5,0.5
196,24,-6.1769819259643555,21.943939208984375,0.5,0.5,1.0
196,25,-15.91574764251709,201.3911895751953,0.0,0.3333333432674408,1.0
196,26,-4.854259967803955,11.32632827758789,0.5,1.0,1.0
196,27,-7.122014999389648,35.19864273071289,0.0,1.0,1.0
196,28,-4.550795078277588,9.731786727905273,0.5,1.0,1.0
196,29,-9.298529624938965,104.50812530517578,0.0,0.5,1.0
196,30,-3.4142074584960938,30.392850875854492,0.0,1.0,1.0
196,31,-10.14862060546875,5.427272796630859,0.5,0.8333333730697632,1.0
196,32,-2.330738067626953,2.174747943878174,0.6666666865348816,1.0,1.0
196,33,-18.033950805664062,8241.8115234375,0.0,0.0,0.5
196,34,-12.559714317321777,8.11152458190918,0.6666666865348816,0.8333333730697632,1.0
196,35,-6.325087070465088,23.630624771118164,0.5,0.5,1.0
196,36,-7.617379665374756,45.09132385253906,0.5,0.5,0.5
196,37,-11.343826293945312,4.128765106201172,0.75,0.875,1.0
196,38,-6.8167619705200195,5.496933937072754,0.75,1.0,1.0
196,39,-13.416131019592285,818.9848022460938,0.5,0.5,0.5
196,40,-16.337678909301758,3529.245849609375,0.0,0.5,0.5
196,41,-22.581783294677734,16.822595596313477,0.375,0.75,0.875
196,42,-5.750257968902588,6.798844814300537,0.3333333432674408,1.0,1.0
196,43,-12.844575881958008,24.80744743347168,0.5,0.75,1.0
196,44,-19.452062606811523,129.41387939453125,0.0,0.5,0.75
196,45,-9.690979957580566,127.16557312011719,0.0,0.5,0.5
196,46,-10.295869827270508,30.93711280822754,0.6666666865348816,0.6666666865348816,0.6666666865348816
196,47,-9.367805480957031,22.70537567138672,0.6666666865348816,0.6666666865348816,0.6666666865348816
196,48,-13.917547225952148,10.171515464782715,0.3333333432674408,0.8333333730697632,1.0
196,49,-2.6545870304107666,1.7004916667938232,0.800000011920929,1.0,1.0
196,50,-2.52986741065979,3.5428576469421387,0.5,1.0,1.0
196,51,-20.090293884277344,28.456661224365234,0.3333333432674408,0.6666666865348816,0.8333333730697632
196,52,-10.439434051513672,184.88186645507812,0.5,0.5,0.5
196,53,-7.427192211151123,11.89039134979248,0.3333333432674408,1.0,1.0
196,54,-10.196993827819824,7.685986042022705,0.6000000238418579,0.800000011920929,1.0
196,55,-11.69112777709961,18.592939376831055,0.25,0.75,1.0
196,56,-13.3067626953125,84.40169525146484,0.0,0.3333333432674408,1.0
196,57,-9.190690994262695,9.950996398925781,0.5,0.75,1.0
196,58,-18.816709518432617,529.6605224609375,0.0,0.3333333432674408,0.3333333432674408
196,59,-6.695484161376953,9.31688117980957,0.6666666865348816,0.6666666865348816,1.0
196,60,-9.221041679382324,10.026788711547852,0.5,1.0,1.0
196,61,-13.285991668701172,767.3905029296875,0.0,0.5,0.5
196,62,-9.246201515197754,10.090056419372559,0.25,0.75,1.0
196,63,-5.876991271972656,18.88741111755371,0.5,0.5,1.0
196,64,-8.458958625793457,68.68145751953125,0.0,0.5,1.0
196,65,-16.369945526123047,3586.64599609375,0.0,0.0,0.5
196,66,-13.483741760253906,89.53062438964844,0.6666666865348816,0.6666666865348816,0.6666666865348816
196,67,-20.932435989379883,35109.18359375,0.0,0.0,0.0
196,68,-10.98299503326416,38.9001579284668,0.3333333432674408,0.6666666865348816,0.6666666865348816
196,69,-10.825891494750977,224.2913360595703,0.0,0.5,1.0
196,70,-16.974172592163086,69.65421295166016,0.0,0.75,0.75
196,71,-5.805487155914307,18.224075317382812,0.5,0.5,1.0
197,0,-6.504666328430176,25.850582122802734,0.5,0.5,1.0
197,1,-4.244027137756348,8.347929954528809,0.5,1.0,1.0
197,2,-8.862439155578613,19.185338973999023,0.6666666865348816,0.6666666865348816,0.6666666865348816
197,3,-17.59209442138672,6608.07177734375,0.0,0.0,0.0
197,4,-20.104476928710938,23207.677734375,0.0,0.0,0.5
197,5,-13.334014892578125,85.17190551757812,0.3333333432674408,0.6666666865348816,0.6666666865348816
197,6,-32.448768615722656,223.21340942382812,0.5,0.6666666865348816,0.6666666865348816
197,7,-4.4901909828186035,4.467059135437012,0.3333333432674408,1.0,1.0
197,8,-29.553558349609375,1617.0997314453125,0.25,0.25,0.5
197,9,-18.403573989868164,461.51971435546875,0.0,0.3333333432674408,0.6666666865348816
197,10,-12.810166358947754,24.59496307373047,0.25,0.75,1.0
197,11,-16.88419532775879,11.156561851501465,0.4285714626312256,0.8571429252624512,0.8571429252624512
197,12,-13.084296226501465,693.7752685546875,0.5,0.5,0.5
197,13,-7.73867130279541,6.9217448234558105,0.75,0.75,0.75
197,14,-18.968530654907227,13151.162109375,0.0,0.0,0.5
197,15,-10.188982009887695,29.854249954223633,0.3333333432674408,0.6666666865348816,0.6666666865348816
197,16,-5.392770767211914,14.826045036315918,0.5,0.5,1.0
197,17,-4.790342330932617,10.970075607299805,0.5,1.0,1.0
197,18,-3.3962883949279785,5.463798522949219,0.5,1.0,1.0
197,19,-7.314208030700684,11.450911521911621,0.3333333432674408,0.6666666865348816,1.0
197,20,-7.148962020874023,1272.7840576171875,0.0,0.0,0.0
197,21,-25.6021671295166,362610.15625,0.0,0.0,0.0
197,22,-25.54379653930664,24.36078453063965,0.25,0.625,0.875
197,23,-10.705506324768066,211.18893432617188,0.5,0.5,0.5
197,24,-6.157406330108643,21.73020362854004,0.5,0.5,1.0
197,25,-15.871018409729004,198.4107666015625,0.0,0.3333333432674408,1.0
197,26,-4.911321640014648,11.654132843017578,0.5,1.0,1.0
197,27,-7.093959331512451,34.70832824707031,0.0,1.0,1.0
197,28,-4.512377738952637,9.546636581420898,0.5,1.0,1.0
197,29,-9.250991821289062,102.0533676147461,0.0,0.5,1.0
197,30,-3.384829521179199,29.51296043395996,0.0,1.0,1.0
197,31,-10.209548950195312,5.482666015625,0.5,0.8333333730697632,1.0
197,32,-2.3302323818206787,2.1743812561035156,0.6666666865348816,1.0,1.0
197,33,-18.01580047607422,8167.35400390625,0.0,0.0,0.5
197,34,-12.49893569946289,8.029769897460938,0.6666666865348816,0.8333333730697632,1.0
197,35,-6.3112921714782715,23.46819496154785,0.5,0.5,1.0
197,36,-7.651713848114014,45.872093200683594,0.5,0.5,0.5
197,37,-11.403024673461914,4.159430503845215,0.75,0.875,1.0
197,38,-6.8330817222595215,5.519406795501709,0.75,1.0,1.0
197,39,-13.434253692626953,826.4395751953125,0.5,0.5,0.5
197,40,-16.281173706054688,3430.930908203125,0.0,0.5,0.5
197,41,-22.544742584228516,16.744884490966797,0.375,0.75,0.875
197,42,-5.834620475769043,6.9927473068237305,0.3333333432674408,1.0,1.0
197,43,-12.889199256896973,25.08574676513672,0.5,0.75,1.0
197,44,-19.479761123657227,130.31312561035156,0.0,0.5,0.75
197,45,-9.694696426391602,127.402099609375,0.0,0.5,0.5
197,46,-10.332378387451172,31.315906524658203,0.6666666865348816,0.6666666865348816,0.6666666865348816
197,47,-9.371006965637207,22.7296199798584,0.6666666865348816,0.6666666865348816,0.6666666865348816
197,48,-13.954399108886719,10.23418140411377,0.3333333432674408,0.8333333730697632,1.0
197,49,-2.571652412414551,1.6725183725357056,0.800000011920929,1.0,1.0
197,50,-2.497929334640503,3.4867312908172607,0.5,1.0,1.0
197,51,-20.05373764038086,28.283815383911133,0.3333333432674408,0.8333333730697632,0.8333333730697632
197,52,-10.364606857299805,178.09254455566406,0.5,0.5,0.5
197,53,-7.406205654144287,11.807503700256348,0.3333333432674408,1.0,1.0
197,54,-10.214934349060059,7.713614463806152,0.6000000238418579,0.800000011920929,1.0
197,55,-11.734062194824219,18.7935848236084,0.25,0.75,1.0
197,56,-13.298349380493164,84.16533660888672,0.0,0.3333333432674408,1.0
197,57,-9.188562393188477,9.94570255279541,0.5,0.75,1.0
197,58,-18.7830753326416,523.7554931640625,0.0,0.3333333432674408,0.3333333432674408
197,59,-6.687447547912598,9.291955947875977,0.6666666865348816,0.6666666865348816,1.0
197,60,-9.233960151672363,10.059224128723145,0.5,1.0,1.0
197,61,-13.248764038085938,753.2386474609375,0.0,0.5,0.5
197,62,-9.279714584350586,10.174947738647461,0.25,0.75,1.0
197,63,-5.912662029266357,19.227296829223633,0.5,0.5,1.0
197,64,-8.443547248840332,68.15425872802734,0.0,0.5,1.0
197,65,-16.333253860473633,3521.44580078125,0.0,0.0,0.5
197,66,-13.48701286315918,89.6282730102539,0.6666666865348816,0.6666666865348816,0.6666666865348816
197,67,-20.91868019104004,34868.53515625,0.0,0.0,0.0
197,68,-10.949447631835938,38.46757888793945,0.3333333432674408,0.6666666865348816,0.6666666865348816
197,69,-10.813732147216797,222.93185424804688,0.0,0.5,1.0
197,70,-17.003570556640625,70.16801452636719,0.0,0.75,0.75
197,71,-5.867443084716797,18.797456741333008,0.5,0.5,1.0
198,0,-6.504666328430176,25.850582122802734,0.5,0.5,1.0
198,1,-4.244027137756348,8.347929954528809,0.5,1.0,1.0
198,2,-8.862439155578613,19.185338973999023,0.6666666865348816,0.6666666865348816,0.6666666865348816
198,3,-17.59209442138672,6608.07177734375,0.0,0.0,0.0
198,4,-20.104476928710938,23207.677734375,0.0,0.0,0.5
198,5,-13.334014892578125,85.17190551757812,0.3333333432674408,0.6666666865348816,0.6666666865348816
198,6,-32.448768615722656,223.21340942382812,0.5,0.6666666865348816,0.6666666865348816
198,7,-4.4901909828186035,4.467059135437012,0.3333333432674408,1.0,1.0
198,8,-29.563371658325195,1621.0718994140625,0.25,0.25,0.5
198,9,-18.403573989868164,461.51971435546875,0.0,0.3333333432674408,0.6666666865348816
198,10,-12.810166358947754,24.59496307373047,0.25,0.75,1.0
198,11,-16.841732025146484,11.089090347290039,0.4285714626312256,0.8571429252624512,0.8571429252624512
198,12,-13.084296226501465,693.7752685546875,0.5,0.5,0.5
198,13,-7.73867130279541,6.9217448234558105,0.75,0.75,0.75
198,14,-18.968530654907227,13151.162109375,0.0,0.0,0.5
198,15,-10.188982009887695,29.854249954223633,0.3333333432674408,0.6666666865348816,0.6666666865348816
198,16,-5.392770767211914,14.826045036315918,0.5,0.5,1.0
198,17,-4.790342330932617,10.970075607299805,0.5,1.0,1.0
198,18,-3.3962883949279785,5.463798522949219,0.5,1.0,1.0
198,19,-7.314208030700684,11.450911521911621,0.3333333432674408,0.6666666865348816,1.0
198,20,-7.148962020874023,1272.7840576171875,0.0,0.0,0.0
198,21,-25.6021671295166,362610.15625,0.0,0.0,0.0
198,22,-25.5051326751709,24.243331909179688,0.25,0.625,0.875
198,23,-10.705506324768066,211.18893432617188,0.5,0.5,0.5
198,24,-6.157406330108643,21.73020362854004,0.5,0.5,1.0
198,25,-15.871018409729004,198.4107666015625,0.0,0.3333333432674408,1.0
198,26,-4.911321640014648,11.654132843017578,0.5,1.0,1.0
198,27,-7.093959331512451,34.70832824707031,0.0,1.0,1.0
198,28,-4.512377738952637,9.546636581420898,0.5,1.0,1.0
198,29,-9.250991821289062,102.0533676147461,0.0,0.5,1.0
198,30,-3.384829521179199,29.51296043395996,0.0,1.0,1.0
198,31,-10.209548950195312,5.482666015625,0.5,0.8333333730697632,1.0
198,32,-2.3302323818206787,2.1743812561035156,0.6666666865348816,1.0,1.0
198,33,-18.01580047607422,8167.35400390625,0.0,0.0,0.5
198,34,-12.49893569946289,8.029769897460938,0.6666666865348816,0.8333333730697632,1.0
198,35,-6.3112921714782715,23.46819496154785,0.5,0.5,1.0
198,36,-7.651713848114014,45.872093200683594,0.5,0.5,0.5
198,37,-11.403024673461914,4.159430503845215,0.75,0.875,1.0
198,38,-6.8330817222595215,5.519406795501709,0.75,1.0,1.0
198,39,-13.456100463867188,835.5165405273438,0.5,0.5,0.5
198,40,-16.281173706054688,3430.930908203125,0.0,0.5,0.5
198,41,-22.544742584228516,16.744884490966797,0.375,0.75,0.875
198,42,-5.834620475769043,6.9927473068237305,0.3333333432674408,1.0,1.0
198,43,-12.889199256896973,25.08574676513672,0.5,0.75,1.0
198,44,-19.40410614013672,127.87159729003906,0.0,0.5,0.75
198,45,-9.694696426391602,127.402099609375,0.0,0.5,0.5
198,46,-10.332378387451172,31.315906524658203,0.6666666865348816,0.6666666865348816,0.6666666865348816
198,47,-9.371006965637207,22.7296199798584,0.6666666865348816,0.6666666865348816,0.6666666865348816
198,48,-13.938810348510742,10.207626342773438,0.3333333432674408,0.8333333730697632,1.0
198,49,-2.571652412414551,1.6725183725357056,0.800000011920929,1.0,1.0
198,50,-2.497929334640503,3.4867312908172607,0.5,1.0,1.0
198,51,-20.05373764038086,28.283815383911133,0.3333333432674408,0.8333333730697632,0.8333333730697632
198,52,-10.364606857299805,178.09254455566406,0.5,0.5,0.5
198,53,-7.406205654144287,11.807503700256348,0.3333333432674408,1.0,1.0
198,54,-10.214934349060059,7.713614463806152,0.6000000238418579,0.800000011920929,1.0
198,55,-11.734062194824219,18.7935848236084,0.25,0.75,1.0
198,56,-13.298349380493164,84.16533660888672,0.0,0.3333333432674408,1.0
198,57,-9.188562393188477,9.94570255279541,0.5,0.75,1.0
198,58,-18.7386531829834,516.0572509765625,0.0,0.3333333432674408,0.3333333432674408
198,59,-6.687447547912598,9.291955947875977,0.6666666865348816,0.6666666865348816,1.0
198,60,-9.233960151672363,10.059224128723145,0.5,1.0,1.0
198,61,-13.248764038085938,753.2386474609375,0.0,0.5,0.5
198,62,-9.298421859741211,10.22264575958252,0.25,0.75,1.0
198,63,-5.912662029266357,19.227296829223633,0.5,0.5,1.0
198,64,-8.443547248840332,68.15425872802734,0.0,0.5,1.0
198,65,-16.374752044677734,3595.276123046875,0.0,0.0,0.5
198,66,-13.48701286315918,89.6282730102539,0.6666666865348816,0.6666666865348816,0.6666666865348816
198,67,-20.862295150756836,33899.23046875,0.0,0.0,0.0
198,68,-10.949447631835938,38.46757888793945,0.3333333432674408,0.6666666865348816,0.6666666865348816
198,69,-10.813732147216797,222.93185424804688,0.0,0.5,1.0
198,70,-17.003570556640625,70.16801452636719,0.0,0.75,0.75
198,71,-5.854577541351318,18.676923751831055,0.5,0.5,1.0
199,0,-6.504666328430176,25.850582122802734,0.5,0.5,1.0
199,1,-4.244027137756348,8.347929954528809,0.5,1.0,1.0
199,2,-8.862439155578613,19.185338973999023,0.6666666865348816,0.6666666865348816,0.6666666865348816
199,3,-17.59209442138672,6608.07177734375,0.0,0.0,0.0
199,4,-20.104476928710938,23207.677734375,0.0,0.0,0.5
199,5,-13.334014892578125,85.17190551757812,0.3333333432674408,0.6666666865348816,0.6666666865348816
199,6,-32.448768615722656,223.21340942382812,0.5,0.6666666865348816,0.6666666865348816
199,7,-4.4901909828186035,4.467059135437012,0.3333333432674408,1.0,1.0
199,8,-29.563371658325195,1621.0718994140625,0.25,0.25,0.5
199,9,-18.403573989868164,461.51971435546875,0.0,0.3333333432674408,0.6666666865348816
199,10,-12.810166358947754,24.59496307373047,0.25,0.75,1.0
199,11,-16.841732025146484,11.089090347290039,0.4285714626312256,0.8571429252624512,0.8571429252624512
199,12,-13.084296226501465,693.7752685546875,0.5,0.5,0.5
199,13,-7.73867130279541,6.9217448234558105,0.75,0.75,0.75
199,14,-18.968530654907227,13151.162109375,0.0,0.0,0.5
199,15,-10.188982009887695,29.854249954223633,0.3333333432674408,0.6666666865348816,0.6666666865348816
199,16,-5.392770767211914,14.826045036315918,0.5,0.5,1.0
199,17,-4.790342330932617,10.970075607299805,0.5,1.0,1.0
199,18,-3.3962883949279785,5.463798522949219,0.5,1.0,1.0
199,19,-7.314208030700684,11.450911521911621,0.3333333432674408,0.6666666865348816,1.0
199,20,-7.148962020874023,1272.7840576171875,0.0,0.0,0.0
199,21,-25.6021671295166,362610.15625,0.0,0.0,0.0
199,22,-25.5051326751709,24.243331909179688,0.25,0.625,0.875
199,23,-10.705506324768066,211.18893432617188,0.5,0.5,0.5
199,24,-6.157406330108643,21.73020362854004,0.5,0.5,1.0
199,25,-15.871018409729004,198.4107666015625,0.0,0.3333333432674408,1.0
199,26,-4.911321640014648,11.654132843017578,0.5,1.0,1.0
199,27,-7.093959331512451,34.70832824707031,0.0,1.0,1.0
199,28,-4.512377738952637,9.546636581420898,0.5,1.0,1.0
199,29,-9.250991821289062,102.0533676147461,0.0,0.5,1.0
199,30,-3.384829521179199,29.51296043395996,0.0,1.0,1.0
199,31,-10.209548950195312,5.482666015625,0.5,0.8333333730697632,1.0
199,32,-2.3302323818206787,2.1743812561035156,0.6666666865348816,1.0,1.0
199,33,-18.01580047607422,8167.35400390625,0.0,0.0,0.5
199,34,-12.49893569946289,8.029769897460938,0.6666666865348816,0.8333333730697632,1.0
199,35,-6.3112921714782715,23.46819496154785,0.5,0.5,1.0
199,36,-7.651713848114014,45.872093200683594,0.5,0.5,0.5
199,37,-11.403024673461914,4.159430503845215,0.75,0.875,1.0
199,38,-6.8330817222595215,5.519406795501709,0.75,1.0,1.0
199,39,-13.456100463867188,835.5165405273438,0.5,0.5,0.5
199,40,-16.281173706054688,3430.930908203125,0.0,0.5,0.5
199,41,-22.544742584228516,16.744884490966797,0.375,0.75,0.875
199,42,-5.834620475769043,6.9927473068237305,0.3333333432674408,1.0,1.0
199,43,-12.889199256896973,25.08574676513672,0.5,0.75,1.0
199,44,-19.40410614013672,127.87159729003906,0.0,0.5,0.75
199,45,-9.694696426391602,127.402099609375,0.0,0.5,0.5
199,46,-10.332378387451172,31.315906524658203,0.6666666865348816,0.6666666865348816,0.6666666865348816
199,47,-9.371006965637207,22.7296199798584,0.6666666865348816,0.6666666865348816,0.6666666865348816
199,48,-13.938810348510742,10.207626342773438,0.3333333432674408,0.8333333730697632,1.0
199,49,-2.571652412414551,1.6725183725357056,0.800000011920929,1.0,1.0
199,50,-2.497929334640503,3.4867312908172607,0.5,1.0,1.0
199,51,-20.05373764038086,28.283815383911133,0.3333333432674408,0.8333333730697632,0.8333333730697632
199,52,-10.364606857299805,178.09254455566406,0.5,0.5,0.5
199,53,-7.406205654144287,11.807503700256348,0.3333333432674408,1.0,1.0
199,54,-10.214934349060059,7.713614463806152,0.6000000238418579,0.800000011920929,1.0
199,55,-11.734062194824219,18.7935848236084,0.25,0.75,1.0
199,56,-13.298349380493164,84.16533660888672,0.0,0.3333333432674408,1.0
199,57,-9.188562393188477,9.94570255279541,0.5,0.75,1.0
199,58,-18.7386531829834,516.0572509765625,0.0,0.3333333432674408,0.3333333432674408
199,59,-6.687447547912598,9.291955947875977,0.6666666865348816,0.6666666865348816,1.0
199,60,-9.233960151672363,10.059224128723145,0.5,1.0,1.0
199,61,-13.248764038085938,753.2386474609375,0.0,0.5,0.5
199,62,-9.298421859741211,10.22264575958252,0.25,0.75,1.0
199,63,-5.912662029266357,19.227296829223633,0.5,0.5,1.0
199,64,-8.443547248840332,68.15425872802734,0.0,0.5,1.0
199,65,-16.374752044677734,3595.276123046875,0.0,0.0,0.5
199,66,-13.48701286315918,89.6282730102539,0.6666666865348816,0.6666666865348816,0.6666666865348816
199,67,-20.862295150756836,33899.23046875,0.0,0.0,0.0
199,68,-10.949447631835938,38.46757888793945,0.3333333432674408,0.6666666865348816,0.6666666865348816
199,69,-10.813732147216797,222.93185424804688,0.0,0.5,1.0
199,70,-17.003570556640625,70.16801452636719,0.0,0.75,0.75
199,71,-5.854577541351318,18.676923751831055,0.5,0.5,1.0
