step,probe_index,log_prob,perplexity,hit_accuracy_at_1,hit_accuracy_at_10,hit_accuracy_at_100
0,0,-13.962265014648438,1076.1363525390625,0.0,0.0,0.5
0,1,-11.068321228027344,3.9889984130859375,0.75,0.875,1.0
0,2,-10.940559387207031,237.52662658691406,0.5,0.5,0.5
0,3,-5.372402191162109,215.379638671875,0.0,1.0,1.0
0,4,-9.172916412353516,98.14620208740234,0.5,0.5,0.5
0,5,-0.766122043132782,1.4667675495147705,1.0,1.0,1.0
0,6,-8.189990043640137,15.332836151123047,0.6666666865348816,0.6666666865348816,0.6666666865348816
0,7,-7.734099864959717,47.80116271972656,0.0,0.5,1.0
0,8,-12.38473129272461,11.904855728149414,0.20000000298023224,0.800000011920929,1.0
0,9,-0.1357288509607315,1.0702202320098877,1.0,1.0,1.0
0,10,-13.645536422729492,94.49169921875,0.6666666865348816,0.6666666865348816,0.6666666865348816
0,11,-11.331016540527344,43.685028076171875,0.3333333432674408,0.6666666865348816,1.0
0,12,-2.8170952796936035,4.090011119842529,1.0,1.0,1.0
0,13,-9.625269889831543,123.0554428100586,0.5,0.5,1.0
0,14,-4.65762996673584,4.72346830368042,0.6666666865348816,1.0,1.0
0,15,-7.183526992797852,6.024785041809082,0.75,0.75,1.0
0,16,-7.926341533660889,14.04285717010498,0.0,0.6666666865348816,1.0
0,17,-4.7259840965271,4.832326412200928,0.6666666865348816,1.0,1.0
0,18,-5.476156234741211,3.931570529937744,0.5,1.0,1.0
0,19,-15.983354568481445,14.352046012878418,0.5,0.6666666865348816,0.8333333730697632
0,20,-5.665744781494141,4.122402667999268,0.75,0.75,1.0
0,21,-5.785006999969482,6.878053665161133,0.6666666865348816,0.6666666865348816,1.0
0,22,-14.282791137695312,1263.1900634765625,0.0,0.0,1.0
0,23,-14.5318021774292,11.2680025100708,0.6666666865348816,0.6666666865348816,1.0
0,24,-2.0410819053649902,7.698934555053711,0.0,1.0,1.0
0,25,-32.069820404052734,7.421370983123779,0.375,0.8125,1.0
0,26,-1.6743141412734985,2.309791088104248,0.5,1.0,1.0
0,27,-9.587038040161133,10.987513542175293,0.5,0.75,1.0
0,28,-7.636999130249023,12.751723289489746,0.3333333432674408,0.6666666865348816,1.0
0,29,-2.446916103363037,11.552664756774902,0.0,1.0,1.0
0,30,-8.265320777893066,62.34355926513672,0.5,0.5,0.5
0,31,-2.0002691745758057,2.7186477184295654,0.5,1.0,1.0
0,32,-7.638001441955566,45.558658599853516,0.5,0.5,1.0
0,33,-1.8833670616149902,2.5642948150634766,0.5,1.0,1.0
0,34,-2.532662868499756,12.586978912353516,0.0,1.0,1.0
0,35,-3.9101688861846924,7.064515590667725,0.5,1.0,1.0
0,36,-6.434200286865234,4.995562553405762,0.5,0.75,1.0
0,37,-4.775294780731201,4.912411212921143,0.6666666865348816,0.6666666865348816,1.0
0,38,-12.1522216796875,20.86463165283203,0.25,0.75,1.0
0,39,-3.327814817428589,5.279901504516602,0.5,1.0,1.0
0,40,-12.968576431274414,75.40388488769531,0.0,0.6666666865348816,0.6666666865348816
0,41,-35.549434661865234,374.2431640625,0.1666666716337204,0.3333333432674408,0.5
0,42,-8.345850944519043,64.90504455566406,0.5,0.5,0.5
0,43,-11.443766593933105,9.86263370513916,0.6000000238418579,0.800000011920929,1.0
0,44,-9.038644790649414,91.77339172363281,0.0,0.5,1.0
0,45,-9.252439498901367,102.12726593017578,0.0,0.5,0.5
0,46,-18.45414924621582,10.041922569274902,0.5,0.625,1.0
0,47,-21.724857330322266,37.36780548095703,0.3333333432674408,0.6666666865348816,0.8333333730697632
0,48,-5.882363319396973,358.6558837890625,0.0,0.0,1.0
0,49,-12.842721939086914,614.83935546875,0.0,0.0,0.5
0,50,-6.997219562530518,33.0694465637207,0.0,1.0,1.0
0,51,-0.42325466871261597,1.2356873750686646,1.0,1.0,1.0
0,52,-9.728142738342285,25.603118896484375,0.6666666865348816,0.6666666865348816,0.6666666865348816
0,53,-14.830650329589844,8.320016860961914,0.1428571492433548,1.0,1.0
0,54,-8.644888877868652,17.84332847595215,0.3333333432674408,0.6666666865348816,1.0
0,55,-10.172205924987793,161.7582550048828,0.5,0.5,0.5
0,56,-23.43950653076172,108.62499237060547,0.20000000298023224,0.6000000238418579,0.6000000238418579
0,57,-1.736613154411316,5.678080081939697,1.0,1.0,1.0
0,58,-13.185151100158691,6.577094078063965,0.5714285969734192,0.8571429252624512,1.0
0,59,-5.704794883728027,17.32927894592285,0.0,1.0,1.0
0,60,-2.685918092727661,1.4677088260650635,1.0,1.0,1.0
0,61,-8.960369110107422,88.2509536743164,0.0,0.5,1.0
0,62,-4.420956611633301,83.17581176757812,0.0,1.0,1.0
0,63,-16.34819221496582,59.56380081176758,0.5,0.5,1.0
0,64,-0.6184952855110168,1.856132984161377,1.0,1.0,1.0
0,65,-5.823568344116211,18.38957977294922,0.0,1.0,1.0
0,66,-19.43086814880371,48.724098205566406,0.4000000059604645,0.6000000238418579,1.0
0,67,-12.635621070861816,12.5174560546875,0.6000000238418579,0.800000011920929,0.800000011920929
0,68,-46.257102966308594,102.07527160644531,0.20000000298023224,0.5,0.800000011920929
0,69,-33.433658599853516,263.0322265625,0.1666666716337204,0.1666666716337204,0.8333333730697632
0,70,-14.104043006896973,33.98810958862305,0.5,0.5,1.0
0,71,-10.548942565917969,195.28720092773438,0.0,0.5,0.5
0,72,-14.507232666015625,37.59263610839844,0.25,1.0,1.0
0,73,-6.6756463050842285,792.8596801757812,0.0,0.0,1.0
0,74,-15.366825103759766,46.60492706298828,0.25,0.75,0.75
0,75,-3.6662206649780273,6.2533063888549805,0.5,1.0,1.0
0,76,-3.8413686752319336,3.598280668258667,0.3333333432674408,1.0,1.0
0,77,-31.849775314331055,202.0056610107422,0.3333333432674408,0.5,0.6666666865348816
0,78,-12.967204093933105,25.579750061035156,0.75,0.75,0.75
0,79,-5.475344657897949,3.9307732582092285,0.75,1.0,1.0
0,80,-7.206881999969482,11.048492431640625,0.6666666865348816,0.6666666865348816,1.0
0,81,-14.429553031921387,6.072037220001221,0.5,1.0,1.0
0,82,-15.361828804016113,167.43743896484375,0.3333333432674408,0.3333333432674408,0.6666666865348816
0,83,-4.753092288970947,115.94226837158203,0.0,0.0,1.0
0,84,-18.74712562561035,42.496646881103516,0.4000000059604645,0.6000000238418579,0.800000011920929
0,85,-6.888157367706299,31.314420700073242,0.0,1.0,1.0
0,86,-39.87470626831055,53.9183349609375,0.5,0.6000000238418579,0.6000000238418579
0,87,-10.467470169067383,4.460910320281982,0.5714285969734192,0.8571429252624512,1.0
0,88,-3.486713171005249,5.7164998054504395,0.5,1.0,1.0
0,89,-34.333457946777344,959.7680053710938,0.20000000298023224,0.20000000298023224,0.6000000238418579
0,90,-10.818157196044922,6.0679826736450195,0.6666666865348816,0.8333333730697632,1.0
0,91,-2.49700665473938,3.4851229190826416,0.5,1.0,1.0
0,92,-36.316200256347656,425.25970458984375,0.3333333432674408,0.5,0.5
0,93,-4.938998222351074,5.187919616699219,0.3333333432674408,1.0,1.0
0,94,-11.39948844909668,17.285572052001953,0.25,0.75,1.0
0,95,-5.86231803894043,18.74934959411621,0.0,1.0,1.0
0,96,-8.85540771484375,9.150897026062012,0.5,0.75,1.0
0,97,-6.534639358520508,5.122588634490967,0.5,1.0,1.0
0,98,-34.040836334228516,30.08671760559082,0.4000000059604645,0.699999988079071,0.9000000357627869
0,99,-7.640913963317871,12.768373489379883,0.6666666865348816,1.0,1.0
0,100,-8.29963207244873,63.42232894897461,0.0,0.5,1.0
0,101,-17.165664672851562,73.06987762451172,0.0,0.75,0.75
0,102,-3.129411220550537,4.781267166137695,1.0,1.0,1.0
0,103,-1.481012225151062,2.096996545791626,1.0,1.0,1.0
0,104,-7.390267372131348,3.427089214324951,0.6666666865348816,1.0,1.0
0,105,-14.351595878601074,119.56564331054688,0.3333333432674408,0.3333333432674408,0.6666666865348816
0,106,-7.787363529205322,49.0912971496582,0.5,0.5,0.5
0,107,-18.900232315063477,12709.6416015625,0.0,0.0,0.0
0,108,-4.438114166259766,9.198653221130371,0.5,1.0,1.0
0,109,-48.94329833984375,230.0149383544922,0.2222222238779068,0.2222222238779068,0.7777777910232544
0,110,-18.81558609008789,12182.9541015625,0.0,0.0,0.5
0,111,-17.677513122558594,34.312259674072266,0.20000000298023224,0.6000000238418579,1.0
0,112,-8.820751190185547,18.920583724975586,0.6666666865348816,0.6666666865348816,0.6666666865348816
0,113,-1.9185497760772705,1.8955641984939575,0.6666666865348816,1.0,1.0
0,114,-4.49385404586792,89.46558380126953,0.0,0.0,1.0
0,115,-12.317766189575195,472.89959716796875,0.0,0.5,0.5
0,116,-1.6583647727966309,2.2914445400238037,1.0,1.0,1.0
0,117,-12.916752815246582,2.700930595397949,0.8461538553237915,0.9230769872665405,1.0
0,118,-8.964111328125,88.41624450683594,0.0,0.5,0.5
0,119,-1.9297316074371338,2.6244354248046875,1.0,1.0,1.0
0,120,-38.787696838378906,127.5440902709961,0.25,0.375,0.75
0,121,-39.64112854003906,740.1515502929688,0.0,0.3333333432674408,0.3333333432674408
0,122,-9.414962768554688,4.802614212036133,0.5,0.8333333730697632,1.0
0,123,-15.753936767578125,51.34071731567383,0.75,0.75,0.75
0,124,-9.237899780273438,6.344447135925293,0.6000000238418579,1.0,1.0
0,125,-10.840540885925293,15.0313081741333,0.5,0.75,1.0
0,126,-14.443483352661133,36.998260498046875,0.5,0.5,0.75
0,127,-5.472414970397949,6.197452545166016,0.6666666865348816,1.0,1.0
0,128,-11.149669647216797,16.239025115966797,0.5,0.5,1.0
0,129,-4.03052282333374,56.29033279418945,0.0,0.0,1.0
0,130,-12.610527992248535,66.92076873779297,0.6666666865348816,0.6666666865348816,0.6666666865348816
0,131,-10.47415542602539,8.124067306518555,0.6000000238418579,0.800000011920929,1.0
0,132,-5.288321495056152,198.0107879638672,0.0,0.0,1.0
0,133,-5.265689849853516,13.913296699523926,0.5,0.5,1.0
0,134,-11.380549430847168,295.97491455078125,0.0,0.5,1.0
0,135,-2.1533305644989014,2.0498709678649902,0.6666666865348816,1.0,1.0
0,136,-7.219010829925537,36.94777297973633,0.0,0.5,1.0
0,137,-18.439138412475586,10092.71484375,0.0,0.5,0.5
0,138,-7.0259108543396,10.40170955657959,0.3333333432674408,0.6666666865348816,1.0
0,139,-6.487020492553711,3.6597836017608643,0.6000000238418579,1.0,1.0
0,140,-9.65699577331543,25.003070831298828,0.3333333432674408,0.3333333432674408,1.0
0,141,-9.15658187866211,9.86650276184082,0.5,1.0,1.0
0,142,-12.549827575683594,12.30450439453125,0.6000000238418579,0.800000011920929,1.0
0,143,-13.410884857177734,816.83935546875,0.0,0.5,0.5
0,144,-17.236778259277344,74.38055419921875,0.5,0.75,0.75
0,145,-32.42215347290039,25.590351104736328,0.4000000059604645,0.6000000238418579,0.9000000357627869
0,146,-11.320695877075195,43.53499984741211,0.0,0.6666666865348816,1.0
0,147,-3.739577293395996,6.4869256019592285,0.5,1.0,1.0
0,148,-9.85619831085205,138.11672973632812,0.5,0.5,0.5
1,0,-13.962265014648438,1076.1363525390625,0.0,0.0,0.5
1,1,-11.068321228027344,3.9889984130859375,0.75,0.875,1.0
1,2,-10.940559387207031,237.52662658691406,0.5,0.5,0.5
1,3,-5.372402191162109,215.379638671875,0.0,1.0,1.0
1,4,-9.172916412353516,98.14620208740234,0.5,0.5,0.5
1,5,-0.766122043132782,1.4667675495147705,1.0,1.0,1.0
1,6,-8.189990043640137,15.332836151123047,0.6666666865348816,0.6666666865348816,0.6666666865348816
1,7,-7.734099864959717,47.80116271972656,0.0,0.5,1.0
1,8,-12.38473129272461,11.904855728149414,0.20000000298023224,0.800000011920929,1.0
1,9,-0.1357288509607315,1.0702202320098877,1.0,1.0,1.0
1,10,-13.645536422729492,94.49169921875,0.6666666865348816,0.6666666865348816,0.6666666865348816
1,11,-11.331016540527344,43.685028076171875,0.3333333432674408,0.6666666865348816,1.0
1,12,-2.8170952796936035,4.090011119842529,1.0,1.0,1.0
1,13,-9.625269889831543,123.0554428100586,0.5,0.5,1.0
1,14,-4.65762996673584,4.72346830368042,0.6666666865348816,1.0,1.0
1,15,-7.183526992797852,6.024785041809082,0.75,0.75,1.0
1,16,-7.926341533660889,14.04285717010498,0.0,0.6666666865348816,1.0
1,17,-4.7259840965271,4.832326412200928,0.6666666865348816,1.0,1.0
1,18,-5.476156234741211,3.931570529937744,0.5,1.0,1.0
1,19,-15.983354568481445,14.352046012878418,0.5,0.6666666865348816,0.8333333730697632
1,20,-5.665744781494141,4.122402667999268,0.75,0.75,1.0
1,21,-5.785006999969482,6.878053665161133,0.6666666865348816,0.6666666865348816,1.0
1,22,-14.282791137695312,1263.1900634765625,0.0,0.0,1.0
1,23,-14.5318021774292,11.2680025100708,0.6666666865348816,0.6666666865348816,1.0
1,24,-2.0410819053649902,7.698934555053711,0.0,1.0,1.0
1,25,-32.069820404052734,7.421370983123779,0.375,0.8125,1.0
1,26,-1.6743141412734985,2.309791088104248,0.5,1.0,1.0
1,27,-9.587038040161133,10.987513542175293,0.5,0.75,1.0
1,28,-7.636999130249023,12.751723289489746,0.3333333432674408,0.6666666865348816,1.0
1,29,-2.446916103363037,11.552664756774902,0.0,1.0,1.0
1,30,-8.265320777893066,62.34355926513672,0.5,0.5,0.5
1,31,-2.0002691745758057,2.7186477184295654,0.5,1.0,1.0
1,32,-7.638001441955566,45.558658599853516,0.5,0.5,1.0
1,33,-1.8833670616149902,2.5642948150634766,0.5,1.0,1.0
1,34,-2.532662868499756,12.586978912353516,0.0,1.0,1.0
1,35,-3.9101688861846924,7.064515590667725,0.5,1.0,1.0
1,36,-6.434200286865234,4.995562553405762,0.5,0.75,1.0
1,37,-4.775294780731201,4.912411212921143,0.6666666865348816,0.6666666865348816,1.0
1,38,-12.1522216796875,20.86463165283203,0.25,0.75,1.0
1,39,-3.327814817428589,5.279901504516602,0.5,1.0,1.0
1,40,-12.968576431274414,75.40388488769531,0.0,0.6666666865348816,0.6666666865348816
1,41,-35.549434661865234,374.2431640625,0.1666666716337204,0.3333333432674408,0.5
1,42,-8.345850944519043,64.90504455566406,0.5,0.5,0.5
1,43,-11.443766593933105,9.86263370513916,0.6000000238418579,0.800000011920929,1.0
1,44,-9.038644790649414,91.77339172363281,0.0,0.5,1.0
1,45,-9.252439498901367,102.12726593017578,0.0,0.5,0.5
1,46,-18.45414924621582,10.041922569274902,0.5,0.625,1.0
1,47,-21.724857330322266,37.36780548095703,0.3333333432674408,0.6666666865348816,0.8333333730697632
1,48,-5.882363319396973,358.6558837890625,0.0,0.0,1.0
1,49,-12.842721939086914,614.83935546875,0.0,0.0,0.5
1,50,-6.997219562530518,33.0694465637207,0.0,1.0,1.0
1,51,-0.42325466871261597,1.2356873750686646,1.0,1.0,1.0
1,52,-9.728142738342285,25.603118896484375,0.6666666865348816,0.6666666865348816,0.6666666865348816
1,53,-14.830650329589844,8.320016860961914,0.1428571492433548,1.0,1.0
1,54,-8.644888877868652,17.84332847595215,0.3333333432674408,0.6666666865348816,1.0
1,55,-10.172205924987793,161.7582550048828,0.5,0.5,0.5
1,56,-23.43950653076172,108.62499237060547,0.20000000298023224,0.6000000238418579,0.6000000238418579
1,57,-1.736613154411316,5.678080081939697,1.0,1.0,1.0
1,58,-13.185151100158691,6.577094078063965,0.5714285969734192,0.8571429252624512,1.0
1,59,-5.704794883728027,17.32927894592285,0.0,1.0,1.0
1,60,-2.685918092727661,1.4677088260650635,1.0,1.0,1.0
1,61,-8.960369110107422,88.2509536743164,0.0,0.5,1.0
1,62,-4.420956611633301,83.17581176757812,0.0,1.0,1.0
1,63,-16.34819221496582,59.56380081176758,0.5,0.5,1.0
1,64,-0.6184952855110168,1.856132984161377,1.0,1.0,1.0
1,65,-5.823568344116211,18.38957977294922,0.0,1.0,1.0
1,66,-19.43086814880371,48.724098205566406,0.4000000059604645,0.6000000238418579,1.0
1,67,-12.635621070861816,12.5174560546875,0.6000000238418579,0.800000011920929,0.800000011920929
1,68,-46.257102966308594,102.07527160644531,0.20000000298023224,0.5,0.800000011920929
1,69,-33.433658599853516,263.0322265625,0.1666666716337204,0.1666666716337204,0.8333333730697632
1,70,-14.104043006896973,33.98810958862305,0.5,0.5,1.0
1,71,-10.548942565917969,195.28720092773438,0.0,0.5,0.5
1,72,-14.507232666015625,37.59263610839844,0.25,1.0,1.0
1,73,-6.6756463050842285,792.8596801757812,0.0,0.0,1.0
1,74,-15.366825103759766,46.60492706298828,0.25,0.75,0.75
1,75,-3.6662206649780273,6.2533063888549805,0.5,1.0,1.0
1,76,-3.8413686752319336,3.598280668258667,0.3333333432674408,1.0,1.0
1,77,-31.849775314331055,202.0056610107422,0.3333333432674408,0.5,0.6666666865348816
1,78,-12.967204093933105,25.579750061035156,0.75,0.75,0.75
1,79,-5.475344657897949,3.9307732582092285,0.75,1.0,1.0
1,80,-7.206881999969482,11.048492431640625,0.6666666865348816,0.6666666865348816,1.0
1,81,-14.429553031921387,6.072037220001221,0.5,1.0,1.0
1,82,-15.361828804016113,167.43743896484375,0.3333333432674408,0.3333333432674408,0.6666666865348816
1,83,-4.753092288970947,115.94226837158203,0.0,0.0,1.0
1,84,-18.74712562561035,42.496646881103516,0.4000000059604645,0.6000000238418579,0.800000011920929
1,85,-6.888157367706299,31.314420700073242,0.0,1.0,1.0
1,86,-39.87470626831055,53.9183349609375,0.5,0.6000000238418579,0.6000000238418579
1,87,-10.467470169067383,4.460910320281982,0.5714285969734192,0.8571429252624512,1.0
1,88,-3.486713171005249,5.7164998054504395,0.5,1.0,1.0
1,89,-34.333457946777344,959.7680053710938,0.20000000298023224,0.20000000298023224,0.6000000238418579
1,90,-10.818157196044922,6.0679826736450195,0.6666666865348816,0.8333333730697632,1.0
1,91,-2.49700665473938,3.4851229190826416,0.5,1.0,1.0
1,92,-36.316200256347656,425.25970458984375,0.3333333432674408,0.5,0.5
1,93,-4.938998222351074,5.187919616699219,0.3333333432674408,1.0,1.0
1,94,-11.39948844909668,17.285572052001953,0.25,0.75,1.0
1,95,-5.86231803894043,18.74934959411621,0.0,1.0,1.0
1,96,-8.85540771484375,9.150897026062012,0.5,0.75,1.0
1,97,-6.534639358520508,5.122588634490967,0.5,1.0,1.0
1,98,-34.040836334228516,30.08671760559082,0.4000000059604645,0.699999988079071,0.9000000357627869
1,99,-7.640913963317871,12.768373489379883,0.6666666865348816,1.0,1.0
1,100,-8.29963207244873,63.42232894897461,0.0,0.5,1.0
1,101,-17.165664672851562,73.06987762451172,0.0,0.75,0.75
1,102,-3.129411220550537,4.781267166137695,1.0,1.0,1.0
1,103,-1.481012225151062,2.096996545791626,1.0,1.0,1.0
1,104,-7.390267372131348,3.427089214324951,0.6666666865348816,1.0,1.0
1,105,-14.351595878601074,119.56564331054688,0.3333333432674408,0.3333333432674408,0.6666666865348816
1,106,-7.787363529205322,49.0912971496582,0.5,0.5,0.5
1,107,-18.900232315063477,12709.6416015625,0.0,0.0,0.0
1,108,-4.438114166259766,9.198653221130371,0.5,1.0,1.0
1,109,-48.94329833984375,230.0149383544922,0.2222222238779068,0.2222222238779068,0.7777777910232544
1,110,-18.81558609008789,12182.9541015625,0.0,0.0,0.5
1,111,-17.677513122558594,34.312259674072266,0.20000000298023224,0.6000000238418579,1.0
1,112,-8.820751190185547,18.920583724975586,0.6666666865348816,0.6666666865348816,0.6666666865348816
1,113,-1.9185497760772705,1.8955641984939575,0.6666666865348816,1.0,1.0
1,114,-4.49385404586792,89.46558380126953,0.0,0.0,1.0
1,115,-12.317766189575195,472.89959716796875,0.0,0.5,0.5
1,116,-1.6583647727966309,2.2914445400238037,1.0,1.0,1.0
1,117,-12.916752815246582,2.700930595397949,0.8461538553237915,0.9230769872665405,1.0
1,118,-8.964111328125,88.41624450683594,0.0,0.5,0.5
1,119,-1.9297316074371338,2.6244354248046875,1.0,1.0,1.0
1,120,-38.787696838378906,127.5440902709961,0.25,0.375,0.75
1,121,-39.64112854003906,740.1515502929688,0.0,0.3333333432674408,0.3333333432674408
1,122,-9.414962768554688,4.802614212036133,0.5,0.8333333730697632,1.0
1,123,-15.753936767578125,51.34071731567383,0.75,0.75,0.75
1,124,-9.237899780273438,6.344447135925293,0.6000000238418579,1.0,1.0
1,125,-10.840540885925293,15.0313081741333,0.5,0.75,1.0
1,126,-14.443483352661133,36.998260498046875,0.5,0.5,0.75
1,127,-5.472414970397949,6.197452545166016,0.6666666865348816,1.0,1.0
1,128,-11.149669647216797,16.239025115966797,0.5,0.5,1.0
1,129,-4.03052282333374,56.29033279418945,0.0,0.0,1.0
1,130,-12.610527992248535,66.92076873779297,0.6666666865348816,0.6666666865348816,0.6666666865348816
1,131,-10.47415542602539,8.124067306518555,0.6000000238418579,0.800000011920929,1.0
1,132,-5.288321495056152,198.0107879638672,0.0,0.0,1.0
1,133,-5.265689849853516,13.913296699523926,0.5,0.5,1.0
1,134,-11.380549430847168,295.97491455078125,0.0,0.5,1.0
1,135,-2.1533305644989014,2.0498709678649902,0.6666666865348816,1.0,1.0
1,136,-7.219010829925537,36.94777297973633,0.0,0.5,1.0
1,137,-18.439138412475586,10092.71484375,0.0,0.5,0.5
1,138,-7.0259108543396,10.40170955657959,0.3333333432674408,0.6666666865348816,1.0
1,139,-6.487020492553711,3.6597836017608643,0.6000000238418579,1.0,1.0
1,140,-9.65699577331543,25.003070831298828,0.3333333432674408,0.3333333432674408,1.0
1,141,-9.15658187866211,9.86650276184082,0.5,1.0,1.0
1,142,-12.549827575683594,12.30450439453125,0.6000000238418579,0.800000011920929,1.0
1,143,-13.410884857177734,816.83935546875,0.0,0.5,0.5
1,144,-17.236778259277344,74.38055419921875,0.5,0.75,0.75
1,145,-32.42215347290039,25.590351104736328,0.4000000059604645,0.6000000238418579,0.9000000357627869
1,146,-11.320695877075195,43.53499984741211,0.0,0.6666666865348816,1.0
1,147,-3.739577293395996,6.4869256019592285,0.5,1.0,1.0
1,148,-9.85619831085205,138.11672973632812,0.5,0.5,0.5
2,0,-13.83499526977539,1009.7899169921875,0.0,0.0,0.5
2,1,-11.111841201782227,4.0107574462890625,0.75,0.875,1.0
2,2,-10.911513328552246,234.10194396972656,0.5,0.5,0.5
2,3,-5.389275550842285,219.0446319580078,0.0,1.0,1.0
2,4,-9.172037124633789,98.10306549072266,0.5,0.5,0.5
2,5,-0.7724266648292542,1.4713985919952393,1.0,1.0,1.0
2,6,-8.238689422607422,15.583768844604492,0.6666666865348816,0.6666666865348816,0.6666666865348816
2,7,-7.714864253997803,47.343624114990234,0.0,0.5,1.0
2,8,-12.455878257751465,12.075465202331543,0.20000000298023224,0.800000011920929,1.0
2,9,-0.14022403955459595,1.0726282596588135,1.0,1.0,1.0
2,10,-13.615580558776855,93.55288696289062,0.6666666865348816,0.6666666865348816,0.6666666865348816
2,11,-11.316520690917969,43.474456787109375,0.3333333432674408,0.6666666865348816,1.0
2,12,-2.8202903270721436,4.096549987792969,1.0,1.0,1.0
2,13,-9.593499183654785,121.11610412597656,0.5,0.5,1.0
2,14,-4.652811050415039,4.715887069702148,0.6666666865348816,1.0,1.0
2,15,-7.214766979217529,6.072022438049316,0.75,0.75,1.0
2,16,-7.916231632232666,13.995612144470215,0.0,0.6666666865348816,1.0
2,17,-4.703382968902588,4.796058177947998,0.6666666865348816,1.0,1.0
2,18,-5.476577281951904,3.9319844245910645,0.75,1.0,1.0
2,19,-15.952446937561035,14.278305053710938,0.5,0.8333333730697632,0.8333333730697632
2,20,-5.649564743041992,4.105761528015137,0.75,0.75,1.0
2,21,-5.794023036956787,6.89875602722168,0.6666666865348816,0.6666666865348816,1.0
2,22,-14.304685592651367,1277.0943603515625,0.0,0.0,1.0
2,23,-14.499372482299805,11.207262992858887,0.6666666865348816,0.6666666865348816,1.0
2,24,-2.046525478363037,7.740958213806152,0.0,1.0,1.0
2,25,-31.860750198364258,7.325026988983154,0.375,0.8125,1.0
2,26,-1.686264991760254,2.323634386062622,0.5,1.0,1.0
2,27,-9.602325439453125,11.029586791992188,0.5,0.75,1.0
2,28,-7.638859272003174,12.75963020324707,0.3333333432674408,0.6666666865348816,1.0
2,29,-2.3960964679718018,10.980231285095215,0.0,1.0,1.0
2,30,-8.273185729980469,62.58920669555664,0.5,0.5,0.5
2,31,-1.9774106740951538,2.6877527236938477,0.5,1.0,1.0
2,32,-7.628631114959717,45.345706939697266,0.5,0.5,1.0
2,33,-1.945159912109375,2.644759178161621,0.5,1.0,1.0
2,34,-2.5195274353027344,12.422725677490234,0.0,1.0,1.0
2,35,-3.921548366546631,7.104825496673584,0.5,1.0,1.0
2,36,-6.42147970199585,4.979701519012451,0.5,0.75,1.0
2,37,-4.766739845275879,4.898422718048096,0.6666666865348816,0.6666666865348816,1.0
2,38,-12.144043922424316,20.822017669677734,0.25,0.75,1.0
2,39,-3.3425064086914062,5.31882905960083,0.5,1.0,1.0
2,40,-12.994752883911133,76.06471252441406,0.0,0.6666666865348816,0.6666666865348816
2,41,-35.522239685058594,372.5508117675781,0.1666666716337204,0.3333333432674408,0.5
2,42,-8.34850025177002,64.9910888671875,0.5,0.5,0.5
2,43,-11.361598014831543,9.701878547668457,0.6000000238418579,0.800000011920929,1.0
2,44,-9.095980644226074,94.44241333007812,0.0,0.5,1.0
2,45,-9.265034675598145,102.77244567871094,0.0,0.5,0.5
2,46,-18.47134017944336,10.063525199890137,0.5,0.625,1.0
2,47,-21.732988357543945,37.418479919433594,0.3333333432674408,0.6666666865348816,0.8333333730697632
2,48,-5.882516860961914,358.7109375,0.0,0.0,1.0
2,49,-12.86049747467041,620.3281860351562,0.0,0.0,0.5
2,50,-6.985328197479248,32.873409271240234,0.0,1.0,1.0
2,51,-0.4205513596534729,1.2340182065963745,1.0,1.0,1.0
2,52,-9.765715599060059,25.925798416137695,0.6666666865348816,0.6666666865348816,0.6666666865348816
2,53,-14.783315658569336,8.263945579528809,0.1428571492433548,1.0,1.0
2,54,-8.586345672607422,17.49850082397461,0.3333333432674408,0.6666666865348816,1.0
2,55,-10.167778015136719,161.40052795410156,0.5,0.5,0.5
2,56,-23.49748992919922,109.89202117919922,0.20000000298023224,0.6000000238418579,0.6000000238418579
2,57,-1.7499337196350098,5.754221439361572,1.0,1.0,1.0
2,58,-13.216657638549805,6.60676383972168,0.5714285969734192,0.8571429252624512,1.0
2,59,-5.695462703704834,17.248605728149414,0.0,1.0,1.0
2,60,-2.6736550331115723,1.4651398658752441,1.0,1.0,1.0
2,61,-8.9558687210083,88.05259704589844,0.0,0.5,1.0
2,62,-4.427732467651367,83.74131774902344,0.0,1.0,1.0
2,63,-16.340801239013672,59.4538459777832,0.5,0.5,1.0
2,64,-0.6198060512542725,1.858567476272583,1.0,1.0,1.0
2,65,-5.8106794357299805,18.27145004272461,0.0,1.0,1.0
2,66,-19.336307525634766,47.81127166748047,0.4000000059604645,0.6000000238418579,1.0
2,67,-12.663858413696289,12.588347434997559,0.6000000238418579,0.800000011920929,0.800000011920929
2,68,-46.30653762817383,102.58111572265625,0.20000000298023224,0.5,0.800000011920929
2,69,-33.36153793334961,259.88946533203125,0.1666666716337204,0.1666666716337204,0.8333333730697632
2,70,-14.12979507446289,34.2076301574707,0.5,0.5,1.0
2,71,-10.566407203674316,196.99996948242188,0.0,0.5,0.5
2,72,-14.469114303588867,37.2360954284668,0.25,1.0,1.0
2,73,-6.6989641189575195,811.564697265625,0.0,0.0,1.0
2,74,-15.417391777038574,47.19783401489258,0.25,0.75,0.75
2,75,-3.6786861419677734,6.292403221130371,0.5,1.0,1.0
2,76,-3.868485450744629,3.630952835083008,0.3333333432674408,1.0,1.0
2,77,-31.83074951171875,201.3661346435547,0.3333333432674408,0.5,0.6666666865348816
2,78,-12.950489044189453,25.473081588745117,0.75,0.75,0.75
2,79,-5.489938735961914,3.945140838623047,0.75,1.0,1.0
2,80,-7.178682804107666,10.9451265335083,0.6666666865348816,0.6666666865348816,1.0
2,81,-14.30970573425293,5.98175048828125,0.5,1.0,1.0
2,82,-15.300760269165039,164.06350708007812,0.3333333432674408,0.3333333432674408,0.6666666865348816
2,83,-4.753902912139893,116.03628540039062,0.0,0.0,1.0
2,84,-18.837574005126953,43.27238845825195,0.4000000059604645,0.6000000238418579,0.800000011920929
2,85,-6.893752098083496,31.40213966369629,0.0,1.0,1.0
2,86,-39.79701232910156,53.50104904174805,0.5,0.6000000238418579,0.6000000238418579
2,87,-10.475872039794922,4.466268062591553,0.5714285969734192,0.8571429252624512,1.0
2,88,-3.4703900814056396,5.670033931732178,0.5,1.0,1.0
2,89,-34.261756896972656,946.102783203125,0.20000000298023224,0.20000000298023224,0.6000000238418579
2,90,-10.859354019165039,6.1097893714904785,0.6666666865348816,0.8333333730697632,1.0
2,91,-2.5145108699798584,3.515758991241455,0.5,1.0,1.0
2,92,-36.225128173828125,418.85357666015625,0.3333333432674408,0.5,0.5
2,93,-4.926690578460693,5.166679382324219,0.3333333432674408,1.0,1.0
2,94,-11.3046875,16.88071632385254,0.25,0.75,1.0
2,95,-5.866109848022461,18.784929275512695,0.0,1.0,1.0
2,96,-8.86434555053711,9.171367645263672,0.5,0.75,1.0
2,97,-6.57711935043335,5.177279949188232,0.5,1.0,1.0
2,98,-34.052818298339844,30.122783660888672,0.4000000059604645,0.699999988079071,0.9000000357627869
2,99,-7.670153617858887,12.89342975616455,0.6666666865348816,1.0,1.0
2,100,-8.284950256347656,62.958457946777344,0.0,0.5,1.0
2,101,-17.24666976928711,74.5647201538086,0.0,0.75,0.75
2,102,-3.07211971282959,4.646247386932373,1.0,1.0,1.0
2,103,-1.4671058654785156,2.0824663639068604,1.0,1.0,1.0
2,104,-7.432351112365723,3.4512109756469727,0.6666666865348816,1.0,1.0
2,105,-14.369070053100586,120.26409149169922,0.3333333432674408,0.3333333432674408,0.6666666865348816
2,106,-7.7553253173828125,48.31116485595703,0.5,0.5,0.5
2,107,-18.856279373168945,12433.3759765625,0.0,0.0,0.0
2,108,-4.398191452026367,9.01685619354248,0.5,1.0,1.0
2,109,-48.84449005126953,227.50347900390625,0.2222222238779068,0.2222222238779068,0.7777777910232544
2,110,-18.683216094970703,11402.7294921875,0.0,0.0,0.5
2,111,-17.728872299194336,34.66652297973633,0.20000000298023224,0.6000000238418579,1.0
2,112,-8.933038711547852,19.64218521118164,0.6666666865348816,0.6666666865348816,0.6666666865348816
2,113,-1.9173848628997803,1.89482843875885,0.6666666865348816,1.0,1.0
2,114,-4.517037391662598,91.56392669677734,0.0,0.0,1.0
2,115,-12.238655090332031,454.5589294433594,0.0,0.5,0.5
2,116,-1.6559529304504395,2.2886829376220703,1.0,1.0,1.0
2,117,-12.962020874023438,2.7103521823883057,0.8461538553237915,0.9230769872665405,1.0
2,118,-8.951133728027344,87.8443832397461,0.0,0.5,0.5
2,119,-1.9431047439575195,2.642042875289917,1.0,1.0,1.0
2,120,-38.783355712890625,127.47489929199219,0.25,0.375,0.75
2,121,-39.588706970214844,733.7129516601562,0.0,0.3333333432674408,0.3333333432674408
2,122,-9.430840492248535,4.815340995788574,0.5,0.8333333730697632,1.0
2,123,-15.709760665893555,50.77682876586914,0.75,0.75,0.75
2,124,-9.192480087280273,6.287075519561768,0.6000000238418579,1.0,1.0
2,125,-10.831624031066895,14.99783706665039,0.5,0.75,1.0
2,126,-14.457816123962402,37.13106918334961,0.5,0.5,0.75
2,127,-5.476358890533447,6.2056050300598145,0.6666666865348816,1.0,1.0
2,128,-11.209695816040039,16.484556198120117,0.5,0.5,1.0
2,129,-4.029247283935547,56.21857833862305,0.0,0.0,1.0
2,130,-12.627134323120117,67.292236328125,0.6666666865348816,0.6666666865348816,0.6666666865348816
2,131,-10.476042747497559,8.12713623046875,0.6000000238418579,0.800000011920929,1.0
2,132,-5.270122051239014,194.439697265625,0.0,0.0,1.0
2,133,-5.278248310089111,14.000936508178711,0.5,0.5,1.0
2,134,-11.342388153076172,290.38104248046875,0.0,0.5,1.0
2,135,-2.142176389694214,2.0422635078430176,0.6666666865348816,1.0,1.0
2,136,-7.2162580490112305,36.89695358276367,0.0,0.5,1.0
2,137,-18.373531341552734,9767.009765625,0.0,0.5,0.5
2,138,-7.018795013427734,10.377068519592285,0.6666666865348816,0.6666666865348816,1.0
2,139,-6.49454402923584,3.665294885635376,0.6000000238418579,1.0,1.0
2,140,-9.647246360778809,24.921947479248047,0.3333333432674408,0.3333333432674408,1.0
2,141,-9.148794174194336,9.847311973571777,0.5,1.0,1.0
2,142,-12.620288848876953,12.479132652282715,0.6000000238418579,0.800000011920929,1.0
2,143,-13.399550437927246,812.2232666015625,0.0,0.5,0.5
2,144,-17.252466201782227,74.67284393310547,0.5,0.75,0.75
2,145,-32.48344421386719,25.747678756713867,0.4000000059604645,0.6000000238418579,0.9000000357627869
2,146,-11.31490421295166,43.4510383605957,0.0,0.6666666865348816,1.0
2,147,-3.7466983795166016,6.510063171386719,0.5,1.0,1.0
2,148,-9.852866172790527,137.88681030273438,0.5,0.5,0.5
3,0,-13.866687774658203,1025.9188232421875,0.0,0.0,0.5
3,1,-11.083419799804688,3.9965338706970215,0.75,0.875,1.0
3,2,-10.976880073547363,241.8795928955078,0.5,0.5,0.5
3,3,-5.3779144287109375,216.5701446533203,0.0,1.0,1.0
3,4,-9.177300453186035,98.36157989501953,0.5,0.5,0.5
3,5,-0.7856047749519348,1.4811257123947144,1.0,1.0,1.0
3,6,-8.236013412475586,15.56987190246582,0.6666666865348816,0.6666666865348816,0.6666666865348816
3,7,-7.748599529266357,48.14896774291992,0.0,0.5,1.0
3,8,-12.45338249206543,12.069437980651855,0.20000000298023224,0.800000011920929,1.0
3,9,-0.1397627592086792,1.0723809003829956,1.0,1.0,1.0
3,10,-13.645808219909668,94.50025939941406,0.6666666865348816,0.6666666865348816,0.6666666865348816
3,11,-11.295841217041016,43.17581558227539,0.3333333432674408,0.6666666865348816,1.0
3,12,-2.814089775085449,4.083869457244873,1.0,1.0,1.0
3,13,-9.627050399780273,123.1650390625,0.5,0.5,1.0
3,14,-4.6314377784729,4.682408809661865,0.6666666865348816,1.0,1.0
3,15,-7.252040386199951,6.128868103027344,0.75,0.75,1.0
3,16,-7.897065162658691,13.906481742858887,0.0,0.6666666865348816,1.0
3,17,-4.702869415283203,4.795237064361572,0.6666666865348816,1.0,1.0
3,18,-5.477285861968994,3.932681083679199,0.5,1.0,1.0
3,19,-15.902267456054688,14.159390449523926,0.5,0.8333333730697632,0.8333333730697632
3,20,-5.663717746734619,4.120314121246338,0.75,0.75,1.0
3,21,-5.7993388175964355,6.9109907150268555,0.6666666865348816,0.6666666865348816,1.0
3,22,-14.27665901184082,1259.322998046875,0.0,0.0,1.0
3,23,-14.37446403503418,10.976362228393555,0.6666666865348816,0.6666666865348816,1.0
3,24,-2.02933931350708,7.609057903289795,0.0,1.0,1.0
3,25,-31.89853286743164,7.342345714569092,0.375,0.8125,1.0
3,26,-1.6590224504470825,2.2921981811523438,0.5,1.0,1.0
3,27,-9.644807815551758,11.14735221862793,0.5,0.75,1.0
3,28,-7.614584922790527,12.656803131103516,0.3333333432674408,0.6666666865348816,1.0
3,29,-2.4213979244232178,11.261590957641602,0.0,1.0,1.0
3,30,-8.226639747619629,61.14938735961914,0.5,0.5,0.5
3,31,-2.0379464626312256,2.7703487873077393,0.5,1.0,1.0
3,32,-7.6171464920043945,45.08606719970703,0.5,0.5,1.0
3,33,-1.904106855392456,2.591024875640869,0.5,1.0,1.0
3,34,-2.518826961517334,12.414026260375977,0.0,1.0,1.0
3,35,-3.958247661590576,7.236400127410889,0.5,1.0,1.0
3,36,-6.4427995681762695,5.006313800811768,0.5,0.75,1.0
3,37,-4.770298480987549,4.904236793518066,0.6666666865348816,0.6666666865348816,1.0
3,38,-12.145684242248535,20.83055877685547,0.25,0.75,1.0
3,39,-3.3531618118286133,5.3472418785095215,0.5,1.0,1.0
3,40,-13.024848937988281,76.83161163330078,0.0,0.6666666865348816,0.6666666865348816
3,41,-35.3665885925293,363.01043701171875,0.1666666716337204,0.3333333432674408,0.5
3,42,-8.327946662902832,64.32660675048828,0.5,0.5,0.5
3,43,-11.254112243652344,9.495543479919434,0.6000000238418579,0.800000011920929,1.0
3,44,-9.110980987548828,95.15341186523438,0.0,0.5,1.0
3,45,-9.250192642211914,102.0125961303711,0.0,0.5,0.5
3,46,-18.498279571533203,10.0974702835083,0.5,0.625,1.0
3,47,-21.575876235961914,36.451385498046875,0.3333333432674408,0.6666666865348816,0.8333333730697632
3,48,-5.885889053344727,359.9226379394531,0.0,0.0,1.0
3,49,-12.831806182861328,611.4927368164062,0.0,0.0,0.5
3,50,-7.022327423095703,33.487213134765625,0.0,1.0,1.0
3,51,-0.4239170253276825,1.2360966205596924,1.0,1.0,1.0
3,52,-9.716678619384766,25.50546646118164,0.6666666865348816,0.6666666865348816,0.6666666865348816
3,53,-14.715946197509766,8.184793472290039,0.1428571492433548,1.0,1.0
3,54,-8.655364990234375,17.905744552612305,0.3333333432674408,0.6666666865348816,1.0
3,55,-10.17015552520752,161.59251403808594,0.5,0.5,0.5
3,56,-23.462600708007812,109.12785339355469,0.20000000298023224,0.6000000238418579,0.6000000238418579
3,57,-1.7274208068847656,5.626124382019043,1.0,1.0,1.0
3,58,-13.223929405212402,6.613630771636963,0.5714285969734192,0.8571429252624512,1.0
3,59,-5.666224479675293,16.998281478881836,0.0,1.0,1.0
3,60,-2.676194667816162,1.4656716585159302,1.0,1.0,1.0
3,61,-8.899317741394043,85.59774017333984,0.0,0.5,1.0
3,62,-4.387573719024658,80.44499969482422,0.0,1.0,1.0
3,63,-16.286190032958984,58.64765167236328,0.5,0.5,1.0
3,64,-0.6266679167747498,1.8713645935058594,1.0,1.0,1.0
3,65,-5.791404724121094,18.096206665039062,0.0,1.0,1.0
3,66,-19.128265380859375,45.86274337768555,0.4000000059604645,0.6000000238418579,1.0
3,67,-12.578418731689453,12.375065803527832,0.6000000238418579,0.800000011920929,0.800000011920929
3,68,-46.29595184326172,102.47257995605469,0.20000000298023224,0.5,0.800000011920929
3,69,-33.16138458251953,251.36282348632812,0.1666666716337204,0.1666666716337204,0.8333333730697632
3,70,-14.132549285888672,34.23119354248047,0.5,0.5,1.0
3,71,-10.469019889831543,187.63714599609375,0.0,0.5,0.5
3,72,-14.415334701538086,36.73881149291992,0.25,1.0,1.0
3,73,-6.662382125854492,782.4125366210938,0.0,0.0,1.0
3,74,-15.389909744262695,46.87466812133789,0.25,0.75,0.75
3,75,-3.6332125663757324,6.150948524475098,0.5,1.0,1.0
3,76,-3.8392629623413086,3.5957560539245605,0.3333333432674408,1.0,1.0
3,77,-31.38205337524414,186.8567657470703,0.3333333432674408,0.5,0.6666666865348816
3,78,-13.012263298034668,25.869529724121094,0.75,0.75,0.75
3,79,-5.447909355163574,3.903904914855957,0.75,1.0,1.0
3,80,-7.203268051147461,11.035192489624023,0.6666666865348816,0.6666666865348816,1.0
3,81,-14.315683364868164,5.986221790313721,0.5,1.0,1.0
3,82,-15.316086769104004,164.90382385253906,0.3333333432674408,0.3333333432674408,0.6666666865348816
3,83,-4.727555274963379,113.0189208984375,0.0,0.0,1.0
3,84,-18.69704818725586,42.07314682006836,0.4000000059604645,0.6000000238418579,0.800000011920929
3,85,-6.916224479675293,31.75697135925293,0.0,1.0,1.0
3,86,-39.663578033447266,52.791893005371094,0.5,0.6000000238418579,0.6000000238418579
3,87,-10.47323226928711,4.464583873748779,0.5714285969734192,0.8571429252624512,1.0
3,88,-3.4884915351867676,5.721584796905518,0.5,1.0,1.0
3,89,-34.223384857177734,938.8699340820312,0.20000000298023224,0.20000000298023224,0.6000000238418579
3,90,-10.870475769042969,6.1211256980896,0.6666666865348816,0.8333333730697632,1.0
3,91,-2.4880411624908447,3.4695348739624023,0.5,1.0,1.0
3,92,-36.17647171020508,415.4705810546875,0.3333333432674408,0.5,0.5
3,93,-4.930799961090088,5.17376184463501,0.3333333432674408,1.0,1.0
3,94,-11.278209686279297,16.769344329833984,0.25,0.75,1.0
3,95,-5.9053568840026855,19.157196044921875,0.0,1.0,1.0
3,96,-8.846364974975586,9.130232810974121,0.5,0.75,1.0
3,97,-6.539642810821533,5.129000186920166,0.5,1.0,1.0
3,98,-34.083030700683594,30.21392822265625,0.30000001192092896,0.699999988079071,0.9000000357627869
3,99,-7.605222225189209,12.617364883422852,0.6666666865348816,1.0,1.0
3,100,-8.2598876953125,62.17443084716797,0.0,0.5,1.0
3,101,-17.103275299072266,71.93902587890625,0.0,0.75,0.75
3,102,-3.0721559524536133,4.646331310272217,1.0,1.0,1.0
3,103,-1.496077299118042,2.112851858139038,1.0,1.0,1.0
3,104,-7.41334867477417,3.440298080444336,0.6666666865348816,1.0,1.0
3,105,-14.339900016784668,119.10040283203125,0.3333333432674408,0.3333333432674408,0.6666666865348816
3,106,-7.705291748046875,47.11756896972656,0.5,0.5,0.5
3,107,-18.819217681884766,12205.0966796875,0.0,0.0,0.0
3,108,-4.435662269592285,9.187383651733398,0.5,1.0,1.0
3,109,-48.42237854003906,217.0796356201172,0.2222222238779068,0.2222222238779068,0.7777777910232544
3,110,-18.667644500732422,11314.294921875,0.0,0.0,0.5
3,111,-17.7341365814209,34.703041076660156,0.20000000298023224,0.6000000238418579,1.0
3,112,-8.911964416503906,19.50468635559082,0.6666666865348816,0.6666666865348816,0.6666666865348816
3,113,-1.9276423454284668,1.901318073272705,0.6666666865348816,1.0,1.0
3,114,-4.519237041473389,91.76555633544922,0.0,0.0,1.0
3,115,-12.315302848815918,472.3174743652344,0.0,0.5,0.5
3,116,-1.6484438180923462,2.2801060676574707,1.0,1.0,1.0
3,117,-12.811604499816895,2.6791725158691406,0.8461538553237915,0.9230769872665405,1.0
3,118,-8.994575500488281,89.7733154296875,0.0,0.5,0.5
3,119,-1.9323110580444336,2.6278223991394043,1.0,1.0,1.0
3,120,-38.75171661376953,126.97174072265625,0.25,0.375,0.75
3,121,-39.61056900024414,736.39111328125,0.0,0.3333333432674408,0.3333333432674408
3,122,-9.439631462097168,4.8224005699157715,0.5,0.8333333730697632,1.0
3,123,-15.71176528930664,50.80228805541992,0.75,0.75,0.75
3,124,-9.184250831604004,6.276736736297607,0.6000000238418579,1.0,1.0
3,125,-10.899263381958008,15.253604888916016,0.5,0.75,1.0
3,126,-14.496600151062012,37.49284362792969,0.5,0.5,0.75
3,127,-5.441357135772705,6.133624076843262,0.6666666865348816,1.0,1.0
3,128,-11.143206596374512,16.21280860900879,0.5,0.5,1.0
3,129,-4.011619567871094,55.23625946044922,0.0,0.0,1.0
3,130,-12.615365982055664,67.02877044677734,0.6666666865348816,0.6666666865348816,0.6666666865348816
3,131,-10.404500007629395,8.011675834655762,0.6000000238418579,0.800000011920929,1.0
3,132,-5.272456645965576,194.8941650390625,0.0,0.0,1.0
3,133,-5.283565044403076,14.03820514678955,0.5,0.5,1.0
3,134,-11.408470153808594,300.13580322265625,0.0,0.5,1.0
3,135,-2.154865264892578,2.050920009613037,0.6666666865348816,1.0,1.0
3,136,-7.234949111938477,37.2433967590332,0.0,0.5,1.0
3,137,-18.406597137451172,9929.830078125,0.0,0.5,0.5
3,138,-7.043342590332031,10.46232795715332,0.3333333432674408,0.6666666865348816,1.0
3,139,-6.5081987380981445,3.675318479537964,0.6000000238418579,1.0,1.0
3,140,-9.631141662597656,24.788516998291016,0.3333333432674408,0.3333333432674408,1.0
3,141,-9.103708267211914,9.73694133758545,0.5,1.0,1.0
3,142,-12.602092742919922,12.43380069732666,0.6000000238418579,0.800000011920929,1.0
3,143,-13.427648544311523,823.7147216796875,0.0,0.5,0.5
3,144,-17.26280975341797,74.8661880493164,0.5,0.75,0.75
3,145,-32.276336669921875,25.21990966796875,0.4000000059604645,0.6000000238418579,0.9000000357627869
3,146,-11.353949546813965,44.0202522277832,0.0,0.6666666865348816,1.0
3,147,-3.7780439853668213,6.612898349761963,0.5,1.0,1.0
3,148,-9.885039329528809,140.12286376953125,0.5,0.5,0.5
4,0,-13.793062210083008,988.8385620117188,0.0,0.0,0.5
4,1,-11.099299430847168,4.004475116729736,0.75,0.875,1.0
4,2,-10.966180801391602,240.58908081054688,0.5,0.5,0.5
4,3,-5.41883659362793,225.61648559570312,0.0,1.0,1.0
4,4,-9.134719848632812,96.28955841064453,0.5,0.5,0.5
4,5,-0.796925961971283,1.489533543586731,1.0,1.0,1.0
4,6,-8.244953155517578,15.616338729858398,0.6666666865348816,0.6666666865348816,0.6666666865348816
4,7,-7.76082706451416,48.444244384765625,0.0,0.5,1.0
4,8,-12.425081253051758,12.001317024230957,0.20000000298023224,0.800000011920929,1.0
4,9,-0.1391516774892807,1.07205331325531,1.0,1.0,1.0
4,10,-13.607179641723633,93.29127502441406,0.6666666865348816,0.6666666865348816,0.6666666865348816
4,11,-11.294830322265625,43.16126251220703,0.3333333432674408,0.6666666865348816,1.0
4,12,-2.8381507396698,4.133296966552734,1.0,1.0,1.0
4,13,-9.611265182495117,122.19676971435547,0.5,0.5,1.0
4,14,-4.684223175048828,4.765524864196777,0.6666666865348816,1.0,1.0
4,15,-7.188748836517334,6.032655239105225,0.75,0.75,1.0
4,16,-7.914259433746338,13.98641586303711,0.0,0.6666666865348816,1.0
4,17,-4.729940891265869,4.8387041091918945,0.6666666865348816,1.0,1.0
4,18,-5.495947360992432,3.9510715007781982,0.75,1.0,1.0
4,19,-15.825199127197266,13.978678703308105,0.5,0.8333333730697632,0.8333333730697632
4,20,-5.652471542358398,4.10874605178833,0.75,0.75,1.0
4,21,-5.8635759353637695,7.0605669021606445,0.6666666865348816,0.6666666865348816,1.0
4,22,-14.13734245300293,1174.5863037109375,0.0,0.0,1.0
4,23,-14.302005767822266,10.844605445861816,0.6666666865348816,0.6666666865348816,1.0
4,24,-2.043966770172119,7.721177101135254,0.0,1.0,1.0
4,25,-31.79496955871582,7.294974327087402,0.375,0.8125,1.0
4,26,-1.7239506244659424,2.367833375930786,0.5,1.0,1.0
4,27,-9.586167335510254,10.985122680664062,0.5,0.75,1.0
4,28,-7.579626560211182,12.510173797607422,0.3333333432674408,0.6666666865348816,1.0
4,29,-2.4227843284606934,11.277215957641602,0.0,1.0,1.0
4,30,-8.261650085449219,62.22924041748047,0.5,0.5,0.5
4,31,-2.0172064304351807,2.7417688369750977,0.5,1.0,1.0
4,32,-7.635278701782227,45.496681213378906,0.5,0.5,1.0
4,33,-1.9106508493423462,2.5995163917541504,0.5,1.0,1.0
4,34,-2.5385937690734863,12.661852836608887,0.0,1.0,1.0
4,35,-3.933321237564087,7.14677095413208,0.5,1.0,1.0
4,36,-6.466462135314941,5.036016941070557,0.5,0.75,1.0
4,37,-4.77025842666626,4.904171466827393,0.6666666865348816,0.6666666865348816,1.0
4,38,-12.111815452575684,20.654926300048828,0.25,0.75,1.0
4,39,-3.3462026119232178,5.328668117523193,0.5,1.0,1.0
4,40,-13.051663398742676,77.52143859863281,0.0,0.6666666865348816,0.6666666865348816
4,41,-35.16988754272461,351.3026428222656,0.1666666716337204,0.3333333432674408,0.6666666865348816
4,42,-8.352059364318848,65.10684204101562,0.5,0.5,0.5
4,43,-11.144888877868652,9.290363311767578,0.6000000238418579,0.800000011920929,1.0
4,44,-9.094198226928711,94.35829162597656,0.0,0.5,1.0
4,45,-9.237982749938965,101.39171600341797,0.0,0.5,0.5
4,46,-18.424335479736328,10.004569053649902,0.5,0.625,1.0
4,47,-21.54871368408203,36.286739349365234,0.3333333432674408,0.6666666865348816,0.8333333730697632
4,48,-5.892065525054932,362.1525573730469,0.0,0.0,1.0
4,49,-12.861810684204102,620.7357177734375,0.0,0.0,0.5
4,50,-6.991949081420898,32.982418060302734,0.0,1.0,1.0
4,51,-0.44568541646003723,1.2496240139007568,1.0,1.0,1.0
4,52,-9.713351249694824,25.477191925048828,0.6666666865348816,0.6666666865348816,0.6666666865348816
4,53,-14.688737869262695,8.153040885925293,0.1428571492433548,1.0,1.0
4,54,-8.693743705749512,18.13628387451172,0.3333333432674408,0.6666666865348816,1.0
4,55,-10.1503324508667,159.998779296875,0.5,0.5,0.5
4,56,-23.480323791503906,109.51537322998047,0.20000000298023224,0.6000000238418579,0.6000000238418579
4,57,-1.7357794046401978,5.6733479499816895,1.0,1.0,1.0
4,58,-13.226469993591309,6.616031646728516,0.5714285969734192,0.8571429252624512,1.0
4,59,-5.616954803466797,16.58464813232422,0.5,1.0,1.0
4,60,-2.6806888580322266,1.4666129350662231,1.0,1.0,1.0
4,61,-8.94389820098877,87.52715301513672,0.0,0.5,1.0
4,62,-4.408254146575928,82.12596130371094,0.0,1.0,1.0
4,63,-16.30357551574707,58.903106689453125,0.5,0.5,1.0
4,64,-0.6338380575180054,1.8848309516906738,1.0,1.0,1.0
4,65,-5.871328353881836,18.834009170532227,0.0,1.0,1.0
4,66,-18.702789306640625,42.121482849121094,0.4000000059604645,0.6000000238418579,1.0
4,67,-12.394145965576172,11.927291870117188,0.6000000238418579,0.800000011920929,0.800000011920929
4,68,-46.05128860473633,99.995849609375,0.20000000298023224,0.5,0.800000011920929
4,69,-32.54859161376953,226.95802307128906,0.1666666716337204,0.3333333432674408,0.8333333730697632
4,70,-14.174633979797363,34.5932502746582,0.5,0.5,1.0
4,71,-10.410402297973633,182.217529296875,0.0,0.5,0.5
4,72,-14.365242004394531,36.281593322753906,0.25,1.0,1.0
4,73,-6.658228397369385,779.1693115234375,0.0,0.0,1.0
4,74,-15.319580078125,46.05770492553711,0.25,0.75,0.75
4,75,-3.6597118377685547,6.2329888343811035,0.5,1.0,1.0
4,76,-3.878331184387207,3.6428890228271484,0.3333333432674408,1.0,1.0
4,77,-31.132822036743164,179.2539825439453,0.3333333432674408,0.5,0.6666666865348816
4,78,-12.947480201721191,25.453927993774414,0.75,0.75,0.75
4,79,-5.429783821105957,3.8862547874450684,0.75,1.0,1.0
4,80,-7.186613082885742,10.974096298217773,0.6666666865348816,0.6666666865348816,1.0
4,81,-14.321989059448242,5.990942001342773,0.5,1.0,1.0
4,82,-15.33353042602539,165.86546325683594,0.3333333432674408,0.3333333432674408,0.6666666865348816
4,83,-4.756659507751465,116.35659790039062,0.0,0.0,1.0
4,84,-18.631404876708984,41.52438735961914,0.4000000059604645,0.6000000238418579,0.800000011920929
4,85,-6.930943965911865,31.99155616760254,0.0,1.0,1.0
4,86,-39.59837341308594,52.44879913330078,0.5,0.6000000238418579,0.6000000238418579
4,87,-10.500532150268555,4.482029914855957,0.5714285969734192,0.8571429252624512,1.0
4,88,-3.4799530506134033,5.69720983505249,0.5,1.0,1.0
4,89,-34.23304748535156,940.6861572265625,0.20000000298023224,0.20000000298023224,0.6000000238418579
4,90,-10.856975555419922,6.107367992401123,0.6666666865348816,0.8333333730697632,1.0
4,91,-2.486339807510376,3.4665846824645996,0.5,1.0,1.0
4,92,-35.95305252075195,400.2845153808594,0.3333333432674408,0.5,0.5
4,93,-4.9436492919921875,5.1959686279296875,0.3333333432674408,1.0,1.0
4,94,-11.38387680053711,17.218238830566406,0.25,0.75,1.0
4,95,-5.876171112060547,18.879667282104492,0.0,1.0,1.0
4,96,-8.871105194091797,9.18687915802002,0.5,0.75,1.0
4,97,-6.582837104797363,5.184686183929443,0.5,1.0,1.0
4,98,-33.6834716796875,29.03050422668457,0.4000000059604645,0.699999988079071,0.9000000357627869
4,99,-7.691339492797852,12.9848051071167,0.6666666865348816,1.0,1.0
4,100,-8.2468900680542,61.77168273925781,0.0,0.5,1.0
4,101,-16.96044921875,69.4156494140625,0.0,0.75,0.75
4,102,-3.0327205657958984,4.555613994598389,1.0,1.0,1.0
4,103,-1.5041401386260986,2.121387004852295,1.0,1.0,1.0
4,104,-7.315262317657471,3.384514093399048,0.6666666865348816,1.0,1.0
4,105,-14.32962417602539,118.69310760498047,0.3333333432674408,0.3333333432674408,0.6666666865348816
4,106,-7.691057205200195,46.78340530395508,0.5,0.5,0.5
4,107,-18.770540237426758,11911.625,0.0,0.0,0.0
4,108,-4.431011199951172,9.16604232788086,0.5,1.0,1.0
4,109,-47.74263000488281,201.28797912597656,0.2222222238779068,0.2222222238779068,0.7777777910232544
4,110,-18.430192947387695,10047.673828125,0.0,0.0,0.5
4,111,-17.745128631591797,34.7794189453125,0.20000000298023224,0.6000000238418579,1.0
4,112,-8.858039855957031,19.157222747802734,0.6666666865348816,0.6666666865348816,0.6666666865348816
4,113,-1.9446263313293457,1.9121127128601074,0.6666666865348816,1.0,1.0
4,114,-4.516795635223389,91.54179382324219,0.0,0.0,1.0
4,115,-12.2113676071167,448.399169921875,0.0,0.5,0.5
4,116,-1.6532012224197388,2.285536050796509,1.0,1.0,1.0
4,117,-12.734399795532227,2.663308620452881,0.8461538553237915,0.9230769872665405,1.0
4,118,-8.938263893127441,87.28092193603516,0.0,0.5,0.5
4,119,-1.9535934925079346,2.6559348106384277,1.0,1.0,1.0
4,120,-38.62318420410156,124.94805145263672,0.25,0.5,0.75
4,121,-39.338829040527344,703.7838745117188,0.0,0.3333333432674408,0.3333333432674408
4,122,-9.466289520263672,4.843874454498291,0.5,0.8333333730697632,1.0
4,123,-15.774473190307617,51.604984283447266,0.75,0.75,0.75
4,124,-9.24092960357666,6.348292827606201,0.6000000238418579,1.0,1.0
4,125,-10.869773864746094,15.141563415527344,0.5,0.75,1.0
4,126,-14.561361312866211,38.10480499267578,0.5,0.5,0.75
4,127,-5.44582986831665,6.142775058746338,0.6666666865348816,1.0,1.0
4,128,-11.108110427856445,16.07118034362793,0.5,0.5,1.0
4,129,-4.026938438415527,56.088932037353516,0.0,0.0,1.0
4,130,-12.647964477539062,67.76109313964844,0.6666666865348816,0.6666666865348816,0.6666666865348816
4,131,-10.46337890625,8.106576919555664,0.6000000238418579,0.800000011920929,1.0
4,132,-5.251832962036133,190.9158935546875,0.0,0.0,1.0
4,133,-5.293286323547363,14.106605529785156,0.5,0.5,1.0
4,134,-11.416043281555176,301.2744445800781,0.0,0.5,1.0
4,135,-2.14370059967041,2.043301582336426,0.6666666865348816,1.0,1.0
4,136,-7.232730865478516,37.202110290527344,0.0,0.5,1.0
4,137,-18.350772857666016,9656.4990234375,0.0,0.5,0.5
4,138,-6.979118347167969,10.240730285644531,0.6666666865348816,0.6666666865348816,1.0
4,139,-6.538000583648682,3.6972899436950684,0.4000000059604645,1.0,1.0
4,140,-9.571538925170898,24.300888061523438,0.3333333432674408,0.3333333432674408,1.0
4,141,-9.087488174438477,9.697538375854492,0.5,1.0,1.0
4,142,-12.617136001586914,12.47126579284668,0.6000000238418579,0.800000011920929,1.0
4,143,-13.415353775024414,818.6665649414062,0.0,0.5,0.5
4,144,-17.20589256286621,73.80844116210938,0.5,0.75,0.75
4,145,-32.327816009521484,25.350074768066406,0.30000001192092896,0.6000000238418579,0.9000000357627869
4,146,-11.297632217407227,43.20159912109375,0.0,0.6666666865348816,1.0
4,147,-3.813103675842285,6.729843616485596,0.5,1.0,1.0
4,148,-9.872136116027832,139.2217559814453,0.5,0.5,0.5
5,0,-13.685678482055664,937.1461181640625,0.0,0.0,0.5
5,1,-11.145177841186523,4.027505874633789,0.75,0.875,1.0
5,2,-10.89726734161377,232.44036865234375,0.5,0.5,0.5
5,3,-5.437262535095215,229.81222534179688,0.0,1.0,1.0
5,4,-9.083126068115234,93.83735656738281,0.5,0.5,0.5
5,5,-0.8442764282226562,1.5252193212509155,1.0,1.0,1.0
5,6,-8.261884689331055,15.704723358154297,0.6666666865348816,0.6666666865348816,0.6666666865348816
5,7,-7.746984481811523,48.110107421875,0.0,0.5,1.0
5,8,-12.425722122192383,12.002853393554688,0.20000000298023224,0.800000011920929,1.0
5,9,-0.14077457785606384,1.0729236602783203,1.0,1.0,1.0
5,10,-13.552401542663574,91.603271484375,0.6666666865348816,0.6666666865348816,0.6666666865348816
5,11,-11.26620101928711,42.75133514404297,0.3333333432674408,0.6666666865348816,1.0
5,12,-2.878335952758789,4.2171854972839355,1.0,1.0,1.0
5,13,-9.568157196044922,119.59111785888672,0.5,0.5,1.0
5,14,-4.635862827301025,4.689320087432861,0.6666666865348816,1.0,1.0
5,15,-7.24567985534668,6.1191301345825195,0.75,0.75,1.0
5,16,-7.857651233673096,13.7249755859375,0.0,0.6666666865348816,1.0
5,17,-4.742509365081787,4.859018325805664,0.6666666865348816,1.0,1.0
5,18,-5.490746021270752,3.945936918258667,0.5,1.0,1.0
5,19,-15.785195350646973,13.885787010192871,0.5,0.8333333730697632,0.8333333730697632
5,20,-5.70613956451416,4.164244651794434,0.75,0.75,1.0
5,21,-5.815584182739258,6.94851541519165,0.6666666865348816,0.6666666865348816,1.0
5,22,-13.951656341552734,1070.443359375,0.0,0.0,1.0
5,23,-14.212368965148926,10.683795928955078,0.6666666865348816,0.6666666865348816,1.0
5,24,-2.0205326080322266,7.542341232299805,0.0,1.0,1.0
5,25,-31.601001739501953,7.207071304321289,0.375,0.8125,1.0
5,26,-1.7191517353057861,2.3621585369110107,0.5,1.0,1.0
5,27,-9.626108169555664,11.09536075592041,0.5,0.75,1.0
5,28,-7.633254051208496,12.735815048217773,0.3333333432674408,0.6666666865348816,1.0
5,29,-2.3781588077545166,10.785028457641602,0.0,1.0,1.0
5,30,-8.237207412719727,61.47334671020508,0.5,0.5,0.5
5,31,-2.0132017135620117,2.7362842559814453,0.5,1.0,1.0
5,32,-7.669107913970947,46.27278518676758,0.5,0.5,1.0
5,33,-1.8781013488769531,2.5575523376464844,0.5,1.0,1.0
5,34,-2.5570104122161865,12.897202491760254,0.0,1.0,1.0
5,35,-3.954012870788574,7.221093654632568,0.5,1.0,1.0
5,36,-6.478947639465332,5.051761150360107,0.5,0.75,1.0
5,37,-4.7243852615356445,4.829751968383789,0.6666666865348816,0.6666666865348816,1.0
5,38,-12.072875022888184,20.454824447631836,0.25,0.75,1.0
5,39,-3.3303728103637695,5.286658763885498,0.5,1.0,1.0
5,40,-13.012496948242188,76.51594543457031,0.0,0.6666666865348816,1.0
5,41,-34.8371467590332,332.35076904296875,0.1666666716337204,0.3333333432674408,0.6666666865348816
5,42,-8.323497772216797,64.18367767333984,0.5,0.5,0.5
5,43,-10.820082664489746,8.706035614013672,0.6000000238418579,0.800000011920929,1.0
5,44,-9.090801239013672,94.19815826416016,0.0,0.5,1.0
5,45,-9.249300003051758,101.96707153320312,0.0,0.5,0.5
5,46,-18.404788970947266,9.980154037475586,0.5,0.625,1.0
5,47,-21.281980514526367,34.708927154541016,0.3333333432674408,0.6666666865348816,0.8333333730697632
5,48,-5.93730354309082,378.9118347167969,0.0,0.0,1.0
5,49,-12.880800247192383,626.657470703125,0.0,0.0,0.5
5,50,-6.9757399559021,32.716190338134766,0.0,1.0,1.0
5,51,-0.45257386565208435,1.25393545627594,1.0,1.0,1.0
5,52,-9.756634712219238,25.847440719604492,0.6666666865348816,0.6666666865348816,0.6666666865348816
5,53,-14.521974563598633,7.961104869842529,0.2857142984867096,1.0,1.0
5,54,-8.685674667358398,18.087566375732422,0.3333333432674408,0.6666666865348816,1.0
5,55,-10.205445289611816,164.46908569335938,0.5,0.5,0.5
5,56,-23.36452865600586,107.00825500488281,0.20000000298023224,0.6000000238418579,0.6000000238418579
5,57,-1.7322970628738403,5.653625965118408,1.0,1.0,1.0
5,58,-13.1864013671875,6.578269004821777,0.5714285969734192,0.8571429252624512,1.0
5,59,-5.645486831665039,16.822940826416016,0.5,1.0,1.0
5,60,-2.6698882579803467,1.4643516540527344,1.0,1.0,1.0
5,61,-8.956011772155762,88.05889892578125,0.0,0.5,1.0
5,62,-4.447240829467773,85.3910140991211,0.0,1.0,1.0
5,63,-16.260923385620117,58.278358459472656,0.5,0.5,1.0
5,64,-0.6682140827178955,1.9507502317428589,1.0,1.0,1.0
5,65,-5.851779460906982,18.650814056396484,0.0,1.0,1.0
5,66,-18.017126083374023,36.72380828857422,0.4000000059604645,0.6000000238418579,1.0
5,67,-12.204045295715332,11.48232650756836,0.6000000238418579,0.800000011920929,0.800000011920929
5,68,-45.75082778930664,97.03607177734375,0.20000000298023224,0.5,0.800000011920929
5,69,-31.90395164489746,203.83792114257812,0.1666666716337204,0.3333333432674408,0.8333333730697632
5,70,-14.07763385772705,33.76445007324219,0.5,0.5,1.0
5,71,-10.316324234008789,173.8446502685547,0.0,0.5,0.5
5,72,-14.023740768432617,33.312583923339844,0.25,1.0,1.0
5,73,-6.669730186462402,788.182861328125,0.0,0.0,1.0
5,74,-15.383748054504395,46.802520751953125,0.25,0.75,0.75
5,75,-3.6851725578308105,6.3128437995910645,0.5,1.0,1.0
5,76,-3.8342182636260986,3.589714527130127,0.3333333432674408,1.0,1.0
5,77,-30.276958465576172,155.42445373535156,0.3333333432674408,0.5,0.6666666865348816
5,78,-12.926990509033203,25.323875427246094,0.75,0.75,0.75
5,79,-5.4647932052612305,3.9204180240631104,0.75,1.0,1.0
5,80,-7.181138038635254,10.95408821105957,0.6666666865348816,0.6666666865348816,1.0
5,81,-14.341447830200195,6.005531311035156,0.5,1.0,1.0
5,82,-15.256139755249023,161.641357421875,0.3333333432674408,0.3333333432674408,0.6666666865348816
5,83,-4.732454776763916,113.57402038574219,0.0,0.0,1.0
5,84,-18.448606491088867,40.03369140625,0.4000000059604645,0.6000000238418579,0.800000011920929
5,85,-6.928239822387695,31.948331832885742,0.0,1.0,1.0
5,86,-39.30221176147461,50.918235778808594,0.5,0.6000000238418579,0.6000000238418579
5,87,-10.466835021972656,4.460505485534668,0.5714285969734192,0.8571429252624512,1.0
5,88,-3.4981741905212402,5.749351978302002,0.5,1.0,1.0
5,89,-34.138282775878906,923.025390625,0.20000000298023224,0.20000000298023224,0.6000000238418579
5,90,-10.814644813537598,6.064431190490723,0.6666666865348816,0.8333333730697632,1.0
5,91,-2.480262279510498,3.456066846847534,0.5,1.0,1.0
5,92,-35.66185760498047,381.32159423828125,0.3333333432674408,0.5,0.5
5,93,-4.936899185180664,5.184291362762451,0.3333333432674408,1.0,1.0
5,94,-11.3041353225708,16.878385543823242,0.25,0.75,1.0
5,95,-5.8501691818237305,18.63580322265625,0.0,1.0,1.0
5,96,-8.75993824005127,8.935074806213379,0.5,0.75,1.0
5,97,-6.570685863494873,5.168959617614746,0.5,1.0,1.0
5,98,-33.591922760009766,28.765949249267578,0.30000001192092896,0.699999988079071,0.9000000357627869
5,99,-7.677326202392578,12.924293518066406,0.6666666865348816,1.0,1.0
5,100,-8.197257995605469,60.25761795043945,0.0,0.5,1.0
5,101,-16.8106689453125,66.86444091796875,0.0,0.75,0.75
5,102,-3.0139400959014893,4.513035774230957,1.0,1.0,1.0
5,103,-1.513506293296814,2.131344795227051,1.0,1.0,1.0
5,104,-7.297335147857666,3.3744168281555176,0.6666666865348816,1.0,1.0
5,105,-14.284339904785156,116.91492462158203,0.3333333432674408,0.3333333432674408,0.6666666865348816
5,106,-7.5861406326293945,44.39249038696289,0.5,0.5,1.0
5,107,-18.591232299804688,10890.173828125,0.0,0.0,0.0
5,108,-4.448101043701172,9.244701385498047,0.5,1.0,1.0
5,109,-46.59587860107422,177.20726013183594,0.2222222238779068,0.3333333432674408,0.7777777910232544
5,110,-18.333967208862305,9575.697265625,0.0,0.0,0.5
5,111,-17.6795711517334,34.32638168334961,0.20000000298023224,0.6000000238418579,1.0
5,112,-8.92301082611084,19.576637268066406,0.6666666865348816,0.6666666865348816,0.6666666865348816
5,113,-1.9526180028915405,1.9172132015228271,0.6666666865348816,1.0,1.0
5,114,-4.518006801605225,91.65274047851562,0.0,0.0,1.0
5,115,-12.184043884277344,442.3148498535156,0.0,0.5,0.5
5,116,-1.65869140625,2.291818857192993,1.0,1.0,1.0
5,117,-12.589061737060547,2.6336991786956787,0.8461538553237915,0.9230769872665405,1.0
5,118,-8.91977310180664,86.47769927978516,0.0,0.5,0.5
5,119,-1.9108436107635498,2.599766969680786,1.0,1.0,1.0
5,120,-38.19586944580078,118.44914245605469,0.25,0.5,0.75
5,121,-39.027156829833984,668.158935546875,0.0,0.3333333432674408,0.3333333432674408
5,122,-9.388501167297363,4.781480312347412,0.5,0.8333333730697632,1.0
5,123,-15.681389808654785,50.41796112060547,0.75,0.75,0.75
5,124,-9.168190956115723,6.256608009338379,0.6000000238418579,1.0,1.0
5,125,-10.91667366027832,15.320141792297363,0.5,0.75,1.0
5,126,-14.564123153686523,38.13112258911133,0.5,0.5,0.75
5,127,-5.429993629455566,6.110434532165527,0.6666666865348816,1.0,1.0
5,128,-11.051088333129883,15.84370231628418,0.5,0.5,1.0
5,129,-4.030991554260254,56.31672286987305,0.0,0.0,1.0
5,130,-12.635732650756836,67.48536682128906,0.6666666865348816,0.6666666865348816,0.6666666865348816
5,131,-10.426074981689453,8.046321868896484,0.6000000238418579,0.800000011920929,1.0
5,132,-5.296678066253662,199.6724090576172,0.0,0.0,1.0
5,133,-5.243257522583008,13.7581148147583,0.5,0.5,1.0
5,134,-11.450361251831055,306.4886169433594,0.0,0.5,1.0
5,135,-2.12087345123291,2.027812957763672,0.6666666865348816,1.0,1.0
5,136,-7.221761226654053,36.998619079589844,0.0,0.5,1.0
5,137,-18.300853729248047,9418.4609375,0.0,0.5,0.5
5,138,-6.972632884979248,10.218613624572754,0.6666666865348816,0.6666666865348816,1.0
5,139,-6.490802764892578,3.662553310394287,0.6000000238418579,1.0,1.0
5,140,-9.491717338562012,23.662837982177734,0.3333333432674408,0.3333333432674408,1.0
5,141,-9.074614524841309,9.666378021240234,0.5,1.0,1.0
5,142,-12.59396743774414,12.413612365722656,0.6000000238418579,0.800000011920929,1.0
5,143,-13.340712547302246,788.676513671875,0.0,0.5,0.5
5,144,-17.205686569213867,73.80464172363281,0.5,0.75,0.75
5,145,-32.04997253417969,24.655433654785156,0.30000001192092896,0.6000000238418579,0.9000000357627869
5,146,-11.294267654418945,43.153175354003906,0.0,0.6666666865348816,1.0
5,147,-3.8930695056915283,7.004374027252197,0.5,1.0,1.0
5,148,-9.887060165405273,140.2645263671875,0.5,0.5,0.5
6,0,-13.481832504272461,846.3358764648438,0.0,0.0,0.5
6,1,-11.159660339355469,4.03480339050293,0.75,0.875,1.0
6,2,-10.95079231262207,238.7450408935547,0.5,0.5,0.5
6,3,-5.476896286010742,239.1034393310547,0.0,1.0,1.0
6,4,-9.041447639465332,91.902099609375,0.5,0.5,0.5
6,5,-0.9193881154060364,1.5835895538330078,1.0,1.0,1.0
6,6,-8.32962703704834,16.063385009765625,0.6666666865348816,0.6666666865348816,0.6666666865348816
6,7,-7.699833869934082,46.98916244506836,0.0,0.5,1.0
6,8,-12.453673362731934,12.07013988494873,0.20000000298023224,0.800000011920929,1.0
6,9,-0.14092501997947693,1.0730043649673462,1.0,1.0,1.0
6,10,-13.554230690002441,91.6591567993164,0.6666666865348816,0.6666666865348816,0.6666666865348816
6,11,-11.259183883666992,42.651451110839844,0.3333333432674408,0.6666666865348816,1.0
6,12,-2.909794807434082,4.28404426574707,1.0,1.0,1.0
6,13,-9.529634475708008,117.30967712402344,0.5,0.5,1.0
6,14,-4.643620014190674,4.701461315155029,0.6666666865348816,1.0,1.0
6,15,-7.330906867980957,6.250907897949219,0.75,0.75,1.0
6,16,-7.832739353179932,13.611473083496094,0.0,0.6666666865348816,1.0
6,17,-4.7650346755981445,4.895639896392822,0.6666666865348816,1.0,1.0
6,18,-5.507159233093262,3.9621615409851074,0.75,1.0,1.0
6,19,-15.575210571289062,13.408226013183594,0.5,0.8333333730697632,0.8333333730697632
6,20,-5.689874649047852,4.147346019744873,0.75,0.75,1.0
6,21,-5.818464279174805,6.955189228057861,0.6666666865348816,0.6666666865348816,1.0
6,22,-13.634169578552246,913.3186645507812,0.0,0.0,1.0
6,23,-14.019198417663574,10.345308303833008,0.6666666865348816,0.6666666865348816,1.0
6,24,-2.0499300956726074,7.76735782623291,0.0,1.0,1.0
6,25,-31.355424880981445,7.097297668457031,0.375,0.8125,1.0
6,26,-1.6775000095367432,2.3134734630584717,0.5,1.0,1.0
6,27,-9.603482246398926,11.032776832580566,0.5,0.75,1.0
6,28,-7.638640403747559,12.758700370788574,0.3333333432674408,0.6666666865348816,1.0
6,29,-2.354301929473877,10.53077507019043,0.0,1.0,1.0
6,30,-8.206892967224121,60.54861068725586,0.5,0.5,0.5
6,31,-2.0554604530334473,2.794715404510498,0.5,1.0,1.0
6,32,-7.682290554046631,46.57878875732422,0.5,0.5,1.0
6,33,-1.9091988801956177,2.5976297855377197,0.5,1.0,1.0
6,34,-2.5556893348693848,12.88017463684082,0.0,1.0,1.0
6,35,-3.89640736579895,7.016073703765869,0.5,1.0,1.0
6,36,-6.460948467254639,5.029079914093018,0.5,0.75,1.0
6,37,-4.671751976013184,4.745755672454834,0.6666666865348816,0.6666666865348816,1.0
6,38,-12.125932693481445,20.72795295715332,0.25,0.75,1.0
6,39,-3.3207204341888428,5.261205673217773,0.5,1.0,1.0
6,40,-13.021599769592285,76.74845886230469,0.0,0.6666666865348816,1.0
6,41,-34.26711654663086,302.2292785644531,0.3333333432674408,0.3333333432674408,0.6666666865348816
6,42,-8.282763481140137,62.8896598815918,0.5,0.5,0.5
6,43,-10.394227027893066,7.995233535766602,0.6000000238418579,0.800000011920929,1.0
6,44,-9.184245109558105,98.7037124633789,0.0,0.5,1.0
6,45,-9.17132568359375,98.06816864013672,0.0,0.5,0.5
6,46,-18.29465103149414,9.843696594238281,0.5,0.625,1.0
6,47,-20.945053100585938,32.813568115234375,0.5,0.6666666865348816,0.8333333730697632
6,48,-6.024021148681641,413.2369689941406,0.0,0.0,1.0
6,49,-12.922920227050781,639.994873046875,0.0,0.0,0.5
6,50,-6.943183422088623,32.18793869018555,0.0,1.0,1.0
6,51,-0.5056292414665222,1.2876445055007935,1.0,1.0,1.0
6,52,-9.771142959594727,25.97274398803711,0.6666666865348816,0.6666666865348816,0.6666666865348816
6,53,-14.230226516723633,7.636119842529297,0.2857142984867096,1.0,1.0
6,54,-8.82934856414795,18.974884033203125,0.3333333432674408,0.6666666865348816,1.0
6,55,-10.060096740722656,152.94041442871094,0.5,0.5,0.5
6,56,-23.25243377685547,104.63592529296875,0.20000000298023224,0.6000000238418579,0.6000000238418579
6,57,-1.7570894956588745,5.7955451011657715,1.0,1.0,1.0
6,58,-13.118391990661621,6.5146660804748535,0.5714285969734192,0.8571429252624512,1.0
6,59,-5.63769006729126,16.75748634338379,0.5,1.0,1.0
6,60,-2.6623146533966064,1.4627681970596313,1.0,1.0,1.0
6,61,-8.954824447631836,88.00663757324219,0.0,0.5,1.0
6,62,-4.449520587921143,85.58590698242188,0.0,1.0,1.0
6,63,-16.103477478027344,56.02899932861328,0.5,0.5,1.0
6,64,-0.668057918548584,1.9504456520080566,1.0,1.0,1.0
6,65,-5.846744060516357,18.603914260864258,0.0,1.0,1.0
6,66,-16.92512321472168,29.518714904785156,0.4000000059604645,0.6000000238418579,1.0
6,67,-11.93648910522461,10.884044647216797,0.6000000238418579,0.800000011920929,0.800000011920929
6,68,-45.5941162109375,95.5272445678711,0.20000000298023224,0.5,0.800000011920929
6,69,-30.537582397460938,162.324462890625,0.1666666716337204,0.3333333432674408,0.8333333730697632
6,70,-13.935403823852539,32.584964752197266,0.5,0.5,1.0
6,71,-10.084842681884766,154.844482421875,0.0,0.5,0.5
6,72,-13.774439811706543,31.299745559692383,0.25,1.0,1.0
6,73,-6.716965198516846,826.3060302734375,0.0,0.0,1.0
6,74,-15.357503890991211,46.49645233154297,0.25,0.75,0.75
6,75,-3.690077781677246,6.328345775604248,0.5,1.0,1.0
6,76,-3.8013744354248047,3.550628900527954,0.3333333432674408,1.0,1.0
6,77,-28.810298919677734,121.71914672851562,0.3333333432674408,0.6666666865348816,0.8333333730697632
6,78,-12.803027153015137,24.551103591918945,0.75,0.75,0.75
6,79,-5.563065052032471,4.017927646636963,0.75,1.0,1.0
6,80,-7.2396650314331055,11.169888496398926,0.6666666865348816,0.6666666865348816,1.0
6,81,-14.268383979797363,5.95093297958374,0.5,1.0,1.0
6,82,-15.259944915771484,161.84652709960938,0.3333333432674408,0.3333333432674408,0.6666666865348816
6,83,-4.75178861618042,115.79120635986328,0.0,0.0,1.0
6,84,-18.148475646972656,37.701324462890625,0.4000000059604645,0.6000000238418579,0.800000011920929
6,85,-6.948166847229004,32.26824188232422,0.0,1.0,1.0
6,86,-38.718406677246094,48.03071594238281,0.5,0.6000000238418579,0.6000000238418579
6,87,-10.504077911376953,4.48430061340332,0.5714285969734192,0.8571429252624512,1.0
6,88,-3.4861934185028076,5.7150139808654785,0.5,1.0,1.0
6,89,-34.031517028808594,903.5247192382812,0.20000000298023224,0.20000000298023224,0.6000000238418579
6,90,-10.821331024169922,6.071193218231201,0.6666666865348816,0.8333333730697632,1.0
6,91,-2.453852653503418,3.4107298851013184,0.5,1.0,1.0
6,92,-34.947227478027344,338.504638671875,0.3333333432674408,0.5,0.6666666865348816
6,93,-4.9321489334106445,5.176088333129883,0.3333333432674408,1.0,1.0
6,94,-11.125250816345215,16.140195846557617,0.25,0.75,1.0
6,95,-5.805837631225586,18.227270126342773,0.0,1.0,1.0
6,96,-8.775015830993652,8.968818664550781,0.5,0.75,1.0
6,97,-6.6260857582092285,5.2410478591918945,0.5,1.0,1.0
6,98,-33.02226638793945,27.173072814941406,0.4000000059604645,0.800000011920929,0.9000000357627869
6,99,-7.707896709442139,13.056668281555176,0.6666666865348816,1.0,1.0
6,100,-8.141119003295898,58.58973693847656,0.0,0.5,1.0
6,101,-16.485139846801758,61.63839340209961,0.0,0.75,0.75
6,102,-2.9435787200927734,4.357024192810059,1.0,1.0,1.0
6,103,-1.542196273803711,2.162139415740967,1.0,1.0,1.0
6,104,-7.226312637329102,3.3347086906433105,0.6666666865348816,1.0,1.0
6,105,-14.237316131591797,115.09661102294922,0.3333333432674408,0.3333333432674408,0.6666666865348816
6,106,-7.422765731811523,40.910343170166016,0.5,0.5,1.0
6,107,-18.3009033203125,9418.6943359375,0.0,0.0,0.0
6,108,-4.427298545837402,9.149043083190918,0.5,1.0,1.0
6,109,-44.56181335449219,141.36038208007812,0.2222222238779068,0.4444444477558136,0.7777777910232544
6,110,-18.119468688964844,8601.865234375,0.0,0.0,0.5
6,111,-17.615901947021484,33.892051696777344,0.20000000298023224,0.6000000238418579,1.0
6,112,-8.958009719848633,19.80636215209961,0.6666666865348816,0.6666666865348816,0.6666666865348816
6,113,-2.0236432552337646,1.9631447792053223,0.6666666865348816,1.0,1.0
6,114,-4.581701755523682,97.68048095703125,0.0,0.0,1.0
6,115,-12.1791410446167,441.23187255859375,0.0,0.5,0.5
6,116,-1.668978214263916,2.3036367893218994,1.0,1.0,1.0
6,117,-12.294244766235352,2.574643611907959,0.8461538553237915,0.9230769872665405,1.0
6,118,-8.897512435913086,85.5205078125,0.0,0.5,0.5
6,119,-1.8835492134094238,2.564528465270996,1.0,1.0,1.0
6,120,-37.71137619018555,111.48857116699219,0.25,0.625,0.75
6,121,-38.468589782714844,608.7647094726562,0.0,0.3333333432674408,0.5
6,122,-9.123228073120117,4.574685573577881,0.5,0.8333333730697632,1.0
6,123,-15.687923431396484,50.50038146972656,0.75,0.75,0.75
6,124,-9.079877853393555,6.147070407867432,0.6000000238418579,1.0,1.0
6,125,-10.946829795837402,15.436077117919922,0.25,0.75,1.0
6,126,-14.678672790527344,39.23888397216797,0.5,0.5,0.75
6,127,-5.417940139770508,6.085933685302734,0.6666666865348816,1.0,1.0
6,128,-11.038951873779297,15.795702934265137,0.5,0.75,1.0
6,129,-4.042973041534424,56.99554443359375,0.0,0.0,1.0
6,130,-12.576114654541016,66.15748596191406,0.6666666865348816,0.6666666865348816,0.6666666865348816
6,131,-10.48270034790039,8.13796329498291,0.6000000238418579,0.800000011920929,1.0
6,132,-5.317004203796387,203.7725067138672,0.0,0.0,1.0
6,133,-5.215909481048584,13.571266174316406,0.5,0.5,1.0
6,134,-11.412399291992188,300.72601318359375,0.0,0.5,1.0
6,135,-2.157496929168701,2.052719831466675,0.6666666865348816,1.0,1.0
6,136,-7.248536109924316,37.49726486206055,0.0,0.5,1.0
6,137,-18.153730392456055,8750.4912109375,0.0,0.5,0.5
6,138,-6.954478740692139,10.156964302062988,0.6666666865348816,0.6666666865348816,1.0
6,139,-6.552286148071289,3.7078685760498047,0.6000000238418579,1.0,1.0
6,140,-9.43966293334961,23.25579261779785,0.3333333432674408,0.3333333432674408,1.0
6,141,-9.046090126037598,9.59769058227539,0.5,1.0,1.0
6,142,-12.633792877197266,12.512882232666016,0.6000000238418579,0.800000011920929,1.0
6,143,-13.350257873535156,792.4495849609375,0.0,0.5,0.5
6,144,-17.304275512695312,75.64632415771484,0.5,0.75,0.75
6,145,-31.629886627197266,23.641145706176758,0.30000001192092896,0.6000000238418579,0.9000000357627869
6,146,-11.244885444641113,42.448646545410156,0.0,0.6666666865348816,1.0
6,147,-3.9886417388916016,7.3472113609313965,0.5,1.0,1.0
6,148,-9.86809253692627,138.94056701660156,0.5,0.5,0.5
7,0,-13.365629196166992,798.5635986328125,0.0,0.0,0.5
7,1,-11.292474746704102,4.102347373962402,0.75,0.875,1.0
7,2,-10.938886642456055,237.3280487060547,0.5,0.5,0.5
7,3,-5.508140563964844,246.69200134277344,0.0,1.0,1.0
7,4,-8.961905479431152,88.31877899169922,0.5,0.5,0.5
7,5,-1.0477222204208374,1.6885346174240112,1.0,1.0,1.0
7,6,-8.377338409423828,16.320894241333008,0.6666666865348816,0.6666666865348816,0.6666666865348816
7,7,-7.768707275390625,48.635494232177734,0.0,0.5,1.0
7,8,-12.4924898147583,12.164209365844727,0.20000000298023224,0.800000011920929,1.0
7,9,-0.1472471058368683,1.0764015913009644,1.0,1.0,1.0
7,10,-13.615876197814941,93.56208038330078,0.6666666865348816,0.6666666865348816,0.6666666865348816
7,11,-11.228175163269043,42.212867736816406,0.3333333432674408,0.6666666865348816,1.0
7,12,-2.9489593505859375,4.368762016296387,1.0,1.0,1.0
7,13,-9.493127822875977,115.18781280517578,0.5,0.5,1.0
7,14,-4.6153717041015625,4.657399654388428,0.6666666865348816,1.0,1.0
7,15,-7.312051773071289,6.221512317657471,0.75,0.75,1.0
7,16,-7.807238578796387,13.496264457702637,0.0,0.6666666865348816,1.0
7,17,-4.77830696105957,4.917346477508545,0.6666666865348816,1.0,1.0
7,18,-5.522303581237793,3.977191209793091,0.75,1.0,1.0
7,19,-15.345409393310547,12.904399871826172,0.5,0.8333333730697632,0.8333333730697632
7,20,-5.710217475891113,4.168492317199707,0.75,0.75,1.0
7,21,-5.87528657913208,7.088181972503662,0.6666666865348816,0.6666666865348816,1.0
7,22,-13.183797836303711,729.1642456054688,0.0,0.0,1.0
7,23,-13.702136039733887,9.81281566619873,0.6666666865348816,0.6666666865348816,1.0
7,24,-2.0109200477600098,7.470187187194824,0.0,1.0,1.0
7,25,-31.082366943359375,6.97720193862915,0.375,0.8125,1.0
7,26,-1.6860077381134033,2.323335647583008,0.5,1.0,1.0
7,27,-9.592758178710938,11.0032377243042,0.5,0.75,1.0
7,28,-7.651106834411621,12.8118314743042,0.3333333432674408,0.6666666865348816,1.0
7,29,-2.3232827186584473,10.20913314819336,0.0,1.0,1.0
7,30,-8.193098068237305,60.13241195678711,0.5,0.5,0.5
7,31,-2.0554139614105225,2.794650077819824,0.5,1.0,1.0
7,32,-7.687849521636963,46.70843505859375,0.5,0.5,1.0
7,33,-1.9180494546890259,2.6091506481170654,0.5,1.0,1.0
7,34,-2.557340383529663,12.901458740234375,0.0,1.0,1.0
7,35,-3.978062152862549,7.3084492683410645,0.5,1.0,1.0
7,36,-6.414980411529541,4.971616744995117,0.5,0.75,1.0
7,37,-4.657888412475586,4.723875045776367,0.6666666865348816,1.0,1.0
7,38,-12.141547203063965,20.809024810791016,0.25,0.5,1.0
7,39,-3.332869529724121,5.293262481689453,0.5,1.0,1.0
7,40,-13.108068466186523,78.99275970458984,0.0,0.6666666865348816,1.0
7,41,-33.452083587646484,263.8412170410156,0.3333333432674408,0.3333333432674408,0.6666666865348816
7,42,-8.216794967651367,60.84912872314453,0.5,0.5,0.5
7,43,-9.765559196472168,7.050594329833984,0.6000000238418579,0.800000011920929,1.0
7,44,-9.19421672821045,99.19705963134766,0.0,0.5,1.0
7,45,-9.131495475769043,96.13444519042969,0.0,0.5,0.5
7,46,-18.34305191040039,9.903432846069336,0.5,0.625,1.0
7,47,-20.39579200744629,29.943092346191406,0.5,0.6666666865348816,0.8333333730697632
7,48,-6.020135879516602,411.634521484375,0.0,0.0,1.0
7,49,-12.971953392028809,655.8792724609375,0.0,0.0,0.5
7,50,-6.960662364959717,32.47047424316406,0.0,1.0,1.0
7,51,-0.5421469807624817,1.3113714456558228,1.0,1.0,1.0
7,52,-9.699528694152832,25.360078811645508,0.6666666865348816,0.6666666865348816,0.6666666865348816
7,53,-13.957483291625977,7.3443121910095215,0.2857142984867096,1.0,1.0
7,54,-8.893299102783203,19.383708953857422,0.3333333432674408,0.6666666865348816,1.0
7,55,-10.081636428833008,154.59645080566406,0.5,0.5,0.5
7,56,-23.215085983276367,103.85725402832031,0.20000000298023224,0.4000000059604645,0.6000000238418579
7,57,-1.7419228553771973,5.708309173583984,1.0,1.0,1.0
7,58,-13.104720115661621,6.501955032348633,0.5714285969734192,0.8571429252624512,1.0
7,59,-5.647176742553711,16.837160110473633,0.5,1.0,1.0
7,60,-2.691458225250244,1.468870997428894,1.0,1.0,1.0
7,61,-8.913288116455078,86.19774627685547,0.0,0.5,1.0
7,62,-4.445668697357178,85.25686645507812,0.0,1.0,1.0
7,63,-16.118532180786133,56.24026870727539,0.5,0.5,1.0
7,64,-0.6811947822570801,1.976237416267395,1.0,1.0,1.0
7,65,-5.8311872482299805,18.459768295288086,0.0,1.0,1.0
7,66,-15.513055801391602,22.2559871673584,0.4000000059604645,0.6000000238418579,1.0
7,67,-11.485630989074707,9.945560455322266,0.800000011920929,0.800000011920929,0.800000011920929
7,68,-45.072208404541016,90.66947174072266,0.20000000298023224,0.5,0.800000011920929
7,69,-29.024253845214844,126.13789367675781,0.1666666716337204,0.5,0.8333333730697632
7,70,-13.783105850219727,31.36762809753418,0.5,0.5,1.0
7,71,-9.837769508361816,136.8498992919922,0.0,0.5,0.5
7,72,-13.134322166442871,26.671098709106445,0.25,1.0,1.0
7,73,-6.719688415527344,828.559326171875,0.0,0.0,1.0
7,74,-15.412120819091797,47.135677337646484,0.25,0.75,0.75
7,75,-3.658973455429077,6.230688095092773,0.5,1.0,1.0
7,76,-3.734198570251465,3.4720070362091064,0.3333333432674408,1.0,1.0
7,77,-27.08270263671875,91.26651763916016,0.5,0.6666666865348816,0.8333333730697632
7,78,-12.700932502746582,23.932397842407227,0.75,0.75,0.75
7,79,-5.584824085235596,4.039843559265137,0.75,1.0,1.0
7,80,-7.261584758758545,11.251800537109375,0.6666666865348816,0.6666666865348816,1.0
7,81,-14.381864547729492,6.035949230194092,0.5,1.0,1.0
7,82,-15.191682815551758,158.20541381835938,0.3333333432674408,0.3333333432674408,0.6666666865348816
7,83,-4.793816566467285,120.76139068603516,0.0,0.0,1.0
7,84,-17.853923797607422,35.54447937011719,0.4000000059604645,0.6000000238418579,0.800000011920929
7,85,-6.94081974029541,32.14991760253906,0.0,1.0,1.0
7,86,-38.2355842590332,45.76677322387695,0.5,0.6000000238418579,0.699999988079071
7,87,-10.483936309814453,4.471415996551514,0.5714285969734192,0.8571429252624512,1.0
7,88,-3.504903793334961,5.768730163574219,0.5,1.0,1.0
7,89,-33.76207733154297,856.1243896484375,0.20000000298023224,0.20000000298023224,0.6000000238418579
7,90,-10.657430648803711,5.9075927734375,0.6666666865348816,0.8333333730697632,1.0
7,91,-2.439727544784546,3.3867263793945312,0.5,1.0,1.0
7,92,-34.318416595458984,304.824462890625,0.3333333432674408,0.5,0.6666666865348816
7,93,-4.849380970001221,5.03523588180542,0.3333333432674408,1.0,1.0
7,94,-10.922679901123047,15.34316349029541,0.25,1.0,1.0
7,95,-5.76544189453125,17.862810134887695,0.0,1.0,1.0
7,96,-8.736007690429688,8.881779670715332,0.5,0.75,1.0
7,97,-6.735727310180664,5.386694431304932,0.5,1.0,1.0
7,98,-32.448097229003906,25.65682601928711,0.4000000059604645,0.800000011920929,0.9000000357627869
7,99,-7.751852035522461,13.249380111694336,0.3333333432674408,1.0,1.0
7,100,-8.031283378601074,55.45886993408203,0.0,0.5,1.0
7,101,-16.24249267578125,58.01044845581055,0.0,0.75,0.75
7,102,-2.8687424659729004,4.197005271911621,1.0,1.0,1.0
7,103,-1.5376558303833008,2.157236337661743,1.0,1.0,1.0
7,104,-7.121935844421387,3.2771995067596436,0.6666666865348816,1.0,1.0
7,105,-14.121070861816406,110.72212219238281,0.3333333432674408,0.3333333432674408,1.0
7,106,-7.245737552642822,37.4448356628418,0.5,0.5,1.0
7,107,-18.10380744934082,8534.7705078125,0.0,0.0,0.0
7,108,-4.398706436157227,9.01917839050293,0.5,1.0,1.0
7,109,-42.283233642578125,109.74256896972656,0.2222222238779068,0.4444444477558136,0.7777777910232544
7,110,-17.7135009765625,7021.62890625,0.0,0.0,0.5
7,111,-17.643047332763672,34.07655334472656,0.20000000298023224,0.6000000238418579,1.0
7,112,-8.980352401733398,19.954423904418945,0.6666666865348816,0.6666666865348816,0.6666666865348816
7,113,-2.069340229034424,1.9932770729064941,0.6666666865348816,1.0,1.0
7,114,-4.5226311683654785,92.07755279541016,0.0,0.0,1.0
7,115,-12.03042221069336,409.6123352050781,0.0,0.5,0.5
7,116,-1.6939806938171387,2.332615852355957,1.0,1.0,1.0
7,117,-12.101469993591309,2.5367465019226074,0.8461538553237915,0.9230769872665405,1.0
7,118,-8.907459259033203,85.9468994140625,0.5,0.5,0.5
7,119,-1.892346739768982,2.575834035873413,1.0,1.0,1.0
7,120,-37.135494232177734,103.74507904052734,0.25,0.625,0.75
7,121,-37.901432037353516,553.8564453125,0.0,0.3333333432674408,0.5
7,122,-9.13195514678955,4.581345081329346,0.5,0.8333333730697632,1.0
7,123,-15.729012489318848,51.02180862426758,0.75,0.75,0.75
7,124,-9.163660049438477,6.250940799713135,0.6000000238418579,1.0,1.0
7,125,-10.929036140441895,15.36756420135498,0.25,0.75,1.0
7,126,-14.817106246948242,40.62064743041992,0.5,0.5,0.75
7,127,-5.333888053894043,5.917788028717041,0.6666666865348816,1.0,1.0
7,128,-10.952481269836426,15.457901954650879,0.5,0.75,1.0
7,129,-4.035496711730957,56.571014404296875,0.0,0.0,1.0
7,130,-12.615106582641602,67.02298736572266,0.6666666865348816,0.6666666865348816,0.6666666865348816
7,131,-10.369808197021484,7.9562811851501465,0.6000000238418579,0.800000011920929,1.0
7,132,-5.361788749694824,213.10580444335938,0.0,0.0,1.0
7,133,-5.223316192626953,13.621618270874023,0.5,0.5,1.0
7,134,-11.422657012939453,302.2723693847656,0.0,0.0,1.0
7,135,-2.159435510635376,2.054046630859375,0.6666666865348816,1.0,1.0
7,136,-7.3013811111450195,38.501243591308594,0.0,0.5,1.0
7,137,-18.123802185058594,8620.5234375,0.0,0.5,0.5
7,138,-6.9111762046813965,10.011409759521484,0.6666666865348816,0.6666666865348816,1.0
7,139,-6.577109336853027,3.7263224124908447,0.4000000059604645,1.0,1.0
7,140,-9.269646644592285,21.9744873046875,0.3333333432674408,0.6666666865348816,1.0
7,141,-8.993651390075684,9.472689628601074,0.5,1.0,1.0
7,142,-12.700246810913086,12.680296897888184,0.4000000059604645,0.800000011920929,1.0
7,143,-13.323572158813477,781.9462890625,0.0,0.5,0.5
7,144,-17.347518920898438,76.46855926513672,0.5,0.75,0.75
7,145,-31.399282455444336,23.102210998535156,0.4000000059604645,0.6000000238418579,0.9000000357627869
7,146,-11.227725982666016,42.206546783447266,0.0,0.6666666865348816,1.0
7,147,-4.183766841888428,8.100156784057617,0.5,1.0,1.0
7,148,-9.907461166381836,141.70260620117188,0.5,0.5,0.5
8,0,-13.145819664001465,715.4486694335938,0.0,0.0,0.5
8,1,-11.36730670928955,4.140900611877441,0.75,0.875,1.0
8,2,-10.9149751663208,234.5074920654297,0.5,0.5,0.5
8,3,-5.551102638244629,257.5213623046875,0.0,1.0,1.0
8,4,-8.937864303588867,87.26348876953125,0.5,0.5,0.5
8,5,-1.1259732246398926,1.7559088468551636,1.0,1.0,1.0
8,6,-8.459124565124512,16.771953582763672,0.6666666865348816,0.6666666865348816,0.6666666865348816
8,7,-7.714425086975098,47.33322525024414,0.0,0.5,1.0
8,8,-12.4323091506958,12.018677711486816,0.20000000298023224,0.800000011920929,1.0
8,9,-0.1404496133327484,1.0727492570877075,1.0,1.0,1.0
8,10,-13.686904907226562,95.8037338256836,0.6666666865348816,0.6666666865348816,0.6666666865348816
8,11,-11.202308654785156,41.850467681884766,0.3333333432674408,0.6666666865348816,1.0
8,12,-2.9305593967437744,4.32875394821167,1.0,1.0,1.0
8,13,-9.461531639099121,113.38236236572266,0.5,0.5,1.0
8,14,-4.624808311462402,4.672072410583496,0.6666666865348816,1.0,1.0
8,15,-7.368354797363281,6.309703826904297,0.75,0.75,1.0
8,16,-7.698080539703369,13.014016151428223,0.0,0.6666666865348816,1.0
8,17,-4.779247283935547,4.918887615203857,0.6666666865348816,1.0,1.0
8,18,-5.484999656677246,3.940272569656372,0.75,1.0,1.0
8,19,-15.11138916015625,12.410773277282715,0.5,0.8333333730697632,0.8333333730697632
8,20,-5.645739555358887,4.101836681365967,0.75,0.75,1.0
8,21,-5.81585168838501,6.949135780334473,0.6666666865348816,0.6666666865348816,1.0
8,22,-12.860457420349121,620.3157958984375,0.0,0.0,1.0
8,23,-13.468297004699707,9.437736511230469,0.6666666865348816,0.6666666865348816,1.0
8,24,-1.9817328453063965,7.255304336547852,0.0,1.0,1.0
8,25,-30.804611206054688,6.8571248054504395,0.375,0.8125,1.0
8,26,-1.6738616228103638,2.3092684745788574,0.5,1.0,1.0
8,27,-9.504999160766602,10.764457702636719,0.5,0.75,1.0
8,28,-7.676523208618164,12.920832633972168,0.3333333432674408,0.6666666865348816,1.0
8,29,-2.283820629119873,9.814105033874512,0.0,1.0,1.0
8,30,-8.1898193359375,60.033912658691406,0.5,0.5,0.5
8,31,-2.0115532875061035,2.734029769897461,0.5,1.0,1.0
8,32,-7.677381992340088,46.4646110534668,0.5,0.5,1.0
8,33,-1.8946233987808228,2.578767776489258,0.5,1.0,1.0
8,34,-2.549685478210449,12.803075790405273,0.0,1.0,1.0
8,35,-4.068543910980225,7.6466827392578125,0.5,1.0,1.0
8,36,-6.312924385070801,4.846375465393066,0.5,0.75,1.0
8,37,-4.665272235870361,4.735516548156738,0.6666666865348816,1.0,1.0
8,38,-12.169281005859375,20.95380401611328,0.25,0.5,1.0
8,39,-3.312203884124756,5.238849639892578,0.5,1.0,1.0
8,40,-13.118183135986328,79.25955200195312,0.0,0.6666666865348816,1.0
8,41,-32.727073669433594,233.810791015625,0.3333333432674408,0.3333333432674408,0.6666666865348816
8,42,-8.128235816955566,58.21353530883789,0.5,0.5,0.5
8,43,-9.256988525390625,6.368715286254883,0.6000000238418579,0.800000011920929,1.0
8,44,-9.178794860839844,98.43510437011719,0.0,0.5,1.0
8,45,-9.021031379699707,90.96871948242188,0.0,0.5,0.5
8,46,-18.240154266357422,9.77686882019043,0.5,0.625,1.0
8,47,-19.621919631958008,26.319759368896484,0.5,0.6666666865348816,0.8333333730697632
8,48,-6.002399921417236,404.3981628417969,0.0,0.0,1.0
8,49,-12.921321868896484,639.4835815429688,0.0,0.0,1.0
8,50,-6.920954704284668,31.832168579101562,0.0,1.0,1.0
8,51,-0.6000828742980957,1.349914789199829,1.0,1.0,1.0
8,52,-9.569592475891113,24.285127639770508,0.6666666865348816,0.6666666865348816,0.6666666865348816
8,53,-13.592009544372559,6.970700263977051,0.4285714626312256,1.0,1.0
8,54,-8.95761775970459,19.803773880004883,0.3333333432674408,0.6666666865348816,1.0
8,55,-10.079222679138184,154.4099884033203,0.5,0.5,0.5
8,56,-23.039531707763672,100.27398681640625,0.4000000059604645,0.4000000059604645,0.6000000238418579
8,57,-1.7380365133285522,5.686168193817139,1.0,1.0,1.0
8,58,-13.016718864440918,6.420726776123047,0.5714285969734192,0.8571429252624512,1.0
8,59,-5.622986793518066,16.634742736816406,0.5,1.0,1.0
8,60,-2.7087643146514893,1.4725069999694824,1.0,1.0,1.0
8,61,-8.891525268554688,85.26487731933594,0.0,0.5,1.0
8,62,-4.44882869720459,85.52670288085938,0.0,1.0,1.0
8,63,-15.933930397033691,53.7037353515625,0.5,0.5,1.0
8,64,-0.6927372217178345,1.9991801977157593,1.0,1.0,1.0
8,65,-5.847914695739746,18.614805221557617,0.0,1.0,1.0
8,66,-14.098520278930664,16.771886825561523,0.4000000059604645,0.6000000238418579,1.0
8,67,-11.276597023010254,9.538339614868164,0.800000011920929,0.800000011920929,0.800000011920929
8,68,-44.88288497924805,88.96903228759766,0.20000000298023224,0.5,0.800000011920929
8,69,-27.52276039123535,98.21183776855469,0.3333333432674408,0.5,0.8333333730697632
8,70,-13.741971969604492,31.046714782714844,0.5,0.5,1.0
8,71,-9.69101333618164,127.16769409179688,0.0,0.5,0.5
8,72,-12.691336631774902,23.87505340576172,0.5,1.0,1.0
8,73,-6.697002410888672,809.9741821289062,0.0,0.0,1.0
8,74,-15.483086585998535,47.979393005371094,0.25,0.75,0.75
8,75,-3.634342908859253,6.154426097869873,0.5,1.0,1.0
8,76,-3.7091503143310547,3.443138599395752,0.3333333432674408,1.0,1.0
8,77,-25.144268035888672,66.06977844238281,0.5,0.6666666865348816,0.8333333730697632
8,78,-12.554000854492188,23.069242477416992,0.75,0.75,0.75
8,79,-5.683403015136719,4.140641689300537,0.75,1.0,1.0
8,80,-7.230381965637207,11.13537883758545,0.6666666865348816,0.6666666865348816,1.0
8,81,-14.249256134033203,5.936721324920654,0.5,1.0,1.0
8,82,-15.033355712890625,150.07247924804688,0.3333333432674408,0.3333333432674408,0.6666666865348816
8,83,-4.76704740524292,117.57158660888672,0.0,0.0,1.0
8,84,-17.403989791870117,32.485633850097656,0.4000000059604645,0.6000000238418579,0.800000011920929
8,85,-7.000820159912109,33.129032135009766,0.0,1.0,1.0
8,86,-37.65322494506836,43.17762756347656,0.5,0.6000000238418579,0.800000011920929
8,87,-10.498931884765625,4.4810051918029785,0.5714285969734192,0.8571429252624512,1.0
8,88,-3.535144329071045,5.856616973876953,0.5,1.0,1.0
8,89,-33.55207061767578,820.9103393554688,0.20000000298023224,0.20000000298023224,0.6000000238418579
8,90,-10.549798965454102,5.8025641441345215,0.6666666865348816,0.8333333730697632,1.0
8,91,-2.4027175903320312,3.324631452560425,0.5,1.0,1.0
8,92,-33.71504211425781,275.6614685058594,0.3333333432674408,0.5,0.6666666865348816
8,93,-4.774333953857422,4.9108381271362305,0.3333333432674408,1.0,1.0
8,94,-10.55312728881836,13.989147186279297,0.25,1.0,1.0
8,95,-5.6899824142456055,17.201406478881836,0.0,1.0,1.0
8,96,-8.651935577392578,8.697050094604492,0.5,0.75,1.0
8,97,-6.850378036499023,5.543324947357178,0.5,1.0,1.0
8,98,-31.953615188598633,24.419002532958984,0.4000000059604645,0.800000011920929,0.9000000357627869
8,99,-7.9647216796875,14.223666191101074,0.3333333432674408,1.0,1.0
8,100,-7.899815559387207,51.930580139160156,0.0,0.5,1.0
8,101,-15.815508842468262,52.137123107910156,0.0,0.75,0.75
8,102,-2.7556328773498535,3.96623158454895,1.0,1.0,1.0
8,103,-1.5345382690429688,2.153876304626465,1.0,1.0,1.0
8,104,-7.002514839172363,3.2126169204711914,0.6666666865348816,1.0,1.0
8,105,-14.059122085571289,108.45922088623047,0.3333333432674408,0.3333333432674408,1.0
8,106,-7.130829334259033,35.35411071777344,0.5,0.5,1.0
8,107,-17.830686569213867,7445.33740234375,0.0,0.0,0.0
8,108,-4.394198417663574,8.998871803283691,0.5,1.0,1.0
8,109,-39.953712463378906,84.71574401855469,0.3333333432674408,0.4444444477558136,0.7777777910232544
8,110,-17.20696258544922,5450.6015625,0.0,0.0,0.5
8,111,-17.568113327026367,33.569664001464844,0.20000000298023224,0.6000000238418579,1.0
8,112,-8.981809616088867,19.9641170501709,0.6666666865348816,0.6666666865348816,0.6666666865348816
8,113,-2.1268229484558105,2.0318381786346436,0.6666666865348816,1.0,1.0
8,114,-4.491478443145752,89.25330352783203,0.0,0.0,1.0
8,115,-11.945361137390137,392.5565185546875,0.0,0.5,0.5
8,116,-1.7176227569580078,2.360353469848633,1.0,1.0,1.0
8,117,-11.767583847045898,2.4724233150482178,0.8461538553237915,0.9230769872665405,1.0
8,118,-8.924959182739258,86.70222473144531,0.5,0.5,0.5
8,119,-1.8608990907669067,2.535648822784424,1.0,1.0,1.0
8,120,-36.18712615966797,92.14752197265625,0.25,0.625,0.75
8,121,-37.33806610107422,504.2191467285156,0.0,0.3333333432674408,0.5
8,122,-8.9808988571167,4.46744441986084,0.5,0.8333333730697632,1.0
8,123,-15.702546119689941,50.68532943725586,0.75,0.75,0.75
8,124,-9.131123542785645,6.2103962898254395,0.6000000238418579,1.0,1.0
8,125,-10.919299125671387,15.330201148986816,0.25,0.75,1.0
8,126,-14.891925811767578,41.387603759765625,0.5,0.5,0.75
8,127,-5.23383903503418,5.723686695098877,0.6666666865348816,1.0,1.0
8,128,-10.933862686157227,15.38611888885498,0.5,0.75,1.0
8,129,-4.032184600830078,56.38395309448242,0.0,0.0,1.0
8,130,-12.550405502319336,65.59295654296875,0.6666666865348816,0.6666666865348816,0.6666666865348816
8,131,-10.360868453979492,7.942067623138428,0.6000000238418579,0.800000011920929,1.0
8,132,-5.3560895919799805,211.8947296142578,0.0,0.0,1.0
8,133,-5.149672031402588,13.12916374206543,0.5,0.5,1.0
8,134,-11.438238143920898,304.6364440917969,0.0,0.0,1.0
8,135,-2.184926986694336,2.0715744495391846,0.6666666865348816,1.0,1.0
8,136,-7.244449615478516,37.42072677612305,0.0,0.5,1.0
8,137,-18.05597686767578,8333.080078125,0.0,0.5,0.5
8,138,-6.882712364196777,9.9168701171875,0.6666666865348816,0.6666666865348816,1.0
8,139,-6.533745765686035,3.6941449642181396,0.4000000059604645,1.0,1.0
8,140,-9.078222274780273,20.616138458251953,0.3333333432674408,0.6666666865348816,1.0
8,141,-8.930451393127441,9.324196815490723,0.5,1.0,1.0
8,142,-12.621209144592285,12.481429100036621,0.4000000059604645,0.800000011920929,1.0
8,143,-13.298986434936523,772.392822265625,0.0,0.5,0.5
8,144,-17.317930221557617,75.90499877929688,0.5,0.75,0.75
8,145,-31.048324584960938,22.305479049682617,0.4000000059604645,0.6000000238418579,0.9000000357627869
8,146,-11.165014266967773,41.33341979980469,0.3333333432674408,0.6666666865348816,1.0
8,147,-4.235965251922607,8.314348220825195,0.5,1.0,1.0
8,148,-10.009931564331055,149.1519775390625,0.5,0.5,0.5
9,0,-12.684438705444336,568.0556640625,0.0,0.0,0.5
9,1,-11.658466339111328,4.294384956359863,0.75,0.875,1.0
9,2,-10.851598739624023,227.19288635253906,0.5,0.5,0.5
9,3,-5.472482681274414,238.0504608154297,0.0,1.0,1.0
9,4,-8.783316612243652,80.77426147460938,0.5,0.5,1.0
9,5,-1.2482870817184448,1.866646647453308,1.0,1.0,1.0
9,6,-8.323107719421387,16.028514862060547,0.6666666865348816,0.6666666865348816,0.6666666865348816
9,7,-7.663366317749023,46.14013671875,0.0,0.5,1.0
9,8,-12.387795448303223,11.912152290344238,0.20000000298023224,0.800000011920929,1.0
9,9,-0.143999382853508,1.0746549367904663,1.0,1.0,1.0
9,10,-13.653185844421387,94.73297119140625,0.6666666865348816,0.6666666865348816,0.6666666865348816
9,11,-11.257261276245117,42.62412643432617,0.3333333432674408,0.6666666865348816,1.0
9,12,-2.946894407272339,4.364253997802734,1.0,1.0,1.0
9,13,-9.452866554260254,112.8921890258789,0.5,0.5,1.0
9,14,-4.611772537231445,4.651815414428711,0.6666666865348816,1.0,1.0
9,15,-7.360833168029785,6.297850131988525,0.75,0.75,1.0
9,16,-7.6192827224731445,12.67663860321045,0.0,0.6666666865348816,1.0
9,17,-4.822727203369141,4.990697860717773,0.6666666865348816,1.0,1.0
9,18,-5.432642459869385,3.889033079147339,0.75,1.0,1.0
9,19,-14.858026504516602,11.897611618041992,0.5,0.8333333730697632,0.8333333730697632
9,20,-5.585987091064453,4.041018486022949,0.75,0.75,1.0
9,21,-5.792283058166504,6.8947553634643555,0.6666666865348816,0.6666666865348816,1.0
9,22,-12.18485164642334,442.4935302734375,0.0,0.0,1.0
9,23,-13.309045791625977,9.190536499023438,0.6666666865348816,0.6666666865348816,1.0
9,24,-1.9412763118743896,6.9676384925842285,0.0,1.0,1.0
9,25,-30.382326126098633,6.678513526916504,0.4375,0.8125,1.0
9,26,-1.6061073541641235,2.232347249984741,0.5,1.0,1.0
9,27,-9.484846115112305,10.710359573364258,0.5,0.75,1.0
9,28,-7.7245097160339355,13.129170417785645,0.3333333432674408,0.6666666865348816,1.0
9,29,-2.263969659805298,9.621206283569336,0.0,1.0,1.0
9,30,-8.178515434265137,59.695560455322266,0.5,0.5,0.5
9,31,-1.9810408353805542,2.6926355361938477,0.5,1.0,1.0
9,32,-7.673769474029541,46.380760192871094,0.5,0.5,1.0
9,33,-1.8386088609695435,2.5075457096099854,0.5,1.0,1.0
9,34,-2.5218312740325928,12.451377868652344,0.0,1.0,1.0
9,35,-4.117593288421631,7.836534023284912,0.5,1.0,1.0
9,36,-6.184049606323242,4.69271993637085,0.5,0.75,1.0
9,37,-4.641855716705322,4.698696613311768,0.6666666865348816,1.0,1.0
9,38,-12.180216789245605,21.01116943359375,0.25,0.5,1.0
9,39,-3.2745275497436523,5.141082763671875,0.5,1.0,1.0
9,40,-13.129598617553711,79.56172180175781,0.0,0.6666666865348816,1.0
9,41,-31.854509353637695,202.16514587402344,0.3333333432674408,0.3333333432674408,0.6666666865348816
9,42,-8.016212463378906,55.04253387451172,0.5,0.5,1.0
9,43,-8.636597633361816,5.62555456161499,0.6000000238418579,0.800000011920929,1.0
9,44,-9.166483879089355,97.83104705810547,0.0,0.5,1.0
9,45,-8.945852279663086,87.61271667480469,0.0,0.5,0.5
9,46,-18.246280670166016,9.784358978271484,0.5,0.625,1.0
9,47,-18.882429122924805,23.2678279876709,0.5,0.6666666865348816,0.8333333730697632
9,48,-5.950906276702881,384.1012878417969,0.0,0.0,1.0
9,49,-13.102832794189453,700.2352905273438,0.0,0.0,1.0
9,50,-6.763211727142334,29.4179744720459,0.0,1.0,1.0
9,51,-0.6602143049240112,1.3911170959472656,1.0,1.0,1.0
9,52,-9.394043922424316,22.90483283996582,0.6666666865348816,0.6666666865348816,0.6666666865348816
9,53,-13.194927215576172,6.5862860679626465,0.4285714626312256,1.0,1.0
9,54,-9.069883346557617,20.558910369873047,0.3333333432674408,0.6666666865348816,1.0
9,55,-10.065070152282715,153.32119750976562,0.5,0.5,0.5
9,56,-22.793209075927734,95.4537582397461,0.4000000059604645,0.4000000059604645,0.6000000238418579
9,57,-1.7170798778533936,5.568244457244873,1.0,1.0,1.0
9,58,-12.859496116638184,6.278121471405029,0.5714285969734192,0.8571429252624512,1.0
9,59,-5.567351818084717,16.178380966186523,0.5,1.0,1.0
9,60,-2.6245169639587402,1.4548910856246948,1.0,1.0,1.0
9,61,-8.810722351074219,81.88871765136719,0.0,0.5,1.0
9,62,-4.462993621826172,86.7468032836914,0.0,1.0,1.0
9,63,-15.71549129486084,50.84962844848633,0.5,0.5,1.0
9,64,-0.7267976999282837,2.068446159362793,1.0,1.0,1.0
9,65,-5.758788108825684,17.803482055664062,0.0,1.0,1.0
9,66,-12.045835494995117,11.124691009521484,0.6000000238418579,1.0,1.0
9,67,-10.682528495788574,8.469788551330566,0.800000011920929,0.800000011920929,0.800000011920929
9,68,-44.495426177978516,85.58777618408203,0.20000000298023224,0.5,0.800000011920929
9,69,-25.64751434326172,71.8503646850586,0.3333333432674408,0.5,0.8333333730697632
9,70,-13.55282211303711,29.612764358520508,0.5,0.5,1.0
9,71,-9.433234214782715,111.78944396972656,0.0,0.5,0.5
9,72,-11.960671424865723,19.889020919799805,0.5,1.0,1.0
9,73,-6.739598274230957,845.2211303710938,0.0,0.0,1.0
9,74,-15.447518348693848,47.554649353027344,0.25,0.75,0.75
9,75,-3.638430595397949,6.167017459869385,0.5,1.0,1.0
9,76,-3.5443572998046875,3.259104013442993,0.3333333432674408,1.0,1.0
9,77,-22.59345054626465,43.188541412353516,0.5,0.6666666865348816,0.8333333730697632
9,78,-12.500843048095703,22.764692306518555,0.75,0.75,0.75
9,79,-5.699733257293701,4.157580375671387,0.75,1.0,1.0
9,80,-7.194658279418945,11.003565788269043,0.6666666865348816,0.6666666865348816,1.0
9,81,-14.162900924682617,5.872982978820801,0.5,1.0,1.0
9,82,-14.89720344543457,143.41384887695312,0.3333333432674408,0.3333333432674408,0.6666666865348816
9,83,-4.7434611320495605,114.8309555053711,0.0,0.0,1.0
9,84,-16.945571899414062,29.639690399169922,0.4000000059604645,0.6000000238418579,0.800000011920929
9,85,-6.969439506530762,32.613285064697266,0.0,1.0,1.0
9,86,-37.09463882446289,40.831905364990234,0.5,0.6000000238418579,0.800000011920929
9,87,-10.49648666381836,4.479440689086914,0.5714285969734192,0.8571429252624512,1.0
9,88,-3.5843076705932617,6.00236701965332,0.5,1.0,1.0
9,89,-33.338966369628906,786.6577758789062,0.20000000298023224,0.20000000298023224,0.6000000238418579
9,90,-10.475157737731934,5.730825901031494,0.6666666865348816,0.8333333730697632,1.0
9,91,-2.3755462169647217,3.2797694206237793,0.5,1.0,1.0
9,92,-32.867515563964844,239.34812927246094,0.3333333432674408,0.5,0.6666666865348816
9,93,-4.461291313171387,4.424233913421631,0.6666666865348816,1.0,1.0
9,94,-9.999391555786133,12.180641174316406,0.25,1.0,1.0
9,95,-5.649897575378418,16.860082626342773,0.0,1.0,1.0
9,96,-8.61619758605957,8.6196928024292,0.5,0.75,1.0
9,97,-7.073428630828857,5.861217021942139,0.5,1.0,1.0
9,98,-31.113008499145508,22.450231552124023,0.4000000059604645,0.800000011920929,0.9000000357627869
9,99,-8.068282127380371,14.723241806030273,0.3333333432674408,1.0,1.0
9,100,-7.700806617736816,47.012020111083984,0.0,1.0,1.0
9,101,-15.355622291564941,46.47458267211914,0.0,0.75,0.75
9,102,-2.6034460067749023,3.675624370574951,1.0,1.0,1.0
9,103,-1.4748690128326416,2.0905654430389404,1.0,1.0,1.0
9,104,-6.920650005340576,3.169081211090088,0.6666666865348816,1.0,1.0
9,105,-13.85551643371582,101.34246063232422,0.3333333432674408,0.3333333432674408,1.0
9,106,-6.9707536697387695,32.63472366333008,0.5,0.5,1.0
9,107,-17.27876091003418,5649.82861328125,0.0,0.0,0.5
9,108,-4.435461521148682,9.186461448669434,0.5,1.0,1.0
9,109,-37.649169921875,65.57804107666016,0.3333333432674408,0.5555555820465088,0.7777777910232544
9,110,-16.37670135498047,3598.78173828125,0.0,0.0,0.5
9,111,-17.473236083984375,32.93866729736328,0.20000000298023224,0.6000000238418579,1.0
9,112,-8.812121391296387,18.866235733032227,0.6666666865348816,0.6666666865348816,0.6666666865348816
9,113,-2.10009765625,2.0138182640075684,0.6666666865348816,1.0,1.0
9,114,-4.443389415740967,85.0627670288086,0.0,1.0,1.0
9,115,-11.866386413574219,377.3575744628906,0.0,0.5,0.5
9,116,-1.7081564664840698,2.349207878112793,1.0,1.0,1.0
9,117,-11.488656997680664,2.419940233230591,0.8461538553237915,0.9230769872665405,1.0
9,118,-9.081550598144531,93.76346588134766,0.5,0.5,0.5
9,119,-1.866388201713562,2.5426175594329834,1.0,1.0,1.0
9,120,-34.753517150878906,77.02958679199219,0.25,0.625,0.75
9,121,-36.411556243896484,432.0721435546875,0.0,0.3333333432674408,0.6666666865348816
9,122,-8.789714813232422,4.327337741851807,0.6666666865348816,0.8333333730697632,1.0
9,123,-15.631705284118652,49.79558563232422,0.75,0.75,0.75
9,124,-9.10637092590332,6.179727554321289,0.6000000238418579,1.0,1.0
9,125,-10.898988723754883,15.252557754516602,0.25,0.75,1.0
9,126,-15.012584686279297,42.65507125854492,0.5,0.5,0.75
9,127,-5.077727317810059,5.43345832824707,0.6666666865348816,1.0,1.0
9,128,-10.888233184814453,15.211599349975586,0.5,0.75,1.0
9,129,-3.9786458015441895,53.44460678100586,0.0,0.0,1.0
9,130,-12.55047607421875,65.59452056884766,0.6666666865348816,0.6666666865348816,0.6666666865348816
9,131,-10.226805686950684,7.731949806213379,0.6000000238418579,0.800000011920929,1.0
9,132,-5.410027980804443,223.6378631591797,0.0,0.0,1.0
9,133,-5.0409464836120605,12.434479713439941,0.5,0.5,1.0
9,134,-11.41299057006836,300.81494140625,0.0,0.0,1.0
9,135,-2.1522772312164307,2.0491514205932617,0.6666666865348816,1.0,1.0
9,136,-7.20170783996582,36.62949752807617,0.0,0.5,1.0
9,137,-17.924015045166016,7801.0029296875,0.0,0.5,0.5
9,138,-6.817845344543457,9.704747200012207,0.6666666865348816,0.6666666865348816,1.0
9,139,-6.525672912597656,3.688185214996338,0.4000000059604645,1.0,1.0
9,140,-8.924570083618164,19.586814880371094,0.3333333432674408,0.6666666865348816,1.0
9,141,-8.870299339294434,9.185029029846191,0.25,1.0,1.0
9,142,-12.646331787109375,12.544299125671387,0.4000000059604645,0.800000011920929,1.0
9,143,-13.2994966506958,772.58984375,0.0,0.5,0.5
9,144,-17.211368560791016,73.90955352783203,0.5,0.75,0.75
9,145,-30.59722900390625,21.32164764404297,0.4000000059604645,0.6000000238418579,0.9000000357627869
9,146,-11.115640640258789,40.658729553222656,0.3333333432674408,0.6666666865348816,1.0
9,147,-4.2927117347717285,8.553630828857422,0.5,1.0,1.0
9,148,-10.00904655456543,149.08599853515625,0.5,0.5,0.5
10,0,-11.944171905517578,392.32318115234375,0.0,0.5,0.5
10,1,-11.99764347076416,4.4803690910339355,0.75,0.875,1.0
10,2,-10.882132530212402,230.6880340576172,0.5,0.5,0.5
10,3,-5.3891801834106445,219.02374267578125,0.0,1.0,1.0
10,4,-8.502429008483887,70.19060516357422,0.5,0.5,1.0
10,5,-1.3549648523330688,1.9689146280288696,0.5,1.0,1.0
10,6,-8.169010162353516,15.225982666015625,0.6666666865348816,0.6666666865348816,0.6666666865348816
10,7,-7.4944167137146,42.40254211425781,0.0,0.5,1.0
10,8,-12.350833892822266,11.824418067932129,0.20000000298023224,0.800000011920929,1.0
10,9,-0.13761161267757416,1.0712281465530396,1.0,1.0,1.0
10,10,-13.74487590789795,97.67302703857422,0.6666666865348816,0.6666666865348816,0.6666666865348816
10,11,-11.2353515625,42.313968658447266,0.3333333432674408,0.6666666865348816,1.0
10,12,-2.890925168991089,4.243814945220947,1.0,1.0,1.0
10,13,-9.440707206726074,112.20792388916016,0.5,0.5,1.0
10,14,-4.562088489532471,4.575408935546875,0.6666666865348816,1.0,1.0
10,15,-7.254937171936035,6.133308410644531,0.75,0.75,1.0
10,16,-7.46102237701416,12.025235176086426,0.6666666865348816,0.6666666865348816,1.0
10,17,-4.741365432739258,4.857166290283203,0.6666666865348816,1.0,1.0
10,18,-5.278866767883301,3.742360830307007,0.5,1.0,1.0
10,19,-14.486557960510254,11.183353424072266,0.5,0.8333333730697632,0.8333333730697632
10,20,-5.439295768737793,3.895507335662842,0.75,0.75,1.0
10,21,-5.626887321472168,6.5249223709106445,0.6666666865348816,0.6666666865348816,1.0
10,22,-11.280458450317383,281.5272216796875,0.0,0.0,1.0
10,23,-13.289730072021484,9.16099739074707,0.6666666865348816,0.6666666865348816,1.0
10,24,-1.813794493675232,6.1336774826049805,0.0,1.0,1.0
10,25,-29.849206924438477,6.459651947021484,0.4375,0.875,1.0
10,26,-1.5273418426513672,2.1461400985717773,0.5,1.0,1.0
10,27,-9.351900100708008,10.360236167907715,0.5,0.75,1.0
10,28,-7.789989948272705,13.418888092041016,0.3333333432674408,0.6666666865348816,1.0
10,29,-2.2440176010131836,9.431145668029785,0.0,1.0,1.0
10,30,-8.14151382446289,58.60130310058594,0.5,0.5,1.0
10,31,-1.8403395414352417,2.509716510772705,0.5,1.0,1.0
10,32,-7.644090175628662,45.69757080078125,0.5,0.5,1.0
10,33,-1.8517323732376099,2.5240535736083984,0.5,1.0,1.0
10,34,-2.49422550201416,12.112349510192871,0.0,1.0,1.0
10,35,-4.0853495597839355,7.711207866668701,0.5,1.0,1.0
10,36,-5.901560306549072,4.372741222381592,0.5,1.0,1.0
10,37,-4.635128974914551,4.688173294067383,0.6666666865348816,1.0,1.0
10,38,-12.33265209197998,21.827333450317383,0.25,0.5,1.0
10,39,-3.1642987728118896,4.8654022216796875,0.5,1.0,1.0
10,40,-13.196392059326172,81.35298156738281,0.0,0.6666666865348816,1.0
10,41,-30.550434112548828,162.6725311279297,0.3333333432674408,0.3333333432674408,0.6666666865348816
10,42,-7.877777576446533,51.36149597167969,0.5,0.5,1.0
10,43,-7.946230888366699,4.90005350112915,0.800000011920929,0.800000011920929,1.0
10,44,-9.160393714904785,97.5335922241211,0.0,0.5,1.0
10,45,-8.742493629455566,79.14225006103516,0.0,0.5,0.5
10,46,-18.417991638183594,9.996639251708984,0.5,0.625,1.0
10,47,-17.82425308227539,19.505741119384766,0.5,0.8333333730697632,0.8333333730697632
10,48,-5.876899719238281,356.7016296386719,0.0,0.0,1.0
10,49,-13.028885841369629,674.8179321289062,0.0,0.0,1.0
10,50,-6.636680603027344,27.61448097229004,0.0,0.5,1.0
10,51,-0.7335342168807983,1.4430618286132812,1.0,1.0,1.0
10,52,-9.11194133758545,20.84916114807129,0.6666666865348816,0.6666666865348816,0.6666666865348816
10,53,-12.64802074432373,6.091291427612305,0.4285714626312256,1.0,1.0
10,54,-9.013585090637207,20.176694869995117,0.3333333432674408,0.6666666865348816,1.0
10,55,-10.05634593963623,152.6538543701172,0.5,0.5,0.5
10,56,-22.45140838623047,89.14654541015625,0.4000000059604645,0.4000000059604645,0.6000000238418579
10,57,-1.7004691362380981,5.476516246795654,1.0,1.0,1.0
10,58,-12.471569061279297,5.939664840698242,0.5714285969734192,0.8571429252624512,1.0
10,59,-5.534237861633301,15.912721633911133,0.0,1.0,1.0
10,60,-2.572575569152832,1.4441354274749756,1.0,1.0,1.0
10,61,-8.785490036010742,80.8620834350586,0.0,0.5,1.0
10,62,-4.474093437194824,87.71504211425781,0.0,1.0,1.0
10,63,-15.184319496154785,44.52629089355469,0.5,0.5,1.0
10,64,-0.7577895522117615,2.1335549354553223,1.0,1.0,1.0
10,65,-5.766558647155762,17.872787475585938,0.0,1.0,1.0
10,66,-10.278083801269531,7.811655521392822,0.6000000238418579,0.800000011920929,1.0
10,67,-10.441595077514648,8.07133674621582,0.800000011920929,0.800000011920929,0.800000011920929
10,68,-44.23366928100586,83.37654113769531,0.20000000298023224,0.5,0.800000011920929
10,69,-24.196231842041016,56.41332244873047,0.3333333432674408,0.5,0.8333333730697632
10,70,-13.416234970092773,28.618654251098633,0.5,0.5,1.0
10,71,-9.186989784240723,98.8392562866211,0.0,0.5,0.5
10,72,-10.788274765014648,14.83617877960205,0.5,1.0,1.0
10,73,-6.7540812492370605,857.551513671875,0.0,0.0,1.0
10,74,-15.455533981323242,47.65004348754883,0.25,0.75,0.75
10,75,-3.6340126991271973,6.153409957885742,0.5,1.0,1.0
10,76,-3.3590645790100098,3.0638985633850098,0.3333333432674408,1.0,1.0
10,77,-18.956321716308594,23.556150436401367,0.3333333432674408,0.8333333730697632,0.8333333730697632
10,78,-12.213408470153809,21.186243057250977,0.75,0.75,0.75
10,79,-5.683993816375732,4.1412529945373535,0.75,1.0,1.0
10,80,-7.038383960723877,10.445047378540039,0.6666666865348816,0.6666666865348816,1.0
10,81,-14.027114868164062,5.774140357971191,0.5,1.0,1.0
10,82,-14.553348541259766,127.883056640625,0.3333333432674408,0.3333333432674408,0.6666666865348816
10,83,-4.6912384033203125,108.98806762695312,0.0,0.0,1.0
10,84,-16.481231689453125,27.011056900024414,0.4000000059604645,0.6000000238418579,0.800000011920929
10,85,-6.9037885665893555,31.56011962890625,0.0,1.0,1.0
10,86,-35.97432327270508,36.5043830871582,0.6000000238418579,0.6000000238418579,0.800000011920929
10,87,-10.498363494873047,4.4806413650512695,0.5714285969734192,0.8571429252624512,1.0
10,88,-3.5829572677612305,5.998315334320068,0.5,1.0,1.0
10,89,-33.44633483886719,803.7330322265625,0.20000000298023224,0.20000000298023224,0.6000000238418579
10,90,-10.195560455322266,5.4698991775512695,0.6666666865348816,1.0,1.0
10,91,-2.3438878059387207,3.228261947631836,0.5,1.0,1.0
10,92,-31.72848892211914,197.96328735351562,0.3333333432674408,0.5,0.6666666865348816
10,93,-3.9708471298217773,3.7569806575775146,0.6666666865348816,1.0,1.0
10,94,-9.060066223144531,9.6312837600708,0.25,1.0,1.0
10,95,-5.600426197052002,16.448150634765625,0.0,1.0,1.0
10,96,-8.586723327636719,8.556410789489746,0.5,0.75,1.0
10,97,-7.4206414222717285,6.392723083496094,0.5,1.0,1.0
10,98,-30.08982276916504,20.266761779785156,0.4000000059604645,0.800000011920929,0.9000000357627869
10,99,-8.175592422485352,15.259428024291992,0.3333333432674408,1.0,1.0
10,100,-7.478269100189209,42.06156921386719,0.0,1.0,1.0
10,101,-14.754538536071777,39.99020767211914,0.25,0.75,0.75
10,102,-2.441755533218384,3.390162229537964,1.0,1.0,1.0
10,103,-1.432118535041809,2.0463531017303467,1.0,1.0,1.0
10,104,-6.82386589050293,3.1183717250823975,0.6666666865348816,1.0,1.0
10,105,-13.580777168273926,92.47381591796875,0.3333333432674408,0.3333333432674408,1.0
10,106,-6.85139274597168,30.744047164916992,0.5,0.5,1.0
10,107,-16.631330490112305,4087.40380859375,0.0,0.0,0.5
10,108,-4.454663276672363,9.275084495544434,0.5,1.0,1.0
10,109,-35.815608978271484,53.490936279296875,0.3333333432674408,0.5555555820465088,0.7777777910232544
10,110,-15.114691734313965,1914.7567138671875,0.0,0.5,0.5
10,111,-17.284454345703125,31.71820640563965,0.20000000298023224,0.6000000238418579,1.0
10,112,-8.441473007202148,16.67356300354004,0.6666666865348816,0.6666666865348816,0.6666666865348816
10,113,-2.145155668258667,2.04429292678833,0.6666666865348816,1.0,1.0
10,114,-4.347262382507324,77.26664733886719,0.0,1.0,1.0
10,115,-11.786481857299805,362.5784912109375,0.0,0.5,0.5
10,116,-1.7421996593475342,2.3895375728607178,1.0,1.0,1.0
10,117,-11.161752700805664,2.3598458766937256,0.8461538553237915,0.9230769872665405,1.0
10,118,-9.253704071044922,102.19186401367188,0.5,0.5,0.5
10,119,-1.8748258352279663,2.5533671379089355,1.0,1.0,1.0
10,120,-32.91459655761719,61.210853576660156,0.25,0.625,0.75
10,121,-35.08757781982422,346.51617431640625,0.0,0.3333333432674408,0.6666666865348816
10,122,-8.30942153930664,3.994440793991089,0.6666666865348816,0.8333333730697632,1.0
10,123,-15.678008079528809,50.37535095214844,0.75,0.75,0.75
10,124,-8.976892471313477,6.021753311157227,0.6000000238418579,1.0,1.0
10,125,-10.796453475952148,14.866544723510742,0.25,0.75,1.0
10,126,-14.991691589355469,42.43285369873047,0.5,0.5,0.75
10,127,-4.886151313781738,5.0973310470581055,0.6666666865348816,1.0,1.0
10,128,-10.831993103027344,14.999220848083496,0.5,0.75,1.0
10,129,-3.891470193862915,48.98284912109375,0.0,0.0,1.0
10,130,-12.453279495239258,63.50336837768555,0.6666666865348816,0.6666666865348816,0.6666666865348816
10,131,-10.119349479675293,7.567554950714111,0.6000000238418579,0.800000011920929,1.0
10,132,-5.4564595222473145,234.2665557861328,0.0,0.0,1.0
10,133,-5.060751914978027,12.558226585388184,0.5,0.5,1.0
10,134,-11.434137344360352,304.012451171875,0.0,0.0,1.0
10,135,-2.147895097732544,2.0461604595184326,0.6666666865348816,1.0,1.0
10,136,-7.143371105194092,35.57651138305664,0.0,0.5,1.0
10,137,-17.847362518310547,7507.67578125,0.0,0.5,0.5
10,138,-6.8025431632995605,9.65537166595459,0.6666666865348816,0.6666666865348816,1.0
10,139,-6.470970153808594,3.648054361343384,0.4000000059604645,1.0,1.0
10,140,-8.611021041870117,17.643022537231445,0.3333333432674408,0.6666666865348816,1.0
10,141,-8.788270950317383,8.998588562011719,0.25,1.0,1.0
10,142,-12.788619041442871,12.906405448913574,0.4000000059604645,0.800000011920929,1.0
10,143,-13.198577880859375,734.5726928710938,0.0,0.5,0.5
10,144,-17.335025787353516,76.23011016845703,0.5,0.75,0.75
10,145,-29.946861267089844,19.979087829589844,0.4000000059604645,0.6000000238418579,0.9000000357627869
10,146,-11.243387222290039,42.427459716796875,0.3333333432674408,0.6666666865348816,1.0
10,147,-4.23900032043457,8.326973915100098,0.5,1.0,1.0
10,148,-10.03164291381836,150.7799530029297,0.5,0.5,0.5
11,0,-10.890974044799805,231.71009826660156,0.0,0.5,0.5
11,1,-12.383340835571289,4.701669216156006,0.75,0.875,1.0
11,2,-10.836515426635742,225.48593139648438,0.5,0.5,0.5
11,3,-5.2427825927734375,189.19583129882812,0.0,1.0,1.0
11,4,-8.29840087890625,63.38330078125,0.5,0.5,1.0
11,5,-1.4285290241241455,2.0426838397979736,0.5,1.0,1.0
11,6,-7.877731800079346,13.81714916229248,0.6666666865348816,0.6666666865348816,0.6666666865348816
11,7,-7.398477554321289,40.416526794433594,0.0,0.5,1.0
11,8,-12.274303436279297,11.644811630249023,0.20000000298023224,0.800000011920929,1.0
11,9,-0.1297300159931183,1.0670149326324463,1.0,1.0,1.0
11,10,-13.859094619750977,101.46339416503906,0.6666666865348816,0.6666666865348816,0.6666666865348816
11,11,-11.269659042358398,42.80063247680664,0.3333333432674408,0.6666666865348816,1.0
11,12,-2.7637016773223877,3.9822652339935303,1.0,1.0,1.0
11,13,-9.489309310913086,114.96810150146484,0.5,0.5,1.0
11,14,-4.456579685211182,4.417290687561035,0.6666666865348816,1.0,1.0
11,15,-7.176539421081543,6.0142693519592285,0.75,0.75,1.0
11,16,-7.195450305938721,11.00647258758545,0.6666666865348816,0.6666666865348816,1.0
11,17,-4.730093479156494,4.838950157165527,0.6666666865348816,1.0,1.0
11,18,-5.019255638122559,3.507185459136963,0.5,1.0,1.0
11,19,-14.065309524536133,10.425119400024414,0.5,0.8333333730697632,0.8333333730697632
11,20,-5.207465171813965,3.6761510372161865,0.75,0.75,1.0
11,21,-5.490427494049072,6.234775066375732,0.6666666865348816,0.6666666865348816,1.0
11,22,-10.258868217468262,168.92149353027344,0.0,0.5,1.0
11,23,-13.308039665222168,9.188995361328125,0.6666666865348816,0.6666666865348816,1.0
11,24,-1.739521861076355,5.694620132446289,0.0,1.0,1.0
11,25,-29.455936431884766,6.3028130531311035,0.4375,0.875,1.0
11,26,-1.4806286096572876,2.0965943336486816,0.5,1.0,1.0
11,27,-9.088326454162598,9.699570655822754,0.5,0.75,1.0
11,28,-7.821587085723877,13.560967445373535,0.3333333432674408,0.6666666865348816,1.0
11,29,-2.1481614112854004,8.56908893585205,0.0,1.0,1.0
11,30,-8.106168746948242,57.574764251708984,0.5,0.5,1.0
11,31,-1.6401551961898804,2.2706758975982666,0.5,1.0,1.0
11,32,-7.555233955383301,43.711753845214844,0.5,0.5,1.0
11,33,-1.756537675857544,2.4067296981811523,0.5,1.0,1.0
11,34,-2.4011945724487305,11.036352157592773,0.0,1.0,1.0
11,35,-4.113180637359619,7.819263458251953,0.5,1.0,1.0
11,36,-5.593957424163818,4.049078464508057,0.5,1.0,1.0
11,37,-4.550320148468018,4.557496070861816,0.6666666865348816,1.0,1.0
11,38,-12.475666046142578,22.621856689453125,0.25,0.5,1.0
11,39,-3.045708656311035,4.585294723510742,0.5,1.0,1.0
11,40,-13.356160163879395,85.80296325683594,0.0,0.6666666865348816,1.0
11,41,-29.10365104675293,127.81813049316406,0.3333333432674408,0.3333333432674408,0.6666666865348816
11,42,-7.723917484283447,47.558414459228516,0.5,0.5,1.0
11,43,-7.237540245056152,4.252504825592041,0.800000011920929,1.0,1.0
11,44,-8.996891975402832,89.87734985351562,0.0,0.5,1.0
11,45,-8.499311447143555,70.0812759399414,0.5,0.5,0.5
11,46,-18.53449249267578,10.143281936645508,0.5,0.625,1.0
11,47,-17.054563522338867,17.157360076904297,0.5,0.8333333730697632,1.0
11,48,-5.831951141357422,341.0234069824219,0.0,0.0,1.0
11,49,-12.95625114440918,650.75,0.0,0.0,1.0
11,50,-6.377856254577637,24.262407302856445,0.0,0.5,1.0
11,51,-0.7362467050552368,1.4450201988220215,1.0,1.0,1.0
11,52,-8.726310729980469,18.334239959716797,0.6666666865348816,0.6666666865348816,0.6666666865348816
11,53,-12.086929321289062,5.62209415435791,0.4285714626312256,1.0,1.0
11,54,-9.029963493347168,20.287153244018555,0.3333333432674408,0.6666666865348816,1.0
11,55,-10.12385082244873,157.89422607421875,0.5,0.5,0.5
11,56,-22.165424346923828,84.19074249267578,0.4000000059604645,0.4000000059604645,0.800000011920929
11,57,-1.6688480377197266,5.306052207946777,1.0,1.0,1.0
11,58,-12.237153053283691,5.744051456451416,0.5714285969734192,0.8571429252624512,1.0
11,59,-5.448261260986328,15.243156433105469,0.0,1.0,1.0
11,60,-2.461064100265503,1.4213122129440308,1.0,1.0,1.0
11,61,-8.610766410827637,74.09761047363281,0.0,0.5,1.0
11,62,-4.4689178466796875,87.26223754882812,0.0,1.0,1.0
11,63,-14.486190795898438,37.39540100097656,0.25,0.5,1.0
11,64,-0.7321075201034546,2.079458475112915,1.0,1.0,1.0
11,65,-5.684317588806152,17.152755737304688,0.0,1.0,1.0
11,66,-8.991271018981934,6.039095401763916,0.800000011920929,0.800000011920929,1.0
11,67,-10.295134544372559,7.838338851928711,0.800000011920929,0.800000011920929,0.800000011920929
11,68,-44.22867202758789,83.33488464355469,0.20000000298023224,0.5,0.800000011920929
11,69,-23.51079559326172,50.32318115234375,0.5,0.5,0.8333333730697632
11,70,-13.199851036071777,27.11162757873535,0.5,0.5,1.0
11,71,-9.066059112548828,93.04000091552734,0.5,0.5,0.5
11,72,-9.648927688598633,11.158839225769043,0.5,1.0,1.0
11,73,-6.805393695831299,902.7030639648438,0.0,0.0,1.0
11,74,-15.313666343688965,45.989662170410156,0.25,0.75,0.75
11,75,-3.6138224601745605,6.0916032791137695,0.5,1.0,1.0
11,76,-3.1087148189544678,2.818594455718994,0.3333333432674408,1.0,1.0
11,77,-14.685402870178223,11.560189247131348,0.5,0.8333333730697632,0.8333333730697632
11,78,-12.057503700256348,20.37636947631836,0.75,0.75,0.75
11,79,-5.760510444641113,4.221234321594238,0.5,1.0,1.0
11,80,-6.824671268463135,9.726853370666504,0.6666666865348816,0.6666666865348816,1.0
11,81,-13.543510437011719,5.435431003570557,0.5,1.0,1.0
11,82,-14.260347366333008,115.9836196899414,0.3333333432674408,0.3333333432674408,0.6666666865348816
11,83,-4.5959978103637695,99.08695983886719,0.0,0.0,1.0
11,84,-15.904934883117676,24.07049560546875,0.6000000238418579,0.6000000238418579,0.800000011920929
11,85,-6.7695417404174805,29.511228561401367,0.0,1.0,1.0
11,86,-34.55061340332031,31.660234451293945,0.5,0.6000000238418579,0.800000011920929
11,87,-10.55069351196289,4.514263153076172,0.5714285969734192,0.8571429252624512,1.0
11,88,-3.675745964050293,6.2831597328186035,0.5,1.0,1.0
11,89,-33.59614562988281,828.178955078125,0.20000000298023224,0.20000000298023224,0.6000000238418579
11,90,-9.919469833374023,5.223903656005859,0.6666666865348816,1.0,1.0
11,91,-2.283306837081909,3.1319422721862793,0.5,1.0,1.0
11,92,-30.483112335205078,160.8574676513672,0.3333333432674408,0.5,0.6666666865348816
11,93,-3.3918263912200928,3.0975418090820312,0.6666666865348816,1.0,1.0
11,94,-7.946942329406738,7.29169225692749,0.25,1.0,1.0
11,95,-5.584860801696777,16.32063865661621,0.0,1.0,1.0
11,96,-8.346783638000488,8.058245658874512,0.5,0.75,1.0
11,97,-7.876011848449707,7.1635308265686035,0.5,0.75,1.0
11,98,-29.0231990814209,18.21635627746582,0.4000000059604645,0.699999988079071,0.9000000357627869
11,99,-8.28919792175293,15.848361015319824,0.3333333432674408,1.0,1.0
11,100,-7.260692596435547,37.72587966918945,0.0,1.0,1.0
11,101,-13.91649341583252,32.431278228759766,0.25,0.75,1.0
11,102,-2.303241729736328,3.163316011428833,1.0,1.0,1.0
11,103,-1.2449990510940552,1.8635802268981934,1.0,1.0,1.0
11,104,-6.7628679275512695,3.0868301391601562,0.6666666865348816,1.0,1.0
11,105,-13.313337326049805,84.58686065673828,0.3333333432674408,0.3333333432674408,1.0
11,106,-6.703514575958252,28.55286407470703,0.5,0.5,1.0
11,107,-15.828876495361328,2736.5087890625,0.0,0.0,0.5
11,108,-4.513704776763916,9.552972793579102,0.5,1.0,1.0
11,109,-34.28940200805664,45.14744567871094,0.3333333432674408,0.5555555820465088,0.7777777910232544
11,110,-13.922262191772461,1054.825927734375,0.0,0.5,0.5
11,111,-17.073020935058594,30.404911041259766,0.20000000298023224,0.800000011920929,1.0
11,112,-7.8967790603637695,13.90515422821045,0.6666666865348816,0.6666666865348816,1.0
11,113,-2.0123932361602783,1.9557968378067017,0.6666666865348816,1.0,1.0
11,114,-4.192938804626465,66.21710205078125,0.0,1.0,1.0
11,115,-11.940357208251953,391.5755920410156,0.0,0.5,0.5
11,116,-1.7243549823760986,2.368312120437622,1.0,1.0,1.0
11,117,-10.816539764404297,2.2980053424835205,0.8461538553237915,0.9230769872665405,1.0
11,118,-9.539815902709961,117.90838623046875,0.5,0.5,0.5
11,119,-1.8123633861541748,2.4748549461364746,1.0,1.0,1.0
11,120,-30.77840805053711,46.86640167236328,0.25,0.625,0.75
11,121,-33.263816833496094,255.6909942626953,0.1666666716337204,0.3333333432674408,0.8333333730697632
11,122,-7.944950103759766,3.7590198516845703,0.6666666865348816,0.8333333730697632,1.0
11,123,-15.621872901916504,49.673336029052734,0.75,0.75,0.75
11,124,-8.735746383666992,5.738221168518066,0.6000000238418579,1.0,1.0
11,125,-10.56393814086914,14.027007102966309,0.5,0.75,1.0
11,126,-14.885405540466309,41.32019805908203,0.5,0.5,0.75
11,127,-4.622639179229736,4.668695449829102,0.6666666865348816,1.0,1.0
11,128,-10.76240348815918,14.740530014038086,0.5,0.75,1.0
11,129,-3.7900848388671875,44.260154724121094,0.0,1.0,1.0
11,130,-12.38805103302002,62.13752746582031,0.6666666865348816,0.6666666865348816,0.6666666865348816
11,131,-10.093255996704102,7.528164386749268,0.6000000238418579,0.800000011920929,1.0
11,132,-5.585830211639404,266.6215515136719,0.0,0.0,1.0
11,133,-4.9319539070129395,11.774980545043945,0.5,0.5,1.0
11,134,-11.43879222869873,304.7208557128906,0.0,0.0,1.0
11,135,-2.1712796688079834,2.0621721744537354,0.6666666865348816,1.0,1.0
11,136,-7.0723724365234375,34.33572006225586,0.0,0.5,1.0
11,137,-17.792078018188477,7302.9892578125,0.0,0.5,0.5
11,138,-6.7217512130737305,9.398815155029297,0.6666666865348816,0.6666666865348816,1.0
11,139,-6.4471049308776855,3.630683660507202,0.4000000059604645,1.0,1.0
11,140,-8.404291152954102,16.46818733215332,0.3333333432674408,0.6666666865348816,1.0
11,141,-8.729597091674805,8.86755657196045,0.25,1.0,1.0
11,142,-12.901195526123047,13.20029354095459,0.4000000059604645,0.800000011920929,1.0
11,143,-13.188261032104492,730.793212890625,0.0,0.5,0.5
11,144,-17.246654510498047,74.56443786621094,0.5,0.75,0.75
11,145,-28.995861053466797,18.1666259765625,0.4000000059604645,0.6000000238418579,0.9000000357627869
11,146,-11.247808456420898,42.49003219604492,0.3333333432674408,0.6666666865348816,1.0
11,147,-4.168101787567139,8.03696060180664,0.5,1.0,1.0
11,148,-10.110551834106445,156.84780883789062,0.0,0.5,0.5
12,0,-9.93010139465332,143.31581115722656,0.5,0.5,0.5
12,1,-12.668943405151367,4.872552394866943,0.75,0.875,1.0
12,2,-10.784114837646484,219.65484619140625,0.5,0.5,0.5
12,3,-5.062150478363037,157.92977905273438,0.0,1.0,1.0
12,4,-8.019003868103027,55.11941146850586,0.5,0.5,1.0
12,5,-1.3508884906768799,1.9649056196212769,0.5,1.0,1.0
12,6,-7.5868611335754395,12.54037857055664,0.6666666865348816,0.6666666865348816,1.0
12,7,-7.420962810516357,40.873477935791016,0.0,0.5,1.0
12,8,-12.201042175292969,11.475432395935059,0.20000000298023224,0.800000011920929,1.0
12,9,-0.11800563335418701,1.060778260231018,1.0,1.0,1.0
12,10,-13.966123580932617,105.14859771728516,0.6666666865348816,0.6666666865348816,0.6666666865348816
12,11,-11.266183853149414,42.75109100341797,0.3333333432674408,0.6666666865348816,1.0
12,12,-2.732973575592041,3.921549081802368,1.0,1.0,1.0
12,13,-9.595770835876465,121.25374603271484,0.5,0.5,1.0
12,14,-4.39334774017334,4.325160503387451,0.6666666865348816,1.0,1.0
12,15,-7.187475681304932,6.030735492706299,0.75,0.75,1.0
12,16,-7.112030982971191,10.704636573791504,0.6666666865348816,0.6666666865348816,1.0
12,17,-4.678079128265381,4.755774974822998,0.6666666865348816,1.0,1.0
12,18,-4.779857635498047,3.3034403324127197,0.5,1.0,1.0
12,19,-13.804920196533203,9.982365608215332,0.5,0.8333333730697632,0.8333333730697632
12,20,-5.028384685516357,3.5151991844177246,0.75,0.75,1.0
12,21,-5.382509708404541,6.0144805908203125,0.6666666865348816,0.6666666865348816,1.0
12,22,-9.076311111450195,93.51815032958984,0.0,0.5,1.0
12,23,-13.470877647399902,9.44179630279541,0.5,0.8333333730697632,1.0
12,24,-1.685425877571106,5.394748210906982,0.0,1.0,1.0
12,25,-29.22648811340332,6.213072776794434,0.4375,0.875,1.0
12,26,-1.3679077625274658,1.9816975593566895,0.5,1.0,1.0
12,27,-8.913095474243164,9.283827781677246,0.5,0.75,1.0
12,28,-7.873750686645508,13.79882526397705,0.3333333432674408,0.6666666865348816,1.0
12,29,-2.023607015609741,7.56556510925293,0.0,1.0,1.0
12,30,-8.185546875,59.90580368041992,0.5,0.5,1.0
12,31,-1.44435453414917,2.0589113235473633,1.0,1.0,1.0
12,32,-7.468125820159912,41.84878921508789,0.5,0.5,1.0
12,33,-1.701898217201233,2.3418684005737305,0.5,1.0,1.0
12,34,-2.3256821632385254,10.233659744262695,0.0,1.0,1.0
12,35,-4.171186923980713,8.04936695098877,0.5,1.0,1.0
12,36,-5.291561126708984,3.7542564868927,0.5,1.0,1.0
12,37,-4.5360283851623535,4.535836219787598,0.6666666865348816,0.6666666865348816,1.0
12,38,-12.619563102722168,23.450475692749023,0.25,0.5,1.0
12,39,-2.917228937149048,4.299997806549072,0.5,1.0,1.0
12,40,-13.487592697143555,89.64562225341797,0.0,0.6666666865348816,1.0
12,41,-27.773998260498047,102.41156768798828,0.3333333432674408,0.3333333432674408,0.6666666865348816
12,42,-7.6499247550964355,45.83107376098633,0.5,0.5,1.0
12,43,-6.779787063598633,3.880474090576172,0.800000011920929,1.0,1.0
12,44,-8.86573600769043,84.17247772216797,0.0,0.5,1.0
12,45,-8.269952774047852,62.48811340332031,0.5,0.5,0.5
12,46,-18.666061401367188,10.311478614807129,0.5,0.625,1.0
12,47,-16.605512619018555,15.920148849487305,0.5,0.8333333730697632,1.0
12,48,-5.669949054718018,290.0197448730469,0.0,0.0,1.0
12,49,-12.845183372497559,615.5964965820312,0.0,0.0,1.0
12,50,-6.190335750579834,22.090946197509766,0.0,0.5,1.0
12,51,-0.6918964385986328,1.4133293628692627,1.0,1.0,1.0
12,52,-8.302372932434082,15.918113708496094,0.6666666865348816,0.6666666865348816,0.6666666865348816
12,53,-11.584043502807617,5.232364654541016,0.4285714626312256,1.0,1.0
12,54,-9.062820434570312,20.51056480407715,0.3333333432674408,0.6666666865348816,1.0
12,55,-10.112994194030762,157.03945922851562,0.5,0.5,0.5
12,56,-21.741756439208984,77.35084533691406,0.4000000059604645,0.4000000059604645,0.800000011920929
12,57,-1.6044986248016357,4.9753642082214355,1.0,1.0,1.0
12,58,-11.92310619354248,5.4920454025268555,0.5714285969734192,0.8571429252624512,1.0
12,59,-5.360968112945557,14.592154502868652,0.0,1.0,1.0
12,60,-2.3636155128479004,1.4016629457473755,1.0,1.0,1.0
12,61,-8.55587100982666,72.0914535522461,0.0,0.5,1.0
12,62,-4.5357770919799805,93.29598236083984,0.0,1.0,1.0
12,63,-13.511971473693848,29.311880111694336,0.25,0.75,1.0
12,64,-0.7322621941566467,2.079780101776123,1.0,1.0,1.0
12,65,-5.629354953765869,16.687793731689453,0.0,1.0,1.0
12,66,-8.343430519104004,5.305192947387695,0.800000011920929,0.800000011920929,1.0
12,67,-10.106002807617188,7.54738187789917,0.800000011920929,0.800000011920929,0.800000011920929
12,68,-44.15650177001953,82.73564147949219,0.20000000298023224,0.5,0.800000011920929
12,69,-23.13467788696289,47.26545333862305,0.5,0.5,0.8333333730697632
12,70,-12.979981422424316,25.661592483520508,0.5,0.5,1.0
12,71,-8.884269714355469,84.95611572265625,0.5,0.5,0.5
12,72,-8.620988845825195,8.630023002624512,0.5,1.0,1.0
12,73,-6.833893775939941,928.8003540039062,0.0,0.0,1.0
12,74,-15.186516761779785,44.55075454711914,0.5,0.75,0.75
12,75,-3.544881820678711,5.885201454162598,0.5,1.0,1.0
12,76,-2.8451688289642334,2.5815489292144775,0.6666666865348816,1.0,1.0
12,77,-12.355085372924805,7.839546203613281,0.6666666865348816,0.8333333730697632,0.8333333730697632
12,78,-12.028863906860352,20.23099708557129,0.75,0.75,0.75
12,79,-5.6819257736206055,4.139112949371338,0.5,1.0,1.0
12,80,-6.554819107055664,8.890111923217773,0.6666666865348816,0.6666666865348816,1.0
12,81,-13.154539108276367,5.177474498748779,0.5,1.0,1.0
12,82,-14.039544105529785,107.75372314453125,0.3333333432674408,0.3333333432674408,0.6666666865348816
12,83,-4.4847307205200195,88.653076171875,0.0,0.0,1.0
12,84,-15.485570907592773,22.133983612060547,0.6000000238418579,0.6000000238418579,0.800000011920929
12,85,-6.6477861404418945,27.76824378967285,0.0,1.0,1.0
12,86,-33.25865936279297,27.823083877563477,0.5,0.6000000238418579,0.800000011920929
12,87,-10.523895263671875,4.497014045715332,0.5714285969734192,0.8571429252624512,1.0
12,88,-3.7544171810150146,6.535236835479736,0.5,1.0,1.0
12,89,-34.069252014160156,910.369384765625,0.20000000298023224,0.20000000298023224,0.6000000238418579
12,90,-9.797435760498047,5.118728160858154,0.5,1.0,1.0
12,91,-2.2537150382995605,3.0859436988830566,0.5,1.0,1.0
12,92,-29.147783279418945,128.76177978515625,0.3333333432674408,0.5,0.6666666865348816
12,93,-2.866288661956787,2.5997869968414307,0.6666666865348816,1.0,1.0
12,94,-7.04011344909668,5.812602519989014,0.25,1.0,1.0
12,95,-5.5611958503723145,16.128662109375,0.0,1.0,1.0
12,96,-8.263252258300781,7.891711711883545,0.5,0.75,1.0
12,97,-8.25679874420166,7.8789896965026855,0.5,0.75,1.0
12,98,-27.990440368652344,16.42893409729004,0.4000000059604645,0.800000011920929,0.9000000357627869
12,99,-8.411345481872559,16.506954193115234,0.3333333432674408,1.0,1.0
12,100,-6.99608039855957,33.05061721801758,0.0,1.0,1.0
12,101,-13.251855850219727,27.466415405273438,0.25,0.75,1.0
12,102,-2.178276777267456,2.971712589263916,1.0,1.0,1.0
12,103,-1.1446985006332397,1.7724261283874512,1.0,1.0,1.0
12,104,-6.736217975616455,3.0731496810913086,0.6666666865348816,1.0,1.0
12,105,-13.041156768798828,77.25039672851562,0.3333333432674408,0.3333333432674408,1.0
12,106,-6.5566582679748535,26.53140640258789,0.5,0.5,1.0
12,107,-14.72085189819336,1572.5062255859375,0.0,0.0,0.5
12,108,-4.552129745483398,9.738283157348633,0.5,1.0,1.0
12,109,-33.42833709716797,41.0281982421875,0.4444444477558136,0.5555555820465088,0.7777777910232544
12,110,-13.191861152648926,732.1099243164062,0.0,0.5,0.5
12,111,-16.813079833984375,28.86460304260254,0.20000000298023224,0.800000011920929,1.0
12,112,-7.2363386154174805,11.157511711120605,0.6666666865348816,0.6666666865348816,1.0
12,113,-1.9442545175552368,1.9118757247924805,0.6666666865348816,1.0,1.0
12,114,-3.943302869796753,51.58871078491211,0.0,1.0,1.0
12,115,-12.028873443603516,409.29522705078125,0.0,0.5,0.5
12,116,-1.7296311855316162,2.374568223953247,1.0,1.0,1.0
12,117,-10.633389472961426,2.265856981277466,0.8461538553237915,0.9230769872665405,1.0
12,118,-9.964305877685547,145.7879180908203,0.5,0.5,0.5
12,119,-1.7896747589111328,2.4469377994537354,1.0,1.0,1.0
12,120,-29.374309539794922,39.32217788696289,0.25,0.625,0.75
12,121,-31.547616958618164,192.08462524414062,0.1666666716337204,0.3333333432674408,0.8333333730697632
12,122,-7.717700958251953,3.6193103790283203,0.6666666865348816,0.8333333730697632,1.0
12,123,-15.743051528930664,51.20119857788086,0.5,0.75,0.75
12,124,-8.585479736328125,5.568334102630615,0.6000000238418579,1.0,1.0
12,125,-10.392205238342285,13.437527656555176,0.5,0.75,1.0
12,126,-14.761812210083008,40.062992095947266,0.5,0.5,0.75
12,127,-4.392455101013184,4.323873996734619,0.6666666865348816,1.0,1.0
12,128,-10.681190490722656,14.444267272949219,0.5,0.75,1.0
12,129,-3.680830478668213,39.67933654785156,0.0,1.0,1.0
12,130,-12.306097984313965,60.46306228637695,0.6666666865348816,0.6666666865348816,0.6666666865348816
12,131,-9.8767728805542,7.209175109863281,0.6000000238418579,1.0,1.0
12,132,-5.604578971862793,271.66754150390625,0.0,0.0,1.0
12,133,-4.85683012008667,11.340892791748047,0.5,0.5,1.0
12,134,-11.460277557373047,308.0119934082031,0.0,0.0,1.0
12,135,-2.1442809104919434,2.043696880340576,0.6666666865348816,1.0,1.0
12,136,-6.859628677368164,30.870912551879883,0.0,1.0,1.0
12,137,-17.84517478942871,7499.46826171875,0.0,0.5,0.5
12,138,-6.582854747772217,8.973581314086914,0.6666666865348816,0.6666666865348816,1.0
12,139,-6.300638198852539,3.525871515274048,0.6000000238418579,1.0,1.0
12,140,-8.215486526489258,15.463704109191895,0.3333333432674408,0.6666666865348816,1.0
12,141,-8.647980690002441,8.688455581665039,0.25,1.0,1.0
12,142,-13.012409210205078,13.497194290161133,0.4000000059604645,0.800000011920929,1.0
12,143,-13.149080276489258,716.6160278320312,0.0,0.5,0.5
12,144,-17.274662017822266,75.0883560180664,0.5,0.75,0.75
12,145,-27.717021942138672,15.985823631286621,0.4000000059604645,0.800000011920929,0.9000000357627869
12,146,-11.390083312988281,44.55366897583008,0.3333333432674408,0.6666666865348816,1.0
12,147,-4.026796817779541,7.488724231719971,0.5,1.0,1.0
12,148,-10.142853736877441,159.401611328125,0.0,0.5,0.5
13,0,-9.155927658081055,97.3160400390625,0.5,0.5,0.5
13,1,-12.823040008544922,4.967318058013916,0.75,0.875,1.0
13,2,-10.910723686218262,234.00953674316406,0.5,0.5,0.5
13,3,-4.932616233825684,138.7420196533203,0.0,1.0,1.0
13,4,-7.801092147827148,49.42943572998047,0.5,0.5,1.0
13,5,-1.2309199571609497,1.8505074977874756,0.5,1.0,1.0
13,6,-7.160009384155273,10.87721061706543,0.6666666865348816,0.6666666865348816,1.0
13,7,-7.365694046020508,39.75942611694336,0.0,0.5,1.0
13,8,-12.093994140625,11.23236083984375,0.20000000298023224,0.800000011920929,1.0
13,9,-0.10658563673496246,1.0547385215759277,1.0,1.0,1.0
13,10,-14.060526847839355,108.510009765625,0.6666666865348816,0.6666666865348816,0.6666666865348816
13,11,-11.259698867797852,42.65877151489258,0.3333333432674408,0.6666666865348816,1.0
13,12,-2.596353054046631,3.662611961364746,1.0,1.0,1.0
13,13,-9.713713645935059,128.6193084716797,0.5,0.5,1.0
13,14,-4.34249210357666,4.2524590492248535,0.3333333432674408,1.0,1.0
13,15,-7.221512317657471,6.082270622253418,0.75,0.75,1.0
13,16,-6.876010894775391,9.894742965698242,0.6666666865348816,0.6666666865348816,1.0
13,17,-4.645899295806885,4.705034255981445,0.6666666865348816,1.0,1.0
13,18,-4.587172031402588,3.148081064224243,0.5,1.0,1.0
13,19,-13.616630554199219,9.673967361450195,0.5,0.8333333730697632,0.8333333730697632
13,20,-4.800577163696289,3.320596218109131,0.75,0.75,1.0
13,21,-5.234976768493652,5.725857734680176,0.6666666865348816,0.6666666865348816,1.0
13,22,-7.8162150382995605,49.80461120605469,0.0,0.5,1.0
13,23,-13.609840393066406,9.663023948669434,0.3333333432674408,0.8333333730697632,1.0
13,24,-1.627967119216919,5.093509674072266,0.0,1.0,1.0
13,25,-29.32524299621582,6.25153923034668,0.4375,0.875,1.0
13,26,-1.2665722370147705,1.8837908506393433,1.0,1.0,1.0
13,27,-8.690489768981934,8.781282424926758,0.5,0.75,1.0
13,28,-7.909743785858154,13.965377807617188,0.3333333432674408,0.6666666865348816,1.0
13,29,-1.9886059761047363,7.305342674255371,0.0,1.0,1.0
13,30,-8.301589012145996,63.48441696166992,0.5,0.5,1.0
13,31,-1.3145406246185303,1.9295181035995483,1.0,1.0,1.0
13,32,-7.367522239685059,39.7957878112793,0.5,0.5,1.0
13,33,-1.6461211442947388,2.2774596214294434,0.5,1.0,1.0
13,34,-2.263338565826416,9.61513614654541,0.0,1.0,1.0
13,35,-4.1545257568359375,7.9825897216796875,0.5,1.0,1.0
13,36,-5.160297870635986,3.633057117462158,0.5,1.0,1.0
13,37,-4.460415363311768,4.422942161560059,0.6666666865348816,0.6666666865348816,1.0
13,38,-12.8230562210083,24.674345016479492,0.25,0.5,1.0
13,39,-2.819629192352295,4.09519624710083,0.5,1.0,1.0
13,40,-13.676162719726562,95.46131134033203,0.0,0.6666666865348816,1.0
13,41,-26.26676368713379,79.6620864868164,0.3333333432674408,0.3333333432674408,0.6666666865348816
13,42,-7.610016345977783,44.92561340332031,0.5,0.5,1.0
13,43,-6.419292449951172,3.610544204711914,0.800000011920929,1.0,1.0
13,44,-8.693122863769531,77.2125015258789,0.0,0.5,1.0
13,45,-8.096033096313477,57.28372573852539,0.5,0.5,0.5
13,46,-18.807889938354492,10.495916366577148,0.5,0.625,1.0
13,47,-16.059520721435547,14.53539752960205,0.3333333432674408,0.8333333730697632,1.0
13,48,-5.526828765869141,251.34556579589844,0.0,0.0,1.0
13,49,-12.523483276367188,524.1309814453125,0.0,0.0,1.0
13,50,-6.086520195007324,20.973508834838867,0.5,0.5,1.0
13,51,-0.6040421724319458,1.352589726448059,1.0,1.0,1.0
13,52,-7.9184346199035645,14.00589370727539,0.6666666865348816,0.6666666865348816,1.0
13,53,-11.398565292358398,5.09554386138916,0.4285714626312256,1.0,1.0
13,54,-9.069211959838867,20.55430793762207,0.3333333432674408,0.6666666865348816,1.0
13,55,-10.063592910766602,153.2080078125,0.5,0.5,0.5
13,56,-21.296483993530273,70.76021575927734,0.4000000059604645,0.4000000059604645,0.800000011920929
13,57,-1.6151318550109863,5.028550624847412,1.0,1.0,1.0
13,58,-11.689521789550781,5.31180477142334,0.5714285969734192,0.8571429252624512,1.0
13,59,-5.417447566986084,15.010107040405273,0.0,1.0,1.0
13,60,-2.2466673851013184,1.3784401416778564,1.0,1.0,1.0
13,61,-8.49413776397705,69.90023040771484,0.0,0.5,1.0
13,62,-4.549778461456299,94.61144256591797,0.0,1.0,1.0
13,63,-12.20292854309082,21.130809783935547,0.25,0.75,1.0
13,64,-0.7331121563911438,2.0815486907958984,1.0,1.0,1.0
13,65,-5.594476699829102,16.399293899536133,0.0,1.0,1.0
13,66,-7.879908084869385,4.835485458374023,0.800000011920929,1.0,1.0
13,67,-9.972338676452637,7.348290920257568,0.800000011920929,0.800000011920929,0.800000011920929
13,68,-43.75248718261719,79.4596176147461,0.20000000298023224,0.699999988079071,0.800000011920929
13,69,-22.94799041748047,45.81745147705078,0.5,0.5,0.8333333730697632
13,70,-12.852962493896484,24.85951805114746,0.5,0.5,1.0
13,71,-8.812590599060059,81.96524810791016,0.5,0.5,0.5
13,72,-7.901708602905273,7.2096991539001465,0.5,1.0,1.0
13,73,-6.8561272621154785,949.6820678710938,0.0,0.0,1.0
13,74,-15.066095352172852,43.229530334472656,0.5,0.75,0.75
13,75,-3.4613990783691406,5.644601345062256,0.5,1.0,1.0
13,76,-2.683328866958618,2.4459729194641113,0.6666666865348816,1.0,1.0
13,77,-11.736061096191406,7.071058750152588,0.6666666865348816,0.8333333730697632,0.8333333730697632
13,78,-11.851409912109375,19.35309600830078,0.75,0.75,0.75
13,79,-5.616539001464844,4.072001934051514,0.5,1.0,1.0
13,80,-6.385524272918701,8.402321815490723,0.6666666865348816,0.6666666865348816,1.0
13,81,-12.626433372497559,4.846729278564453,0.5,1.0,1.0
13,82,-13.761566162109375,98.2179183959961,0.3333333432674408,0.3333333432674408,0.6666666865348816
13,83,-4.396888256072998,81.19781494140625,0.0,0.0,1.0
13,84,-15.021848678588867,20.173498153686523,0.6000000238418579,0.6000000238418579,0.800000011920929
13,85,-6.476275444030762,25.48621368408203,0.0,1.0,1.0
13,86,-31.43671226501465,23.1888427734375,0.6000000238418579,0.699999988079071,0.800000011920929
13,87,-10.557984352111816,4.518967151641846,0.5714285969734192,0.8571429252624512,1.0
13,88,-3.801231622695923,6.690013408660889,0.5,1.0,1.0
13,89,-34.45366287231445,983.1215209960938,0.20000000298023224,0.20000000298023224,0.6000000238418579
13,90,-9.620452880859375,4.969945430755615,0.5,1.0,1.0
13,91,-2.2207131385803223,3.035440444946289,0.5,1.0,1.0
13,92,-27.752666473388672,102.04811096191406,0.3333333432674408,0.6666666865348816,0.6666666865348816
13,93,-2.5388693809509277,2.3309824466705322,0.6666666865348816,1.0,1.0
13,94,-6.483929634094238,5.058056831359863,0.5,1.0,1.0
13,95,-5.532905578613281,15.902124404907227,0.5,0.5,1.0
13,96,-8.203367233276367,7.774442672729492,0.5,1.0,1.0
13,97,-8.654017448425293,8.701578140258789,0.5,0.75,1.0
13,98,-27.084407806396484,15.005859375,0.4000000059604645,0.9000000357627869,0.9000000357627869
13,99,-8.493230819702148,16.96371841430664,0.3333333432674408,1.0,1.0
13,100,-6.862117767333984,30.90935516357422,0.0,1.0,1.0
13,101,-12.573091506958008,23.179607391357422,0.25,0.75,1.0
13,102,-2.1047396659851074,2.864431381225586,1.0,1.0,1.0
13,103,-0.9874612092971802,1.63841712474823,1.0,1.0,1.0
13,104,-6.684654235839844,3.0468525886535645,0.6666666865348816,1.0,1.0
13,105,-12.70618724822998,69.08902740478516,0.3333333432674408,0.3333333432674408,1.0
13,106,-6.254380226135254,22.809797286987305,0.5,0.5,1.0
13,107,-13.526124000549316,865.2876586914062,0.0,0.5,0.5
13,108,-4.579658508300781,9.873250961303711,0.5,0.5,1.0
13,109,-32.84607696533203,38.4578971862793,0.4444444477558136,0.5555555820465088,0.7777777910232544
13,110,-12.703292846679688,573.43603515625,0.5,0.5,0.5
13,111,-16.49058723449707,27.0616455078125,0.20000000298023224,0.800000011920929,1.0
13,112,-6.682679176330566,9.277200698852539,0.6666666865348816,0.6666666865348816,1.0
13,113,-1.8717138767242432,1.866200566291809,0.6666666865348816,1.0,1.0
13,114,-3.910203218460083,49.90909194946289,0.0,1.0,1.0
13,115,-12.08922004699707,421.8332214355469,0.0,0.5,0.5
13,116,-1.738248348236084,2.3848211765289307,1.0,1.0,1.0
13,117,-10.597380638122559,2.259589195251465,0.8461538553237915,0.9230769872665405,1.0
13,118,-10.177902221679688,162.21963500976562,0.5,0.5,0.5
13,119,-1.7697629928588867,2.4226973056793213,1.0,1.0,1.0
13,120,-28.30988311767578,34.42335891723633,0.375,0.625,0.75
13,121,-29.861465454101562,145.0257110595703,0.1666666716337204,0.5,0.8333333730697632
13,122,-7.541303634643555,3.514453411102295,0.6666666865348816,1.0,1.0
13,123,-15.789786338806152,51.80292510986328,0.75,0.75,0.75
13,124,-8.441728591918945,5.4105224609375,0.6000000238418579,1.0,1.0
13,125,-10.216047286987305,12.858587265014648,0.5,0.75,1.0
13,126,-14.649616241455078,38.95487976074219,0.5,0.5,0.75
13,127,-4.203723430633545,4.060235977172852,0.6666666865348816,1.0,1.0
13,128,-10.705490112304688,14.532282829284668,0.5,0.75,1.0
13,129,-3.5147440433502197,33.60732650756836,0.0,1.0,1.0
13,130,-12.406917572021484,62.529544830322266,0.6666666865348816,0.6666666865348816,0.6666666865348816
13,131,-9.850358009338379,7.171189785003662,0.6000000238418579,1.0,1.0
13,132,-5.632701396942139,279.4159240722656,0.0,0.0,1.0
13,133,-4.771830081939697,10.869003295898438,0.5,0.5,1.0
13,134,-11.478150367736816,310.7768859863281,0.0,0.0,1.0
13,135,-2.1582159996032715,2.0532119274139404,0.6666666865348816,1.0,1.0
13,136,-6.768674850463867,29.498441696166992,0.0,1.0,1.0
13,137,-17.74878692626953,7146.6103515625,0.0,0.5,0.5
13,138,-6.594101905822754,9.007287979125977,0.6666666865348816,0.6666666865348816,1.0
13,139,-6.2607035636901855,3.4978227615356445,0.6000000238418579,1.0,1.0
13,140,-8.08034610748291,14.782569885253906,0.3333333432674408,0.6666666865348816,1.0
13,141,-8.58192253112793,8.546147346496582,0.25,1.0,1.0
13,142,-13.103677749633789,13.745832443237305,0.4000000059604645,0.800000011920929,1.0
13,143,-13.196599960327148,733.8466186523438,0.0,0.5,0.5
13,144,-17.301300048828125,75.59008026123047,0.5,0.75,0.75
13,145,-26.527103424072266,14.192453384399414,0.4000000059604645,0.800000011920929,0.9000000357627869
13,146,-11.52140998840332,46.5473518371582,0.3333333432674408,0.6666666865348816,1.0
13,147,-4.044859886169434,7.556664943695068,0.5,1.0,1.0
13,148,-10.116877555847168,157.34466552734375,0.0,0.5,0.5
14,0,-8.838275909423828,83.0246810913086,0.5,0.5,0.5
14,1,-13.000511169433594,5.0787434577941895,0.75,0.875,1.0
14,2,-10.875581741333008,229.9336700439453,0.5,0.5,0.5
14,3,-4.883956432342529,132.15248107910156,0.0,1.0,1.0
14,4,-7.566478729248047,43.95820617675781,0.5,0.5,1.0
14,5,-1.1307801008224487,1.760134220123291,1.0,1.0,1.0
14,6,-6.662117958068848,9.213833808898926,0.6666666865348816,0.6666666865348816,1.0
14,7,-7.578578472137451,44.22495651245117,0.0,0.5,1.0
14,8,-11.955696105957031,10.925934791564941,0.20000000298023224,0.800000011920929,1.0
14,9,-0.09858492016792297,1.050527572631836,1.0,1.0,1.0
14,10,-14.14831829071045,111.73231506347656,0.6666666865348816,0.6666666865348816,0.6666666865348816
14,11,-11.200201034545898,41.82107162475586,0.3333333432674408,0.6666666865348816,1.0
14,12,-2.526419162750244,3.536754846572876,1.0,1.0,1.0
14,13,-9.900352478027344,141.19984436035156,0.5,0.5,1.0
14,14,-4.274232864379883,4.156794548034668,0.3333333432674408,1.0,1.0
14,15,-7.183381080627441,6.02456521987915,0.75,0.75,1.0
14,16,-6.772397041320801,9.558832168579102,0.6666666865348816,0.6666666865348816,1.0
14,17,-4.647055149078369,4.706847667694092,0.6666666865348816,1.0,1.0
14,18,-4.424125671386719,3.0223400592803955,0.5,1.0,1.0
14,19,-13.385944366455078,9.309082984924316,0.5,0.8333333730697632,0.8333333730697632
14,20,-4.650879383087158,3.1986210346221924,0.75,0.75,1.0
14,21,-5.091420650482178,5.458315372467041,0.6666666865348816,0.6666666865348816,1.0
14,22,-6.702014923095703,28.531465530395508,0.0,0.5,1.0
14,23,-13.703899383544922,9.815701484680176,0.3333333432674408,0.8333333730697632,1.0
14,24,-1.592927098274231,4.918123722076416,0.0,1.0,1.0
14,25,-29.314470291137695,6.247331619262695,0.4375,0.875,1.0
14,26,-1.2017405033111572,1.8237053155899048,1.0,1.0,1.0
14,27,-8.459508895874023,8.288567543029785,0.5,0.75,1.0
14,28,-7.921548843383789,14.020440101623535,0.3333333432674408,0.6666666865348816,1.0
14,29,-1.8943818807601929,6.6484375,0.0,1.0,1.0
14,30,-8.35119342803955,65.07865905761719,0.5,0.5,0.5
14,31,-1.2180190086364746,1.838609218597412,1.0,1.0,1.0
14,32,-7.270430564880371,37.910011291503906,0.5,0.5,1.0
14,33,-1.5503565073013306,2.1709790229797363,1.0,1.0,1.0
14,34,-2.1953611373901367,8.983244895935059,0.0,1.0,1.0
14,35,-4.202144622802734,8.174931526184082,0.5,1.0,1.0
14,36,-5.139328956604004,3.6140615940093994,0.5,1.0,1.0
14,37,-4.276681900024414,4.160189151763916,0.6666666865348816,1.0,1.0
14,38,-12.938748359680176,25.39842414855957,0.25,0.5,1.0
14,39,-2.8249807357788086,4.106168746948242,0.5,1.0,1.0
14,40,-13.690702438354492,95.92509460449219,0.0,0.6666666865348816,1.0
14,41,-25.303632736206055,67.84815979003906,0.3333333432674408,0.5,0.6666666865348816
14,42,-7.540393829345703,43.388607025146484,0.5,0.5,1.0
14,43,-6.129565238952637,3.407275438308716,0.800000011920929,1.0,1.0
14,44,-8.608637809753418,74.01878356933594,0.0,0.5,1.0
14,45,-7.938398361206055,52.942115783691406,0.5,0.5,0.5
14,46,-18.82225799560547,10.51478385925293,0.5,0.625,1.0
14,47,-15.454383850097656,13.140913963317871,0.3333333432674408,0.8333333730697632,1.0
14,48,-5.418673992156982,225.57980346679688,0.0,0.0,1.0
14,49,-12.266061782836914,460.8307800292969,0.0,0.0,1.0
14,50,-6.054961204528809,20.64515495300293,0.5,0.5,1.0
14,51,-0.5465149283409119,1.3142385482788086,1.0,1.0,1.0
14,52,-7.5077056884765625,12.213825225830078,0.6666666865348816,0.6666666865348816,1.0
14,53,-11.346576690673828,5.057839870452881,0.4285714626312256,1.0,1.0
14,54,-9.001392364501953,20.094863891601562,0.3333333432674408,0.6666666865348816,1.0
14,55,-9.970561981201172,146.24465942382812,0.5,0.5,0.5
14,56,-20.728557586669922,63.16253662109375,0.4000000059604645,0.4000000059604645,0.800000011920929
14,57,-1.5762957334518433,4.837005138397217,1.0,1.0,1.0
14,58,-11.409598350524902,5.103582382202148,0.5714285969734192,0.8571429252624512,1.0
14,59,-5.389255523681641,14.800007820129395,0.0,1.0,1.0
14,60,-2.165377140045166,1.3625249862670898,1.0,1.0,1.0
14,61,-8.372797012329102,65.78543853759766,0.0,0.5,1.0
14,62,-4.538965702056885,93.59394836425781,0.0,1.0,1.0
14,63,-11.254130363464355,16.668699264526367,0.5,0.75,1.0
14,64,-0.7279121279716492,2.0707526206970215,1.0,1.0,1.0
14,65,-5.553129196166992,16.063739776611328,0.0,1.0,1.0
14,66,-7.690305709838867,4.655555248260498,0.800000011920929,1.0,1.0
14,67,-9.820924758911133,7.129100322723389,0.800000011920929,0.800000011920929,0.800000011920929
14,68,-42.74358367919922,71.83403015136719,0.20000000298023224,0.699999988079071,0.800000011920929
14,69,-22.868038177490234,45.21096420288086,0.5,0.5,0.8333333730697632
14,70,-12.74563217163086,24.201339721679688,0.5,0.5,1.0
14,71,-8.66335391998291,76.07174682617188,0.5,0.5,0.5
14,72,-7.291088104248047,6.188990592956543,0.5,1.0,1.0
14,73,-6.862217903137207,955.48388671875,0.0,0.0,1.0
14,74,-14.89306354522705,41.39937973022461,0.5,0.75,0.75
14,75,-3.3724164962768555,5.398970127105713,0.5,1.0,1.0
14,76,-2.568830966949463,2.354379177093506,0.6666666865348816,1.0,1.0
14,77,-11.56745719909668,6.875122547149658,0.8333333730697632,0.8333333730697632,0.8333333730697632
14,78,-11.827099800109863,19.235836029052734,0.75,0.75,0.75
14,79,-5.656439304351807,4.112823963165283,0.5,1.0,1.0
14,80,-6.2836384773254395,8.121753692626953,0.6666666865348816,0.6666666865348816,1.0
14,81,-11.981202125549316,4.471170425415039,0.5,1.0,1.0
14,82,-13.553123474121094,91.62533569335938,0.3333333432674408,0.3333333432674408,0.6666666865348816
14,83,-4.353373050689697,77.74024200439453,0.0,0.0,1.0
14,84,-14.987613677978516,20.035842895507812,0.6000000238418579,0.6000000238418579,0.800000011920929
14,85,-6.252551078796387,22.788944244384766,0.0,1.0,1.0
14,86,-29.811119079589844,19.7097225189209,0.6000000238418579,0.699999988079071,0.800000011920929
14,87,-10.671224594116211,4.592666149139404,0.5714285969734192,0.8571429252624512,1.0
14,88,-3.837015151977539,6.810786247253418,0.5,0.5,1.0
14,89,-34.80403137207031,1054.4835205078125,0.20000000298023224,0.20000000298023224,0.6000000238418579
14,90,-9.803573608398438,5.123966693878174,0.5,1.0,1.0
14,91,-2.1679675579071045,2.9564337730407715,0.5,1.0,1.0
14,92,-26.32704734802246,80.46652221679688,0.3333333432674408,0.6666666865348816,0.6666666865348816
14,93,-2.3565499782562256,2.19353985786438,0.6666666865348816,1.0,1.0
14,94,-5.920350551605225,4.3933305740356445,0.5,1.0,1.0
14,95,-5.568272590637207,16.185832977294922,0.5,0.5,1.0
14,96,-8.103523254394531,7.582787036895752,0.5,1.0,1.0
14,97,-9.013154983520508,9.518990516662598,0.5,0.75,1.0
14,98,-26.544490814208984,14.217150688171387,0.4000000059604645,0.9000000357627869,0.9000000357627869
14,99,-8.577983856201172,17.449798583984375,0.3333333432674408,1.0,1.0
14,100,-6.624401092529297,27.44545555114746,0.0,1.0,1.0
14,101,-12.00047492980957,20.087923049926758,0.25,0.75,1.0
14,102,-2.0268216133117676,2.754981756210327,1.0,1.0,1.0
14,103,-0.9247933626174927,1.5878750085830688,1.0,1.0,1.0
14,104,-6.56827974319458,2.988325834274292,0.6666666865348816,1.0,1.0
14,105,-12.456537246704102,63.5723876953125,0.3333333432674408,0.3333333432674408,1.0
14,106,-5.964105129241943,19.728269577026367,0.5,0.5,1.0
14,107,-12.429327964782715,500.0279541015625,0.5,0.5,0.5
14,108,-4.532679557800293,9.644036293029785,0.5,0.5,1.0
14,109,-32.071434020996094,35.28622817993164,0.4444444477558136,0.5555555820465088,0.7777777910232544
14,110,-12.482046127319336,513.3834838867188,0.5,0.5,0.5
14,111,-16.397811889648438,26.56414794921875,0.20000000298023224,0.6000000238418579,1.0
14,112,-6.23676872253418,7.995852470397949,0.6666666865348816,0.6666666865348816,1.0
14,113,-1.8242889642715454,1.8369311094284058,0.6666666865348816,1.0,1.0
14,114,-3.7758829593658447,43.63602066040039,0.0,1.0,1.0
14,115,-12.0335111618042,410.24542236328125,0.0,0.5,0.5
14,116,-1.7223855257034302,2.365981101989746,1.0,1.0,1.0
14,117,-10.48389720916748,2.239950180053711,0.8461538553237915,0.9230769872665405,1.0
14,118,-10.332656860351562,175.2701416015625,0.5,0.5,0.5
14,119,-1.668349266052246,2.302912473678589,1.0,1.0,1.0
14,120,-27.651168823242188,31.702518463134766,0.375,0.625,0.75
14,121,-28.540077209472656,116.35891723632812,0.3333333432674408,0.5,0.8333333730697632
14,122,-7.56835412979126,3.5303335189819336,0.6666666865348816,1.0,1.0
14,123,-15.86137580871582,52.738407135009766,0.5,0.75,0.75
14,124,-8.480019569396973,5.452116966247559,0.6000000238418579,1.0,1.0
14,125,-10.215699195861816,12.857468605041504,0.5,0.75,1.0
14,126,-14.530867576599121,37.81541442871094,0.5,0.5,0.75
14,127,-4.026455879211426,3.827270984649658,0.6666666865348816,1.0,1.0
14,128,-10.59117317199707,14.122838973999023,0.5,0.75,1.0
14,129,-3.379547357559204,29.357479095458984,0.0,1.0,1.0
14,130,-12.453505516052246,63.50815200805664,0.6666666865348816,0.6666666865348816,0.6666666865348816
14,131,-9.814517974853516,7.119970798492432,0.6000000238418579,1.0,1.0
14,132,-5.657159805297852,286.334228515625,0.0,0.0,1.0
14,133,-4.660364627838135,10.279815673828125,0.5,1.0,1.0
14,134,-11.47287654876709,309.9584655761719,0.0,0.0,1.0
14,135,-2.111842632293701,2.0217177867889404,0.6666666865348816,1.0,1.0
14,136,-6.66158390045166,27.960477828979492,0.0,1.0,1.0
14,137,-17.67693519592285,6894.41943359375,0.0,0.5,0.5
14,138,-6.4658708572387695,8.630395889282227,0.6666666865348816,0.6666666865348816,1.0
14,139,-6.153063774108887,3.4233264923095703,0.6000000238418579,1.0,1.0
14,140,-8.061192512512207,14.68848991394043,0.3333333432674408,0.6666666865348816,1.0
14,141,-8.58685302734375,8.55668830871582,0.25,1.0,1.0
14,142,-13.062705993652344,13.633652687072754,0.4000000059604645,0.800000011920929,1.0
14,143,-13.08163070678711,692.8512573242188,0.0,0.5,0.5
14,144,-17.336158752441406,76.25169372558594,0.5,0.75,0.75
14,145,-25.341140747070312,12.605259895324707,0.5,0.800000011920929,0.9000000357627869
14,146,-11.580347061157227,47.470848083496094,0.3333333432674408,0.6666666865348816,1.0
14,147,-3.955956220626831,7.228114128112793,0.5,1.0,1.0
14,148,-10.1560697555542,160.4584197998047,0.0,0.5,0.5
15,0,-8.78639030456543,80.89849090576172,0.5,0.5,0.5
15,1,-12.934982299804688,5.037312984466553,0.75,0.875,1.0
15,2,-10.827009201049805,224.4167022705078,0.5,0.5,0.5
15,3,-4.8516645431518555,127.95320129394531,0.0,1.0,1.0
15,4,-7.314800262451172,38.760440826416016,0.5,0.5,1.0
15,5,-0.9716585874557495,1.625522494316101,1.0,1.0,1.0
15,6,-6.168429851531982,7.815768718719482,0.6666666865348816,0.6666666865348816,1.0
15,7,-7.732104778289795,47.753501892089844,0.0,0.5,1.0
15,8,-11.8866605758667,10.776116371154785,0.20000000298023224,0.800000011920929,1.0
15,9,-0.09301777184009552,1.047607421875,1.0,1.0,1.0
15,10,-14.18943977355957,113.2743911743164,0.6666666865348816,0.6666666865348816,0.6666666865348816
15,11,-11.26134967803955,42.682254791259766,0.3333333432674408,0.6666666865348816,1.0
15,12,-2.4524788856506348,3.4083876609802246,1.0,1.0,1.0
15,13,-9.959232330322266,145.41854858398438,0.5,0.5,1.0
15,14,-4.1933794021606445,4.046260356903076,0.3333333432674408,1.0,1.0
15,15,-7.209404945373535,6.0638885498046875,0.75,0.75,1.0
15,16,-6.67608642578125,9.256834030151367,0.6666666865348816,0.6666666865348816,1.0
15,17,-4.649557113647461,4.710774898529053,0.6666666865348816,1.0,1.0
15,18,-4.242696762084961,2.888317584991455,0.5,1.0,1.0
15,19,-13.187427520751953,9.006121635437012,0.5,0.8333333730697632,0.8333333730697632
15,20,-4.571797847747803,3.1360042095184326,0.75,0.75,1.0
15,21,-5.03224515914917,5.351704120635986,0.6666666865348816,0.6666666865348816,1.0
15,22,-5.992799758911133,20.013357162475586,0.5,0.5,1.0
15,23,-13.718778610229492,9.840072631835938,0.3333333432674408,0.8333333730697632,1.0
15,24,-1.5602420568466187,4.759973526000977,0.0,1.0,1.0
15,25,-29.365251541137695,6.267190933227539,0.4375,0.875,1.0
15,26,-1.1595802307128906,1.7856636047363281,1.0,1.0,1.0
15,27,-8.296566009521484,7.957712173461914,0.5,0.75,1.0
15,28,-7.90000581741333,13.920121192932129,0.0,0.6666666865348816,1.0
15,29,-1.8672834634780884,6.4706950187683105,0.0,1.0,1.0
15,30,-8.38058853149414,66.04222106933594,0.5,0.5,0.5
15,31,-1.1146517992019653,1.7459973096847534,1.0,1.0,1.0
15,32,-7.152810096740723,35.744808197021484,0.5,0.5,1.0
15,33,-1.5072393417358398,2.1246769428253174,1.0,1.0,1.0
15,34,-2.143676996231079,8.530747413635254,0.0,1.0,1.0
15,35,-4.2746148109436035,8.476583480834961,0.5,0.5,1.0
15,36,-5.196426868438721,3.666020393371582,0.5,1.0,1.0
15,37,-4.173965930938721,4.020161151885986,0.6666666865348816,1.0,1.0
15,38,-12.996795654296875,25.76968765258789,0.25,0.5,1.0
15,39,-2.797384262084961,4.049899578094482,0.5,1.0,1.0
15,40,-13.852560043334961,101.24262237548828,0.0,0.6666666865348816,1.0
15,41,-24.20187759399414,56.46641540527344,0.3333333432674408,0.5,0.8333333730697632
15,42,-7.499302864074707,42.506263732910156,0.5,0.5,1.0
15,43,-5.988283634185791,3.3123462200164795,0.800000011920929,1.0,1.0
15,44,-8.414073944091797,67.15725708007812,0.0,0.5,1.0
15,45,-7.855554580688477,50.793949127197266,0.5,0.5,1.0
15,46,-18.863691329956055,10.56938362121582,0.5,0.625,1.0
15,47,-14.97680377960205,12.13548755645752,0.3333333432674408,0.8333333730697632,1.0
15,48,-5.369301795959473,214.71290588378906,0.0,0.0,1.0
15,49,-11.988807678222656,401.17742919921875,0.0,0.0,1.0
15,50,-6.102395534515381,21.14065170288086,0.5,0.5,1.0
15,51,-0.4918111562728882,1.2787789106369019,1.0,1.0,1.0
15,52,-7.274306297302246,11.299615859985352,0.6666666865348816,0.6666666865348816,1.0
15,53,-11.39880084991455,5.095715522766113,0.4285714626312256,1.0,1.0
15,54,-9.060418128967285,20.494150161743164,0.3333333432674408,0.6666666865348816,1.0
15,55,-9.809072494506836,134.9003448486328,0.5,0.5,0.5
15,56,-20.24930763244629,57.389503479003906,0.4000000059604645,0.4000000059604645,0.800000011920929
15,57,-1.639931082725525,5.15481424331665,1.0,1.0,1.0
15,58,-11.28138542175293,5.010954856872559,0.5714285969734192,1.0,1.0
15,59,-5.317491054534912,14.278366088867188,0.0,1.0,1.0
15,60,-2.13149356842041,1.3559455871582031,1.0,1.0,1.0
15,61,-8.269723892211914,62.48096466064453,0.0,0.5,1.0
15,62,-4.535344123840332,93.25560760498047,0.0,1.0,1.0
15,63,-10.610416412353516,14.190945625305176,0.5,0.75,1.0
15,64,-0.7684183716773987,2.156352996826172,1.0,1.0,1.0
15,65,-5.549901008605957,16.037832260131836,0.0,1.0,1.0
15,66,-7.587175369262695,4.560512542724609,0.800000011920929,1.0,1.0
15,67,-9.692048072814941,6.947692394256592,0.800000011920929,0.800000011920929,0.800000011920929
15,68,-41.810020446777344,65.431396484375,0.30000001192092896,0.699999988079071,0.800000011920929
15,69,-22.683086395263672,43.83858871459961,0.5,0.5,0.8333333730697632
15,70,-12.557865142822266,23.091541290283203,0.5,0.5,1.0
15,71,-8.578435897827148,72.90943145751953,0.5,0.5,0.5
15,72,-6.974225044250488,5.7176408767700195,0.5,1.0,1.0
15,73,-6.881324291229248,973.9152221679688,0.0,0.0,1.0
15,74,-14.804065704345703,40.48843765258789,0.5,0.75,0.75
15,75,-3.329698085784912,5.284875392913818,0.5,1.0,1.0
15,76,-2.5346713066101074,2.3277227878570557,0.6666666865348816,1.0,1.0
15,77,-11.367961883544922,6.650289058685303,0.6666666865348816,0.8333333730697632,0.8333333730697632
15,78,-11.726329803466797,18.75728988647461,0.75,0.75,0.75
15,79,-5.634402751922607,4.090228080749512,0.5,1.0,1.0
15,80,-6.262321472167969,8.064248085021973,0.6666666865348816,0.6666666865348816,1.0
15,81,-11.391935348510742,4.153668403625488,0.5,1.0,1.0
15,82,-13.360816955566406,85.93624114990234,0.3333333432674408,0.3333333432674408,0.6666666865348816
15,83,-4.337955474853516,76.55086517333984,0.0,0.0,1.0
15,84,-14.58741569519043,18.494680404663086,0.6000000238418579,0.6000000238418579,0.800000011920929
15,85,-6.10113000869751,21.12727928161621,0.0,1.0,1.0
15,86,-28.749513626098633,17.72456169128418,0.699999988079071,0.699999988079071,0.800000011920929
15,87,-10.72309684753418,4.626825332641602,0.5714285969734192,0.8571429252624512,1.0
15,88,-3.794520854949951,6.667603015899658,0.5,1.0,1.0
15,89,-34.905948638916016,1076.197998046875,0.20000000298023224,0.20000000298023224,0.6000000238418579
15,90,-9.834516525268555,5.150460720062256,0.5,1.0,1.0
15,91,-2.1380083560943604,2.912477731704712,0.5,1.0,1.0
15,92,-25.41488265991211,69.11788940429688,0.5,0.6666666865348816,0.6666666865348816
15,93,-2.251006603240967,2.1177103519439697,0.6666666865348816,1.0,1.0
15,94,-5.855615615844727,4.322802543640137,0.5,1.0,1.0
15,95,-5.6956095695495605,17.249874114990234,0.5,0.5,1.0
15,96,-8.16270923614502,7.695819854736328,0.5,1.0,1.0
15,97,-9.235305786132812,10.06260871887207,0.5,0.75,1.0
15,98,-26.07784080505371,13.568949699401855,0.4000000059604645,0.9000000357627869,0.9000000357627869
15,99,-8.595154762268066,17.549957275390625,0.3333333432674408,1.0,1.0
15,100,-6.509681701660156,25.915491104125977,0.0,1.0,1.0
15,101,-11.449567794799805,17.50334358215332,0.25,0.75,1.0
15,102,-2.0052297115325928,2.7253990173339844,1.0,1.0,1.0
15,103,-0.8724212646484375,1.5468344688415527,1.0,1.0,1.0
15,104,-6.511459827423096,2.96016001701355,0.6666666865348816,1.0,1.0
15,105,-12.246931076049805,59.282264709472656,0.3333333432674408,0.3333333432674408,1.0
15,106,-5.663717746734619,16.97698974609375,0.5,0.5,1.0
15,107,-11.755633354187012,357.02886962890625,0.5,0.5,0.5
15,108,-4.4928765296936035,9.45400333404541,0.5,0.5,1.0
15,109,-31.78839683532715,34.19379425048828,0.4444444477558136,0.5555555820465088,0.7777777910232544
15,110,-12.277423858642578,463.45623779296875,0.5,0.5,0.5
15,111,-16.21550750732422,25.613040924072266,0.20000000298023224,0.6000000238418579,1.0
15,112,-5.883679389953613,7.108039855957031,0.6666666865348816,0.6666666865348816,1.0
15,113,-1.858832836151123,1.858204960823059,0.6666666865348816,1.0,1.0
15,114,-3.7326486110687256,41.78964614868164,0.0,1.0,1.0
15,115,-11.979473114013672,399.30938720703125,0.0,0.5,0.5
15,116,-1.7270859479904175,2.3715481758117676,1.0,1.0,1.0
15,117,-10.535183906555176,2.2488045692443848,0.8461538553237915,0.9230769872665405,1.0
15,118,-10.390737533569336,180.43467712402344,0.5,0.5,0.5
15,119,-1.657421588897705,2.2903640270233154,1.0,1.0,1.0
15,120,-27.176376342773438,29.875747680664062,0.375,0.625,0.75
15,121,-27.510196685791016,98.00641632080078,0.3333333432674408,0.5,0.8333333730697632
15,122,-7.742425441741943,3.6342551708221436,0.6666666865348816,1.0,1.0
15,123,-15.924674987792969,53.579620361328125,0.5,0.75,0.75
15,124,-8.700298309326172,5.697683334350586,0.6000000238418579,1.0,1.0
15,125,-10.154478073120117,12.662178993225098,0.5,0.75,1.0
15,126,-14.295823097229004,35.65736770629883,0.5,0.5,0.75
15,127,-3.8945319652557373,3.6626150608062744,0.6666666865348816,1.0,1.0
15,128,-10.520713806152344,13.876246452331543,0.5,0.75,1.0
15,129,-3.2970547676086426,27.032901763916016,0.0,1.0,1.0
15,130,-12.515918731689453,64.8432388305664,0.6666666865348816,0.6666666865348816,0.6666666865348816
15,131,-9.799695014953613,7.098894119262695,0.6000000238418579,1.0,1.0
15,132,-5.5611796379089355,260.1294860839844,0.0,0.0,1.0
15,133,-4.544650077819824,9.701931953430176,0.5,1.0,1.0
15,134,-11.537805557250977,320.18621826171875,0.0,0.0,1.0
15,135,-2.0839359760284424,2.0029985904693604,0.6666666865348816,1.0,1.0
15,136,-6.564543724060059,26.636219024658203,0.0,1.0,1.0
15,137,-17.521102905273438,6377.62744140625,0.0,0.5,0.5
15,138,-6.408853530883789,8.467917442321777,0.6666666865348816,0.6666666865348816,1.0
15,139,-6.0945210456848145,3.3834784030914307,0.6000000238418579,1.0,1.0
15,140,-8.002668380737305,14.404722213745117,0.3333333432674408,0.6666666865348816,1.0
15,141,-8.590020179748535,8.56346607208252,0.25,1.0,1.0
15,142,-13.070524215698242,13.654986381530762,0.20000000298023224,0.800000011920929,1.0
15,143,-13.114973068237305,704.4987182617188,0.0,0.5,0.5
15,144,-17.357830047607422,76.66593933105469,0.5,0.75,0.75
15,145,-24.581695556640625,11.683404922485352,0.5,0.800000011920929,1.0
15,146,-11.547476768493652,46.95355987548828,0.3333333432674408,0.6666666865348816,1.0
15,147,-3.9631948471069336,7.254322052001953,0.5,1.0,1.0
15,148,-10.15164566040039,160.1038818359375,0.0,0.5,0.5
16,0,-8.737268447875977,78.93575286865234,0.5,0.5,0.5
16,1,-12.850095748901367,4.984145164489746,0.75,0.875,1.0
16,2,-10.91614818572998,234.64508056640625,0.5,0.5,0.5
16,3,-4.784866809844971,119.68541717529297,0.0,1.0,1.0
16,4,-7.277431011199951,38.04294204711914,0.5,0.5,1.0
16,5,-0.8549544215202332,1.5333843231201172,1.0,1.0,1.0
16,6,-5.888945579528809,7.120527744293213,0.6666666865348816,0.6666666865348816,1.0
16,7,-7.77070951461792,48.684207916259766,0.0,0.5,1.0
16,8,-11.826537132263184,10.647311210632324,0.20000000298023224,0.800000011920929,1.0
16,9,-0.09094646573066711,1.0465229749679565,1.0,1.0,1.0
16,10,-14.228408813476562,114.75543212890625,0.6666666865348816,0.6666666865348816,0.6666666865348816
16,11,-11.139181137084961,40.979026794433594,0.3333333432674408,0.6666666865348816,1.0
16,12,-2.3527047634124756,3.242525100708008,1.0,1.0,1.0
16,13,-10.11577033996582,157.25758361816406,0.5,0.5,1.0
16,14,-4.1429972648620605,3.978874683380127,0.3333333432674408,1.0,1.0
16,15,-7.220491409301758,6.080718517303467,0.75,0.75,1.0
16,16,-6.586603164672852,8.98480224609375,0.6666666865348816,0.6666666865348816,1.0
16,17,-4.695197105407715,4.782989501953125,0.6666666865348816,1.0,1.0
16,18,-4.077546119689941,2.771494150161743,0.5,1.0,1.0
16,19,-12.79326057434082,8.433484077453613,0.5,0.8333333730697632,1.0
16,20,-4.441107273101807,3.035198450088501,0.75,0.75,1.0
16,21,-5.021353721618652,5.332310199737549,0.6666666865348816,0.6666666865348816,1.0
16,22,-5.688602447509766,17.189542770385742,0.5,0.5,1.0
16,23,-13.697328567504883,9.80495834350586,0.3333333432674408,0.8333333730697632,1.0
16,24,-1.548291802406311,4.703429222106934,0.0,1.0,1.0
16,25,-29.30597686767578,6.244015693664551,0.4375,0.875,1.0
16,26,-1.1109575033187866,1.7427750825881958,1.0,1.0,1.0
16,27,-8.077298164367676,7.5332350730896,0.5,0.75,1.0
16,28,-7.936611175537109,14.091012001037598,0.0,0.6666666865348816,1.0
16,29,-1.806153655052185,6.086989879608154,0.0,1.0,1.0
16,30,-8.44721508026123,68.27935791015625,0.5,0.5,0.5
16,31,-1.0467815399169922,1.687740683555603,1.0,1.0,1.0
16,32,-7.093527793884277,34.70083999633789,0.5,0.5,1.0
16,33,-1.4252283573150635,2.0393154621124268,1.0,1.0,1.0
16,34,-2.0563812255859375,7.817628383636475,0.0,1.0,1.0
16,35,-4.2634735107421875,8.42949390411377,0.5,0.5,1.0
16,36,-5.267606258392334,3.7318406105041504,0.5,1.0,1.0
16,37,-4.144594669342041,3.98099422454834,0.6666666865348816,1.0,1.0
16,38,-12.976655960083008,25.6402645111084,0.25,0.5,1.0
16,39,-2.7477364540100098,3.9506030082702637,0.5,1.0,1.0
16,40,-14.0336275100708,107.54141235351562,0.0,0.6666666865348816,1.0
16,41,-23.387557983398438,49.30010986328125,0.5,0.5,0.8333333730697632
16,42,-7.435518741607666,41.17203903198242,0.5,0.5,1.0
16,43,-5.749066352844238,3.1576035022735596,0.800000011920929,1.0,1.0
16,44,-8.375726699829102,65.88187408447266,0.0,0.5,1.0
16,45,-7.801446437835693,49.43818664550781,0.5,0.5,0.5
16,46,-18.90325164794922,10.62177848815918,0.5,0.625,1.0
16,47,-14.730001449584961,11.646435737609863,0.3333333432674408,0.8333333730697632,1.0
16,48,-5.307464599609375,201.8378448486328,0.0,0.0,1.0
16,49,-11.781074523925781,361.5994873046875,0.0,0.0,1.0
16,50,-6.014947891235352,20.236217498779297,0.5,0.5,1.0
16,51,-0.49018311500549316,1.277738332748413,1.0,1.0,1.0
16,52,-7.023524761199951,10.393439292907715,0.6666666865348816,0.6666666865348816,1.0
16,53,-11.476448059082031,5.152554988861084,0.4285714626312256,1.0,1.0
16,54,-9.134383201599121,21.00571060180664,0.3333333432674408,0.6666666865348816,1.0
16,55,-9.674320220947266,126.11070251464844,0.5,0.5,0.5
16,56,-19.809906005859375,52.561363220214844,0.4000000059604645,0.4000000059604645,0.800000011920929
16,57,-1.6138368844985962,5.022043228149414,1.0,1.0,1.0
16,58,-11.149401664733887,4.917359352111816,0.5714285969734192,1.0,1.0
16,59,-5.292004585266113,14.097567558288574,0.0,1.0,1.0
16,60,-2.114057779312134,1.3525724411010742,1.0,1.0,1.0
16,61,-8.203573226928711,60.44819259643555,0.0,0.5,1.0
16,62,-4.608163356781006,100.29976654052734,0.0,1.0,1.0
16,63,-10.325695037841797,13.215941429138184,0.5,0.75,1.0
16,64,-0.7841739058494568,2.190596342086792,1.0,1.0,1.0
16,65,-5.497348785400391,15.621910095214844,0.0,1.0,1.0
16,66,-7.423093318939209,4.4132819175720215,0.800000011920929,1.0,1.0
16,67,-9.615872383117676,6.842645645141602,0.800000011920929,0.800000011920929,0.800000011920929
16,68,-40.83844757080078,59.37329864501953,0.30000001192092896,0.699999988079071,0.9000000357627869
16,69,-22.598989486694336,43.22842788696289,0.5,0.5,0.8333333730697632
16,70,-12.531274795532227,22.93854522705078,0.5,0.5,1.0
16,71,-8.51252555847168,70.54584503173828,0.5,0.5,0.5
16,72,-6.392215728759766,4.9434027671813965,0.5,1.0,1.0
16,73,-6.998080730438232,1094.5303955078125,0.0,0.0,1.0
16,74,-14.828091621398926,40.73236083984375,0.5,0.75,0.75
16,75,-3.2575488090515137,5.097623348236084,0.5,1.0,1.0
16,76,-2.434135913848877,2.251009225845337,0.6666666865348816,1.0,1.0
16,77,-11.182962417602539,6.448368072509766,0.6666666865348816,0.8333333730697632,0.8333333730697632
16,78,-11.63419246673584,18.33016586303711,0.75,0.75,0.75
16,79,-5.690184593200684,4.147667407989502,0.5,1.0,1.0
16,80,-6.233330249786377,7.986691951751709,0.6666666865348816,0.6666666865348816,1.0
16,81,-10.896221160888672,3.9041013717651367,0.5,1.0,1.0
16,82,-13.206602096557617,81.63031768798828,0.3333333432674408,0.3333333432674408,0.6666666865348816
16,83,-4.251470565795898,70.20858001708984,0.0,0.0,1.0
16,84,-14.23277759552002,17.228336334228516,0.6000000238418579,0.6000000238418579,0.800000011920929
16,85,-5.960916042327881,19.696836471557617,0.0,1.0,1.0
16,86,-28.145729064941406,16.686046600341797,0.699999988079071,0.699999988079071,0.800000011920929
16,87,-10.769689559936523,4.657724857330322,0.5714285969734192,0.8571429252624512,1.0
16,88,-3.7282052040100098,6.4501447677612305,0.5,1.0,1.0
16,89,-35.10863494873047,1120.720458984375,0.20000000298023224,0.20000000298023224,0.6000000238418579
16,90,-9.883444786071777,5.19263219833374,0.5,1.0,1.0
16,91,-2.134021282196045,2.90667724609375,0.5,1.0,1.0
16,92,-24.762378692626953,61.99559020996094,0.5,0.6666666865348816,0.6666666865348816
16,93,-2.1689207553863525,2.060551404953003,0.6666666865348816,1.0,1.0
16,94,-5.895757675170898,4.366402626037598,0.5,1.0,1.0
16,95,-5.685421466827393,17.16222381591797,0.5,0.5,1.0
16,96,-8.111931800842285,7.598743915557861,0.5,1.0,1.0
16,97,-9.355694770812988,10.370068550109863,0.5,0.75,1.0
16,98,-25.444461822509766,12.736173629760742,0.4000000059604645,0.9000000357627869,0.9000000357627869
16,99,-8.680156707763672,18.054332733154297,0.3333333432674408,1.0,1.0
16,100,-6.4498748779296875,25.152000427246094,0.0,1.0,1.0
16,101,-10.905824661254883,15.278645515441895,0.25,0.75,1.0
16,102,-1.9455609321594238,2.645289421081543,1.0,1.0,1.0
16,103,-0.8092845678329468,1.498766303062439,1.0,1.0,1.0
16,104,-6.516824245452881,2.9628076553344727,0.6666666865348816,1.0,1.0
16,105,-12.027647018432617,55.103641510009766,0.3333333432674408,0.3333333432674408,1.0
16,106,-5.460540294647217,15.337030410766602,0.5,0.5,1.0
16,107,-11.314026832580566,286.2923278808594,0.5,0.5,0.5
16,108,-4.481184959411621,9.398898124694824,0.5,0.5,1.0
16,109,-31.6866455078125,33.809383392333984,0.4444444477558136,0.5555555820465088,0.7777777910232544
16,110,-11.994658470153809,402.352783203125,0.5,0.5,0.5
16,111,-16.126379013061523,25.160511016845703,0.20000000298023224,0.800000011920929,1.0
16,112,-5.506435394287109,6.268132209777832,0.6666666865348816,0.6666666865348816,1.0
16,113,-1.8825708627700806,1.8729666471481323,0.6666666865348816,1.0,1.0
16,114,-3.674755811691284,39.43902587890625,0.0,1.0,1.0
16,115,-12.077402114868164,419.3479919433594,0.0,0.5,0.5
16,116,-1.7425787448883057,2.3899905681610107,1.0,1.0,1.0
16,117,-10.459403038024902,2.2357337474823,0.8461538553237915,0.9230769872665405,1.0
16,118,-10.476546287536621,188.34458923339844,0.5,0.5,0.5
16,119,-1.6539716720581055,2.28641676902771,1.0,1.0,1.0
16,120,-26.618637084960938,27.86383628845215,0.375,0.625,0.75
16,121,-26.460674285888672,82.2787094116211,0.3333333432674408,0.5,0.8333333730697632
16,122,-7.773601531982422,3.653188467025757,0.6666666865348816,0.8333333730697632,1.0
16,123,-15.924467086791992,53.57683563232422,0.75,0.75,0.75
16,124,-8.652382850646973,5.643342971801758,0.6000000238418579,1.0,1.0
16,125,-10.09725284576416,12.482319831848145,0.5,0.75,1.0
16,126,-14.445635795593262,37.01817321777344,0.5,0.5,0.75
16,127,-3.832723379135132,3.5879263877868652,0.6666666865348816,1.0,1.0
16,128,-10.536419868469238,13.930838584899902,0.5,0.75,1.0
16,129,-3.1996095180511475,24.522953033447266,0.0,1.0,1.0
16,130,-12.627826690673828,67.30776977539062,0.6666666865348816,0.6666666865348816,0.6666666865348816
16,131,-9.70396614074707,6.964273452758789,0.6000000238418579,1.0,1.0
16,132,-5.404443740844727,222.39248657226562,0.0,0.0,1.0
16,133,-4.46373987197876,9.317273139953613,0.5,1.0,1.0
16,134,-11.531044960021973,319.105712890625,0.0,0.0,1.0
16,135,-2.0877091884613037,2.005519390106201,0.6666666865348816,1.0,1.0
16,136,-6.558870792388916,26.560771942138672,0.0,1.0,1.0
16,137,-17.306068420410156,5727.4990234375,0.0,0.5,0.5
16,138,-6.4215264320373535,8.503764152526855,0.6666666865348816,0.6666666865348816,1.0
16,139,-6.093353271484375,3.38268780708313,0.6000000238418579,1.0,1.0
16,140,-7.9231953620910645,14.02813720703125,0.3333333432674408,0.6666666865348816,1.0
16,141,-8.575935363769531,8.533366203308105,0.25,1.0,1.0
16,142,-13.087708473205566,13.70199966430664,0.20000000298023224,0.800000011920929,1.0
16,143,-13.035741806030273,677.1351318359375,0.0,0.5,1.0
16,144,-17.328811645507812,76.11177062988281,0.5,0.75,0.75
16,145,-24.21129035949707,11.258563995361328,0.5,0.800000011920929,1.0
16,146,-11.487335205078125,46.02164840698242,0.3333333432674408,0.6666666865348816,1.0
16,147,-3.9377267360687256,7.162530899047852,0.5,1.0,1.0
16,148,-10.162460327148438,160.97195434570312,0.0,0.5,0.5
17,0,-8.713470458984375,78.00205993652344,0.5,0.5,0.5
17,1,-12.660368919372559,4.867332935333252,0.75,0.875,1.0
17,2,-10.87787914276123,230.1979522705078,0.5,0.5,0.5
17,3,-4.864463806152344,129.60142517089844,0.0,1.0,1.0
17,4,-7.348887920379639,39.426727294921875,0.5,0.5,1.0
17,5,-0.8238366842269897,1.5097111463546753,1.0,1.0,1.0
17,6,-5.506684303283691,6.268652439117432,0.6666666865348816,0.6666666865348816,1.0
17,7,-7.784422874450684,49.019168853759766,0.0,0.5,1.0
17,8,-11.683557510375977,10.347153663635254,0.20000000298023224,0.800000011920929,1.0
17,9,-0.09056279063224792,1.046322226524353,1.0,1.0,1.0
17,10,-14.245373725891113,115.40618133544922,0.6666666865348816,0.6666666865348816,0.6666666865348816
17,11,-11.041037559509277,39.66010665893555,0.3333333432674408,0.6666666865348816,1.0
17,12,-2.200481653213501,3.004889726638794,1.0,1.0,1.0
17,13,-10.147769927978516,159.79391479492188,0.5,0.5,1.0
17,14,-4.182694435119629,4.031875133514404,0.3333333432674408,1.0,1.0
17,15,-7.207123756408691,6.060431003570557,0.75,0.75,1.0
17,16,-6.564037322998047,8.917470932006836,0.6666666865348816,0.6666666865348816,1.0
17,17,-4.7168869972229,4.817695140838623,0.6666666865348816,1.0,1.0
17,18,-3.9806079864501953,2.7051353454589844,0.5,1.0,1.0
17,19,-12.413070678710938,7.915675640106201,0.5,0.8333333730697632,1.0
17,20,-4.363184928894043,2.9766430854797363,0.75,0.75,1.0
17,21,-5.040533542633057,5.366510391235352,0.6666666865348816,0.6666666865348816,1.0
17,22,-5.547531604766846,16.018844604492188,0.5,0.5,1.0
17,23,-13.671768188476562,9.763277053833008,0.3333333432674408,0.8333333730697632,1.0
17,24,-1.5363490581512451,4.6475911140441895,0.0,1.0,1.0
17,25,-29.36834716796875,6.268403053283691,0.4375,0.875,1.0
17,26,-1.0802839994430542,1.7162505388259888,1.0,1.0,1.0
17,27,-7.927705764770508,7.256709098815918,0.5,0.75,1.0
17,28,-7.943512916564941,14.123465538024902,0.0,0.6666666865348816,1.0
17,29,-1.740837812423706,5.702118873596191,0.0,1.0,1.0
17,30,-8.523622512817383,70.9383544921875,0.5,0.5,0.5
17,31,-0.9591195583343506,1.6153632402420044,1.0,1.0,1.0
17,32,-6.9952802658081055,33.03739547729492,0.5,0.5,1.0
17,33,-1.380704402923584,1.9944177865982056,1.0,1.0,1.0
17,34,-1.9886877536773682,7.305940628051758,0.0,1.0,1.0
17,35,-4.316910266876221,8.65775203704834,0.5,0.5,1.0
17,36,-5.3213605880737305,3.782329559326172,0.5,1.0,1.0
17,37,-4.118356227874756,3.9463276863098145,0.6666666865348816,1.0,1.0
17,38,-12.938326835632324,25.395748138427734,0.25,0.5,1.0
17,39,-2.713059663772583,3.8826961517333984,0.5,1.0,1.0
17,40,-14.306438446044922,117.7793197631836,0.0,0.3333333432674408,1.0
17,41,-22.55321502685547,42.89988708496094,0.5,0.5,0.8333333730697632
17,42,-7.355557918548584,39.55843734741211,0.5,0.5,1.0
17,43,-5.635568618774414,3.0867345333099365,0.800000011920929,1.0,1.0
17,44,-8.323949813842773,64.19818115234375,0.0,0.5,1.0
17,45,-7.708976745605469,47.20446014404297,0.5,0.5,1.0
17,46,-19.063922882080078,10.837261199951172,0.5,0.625,1.0
17,47,-14.873954772949219,11.929239273071289,0.3333333432674408,0.8333333730697632,1.0
17,48,-5.360312461853027,212.7914276123047,0.0,0.0,1.0
17,49,-11.603288650512695,330.8431396484375,0.0,0.0,1.0
17,50,-5.931441307067871,19.4086856842041,0.5,0.5,1.0
17,51,-0.4659701883792877,1.2623627185821533,1.0,1.0,1.0
17,52,-6.74711799621582,9.478626251220703,0.6666666865348816,0.6666666865348816,1.0
17,53,-11.927434921264648,5.495443344116211,0.2857142984867096,1.0,1.0
17,54,-9.105146408081055,20.801990509033203,0.3333333432674408,0.6666666865348816,1.0
17,55,-9.771949768066406,132.41949462890625,0.5,0.5,0.5
17,56,-19.265487670898438,47.138851165771484,0.4000000059604645,0.6000000238418579,0.800000011920929
17,57,-1.626185655593872,5.084444046020508,1.0,1.0,1.0
17,58,-11.123610496520996,4.899274826049805,0.5714285969734192,1.0,1.0
17,59,-5.288510799407959,14.072962760925293,0.0,1.0,1.0
17,60,-2.0416510105133057,1.3386536836624146,1.0,1.0,1.0
17,61,-8.24356746673584,61.66914749145508,0.0,0.5,1.0
17,62,-4.599684238433838,99.45291137695312,0.0,1.0,1.0
17,63,-10.217164039611816,12.862177848815918,0.5,0.75,1.0
17,64,-0.7705216407775879,2.160893201828003,1.0,1.0,1.0
17,65,-5.444690227508545,15.215963363647461,0.0,1.0,1.0
17,66,-7.2584052085876465,4.270286560058594,0.800000011920929,1.0,1.0
17,67,-9.597846984863281,6.818021774291992,0.800000011920929,0.800000011920929,0.800000011920929
17,68,-40.46509552001953,57.19747543334961,0.30000001192092896,0.699999988079071,0.9000000357627869
17,69,-22.307310104370117,41.17721176147461,0.5,0.5,0.8333333730697632
17,70,-12.548982620239258,23.040319442749023,0.5,0.5,1.0
17,71,-8.388218879699707,66.29466247558594,0.5,0.5,0.5
17,72,-5.887815952301025,4.357741832733154,0.5,1.0,1.0
17,73,-7.026580333709717,1126.1728515625,0.0,0.0,1.0
17,74,-14.87619686126709,41.225181579589844,0.25,0.75,0.75
17,75,-3.1385834217071533,4.8032450675964355,0.5,1.0,1.0
17,76,-2.4153404235839844,2.236950397491455,0.6666666865348816,1.0,1.0
17,77,-11.004510879516602,6.259405136108398,0.6666666865348816,0.8333333730697632,0.8333333730697632
17,78,-11.592992782592773,18.142335891723633,0.75,0.75,0.75
17,79,-5.764715194702148,4.225674152374268,0.5,1.0,1.0
17,80,-6.174563407897949,7.831763744354248,0.6666666865348816,0.6666666865348816,1.0
17,81,-10.230419158935547,3.5923349857330322,0.5,1.0,1.0
17,82,-13.177167892456055,80.83332061767578,0.3333333432674408,0.3333333432674408,0.6666666865348816
17,83,-4.191629409790039,66.13045501708984,0.0,0.0,1.0
17,84,-13.940101623535156,16.24881935119629,0.6000000238418579,0.6000000238418579,0.800000011920929
17,85,-5.7846479415893555,18.035175323486328,0.0,1.0,1.0
17,86,-27.71689224243164,15.985613822937012,0.699999988079071,0.699999988079071,0.800000011920929
17,87,-10.803546905517578,4.680307388305664,0.5714285969734192,0.8571429252624512,1.0
17,88,-3.6829419136047363,6.305807590484619,0.5,1.0,1.0
17,89,-35.24542236328125,1151.803955078125,0.20000000298023224,0.20000000298023224,0.800000011920929
17,90,-9.881752014160156,5.191168308258057,0.5,1.0,1.0
17,91,-2.0740840435028076,2.8208606243133545,0.5,1.0,1.0
17,92,-24.393884658813477,58.30265426635742,0.5,0.6666666865348816,0.6666666865348816
17,93,-2.081977367401123,2.0016913414001465,0.6666666865348816,1.0,1.0
17,94,-6.017782688140869,4.501657485961914,0.5,1.0,1.0
17,95,-5.775688171386719,17.954559326171875,0.5,0.5,1.0
17,96,-8.258627891540527,7.882593631744385,0.5,0.75,1.0
17,97,-9.342735290527344,10.336525917053223,0.5,0.75,1.0
17,98,-24.87985610961914,12.037004470825195,0.4000000059604645,0.9000000357627869,0.9000000357627869
17,99,-8.661230087280273,17.940784454345703,0.3333333432674408,1.0,1.0
17,100,-6.455731391906738,25.225759506225586,0.0,1.0,1.0
17,101,-10.386054992675781,13.416882514953613,0.25,0.75,1.0
17,102,-1.9414093494415283,2.6398041248321533,1.0,1.0,1.0
17,103,-0.7734216451644897,1.4721307754516602,1.0,1.0,1.0
17,104,-6.400185585021973,2.9057676792144775,0.6666666865348816,1.0,1.0
17,105,-11.895151138305664,52.722930908203125,0.3333333432674408,0.3333333432674408,1.0
17,106,-5.341683387756348,14.452129364013672,0.5,0.5,1.0
17,107,-10.986021995544434,242.9877471923828,0.5,0.5,0.5
17,108,-4.519323348999023,9.57984733581543,0.5,0.5,1.0
17,109,-31.897396087646484,34.61043167114258,0.4444444477558136,0.5555555820465088,0.7777777910232544
17,110,-11.827764511108398,370.1403503417969,0.5,0.5,0.5
17,111,-16.0423583984375,24.741247177124023,0.20000000298023224,0.800000011920929,1.0
17,112,-5.1403584480285645,5.5480852127075195,0.6666666865348816,0.6666666865348816,1.0
17,113,-1.9305282831192017,1.9031481742858887,0.6666666865348816,1.0,1.0
17,114,-3.658578634262085,38.80614471435547,0.0,1.0,1.0
17,115,-12.09083366394043,422.1736755371094,0.0,0.5,0.5
17,116,-1.769318699836731,2.422159194946289,1.0,1.0,1.0
17,117,-10.285051345825195,2.205949068069458,0.8461538553237915,0.9230769872665405,1.0
17,118,-10.328143119812012,174.87503051757812,0.5,0.5,0.5
17,119,-1.6642918586730957,2.298245429992676,1.0,1.0,1.0
17,120,-25.961471557617188,25.666431427001953,0.375,0.625,0.75
17,121,-25.63142967224121,71.65801239013672,0.3333333432674408,0.5,0.8333333730697632
17,122,-7.78757905960083,3.6617085933685303,0.6666666865348816,0.8333333730697632,1.0
17,123,-16.04720115661621,55.24624252319336,0.5,0.75,0.75
17,124,-8.865561485290527,5.889153957366943,0.6000000238418579,0.800000011920929,1.0
17,125,-10.0378999710083,12.29847240447998,0.5,0.75,1.0
17,126,-14.485758781433105,37.391361236572266,0.5,0.5,0.75
17,127,-3.763598918914795,3.5062003135681152,0.6666666865348816,1.0,1.0
17,128,-10.67809009552002,14.433076858520508,0.5,0.5,1.0
17,129,-3.1091127395629883,22.401161193847656,0.0,1.0,1.0
17,130,-12.679105758666992,68.46813201904297,0.6666666865348816,0.6666666865348816,0.6666666865348816
17,131,-9.641646385192871,6.87800931930542,0.6000000238418579,1.0,1.0
17,132,-5.275567531585693,195.50140380859375,0.0,0.0,1.0
17,133,-4.372217178344727,8.90050983428955,0.5,1.0,1.0
17,134,-11.514833450317383,316.52960205078125,0.0,0.0,1.0
17,135,-2.0189249515533447,1.9600598812103271,0.6666666865348816,1.0,1.0
17,136,-6.601792335510254,27.136947631835938,0.0,1.0,1.0
17,137,-17.15894317626953,5321.29296875,0.0,0.5,0.5
17,138,-6.3633317947387695,8.3403959274292,0.6666666865348816,0.6666666865348816,1.0
17,139,-6.048269271850586,3.3523240089416504,0.6000000238418579,1.0,1.0
17,140,-7.7699294090271,13.329459190368652,0.3333333432674408,0.6666666865348816,1.0
17,141,-8.650858879089355,8.694708824157715,0.25,1.0,1.0
17,142,-13.218179702758789,14.064249038696289,0.20000000298023224,0.800000011920929,1.0
17,143,-13.031689643859863,675.7645874023438,0.0,0.5,0.5
17,144,-17.313457489013672,75.82017517089844,0.5,0.75,0.75
17,145,-24.032794952392578,11.05938720703125,0.5,0.800000011920929,1.0
17,146,-11.478294372558594,45.88315963745117,0.3333333432674408,0.6666666865348816,1.0
17,147,-3.907994270324707,7.056838512420654,0.5,1.0,1.0
17,148,-10.153493881225586,160.25189208984375,0.0,0.5,0.5
18,0,-8.786510467529297,80.90335083007812,0.5,0.5,0.5
18,1,-12.462275505065918,4.748289585113525,0.75,0.875,1.0
18,2,-10.825376510620117,224.23358154296875,0.5,0.5,0.5
18,3,-4.840775966644287,126.5675277709961,0.0,1.0,1.0
18,4,-7.636018753051758,45.513519287109375,0.5,0.5,1.0
18,5,-0.7543114423751831,1.4581314325332642,1.0,1.0,1.0
18,6,-5.148961067199707,5.564017295837402,0.6666666865348816,0.6666666865348816,1.0
18,7,-7.566279888153076,43.95383834838867,0.0,0.5,1.0
18,8,-11.617879867553711,10.212127685546875,0.4000000059604645,0.800000011920929,1.0
18,9,-0.09306350350379944,1.0476312637329102,1.0,1.0,1.0
18,10,-14.324516296386719,118.4912338256836,0.6666666865348816,0.6666666865348816,0.6666666865348816
18,11,-10.961238861083984,38.619075775146484,0.3333333432674408,0.6666666865348816,1.0
18,12,-2.1133780479431152,2.8768303394317627,1.0,1.0,1.0
18,13,-10.370746612548828,178.64012145996094,0.5,0.5,1.0
18,14,-4.168561935424805,4.01292610168457,0.3333333432674408,1.0,1.0
18,15,-7.1970720291137695,6.045220851898193,0.75,0.75,1.0
18,16,-6.44487190246582,8.570196151733398,0.6666666865348816,0.6666666865348816,1.0
18,17,-4.783191680908203,4.925358772277832,0.6666666865348816,1.0,1.0
18,18,-3.866110324859619,2.628800392150879,0.5,1.0,1.0
18,19,-12.143861770629883,7.56836462020874,0.5,0.8333333730697632,1.0
18,20,-4.294878959655762,2.926244020462036,0.75,0.75,1.0
18,21,-5.035568714141846,5.357636451721191,0.6666666865348816,0.6666666865348816,1.0
18,22,-5.459769248962402,15.3311185836792,0.5,0.5,1.0
18,23,-13.513324737548828,9.508830070495605,0.3333333432674408,0.8333333730697632,1.0
18,24,-1.5312659740447998,4.624026775360107,0.0,1.0,1.0
18,25,-29.168418884277344,6.190564155578613,0.4375,0.875,1.0
18,26,-1.0374953746795654,1.6799225807189941,1.0,1.0,1.0
18,27,-7.7018585205078125,6.858334541320801,0.5,0.75,1.0
18,28,-8.057369232177734,14.669783592224121,0.0,0.6666666865348816,1.0
18,29,-1.649789810180664,5.205885410308838,0.0,1.0,1.0
18,30,-8.595111846923828,73.51988983154297,0.5,0.5,0.5
18,31,-0.9144396185874939,1.5796761512756348,1.0,1.0,1.0
18,32,-6.893566131591797,31.399221420288086,0.5,0.5,1.0
18,33,-1.3936799764633179,2.007399320602417,1.0,1.0,1.0
18,34,-1.924193263053894,6.849620819091797,0.0,1.0,1.0
18,35,-4.3548479080200195,8.82354736328125,0.5,0.5,1.0
18,36,-5.343179702758789,3.8030176162719727,0.75,1.0,1.0
18,37,-4.121832370758057,3.9509029388427734,0.6666666865348816,1.0,1.0
18,38,-12.869559288024902,24.96287727355957,0.25,0.5,1.0
18,39,-2.6767005920410156,3.812748432159424,0.5,1.0,1.0
18,40,-14.481247901916504,124.8462142944336,0.0,0.3333333432674408,1.0
18,41,-21.694377899169922,37.17845916748047,0.5,0.5,0.8333333730697632
18,42,-7.3293867111206055,39.04416275024414,0.5,0.5,1.0
18,43,-5.555480003356934,3.0376858711242676,0.800000011920929,1.0,1.0
18,44,-8.404376029968262,66.83240509033203,0.0,0.5,1.0
18,45,-7.6327691078186035,45.43962860107422,0.5,0.5,1.0
18,46,-19.1040096282959,10.891701698303223,0.5,0.625,1.0
18,47,-15.162689208984375,12.517338752746582,0.3333333432674408,0.8333333730697632,1.0
18,48,-5.3419342041015625,208.91641235351562,0.0,0.0,1.0
18,49,-11.458904266357422,307.80059814453125,0.0,0.0,1.0
18,50,-5.913687229156494,19.23715591430664,0.5,0.5,1.0
18,51,-0.4381451904773712,1.2449216842651367,1.0,1.0,1.0
18,52,-6.463532447814941,8.623669624328613,0.6666666865348816,0.6666666865348816,1.0
18,53,-12.566518783569336,6.02078104019165,0.2857142984867096,1.0,1.0
18,54,-9.032096862792969,20.301586151123047,0.3333333432674408,0.6666666865348816,1.0
18,55,-9.788963317871094,133.55076599121094,0.5,0.5,0.5
18,56,-18.690139770507812,42.01505661010742,0.4000000059604645,0.6000000238418579,0.800000011920929
18,57,-1.6311471462249756,5.1097331047058105,1.0,1.0,1.0
18,58,-11.12247085571289,4.898477554321289,0.5714285969734192,1.0,1.0
18,59,-5.366410255432129,14.631915092468262,0.0,1.0,1.0
18,60,-1.9964364767074585,1.3300349712371826,1.0,1.0,1.0
18,61,-8.16740608215332,59.364891052246094,0.0,0.5,1.0
18,62,-4.621505260467529,101.64691925048828,0.0,1.0,1.0
18,63,-10.238668441772461,12.931511878967285,0.5,0.75,1.0
18,64,-0.754165768623352,2.125837564468384,1.0,1.0,1.0
18,65,-5.422555446624756,15.048491477966309,0.0,1.0,1.0
18,66,-7.091058731079102,4.1297287940979,0.800000011920929,1.0,1.0
18,67,-9.619331359863281,6.847381114959717,0.800000011920929,0.800000011920929,0.800000011920929
18,68,-40.18705368041992,55.6290397644043,0.30000001192092896,0.699999988079071,0.9000000357627869
18,69,-22.143306732177734,40.06692123413086,0.5,0.6666666865348816,0.8333333730697632
18,70,-12.596348762512207,23.314773559570312,0.5,0.5,1.0
18,71,-8.332540512084961,64.47453308105469,0.5,0.5,0.5
18,72,-5.321502685546875,3.782464027404785,0.5,1.0,1.0
18,73,-7.107567310333252,1221.1732177734375,0.0,0.0,1.0
18,74,-14.879526138305664,41.25950622558594,0.25,0.75,0.75
18,75,-3.1090333461761475,4.7327985763549805,0.5,1.0,1.0
18,76,-2.335999011993408,2.1785647869110107,0.6666666865348816,1.0,1.0
18,77,-10.803740501403809,6.053420066833496,0.6666666865348816,0.8333333730697632,0.8333333730697632
18,78,-11.703892707824707,18.652368545532227,0.75,0.75,0.75
18,79,-5.676354885101318,4.133352279663086,0.5,1.0,1.0
18,80,-6.064430236816406,7.549465656280518,0.6666666865348816,0.6666666865348816,1.0
18,81,-9.66604995727539,3.347641944885254,0.5,1.0,1.0
18,82,-12.979026794433594,75.66699981689453,0.3333333432674408,0.3333333432674408,0.6666666865348816
18,83,-4.105569839477539,60.677310943603516,0.0,0.0,1.0
18,84,-13.684686660766602,15.43962574005127,0.6000000238418579,0.6000000238418579,0.800000011920929
18,85,-5.5664472579956055,16.171066284179688,0.0,1.0,1.0
18,86,-27.3564453125,15.419679641723633,0.699999988079071,0.699999988079071,0.9000000357627869
18,87,-10.850140571594238,4.711565017700195,0.5714285969734192,0.8571429252624512,1.0
18,88,-3.6851203441619873,6.312679290771484,0.5,1.0,1.0
18,89,-35.5977668762207,1235.8985595703125,0.20000000298023224,0.20000000298023224,0.6000000238418579
18,90,-9.787282943725586,5.110073566436768,0.5,1.0,1.0
18,91,-2.0679380893707275,2.8122055530548096,0.5,1.0,1.0
18,92,-24.10153579711914,55.529945373535156,0.5,0.6666666865348816,0.6666666865348816
18,93,-1.9968430995941162,1.9456855058670044,0.6666666865348816,1.0,1.0
18,94,-6.3970046043396,4.949324607849121,0.25,1.0,1.0
18,95,-5.834661483764648,18.491863250732422,0.5,0.5,1.0
18,96,-8.352344512939453,8.069457054138184,0.5,0.75,1.0
18,97,-9.241186141967773,10.077412605285645,0.5,0.75,1.0
18,98,-24.04254913330078,11.070178985595703,0.4000000059604645,0.9000000357627869,0.9000000357627869
18,99,-8.68691635131836,18.095054626464844,0.3333333432674408,1.0,1.0
18,100,-6.450834274291992,25.1640682220459,0.0,1.0,1.0
18,101,-9.860713958740234,11.765583038330078,0.25,0.75,1.0
18,102,-1.9586589336395264,2.662670373916626,1.0,1.0,1.0
18,103,-0.716690182685852,1.4309593439102173,1.0,1.0,1.0
18,104,-6.233071327209473,2.82595157623291,0.6666666865348816,1.0,1.0
18,105,-11.65550422668457,48.67512130737305,0.3333333432674408,0.3333333432674408,1.0
18,106,-5.3102827072143555,14.226997375488281,0.5,0.5,1.0
18,107,-10.881307601928711,230.59291076660156,0.5,0.5,0.5
18,108,-4.63798713684082,10.165438652038574,0.5,0.5,1.0
18,109,-32.26382827758789,36.048667907714844,0.4444444477558136,0.5555555820465088,0.7777777910232544
18,110,-11.587228775024414,328.1971130371094,0.5,0.5,0.5
18,111,-15.926689147949219,24.175453186035156,0.20000000298023224,0.6000000238418579,1.0
18,112,-4.8602213859558105,5.053463459014893,0.6666666865348816,0.6666666865348816,1.0
18,113,-1.9498733282089233,1.9154599905014038,0.6666666865348816,1.0,1.0
18,114,-3.539214849472046,34.43986892700195,0.0,1.0,1.0
18,115,-12.255620956420898,458.43133544921875,0.0,0.5,0.5
18,116,-1.7920842170715332,2.44988751411438,1.0,1.0,1.0
18,117,-10.239356994628906,2.198208808898926,0.8461538553237915,0.9230769872665405,1.0
18,118,-10.197908401489258,163.8504638671875,0.5,0.5,0.5
18,119,-1.6818631887435913,2.318526029586792,1.0,1.0,1.0
18,120,-25.266189575195312,23.52994155883789,0.375,0.625,0.75
18,121,-24.79274559020996,62.31015396118164,0.3333333432674408,0.5,0.8333333730697632
18,122,-7.742549419403076,3.6343305110931396,0.6666666865348816,1.0,1.0
18,123,-16.12836265563965,56.37865447998047,0.5,0.75,0.75
18,124,-8.873462677001953,5.898467540740967,0.6000000238418579,0.800000011920929,1.0
18,125,-9.91152572631836,11.915992736816406,0.5,0.75,1.0
18,126,-14.504204750061035,37.56418991088867,0.5,0.75,0.75
18,127,-3.7004308700561523,3.4331459999084473,0.6666666865348816,1.0,1.0
18,128,-10.750964164733887,14.69843578338623,0.5,0.5,1.0
18,129,-3.0916390419006348,22.01312828063965,0.0,1.0,1.0
18,130,-12.719658851623535,69.39996337890625,0.6666666865348816,0.6666666865348816,0.6666666865348816
18,131,-9.59447956085205,6.813432216644287,0.6000000238418579,1.0,1.0
18,132,-5.071147441864014,159.35707092285156,0.0,0.0,1.0
18,133,-4.188690662384033,8.120122909545898,0.5,1.0,1.0
18,134,-11.610544204711914,332.0455322265625,0.0,0.0,1.0
18,135,-1.9671244621276855,1.9265062808990479,0.6666666865348816,1.0,1.0
18,136,-6.568302154541016,26.68631935119629,0.0,1.0,1.0
18,137,-16.969242095947266,4839.76318359375,0.0,0.5,0.5
18,138,-6.336273670196533,8.265508651733398,0.6666666865348816,0.6666666865348816,1.0
18,139,-6.071189880371094,3.3677268028259277,0.6000000238418579,1.0,1.0
18,140,-7.678064346313477,12.927473068237305,0.3333333432674408,0.6666666865348816,1.0
18,141,-8.749486923217773,8.911760330200195,0.25,1.0,1.0
18,142,-13.275967597961426,14.227740287780762,0.20000000298023224,0.800000011920929,1.0
18,143,-12.971832275390625,655.8395385742188,0.0,0.5,1.0
18,144,-17.266582489013672,74.93683624267578,0.5,0.75,0.75
18,145,-23.753429412841797,10.75469970703125,0.5,0.800000011920929,1.0
18,146,-11.441707611083984,45.326988220214844,0.0,0.6666666865348816,1.0
18,147,-3.789046287536621,6.64937686920166,0.5,1.0,1.0
18,148,-10.155901908874512,160.44496154785156,0.0,0.5,0.5
19,0,-8.810528755187988,81.88079071044922,0.5,0.5,0.5
19,1,-12.299983024597168,4.652933120727539,0.75,0.875,1.0
19,2,-10.746155738830566,215.52520751953125,0.5,0.5,0.5
19,3,-4.927678108215332,138.05857849121094,0.0,1.0,1.0
19,4,-7.9077348709106445,52.13661193847656,0.5,0.5,1.0
19,5,-0.7798256278038025,1.4768520593643188,1.0,1.0,1.0
19,6,-4.787262439727783,4.932046890258789,0.6666666865348816,0.6666666865348816,1.0
19,7,-7.4155802726745605,40.76362609863281,0.0,0.5,1.0
19,8,-11.567453384399414,10.109652519226074,0.4000000059604645,0.800000011920929,1.0
19,9,-0.0884644165635109,1.0452251434326172,1.0,1.0,1.0
19,10,-14.289304733276367,117.10858917236328,0.6666666865348816,0.6666666865348816,0.6666666865348816
19,11,-10.813322067260742,36.7611198425293,0.3333333432674408,0.6666666865348816,1.0
19,12,-1.9621222019195557,2.6672849655151367,1.0,1.0,1.0
19,13,-10.3643217086792,178.06716918945312,0.5,0.5,1.0
19,14,-4.1013569831848145,3.9240291118621826,0.3333333432674408,1.0,1.0
19,15,-7.145751953125,5.968155860900879,0.75,0.75,1.0
19,16,-6.339309215545654,8.273876190185547,0.6666666865348816,0.6666666865348816,1.0
19,17,-4.876561164855957,5.081062316894531,0.6666666865348816,1.0,1.0
19,18,-3.6700565814971924,2.5030603408813477,0.5,1.0,1.0
19,19,-11.725261688232422,7.058342933654785,0.6666666865348816,0.8333333730697632,1.0
19,20,-4.240392684936523,2.8866543769836426,0.75,0.75,1.0
19,21,-5.12063455581665,5.511727809906006,0.6666666865348816,0.6666666865348816,1.0
19,22,-5.478028774261475,15.471728324890137,0.5,0.5,1.0
19,23,-13.478724479675293,9.45415210723877,0.3333333432674408,0.8333333730697632,1.0
19,24,-1.538580298423767,4.657972812652588,0.0,1.0,1.0
19,25,-28.997413635253906,6.124752998352051,0.4375,0.875,1.0
19,26,-1.0221551656723022,1.6670866012573242,1.0,1.0,1.0
19,27,-7.518474102020264,6.5510053634643555,0.5,0.75,1.0
19,28,-8.06699275970459,14.716915130615234,0.0,0.6666666865348816,1.0
19,29,-1.6430526971817017,5.170930862426758,0.0,1.0,1.0
19,30,-8.739582061767578,79.02711486816406,0.5,0.5,0.5
19,31,-0.8418388366699219,1.5233615636825562,1.0,1.0,1.0
19,32,-6.852573394775391,30.7622013092041,0.5,0.5,1.0
19,33,-1.346576452255249,1.9606739282608032,1.0,1.0,1.0
19,34,-1.9121090173721313,6.767346382141113,0.0,1.0,1.0
19,35,-4.372010231018066,8.899589538574219,0.5,0.5,1.0
19,36,-5.456943035125732,3.912731647491455,0.75,1.0,1.0
19,37,-4.151471138000488,3.9901299476623535,0.6666666865348816,1.0,1.0
19,38,-12.777504920959473,24.39495277404785,0.25,0.5,1.0
19,39,-2.6625399589538574,3.7858481407165527,0.5,1.0,1.0
19,40,-14.752059936523438,136.6404571533203,0.0,0.3333333432674408,1.0
19,41,-20.664033889770508,31.312135696411133,0.5,0.6666666865348816,0.8333333730697632
19,42,-7.314545631408691,38.7555046081543,0.5,0.5,1.0
19,43,-5.400623798370361,2.94504714012146,0.800000011920929,1.0,1.0
19,44,-8.355756759643555,65.2273178100586,0.0,0.5,1.0
19,45,-7.605617523193359,44.8269157409668,0.5,0.5,1.0
19,46,-19.065147399902344,10.838920593261719,0.5,0.625,1.0
19,47,-15.192708015441895,12.580123901367188,0.3333333432674408,0.8333333730697632,1.0
19,48,-5.34771728515625,210.1280975341797,0.0,0.0,1.0
19,49,-11.357840538024902,292.6332702636719,0.0,0.0,1.0
19,50,-5.870214939117432,18.82352638244629,0.5,0.5,1.0
19,51,-0.41476765275001526,1.2304548025131226,1.0,1.0,1.0
19,52,-6.223841667175293,7.9614715576171875,0.6666666865348816,0.6666666865348816,1.0
19,53,-13.184062004089355,6.576070785522461,0.2857142984867096,1.0,1.0
19,54,-9.052310943603516,20.438838958740234,0.3333333432674408,0.6666666865348816,1.0
19,55,-9.86792278289795,138.9287872314453,0.5,0.5,0.5
19,56,-18.34274673461914,39.195003509521484,0.4000000059604645,0.6000000238418579,0.800000011920929
19,57,-1.6694703102111816,5.309354305267334,1.0,1.0,1.0
19,58,-11.1293363571167,4.903284072875977,0.5714285969734192,1.0,1.0
19,59,-5.433960437774658,15.134550094604492,0.0,1.0,1.0
19,60,-1.923854112625122,1.3163151741027832,1.0,1.0,1.0
19,61,-8.102502822875977,57.469329833984375,0.0,0.5,1.0
19,62,-4.6187005043029785,101.36222076416016,0.0,1.0,1.0
19,63,-10.134730339050293,12.599821090698242,0.5,0.75,1.0
19,64,-0.7493906021118164,2.1157102584838867,1.0,1.0,1.0
19,65,-5.419073104858398,15.02231216430664,0.0,1.0,1.0
19,66,-6.921882629394531,3.992335796356201,0.800000011920929,1.0,1.0
19,67,-9.848151206970215,7.168025493621826,0.800000011920929,0.800000011920929,0.800000011920929
19,68,-40.361270904541016,56.606685638427734,0.30000001192092896,0.699999988079071,0.800000011920929
19,69,-21.968591690063477,38.91703414916992,0.5,0.6666666865348816,0.8333333730697632
19,70,-12.567011833190918,23.14440155029297,0.5,0.5,1.0
19,71,-8.299603462219238,63.42142105102539,0.5,0.5,0.5
19,72,-5.045248031616211,3.5300498008728027,0.5,1.0,1.0
19,73,-7.156513214111328,1282.431640625,0.0,0.0,1.0
19,74,-14.926553726196289,41.74745178222656,0.25,0.75,0.75
19,75,-2.9975342750549316,4.47616720199585,0.5,1.0,1.0
19,76,-2.2817764282226562,2.139542818069458,0.6666666865348816,1.0,1.0
19,77,-10.470163345336914,5.726057052612305,0.6666666865348816,0.8333333730697632,0.8333333730697632
19,78,-11.715997695922852,18.70890235900879,0.75,0.75,0.75
19,79,-5.658192157745361,4.114626407623291,0.5,1.0,1.0
19,80,-6.003861427307129,7.398573398590088,0.6666666865348816,0.6666666865348816,1.0
19,81,-8.967902183532715,3.067883014678955,0.5,1.0,1.0
19,82,-12.806926727294922,71.44841003417969,0.3333333432674408,0.3333333432674408,0.6666666865348816
19,83,-4.106335639953613,60.72379684448242,0.0,0.0,1.0
19,84,-13.243431091308594,14.135455131530762,0.4000000059604645,0.6000000238418579,0.800000011920929
19,85,-5.425114631652832,15.067760467529297,0.0,1.0,1.0
19,86,-27.175411224365234,15.143043518066406,0.699999988079071,0.699999988079071,0.9000000357627869
19,87,-10.876319885253906,4.729218482971191,0.5714285969734192,0.8571429252624512,1.0
19,88,-3.6249895095825195,6.125710964202881,0.5,1.0,1.0
19,89,-35.72724914550781,1268.321533203125,0.20000000298023224,0.20000000298023224,0.800000011920929
19,90,-9.814886093139648,5.133636951446533,0.5,1.0,1.0
19,91,-2.00254487991333,2.721742868423462,0.5,1.0,1.0
19,92,-23.99367904663086,54.54065704345703,0.5,0.6666666865348816,0.6666666865348816
19,93,-1.9267492294311523,1.900752305984497,0.6666666865348816,1.0,1.0
19,94,-6.624907493591309,5.239504337310791,0.25,1.0,1.0
19,95,-5.853247165679932,18.664505004882812,0.5,0.5,1.0
19,96,-8.482752799987793,8.336873054504395,0.5,0.75,1.0
19,97,-9.210700988769531,10.000901222229004,0.5,0.75,1.0
19,98,-23.7501277923584,10.751152038574219,0.4000000059604645,0.9000000357627869,0.9000000357627869
19,99,-8.57380199432373,17.425487518310547,0.3333333432674408,1.0,1.0
19,100,-6.562106609344482,26.603778839111328,0.0,1.0,1.0
19,101,-9.437139511108398,10.583380699157715,0.25,1.0,1.0
19,102,-1.9598467350006104,2.6642520427703857,1.0,1.0,1.0
19,103,-0.6802104711532593,1.4050954580307007,1.0,1.0,1.0
19,104,-6.131719589233398,2.7786166667938232,0.6666666865348816,1.0,1.0
19,105,-11.50108528137207,46.23305892944336,0.3333333432674408,0.3333333432674408,1.0
19,106,-5.207015037536621,13.511045455932617,0.5,0.5,1.0
19,107,-10.890583038330078,231.66481018066406,0.5,0.5,0.5
19,108,-4.676869869232178,10.365001678466797,0.5,0.5,1.0
19,109,-32.65476608276367,37.6490364074707,0.4444444477558136,0.5555555820465088,0.7777777910232544
19,110,-11.315113067626953,286.4478454589844,0.5,0.5,0.5
19,111,-15.696928024291992,23.089677810668945,0.20000000298023224,0.800000011920929,1.0
19,112,-4.555125713348389,4.564802646636963,0.6666666865348816,0.6666666865348816,1.0
19,113,-1.9624181985855103,1.923486590385437,0.6666666865348816,1.0,1.0
19,114,-3.4614341259002686,31.862640380859375,0.0,1.0,1.0
19,115,-12.243471145629883,455.6548156738281,0.0,0.5,0.5
19,116,-1.8165342807769775,2.4800212383270264,1.0,1.0,1.0
19,117,-10.04996109008789,2.1664154529571533,0.8461538553237915,0.9230769872665405,1.0
19,118,-10.112234115600586,156.9797821044922,0.5,0.5,0.5
19,119,-1.6867700815200806,2.32422137260437,1.0,1.0,1.0
19,120,-24.49334716796875,21.363170623779297,0.375,0.625,0.75
19,121,-24.29041290283203,57.30582809448242,0.3333333432674408,0.5,0.8333333730697632
19,122,-7.740106105804443,3.6328508853912354,0.6666666865348816,1.0,1.0
19,123,-16.14521026611328,56.616615295410156,0.5,0.75,0.75
19,124,-8.923542022705078,5.9578423500061035,0.6000000238418579,0.800000011920929,1.0
19,125,-9.894363403320312,11.864975929260254,0.5,0.75,1.0
19,126,-14.59406566619873,38.417625427246094,0.5,0.75,0.75
19,127,-3.640923261642456,3.3657171726226807,0.6666666865348816,1.0,1.0
19,128,-10.848663330078125,15.061861991882324,0.5,0.5,1.0
19,129,-3.020129442214966,20.493946075439453,0.0,1.0,1.0
19,130,-12.731977462768555,69.68550872802734,0.6666666865348816,0.6666666865348816,0.6666666865348816
19,131,-9.382149696350098,6.530149936676025,0.6000000238418579,1.0,1.0
19,132,-4.892563343048096,133.29481506347656,0.0,0.0,1.0
19,133,-4.076896667480469,7.678685665130615,0.5,1.0,1.0
19,134,-11.654047012329102,339.34710693359375,0.0,0.0,1.0
19,135,-1.8722116947174072,1.8665103912353516,0.6666666865348816,1.0,1.0
19,136,-6.6604156494140625,27.944149017333984,0.0,1.0,1.0
19,137,-16.883718490600586,4637.16845703125,0.0,0.5,0.5
19,138,-6.356951713562012,8.322677612304688,0.6666666865348816,0.6666666865348816,1.0
19,139,-6.09200382232666,3.381775140762329,0.6000000238418579,1.0,1.0
19,140,-7.574062824249268,12.486992835998535,0.3333333432674408,0.6666666865348816,1.0
19,141,-8.796083450317383,9.016180992126465,0.25,1.0,1.0
19,142,-13.379361152648926,14.525014877319336,0.20000000298023224,0.800000011920929,1.0
19,143,-12.892807960510254,630.43115234375,0.0,0.5,1.0
19,144,-17.222164154052734,74.10930633544922,0.5,0.75,0.75
19,145,-23.514968872070312,10.501276969909668,0.5,0.800000011920929,1.0
19,146,-11.508931159973145,46.354129791259766,0.0,0.6666666865348816,1.0
19,147,-3.771005153656006,6.589665412902832,0.5,1.0,1.0
19,148,-10.107797622680664,156.6319580078125,0.0,0.5,0.5
20,0,-8.862485885620117,84.03580474853516,0.5,0.5,0.5
20,1,-12.227327346801758,4.610867500305176,0.75,0.875,1.0
20,2,-10.761102676391602,217.1419677734375,0.5,0.5,0.5
20,3,-4.926069259643555,137.83665466308594,0.0,1.0,1.0
20,4,-8.011963844299316,54.92573165893555,0.5,0.5,1.0
20,5,-0.7913335561752319,1.4853742122650146,1.0,1.0,1.0
20,6,-4.3158135414123535,4.214809894561768,0.6666666865348816,1.0,1.0
20,7,-7.1771440505981445,36.182369232177734,0.0,0.5,1.0
20,8,-11.484710693359375,9.943730354309082,0.4000000059604645,0.800000011920929,1.0
20,9,-0.0846114382147789,1.0432133674621582,1.0,1.0,1.0
20,10,-14.325061798095703,118.51275634765625,0.6666666865348816,0.6666666865348816,0.6666666865348816
20,11,-10.770845413208008,36.24428176879883,0.3333333432674408,0.6666666865348816,1.0
20,12,-1.8335627317428589,2.5012269020080566,1.0,1.0,1.0
20,13,-10.424251556396484,183.48370361328125,0.5,0.5,1.0
20,14,-4.086330413818359,3.904423475265503,0.3333333432674408,1.0,1.0
20,15,-7.163560390472412,5.994786262512207,0.75,0.75,1.0
20,16,-6.244082450866699,8.015369415283203,0.6666666865348816,0.6666666865348816,1.0
20,17,-4.945614814758301,5.199373722076416,0.6666666865348816,1.0,1.0
20,18,-3.5775249004364014,2.44582200050354,0.5,1.0,1.0
20,19,-11.462213516235352,6.755580902099609,0.6666666865348816,0.8333333730697632,1.0
20,20,-4.152640342712402,2.8240163326263428,0.75,0.75,1.0
20,21,-5.1461687088012695,5.558840751647949,0.6666666865348816,0.6666666865348816,1.0
20,22,-5.419302940368652,15.024038314819336,0.5,0.5,1.0
20,23,-13.531164169311523,9.537142753601074,0.3333333432674408,0.8333333730697632,1.0
20,24,-1.5252249240875244,4.596177101135254,0.0,1.0,1.0
20,25,-28.806350708007812,6.052049160003662,0.4375,0.875,1.0
20,26,-0.9514402151107788,1.6091725826263428,1.0,1.0,1.0
20,27,-7.37944221496582,6.3272175788879395,0.5,0.75,1.0
20,28,-8.157503128051758,15.167693138122559,0.0,0.6666666865348816,1.0
20,29,-1.6402344703674316,5.156378269195557,0.0,1.0,1.0
20,30,-8.773693084716797,80.38652801513672,0.5,0.5,0.5
20,31,-0.8063514232635498,1.4965697526931763,1.0,1.0,1.0
20,32,-6.763815402984619,29.426855087280273,0.5,0.5,1.0
20,33,-1.2406166791915894,1.8595012426376343,1.0,1.0,1.0
20,34,-1.8553546667099,6.393965721130371,0.0,1.0,1.0
20,35,-4.388882160186768,8.974983215332031,0.5,0.5,1.0
20,36,-5.466744899749756,3.9223313331604004,0.75,1.0,1.0
20,37,-4.261959075927734,4.139822959899902,0.6666666865348816,1.0,1.0
20,38,-12.707368850708008,23.97093963623047,0.25,0.5,1.0
20,39,-2.6502022743225098,3.762566089630127,0.5,1.0,1.0
20,40,-14.919862747192383,144.50115966796875,0.0,0.3333333432674408,1.0
20,41,-19.1892147064209,24.48847007751465,0.5,0.6666666865348816,0.8333333730697632
20,42,-7.286805629730225,38.221675872802734,0.5,0.5,1.0
20,43,-5.247008800506592,2.8559422492980957,0.800000011920929,1.0,1.0
20,44,-8.423399925231934,67.47113800048828,0.0,0.5,1.0
20,45,-7.547674179077148,43.546836853027344,0.5,0.5,1.0
20,46,-19.11211395263672,10.902740478515625,0.5,0.625,1.0
20,47,-15.473116874694824,13.182007789611816,0.3333333432674408,0.8333333730697632,1.0
20,48,-5.352067947387695,211.04428100585938,0.0,0.0,1.0
20,49,-11.187759399414062,268.7763671875,0.0,0.0,1.0
20,50,-5.814303398132324,18.30458641052246,0.5,0.5,1.0
20,51,-0.4162391722202301,1.2313604354858398,1.0,1.0,1.0
20,52,-5.954740047454834,7.278417110443115,0.6666666865348816,0.6666666865348816,1.0
20,53,-13.785052299499512,7.1656107902526855,0.2857142984867096,0.8571429252624512,1.0
20,54,-9.058511734008789,20.48112678527832,0.3333333432674408,0.6666666865348816,1.0
20,55,-9.913212776184082,142.11070251464844,0.5,0.5,0.5
20,56,-17.919189453125,36.0114860534668,0.4000000059604645,0.6000000238418579,0.800000011920929
20,57,-1.644141674041748,5.176564693450928,1.0,1.0,1.0
20,58,-11.06225872039795,4.856522560119629,0.5714285969734192,1.0,1.0
20,59,-5.433809280395508,15.133406639099121,0.0,1.0,1.0
20,60,-1.8890111446380615,1.309779405593872,1.0,1.0,1.0
20,61,-8.00442886352539,54.71918869018555,0.0,0.5,1.0
20,62,-4.600008487701416,99.48516082763672,0.0,1.0,1.0
20,63,-9.960823059082031,12.063758850097656,0.5,0.75,1.0
20,64,-0.7528961896896362,2.1231400966644287,1.0,1.0,1.0
20,65,-5.396457672119141,14.853400230407715,0.0,1.0,1.0
20,66,-6.930178642272949,3.9989655017852783,0.800000011920929,1.0,1.0
20,67,-10.05821704864502,7.475592613220215,0.800000011920929,0.800000011920929,0.800000011920929
20,68,-40.01512908935547,54.68082046508789,0.30000001192092896,0.699999988079071,0.800000011920929
20,69,-21.778858184814453,37.70563888549805,0.5,0.6666666865348816,0.8333333730697632
20,70,-12.604715347290039,23.363590240478516,0.5,0.5,1.0
20,71,-8.249906539916992,61.86491775512695,0.5,0.5,0.5
20,72,-4.585648536682129,3.1468820571899414,0.5,1.0,1.0
20,73,-7.087311267852783,1196.685791015625,0.0,0.0,1.0
20,74,-14.982894897460938,42.339637756347656,0.25,0.75,0.75
20,75,-2.960123062133789,4.393216133117676,0.5,1.0,1.0
20,76,-2.2863540649414062,2.142810106277466,0.6666666865348816,1.0,1.0
20,77,-9.961462020874023,5.260591983795166,0.6666666865348816,0.8333333730697632,1.0
20,78,-11.644383430480957,18.37692642211914,0.75,0.75,0.75
20,79,-5.672475814819336,4.129345417022705,0.5,1.0,1.0
20,80,-5.93090295791626,7.220814228057861,0.6666666865348816,0.6666666865348816,1.0
20,81,-8.471163749694824,2.8831849098205566,0.5,1.0,1.0
20,82,-12.668386459350586,68.22393798828125,0.3333333432674408,0.3333333432674408,0.6666666865348816
20,83,-4.0751752853393555,58.86079788208008,0.0,0.0,1.0
20,84,-13.074112892150879,13.66479206085205,0.4000000059604645,0.6000000238418579,0.800000011920929
20,85,-5.271275043487549,13.952205657958984,0.0,1.0,1.0
20,86,-27.10936737060547,15.043362617492676,0.699999988079071,0.699999988079071,0.9000000357627869
20,87,-10.910916328430176,4.752650260925293,0.5714285969734192,0.8571429252624512,1.0
20,88,-3.5716707706451416,5.9645609855651855,0.5,1.0,1.0
20,89,-36.036930084228516,1349.3604736328125,0.20000000298023224,0.20000000298023224,0.800000011920929
20,90,-9.857969284057617,5.1706318855285645,0.5,1.0,1.0
20,91,-1.9959439039230347,2.7127745151519775,0.5,1.0,1.0
20,92,-23.927852630615234,53.945560455322266,0.5,0.6666666865348816,0.6666666865348816
20,93,-1.8485162258148193,1.8518257141113281,0.6666666865348816,1.0,1.0
20,94,-6.878353118896484,5.5822296142578125,0.25,1.0,1.0
20,95,-5.7701544761657715,17.904949188232422,0.5,0.5,1.0
20,96,-8.544775009155273,8.467147827148438,0.5,0.75,1.0
20,97,-9.29892635345459,10.223936080932617,0.5,0.75,1.0
20,98,-23.30728530883789,10.285431861877441,0.4000000059604645,0.9000000357627869,0.9000000357627869
20,99,-8.594293594360352,17.544919967651367,0.3333333432674408,1.0,1.0
20,100,-6.5321946144104,26.20885467529297,0.0,1.0,1.0
20,101,-8.982569694519043,9.446481704711914,0.25,1.0,1.0
20,102,-1.9401551485061646,2.6381492614746094,1.0,1.0,1.0
20,103,-0.6484070420265198,1.382928729057312,1.0,1.0,1.0
20,104,-6.031706809997559,2.732684373855591,0.6666666865348816,1.0,1.0
20,105,-11.260621070861816,42.6718864440918,0.3333333432674408,0.3333333432674408,1.0
20,106,-5.2373223304748535,13.71734619140625,0.5,0.5,1.0
20,107,-10.912943840026855,234.2694549560547,0.5,0.5,0.5
20,108,-4.729424476623535,10.640976905822754,0.5,0.5,1.0
20,109,-32.82130813598633,38.352203369140625,0.4444444477558136,0.5555555820465088,0.7777777910232544
20,110,-11.17895793914795,267.5961608886719,0.5,0.5,0.5
20,111,-15.605003356933594,22.66905403137207,0.20000000298023224,0.800000011920929,1.0
20,112,-4.266422271728516,4.145986080169678,0.6666666865348816,0.6666666865348816,1.0
20,113,-2.0285086631774902,1.9663313627243042,0.6666666865348816,1.0,1.0
20,114,-3.4805803298950195,32.47856521606445,0.0,1.0,1.0
20,115,-12.26693058013916,461.031005859375,0.0,0.5,0.5
20,116,-1.8489645719528198,2.5205628871917725,1.0,1.0,1.0
20,117,-9.995376586914062,2.1573379039764404,0.8461538553237915,0.9230769872665405,1.0
20,118,-10.034564971923828,151.00039672851562,0.5,0.5,0.5
20,119,-1.6994843482971191,2.339043617248535,1.0,1.0,1.0
20,120,-24.1239070892334,20.399051666259766,0.375,0.75,0.875
20,121,-23.99136734008789,54.51964569091797,0.3333333432674408,0.5,0.8333333730697632
20,122,-7.721546649932861,3.621630907058716,0.6666666865348816,1.0,1.0
20,123,-16.15937614440918,56.817481994628906,0.5,0.75,0.75
20,124,-8.99627685546875,6.045144557952881,0.6000000238418579,0.800000011920929,1.0
20,125,-9.785730361938477,11.547080039978027,0.5,0.75,1.0
20,126,-14.679975509643555,39.25166702270508,0.5,0.75,0.75
20,127,-3.604400634765625,3.324990749359131,0.6666666865348816,1.0,1.0
20,128,-10.918432235717773,15.326878547668457,0.5,0.5,1.0
20,129,-2.9827442169189453,19.741918563842773,0.0,1.0,1.0
20,130,-12.702503204345703,69.00421142578125,0.6666666865348816,0.6666666865348816,0.6666666865348816
20,131,-9.289613723754883,6.410407543182373,0.6000000238418579,1.0,1.0
20,132,-4.642031669616699,103.75492858886719,0.0,0.0,1.0
20,133,-4.010002136230469,7.4261016845703125,0.5,1.0,1.0
20,134,-11.545967102050781,321.4954833984375,0.0,0.0,1.0
20,135,-1.852994441986084,1.854592204093933,0.6666666865348816,1.0,1.0
20,136,-6.712745189666748,28.68494987487793,0.0,1.0,1.0
20,137,-16.582061767578125,3987.943115234375,0.0,0.5,0.5
20,138,-6.2981061935424805,8.161017417907715,0.6666666865348816,0.6666666865348816,1.0
20,139,-6.031456470489502,3.3410706520080566,0.6000000238418579,1.0,1.0
20,140,-7.501948356628418,12.190409660339355,0.3333333432674408,0.6666666865348816,1.0
20,141,-8.779293060302734,8.978414535522461,0.25,1.0,1.0
20,142,-13.553295135498047,15.039183616638184,0.20000000298023224,0.800000011920929,1.0
20,143,-12.82947063446045,610.7791137695312,0.0,0.5,1.0
20,144,-17.24872589111328,74.60305786132812,0.5,0.75,0.75
20,145,-23.38975715637207,10.370607376098633,0.5,0.800000011920929,1.0
20,146,-11.572246551513672,47.342830657958984,0.0,0.6666666865348816,1.0
20,147,-3.7084333896636963,6.386693477630615,0.5,1.0,1.0
20,148,-10.060836791992188,152.99700927734375,0.5,0.5,0.5
21,0,-8.898656845092773,85.5694580078125,0.5,0.5,0.5
21,1,-12.125106811523438,4.552326202392578,0.75,0.875,1.0
21,2,-10.651288032531738,205.5406951904297,0.5,0.5,0.5
21,3,-4.966663360595703,143.54713439941406,0.0,1.0,1.0
21,4,-8.194332122802734,60.169532775878906,0.5,0.5,1.0
21,5,-0.7488494515419006,1.4541547298431396,1.0,1.0,1.0
21,6,-3.8607006072998047,3.6215429306030273,0.6666666865348816,1.0,1.0
21,7,-7.054413795471191,34.02878952026367,0.0,0.5,1.0
21,8,-11.424654006958008,9.825005531311035,0.4000000059604645,0.800000011920929,1.0
21,9,-0.07665501534938812,1.0390714406967163,1.0,1.0,1.0
21,10,-14.283473014831543,116.88114166259766,0.6666666865348816,0.6666666865348816,0.6666666865348816
21,11,-10.693248748779297,35.31882858276367,0.3333333432674408,0.6666666865348816,1.0
21,12,-1.7082011699676514,2.3492603302001953,1.0,1.0,1.0
21,13,-10.455038070678711,186.3299560546875,0.5,0.5,1.0
21,14,-4.002322196960449,3.796605348587036,0.3333333432674408,1.0,1.0
21,15,-7.173582077026367,6.009824752807617,0.75,0.75,1.0
21,16,-6.143200874328613,7.7503156661987305,0.6666666865348816,0.6666666865348816,1.0
21,17,-4.926233291625977,5.165892124176025,0.6666666865348816,1.0,1.0
21,18,-3.466076612472534,2.37861704826355,0.5,1.0,1.0
21,19,-11.210238456726074,6.477748870849609,0.6666666865348816,0.8333333730697632,1.0
21,20,-4.106380462646484,2.7915446758270264,0.75,0.75,1.0
21,21,-5.164218425750732,5.592386245727539,0.6666666865348816,0.6666666865348816,1.0
21,22,-5.510091781616211,15.721762657165527,0.5,0.5,1.0
21,23,-13.296127319335938,9.170770645141602,0.5,0.8333333730697632,1.0
21,24,-1.5586216449737549,4.7522664070129395,0.0,1.0,1.0
21,25,-28.859228134155273,6.072083473205566,0.4375,0.875,1.0
21,26,-0.9414942264556885,1.6011900901794434,1.0,1.0,1.0
21,27,-7.252374649047852,6.129380702972412,0.5,0.75,1.0
21,28,-8.260263442993164,15.696237564086914,0.0,0.6666666865348816,1.0
21,29,-1.590930700302124,4.908315181732178,0.0,1.0,1.0
21,30,-8.80477523803711,81.64557647705078,0.5,0.5,0.5
21,31,-0.7515751123428345,1.456137776374817,1.0,1.0,1.0
21,32,-6.681975364685059,28.247011184692383,0.5,0.5,1.0
21,33,-1.253962516784668,1.8719509840011597,1.0,1.0,1.0
21,34,-1.7973655462265015,6.033730983734131,0.0,1.0,1.0
21,35,-4.300870895385742,8.588597297668457,0.5,0.5,1.0
21,36,-5.5331902503967285,3.9880309104919434,0.75,1.0,1.0
21,37,-4.255894184112549,4.131462097167969,0.6666666865348816,1.0,1.0
21,38,-12.660654067993164,23.692617416381836,0.25,0.5,1.0
21,39,-2.6459219455718994,3.7545218467712402,0.5,1.0,1.0
21,40,-15.198124885559082,158.5454864501953,0.0,0.3333333432674408,0.6666666865348816
21,41,-18.682008743286133,22.503440856933594,0.5,0.6666666865348816,1.0
21,42,-7.228600025177002,37.12535095214844,0.5,0.5,1.0
21,43,-5.105578899383545,2.7762906551361084,0.800000011920929,1.0,1.0
21,44,-8.371185302734375,65.7324447631836,0.0,0.5,1.0
21,45,-7.50163459777832,42.55584716796875,0.5,0.5,1.0
21,46,-19.201398849487305,11.025103569030762,0.5,0.625,1.0
21,47,-15.676840782165527,13.637274742126465,0.3333333432674408,0.8333333730697632,1.0
21,48,-5.378007411956787,216.59027099609375,0.0,0.0,1.0
21,49,-10.935452461242676,236.92088317871094,0.0,0.0,1.0
21,50,-5.699556350708008,17.283946990966797,0.5,0.5,1.0
21,51,-0.43209752440452576,1.2411630153656006,1.0,1.0,1.0
21,52,-5.7247209548950195,6.74121618270874,0.6666666865348816,0.6666666865348816,1.0
21,53,-14.535726547241211,7.976760387420654,0.2857142984867096,0.8571429252624512,1.0
21,54,-9.033727645874023,20.312625885009766,0.3333333432674408,0.6666666865348816,1.0
21,55,-10.044111251831055,151.72286987304688,0.5,0.5,0.5
21,56,-17.622854232788086,33.939208984375,0.4000000059604645,0.6000000238418579,0.800000011920929
21,57,-1.70363187789917,5.4938645362854,1.0,1.0,1.0
21,58,-11.044388771057129,4.844140529632568,0.5714285969734192,1.0,1.0
21,59,-5.392950057983398,14.827373504638672,0.0,1.0,1.0
21,60,-1.822774052619934,1.297444224357605,1.0,1.0,1.0
21,61,-7.991415500640869,54.36430740356445,0.0,0.5,1.0
21,62,-4.604393005371094,99.92230987548828,0.0,1.0,1.0
21,63,-9.986145973205566,12.140373229980469,0.5,0.75,1.0
21,64,-0.7228812575340271,2.06036114692688,1.0,1.0,1.0
21,65,-5.345407485961914,14.47906494140625,0.0,1.0,1.0
21,66,-6.891741752624512,3.968341588973999,0.800000011920929,1.0,1.0
21,67,-10.235960006713867,7.746120452880859,0.800000011920929,0.800000011920929,0.800000011920929
21,68,-40.05855941772461,54.91881561279297,0.30000001192092896,0.6000000238418579,0.800000011920929
21,69,-21.457653045654297,35.74018096923828,0.5,0.6666666865348816,0.8333333730697632
21,70,-12.62087631225586,23.458175659179688,0.5,0.5,1.0
21,71,-8.2219877243042,61.007320404052734,0.5,0.5,0.5
21,72,-4.386666774749756,2.994168996810913,0.5,1.0,1.0
21,73,-7.13006067276001,1248.9527587890625,0.0,0.0,1.0
21,74,-15.024539947509766,42.78274917602539,0.25,0.75,0.75
21,75,-2.904977798461914,4.273737907409668,0.5,1.0,1.0
21,76,-2.234724521636963,2.106247901916504,0.6666666865348816,1.0,1.0
21,77,-9.414498329162598,4.802243232727051,0.6666666865348816,0.8333333730697632,1.0
21,78,-11.64562702178955,18.382640838623047,0.75,0.75,0.75
21,79,-5.7600202560424805,4.220716953277588,0.5,1.0,1.0
21,80,-5.906546115875244,7.162425994873047,0.6666666865348816,0.6666666865348816,1.0
21,81,-7.952811241149902,2.7022950649261475,0.5,1.0,1.0
21,82,-12.501676559448242,64.53614044189453,0.3333333432674408,0.3333333432674408,0.6666666865348816
21,83,-4.056728363037109,57.78494644165039,0.0,0.0,1.0
21,84,-12.761642456054688,12.83696174621582,0.4000000059604645,0.6000000238418579,0.800000011920929
21,85,-5.096139907836914,12.78240966796875,0.0,1.0,1.0
21,86,-26.932151794433594,14.779115676879883,0.699999988079071,0.699999988079071,0.9000000357627869
21,87,-10.903651237487793,4.747720241546631,0.5714285969734192,0.8571429252624512,1.0
21,88,-3.558079242706299,5.924164295196533,0.5,1.0,1.0
21,89,-36.35293960571289,1437.395263671875,0.20000000298023224,0.20000000298023224,0.800000011920929
21,90,-10.046895980834961,5.336033821105957,0.5,1.0,1.0
21,91,-1.8410776853561401,2.5106430053710938,0.5,1.0,1.0
21,92,-23.954925537109375,54.18952560424805,0.5,0.6666666865348816,0.6666666865348816
21,93,-1.8084475994110107,1.8272569179534912,0.6666666865348816,1.0,1.0
21,94,-7.2345733642578125,6.102163314819336,0.25,1.0,1.0
21,95,-5.783146858215332,18.021644592285156,0.5,0.5,1.0
21,96,-8.635420799255371,8.661216735839844,0.5,0.75,1.0
21,97,-9.26746654510498,10.143839836120605,0.5,0.75,1.0
21,98,-23.146595001220703,10.121477127075195,0.4000000059604645,0.9000000357627869,0.9000000357627869
21,99,-8.574777603149414,17.431156158447266,0.3333333432674408,1.0,1.0
21,100,-6.642778396606445,27.69880485534668,0.0,1.0,1.0
21,101,-8.547622680664062,8.473177909851074,0.25,1.0,1.0
21,102,-1.902500867843628,2.588945150375366,1.0,1.0,1.0
21,103,-0.6035023927688599,1.3522248268127441,1.0,1.0,1.0
21,104,-5.774427890777588,2.6179845333099365,0.6666666865348816,1.0,1.0
21,105,-11.093658447265625,40.36189651489258,0.3333333432674408,0.3333333432674408,1.0
21,106,-5.1171722412109375,12.917540550231934,0.5,0.5,1.0
21,107,-10.984933853149414,242.85556030273438,0.5,0.5,0.5
21,108,-4.815907001495361,11.111198425292969,0.5,0.5,1.0
21,109,-33.077903747558594,39.46138381958008,0.4444444477558136,0.5555555820465088,0.7777777910232544
21,110,-11.12561321258545,260.5530700683594,0.5,0.5,0.5
21,111,-15.429974555969238,21.889236450195312,0.20000000298023224,0.6000000238418579,1.0
21,112,-4.020646095275879,3.8198659420013428,0.6666666865348816,0.6666666865348816,1.0
21,113,-2.037421226501465,1.972181797027588,0.6666666865348816,1.0,1.0
21,114,-3.409681797027588,30.255617141723633,0.0,1.0,1.0
21,115,-12.07451057434082,418.74212646484375,0.0,0.5,0.5
21,116,-1.8487188816070557,2.5202531814575195,1.0,1.0,1.0
21,117,-10.025732040405273,2.162381410598755,0.8461538553237915,0.9230769872665405,1.0
21,118,-9.862388610839844,138.5448760986328,0.5,0.5,0.5
21,119,-1.6650619506835938,2.29913067817688,1.0,1.0,1.0
21,120,-23.947372436523438,19.953838348388672,0.5,0.75,0.875
21,121,-23.752307891845703,52.39012145996094,0.3333333432674408,0.5,0.8333333730697632
21,122,-7.704115867614746,3.6111249923706055,0.6666666865348816,1.0,1.0
21,123,-16.102436065673828,56.0144157409668,0.5,0.75,0.75
21,124,-9.050710678100586,6.111316204071045,0.6000000238418579,0.800000011920929,1.0
21,125,-9.731341361999512,11.391134262084961,0.5,0.75,1.0
21,126,-14.722511291503906,39.67129135131836,0.5,0.75,0.75
21,127,-3.589694023132324,3.3087306022644043,0.6666666865348816,1.0,1.0
21,128,-10.992242813110352,15.612325668334961,0.5,0.5,1.0
21,129,-2.9472103118896484,19.0527286529541,0.0,1.0,1.0
21,130,-12.533805847167969,65.23101806640625,0.6666666865348816,0.6666666865348816,0.6666666865348816
21,131,-9.141532897949219,6.223339080810547,0.6000000238418579,1.0,1.0
21,132,-4.374355316162109,79.38864135742188,0.0,0.0,1.0
21,133,-3.965610980987549,7.263091087341309,0.5,1.0,1.0
21,134,-11.615436553955078,332.8587646484375,0.0,0.0,1.0
21,135,-1.7568987607955933,1.796127438545227,0.6666666865348816,1.0,1.0
21,136,-6.728209495544434,28.90760612487793,0.0,0.5,1.0
21,137,-16.352018356323242,3554.640380859375,0.0,0.5,0.5
21,138,-6.322169303894043,8.226738929748535,0.6666666865348816,0.6666666865348816,1.0
21,139,-6.056495666503906,3.357844114303589,0.6000000238418579,1.0,1.0
21,140,-7.398594856262207,11.777586936950684,0.3333333432674408,0.6666666865348816,1.0
21,141,-8.90273666381836,9.25981616973877,0.25,1.0,1.0
21,142,-13.74088191986084,15.614130973815918,0.20000000298023224,0.800000011920929,1.0
21,143,-12.785162925720215,597.396728515625,0.0,0.5,1.0
21,144,-17.337661743164062,76.28035736083984,0.5,0.75,0.75
21,145,-22.983829498291016,9.958066940307617,0.5,0.800000011920929,1.0
21,146,-11.628328323364258,48.236183166503906,0.0,0.6666666865348816,1.0
21,147,-3.5927770137786865,6.027839183807373,0.5,1.0,1.0
21,148,-10.164047241210938,161.0997314453125,0.5,0.5,0.5
22,0,-8.989225387573242,89.53348541259766,0.5,0.5,0.5
22,1,-11.970287322998047,4.46507453918457,0.75,0.875,1.0
22,2,-10.741106986999512,214.98182678222656,0.5,0.5,0.5
22,3,-5.015649795532227,150.75405883789062,0.0,1.0,1.0
22,4,-8.385809898376465,66.21485900878906,0.5,0.5,1.0
22,5,-0.7656555771827698,1.4664254188537598,1.0,1.0,1.0
22,6,-3.382730007171631,3.0881638526916504,0.6666666865348816,1.0,1.0
22,7,-6.855903148651123,30.813459396362305,0.0,0.5,1.0
22,8,-11.363173484802246,9.704936981201172,0.4000000059604645,0.800000011920929,0.800000011920929
22,9,-0.07316091656684875,1.0372577905654907,1.0,1.0,1.0
22,10,-14.236921310424805,115.08147430419922,0.6666666865348816,0.6666666865348816,0.6666666865348816
22,11,-10.672212600708008,35.07204055786133,0.3333333432674408,0.6666666865348816,1.0
22,12,-1.5943583250045776,2.2192718982696533,1.0,1.0,1.0
22,13,-10.508227348327637,191.351806640625,0.5,0.5,1.0
22,14,-3.997379779815674,3.790355682373047,0.3333333432674408,1.0,1.0
22,15,-7.100298881530762,5.900722503662109,0.75,0.75,1.0
22,16,-6.065581321716309,7.552362442016602,0.6666666865348816,0.6666666865348816,1.0
22,17,-5.0110883712768555,5.314095497131348,0.6666666865348816,1.0,1.0
22,18,-3.383631467819214,2.330092191696167,0.5,1.0,1.0
22,19,-10.949165344238281,6.201932907104492,0.6666666865348816,0.8333333730697632,1.0
22,20,-3.9645683765411377,2.694309949874878,0.75,1.0,1.0
22,21,-5.173624038696289,5.609947204589844,0.6666666865348816,0.6666666865348816,1.0
22,22,-5.623292922973633,16.63728904724121,0.5,0.5,1.0
22,23,-13.30140495300293,9.178840637207031,0.5,0.8333333730697632,1.0
22,24,-1.5859718322753906,4.884035587310791,0.0,1.0,1.0
22,25,-28.842430114746094,6.065711498260498,0.4375,0.875,1.0
22,26,-0.9094904065132141,1.5757719278335571,1.0,1.0,1.0
22,27,-7.159027576446533,5.987997055053711,0.5,0.75,1.0
22,28,-8.298697471618652,15.898622512817383,0.0,0.6666666865348816,1.0
22,29,-1.500100016593933,4.482137203216553,0.0,1.0,1.0
22,30,-9.011397361755371,90.53157043457031,0.5,0.5,0.5
22,31,-0.7254762649536133,1.4372594356536865,1.0,1.0,1.0
22,32,-6.594191551208496,27.034011840820312,0.5,0.5,1.0
22,33,-1.2647392749786377,1.8820650577545166,1.0,1.0,1.0
22,34,-1.750685453414917,5.758548736572266,0.0,1.0,1.0
22,35,-4.30617618560791,8.611410140991211,0.5,0.5,1.0
22,36,-5.625081539154053,4.080707550048828,0.75,0.75,1.0
22,37,-4.297809600830078,4.189591407775879,0.6666666865348816,0.6666666865348816,1.0
22,38,-12.573978424072266,23.18474769592285,0.25,0.5,1.0
22,39,-2.630756378173828,3.7261600494384766,0.5,1.0,1.0
22,40,-15.345003128051758,166.5009765625,0.0,0.3333333432674408,0.6666666865348816
22,41,-17.774112701416016,19.343414306640625,0.5,0.6666666865348816,1.0
22,42,-7.256889343261719,37.654205322265625,0.5,0.5,1.0
22,43,-4.948653221130371,2.690509796142578,0.800000011920929,1.0,1.0
22,44,-8.43933391571045,68.01083374023438,0.0,0.5,1.0
22,45,-7.482127666473389,42.142799377441406,0.5,0.5,1.0
22,46,-19.303916931152344,11.167296409606934,0.5,0.625,1.0
22,47,-16.16077423095703,14.782771110534668,0.3333333432674408,0.8333333730697632,1.0
22,48,-5.403183937072754,222.1125030517578,0.0,0.0,1.0
22,49,-10.624367713928223,202.79261779785156,0.0,0.0,1.0
22,50,-5.753772735595703,17.758892059326172,0.5,0.5,1.0
22,51,-0.44147029519081116,1.246993064880371,1.0,1.0,1.0
22,52,-5.432274341583252,6.115081787109375,0.6666666865348816,0.6666666865348816,1.0
22,53,-15.543315887451172,9.21169376373291,0.2857142984867096,0.8571429252624512,1.0
22,54,-8.884702682495117,19.3282470703125,0.3333333432674408,0.6666666865348816,1.0
22,55,-10.156075477600098,160.45889282226562,0.5,0.5,0.5
22,56,-17.31753921508789,31.928783416748047,0.4000000059604645,0.6000000238418579,0.800000011920929
22,57,-1.6833103895187378,5.383347511291504,1.0,1.0,1.0
22,58,-10.975164413452148,4.796472072601318,0.5714285969734192,1.0,1.0
22,59,-5.465704441070557,15.376683235168457,0.0,1.0,1.0
22,60,-1.7637767791748047,1.2865550518035889,1.0,1.0,1.0
22,61,-7.946267127990723,53.150821685791016,0.0,0.5,1.0
22,62,-4.580007076263428,97.51509094238281,0.0,1.0,1.0
22,63,-9.899959564208984,11.881587028503418,0.5,0.75,1.0
22,64,-0.7083572745323181,2.0306525230407715,1.0,1.0,1.0
22,65,-5.328883647918701,14.359931945800781,0.0,1.0,1.0
22,66,-6.867638111114502,3.9492576122283936,0.800000011920929,1.0,1.0
22,67,-10.41811752319336,8.033524513244629,0.800000011920929,0.800000011920929,0.800000011920929
22,68,-39.718414306640625,53.08218002319336,0.30000001192092896,0.6000000238418579,0.800000011920929
22,69,-21.329872131347656,34.9870719909668,0.5,0.6666666865348816,0.8333333730697632
22,70,-12.626036643981934,23.48845863342285,0.5,0.5,1.0
22,71,-8.207603454589844,60.57012176513672,0.5,0.5,0.5
22,72,-4.279362678527832,2.914915084838867,0.5,1.0,1.0
22,73,-7.1596527099609375,1286.464111328125,0.0,0.0,1.0
22,74,-15.11320686340332,43.74169158935547,0.25,0.75,0.75
22,75,-2.8038370609283447,4.062987327575684,1.0,1.0,1.0
22,76,-2.203719139099121,2.084591865539551,0.6666666865348816,1.0,1.0
22,77,-8.807500839233398,4.340184211730957,0.6666666865348816,0.8333333730697632,1.0
22,78,-11.583717346191406,18.10031509399414,0.75,0.75,0.75
22,79,-5.572923183441162,4.0278425216674805,0.5,1.0,1.0
22,80,-5.932094573974609,7.2236833572387695,0.6666666865348816,0.6666666865348816,1.0
22,81,-7.577646255493164,2.5784947872161865,0.5,1.0,1.0
22,82,-12.455523490905762,63.550899505615234,0.3333333432674408,0.3333333432674408,0.6666666865348816
22,83,-4.100326061248779,60.35996627807617,0.0,0.0,1.0
22,84,-12.694080352783203,12.664667129516602,0.4000000059604645,0.6000000238418579,1.0
22,85,-4.90584659576416,11.622272491455078,0.0,1.0,1.0
22,86,-26.916728973388672,14.756340026855469,0.699999988079071,0.699999988079071,0.9000000357627869
22,87,-10.878033638000488,4.730376243591309,0.5714285969734192,0.8571429252624512,1.0
22,88,-3.5517313480377197,5.905391216278076,0.5,1.0,1.0
22,89,-36.6384391784668,1521.8587646484375,0.20000000298023224,0.20000000298023224,0.800000011920929
22,90,-9.998916625976562,5.293534278869629,0.5,1.0,1.0
22,91,-1.7763168811798096,2.430649518966675,0.5,1.0,1.0
22,92,-23.9080810546875,53.76809310913086,0.5,0.6666666865348816,0.6666666865348816
22,93,-1.7661858797073364,1.8016963005065918,0.6666666865348816,1.0,1.0
22,94,-7.694812297821045,6.846263885498047,0.25,1.0,1.0
22,95,-5.699761390686035,17.285720825195312,0.5,0.5,1.0
22,96,-8.700810432434082,8.80396842956543,0.5,0.75,1.0
22,97,-9.254983901977539,10.112234115600586,0.5,0.75,1.0
22,98,-22.849685668945312,9.825377464294434,0.4000000059604645,0.800000011920929,0.9000000357627869
22,99,-8.456809997558594,16.75901985168457,0.3333333432674408,1.0,1.0
22,100,-6.628150939941406,27.496959686279297,0.0,1.0,1.0
22,101,-8.22014045715332,7.807111740112305,0.25,1.0,1.0
22,102,-1.9182813167572021,2.6094532012939453,1.0,1.0,1.0
22,103,-0.588559627532959,1.3421595096588135,1.0,1.0,1.0
22,104,-5.567592620849609,2.529273509979248,0.8333333730697632,1.0,1.0
22,105,-10.842058181762695,37.11493682861328,0.3333333432674408,0.3333333432674408,1.0
22,106,-5.051638603210449,12.50113296508789,0.5,0.5,1.0
22,107,-11.147732734680176,263.45074462890625,0.5,0.5,0.5
22,108,-4.881743431091309,11.483046531677246,0.5,0.5,1.0
22,109,-33.381629943847656,40.81583023071289,0.4444444477558136,0.5555555820465088,0.7777777910232544
22,110,-10.953741073608398,239.0972900390625,0.5,0.5,0.5
22,111,-15.330080032348633,21.45625114440918,0.20000000298023224,0.6000000238418579,1.0
22,112,-3.8042800426483154,3.554069757461548,0.6666666865348816,1.0,1.0
22,113,-2.037698984146118,1.9723644256591797,0.6666666865348816,1.0,1.0
22,114,-3.4057300090789795,30.136287689208984,0.0,1.0,1.0
22,115,-12.194418907165527,444.6153259277344,0.0,0.5,0.5
22,116,-1.825870394706726,2.4916253089904785,1.0,1.0,1.0
22,117,-10.023659706115723,2.162036895751953,0.8461538553237915,0.9230769872665405,1.0
22,118,-9.82983112335205,136.30780029296875,0.5,0.5,0.5
22,119,-1.6657711267471313,2.299945831298828,1.0,1.0,1.0
22,120,-23.629261016845703,19.17596435546875,0.5,0.75,0.875
22,121,-23.563888549804688,50.77046585083008,0.3333333432674408,0.5,1.0
22,122,-7.605466365814209,3.5522377490997314,0.6666666865348816,1.0,1.0
22,123,-16.18659210205078,57.20538330078125,0.5,0.75,0.75
22,124,-9.197105407714844,6.292893886566162,0.6000000238418579,0.800000011920929,1.0
22,125,-9.706847190856934,11.321593284606934,0.5,0.75,1.0
22,126,-14.738353729248047,39.8287239074707,0.5,0.75,0.75
22,127,-3.542552947998047,3.2571446895599365,0.6666666865348816,1.0,1.0
22,128,-11.15986442565918,16.280467987060547,0.5,0.5,1.0
22,129,-2.9261996746063232,18.65659523010254,0.0,1.0,1.0
22,130,-12.56948471069336,66.01145935058594,0.6666666865348816,0.6666666865348816,0.6666666865348816
22,131,-9.231874465942383,6.336806297302246,0.6000000238418579,1.0,1.0
22,132,-4.166377067565918,64.48141479492188,0.0,1.0,1.0
22,133,-3.8564529418945312,6.877302169799805,0.5,1.0,1.0
22,134,-11.622908592224121,334.1046447753906,0.0,0.0,1.0
22,135,-1.6618601083755493,1.7401188611984253,0.6666666865348816,1.0,1.0
22,136,-6.748103141784668,29.196578979492188,0.0,1.0,1.0
22,137,-15.97415828704834,2942.689208984375,0.0,0.5,0.5
22,138,-6.27234411239624,8.091235160827637,0.6666666865348816,0.6666666865348816,1.0
22,139,-6.0022430419921875,3.3216068744659424,0.6000000238418579,1.0,1.0
22,140,-7.3428802490234375,11.560877799987793,0.3333333432674408,0.6666666865348816,1.0
22,141,-8.9760160446167,9.431017875671387,0.25,1.0,1.0
22,142,-13.922173500061035,16.190664291381836,0.20000000298023224,0.800000011920929,1.0
22,143,-12.76511001586914,591.4368896484375,0.0,0.5,1.0
22,144,-17.19415283203125,73.5921401977539,0.5,0.75,0.75
22,145,-22.49382781982422,9.481881141662598,0.5,0.800000011920929,1.0
22,146,-11.731718063354492,49.92753982543945,0.0,0.6666666865348816,1.0
22,147,-3.4773502349853516,5.689800262451172,0.5,1.0,1.0
22,148,-10.16897964477539,161.4975128173828,0.5,0.5,0.5
23,0,-9.183029174804688,98.64372253417969,0.5,0.5,0.5
23,1,-11.827977180480957,4.386348247528076,0.75,0.875,1.0
23,2,-10.746877670288086,215.60301208496094,0.5,0.5,0.5
23,3,-5.045499324798584,155.3218231201172,0.0,1.0,1.0
23,4,-8.58281421661377,73.0692138671875,0.5,0.5,1.0
23,5,-0.7245153188705444,1.436569094657898,1.0,1.0,1.0
23,6,-2.9976649284362793,2.7161667346954346,0.6666666865348816,1.0,1.0
23,7,-6.727235317230225,28.893529891967773,0.0,0.5,1.0
23,8,-11.289401054382324,9.562796592712402,0.4000000059604645,0.800000011920929,0.800000011920929
23,9,-0.06850996613502502,1.0348483324050903,1.0,1.0,1.0
23,10,-14.09521198272705,109.7718276977539,0.6666666865348816,0.6666666865348816,0.6666666865348816
23,11,-10.536551475524902,33.52139663696289,0.3333333432674408,0.6666666865348816,1.0
23,12,-1.4858651161193848,2.102090835571289,1.0,1.0,1.0
23,13,-10.606645584106445,201.00360107421875,0.5,0.5,1.0
23,14,-3.953054666519165,3.73476505279541,0.3333333432674408,1.0,1.0
23,15,-7.0964274406433105,5.89501428604126,0.75,0.75,1.0
23,16,-6.056060791015625,7.528433799743652,0.6666666865348816,0.6666666865348816,1.0
23,17,-5.0254011154174805,5.339509010314941,0.6666666865348816,1.0,1.0
23,18,-3.3420486450195312,2.305994749069214,0.5,1.0,1.0
23,19,-10.686933517456055,5.936713218688965,0.6666666865348816,0.8333333730697632,1.0
23,20,-3.881504535675049,2.638936996459961,0.75,1.0,1.0
23,21,-5.200071811676025,5.659623146057129,0.6666666865348816,0.6666666865348816,1.0
23,22,-5.743453025817871,17.66749382019043,0.5,0.5,1.0
23,23,-13.11286735534668,8.894899368286133,0.5,0.8333333730697632,1.0
23,24,-1.607791543006897,4.991775035858154,0.0,1.0,1.0
23,25,-28.997604370117188,6.124825477600098,0.4375,0.875,1.0
23,26,-0.8468630909919739,1.5271931886672974,1.0,1.0,1.0
23,27,-7.033408164978027,5.8028669357299805,0.75,0.75,1.0
23,28,-8.313176155090332,15.975540161132812,0.0,0.6666666865348816,1.0
23,29,-1.4814881086349487,4.3994879722595215,0.0,1.0,1.0
23,30,-8.987236976623535,89.44451904296875,0.5,0.5,0.5
23,31,-0.7133623957633972,1.428580403327942,1.0,1.0,1.0
23,32,-6.4809770584106445,25.54619789123535,0.5,0.5,1.0
23,33,-1.2889244556427002,1.904962182044983,1.0,1.0,1.0
23,34,-1.7279765605926514,5.629251956939697,0.0,1.0,1.0
23,35,-4.273273944854736,8.470901489257812,0.5,0.5,1.0
23,36,-5.626372814178467,4.082025051116943,0.75,1.0,1.0
23,37,-4.318490028381348,4.218571662902832,0.6666666865348816,0.6666666865348816,1.0
23,38,-12.520537376403809,22.877052307128906,0.25,0.5,1.0
23,39,-2.619734764099121,3.7056822776794434,0.5,1.0,1.0
23,40,-15.467414855957031,173.4353790283203,0.0,0.3333333432674408,0.6666666865348816
23,41,-17.14918327331543,17.430076599121094,0.5,0.6666666865348816,1.0
23,42,-7.2911224365234375,38.304264068603516,0.5,0.5,1.0
23,43,-4.813167095184326,2.6185832023620605,0.800000011920929,1.0,1.0
23,44,-8.475132942199707,69.23915100097656,0.0,0.5,1.0
23,45,-7.446923732757568,41.407493591308594,0.5,0.5,1.0
23,46,-19.35363006591797,11.236908912658691,0.5,0.625,1.0
23,47,-16.185718536376953,14.844355583190918,0.5,0.8333333730697632,1.0
23,48,-5.421165466308594,226.1425323486328,0.0,0.0,1.0
23,49,-10.378645896911621,179.34707641601562,0.0,0.0,1.0
23,50,-5.704460620880127,17.32638168334961,0.5,0.5,1.0
23,51,-0.4507063627243042,1.25276517868042,1.0,1.0,1.0
23,52,-5.2118330001831055,5.681854724884033,0.6666666865348816,0.6666666865348816,1.0
23,53,-15.983424186706543,9.809452056884766,0.2857142984867096,0.8571429252624512,1.0
23,54,-8.799829483032227,18.789091110229492,0.3333333432674408,0.6666666865348816,1.0
23,55,-10.05592155456543,152.6214599609375,0.5,0.5,0.5
23,56,-17.25638198852539,31.54062271118164,0.4000000059604645,0.6000000238418579,0.800000011920929
23,57,-1.6751413345336914,5.339549541473389,1.0,1.0,1.0
23,58,-11.02518081665039,4.83086633682251,0.5714285969734192,1.0,1.0
23,59,-5.448769569396973,15.247031211853027,0.0,1.0,1.0
23,60,-1.7291622161865234,1.2802088260650635,1.0,1.0,1.0
23,61,-7.850651741027832,50.66958999633789,0.5,0.5,1.0
23,62,-4.563437461853027,95.91260528564453,0.0,1.0,1.0
23,63,-9.783133506774902,11.539586067199707,0.5,0.75,1.0
23,64,-0.7248517274856567,2.064424991607666,1.0,1.0,1.0
23,65,-5.294018745422363,14.111772537231445,0.0,1.0,1.0
23,66,-6.959683418273926,4.022633075714111,0.800000011920929,1.0,1.0
23,67,-10.458925247192383,8.099358558654785,0.800000011920929,0.800000011920929,0.800000011920929
23,68,-39.126617431640625,50.03194808959961,0.30000001192092896,0.6000000238418579,0.800000011920929
23,69,-21.1717586517334,34.07712936401367,0.5,0.6666666865348816,0.8333333730697632
23,70,-12.669403076171875,23.744495391845703,0.5,0.5,1.0
23,71,-8.193212509155273,60.13585662841797,0.5,0.5,0.5
23,72,-4.19020938873291,2.8506650924682617,0.5,1.0,1.0
23,73,-7.12229061126709,1239.285888671875,0.0,0.0,1.0
23,74,-15.187551498413086,44.56228256225586,0.25,0.75,0.75
23,75,-2.7652697563171387,3.98538875579834,1.0,1.0,1.0
23,76,-2.094012498855591,2.009737730026245,0.6666666865348816,1.0,1.0
23,77,-8.027152061462402,3.8108744621276855,0.6666666865348816,0.8333333730697632,1.0
23,78,-11.616606712341309,18.249755859375,0.75,0.75,0.75
23,79,-5.502782821655273,3.957828998565674,0.5,1.0,1.0
23,80,-5.941590785980225,7.246584892272949,0.6666666865348816,0.6666666865348816,1.0
23,81,-7.237577438354492,2.4711835384368896,0.625,1.0,1.0
23,82,-12.341876983642578,61.188472747802734,0.3333333432674408,0.3333333432674408,0.6666666865348816
23,83,-4.052742004394531,57.555057525634766,0.0,0.0,1.0
23,84,-12.700394630432129,12.680670738220215,0.4000000059604645,0.6000000238418579,1.0
23,85,-4.784462928771973,10.937874794006348,0.0,1.0,1.0
23,86,-26.82533073425293,14.622084617614746,0.699999988079071,0.699999988079071,0.9000000357627869
23,87,-10.888252258300781,4.7372870445251465,0.5714285969734192,0.8571429252624512,1.0
23,88,-3.5228207111358643,5.820641040802002,0.5,1.0,1.0
23,89,-36.775611877441406,1564.188720703125,0.20000000298023224,0.20000000298023224,0.800000011920929
23,90,-9.974002838134766,5.271599769592285,0.5,1.0,1.0
23,91,-1.6744446754455566,2.3099417686462402,0.5,1.0,1.0
23,92,-23.932186126708984,53.98453903198242,0.5,0.6666666865348816,0.6666666865348816
23,93,-1.7228375673294067,1.7758500576019287,0.6666666865348816,1.0,1.0
23,94,-8.209129333496094,7.785650730133057,0.25,1.0,1.0
23,95,-5.553656101226807,16.067974090576172,0.5,0.5,1.0
23,96,-8.79288387298584,9.00897216796875,0.5,0.75,1.0
23,97,-9.265303611755371,10.13835620880127,0.5,0.75,1.0
23,98,-22.57931137084961,9.563283920288086,0.5,0.800000011920929,0.9000000357627869
23,99,-8.533594131469727,17.193498611450195,0.3333333432674408,1.0,1.0
23,100,-6.763728618621826,29.425579071044922,0.0,1.0,1.0
23,101,-8.07835578918457,7.535227298736572,0.25,1.0,1.0
23,102,-1.900608777999878,2.5864970684051514,1.0,1.0,1.0
23,103,-0.5554752349853516,1.3201398849487305,1.0,1.0,1.0
23,104,-5.357388019561768,2.44219708442688,0.8333333730697632,1.0,1.0
23,105,-10.721220016479492,35.64967346191406,0.3333333432674408,0.3333333432674408,1.0
23,106,-5.022594451904297,12.320902824401855,0.5,0.5,1.0
23,107,-11.234782218933105,275.1705627441406,0.5,0.5,0.5
23,108,-4.874868392944336,11.443641662597656,0.5,0.5,1.0
23,109,-33.48485565185547,41.28666687011719,0.4444444477558136,0.5555555820465088,0.7777777910232544
23,110,-10.794567108154297,220.80580139160156,0.5,0.5,0.5
23,111,-15.324493408203125,21.43229103088379,0.20000000298023224,0.6000000238418579,1.0
23,112,-3.587082862854004,3.305852174758911,0.6666666865348816,1.0,1.0
23,113,-2.1121442317962646,2.021921157836914,0.6666666865348816,1.0,1.0
23,114,-3.4824180603027344,32.53830337524414,0.0,1.0,1.0
23,115,-12.144308090209961,433.61370849609375,0.0,0.5,0.5
23,116,-1.8168952465057373,2.480468988418579,1.0,1.0,1.0
23,117,-10.029823303222656,2.16306209564209,0.8461538553237915,0.9230769872665405,1.0
23,118,-9.728590965270996,129.57962036132812,0.5,0.5,0.5
23,119,-1.6636388301849365,2.297495126724243,1.0,1.0,1.0
23,120,-23.237464904785156,18.259456634521484,0.5,0.75,0.875
23,121,-23.271892547607422,48.35882568359375,0.3333333432674408,0.5,1.0
23,122,-7.631671905517578,3.567786455154419,0.6666666865348816,1.0,1.0
23,123,-16.169065475463867,56.95527648925781,0.5,0.75,0.75
23,124,-9.25640869140625,6.367976665496826,0.6000000238418579,0.800000011920929,1.0
23,125,-9.58564567565918,10.98369026184082,0.5,0.75,1.0
23,126,-14.82962417602539,40.74797058105469,0.5,0.75,0.75
23,127,-3.4877676963806152,3.1982033252716064,0.6666666865348816,1.0,1.0
23,128,-11.165478706359863,16.303333282470703,0.5,0.5,1.0
23,129,-2.928330898284912,18.69639778137207,0.0,1.0,1.0
23,130,-12.48731517791748,64.22795104980469,0.6666666865348816,0.6666666865348816,0.6666666865348816
23,131,-9.13063907623291,6.209794521331787,0.6000000238418579,1.0,1.0
23,132,-3.9203298091888428,50.41706848144531,0.0,1.0,1.0
23,133,-3.7936744689941406,6.6647820472717285,0.5,1.0,1.0
23,134,-11.602300643920898,330.6797180175781,0.0,0.0,1.0
23,135,-1.6488207578659058,1.7325718402862549,0.6666666865348816,1.0,1.0
23,136,-6.746204376220703,29.168874740600586,0.0,1.0,1.0
23,137,-15.538326263427734,2366.489990234375,0.0,0.5,0.5
23,138,-6.335849285125732,8.264338493347168,0.6666666865348816,0.6666666865348816,1.0
23,139,-5.968721389770508,3.299412250518799,0.6000000238418579,1.0,1.0
23,140,-7.225276947021484,11.11644458770752,0.3333333432674408,1.0,1.0
23,141,-9.036453247070312,9.57459545135498,0.25,1.0,1.0
23,142,-14.05172061920166,16.615636825561523,0.20000000298023224,0.800000011920929,1.0
23,143,-12.722917556762695,579.0905151367188,0.0,0.5,1.0
23,144,-17.156776428222656,72.9076919555664,0.5,0.75,0.75
23,145,-22.306652069091797,9.30605411529541,0.5,0.800000011920929,1.0
23,146,-11.68208122253418,49.108245849609375,0.0,0.6666666865348816,1.0
23,147,-3.447664737701416,5.605971336364746,0.5,1.0,1.0
23,148,-10.208362579345703,164.70916748046875,0.5,0.5,0.5
24,0,-9.243546485900879,101.67416381835938,0.5,0.5,0.5
24,1,-11.563167572021484,4.243532180786133,0.75,0.875,1.0
24,2,-10.75556755065918,216.54183959960938,0.5,0.5,0.5
24,3,-5.081823825836182,161.0675506591797,0.0,1.0,1.0
24,4,-8.798298835754395,81.38162231445312,0.5,0.5,1.0
24,5,-0.674954891204834,1.4014079570770264,1.0,1.0,1.0
24,6,-2.662602186203003,2.4291324615478516,0.6666666865348816,1.0,1.0
24,7,-6.544593811035156,26.371843338012695,0.5,0.5,1.0
24,8,-11.206025123596191,9.404657363891602,0.4000000059604645,0.800000011920929,0.800000011920929
24,9,-0.06782465428113937,1.0344938039779663,1.0,1.0,1.0
24,10,-14.014763832092285,106.86730194091797,0.6666666865348816,0.6666666865348816,0.6666666865348816
24,11,-10.416831016540527,32.209999084472656,0.3333333432674408,0.6666666865348816,1.0
24,12,-1.4361181259155273,2.0504496097564697,1.0,1.0,1.0
24,13,-10.525983810424805,193.05824279785156,0.5,0.5,1.0
24,14,-3.8838467597961426,3.649592876434326,0.3333333432674408,1.0,1.0
24,15,-7.037049293518066,5.8081512451171875,0.75,0.75,1.0
24,16,-5.967456817626953,7.309335231781006,0.6666666865348816,0.6666666865348816,1.0
24,17,-5.03730583190918,5.360739231109619,0.6666666865348816,1.0,1.0
24,18,-3.2389168739318848,2.2472994327545166,0.75,1.0,1.0
24,19,-10.451971054077148,5.7087225914001465,0.6666666865348816,0.8333333730697632,1.0
24,20,-3.78171443939209,2.573916435241699,0.75,1.0,1.0
24,21,-5.262628555297852,5.7788777351379395,0.6666666865348816,0.6666666865348816,1.0
24,22,-5.8833537101745605,18.947593688964844,0.5,0.5,1.0
24,23,-13.00061321258545,8.730030059814453,0.5,0.8333333730697632,1.0
24,24,-1.6566253900527954,5.241592884063721,0.0,1.0,1.0
24,25,-29.270509719848633,6.230190277099609,0.4375,0.9375,1.0
24,26,-0.8300880193710327,1.5144374370574951,1.0,1.0,1.0
24,27,-6.946834087371826,5.678621768951416,0.75,1.0,1.0
24,28,-8.359702110290527,16.225229263305664,0.0,0.6666666865348816,1.0
24,29,-1.3892526626586914,4.011850833892822,0.0,1.0,1.0
24,30,-9.028741836547852,91.32010650634766,0.5,0.5,0.5
24,31,-0.6989040374755859,1.418290138244629,1.0,1.0,1.0
24,32,-6.374284744262695,24.219118118286133,0.5,0.5,1.0
24,33,-1.2590497732162476,1.8767187595367432,1.0,1.0,1.0
24,34,-1.6877869367599487,5.407500267028809,0.0,1.0,1.0
24,35,-4.2480363845825195,8.364681243896484,0.5,0.5,1.0
24,36,-5.617517471313477,4.072998046875,0.75,1.0,1.0
24,37,-4.33051061630249,4.235508918762207,0.6666666865348816,0.6666666865348816,1.0
24,38,-12.503558158874512,22.7801513671875,0.25,0.5,1.0
24,39,-2.6250104904174805,3.715470314025879,0.5,1.0,1.0
24,40,-15.457576751708984,172.8675079345703,0.0,0.3333333432674408,0.6666666865348816
24,41,-16.60798454284668,15.926709175109863,0.5,0.6666666865348816,1.0
24,42,-7.334122180938721,39.13671875,0.5,0.5,1.0
24,43,-4.633408069610596,2.5261127948760986,0.800000011920929,1.0,1.0
24,44,-8.45351791381836,68.494873046875,0.0,0.5,1.0
24,45,-7.3169403076171875,38.801937103271484,0.5,0.5,1.0
24,46,-19.243165969848633,11.082816123962402,0.5,0.625,1.0
24,47,-16.696279525756836,16.16281509399414,0.5,0.8333333730697632,1.0
24,48,-5.403951644897461,222.2830810546875,0.0,0.0,1.0
24,49,-10.095636367797852,155.6824188232422,0.0,0.0,1.0
24,50,-5.606536865234375,16.498483657836914,0.5,0.5,1.0
24,51,-0.4229821562767029,1.2355189323425293,1.0,1.0,1.0
24,52,-5.0284929275512695,5.345014572143555,0.6666666865348816,0.6666666865348816,1.0
24,53,-16.36579132080078,10.360187530517578,0.2857142984867096,0.8571429252624512,1.0
24,54,-8.70208740234375,18.18679428100586,0.3333333432674408,0.6666666865348816,1.0
24,55,-9.957993507385254,145.32850646972656,0.5,0.5,0.5
24,56,-17.140024185180664,30.815099716186523,0.4000000059604645,0.6000000238418579,0.800000011920929
24,57,-1.7261613607406616,5.619042873382568,1.0,1.0,1.0
24,58,-10.987381935119629,4.8048505783081055,0.5714285969734192,1.0,1.0
24,59,-5.423214912414551,15.053454399108887,0.0,1.0,1.0
24,60,-1.6730622053146362,1.2699898481369019,1.0,1.0,1.0
24,61,-7.702139377593994,47.043357849121094,0.5,0.5,1.0
24,62,-4.51218318939209,91.12053680419922,0.0,1.0,1.0
24,63,-9.691450119018555,11.278097152709961,0.5,0.75,1.0
24,64,-0.7345016002655029,2.0844428539276123,1.0,1.0,1.0
24,65,-5.232863426208496,13.686798095703125,0.0,1.0,1.0
24,66,-6.978734493255615,4.037989616394043,0.800000011920929,1.0,1.0
24,67,-10.59238052368164,8.318451881408691,0.800000011920929,0.800000011920929,0.800000011920929
24,68,-38.8488655090332,48.66141891479492,0.30000001192092896,0.6000000238418579,0.800000011920929
24,69,-21.047243118286133,33.377227783203125,0.5,0.6666666865348816,0.8333333730697632
24,70,-12.63673210144043,23.551349639892578,0.5,0.5,1.0
24,71,-8.167439460754395,59.365882873535156,0.5,0.5,0.5
24,72,-4.03965950012207,2.7453672885894775,0.5,1.0,1.0
24,73,-7.089746475219727,1199.6036376953125,0.0,0.0,1.0
24,74,-15.204813003540039,44.7550048828125,0.25,0.75,0.75
24,75,-2.6856043338775635,3.8297600746154785,1.0,1.0,1.0
24,76,-2.074629068374634,1.99679434299469,0.6666666865348816,1.0,1.0
24,77,-7.372906684875488,3.417187213897705,0.6666666865348816,1.0,1.0
24,78,-11.587902069091797,18.119260787963867,0.75,0.75,0.75
24,79,-5.358523368835449,3.817633867263794,0.5,1.0,1.0
24,80,-5.897051811218262,7.13979434967041,0.6666666865348816,0.6666666865348816,1.0
24,81,-6.985169410705566,2.394432306289673,0.625,1.0,1.0
24,82,-12.282186508178711,59.983070373535156,0.3333333432674408,0.3333333432674408,0.6666666865348816
24,83,-3.961095094680786,52.514801025390625,0.0,1.0,1.0
24,84,-12.531482696533203,12.259445190429688,0.4000000059604645,0.6000000238418579,1.0
24,85,-4.66131591796875,10.284706115722656,0.0,1.0,1.0
24,86,-26.890607833862305,14.71784496307373,0.699999988079071,0.699999988079071,0.9000000357627869
24,87,-10.884588241577148,4.734807968139648,0.5714285969734192,0.8571429252624512,1.0
24,88,-3.4817516803741455,5.702335834503174,0.5,1.0,1.0
24,89,-36.881797790527344,1597.7623291015625,0.20000000298023224,0.20000000298023224,0.6000000238418579
24,90,-10.154569625854492,5.432656288146973,0.5,1.0,1.0
24,91,-1.545701503753662,2.1659319400787354,1.0,1.0,1.0
24,92,-23.8443660736084,53.200138092041016,0.5,0.6666666865348816,0.6666666865348816
24,93,-1.6296119689941406,1.7215137481689453,0.6666666865348816,1.0,1.0
24,94,-8.84969425201416,9.137835502624512,0.25,1.0,1.0
24,95,-5.488622665405273,15.553898811340332,0.5,0.5,1.0
24,96,-8.87234115600586,9.189718246459961,0.5,0.75,1.0
24,97,-9.256975173950195,10.117269515991211,0.5,0.75,1.0
24,98,-22.38507843017578,9.379323959350586,0.5,0.800000011920929,1.0
24,99,-8.425175666809082,16.583227157592773,0.3333333432674408,1.0,1.0
24,100,-6.754846096038818,29.295183181762695,0.0,1.0,1.0
24,101,-7.8220038414001465,7.067458629608154,0.25,1.0,1.0
24,102,-1.889453649520874,2.572110652923584,1.0,1.0,1.0
24,103,-0.5316597819328308,1.3045130968093872,1.0,1.0,1.0
24,104,-5.198984146118164,2.3785650730133057,0.8333333730697632,1.0,1.0
24,105,-10.43982982635498,32.45787811279297,0.3333333432674408,0.3333333432674408,1.0
24,106,-4.997681140899658,12.168377876281738,0.5,0.5,1.0
24,107,-11.261039733886719,278.8070373535156,0.5,0.5,0.5
24,108,-4.963849067687988,11.96426773071289,0.5,0.5,1.0
24,109,-33.58598327636719,41.753196716308594,0.4444444477558136,0.5555555820465088,0.7777777910232544
24,110,-10.66132926940918,206.57522583007812,0.5,0.5,0.5
24,111,-15.179553985595703,20.81993293762207,0.4000000059604645,0.6000000238418579,1.0
24,112,-3.5084662437438965,3.2203457355499268,0.6666666865348816,1.0,1.0
24,113,-2.114598512649536,2.023575782775879,0.6666666865348816,1.0,1.0
24,114,-3.4455525875091553,31.360607147216797,0.0,1.0,1.0
24,115,-12.056814193725586,415.0533752441406,0.0,0.5,0.5
24,116,-1.8430275917053223,2.513091802597046,0.5,1.0,1.0
24,117,-9.998388290405273,2.1578378677368164,0.8461538553237915,0.9230769872665405,1.0
24,118,-9.697527885437012,127.58259582519531,0.5,0.5,0.5
24,119,-1.6613714694976807,2.294891834259033,1.0,1.0,1.0
24,120,-22.888530731201172,17.48015785217285,0.5,0.75,0.875
24,121,-23.105327606201172,47.034812927246094,0.3333333432674408,0.5,1.0
24,122,-7.6513190269470215,3.5794882774353027,0.6666666865348816,1.0,1.0
24,123,-16.213623046875,57.5932731628418,0.5,0.75,0.75
24,124,-9.264236450195312,6.377954006195068,0.6000000238418579,0.800000011920929,1.0
24,125,-9.579545021057129,10.966950416564941,0.5,0.75,1.0
24,126,-14.754477500915527,39.989601135253906,0.5,0.75,0.75
24,127,-3.4908461570739746,3.201486825942993,0.6666666865348816,1.0,1.0
24,128,-11.231969833374023,16.57660675048828,0.5,0.5,1.0
24,129,-2.9117283821105957,18.388553619384766,0.0,1.0,1.0
24,130,-12.540238380432129,65.37104797363281,0.6666666865348816,0.6666666865348816,0.6666666865348816
24,131,-9.155387878417969,6.240607738494873,0.6000000238418579,1.0,1.0
24,132,-3.6722655296325684,39.3409309387207,0.0,1.0,1.0
24,133,-3.6864633560180664,6.316919803619385,0.5,1.0,1.0
24,134,-11.537699699401855,320.1692810058594,0.0,0.0,1.0
24,135,-1.5908809900283813,1.699431300163269,0.6666666865348816,1.0,1.0
24,136,-6.73648738861084,29.02750015258789,0.0,1.0,1.0
24,137,-15.270160675048828,2069.537353515625,0.0,0.5,0.5
24,138,-6.253806114196777,8.041391372680664,0.6666666865348816,0.6666666865348816,1.0
24,139,-5.923480987548828,3.269693374633789,0.6000000238418579,1.0,1.0
24,140,-7.201715469360352,11.029481887817383,0.3333333432674408,1.0,1.0
24,141,-9.133001327514648,9.808509826660156,0.25,1.0,1.0
24,142,-14.107649803161621,16.802536010742188,0.20000000298023224,0.800000011920929,1.0
24,143,-12.621912002563477,550.571044921875,0.0,0.5,1.0
24,144,-17.20212173461914,73.73889923095703,0.5,0.75,0.75
24,145,-21.923019409179688,8.955805778503418,0.5,0.800000011920929,1.0
24,146,-11.743938446044922,50.13132858276367,0.0,0.6666666865348816,1.0
24,147,-3.366487503051758,5.382988929748535,0.5,1.0,1.0
24,148,-10.194014549255371,163.53176879882812,0.5,0.5,0.5
25,0,-9.319023132324219,105.58450317382812,0.5,0.5,0.5
25,1,-11.412796974182129,4.164514064788818,0.75,0.875,1.0
25,2,-10.823144912719727,223.9835205078125,0.5,0.5,0.5
25,3,-5.09855318069458,163.78477478027344,0.0,1.0,1.0
25,4,-9.069803237915039,93.21434020996094,0.5,0.5,1.0
25,5,-0.689292848110199,1.411490797996521,1.0,1.0,1.0
25,6,-2.3681259155273438,2.2020204067230225,0.6666666865348816,1.0,1.0
25,7,-6.415019512176514,24.717456817626953,0.5,0.5,1.0
25,8,-11.080224990844727,9.170987129211426,0.4000000059604645,0.800000011920929,1.0
25,9,-0.06182606518268585,1.0313957929611206,1.0,1.0,1.0
25,10,-13.987129211425781,105.88741302490234,0.6666666865348816,0.6666666865348816,0.6666666865348816
25,11,-10.331231117248535,31.303932189941406,0.3333333432674408,0.6666666865348816,1.0
25,12,-1.3734962940216064,1.9872426986694336,1.0,1.0,1.0
25,13,-10.487738609313965,189.40155029296875,0.5,0.5,1.0
25,14,-3.897782802581787,3.666585922241211,0.3333333432674408,1.0,1.0
25,15,-7.015644550323486,5.777153968811035,0.75,0.75,1.0
25,16,-5.9627580642700195,7.297895908355713,0.6666666865348816,0.6666666865348816,1.0
25,17,-5.028339385986328,5.344741344451904,0.6666666865348816,1.0,1.0
25,18,-3.2080061435699463,2.2299997806549072,0.75,1.0,1.0
25,19,-10.261436462402344,5.530285358428955,0.6666666865348816,0.8333333730697632,1.0
25,20,-3.7539186477661133,2.5560922622680664,0.75,1.0,1.0
25,21,-5.2971038818359375,5.845670700073242,0.3333333432674408,0.6666666865348816,1.0
25,22,-6.060105800628662,20.698328018188477,0.5,0.5,1.0
25,23,-12.908553123474121,8.597105979919434,0.5,0.8333333730697632,1.0
25,24,-1.6876840591430664,5.406944274902344,0.0,1.0,1.0
25,25,-29.398422241210938,6.280197620391846,0.4375,0.9375,1.0
25,26,-0.8088686466217041,1.4984545707702637,1.0,1.0,1.0
25,27,-6.904932975769043,5.619446754455566,0.75,1.0,1.0
25,28,-8.25932502746582,15.691328048706055,0.0,0.6666666865348816,1.0
25,29,-1.3563430309295654,3.8819708824157715,0.0,1.0,1.0
25,30,-8.966363906860352,88.51587677001953,0.5,0.5,0.5
25,31,-0.6650935411453247,1.394515037536621,1.0,1.0,1.0
25,32,-6.283070087432861,23.139360427856445,0.5,0.5,1.0
25,33,-1.288743495941162,1.9047898054122925,1.0,1.0,1.0
25,34,-1.6662489175796509,5.29227876663208,0.0,1.0,1.0
25,35,-4.0221052169799805,7.471177577972412,0.5,1.0,1.0
25,36,-5.670098781585693,4.126892566680908,0.5,1.0,1.0
25,37,-4.331675052642822,4.23715353012085,0.6666666865348816,0.6666666865348816,1.0
25,38,-12.43054485321045,22.368106842041016,0.25,0.5,1.0
25,39,-2.6548991203308105,3.7714123725891113,0.5,1.0,1.0
25,40,-15.468362808227539,173.49014282226562,0.0,0.3333333432674408,0.6666666865348816
25,41,-15.5045804977417,13.251314163208008,0.5,0.8333333730697632,1.0
25,42,-7.395752429962158,40.36149597167969,0.5,0.5,1.0
25,43,-4.665289402008057,2.542271375656128,0.800000011920929,1.0,1.0
25,44,-8.331684112548828,64.44692993164062,0.0,0.5,1.0
25,45,-7.251735687255859,37.55730438232422,0.5,0.5,1.0
25,46,-19.249282836914062,11.091292381286621,0.5,0.625,1.0
25,47,-17.16173553466797,17.46657943725586,0.5,0.8333333730697632,1.0
25,48,-5.2870025634765625,197.7498016357422,0.0,0.0,1.0
25,49,-9.871392250061035,139.1699981689453,0.0,0.0,1.0
25,50,-5.599393844604492,16.43966293334961,0.5,0.5,1.0
25,51,-0.410974383354187,1.2281231880187988,1.0,1.0,1.0
25,52,-4.871588230133057,5.072646617889404,0.6666666865348816,0.6666666865348816,1.0
25,53,-16.755109786987305,10.952712059020996,0.4285714626312256,0.8571429252624512,1.0
25,54,-8.496511459350586,16.982280731201172,0.3333333432674408,0.6666666865348816,1.0
25,55,-9.797883987426758,134.1477813720703,0.5,0.5,0.5
25,56,-16.896530151367188,29.35039710998535,0.4000000059604645,0.6000000238418579,0.800000011920929
25,57,-1.7252655029296875,5.614011287689209,1.0,1.0,1.0
25,58,-11.018733978271484,4.826419353485107,0.5714285969734192,1.0,1.0
25,59,-5.34846830368042,14.501239776611328,0.0,1.0,1.0
25,60,-1.6857872009277344,1.2723006010055542,1.0,1.0,1.0
25,61,-7.777910232543945,48.85980987548828,0.5,0.5,1.0
25,62,-4.447929859161377,85.44986724853516,0.0,1.0,1.0
25,63,-9.65847396850586,11.185502052307129,0.5,0.75,1.0
25,64,-0.7707030177116394,2.161285161972046,1.0,1.0,1.0
25,65,-5.19519567489624,13.431435585021973,0.0,1.0,1.0
25,66,-7.064780235290527,4.108080863952637,0.800000011920929,1.0,1.0
25,67,-10.680159568786621,8.465777397155762,0.800000011920929,0.800000011920929,0.800000011920929
25,68,-38.61318588256836,47.52798080444336,0.30000001192092896,0.6000000238418579,0.800000011920929
25,69,-21.12131118774414,33.791812896728516,0.5,0.6666666865348816,0.8333333730697632
25,70,-12.616418838500977,23.432050704956055,0.5,0.5,1.0
25,71,-8.127386093139648,58.188804626464844,0.5,0.5,0.5
25,72,-3.8687186241149902,2.6305148601531982,0.5,1.0,1.0
25,73,-7.107193470001221,1220.716796875,0.0,0.0,1.0
25,74,-15.226640701293945,44.99989318847656,0.25,0.75,0.75
25,75,-2.6643097400665283,3.7891995906829834,1.0,1.0,1.0
25,76,-2.048229455947876,1.979299783706665,0.6666666865348816,1.0,1.0
25,77,-6.623165130615234,3.015787124633789,0.6666666865348816,1.0,1.0
25,78,-11.603483200073242,18.189977645874023,0.75,0.75,0.75
25,79,-5.250457763671875,3.7158758640289307,0.75,1.0,1.0
25,80,-5.9760422706604,7.330282688140869,0.6666666865348816,0.6666666865348816,1.0
25,81,-6.863177299499512,2.358196496963501,0.625,1.0,1.0
25,82,-12.141069412231445,57.22685623168945,0.3333333432674408,0.6666666865348816,0.6666666865348816
25,83,-3.9695589542388916,52.9611701965332,0.0,1.0,1.0
25,84,-12.496492385864258,12.173952102661133,0.4000000059604645,0.6000000238418579,1.0
25,85,-4.39055061340332,8.982473373413086,0.0,1.0,1.0
25,86,-27.01651382446289,14.90432357788086,0.699999988079071,0.699999988079071,0.9000000357627869
25,87,-10.843862533569336,4.707341194152832,0.5714285969734192,0.8571429252624512,1.0
25,88,-3.4950153827667236,5.740278720855713,0.5,1.0,1.0
25,89,-36.943336486816406,1617.5487060546875,0.20000000298023224,0.20000000298023224,0.6000000238418579
25,90,-10.129861831665039,5.410330772399902,0.5,1.0,1.0
25,91,-1.4323846101760864,2.0466253757476807,1.0,1.0,1.0
25,92,-23.832244873046875,53.0927734375,0.5,0.6666666865348816,0.6666666865348816
25,93,-1.536278247833252,1.6687798500061035,0.6666666865348816,1.0,1.0
25,94,-9.62630844116211,11.095915794372559,0.25,1.0,1.0
25,95,-5.350226402282715,14.513992309570312,0.5,0.5,1.0
25,96,-8.878334999084473,9.203499794006348,0.5,0.75,1.0
25,97,-9.206976890563965,9.991595268249512,0.5,0.75,1.0
25,98,-22.27222442626953,9.274070739746094,0.5,0.800000011920929,1.0
25,99,-8.40356159210205,16.464181900024414,0.3333333432674408,1.0,1.0
25,100,-6.768889427185059,29.501605987548828,0.0,1.0,1.0
25,101,-7.589780807495117,6.668835163116455,0.25,1.0,1.0
25,102,-1.9079302549362183,2.595982789993286,1.0,1.0,1.0
25,103,-0.5158891677856445,1.2942670583724976,1.0,1.0,1.0
25,104,-5.032500267028809,2.3134734630584717,0.8333333730697632,1.0,1.0
25,105,-10.385736465454102,31.87787437438965,0.3333333432674408,0.3333333432674408,1.0
25,106,-4.870767593383789,11.420201301574707,0.5,0.5,1.0
25,107,-11.372322082519531,294.7598876953125,0.5,0.5,0.5
25,108,-5.057053089141846,12.535022735595703,0.5,0.5,1.0
25,109,-33.56730270385742,41.666622161865234,0.4444444477558136,0.5555555820465088,0.7777777910232544
25,110,-10.540104866027832,194.42616271972656,0.5,0.5,0.5
25,111,-14.973546981811523,19.979555130004883,0.4000000059604645,0.800000011920929,1.0
25,112,-3.311796188354492,3.0160017013549805,0.6666666865348816,1.0,1.0
25,113,-2.091038465499878,2.007746458053589,0.6666666865348816,1.0,1.0
25,114,-3.3772995471954346,29.291563034057617,0.0,1.0,1.0
25,115,-12.053650856018066,414.3974304199219,0.0,0.5,0.5
25,116,-1.851820945739746,2.524165391921997,0.5,1.0,1.0
25,117,-10.072361946105957,2.170151710510254,0.8461538553237915,0.9230769872665405,1.0
25,118,-9.690377235412598,127.12725830078125,0.5,0.5,0.5
25,119,-1.6549302339553833,2.28751277923584,1.0,1.0,1.0
25,120,-22.464134216308594,16.577009201049805,0.5,0.75,0.875
25,121,-23.021221160888672,46.38008499145508,0.3333333432674408,0.5,1.0
25,122,-7.634825706481934,3.56966233253479,0.6666666865348816,1.0,1.0
25,123,-16.26261329650879,58.30298614501953,0.5,0.75,0.75
25,124,-9.290095329284668,6.411025047302246,0.6000000238418579,0.800000011920929,1.0
25,125,-9.534496307373047,10.844132423400879,0.5,0.75,1.0
25,126,-14.793129920959473,40.377891540527344,0.5,0.75,0.75
25,127,-3.4710845947265625,3.1804676055908203,0.6666666865348816,1.0,1.0
25,128,-11.306640625,16.888959884643555,0.5,0.5,1.0
25,129,-2.908999443054199,18.338441848754883,0.0,1.0,1.0
25,130,-12.452957153320312,63.496559143066406,0.6666666865348816,0.6666666865348816,0.6666666865348816
25,131,-9.169610977172852,6.258384704589844,0.6000000238418579,1.0,1.0
25,132,-3.4504430294036865,31.51435089111328,0.0,1.0,1.0
25,133,-3.664534330368042,6.248035907745361,0.5,1.0,1.0
25,134,-11.600643157958984,330.40582275390625,0.0,0.0,1.0
25,135,-1.5686875581741333,1.6869056224822998,0.6666666865348816,1.0,1.0
25,136,-6.694112777709961,28.418956756591797,0.0,0.5,1.0
25,137,-15.02487564086914,1830.6708984375,0.5,0.5,0.5
25,138,-6.172930717468262,7.827503681182861,0.6666666865348816,0.6666666865348816,1.0
25,139,-5.946850776672363,3.2850115299224854,0.6000000238418579,1.0,1.0
25,140,-7.079590320587158,10.589506149291992,0.3333333432674408,1.0,1.0
25,141,-9.198219299316406,9.969742774963379,0.25,1.0,1.0
25,142,-14.180497169494629,17.04913330078125,0.20000000298023224,0.800000011920929,1.0
25,143,-12.583741188049316,540.162841796875,0.0,0.5,1.0
25,144,-17.196990966796875,73.64437866210938,0.5,0.75,0.75
25,145,-21.72730827331543,8.782235145568848,0.5,0.800000011920929,1.0
25,146,-11.7051362991333,49.48710632324219,0.0,0.6666666865348816,1.0
25,147,-3.2608373165130615,5.106011867523193,0.5,1.0,1.0
25,148,-10.197163581848145,163.78945922851562,0.5,0.5,0.5
26,0,-9.362236976623535,107.89067840576172,0.5,0.5,0.5
26,1,-11.257431030273438,4.084416389465332,0.75,0.875,1.0
26,2,-10.800463676452637,221.457763671875,0.5,0.5,0.5
26,3,-5.161908149719238,174.4971160888672,0.0,1.0,1.0
26,4,-9.482410430908203,114.57221221923828,0.5,0.5,1.0
26,5,-0.6356287598609924,1.3741211891174316,1.0,1.0,1.0
26,6,-2.027618408203125,1.9657479524612427,0.6666666865348816,1.0,1.0
26,7,-6.118865966796875,21.315467834472656,0.5,0.5,1.0
26,8,-11.121747970581055,9.247465133666992,0.4000000059604645,0.800000011920929,0.800000011920929
26,9,-0.0622369647026062,1.031607747077942,1.0,1.0,1.0
26,10,-13.935643196105957,104.08570098876953,0.6666666865348816,0.6666666865348816,0.6666666865348816
26,11,-10.233988761901855,30.30550765991211,0.3333333432674408,0.6666666865348816,1.0
26,12,-1.2992193698883057,1.9147933721542358,1.0,1.0,1.0
26,13,-10.492195129394531,189.82403564453125,0.5,0.5,1.0
26,14,-3.8857908248901367,3.651958703994751,0.3333333432674408,1.0,1.0
26,15,-6.983694076538086,5.731192111968994,0.75,0.75,1.0
26,16,-5.91377067565918,7.179695129394531,0.6666666865348816,0.6666666865348816,1.0
26,17,-5.009585380554199,5.3114333152771,0.6666666865348816,1.0,1.0
26,18,-3.1572999954223633,2.2019095420837402,0.75,1.0,1.0
26,19,-10.036853790283203,5.327110767364502,0.6666666865348816,0.8333333730697632,1.0
26,20,-3.673740863800049,2.5053670406341553,0.75,1.0,1.0
26,21,-5.443686485290527,6.138388156890869,0.3333333432674408,0.6666666865348816,1.0
26,22,-6.119607925415039,21.32337760925293,0.5,0.5,1.0
26,23,-12.798918724060059,8.441442489624023,0.5,0.8333333730697632,1.0
26,24,-1.7147643566131592,5.555366039276123,0.0,1.0,1.0
26,25,-29.546245574951172,6.338489055633545,0.4375,0.875,1.0
26,26,-0.7795364260673523,1.4766385555267334,1.0,1.0,1.0
26,27,-6.7369208335876465,5.388301849365234,0.75,1.0,1.0
26,28,-8.283647537231445,15.819066047668457,0.0,0.6666666865348816,1.0
26,29,-1.2860020399093628,3.6182916164398193,1.0,1.0,1.0
26,30,-9.076863288879395,93.5439682006836,0.5,0.5,0.5
26,31,-0.6254807114601135,1.367166519165039,1.0,1.0,1.0
26,32,-6.173572540283203,21.90656280517578,0.5,0.5,1.0
26,33,-1.2861381769180298,1.9023102521896362,1.0,1.0,1.0
26,34,-1.643874168395996,5.175180435180664,0.0,1.0,1.0
26,35,-3.978775978088379,7.311058521270752,0.5,1.0,1.0
26,36,-5.6338887214660645,4.089702606201172,0.5,1.0,1.0
26,37,-4.361401557922363,4.2793474197387695,0.6666666865348816,0.6666666865348816,1.0
26,38,-12.330239295959473,21.814170837402344,0.25,0.5,1.0
26,39,-2.5999155044555664,3.6691415309906006,0.5,1.0,1.0
26,40,-15.673501014709473,185.76829528808594,0.0,0.3333333432674408,0.6666666865348816
26,41,-15.736745834350586,13.774114608764648,0.5,0.6666666865348816,1.0
26,42,-7.353912353515625,39.525901794433594,0.5,0.5,1.0
26,43,-4.6346025466918945,2.5267162322998047,0.800000011920929,1.0,1.0
26,44,-8.297990798950195,63.37030792236328,0.0,0.5,1.0
26,45,-7.176310062408447,36.16728591918945,0.5,0.5,1.0
26,46,-19.36818504333496,11.25737190246582,0.5,0.625,1.0
26,47,-17.50981330871582,18.509838104248047,0.5,0.8333333730697632,0.8333333730697632
26,48,-5.2962646484375,199.5898895263672,0.0,0.0,1.0
26,49,-9.560827255249023,119.15362548828125,0.0,0.0,1.0
26,50,-5.540853500366211,15.965445518493652,0.5,0.5,1.0
26,51,-0.4149573743343353,1.2305715084075928,1.0,1.0,1.0
26,52,-4.725699424743652,4.831867694854736,0.6666666865348816,1.0,1.0
26,53,-17.403274536132812,12.015313148498535,0.4285714626312256,0.8571429252624512,1.0
26,54,-8.44336223602295,16.684066772460938,0.3333333432674408,0.6666666865348816,1.0
26,55,-9.690868377685547,127.15848541259766,0.5,0.5,0.5
26,56,-16.98743438720703,29.888893127441406,0.4000000059604645,0.6000000238418579,0.800000011920929
26,57,-1.6878347396850586,5.407759189605713,1.0,1.0,1.0
26,58,-11.080302238464355,4.869056701660156,0.5714285969734192,1.0,1.0
26,59,-5.396346569061279,14.852575302124023,0.0,1.0,1.0
26,60,-1.6201834678649902,1.260432243347168,1.0,1.0,1.0
26,61,-7.7107696533203125,47.246795654296875,0.5,0.5,1.0
26,62,-4.434935569763184,84.34669494628906,0.0,1.0,1.0
26,63,-9.514564514160156,10.790230751037598,0.5,0.75,1.0
26,64,-0.7245072722434998,2.063714027404785,1.0,1.0,1.0
26,65,-5.152233123779297,13.145987510681152,0.0,1.0,1.0
26,66,-7.101565361022949,4.138415813446045,0.800000011920929,0.800000011920929,1.0
26,67,-10.660172462463379,8.432004928588867,0.800000011920929,0.800000011920929,0.800000011920929
26,68,-38.780784606933594,48.33125686645508,0.30000001192092896,0.6000000238418579,0.800000011920929
26,69,-20.971147537231445,32.95659255981445,0.5,0.6666666865348816,0.8333333730697632
26,70,-12.595098495483398,23.30748748779297,0.5,0.5,1.0
26,71,-8.12732982635498,58.187171936035156,0.5,0.5,0.5
26,72,-3.8813161849975586,2.638812780380249,0.5,1.0,1.0
26,73,-7.128269672393799,1246.7177734375,0.0,0.0,1.0
26,74,-15.246529579162598,45.22420120239258,0.25,0.75,0.75
26,75,-2.5693111419677734,3.6134231090545654,1.0,1.0,1.0
26,76,-1.9599144458770752,1.9218817949295044,0.6666666865348816,1.0,1.0
26,77,-6.003134727478027,2.7197024822235107,0.6666666865348816,1.0,1.0
26,78,-11.772204399108887,18.973648071289062,0.75,0.75,0.75
26,79,-5.156682968139648,3.629775285720825,0.75,1.0,1.0
26,80,-5.968876838684082,7.312795639038086,0.6666666865348816,0.6666666865348816,1.0
26,81,-6.733219146728516,2.320197820663452,0.625,1.0,1.0
26,82,-12.053346633911133,55.57770919799805,0.3333333432674408,0.6666666865348816,0.6666666865348816
26,83,-3.912139892578125,50.00584030151367,0.0,1.0,1.0
26,84,-12.431682586669922,12.017169952392578,0.4000000059604645,0.6000000238418579,1.0
26,85,-4.191648483276367,8.13214111328125,0.0,1.0,1.0
26,86,-26.921680450439453,14.763648986816406,0.699999988079071,0.699999988079071,0.9000000357627869
26,87,-10.847428321838379,4.709740161895752,0.5714285969734192,0.8571429252624512,1.0
26,88,-3.5125982761383057,5.790966510772705,0.5,1.0,1.0
26,89,-37.118865966796875,1675.3431396484375,0.20000000298023224,0.20000000298023224,0.6000000238418579
26,90,-10.159528732299805,5.4371490478515625,0.5,1.0,1.0
26,91,-1.354892373085022,1.9688432216644287,1.0,1.0,1.0
26,92,-23.873538970947266,53.45943069458008,0.5,0.6666666865348816,0.6666666865348816
26,93,-1.4856606721878052,1.6408594846725464,0.6666666865348816,1.0,1.0
26,94,-10.033428192138672,12.284729957580566,0.25,1.0,1.0
26,95,-5.213515758514404,13.555032730102539,0.5,0.5,1.0
26,96,-8.945652961730957,9.359700202941895,0.5,0.75,1.0
26,97,-9.207903861999512,9.99390983581543,0.5,0.75,1.0
26,98,-21.939664840698242,8.970724105834961,0.5,0.800000011920929,1.0
26,99,-8.4186372756958,16.5471248626709,0.3333333432674408,1.0,1.0
26,100,-6.769260883331299,29.5070858001709,0.0,1.0,1.0
26,101,-7.403865337371826,6.365968704223633,0.25,1.0,1.0
26,102,-1.8863532543182373,2.5681264400482178,1.0,1.0,1.0
26,103,-0.5023950934410095,1.2855639457702637,1.0,1.0,1.0
26,104,-4.817340850830078,2.2319822311401367,0.8333333730697632,1.0,1.0
26,105,-10.158143043518066,29.548933029174805,0.3333333432674408,0.3333333432674408,1.0
26,106,-4.845348358154297,11.275973320007324,0.5,0.5,1.0
26,107,-11.526461601257324,318.3752746582031,0.5,0.5,0.5
26,108,-5.241828441619873,13.748287200927734,0.5,0.5,1.0
26,109,-33.69499206542969,42.26198196411133,0.4444444477558136,0.5555555820465088,0.7777777910232544
26,110,-10.436609268188477,184.6209259033203,0.5,0.5,0.5
26,111,-14.993925094604492,20.061147689819336,0.4000000059604645,0.800000011920929,1.0
26,112,-3.1396262645721436,2.8477866649627686,0.6666666865348816,1.0,1.0
26,113,-2.1398074626922607,2.040651559829712,0.6666666865348816,1.0,1.0
26,114,-3.4253687858581543,30.733978271484375,0.0,1.0,1.0
26,115,-11.997282028198242,402.88092041015625,0.0,0.5,0.5
26,116,-1.909342646598816,2.5978164672851562,0.5,1.0,1.0
26,117,-9.995931625366211,2.1574301719665527,0.8461538553237915,0.9230769872665405,1.0
26,118,-9.723272323608398,129.23548889160156,0.5,0.5,0.5
26,119,-1.667846918106079,2.3023343086242676,0.5,1.0,1.0
26,120,-22.121261596679688,15.88154411315918,0.5,0.75,0.875
26,121,-22.645219802856445,43.56278991699219,0.3333333432674408,0.5,1.0
26,122,-7.619447708129883,3.5605249404907227,0.6666666865348816,1.0,1.0
26,123,-16.192699432373047,57.29279327392578,0.5,0.75,0.75
26,124,-9.384359359741211,6.533036231994629,0.6000000238418579,0.800000011920929,1.0
26,125,-9.449742317199707,10.616777420043945,0.5,0.75,1.0
26,126,-14.865727424621582,41.1174201965332,0.5,0.75,0.75
26,127,-3.4204063415527344,3.1271917819976807,0.6666666865348816,1.0,1.0
26,128,-11.298501968383789,16.854631423950195,0.5,0.5,1.0
26,129,-2.9492363929748535,19.09136962890625,0.0,1.0,1.0
26,130,-12.403407096862793,62.4564208984375,0.6666666865348816,0.6666666865348816,0.6666666865348816
26,131,-9.141956329345703,6.2238664627075195,0.6000000238418579,1.0,1.0
26,132,-3.1574411392211914,23.510360717773438,0.0,1.0,1.0
26,133,-3.6116511821746826,6.084993362426758,0.5,1.0,1.0
26,134,-11.576604843139648,326.4583740234375,0.0,0.0,1.0
26,135,-1.5463736057281494,1.6744050979614258,0.6666666865348816,1.0,1.0
26,136,-6.677247047424316,28.18031120300293,0.0,1.0,1.0
26,137,-14.848794937133789,1676.38916015625,0.5,0.5,0.5
26,138,-6.177745819091797,7.8400774002075195,0.6666666865348816,0.6666666865348816,1.0
26,139,-5.873204231262207,3.2369801998138428,0.6000000238418579,1.0,1.0
26,140,-7.025508880615234,10.40031623840332,0.3333333432674408,1.0,1.0
26,141,-9.259554862976074,10.123796463012695,0.25,1.0,1.0
26,142,-14.357629776000977,17.66395378112793,0.4000000059604645,0.800000011920929,1.0
26,143,-12.48708724975586,514.6791381835938,0.0,0.5,1.0
26,144,-17.24862289428711,74.60113525390625,0.5,0.75,0.75
26,145,-21.58594512939453,8.658960342407227,0.5,0.800000011920929,1.0
26,146,-11.782970428466797,50.78783416748047,0.0,0.6666666865348816,1.0
26,147,-3.1788554191589355,4.900943756103516,0.5,1.0,1.0
26,148,-10.192710876464844,163.42520141601562,0.5,0.5,0.5
27,0,-9.329466819763184,106.13728332519531,0.5,0.5,0.5
27,1,-11.11523723602295,4.012460708618164,0.75,0.875,1.0
27,2,-10.892936706542969,231.93759155273438,0.5,0.5,0.5
27,3,-5.11387300491333,166.31324768066406,0.0,1.0,1.0
27,4,-9.847942352294922,137.54776000976562,0.5,0.5,1.0
27,5,-0.6197997331619263,1.3632886409759521,1.0,1.0,1.0
27,6,-1.7433202266693115,1.7880162000656128,0.6666666865348816,1.0,1.0
27,7,-5.875312328338623,18.871562957763672,0.5,0.5,1.0
27,8,-11.140838623046875,9.282842636108398,0.4000000059604645,0.800000011920929,0.800000011920929
27,9,-0.059191472828388214,1.0300379991531372,1.0,1.0,1.0
27,10,-13.895008087158203,102.68535614013672,0.6666666865348816,0.6666666865348816,0.6666666865348816
27,11,-10.14084529876709,29.379045486450195,0.3333333432674408,0.6666666865348816,1.0
27,12,-1.3150945901870728,1.9300527572631836,1.0,1.0,1.0
27,13,-10.60470199584961,200.80836486816406,0.5,0.5,1.0
27,14,-3.8477396965026855,3.6059305667877197,0.3333333432674408,1.0,1.0
27,15,-7.035034656524658,5.805226802825928,0.75,0.75,1.0
27,16,-5.839114189147949,7.00322961807251,0.6666666865348816,0.6666666865348816,1.0
27,17,-5.0288896560668945,5.345722198486328,0.6666666865348816,1.0,1.0
27,18,-3.1701412200927734,2.2089898586273193,0.75,1.0,1.0
27,19,-9.670969009399414,5.011965751647949,0.6666666865348816,0.8333333730697632,1.0
27,20,-3.636218547821045,2.4819753170013428,0.75,1.0,1.0
27,21,-5.439365386962891,6.129552841186523,0.3333333432674408,0.6666666865348816,1.0
27,22,-6.15510368347168,21.705198287963867,0.5,0.5,1.0
27,23,-12.77059268951416,8.40168285369873,0.5,0.8333333730697632,1.0
27,24,-1.756282091140747,5.790867805480957,0.0,1.0,1.0
27,25,-29.695899963378906,6.398053169250488,0.4375,0.9375,1.0
27,26,-0.7737899422645569,1.4724018573760986,1.0,1.0,1.0
27,27,-6.6283650398254395,5.244035243988037,0.75,1.0,1.0
27,28,-8.193781852722168,15.352227210998535,0.0,0.6666666865348816,1.0
27,29,-1.2793126106262207,3.5941684246063232,1.0,1.0,1.0
27,30,-8.980720520019531,89.15355682373047,0.5,0.5,0.5
27,31,-0.5856345891952515,1.3401979207992554,1.0,1.0,1.0
27,32,-6.087484359741211,20.98362159729004,0.5,0.5,1.0
27,33,-1.2225838899612427,1.8428106307983398,1.0,1.0,1.0
27,34,-1.6309809684753418,5.108884334564209,0.0,1.0,1.0
27,35,-4.01567268371582,7.447186470031738,0.5,1.0,1.0
27,36,-5.60080623626709,4.0560173988342285,0.5,1.0,1.0
27,37,-4.391262531280518,4.322155475616455,0.6666666865348816,0.6666666865348816,1.0
27,38,-12.29826545715332,21.64049530029297,0.25,0.5,1.0
27,39,-2.6467301845550537,3.756039619445801,0.5,1.0,1.0
27,40,-15.807147979736328,194.23118591308594,0.0,0.3333333432674408,0.6666666865348816
27,41,-14.902918815612793,11.986964225769043,0.5,0.8333333730697632,1.0
27,42,-7.4028730392456055,40.50544738769531,0.5,0.5,1.0
27,43,-4.611122131347656,2.514878273010254,0.800000011920929,1.0,1.0
27,44,-8.267471313476562,62.41062927246094,0.0,0.5,1.0
27,45,-7.095359802246094,34.73263931274414,0.5,0.5,1.0
27,46,-19.33493423461914,11.210679054260254,0.5,0.625,1.0
27,47,-18.11322784423828,20.468177795410156,0.5,0.8333333730697632,0.8333333730697632
27,48,-5.286166191101074,197.58447265625,0.0,0.0,1.0
27,49,-9.395928382873535,109.72357177734375,0.0,0.0,1.0
27,50,-5.506939888000488,15.697004318237305,0.5,0.5,1.0
27,51,-0.3886449933052063,1.214487910270691,1.0,1.0,1.0
27,52,-4.54675817489624,4.552087783813477,0.6666666865348816,1.0,1.0
27,53,-18.121707916259766,13.313990592956543,0.4285714626312256,0.7142857313156128,1.0
27,54,-8.361085891723633,16.232711791992188,0.3333333432674408,0.6666666865348816,1.0
27,55,-9.613763809204102,122.34952545166016,0.5,0.5,0.5
27,56,-16.759660720825195,28.5578556060791,0.4000000059604645,0.6000000238418579,0.800000011920929
27,57,-1.6942603588104248,5.4426188468933105,1.0,1.0,1.0
27,58,-11.071396827697754,4.862866401672363,0.5714285969734192,1.0,1.0
27,59,-5.459394454956055,15.328245162963867,0.0,1.0,1.0
27,60,-1.6206268072128296,1.260512113571167,1.0,1.0,1.0
27,61,-7.643970966339111,45.69484329223633,0.5,0.5,1.0
27,62,-4.401950836181641,81.60992431640625,0.0,1.0,1.0
27,63,-9.475175857543945,10.68449878692627,0.5,0.75,1.0
27,64,-0.7166865468025208,2.0476372241973877,1.0,1.0,1.0
27,65,-5.1617326736450195,13.208577156066895,0.0,1.0,1.0
27,66,-7.08947229385376,4.128418922424316,0.800000011920929,0.800000011920929,1.0
27,67,-10.709134101867676,8.514979362487793,0.800000011920929,0.800000011920929,0.800000011920929
27,68,-38.6202278137207,47.561466217041016,0.30000001192092896,0.6000000238418579,0.800000011920929
27,69,-20.82592010498047,32.16846466064453,0.5,0.6666666865348816,0.8333333730697632
27,70,-12.596121788024902,23.31344985961914,0.5,0.5,1.0
27,71,-8.096639633178711,57.30109786987305,0.5,0.5,1.0
27,72,-3.717987298965454,2.5332343578338623,0.5,1.0,1.0
27,73,-7.1116533279418945,1226.173095703125,0.0,0.0,1.0
27,74,-15.336585998535156,46.253936767578125,0.25,0.75,0.75
27,75,-2.5107691287994385,3.509187698364258,1.0,1.0,1.0
27,76,-1.9722627401351929,1.9298087358474731,0.6666666865348816,1.0,1.0
27,77,-5.45068359375,2.4804680347442627,0.6666666865348816,1.0,1.0
27,78,-11.8945951461792,19.56317138671875,0.75,0.75,0.75
27,79,-5.1365461349487305,3.6115481853485107,0.75,1.0,1.0
27,80,-5.973698139190674,7.324557304382324,0.6666666865348816,0.6666666865348816,1.0
27,81,-6.693355083465576,2.3086647987365723,0.75,1.0,1.0
27,82,-11.951028823852539,53.714134216308594,0.3333333432674408,0.6666666865348816,0.6666666865348816
27,83,-3.855268955230713,47.2413215637207,0.0,1.0,1.0
27,84,-12.423686027526855,11.997966766357422,0.4000000059604645,0.6000000238418579,1.0
27,85,-3.948770046234131,7.2021894454956055,0.0,1.0,1.0
27,86,-26.889080047607422,14.715599060058594,0.699999988079071,0.699999988079071,0.9000000357627869
27,87,-10.870149612426758,4.7250518798828125,0.5714285969734192,0.8571429252624512,1.0
27,88,-3.57627010345459,5.978292942047119,0.5,1.0,1.0
27,89,-37.34123992919922,1751.53515625,0.20000000298023224,0.20000000298023224,0.6000000238418579
27,90,-10.274234771728516,5.5420942306518555,0.5,1.0,1.0
27,91,-1.2699265480041504,1.8869528770446777,1.0,1.0,1.0
27,92,-23.822673797607422,53.008148193359375,0.5,0.6666666865348816,0.6666666865348816
27,93,-1.4232817888259888,1.6070935726165771,0.6666666865348816,1.0,1.0
27,94,-10.121769905090332,12.559062004089355,0.25,1.0,1.0
27,95,-5.20438289642334,13.493274688720703,0.5,0.5,1.0
27,96,-9.021894454956055,9.539810180664062,0.5,0.75,1.0
27,97,-9.14451789855957,9.836790084838867,0.5,0.75,1.0
27,98,-21.70690155029297,8.76432991027832,0.5,0.800000011920929,1.0
27,99,-8.372125625610352,16.292558670043945,0.3333333432674408,1.0,1.0
27,100,-6.82462215423584,30.33527183532715,0.0,1.0,1.0
27,101,-7.280869007110596,6.173199653625488,0.5,1.0,1.0
27,102,-1.9001871347427368,2.585951566696167,1.0,1.0,1.0
27,103,-0.4813338816165924,1.2720972299575806,1.0,1.0,1.0
27,104,-4.713746547698975,2.1937763690948486,0.8333333730697632,1.0,1.0
27,105,-10.011886596679688,28.142911911010742,0.3333333432674408,0.3333333432674408,1.0
27,106,-4.859848499298096,11.35802173614502,0.5,0.5,1.0
27,107,-11.485342979431152,311.89654541015625,0.5,0.5,0.5
27,108,-5.285935878753662,14.054856300354004,0.5,0.5,1.0
27,109,-33.890071868896484,43.18803787231445,0.4444444477558136,0.5555555820465088,0.7777777910232544
27,110,-10.323473930358887,174.4672393798828,0.5,0.5,0.5
27,111,-14.889217376708984,19.64540672302246,0.4000000059604645,0.800000011920929,1.0
27,112,-2.993008852005005,2.7119545936584473,0.6666666865348816,1.0,1.0
27,113,-2.0639898777008057,1.9897254705429077,0.6666666865348816,1.0,1.0
27,114,-3.3271267414093018,27.858182907104492,0.0,1.0,1.0
27,115,-11.83928108215332,372.2778625488281,0.0,0.5,0.5
27,116,-1.9205552339553833,2.612421751022339,0.5,1.0,1.0
27,117,-10.089555740356445,2.1730237007141113,0.8461538553237915,0.9230769872665405,1.0
27,118,-9.53329086303711,117.52433776855469,0.5,0.5,0.5
27,119,-1.7430554628372192,2.3905601501464844,0.5,1.0,1.0
27,120,-21.74092674255371,15.144173622131348,0.5,0.75,0.875
27,121,-22.428234100341797,42.01551818847656,0.3333333432674408,0.5,1.0
27,122,-7.496672630310059,3.488407850265503,0.6666666865348816,1.0,1.0
27,123,-16.243934631347656,58.03136444091797,0.5,0.75,0.75
27,124,-9.556770324707031,6.7622389793396,0.6000000238418579,0.800000011920929,1.0
27,125,-9.405704498291016,10.500534057617188,0.5,0.75,1.0
27,126,-15.096680641174316,43.561344146728516,0.5,0.75,0.75
27,127,-3.3743927478790283,3.0795934200286865,0.6666666865348816,1.0,1.0
27,128,-11.406570434570312,17.31620216369629,0.5,0.5,1.0
27,129,-2.9729604721069336,19.549711227416992,0.0,1.0,1.0
27,130,-12.289191246032715,60.123268127441406,0.6666666865348816,0.6666666865348816,0.6666666865348816
27,131,-9.247091293334961,6.35612154006958,0.6000000238418579,1.0,1.0
27,132,-3.029900074005127,20.695165634155273,0.0,1.0,1.0
27,133,-3.562544584274292,5.937405586242676,0.5,1.0,1.0
27,134,-11.563516616821289,324.3289489746094,0.0,0.0,1.0
27,135,-1.5367100238800049,1.6690200567245483,0.6666666865348816,1.0,1.0
27,136,-6.656665802001953,27.89180564880371,0.0,1.0,1.0
27,137,-14.614790916442871,1491.2879638671875,0.5,0.5,0.5
27,138,-6.121142864227295,7.693540096282959,0.6666666865348816,0.6666666865348816,1.0
27,139,-5.866758823394775,3.2328100204467773,0.6000000238418579,1.0,1.0
27,140,-6.972654819488525,10.21868896484375,0.3333333432674408,1.0,1.0
27,141,-9.429773330688477,10.563908576965332,0.25,1.0,1.0
27,142,-14.424924850463867,17.90329933166504,0.4000000059604645,0.800000011920929,1.0
27,143,-12.387857437133789,489.7664794921875,0.0,0.5,1.0
27,144,-17.237102508544922,74.38658905029297,0.5,0.75,0.75
27,145,-21.462596893310547,8.552809715270996,0.5,0.800000011920929,1.0
27,146,-11.916762351989746,53.104095458984375,0.0,0.6666666865348816,1.0
27,147,-3.0467135906219482,4.587599277496338,0.5,1.0,1.0
27,148,-10.175959587097168,162.0621337890625,0.5,0.5,0.5
28,0,-9.372352600097656,108.43775939941406,0.5,0.5,0.5
28,1,-10.98743724822998,3.9488706588745117,0.75,0.875,1.0
28,2,-10.808404922485352,222.33883666992188,0.5,0.5,0.5
28,3,-5.271828651428223,194.7718048095703,0.0,1.0,1.0
28,4,-10.173913955688477,161.89645385742188,0.5,0.5,0.5
28,5,-0.6169337034225464,1.361336350440979,1.0,1.0,1.0
28,6,-1.4973716735839844,1.6472774744033813,1.0,1.0,1.0
28,7,-5.704805374145508,17.329368591308594,0.5,0.5,1.0
28,8,-11.220488548278809,9.431900978088379,0.4000000059604645,0.800000011920929,0.800000011920929
28,9,-0.060883644968271255,1.0309098958969116,1.0,1.0,1.0
28,10,-13.870668411254883,101.85559844970703,0.6666666865348816,0.6666666865348816,0.6666666865348816
28,11,-10.04397201538086,28.44552230834961,0.3333333432674408,0.6666666865348816,1.0
28,12,-1.2675971984863281,1.8847564458847046,1.0,1.0,1.0
28,13,-10.658127784729004,206.2448272705078,0.5,0.5,1.0
28,14,-3.8527755737304688,3.6119887828826904,0.3333333432674408,1.0,1.0
28,15,-7.163784503936768,5.995121955871582,0.75,0.75,1.0
28,16,-5.808847427368164,6.932929992675781,0.6666666865348816,0.6666666865348816,1.0
28,17,-4.958743095397949,5.222177505493164,0.6666666865348816,1.0,1.0
28,18,-3.1220688819885254,2.182600975036621,0.75,1.0,1.0
28,19,-9.513898849487305,4.882462978363037,0.6666666865348816,0.8333333730697632,1.0
28,20,-3.596468687057495,2.457432746887207,0.75,1.0,1.0
28,21,-5.5126566886901855,6.281144618988037,0.3333333432674408,0.6666666865348816,1.0
28,22,-6.230578899383545,22.539953231811523,0.5,0.5,1.0
28,23,-12.737455368041992,8.3554105758667,0.5,0.8333333730697632,1.0
28,24,-1.796947717666626,6.031210422515869,0.0,1.0,1.0
28,25,-29.764888763427734,6.4257001876831055,0.4375,0.9375,1.0
28,26,-0.7223785519599915,1.4350351095199585,1.0,1.0,1.0
28,27,-6.478074073791504,5.050658226013184,0.75,1.0,1.0
28,28,-8.313356399536133,15.976499557495117,0.0,0.6666666865348816,1.0
28,29,-1.2968350648880005,3.6577019691467285,1.0,1.0,1.0
28,30,-9.340875625610352,106.74446868896484,0.5,0.5,0.5
28,31,-0.5988316535949707,1.3490705490112305,1.0,1.0,1.0
28,32,-5.950974941253662,19.59917640686035,0.5,0.5,1.0
28,33,-1.265015721321106,1.882325291633606,1.0,1.0,1.0
28,34,-1.601570725440979,4.960818767547607,0.0,1.0,1.0
28,35,-4.000227928161621,7.38989782333374,0.5,1.0,1.0
28,36,-5.578965663909912,4.033931255340576,0.5,1.0,1.0
28,37,-4.3164753913879395,4.215740203857422,0.6666666865348816,0.6666666865348816,1.0
28,38,-12.302138328552246,21.66145896911621,0.25,0.5,1.0
28,39,-2.681255578994751,3.821441650390625,0.5,1.0,1.0
28,40,-15.939245223999023,202.97479248046875,0.0,0.3333333432674408,0.6666666865348816
28,41,-14.133277893066406,10.5438871383667,0.5,0.8333333730697632,1.0
28,42,-7.416954040527344,40.79163360595703,0.5,0.5,1.0
28,43,-4.518407821655273,2.468675136566162,0.800000011920929,1.0,1.0
28,44,-8.279828071594238,62.797420501708984,0.0,0.5,1.0
28,45,-7.068428993225098,34.26808547973633,0.5,0.5,1.0
28,46,-19.32221794128418,11.19287395477295,0.5,0.625,1.0
28,47,-18.38526725769043,21.417558670043945,0.5,0.8333333730697632,0.8333333730697632
28,48,-5.2525434494018555,191.0515899658203,0.0,0.0,1.0
28,49,-9.230761528015137,101.02628326416016,0.0,0.0,1.0
28,50,-5.506753921508789,15.695545196533203,0.5,1.0,1.0
28,51,-0.38950759172439575,1.2150118350982666,1.0,1.0,1.0
28,52,-4.357904434204102,4.274361610412598,0.6666666865348816,1.0,1.0
28,53,-18.894792556762695,14.868668556213379,0.4285714626312256,0.7142857313156128,1.0
28,54,-8.31675910949707,15.994629859924316,0.3333333432674408,0.6666666865348816,1.0
28,55,-9.621864318847656,122.84607696533203,0.5,0.5,0.5
28,56,-16.908000946044922,29.41780662536621,0.4000000059604645,0.6000000238418579,0.800000011920929
28,57,-1.763149619102478,5.83077335357666,1.0,1.0,1.0
28,58,-11.034198760986328,4.837093830108643,0.5714285969734192,1.0,1.0
28,59,-5.457676887512207,15.31508731842041,0.0,1.0,1.0
28,60,-1.5990638732910156,1.2566351890563965,1.0,1.0,1.0
28,61,-7.657656192779541,46.00859069824219,0.5,0.5,1.0
28,62,-4.366146564483643,78.7396240234375,0.0,1.0,1.0
28,63,-9.481552124023438,10.701543807983398,0.5,0.75,1.0
28,64,-0.7074177265167236,2.028745651245117,1.0,1.0,1.0
28,65,-5.0705108642578125,12.619653701782227,0.0,1.0,1.0
28,66,-7.083731651306152,4.123681545257568,0.800000011920929,0.800000011920929,1.0
28,67,-10.929176330566406,8.898078918457031,0.800000011920929,0.800000011920929,0.800000011920929
28,68,-38.71341323852539,48.00673294067383,0.30000001192092896,0.6000000238418579,0.800000011920929
28,69,-20.909854888916016,32.621639251708984,0.5,0.6666666865348816,0.8333333730697632
28,70,-12.569905281066895,23.161151885986328,0.5,0.5,1.0
28,71,-8.048127174377441,55.927913665771484,0.5,0.5,1.0
28,72,-3.5966436862945557,2.457540273666382,0.5,1.0,1.0
28,73,-7.196762561798096,1335.1014404296875,0.0,0.0,1.0
28,74,-15.400408744812012,46.99786376953125,0.25,0.75,0.75
28,75,-2.451829433441162,3.4072813987731934,1.0,1.0,1.0
28,76,-1.9642081260681152,1.9246344566345215,0.6666666865348816,1.0,1.0
28,77,-4.933015823364258,2.275430679321289,0.6666666865348816,1.0,1.0
28,78,-11.875505447387695,19.470029830932617,0.75,0.75,0.75
28,79,-4.998036861419678,3.488630533218384,0.75,1.0,1.0
28,80,-5.961730003356934,7.2953948974609375,0.6666666865348816,0.6666666865348816,1.0
28,81,-6.686169624328613,2.3065922260284424,0.75,1.0,1.0
28,82,-11.802299499511719,51.116119384765625,0.3333333432674408,0.6666666865348816,0.6666666865348816
28,83,-3.844676971435547,46.74357986450195,0.0,1.0,1.0
28,84,-12.322017669677734,11.756468772888184,0.4000000059604645,0.6000000238418579,1.0
28,85,-3.7850632667541504,6.636147975921631,0.0,1.0,1.0
28,86,-26.824737548828125,14.621216773986816,0.6000000238418579,0.699999988079071,0.9000000357627869
28,87,-10.808989524841309,4.683948516845703,0.5714285969734192,0.8571429252624512,1.0
28,88,-3.581313371658325,5.993387222290039,0.5,1.0,1.0
28,89,-37.36509323120117,1759.9111328125,0.20000000298023224,0.20000000298023224,0.6000000238418579
28,90,-10.249834060668945,5.519601821899414,0.5,1.0,1.0
28,91,-1.211970567703247,1.8330574035644531,1.0,1.0,1.0
28,92,-23.774686813354492,52.58589172363281,0.5,0.6666666865348816,0.6666666865348816
28,93,-1.4563422203063965,1.6249018907546997,0.6666666865348816,1.0,1.0
28,94,-10.362584114074707,13.338385581970215,0.25,1.0,1.0
28,95,-5.056934833526611,12.534280776977539,0.5,0.5,1.0
28,96,-9.060439109802246,9.632182121276855,0.5,0.75,1.0
28,97,-9.234626770019531,10.060900688171387,0.5,0.75,1.0
28,98,-21.463590621948242,8.553657531738281,0.5,0.800000011920929,1.0
28,99,-8.314817428588867,15.98427963256836,0.3333333432674408,1.0,1.0
28,100,-6.815245628356934,30.193384170532227,0.0,1.0,1.0
28,101,-7.167225360870361,6.00028133392334,0.5,1.0,1.0
28,102,-1.924105167388916,2.61706280708313,1.0,1.0,1.0
28,103,-0.4551506042480469,1.255552053451538,1.0,1.0,1.0
28,104,-4.567139625549316,2.140822172164917,0.8333333730697632,1.0,1.0
28,105,-9.986298561096191,27.90389060974121,0.3333333432674408,0.3333333432674408,1.0
28,106,-4.691874027252197,10.443053245544434,0.5,0.5,1.0
28,107,-11.610258102416992,331.998046875,0.5,0.5,0.5
28,108,-5.424437999725342,15.062663078308105,0.5,0.5,1.0
28,109,-33.88706970214844,43.17363357543945,0.4444444477558136,0.5555555820465088,0.7777777910232544
28,110,-10.248779296875,168.07151794433594,0.5,0.5,0.5
28,111,-14.941822052001953,19.853185653686523,0.4000000059604645,0.800000011920929,1.0
28,112,-2.8688180446624756,2.601979970932007,0.6666666865348816,1.0,1.0
28,113,-2.054210662841797,1.9832500219345093,0.6666666865348816,1.0,1.0
28,114,-3.32529616355896,27.807231903076172,0.0,1.0,1.0
28,115,-11.843561172485352,373.075439453125,0.0,0.5,0.5
28,116,-1.9988102912902832,2.716665267944336,0.5,1.0,1.0
28,117,-10.135091781616211,2.1806488037109375,0.8461538553237915,0.9230769872665405,1.0
28,118,-9.444007873535156,112.39325714111328,0.5,0.5,0.5
28,119,-1.7925903797149658,2.450507640838623,0.5,1.0,1.0
28,120,-21.691404342651367,15.050716400146484,0.5,0.75,0.875
28,121,-22.267440795898438,40.90449905395508,0.3333333432674408,0.5,1.0
28,122,-7.564212799072266,3.527897596359253,0.6666666865348816,1.0,1.0
28,123,-16.27235221862793,58.44511413574219,0.5,0.75,0.75
28,124,-9.598930358886719,6.819499492645264,0.6000000238418579,0.800000011920929,1.0
28,125,-9.344640731811523,10.341451644897461,0.5,0.75,1.0
28,126,-15.226174354553223,44.99464797973633,0.5,0.75,0.75
28,127,-3.3300724029541016,3.0344314575195312,0.6666666865348816,1.0,1.0
28,128,-11.502386093139648,17.736000061035156,0.5,0.5,1.0
28,129,-2.9766926765441895,19.62281036376953,0.0,1.0,1.0
28,130,-12.230379104614258,58.95610427856445,0.6666666865348816,0.6666666865348816,0.6666666865348816
28,131,-9.323343276977539,6.453796863555908,0.6000000238418579,1.0,1.0
28,132,-2.850168466567993,17.290695190429688,0.0,1.0,1.0
28,133,-3.475480556488037,5.684484004974365,0.5,1.0,1.0
28,134,-11.698684692382812,347.0060729980469,0.0,0.0,1.0
28,135,-1.4992642402648926,1.6483169794082642,0.6666666865348816,1.0,1.0
28,136,-6.665234565734863,28.011560440063477,0.0,1.0,1.0
28,137,-14.496598243713379,1405.7117919921875,0.5,0.5,0.5
28,138,-6.162102222442627,7.799300193786621,0.6666666865348816,0.6666666865348816,1.0
28,139,-5.809307098388672,3.1958768367767334,0.6000000238418579,1.0,1.0
28,140,-6.906646728515625,9.996305465698242,0.3333333432674408,1.0,1.0
28,141,-9.46226692199707,10.650073051452637,0.25,1.0,1.0
28,142,-14.465473175048828,18.049076080322266,0.4000000059604645,0.800000011920929,0.800000011920929
28,143,-12.328123092651367,475.3548278808594,0.0,0.5,1.0
28,144,-17.283016204833984,75.24534606933594,0.5,0.75,0.75
28,145,-21.001283645629883,8.167218208312988,0.5,0.800000011920929,1.0
28,146,-12.026589393615723,55.08420181274414,0.0,0.6666666865348816,1.0
28,147,-3.0743234157562256,4.651369571685791,0.5,1.0,1.0
28,148,-10.128168106079102,158.23544311523438,0.5,0.5,0.5
29,0,-9.41236686706543,110.62913513183594,0.5,0.5,0.5
29,1,-11.05886173248291,3.9842841625213623,0.75,0.875,1.0
29,2,-10.81801986694336,223.41029357910156,0.5,0.5,0.5
29,3,-5.273738861083984,195.14422607421875,0.0,1.0,1.0
29,4,-10.383411407470703,179.77493286132812,0.5,0.5,0.5
29,5,-0.5881377458572388,1.3418763875961304,1.0,1.0,1.0
29,6,-1.3015027046203613,1.5431630611419678,1.0,1.0,1.0
29,7,-5.470472812652588,15.413386344909668,0.5,0.5,1.0
29,8,-11.25638484954834,9.499859809875488,0.6000000238418579,0.800000011920929,0.800000011920929
29,9,-0.05982402339577675,1.030363917350769,1.0,1.0,1.0
29,10,-13.990038871765137,105.99016571044922,0.6666666865348816,0.6666666865348816,0.6666666865348816
29,11,-10.07016372680664,28.694950103759766,0.3333333432674408,0.6666666865348816,1.0
29,12,-1.226502537727356,1.8464248180389404,1.0,1.0,1.0
29,13,-10.718696594238281,212.58636474609375,0.5,0.5,1.0
29,14,-3.828549385070801,3.5829379558563232,0.3333333432674408,1.0,1.0
29,15,-7.125164985656738,5.93751859664917,0.75,0.75,1.0
29,16,-5.749512672424316,6.79715633392334,0.6666666865348816,0.6666666865348816,1.0
29,17,-4.979655742645264,5.258707523345947,0.6666666865348816,1.0,1.0
29,18,-3.1045167446136475,2.1730446815490723,0.75,1.0,1.0
29,19,-9.298574447631836,4.71035099029541,0.6666666865348816,0.8333333730697632,1.0
29,20,-3.578240394592285,2.4462594985961914,0.75,1.0,1.0
29,21,-5.5509934425354,6.361926555633545,0.3333333432674408,0.6666666865348816,1.0
29,22,-6.316376686096191,23.527935028076172,0.5,0.5,1.0
29,23,-12.657809257507324,8.245229721069336,0.5,0.8333333730697632,1.0
29,24,-1.8369961977005005,6.277653217315674,0.0,1.0,1.0
29,25,-29.745502471923828,6.417919158935547,0.4375,0.9375,1.0
29,26,-0.7311688661575317,1.4413561820983887,1.0,1.0,1.0
29,27,-6.328357696533203,4.865110397338867,0.75,1.0,1.0
29,28,-8.321233749389648,16.018505096435547,0.0,0.6666666865348816,1.0
29,29,-1.257164716720581,3.515439987182617,1.0,1.0,1.0
29,30,-9.306280136108398,104.91390228271484,0.5,0.5,0.5
29,31,-0.5614101886749268,1.3240630626678467,1.0,1.0,1.0
29,32,-5.9217071533203125,19.314451217651367,0.5,0.5,1.0
29,33,-1.2583388090133667,1.8760517835617065,1.0,1.0,1.0
29,34,-1.5629606246948242,4.772931098937988,0.0,1.0,1.0
29,35,-4.005032539367676,7.407672882080078,0.5,1.0,1.0
29,36,-5.512340068817139,3.967296838760376,0.5,1.0,1.0
29,37,-4.326717853546143,4.230157852172852,0.6666666865348816,0.6666666865348816,1.0
29,38,-12.286683082580566,21.577924728393555,0.25,0.5,1.0
29,39,-2.6069374084472656,3.682046413421631,0.5,1.0,1.0
29,40,-15.935812950134277,202.7427215576172,0.0,0.3333333432674408,0.6666666865348816
29,41,-13.93191909790039,10.195907592773438,0.5,0.8333333730697632,1.0
29,42,-7.446335792541504,41.39532470703125,0.5,0.5,1.0
29,43,-4.486386775970459,2.452915668487549,0.800000011920929,1.0,1.0
29,44,-8.247644424438477,61.794986724853516,0.0,0.5,1.0
29,45,-7.002833843231201,33.16240692138672,0.5,0.5,1.0
29,46,-19.373228073120117,11.264470100402832,0.5,0.625,1.0
29,47,-18.997159957885742,23.71702766418457,0.5,0.8333333730697632,0.8333333730697632
29,48,-5.196645736694336,180.66522216796875,0.0,0.0,1.0
29,49,-9.210838317871094,100.02489471435547,0.0,0.5,1.0
29,50,-5.513519287109375,15.74872875213623,0.5,1.0,1.0
29,51,-0.3890799880027771,1.2147520780563354,1.0,1.0,1.0
29,52,-4.328398704528809,4.2325286865234375,0.6666666865348816,1.0,1.0
29,53,-19.34636878967285,15.85947322845459,0.4285714626312256,0.7142857313156128,1.0
29,54,-8.36647891998291,16.261920928955078,0.3333333432674408,0.6666666865348816,1.0
29,55,-9.677976608276367,126.34147644042969,0.5,0.5,0.5
29,56,-16.750879287719727,28.507747650146484,0.4000000059604645,0.6000000238418579,0.800000011920929
29,57,-1.7124290466308594,5.542407989501953,1.0,1.0,1.0
29,58,-11.041353225708008,4.842040538787842,0.5714285969734192,1.0,1.0
29,59,-5.391357421875,14.815570831298828,0.0,1.0,1.0
29,60,-1.582504153251648,1.2536659240722656,1.0,1.0,1.0
29,61,-7.616937160491943,45.08134841918945,0.5,0.5,1.0
29,62,-4.401023864746094,81.53430938720703,0.0,1.0,1.0
29,63,-9.400335311889648,10.486449241638184,0.5,0.75,1.0
29,64,-0.6799696087837219,1.9738177061080933,1.0,1.0,1.0
29,65,-5.030033588409424,12.366816520690918,0.0,1.0,1.0
29,66,-7.177196979522705,4.20149040222168,0.800000011920929,0.800000011920929,1.0
29,67,-10.940023422241211,8.917402267456055,0.800000011920929,0.800000011920929,0.800000011920929
29,68,-38.91065216064453,48.963008880615234,0.30000001192092896,0.6000000238418579,0.800000011920929
29,69,-20.909421920776367,32.61928176879883,0.5,0.6666666865348816,0.8333333730697632
29,70,-12.601733207702637,23.346179962158203,0.5,0.5,1.0
29,71,-7.989504814147949,54.31239318847656,0.5,0.5,1.0
29,72,-3.7466118335723877,2.5514273643493652,0.5,1.0,1.0
29,73,-7.22847843170166,1378.1240234375,0.0,0.0,1.0
29,74,-15.38431167602539,46.809112548828125,0.25,0.75,0.75
29,75,-2.3987245559692383,3.318000316619873,1.0,1.0,1.0
29,76,-1.974198818206787,1.9310545921325684,0.6666666865348816,1.0,1.0
29,77,-4.681476593017578,2.182009220123291,0.8333333730697632,1.0,1.0
29,78,-11.995290756225586,20.061904907226562,0.75,0.75,0.75
29,79,-5.0078535079956055,3.4972026348114014,0.75,1.0,1.0
29,80,-6.008319854736328,7.409576416015625,0.6666666865348816,0.6666666865348816,1.0
29,81,-6.662234306335449,2.299701452255249,0.75,1.0,1.0
29,82,-11.741501808166504,50.09062194824219,0.3333333432674408,0.6666666865348816,0.6666666865348816
29,83,-3.808440923690796,45.080101013183594,0.0,1.0,1.0
29,84,-12.18033218383789,11.427999496459961,0.4000000059604645,0.6000000238418579,1.0
29,85,-3.600405693054199,6.050875186920166,0.0,1.0,1.0
29,86,-26.692813873291016,14.429597854614258,0.6000000238418579,0.699999988079071,0.9000000357627869
29,87,-10.786279678344727,4.668776988983154,0.5714285969734192,0.8571429252624512,1.0
29,88,-3.5713088512420654,5.963481426239014,0.5,1.0,1.0
29,89,-37.504737854003906,1809.75634765625,0.20000000298023224,0.20000000298023224,0.6000000238418579
29,90,-10.287501335144043,5.554361820220947,0.5,1.0,1.0
29,91,-1.1275606155395508,1.75730299949646,1.0,1.0,1.0
29,92,-23.82079315185547,52.99153137207031,0.5,0.6666666865348816,0.6666666865348816
29,93,-1.4405319690704346,1.6163610219955444,0.6666666865348816,1.0,1.0
29,94,-10.623290061950684,14.236690521240234,0.25,0.75,1.0
29,95,-4.962179183959961,11.954282760620117,0.5,0.5,1.0
29,96,-9.055116653442383,9.61937427520752,0.5,0.75,1.0
29,97,-9.234928131103516,10.06165885925293,0.5,0.75,1.0
29,98,-21.286815643310547,8.403779983520508,0.5,0.800000011920929,1.0
29,99,-8.325209617614746,16.039749145507812,0.3333333432674408,1.0,1.0
29,100,-6.850644111633301,30.732540130615234,0.0,1.0,1.0
29,101,-7.118408203125,5.927497386932373,0.5,1.0,1.0
29,102,-1.9544142484664917,2.657025098800659,1.0,1.0,1.0
29,103,-0.440027117729187,1.246093511581421,1.0,1.0,1.0
29,104,-4.500401973724365,2.1171419620513916,0.8333333730697632,1.0,1.0
29,105,-9.930418014526367,27.38894271850586,0.3333333432674408,0.3333333432674408,1.0
29,106,-4.679358005523682,10.377904891967773,0.5,0.5,1.0
29,107,-11.640887260437012,337.12158203125,0.5,0.5,0.5
29,108,-5.573735237121582,16.230100631713867,0.5,0.5,1.0
29,109,-34.15581512451172,44.482269287109375,0.4444444477558136,0.5555555820465088,0.7777777910232544
29,110,-10.146044731140137,159.65614318847656,0.5,0.5,0.5
29,111,-14.906159400939941,19.712085723876953,0.4000000059604645,0.800000011920929,1.0
29,112,-2.7584402561187744,2.507986307144165,0.6666666865348816,1.0,1.0
29,113,-2.0514233112335205,1.9814081192016602,0.6666666865348816,1.0,1.0
29,114,-3.3597044944763184,28.780685424804688,0.0,1.0,1.0
29,115,-11.9592866897583,395.2993469238281,0.0,0.5,0.5
29,116,-2.0184123516082764,2.743422269821167,0.5,1.0,1.0
29,117,-10.061726570129395,2.168376922607422,0.8461538553237915,0.9230769872665405,1.0
29,118,-9.289568901062012,104.04093933105469,0.5,0.5,0.5
29,119,-1.80630362033844,2.46736741065979,0.5,1.0,1.0
29,120,-21.473705291748047,14.646672248840332,0.5,0.75,0.875
29,121,-21.92659568786621,38.64558410644531,0.3333333432674408,0.5,1.0
29,122,-7.334854602813721,3.3955841064453125,0.6666666865348816,1.0,1.0
29,123,-16.239702224731445,57.969993591308594,0.5,0.75,0.75
29,124,-9.81274700164795,7.117449760437012,0.6000000238418579,0.6000000238418579,1.0
29,125,-9.3379487991333,10.324164390563965,0.5,0.75,1.0
29,126,-15.421722412109375,47.248958587646484,0.5,0.75,0.75
29,127,-3.280527114868164,2.984729290008545,0.6666666865348816,1.0,1.0
29,128,-11.50249195098877,17.736469268798828,0.5,0.5,1.0
29,129,-2.9995386600494385,20.07627296447754,0.0,1.0,1.0
29,130,-12.100814819335938,56.46410369873047,0.6666666865348816,0.6666666865348816,0.6666666865348816
29,131,-9.333131790161133,6.466444492340088,0.6000000238418579,1.0,1.0
29,132,-2.765793800354004,15.89164924621582,0.0,1.0,1.0
29,133,-3.4894402027130127,5.724299430847168,0.5,1.0,1.0
29,134,-11.774028778076172,360.327880859375,0.0,0.0,1.0
29,135,-1.528761386871338,1.6646037101745605,0.6666666865348816,1.0,1.0
29,136,-6.605100631713867,27.181875228881836,0.0,0.5,1.0
29,137,-14.28799057006836,1266.478271484375,0.5,0.5,0.5
29,138,-6.1582183837890625,7.789209365844727,0.6666666865348816,0.6666666865348816,1.0
29,139,-5.782296657562256,3.1786587238311768,0.6000000238418579,1.0,1.0
29,140,-6.890678882598877,9.943239212036133,0.3333333432674408,1.0,1.0
29,141,-9.498411178588867,10.746744155883789,0.25,1.0,1.0
29,142,-14.628719329833984,18.64809226989746,0.4000000059604645,0.800000011920929,0.800000011920929
29,143,-12.268306732177734,461.34832763671875,0.0,0.5,1.0
29,144,-17.236669540405273,74.37853240966797,0.5,0.75,0.75
29,145,-21.065658569335938,8.219964981079102,0.5,0.800000011920929,1.0
29,146,-12.101218223571777,56.47169494628906,0.0,0.6666666865348816,1.0
29,147,-2.956326723098755,4.384884834289551,0.5,1.0,1.0
29,148,-10.12382984161377,157.892578125,0.5,0.5,0.5
30,0,-9.355063438415527,107.50439453125,0.5,0.5,0.5
30,1,-10.946002006530762,3.9284706115722656,0.75,0.875,1.0
30,2,-10.772516250610352,218.3846893310547,0.5,0.5,0.5
30,3,-5.339041709899902,208.31298828125,0.0,1.0,1.0
30,4,-10.741706848144531,215.0463104248047,0.5,0.5,0.5
30,5,-0.5490420460700989,1.3159003257751465,1.0,1.0,1.0
30,6,-1.1564298868179321,1.4703149795532227,1.0,1.0,1.0
30,7,-5.309049129486084,14.21822452545166,0.5,0.5,1.0
30,8,-11.382545471191406,9.742609024047852,0.6000000238418579,0.800000011920929,0.800000011920929
30,9,-0.060067906975746155,1.0304895639419556,1.0,1.0,1.0
30,10,-14.001360893249512,106.39094543457031,0.6666666865348816,0.6666666865348816,0.6666666865348816
30,11,-10.048918724060059,28.492464065551758,0.3333333432674408,0.6666666865348816,1.0
30,12,-1.2073324918746948,1.8288114070892334,1.0,1.0,1.0
30,13,-10.852190971374512,227.2601776123047,0.5,0.5,1.0
30,14,-3.812426805496216,3.5637340545654297,0.3333333432674408,1.0,1.0
30,15,-7.103930473327637,5.906081676483154,0.75,0.75,1.0
30,16,-5.734163284301758,6.762466907501221,0.6666666865348816,0.6666666865348816,1.0
30,17,-4.928042411804199,5.169007778167725,0.6666666865348816,1.0,1.0
30,18,-3.098989486694336,2.1700439453125,0.75,1.0,1.0
30,19,-9.132949829101562,4.582103729248047,0.6666666865348816,0.8333333730697632,1.0
30,20,-3.5137991905212402,2.407165288925171,0.75,1.0,1.0
30,21,-5.517853260040283,6.29203462600708,0.3333333432674408,0.6666666865348816,1.0
30,22,-6.359720230102539,24.04339027404785,0.5,0.5,1.0
30,23,-12.66610336303711,8.256635665893555,0.5,0.8333333730697632,1.0
30,24,-1.8439030647277832,6.321162223815918,0.0,1.0,1.0
30,25,-29.675457000732422,6.389883995056152,0.4375,0.9375,1.0
30,26,-0.6921342015266418,1.4134974479675293,1.0,1.0,1.0
30,27,-6.308413505554199,4.84091329574585,0.75,1.0,1.0
30,28,-8.286441802978516,15.8338041305542,0.0,0.6666666865348816,1.0
30,29,-1.1954513788223267,3.305049180984497,1.0,1.0,1.0
30,30,-9.32555103302002,105.92969512939453,0.5,0.5,0.5
30,31,-0.5680433511734009,1.328461766242981,1.0,1.0,1.0
30,32,-5.827954292297363,18.42995262145996,0.5,0.5,1.0
30,33,-1.2556487321853638,1.8735300302505493,1.0,1.0,1.0
30,34,-1.5349470376968384,4.641079425811768,0.0,1.0,1.0
30,35,-3.9834864139556885,7.3282976150512695,0.5,1.0,1.0
30,36,-5.469368934631348,3.924905300140381,0.5,1.0,1.0
30,37,-4.370509624481201,4.292359352111816,0.6666666865348816,0.6666666865348816,1.0
30,38,-12.355904579162598,21.954586029052734,0.25,0.5,1.0
30,39,-2.645260810852051,3.7532808780670166,0.5,1.0,1.0
30,40,-16.026451110839844,208.96153259277344,0.0,0.3333333432674408,0.6666666865348816
30,41,-14.113138198852539,10.50855541229248,0.5,0.8333333730697632,1.0
30,42,-7.449344635009766,41.457645416259766,0.5,0.5,1.0
30,43,-4.396859169006348,2.4093856811523438,0.800000011920929,1.0,1.0
30,44,-8.248456954956055,61.820098876953125,0.0,0.5,1.0
30,45,-6.903983116149902,31.563190460205078,0.5,0.5,1.0
30,46,-19.260967254638672,11.107503890991211,0.5,0.625,1.0
30,47,-19.146039962768555,24.312891006469727,0.5,0.8333333730697632,0.8333333730697632
30,48,-5.067592620849609,158.79159545898438,0.0,0.0,1.0
30,49,-9.012140274047852,90.5652084350586,0.0,0.5,1.0
30,50,-5.420592308044434,15.033726692199707,0.5,1.0,1.0
30,51,-0.3508261442184448,1.1917383670806885,1.0,1.0,1.0
30,52,-4.19820499420166,4.052774429321289,0.6666666865348816,1.0,1.0
30,53,-20.143510818481445,17.772357940673828,0.4285714626312256,0.7142857313156128,1.0
30,54,-8.36314868927002,16.243879318237305,0.3333333432674408,0.6666666865348816,1.0
30,55,-9.617328643798828,122.56780242919922,0.5,0.5,0.5
30,56,-16.84129524230957,29.027942657470703,0.4000000059604645,0.6000000238418579,0.800000011920929
30,57,-1.7306231260299683,5.644169807434082,1.0,1.0,1.0
30,58,-11.000100135803223,4.813588619232178,0.5714285969734192,1.0,1.0
30,59,-5.493054389953613,15.588401794433594,0.0,1.0,1.0
30,60,-1.5837616920471191,1.2538912296295166,1.0,1.0,1.0
30,61,-7.532596588134766,43.219783782958984,0.5,0.5,1.0
30,62,-4.371156692504883,79.13511657714844,0.0,1.0,1.0
30,63,-9.222506523132324,10.030461311340332,0.5,0.75,1.0
30,64,-0.6723019480705261,1.9587409496307373,1.0,1.0,1.0
30,65,-4.990224838256836,12.123096466064453,0.0,1.0,1.0
30,66,-7.194292068481445,4.215880393981934,0.800000011920929,0.800000011920929,1.0
30,67,-11.040266990661621,9.097989082336426,0.800000011920929,0.800000011920929,0.800000011920929
30,68,-38.856834411621094,48.700218200683594,0.20000000298023224,0.6000000238418579,0.800000011920929
30,69,-20.88668441772461,32.495906829833984,0.3333333432674408,0.6666666865348816,0.8333333730697632
30,70,-12.602391242980957,23.350019454956055,0.5,0.5,1.0
30,71,-7.940515041351318,52.9981803894043,0.5,0.5,1.0
30,72,-3.7996981143951416,2.585514545440674,0.5,1.0,1.0
30,73,-7.281986713409424,1453.87353515625,0.0,0.0,1.0
30,74,-15.444083213806152,47.51382827758789,0.25,0.75,0.75
30,75,-2.372886896133423,3.2754111289978027,1.0,1.0,1.0
30,76,-1.9932039976119995,1.9433268308639526,0.6666666865348816,1.0,1.0
30,77,-4.285482883453369,2.0426483154296875,1.0,1.0,1.0
30,78,-12.111802101135254,20.654857635498047,0.75,0.75,0.75
30,79,-4.832866668701172,3.3475096225738525,0.75,1.0,1.0
30,80,-5.988675117492676,7.361214637756348,0.6666666865348816,0.6666666865348816,1.0
30,81,-6.632931709289551,2.2912933826446533,0.75,1.0,1.0
30,82,-11.670656204223633,48.92158508300781,0.3333333432674408,0.6666666865348816,0.6666666865348816
30,83,-3.835691452026367,46.3254508972168,0.0,1.0,1.0
30,84,-12.153358459472656,11.366514205932617,0.4000000059604645,0.6000000238418579,1.0
30,85,-3.460087299346924,5.640900135040283,0.0,1.0,1.0
30,86,-26.690635681152344,14.426453590393066,0.6000000238418579,0.699999988079071,0.9000000357627869
30,87,-10.75328254699707,4.646820545196533,0.5714285969734192,0.8571429252624512,1.0
30,88,-3.5948233604431152,6.0340094566345215,0.5,1.0,1.0
30,89,-37.6276741027832,1854.8046875,0.20000000298023224,0.20000000298023224,0.6000000238418579
30,90,-10.493032455444336,5.747924327850342,0.5,1.0,1.0
30,91,-1.1237214803695679,1.753933072090149,1.0,1.0,1.0
30,92,-23.796192169189453,52.77470779418945,0.5,0.6666666865348816,0.6666666865348816
30,93,-1.4218846559524536,1.606345295906067,0.6666666865348816,1.0,1.0
30,94,-10.870477676391602,15.144227027893066,0.25,0.75,1.0
30,95,-4.919301986694336,11.700727462768555,0.5,0.5,1.0
30,96,-9.098832130432129,9.725078582763672,0.5,0.75,1.0
30,97,-9.324422836303711,10.289312362670898,0.5,0.75,1.0
30,98,-21.294437408447266,8.410186767578125,0.4000000059604645,0.800000011920929,1.0
30,99,-8.282989501953125,15.815596580505371,0.3333333432674408,1.0,1.0
30,100,-6.886236190795898,31.284353256225586,0.0,1.0,1.0
30,101,-7.010011196136475,5.769023895263672,0.5,1.0,1.0
30,102,-1.9248493909835815,2.6180367469787598,1.0,1.0,1.0
30,103,-0.4308084547519684,1.2403632402420044,1.0,1.0,1.0
30,104,-4.439199447631836,2.095655918121338,0.8333333730697632,1.0,1.0
30,105,-9.801933288574219,26.240684509277344,0.3333333432674408,0.3333333432674408,1.0
30,106,-4.698967933654785,10.4801607131958,0.5,0.5,1.0
30,107,-11.758662223815918,357.5699768066406,0.5,0.5,0.5
30,108,-5.658426284790039,16.932132720947266,0.5,0.5,1.0
30,109,-34.17631912231445,44.583717346191406,0.4444444477558136,0.5555555820465088,0.7777777910232544
30,110,-10.08021354675293,154.48651123046875,0.5,0.5,0.5
30,111,-14.921065330505371,19.770938873291016,0.4000000059604645,0.800000011920929,1.0
30,112,-2.5739970207214355,2.3584368228912354,0.6666666865348816,1.0,1.0
30,113,-2.07255220413208,1.9954124689102173,0.6666666865348816,1.0,1.0
30,114,-3.266777276992798,26.226682662963867,0.0,1.0,1.0
30,115,-11.934884071350098,390.5055236816406,0.0,0.5,0.5
30,116,-2.0902462005615234,2.8437485694885254,0.5,1.0,1.0
30,117,-10.223125457763672,2.1954658031463623,0.8461538553237915,0.9230769872665405,1.0
30,118,-9.217227935791016,100.344970703125,0.5,0.5,0.5
30,119,-1.9283350706100464,2.622603416442871,0.5,1.0,1.0
30,120,-21.444660186767578,14.593592643737793,0.5,0.75,0.875
30,121,-21.62500762939453,36.75109100341797,0.3333333432674408,0.5,1.0
30,122,-7.5549187660217285,3.522437334060669,0.6666666865348816,1.0,1.0
30,123,-16.290569305419922,58.711891174316406,0.5,0.75,0.75
30,124,-9.81137466430664,7.1154961585998535,0.6000000238418579,0.800000011920929,1.0
30,125,-9.286736488342285,10.192826271057129,0.5,0.75,1.0
30,126,-15.512124061584473,48.32896423339844,0.5,0.75,0.75
30,127,-3.264274835586548,2.9686033725738525,0.6666666865348816,1.0,1.0
30,128,-11.602787017822266,18.186813354492188,0.5,0.5,1.0
30,129,-3.0005502700805664,20.096593856811523,0.0,1.0,1.0
30,130,-12.050495147705078,55.52491760253906,0.6666666865348816,0.6666666865348816,0.6666666865348816
30,131,-9.345651626586914,6.482656478881836,0.6000000238418579,1.0,1.0
30,132,-2.6738243103027344,14.495298385620117,0.0,1.0,1.0
30,133,-3.4302573204040527,5.557390213012695,0.5,1.0,1.0
30,134,-11.926111221313477,388.79632568359375,0.0,0.0,1.0
30,135,-1.5200456380844116,1.659774661064148,0.6666666865348816,1.0,1.0
30,136,-6.674333572387695,28.1392879486084,0.0,0.5,1.0
30,137,-14.11866283416748,1163.6669921875,0.5,0.5,0.5
30,138,-6.216265678405762,7.941391468048096,0.6666666865348816,0.6666666865348816,1.0
30,139,-5.805283546447754,3.1933059692382812,0.6000000238418579,1.0,1.0
30,140,-6.824777603149414,9.727197647094727,0.3333333432674408,1.0,1.0
30,141,-9.606080055236816,11.039944648742676,0.25,1.0,1.0
30,142,-14.840603828430176,19.455326080322266,0.4000000059604645,0.800000011920929,0.800000011920929
30,143,-12.22319221496582,451.05804443359375,0.0,0.5,1.0
30,144,-17.191184997558594,73.53755950927734,0.5,0.75,0.75
30,145,-20.921430587768555,8.102259635925293,0.5,0.800000011920929,1.0
30,146,-12.201297760009766,58.3873405456543,0.0,0.6666666865348816,1.0
30,147,-2.885275363922119,4.2318434715271,0.5,1.0,1.0
30,148,-10.156790733337402,160.5162811279297,0.5,0.5,0.5
31,0,-9.450148582458496,112.73887634277344,0.5,0.5,0.5
31,1,-10.891939163208008,3.9020121097564697,0.75,0.875,1.0
31,2,-10.833634376525879,225.1613311767578,0.5,0.5,0.5
31,3,-5.300759792327881,200.4890899658203,0.0,1.0,1.0
31,4,-11.044483184814453,250.19525146484375,0.5,0.5,0.5
31,5,-0.5216073393821716,1.2979727983474731,1.0,1.0,1.0
31,6,-1.0000863075256348,1.3956525325775146,1.0,1.0,1.0
31,7,-5.061779975891113,12.56468391418457,0.5,0.5,1.0
31,8,-11.508238792419434,9.990630149841309,0.6000000238418579,0.800000011920929,0.800000011920929
31,9,-0.059448979794979095,1.0301706790924072,1.0,1.0,1.0
31,10,-13.983217239379883,105.7494125366211,0.6666666865348816,0.6666666865348816,0.6666666865348816
31,11,-10.074502944946289,28.736488342285156,0.3333333432674408,0.6666666865348816,1.0
31,12,-1.2106763124465942,1.831871509552002,1.0,1.0,1.0
31,13,-10.867281913757324,228.98146057128906,0.5,0.5,1.0
31,14,-3.7924013137817383,3.540024995803833,0.3333333432674408,1.0,1.0
31,15,-7.1091742515563965,5.913829326629639,0.75,0.75,1.0
31,16,-5.701247692108154,6.688675880432129,0.6666666865348816,0.6666666865348816,1.0
31,17,-4.890047073364258,5.103954792022705,0.6666666865348816,1.0,1.0
31,18,-3.0759084224700928,2.1575582027435303,0.75,1.0,1.0
31,19,-9.00906753540039,4.488466739654541,0.6666666865348816,0.8333333730697632,1.0
31,20,-3.5180747509002686,2.4097397327423096,0.75,1.0,1.0
31,21,-5.547929763793945,6.355432510375977,0.3333333432674408,0.6666666865348816,1.0
31,22,-6.376868724822998,24.250429153442383,0.5,0.5,1.0
31,23,-12.550891876220703,8.099603652954102,0.5,0.8333333730697632,1.0
31,24,-1.8674800395965576,6.4719672203063965,0.0,1.0,1.0
31,25,-29.833229064941406,6.453204154968262,0.375,0.9375,1.0
31,26,-0.7076165080070496,1.4244821071624756,1.0,1.0,1.0
31,27,-6.281374931335449,4.808300971984863,0.75,1.0,1.0
31,28,-8.263008117675781,15.710607528686523,0.0,0.6666666865348816,1.0
31,29,-1.2147706747055054,3.369521141052246,1.0,1.0,1.0
31,30,-9.375652313232422,108.61681365966797,0.5,0.5,0.5
31,31,-0.5763236284255981,1.3339730501174927,1.0,1.0,1.0
31,32,-5.769959449768066,17.9032039642334,0.5,0.5,1.0
31,33,-1.2682957649230957,1.8854148387908936,1.0,1.0,1.0
31,34,-1.5371853113174438,4.651479244232178,0.0,1.0,1.0
31,35,-3.976290702819824,7.301979064941406,0.5,1.0,1.0
31,36,-5.451919078826904,3.907820463180542,0.75,1.0,1.0
31,37,-4.455426216125488,4.415592670440674,0.6666666865348816,0.6666666865348816,1.0
31,38,-12.257462501525879,21.420867919921875,0.25,0.5,1.0
31,39,-2.637092113494873,3.7379825115203857,0.5,1.0,1.0
31,40,-16.017305374145508,208.32550048828125,0.0,0.3333333432674408,0.6666666865348816
31,41,-13.768082618713379,9.921263694763184,0.5,0.8333333730697632,1.0
31,42,-7.498100757598877,42.48072052001953,0.5,0.5,1.0
31,43,-4.470071792602539,2.444924831390381,0.800000011920929,1.0,1.0
31,44,-8.188163757324219,59.9842414855957,0.0,0.5,1.0
31,45,-6.83861780166626,30.548295974731445,0.5,0.5,1.0
31,46,-19.23863983154297,11.076547622680664,0.5,0.625,1.0
31,47,-19.334959030151367,25.09059715270996,0.5,0.8333333730697632,0.8333333730697632
31,48,-5.0724029541015625,159.55728149414062,0.0,0.0,1.0
31,49,-8.92495346069336,86.70198059082031,0.0,0.5,1.0
31,50,-5.37156867980957,14.669703483581543,0.5,1.0,1.0
31,51,-0.35152092576026917,1.1921523809432983,1.0,1.0,1.0
31,52,-4.14088249206543,3.9760708808898926,0.6666666865348816,1.0,1.0
31,53,-20.735048294067383,19.33950424194336,0.2857142984867096,0.7142857313156128,1.0
31,54,-8.285537719726562,15.829033851623535,0.3333333432674408,0.6666666865348816,1.0
31,55,-9.648554801940918,124.49647521972656,0.5,0.5,0.5
31,56,-16.709768295288086,28.27431297302246,0.4000000059604645,0.6000000238418579,0.800000011920929
31,57,-1.722776174545288,5.600053787231445,1.0,1.0,1.0
31,58,-10.963062286376953,4.788186550140381,0.5714285969734192,1.0,1.0
31,59,-5.4890899658203125,15.557533264160156,0.0,1.0,1.0
31,60,-1.5526138544082642,1.2483241558074951,1.0,1.0,1.0
31,61,-7.525524139404297,43.06721878051758,0.5,0.5,1.0
31,62,-4.356512546539307,77.98469543457031,0.0,1.0,1.0
31,63,-9.249185562133789,10.097585678100586,0.5,0.75,1.0
31,64,-0.652362048625946,1.920070767402649,1.0,1.0,1.0
31,65,-4.902608871459961,11.603472709655762,0.0,1.0,1.0
31,66,-7.229216575622559,4.245430946350098,0.800000011920929,0.800000011920929,1.0
31,67,-11.239770889282227,9.468344688415527,0.800000011920929,0.800000011920929,0.800000011920929
31,68,-39.31092071533203,50.96260070800781,0.20000000298023224,0.6000000238418579,0.800000011920929
31,69,-20.904998779296875,32.595245361328125,0.3333333432674408,0.6666666865348816,0.8333333730697632
31,70,-12.576087951660156,23.196977615356445,0.5,0.5,1.0
31,71,-7.748584747314453,48.14861297607422,0.5,0.5,1.0
31,72,-3.9133217334747314,2.6600112915039062,0.5,1.0,1.0
31,73,-7.231925010681152,1382.8819580078125,0.0,0.0,1.0
31,74,-15.471683502197266,47.842811584472656,0.25,0.75,0.75
31,75,-2.3333828449249268,3.2113499641418457,1.0,1.0,1.0
31,76,-1.9442508220672607,1.911873459815979,0.6666666865348816,1.0,1.0
31,77,-3.9409921169281006,1.9286726713180542,1.0,1.0,1.0
31,78,-12.124927520751953,20.722745895385742,0.75,0.75,0.75
31,79,-4.780561923980713,3.3040218353271484,0.75,1.0,1.0
31,80,-6.023916244506836,7.448197364807129,0.6666666865348816,0.6666666865348816,1.0
31,81,-6.636972904205322,2.2924511432647705,0.75,1.0,1.0
31,82,-11.544723510742188,46.91048049926758,0.3333333432674408,0.6666666865348816,0.6666666865348816
31,83,-3.763092517852783,43.081451416015625,0.0,1.0,1.0
31,84,-12.04054069519043,11.11291790008545,0.4000000059604645,0.6000000238418579,1.0
31,85,-3.384634017944336,5.432052135467529,0.0,1.0,1.0
31,86,-26.567638397216797,14.25009822845459,0.699999988079071,0.699999988079071,0.9000000357627869
31,87,-10.69069766998291,4.605460166931152,0.5714285969734192,0.8571429252624512,1.0
31,88,-3.5783705711364746,5.984574794769287,0.5,1.0,1.0
31,89,-37.892601013183594,1955.73291015625,0.20000000298023224,0.20000000298023224,0.6000000238418579
31,90,-10.47435188293457,5.730056285858154,0.5,1.0,1.0
31,91,-1.0611475706100464,1.6999074220657349,1.0,1.0,1.0
31,92,-23.69292640686035,51.87417221069336,0.5,0.6666666865348816,0.8333333730697632
31,93,-1.4609315395355225,1.6273895502090454,0.6666666865348816,1.0,1.0
31,94,-11.106090545654297,16.063068389892578,0.25,0.75,1.0
31,95,-4.874057292938232,11.43900203704834,0.5,0.5,1.0
31,96,-9.133599281311035,9.809975624084473,0.5,0.75,1.0
31,97,-9.320879936218262,10.280202865600586,0.5,0.75,1.0
31,98,-21.2718505859375,8.391213417053223,0.4000000059604645,0.800000011920929,1.0
31,99,-8.275426864624023,15.775774955749512,0.3333333432674408,1.0,1.0
31,100,-6.921736717224121,31.84461784362793,0.0,1.0,1.0
31,101,-6.969087600708008,5.710301876068115,0.5,1.0,1.0
31,102,-1.9487073421478271,2.649454355239868,1.0,1.0,1.0
31,103,-0.4100033938884735,1.227527141571045,1.0,1.0,1.0
31,104,-4.450173854827881,2.0994925498962402,0.8333333730697632,1.0,1.0
31,105,-9.731008529663086,25.62759017944336,0.3333333432674408,0.3333333432674408,1.0
31,106,-4.619356632232666,10.071184158325195,0.5,0.5,1.0
31,107,-11.850838661193848,374.4353942871094,0.5,0.5,0.5
31,108,-5.872123718261719,18.841501235961914,0.5,0.5,1.0
31,109,-34.43339157104492,45.87556076049805,0.4444444477558136,0.5555555820465088,0.7777777910232544
31,110,-10.033475875854492,150.91819763183594,0.5,0.5,0.5
31,111,-14.975395202636719,19.986940383911133,0.4000000059604645,0.800000011920929,1.0
31,112,-2.5252182483673096,2.320399761199951,0.6666666865348816,1.0,1.0
31,113,-2.0295727252960205,1.9670288562774658,0.6666666865348816,1.0,1.0
31,114,-3.3542838096618652,28.625097274780273,0.0,1.0,1.0
31,115,-11.975421905517578,398.5013732910156,0.0,0.5,0.5
31,116,-2.1468281745910645,2.9253499507904053,0.5,1.0,1.0
31,117,-10.46235179901123,2.236240863800049,0.8461538553237915,0.9230769872665405,1.0
31,118,-9.166032791137695,97.80897521972656,0.5,0.5,0.5
31,119,-1.9964368343353271,2.7134432792663574,0.5,1.0,1.0
31,120,-21.347686767578125,14.417760848999023,0.5,0.75,0.875
31,121,-21.47873306274414,35.865966796875,0.3333333432674408,0.5,1.0
31,122,-7.495410442352295,3.4876739978790283,0.6666666865348816,1.0,1.0
31,123,-16.306228637695312,58.94219207763672,0.5,0.75,0.75
31,124,-9.977352142333984,7.3556623458862305,0.6000000238418579,0.6000000238418579,1.0
31,125,-9.340359687805176,10.330389022827148,0.5,0.75,1.0
31,126,-15.537824630737305,48.640480041503906,0.5,0.75,0.75
31,127,-3.2377092838287354,2.942431926727295,0.6666666865348816,1.0,1.0
31,128,-11.68678092956543,18.57274627685547,0.5,0.5,1.0
31,129,-2.9862661361694336,19.81157112121582,0.0,1.0,1.0
31,130,-12.028650283813477,55.12206268310547,0.6666666865348816,0.6666666865348816,0.6666666865348816
31,131,-9.35756778717041,6.498125076293945,0.6000000238418579,1.0,1.0
31,132,-2.562304973602295,12.965668678283691,0.0,1.0,1.0
31,133,-3.3839468955993652,5.4301862716674805,0.5,1.0,1.0
31,134,-11.971146583557129,397.65045166015625,0.0,0.0,1.0
31,135,-1.5248297452926636,1.6624236106872559,0.6666666865348816,1.0,1.0
31,136,-6.577960014343262,26.81549835205078,0.5,0.5,1.0
31,137,-14.119688987731934,1164.26416015625,0.5,0.5,0.5
31,138,-6.154922962188721,7.780658721923828,0.6666666865348816,0.6666666865348816,1.0
31,139,-5.7390456199646,3.1512813568115234,0.6000000238418579,1.0,1.0
31,140,-6.791424751281738,9.619653701782227,0.3333333432674408,1.0,1.0
31,141,-9.648270606994629,11.157005310058594,0.25,1.0,1.0
31,142,-14.87668514251709,19.596227645874023,0.20000000298023224,0.800000011920929,0.800000011920929
31,143,-12.174371719360352,440.1809387207031,0.0,0.5,1.0
31,144,-17.210575103759766,73.8948974609375,0.5,0.75,0.75
31,145,-20.74384880065918,7.959649562835693,0.5,0.800000011920929,1.0
31,146,-12.239147186279297,59.128658294677734,0.0,0.6666666865348816,1.0
31,147,-2.873088836669922,4.206136226654053,0.5,1.0,1.0
31,148,-10.202463150024414,164.22402954101562,0.5,0.5,0.5
32,0,-9.505695343017578,115.91390228271484,0.5,0.5,0.5
32,1,-10.949284553527832,3.9300830364227295,0.75,0.875,1.0
32,2,-10.75786304473877,216.79052734375,0.5,0.5,0.5
32,3,-5.352046012878418,211.03964233398438,0.0,1.0,1.0
32,4,-11.478381156921387,310.812744140625,0.5,0.5,0.5
32,5,-0.5160293579101562,1.2943578958511353,1.0,1.0,1.0
32,6,-0.8999106287956238,1.3498185873031616,1.0,1.0,1.0
32,7,-4.923305511474609,11.724173545837402,0.5,0.5,1.0
32,8,-11.657583236694336,10.293542861938477,0.6000000238418579,0.800000011920929,0.800000011920929
32,9,-0.055483344942331314,1.028130054473877,1.0,1.0,1.0
32,10,-14.02303409576416,107.16230773925781,0.6666666865348816,0.6666666865348816,0.6666666865348816
32,11,-10.103717803955078,29.017696380615234,0.3333333432674408,0.6666666865348816,1.0
32,12,-1.1701518297195435,1.795127272605896,1.0,1.0,1.0
32,13,-10.968990325927734,240.92730712890625,0.5,0.5,1.0
32,14,-3.7696943283081055,3.513331413269043,0.3333333432674408,1.0,1.0
32,15,-7.072232246398926,5.859463691711426,0.75,0.75,1.0
32,16,-5.658618927001953,6.594304084777832,0.6666666865348816,0.6666666865348816,1.0
32,17,-4.872167587280273,5.07362699508667,0.6666666865348816,1.0,1.0
32,18,-3.128345251083374,2.186028242111206,0.75,1.0,1.0
32,19,-8.851025581359863,4.371783256530762,0.6666666865348816,0.8333333730697632,1.0
32,20,-3.456949472427368,2.3731956481933594,0.75,1.0,1.0
32,21,-5.586580753326416,6.437843322753906,0.3333333432674408,0.6666666865348816,1.0
32,22,-6.431684970855713,24.92428207397461,0.5,0.5,1.0
32,23,-12.607070922851562,8.175798416137695,0.5,0.8333333730697632,1.0
32,24,-1.8803515434265137,6.555809020996094,0.0,1.0,1.0
32,25,-29.838050842285156,6.4551496505737305,0.375,0.875,1.0
32,26,-0.6894216537475586,1.4115816354751587,1.0,1.0,1.0
32,27,-6.240968704223633,4.759973526000977,0.75,1.0,1.0
32,28,-8.312372207641602,15.971259117126465,0.0,0.6666666865348816,1.0
32,29,-1.1772829294204712,3.245543956756592,1.0,1.0,1.0
32,30,-9.478583335876465,114.35317993164062,0.5,0.5,0.5
32,31,-0.5474908351898193,1.3148800134658813,1.0,1.0,1.0
32,32,-5.6592559814453125,16.939157485961914,0.5,0.5,1.0
32,33,-1.2778739929199219,1.8944659233093262,1.0,1.0,1.0
32,34,-1.5056228637695312,4.506959915161133,0.0,1.0,1.0
32,35,-4.014735221862793,7.443696975708008,0.5,1.0,1.0
32,36,-5.457767486572266,3.9135379791259766,0.75,1.0,1.0
32,37,-4.382907867431641,4.310135364532471,0.6666666865348816,0.6666666865348816,1.0
32,38,-12.303378105163574,21.66817283630371,0.25,0.5,1.0
32,39,-2.694082498550415,3.846029043197632,0.5,1.0,1.0
32,40,-16.117870330810547,215.4272918701172,0.0,0.3333333432674408,0.6666666865348816
32,41,-13.168035507202148,8.97706127166748,0.5,0.8333333730697632,1.0
32,42,-7.511360168457031,42.7632942199707,0.5,0.5,1.0
32,43,-4.462640762329102,2.441293954849243,0.800000011920929,1.0,1.0
32,44,-8.23037052154541,61.26356506347656,0.0,0.5,1.0
32,45,-6.822834014892578,30.30815887451172,0.5,0.5,1.0
32,46,-19.232105255126953,11.067502975463867,0.5,0.625,1.0
32,47,-20.012880325317383,28.09186363220215,0.5,0.8333333730697632,0.8333333730697632
32,48,-5.189239501953125,179.3321075439453,0.0,0.0,1.0
32,49,-8.902236938476562,85.72277069091797,0.0,0.5,1.0
32,50,-5.333673477172852,14.394364356994629,0.5,1.0,1.0
32,51,-0.3488612473011017,1.1905680894851685,1.0,1.0,1.0
32,52,-4.020911693572998,3.820204496383667,0.6666666865348816,1.0,1.0
32,53,-20.983741760253906,20.0389404296875,0.2857142984867096,0.7142857313156128,1.0
32,54,-8.40121841430664,16.45132827758789,0.3333333432674408,0.6666666865348816,1.0
32,55,-9.718756675720215,128.9440155029297,0.5,0.5,0.5
32,56,-16.945518493652344,29.639373779296875,0.4000000059604645,0.6000000238418579,0.800000011920929
32,57,-1.7105202674865723,5.531838417053223,1.0,1.0,1.0
32,58,-10.997631072998047,4.811890602111816,0.5714285969734192,1.0,1.0
32,59,-5.413461685180664,14.98022174835205,0.0,1.0,1.0
32,60,-1.538292407989502,1.2457727193832397,1.0,1.0,1.0
32,61,-7.540964126586914,43.400978088378906,0.5,0.5,1.0
32,62,-4.3817219734191895,79.97563171386719,0.0,1.0,1.0
32,63,-9.200773239135742,9.976110458374023,0.5,0.75,1.0
32,64,-0.6340935230255127,1.8853123188018799,1.0,1.0,1.0
32,65,-4.9263739585876465,11.74217414855957,0.0,1.0,1.0
32,66,-7.196922779083252,4.218099117279053,0.800000011920929,0.800000011920929,1.0
32,67,-11.239350318908691,9.467548370361328,0.800000011920929,0.800000011920929,0.800000011920929
32,68,-39.34131622314453,51.117740631103516,0.20000000298023224,0.6000000238418579,0.800000011920929
32,69,-20.80300521850586,32.04584503173828,0.3333333432674408,0.6666666865348816,0.8333333730697632
32,70,-12.597886085510254,23.3237361907959,0.5,0.5,1.0
32,71,-7.65762996673584,46.00798416137695,0.5,0.5,1.0
32,72,-3.954956293106079,2.6878433227539062,0.5,1.0,1.0
32,73,-7.245100975036621,1401.223388671875,0.0,0.0,1.0
32,74,-15.588651657104492,49.262489318847656,0.25,0.75,0.75
32,75,-2.2740418910980225,3.1174674034118652,1.0,1.0,1.0
32,76,-1.9323251247406006,1.9042882919311523,0.6666666865348816,1.0,1.0
32,77,-3.625082492828369,1.829751968383789,1.0,1.0,1.0
32,78,-12.353096008300781,21.939178466796875,0.75,0.75,0.75
32,79,-4.756802082061768,3.284454345703125,0.75,1.0,1.0
32,80,-6.034422874450684,7.474328994750977,0.6666666865348816,0.6666666865348816,1.0
32,81,-6.624502182006836,2.2888803482055664,0.75,1.0,1.0
32,82,-11.52370548248291,46.582977294921875,0.3333333432674408,0.6666666865348816,0.6666666865348816
32,83,-3.763749599456787,43.10976791381836,0.0,1.0,1.0
32,84,-12.16421127319336,11.391213417053223,0.4000000059604645,0.6000000238418579,1.0
32,85,-3.2245869636535645,5.014298439025879,0.0,1.0,1.0
32,86,-26.742040634155273,14.50080394744873,0.6000000238418579,0.699999988079071,0.9000000357627869
32,87,-10.675440788269043,4.595432758331299,0.5714285969734192,0.8571429252624512,1.0
32,88,-3.589477300643921,6.01790189743042,0.5,1.0,1.0
32,89,-38.10327911376953,2039.89990234375,0.20000000298023224,0.20000000298023224,0.6000000238418579
32,90,-10.42873477935791,5.686656475067139,0.5,1.0,1.0
32,91,-1.0233333110809326,1.6680688858032227,1.0,1.0,1.0
32,92,-23.87395477294922,53.46314239501953,0.5,0.6666666865348816,0.8333333730697632
32,93,-1.5467861890792847,1.6746352910995483,0.6666666865348816,1.0,1.0
32,94,-11.48978328704834,17.680208206176758,0.25,0.75,1.0
32,95,-4.83547306060791,11.220433235168457,0.5,1.0,1.0
32,96,-9.129246711730957,9.799306869506836,0.5,0.75,1.0
32,97,-9.289046287536621,10.198713302612305,0.5,0.75,1.0
32,98,-21.2717227935791,8.391104698181152,0.4000000059604645,0.800000011920929,1.0
32,99,-8.235458374023438,15.566990852355957,0.3333333432674408,1.0,1.0
32,100,-6.912670135498047,31.70058250427246,0.0,1.0,1.0
32,101,-7.0431694984436035,5.817045211791992,0.5,1.0,1.0
32,102,-1.9105280637741089,2.5993566513061523,1.0,1.0,1.0
32,103,-0.3986028730869293,1.2205498218536377,1.0,1.0,1.0
32,104,-4.292446136474609,2.04502010345459,0.8333333730697632,1.0,1.0
32,105,-9.740535736083984,25.709108352661133,0.3333333432674408,0.3333333432674408,1.0
32,106,-4.630377769470215,10.126835823059082,0.5,0.5,1.0
32,107,-11.90886402130127,385.4579162597656,0.5,0.5,0.5
32,108,-6.032730579376221,20.416946411132812,0.5,0.5,1.0
32,109,-34.705352783203125,47.28297805786133,0.4444444477558136,0.5555555820465088,0.7777777910232544
32,110,-9.991008758544922,147.74745178222656,0.5,0.5,0.5
32,111,-14.938376426696777,19.839506149291992,0.4000000059604645,0.800000011920929,1.0
32,112,-2.4332780838012695,2.2503654956817627,0.6666666865348816,1.0,1.0
32,113,-1.9710667133331299,1.9290395975112915,0.6666666865348816,1.0,1.0
32,114,-3.344686508178711,28.3516845703125,0.0,1.0,1.0
32,115,-11.913066864013672,386.268798828125,0.0,0.5,0.5
32,116,-2.1881942749023438,2.986485004425049,0.5,1.0,1.0
32,117,-10.29603385925293,2.2078135013580322,0.8461538553237915,0.9230769872665405,1.0
32,118,-9.283123016357422,103.70616149902344,0.5,0.5,0.5
32,119,-2.108361005783081,2.8696224689483643,0.5,1.0,1.0
32,120,-21.270071029663086,14.278556823730469,0.5,0.75,0.875
32,121,-21.194469451904297,34.20635986328125,0.3333333432674408,0.5,1.0
32,122,-7.4281907081604,3.4488184452056885,0.6666666865348816,1.0,1.0
32,123,-16.461305618286133,61.272212982177734,0.5,0.75,0.75
32,124,-10.169418334960938,7.64371395111084,0.6000000238418579,0.6000000238418579,1.0
32,125,-9.327605247497559,10.297501564025879,0.5,0.75,1.0
32,126,-15.621783256530762,49.672218322753906,0.5,0.75,0.75
32,127,-3.202150344848633,2.9077610969543457,0.6666666865348816,1.0,1.0
32,128,-11.734463691711426,18.795469284057617,0.5,0.5,1.0
32,129,-2.980691432952881,19.701433181762695,0.0,1.0,1.0
32,130,-11.978994369506836,54.217193603515625,0.6666666865348816,0.6666666865348816,0.6666666865348816
32,131,-9.39345932006836,6.544938087463379,0.6000000238418579,1.0,1.0
32,132,-2.5020158290863037,12.207077026367188,0.0,1.0,1.0
32,133,-3.3728747367858887,5.40020751953125,0.5,1.0,1.0
32,134,-12.157997131347656,436.59173583984375,0.0,0.0,1.0
32,135,-1.545245885848999,1.6737756729125977,0.6666666865348816,1.0,1.0
32,136,-6.493988037109375,25.71293067932129,0.5,1.0,1.0
32,137,-13.963069915771484,1076.569580078125,0.5,0.5,0.5
32,138,-6.172095775604248,7.825324058532715,0.6666666865348816,0.6666666865348816,1.0
32,139,-5.712392807006836,3.1345279216766357,0.6000000238418579,1.0,1.0
32,140,-6.812777519226074,9.68836498260498,0.3333333432674408,1.0,1.0
32,141,-9.741558074951172,11.420267105102539,0.0,1.0,1.0
32,142,-14.849447250366211,19.489765167236328,0.20000000298023224,0.800000011920929,0.800000011920929
32,143,-12.198774337768555,445.5846252441406,0.0,0.5,1.0
32,144,-17.224580764770508,74.15409088134766,0.5,0.75,0.75
32,145,-20.76911735534668,7.9797868728637695,0.5,0.800000011920929,1.0
32,146,-12.310920715332031,60.560333251953125,0.0,0.6666666865348816,1.0
32,147,-2.7326629161834717,3.9209399223327637,0.5,1.0,1.0
32,148,-10.192914009094238,163.4418182373047,0.5,0.5,0.5
33,0,-9.405850410461426,110.2692642211914,0.5,0.5,0.5
33,1,-10.88081169128418,3.8965885639190674,0.75,0.875,1.0
33,2,-10.744975090026855,215.3980255126953,0.5,0.5,0.5
33,3,-5.4370012283325195,229.75216674804688,0.0,1.0,1.0
33,4,-11.751235961914062,356.2447204589844,0.5,0.5,0.5
33,5,-0.5132772326469421,1.2925779819488525,1.0,1.0,1.0
33,6,-0.8189276456832886,1.313868522644043,1.0,1.0,1.0
33,7,-4.824649810791016,11.159876823425293,0.5,0.5,1.0
33,8,-11.960406303405762,10.93623161315918,0.6000000238418579,0.800000011920929,0.800000011920929
33,9,-0.05589906871318817,1.0283437967300415,1.0,1.0,1.0
33,10,-14.046588897705078,108.00701141357422,0.6666666865348816,0.6666666865348816,0.6666666865348816
33,11,-10.198753356933594,29.95165252685547,0.3333333432674408,0.6666666865348816,1.0
33,12,-1.161644697189331,1.7875078916549683,1.0,1.0,1.0
33,13,-10.96352767944336,240.2701416015625,0.5,0.5,1.0
33,14,-3.75742769241333,3.498995304107666,0.3333333432674408,1.0,1.0
33,15,-7.002840995788574,5.758691787719727,0.75,0.75,1.0
33,16,-5.630471706390381,6.532723426818848,0.6666666865348816,0.6666666865348816,1.0
33,17,-4.887057304382324,5.098870754241943,0.6666666865348816,1.0,1.0
33,18,-3.1312406063079834,2.1876111030578613,0.75,1.0,1.0
33,19,-8.799890518188477,4.334682941436768,0.6666666865348816,0.8333333730697632,1.0
33,20,-3.501563310623169,2.399812936782837,0.75,1.0,1.0
33,21,-5.613640308380127,6.4961748123168945,0.3333333432674408,0.6666666865348816,1.0
33,22,-6.469936370849609,25.405563354492188,0.5,0.5,1.0
33,23,-12.659561157226562,8.247638702392578,0.5,0.8333333730697632,1.0
33,24,-1.9020355939865112,6.699518203735352,0.0,1.0,1.0
33,25,-29.834049224853516,6.453535556793213,0.375,0.9375,1.0
33,26,-0.6693325042724609,1.397473931312561,1.0,1.0,1.0
33,27,-6.199493408203125,4.710873603820801,0.75,1.0,1.0
33,28,-8.296853065490723,15.888850212097168,0.0,0.6666666865348816,1.0
33,29,-1.1835265159606934,3.265871047973633,1.0,1.0,1.0
33,30,-9.542173385620117,118.04744720458984,0.5,0.5,0.5
33,31,-0.5573279857635498,1.3213633298873901,1.0,1.0,1.0
33,32,-5.561648368835449,16.132312774658203,0.5,0.5,1.0
33,33,-1.269899845123291,1.8869277238845825,1.0,1.0,1.0
33,34,-1.491719126701355,4.444730281829834,1.0,1.0,1.0
33,35,-3.991631507873535,7.358203411102295,0.5,1.0,1.0
33,36,-5.489505767822266,3.944713830947876,0.5,1.0,1.0
33,37,-4.430898189544678,4.379637718200684,0.6666666865348816,0.6666666865348816,1.0
33,38,-12.260907173156738,21.43932342529297,0.25,0.5,1.0
33,39,-2.686412811279297,3.831308364868164,0.5,1.0,1.0
33,40,-16.22930908203125,223.58006286621094,0.0,0.3333333432674408,0.6666666865348816
33,41,-13.463213920593262,9.4297456741333,0.5,0.6666666865348816,1.0
33,42,-7.447793960571289,41.425514221191406,0.5,0.5,1.0
33,43,-4.418290138244629,2.4197349548339844,0.800000011920929,1.0,1.0
33,44,-8.12563419342041,58.13786315917969,0.0,0.5,1.0
33,45,-6.705898284912109,28.586915969848633,0.5,0.5,1.0
33,46,-19.422460556030273,11.334005355834961,0.5,0.625,1.0
33,47,-20.60249137878418,30.992599487304688,0.5,0.8333333730697632,0.8333333730697632
33,48,-5.132940769195557,169.514892578125,0.0,0.0,1.0
33,49,-8.825597763061523,82.50004577636719,0.0,0.5,1.0
33,50,-5.314341068267822,14.255895614624023,0.5,1.0,1.0
33,51,-0.3090445399284363,1.167100191116333,1.0,1.0,1.0
33,52,-4.0002360343933105,3.79396653175354,0.6666666865348816,1.0,1.0
33,53,-21.382976531982422,21.215049743652344,0.2857142984867096,0.7142857313156128,1.0
33,54,-8.332452774047852,16.078519821166992,0.3333333432674408,0.6666666865348816,1.0
33,55,-9.738995552062988,130.25547790527344,0.5,0.5,0.5
33,56,-16.952287673950195,29.679533004760742,0.4000000059604645,0.6000000238418579,0.800000011920929
33,57,-1.7112233638763428,5.53572940826416,1.0,1.0,1.0
33,58,-11.014045715332031,4.823187351226807,0.5714285969734192,1.0,1.0
33,59,-5.423900604248047,15.058615684509277,0.0,1.0,1.0
33,60,-1.511522889137268,1.2410178184509277,1.0,1.0,1.0
33,61,-7.546295166015625,43.516822814941406,0.5,0.5,1.0
33,62,-4.410810470581055,82.33616638183594,0.0,1.0,1.0
33,63,-9.107148170471191,9.745318412780762,0.5,0.75,1.0
33,64,-0.6435210704803467,1.9031702280044556,1.0,1.0,1.0
33,65,-4.898431777954102,11.579263687133789,0.0,1.0,1.0
33,66,-7.153979778289795,4.182026386260986,0.800000011920929,0.800000011920929,1.0
33,67,-11.351612091064453,9.68252182006836,0.800000011920929,0.800000011920929,0.800000011920929
33,68,-39.70719528198242,53.022674560546875,0.20000000298023224,0.6000000238418579,0.800000011920929
33,69,-20.71479034423828,31.57813835144043,0.3333333432674408,0.6666666865348816,0.8333333730697632
33,70,-12.528926849365234,22.925085067749023,0.5,0.5,1.0
33,71,-7.535806655883789,43.289207458496094,0.5,0.5,1.0
33,72,-3.9993679523468018,2.7178523540496826,0.5,1.0,1.0
33,73,-7.282701015472412,1454.9124755859375,0.0,0.0,1.0
33,74,-15.587782859802246,49.25178909301758,0.25,0.75,0.75
33,75,-2.2195215225219727,3.033632516860962,1.0,1.0,1.0
33,76,-1.9488707780838013,1.9148198366165161,0.6666666865348816,1.0,1.0
33,77,-3.528005599975586,1.80038583278656,1.0,1.0,1.0
33,78,-12.374805450439453,22.058574676513672,0.75,0.75,0.75
33,79,-4.773015022277832,3.2977938652038574,0.75,1.0,1.0
33,80,-6.102422714233398,7.6456804275512695,0.6666666865348816,0.6666666865348816,1.0
33,81,-6.6904296875,2.3078207969665527,0.75,1.0,1.0
33,82,-11.521615982055664,46.5505485534668,0.3333333432674408,0.6666666865348816,0.6666666865348816
33,83,-3.776002883911133,43.64125442504883,0.0,1.0,1.0
33,84,-12.003734588623047,11.031412124633789,0.4000000059604645,0.6000000238418579,1.0
33,85,-3.154062509536743,4.840563774108887,0.0,1.0,1.0
33,86,-26.766414642333984,14.536191940307617,0.6000000238418579,0.699999988079071,0.9000000357627869
33,87,-10.672640800476074,4.593595504760742,0.5714285969734192,0.8571429252624512,1.0
33,88,-3.591343879699707,6.023521423339844,0.5,1.0,1.0
33,89,-38.33612823486328,2137.14453125,0.20000000298023224,0.20000000298023224,0.6000000238418579
33,90,-10.65339183807373,5.903617858886719,0.5,1.0,1.0
33,91,-0.9369462728500366,1.5975531339645386,1.0,1.0,1.0
33,92,-23.69710922241211,51.91035079956055,0.5,0.6666666865348816,0.8333333730697632
33,93,-1.5716696977615356,1.6885833740234375,0.6666666865348816,1.0,1.0
33,94,-11.729137420654297,18.77046012878418,0.25,0.75,1.0
33,95,-4.748422622680664,10.742537498474121,0.5,1.0,1.0
33,96,-9.180045127868652,9.924548149108887,0.5,0.75,1.0
33,97,-9.372031211853027,10.412508010864258,0.5,0.75,1.0
33,98,-21.191129684448242,8.323750495910645,0.4000000059604645,0.800000011920929,1.0
33,99,-8.185766220092773,15.311264991760254,0.3333333432674408,1.0,1.0
33,100,-6.93428373336792,32.04502487182617,0.0,1.0,1.0
33,101,-6.938063621520996,5.666184425354004,0.5,1.0,1.0
33,102,-1.9312050342559814,2.6263697147369385,1.0,1.0,1.0
33,103,-0.3799320459365845,1.2092084884643555,1.0,1.0,1.0
33,104,-4.291281700134277,2.044623374938965,0.8333333730697632,1.0,1.0
33,105,-9.73677921295166,25.67693328857422,0.3333333432674408,0.3333333432674408,1.0
33,106,-4.535382270812988,9.65707778930664,0.5,0.5,1.0
33,107,-11.782519340515137,361.8608093261719,0.5,0.5,0.5
33,108,-6.122979164123535,21.359350204467773,0.5,0.5,1.0
33,109,-34.582847595214844,46.643733978271484,0.4444444477558136,0.5555555820465088,0.7777777910232544
33,110,-9.898763656616211,141.0877227783203,0.5,0.5,0.5
33,111,-14.940093994140625,19.846324920654297,0.4000000059604645,0.800000011920929,1.0
33,112,-2.4482786655426025,2.261646032333374,0.6666666865348816,1.0,1.0
33,113,-1.9730147123336792,1.9302926063537598,0.6666666865348816,1.0,1.0
33,114,-3.248809337615967,25.7596492767334,0.0,1.0,1.0
33,115,-12.007862091064453,405.017822265625,0.0,0.5,0.5
33,116,-2.2440061569213867,3.0709996223449707,0.5,1.0,1.0
33,117,-10.304667472839355,2.209280014038086,0.8461538553237915,0.9230769872665405,1.0
33,118,-9.228216171264648,100.89779663085938,0.5,0.5,0.5
33,119,-2.121495485305786,2.8885300159454346,0.5,1.0,1.0
33,120,-21.523595809936523,14.738298416137695,0.5,0.75,0.875
33,121,-21.105865478515625,33.704933166503906,0.3333333432674408,0.5,1.0
33,122,-7.498079299926758,3.4892261028289795,0.6666666865348816,1.0,1.0
33,123,-16.366891860961914,59.8429069519043,0.5,0.75,0.75
33,124,-10.338386535644531,7.906437397003174,0.6000000238418579,0.6000000238418579,1.0
33,125,-9.302704811096191,10.233598709106445,0.5,0.75,1.0
33,126,-15.64078140258789,49.90869903564453,0.5,0.75,0.75
33,127,-3.141054391860962,2.8491427898406982,0.6666666865348816,1.0,1.0
33,128,-11.747275352478027,18.85576820373535,0.5,0.5,1.0
33,129,-2.9707388877868652,19.50632667541504,0.0,1.0,1.0
33,130,-11.868324279785156,52.25355911254883,0.6666666865348816,0.6666666865348816,0.6666666865348816
33,131,-9.315807342529297,6.444077014923096,0.6000000238418579,1.0,1.0
33,132,-2.405156135559082,11.080160140991211,0.0,1.0,1.0
33,133,-3.3319640159606934,5.290866374969482,0.5,1.0,1.0
33,134,-12.136165618896484,431.8519592285156,0.0,0.0,1.0
33,135,-1.535953402519226,1.668599247932434,0.6666666865348816,1.0,1.0
33,136,-6.488794326782227,25.646244049072266,0.5,1.0,1.0
33,137,-13.830032348632812,1007.2872924804688,0.5,0.5,0.5
33,138,-6.162243843078613,7.799668312072754,0.6666666865348816,0.6666666865348816,1.0
33,139,-5.681530475616455,3.1152396202087402,0.6000000238418579,1.0,1.0
33,140,-6.773715496063232,9.56303596496582,0.3333333432674408,1.0,1.0
33,141,-9.803251266479492,11.597769737243652,0.25,1.0,1.0
33,142,-14.991838455200195,20.052780151367188,0.20000000298023224,0.800000011920929,0.800000011920929
33,143,-12.10402774810791,424.968017578125,0.0,0.5,1.0
33,144,-17.3095645904541,75.74641418457031,0.5,0.75,0.75
33,145,-20.761503219604492,7.973714351654053,0.5,0.800000011920929,1.0
33,146,-12.304866790771484,60.43824768066406,0.0,0.6666666865348816,1.0
33,147,-2.715543746948242,3.887521743774414,0.5,1.0,1.0
33,148,-10.23318862915039,166.7664337158203,0.5,0.5,0.5
34,0,-9.453655242919922,112.93671417236328,0.5,0.5,0.5
34,1,-10.988356590270996,3.949324607849121,0.75,0.875,1.0
34,2,-10.78311824798584,219.54542541503906,0.5,0.5,0.5
34,3,-5.4191412925720215,225.68524169921875,0.0,1.0,1.0
34,4,-12.07366943359375,418.5660400390625,0.5,0.5,0.5
34,5,-0.4753538966178894,1.2682993412017822,1.0,1.0,1.0
34,6,-0.7075536251068115,1.2659859657287598,1.0,1.0,1.0
34,7,-4.7722249031066895,10.871149063110352,0.5,0.5,1.0
34,8,-12.057516098022461,11.150712013244629,0.6000000238418579,0.800000011920929,0.800000011920929
34,9,-0.054797492921352386,1.0277775526046753,1.0,1.0,1.0
34,10,-13.998329162597656,106.28345489501953,0.6666666865348816,0.6666666865348816,0.6666666865348816
34,11,-10.083284378051758,28.820724487304688,0.3333333432674408,0.6666666865348816,1.0
34,12,-1.0980534553527832,1.7315670251846313,1.0,1.0,1.0
34,13,-11.061119079589844,252.2850341796875,0.5,0.5,1.0
34,14,-3.7413277626037598,3.4802680015563965,0.3333333432674408,1.0,1.0
34,15,-7.04829216003418,5.824499607086182,0.75,0.75,1.0
34,16,-5.6233110427856445,6.517148971557617,0.6666666865348816,0.6666666865348816,1.0
34,17,-4.843831539154053,5.025930404663086,0.6666666865348816,1.0,1.0
34,18,-3.1504158973693848,2.1981234550476074,0.75,1.0,1.0
34,19,-8.718189239501953,4.276057720184326,0.6666666865348816,0.8333333730697632,1.0
34,20,-3.4780309200286865,2.3857362270355225,0.75,1.0,1.0
34,21,-5.611698627471924,6.491971969604492,0.3333333432674408,0.6666666865348816,1.0
34,22,-6.5434393882751465,26.356624603271484,0.5,0.5,1.0
34,23,-12.550394058227539,8.098932266235352,0.5,0.8333333730697632,1.0
34,24,-1.8800773620605469,6.554011821746826,0.0,1.0,1.0
34,25,-29.895570755004883,6.478397846221924,0.375,0.9375,1.0
34,26,-0.6445909142494202,1.380292534828186,1.0,1.0,1.0
34,27,-6.188482761383057,4.69792366027832,0.75,1.0,1.0
34,28,-8.305352210998535,15.933929443359375,0.0,0.6666666865348816,1.0
34,29,-1.1109925508499146,3.0373716354370117,1.0,1.0,1.0
34,30,-9.726715087890625,129.4581298828125,0.5,0.5,0.5
34,31,-0.5385884046554565,1.3090401887893677,1.0,1.0,1.0
34,32,-5.512940883636475,15.74417495727539,0.5,0.5,1.0
34,33,-1.3755491971969604,1.9892836809158325,1.0,1.0,1.0
34,34,-1.4838236570358276,4.409775257110596,1.0,1.0,1.0
34,35,-4.050966739654541,7.579773902893066,0.5,1.0,1.0
34,36,-5.449939727783203,3.9058871269226074,0.75,1.0,1.0
34,37,-4.407415390014648,4.345489978790283,0.6666666865348816,0.6666666865348816,1.0
34,38,-12.277200698852539,21.526832580566406,0.25,0.5,1.0
34,39,-2.665903091430664,3.792219638824463,0.5,1.0,1.0
34,40,-16.27469825744629,226.98855590820312,0.0,0.3333333432674408,0.6666666865348816
34,41,-13.264307022094727,9.122262954711914,0.5,0.6666666865348816,1.0
34,42,-7.4264726638793945,40.986236572265625,0.5,0.5,1.0
34,43,-4.4708452224731445,2.445302963256836,0.800000011920929,1.0,1.0
34,44,-8.161219596862793,59.18154525756836,0.0,0.5,1.0
34,45,-6.657930374145508,27.909446716308594,0.5,0.5,1.0
34,46,-19.3891544342041,11.286916732788086,0.5,0.625,1.0
34,47,-21.204050064086914,34.26102066040039,0.5,0.8333333730697632,0.8333333730697632
34,48,-5.060199737548828,157.6219940185547,0.0,0.0,1.0
34,49,-8.758888244628906,79.79366302490234,0.0,0.5,1.0
34,50,-5.308283805847168,14.212784767150879,0.5,1.0,1.0
34,51,-0.31546249985694885,1.170851469039917,1.0,1.0,1.0
34,52,-4.038015365600586,3.842046022415161,0.6666666865348816,1.0,1.0
34,53,-21.966278076171875,23.058624267578125,0.1428571492433548,0.7142857313156128,1.0
34,54,-8.382162094116211,16.347158432006836,0.3333333432674408,0.6666666865348816,1.0
34,55,-9.683612823486328,126.6980209350586,0.5,0.5,1.0
34,56,-16.918437957763672,29.47927474975586,0.4000000059604645,0.6000000238418579,0.800000011920929
34,57,-1.7443945407867432,5.72243595123291,1.0,1.0,1.0
34,58,-10.966758728027344,4.79071569442749,0.5714285969734192,1.0,1.0
34,59,-5.481075286865234,15.49531364440918,0.0,1.0,1.0
34,60,-1.4815990924835205,1.2357239723205566,1.0,1.0,1.0
34,61,-7.5656046867370605,43.93899917602539,0.5,0.5,1.0
34,62,-4.416862487792969,82.83598327636719,0.0,1.0,1.0
34,63,-9.093084335327148,9.711114883422852,0.5,0.75,1.0
34,64,-0.6414874792098999,1.8993037939071655,1.0,1.0,1.0
34,65,-4.813663482666016,11.09874153137207,0.0,1.0,1.0
34,66,-7.146241188049316,4.175559043884277,0.800000011920929,0.800000011920929,1.0
34,67,-11.36616325378418,9.710741996765137,0.800000011920929,0.800000011920929,0.800000011920929
34,68,-39.3347053527832,51.08395767211914,0.20000000298023224,0.699999988079071,0.800000011920929
34,69,-20.751388549804688,31.771343231201172,0.3333333432674408,0.6666666865348816,0.8333333730697632
34,70,-12.541830062866211,22.999156951904297,0.5,0.5,1.0
34,71,-7.4774556159973145,42.04446792602539,0.5,0.5,1.0
34,72,-4.167110919952393,2.8342509269714355,0.5,1.0,1.0
34,73,-7.312305927276611,1498.62890625,0.0,0.0,1.0
34,74,-15.54973030090332,48.78547286987305,0.25,0.75,0.75
34,75,-2.2017390727996826,3.006779193878174,1.0,1.0,1.0
34,76,-1.9430018663406372,1.9110777378082275,0.6666666865348816,1.0,1.0
34,77,-3.386436939239502,1.7584033012390137,1.0,1.0,1.0
34,78,-12.479909896850586,22.645870208740234,0.75,0.75,0.75
34,79,-4.675793170928955,3.2186057567596436,0.75,1.0,1.0
34,80,-6.090641975402832,7.615716457366943,0.6666666865348816,0.6666666865348816,1.0
34,81,-6.703454971313477,2.3115813732147217,0.75,1.0,1.0
34,82,-11.403085708618164,44.74718475341797,0.3333333432674408,0.6666666865348816,0.6666666865348816
34,83,-3.7509639263153076,42.56208801269531,0.0,1.0,1.0
34,84,-12.04013729095459,11.112020492553711,0.4000000059604645,0.6000000238418579,1.0
34,85,-3.1865289211273193,4.919783115386963,0.0,1.0,1.0
34,86,-26.770069122314453,14.541504859924316,0.6000000238418579,0.699999988079071,0.9000000357627869
34,87,-10.639693260192871,4.572025299072266,0.5714285969734192,0.8571429252624512,1.0
34,88,-3.6100611686706543,6.08015775680542,0.5,1.0,1.0
34,89,-38.61186981201172,2258.314453125,0.20000000298023224,0.20000000298023224,0.6000000238418579
34,90,-10.735921859741211,5.985383033752441,0.5,1.0,1.0
34,91,-0.929395854473114,1.5915333032608032,1.0,1.0,1.0
34,92,-23.621135711669922,51.257198333740234,0.5,0.6666666865348816,0.8333333730697632
34,93,-1.5632274150848389,1.683838129043579,0.6666666865348816,1.0,1.0
34,94,-12.155203819274902,20.880191802978516,0.25,0.75,1.0
34,95,-4.641793727874756,10.184804916381836,0.5,1.0,1.0
34,96,-9.157063484191895,9.867690086364746,0.5,0.75,1.0
34,97,-9.461564064025879,10.648200988769531,0.5,0.75,1.0
34,98,-21.386661529541016,8.48810863494873,0.4000000059604645,0.800000011920929,1.0
34,99,-8.274203300476074,15.769344329833984,0.3333333432674408,1.0,1.0
34,100,-6.8839569091796875,31.248720169067383,0.0,1.0,1.0
34,101,-6.898625373840332,5.610592365264893,0.5,1.0,1.0
34,102,-1.8945181369781494,2.578632116317749,1.0,1.0,1.0
34,103,-0.3789512813091278,1.2086156606674194,1.0,1.0,1.0
34,104,-4.225420951843262,2.0223026275634766,0.8333333730697632,1.0,1.0
34,105,-9.744345664978027,25.741779327392578,0.3333333432674408,0.6666666865348816,1.0
34,106,-4.585693836212158,9.903091430664062,0.5,0.5,1.0
34,107,-11.97035026550293,397.49212646484375,0.5,0.5,0.5
34,108,-6.244542121887207,22.69786834716797,0.5,0.5,1.0
34,109,-34.995452880859375,48.83189010620117,0.4444444477558136,0.5555555820465088,0.7777777910232544
34,110,-9.914872169494629,142.22866821289062,0.5,0.5,0.5
34,111,-14.867721557617188,19.56113052368164,0.4000000059604645,0.800000011920929,1.0
34,112,-2.37895131111145,2.2099807262420654,0.6666666865348816,1.0,1.0
34,113,-1.9716719388961792,1.9294288158416748,0.6666666865348816,1.0,1.0
34,114,-3.3550148010253906,28.646028518676758,0.0,1.0,1.0
34,115,-11.964210510253906,396.27374267578125,0.0,0.5,0.5
34,116,-2.280900478363037,3.12817645072937,0.5,1.0,1.0
34,117,-10.50806999206543,2.244119167327881,0.8461538553237915,0.9230769872665405,1.0
34,118,-9.221640586853027,100.56660461425781,0.5,0.5,0.5
34,119,-2.1999757289886475,3.004129409790039,0.5,1.0,1.0
34,120,-21.512828826904297,14.718476295471191,0.5,0.75,0.875
34,121,-20.934226989746094,32.75441360473633,0.3333333432674408,0.5,1.0
34,122,-7.527440547943115,3.5063424110412598,0.6666666865348816,1.0,1.0
34,123,-16.56180763244629,62.831207275390625,0.5,0.75,0.75
34,124,-10.433631896972656,8.058492660522461,0.6000000238418579,0.6000000238418579,1.0
34,125,-9.278494834899902,10.171845436096191,0.5,0.75,1.0
34,126,-15.663061141967773,50.18746566772461,0.5,0.75,0.75
34,127,-3.1246273517608643,2.8335840702056885,0.6666666865348816,1.0,1.0
34,128,-11.78575325012207,19.038026809692383,0.5,0.5,1.0
34,129,-2.9855589866638184,19.797565460205078,0.0,1.0,1.0
34,130,-11.955666542053223,53.79723358154297,0.6666666865348816,0.6666666865348816,0.6666666865348816
34,131,-9.369853973388672,6.514111518859863,0.6000000238418579,1.0,1.0
34,132,-2.3636295795440674,10.629462242126465,0.0,1.0,1.0
34,133,-3.3192481994628906,5.257334232330322,0.5,1.0,1.0
34,134,-12.228139877319336,452.17529296875,0.0,0.0,1.0
34,135,-1.5207451581954956,1.6601617336273193,0.6666666865348816,1.0,1.0
34,136,-6.484217643737793,25.587623596191406,0.5,0.5,1.0
34,137,-13.879111289978027,1032.3114013671875,0.5,0.5,0.5
34,138,-6.135035991668701,7.729251861572266,0.6666666865348816,0.6666666865348816,1.0
34,139,-5.676648139953613,3.112199068069458,0.6000000238418579,1.0,1.0
34,140,-6.791863918304443,9.621062278747559,0.3333333432674408,1.0,1.0
34,141,-9.87841510772705,11.817763328552246,0.25,1.0,1.0
34,142,-15.051791191101074,20.2946720123291,0.20000000298023224,0.800000011920929,0.800000011920929
34,143,-12.147603988647461,434.328857421875,0.0,0.5,1.0
34,144,-17.271743774414062,75.0335922241211,0.5,0.75,0.75
34,145,-20.72764015197754,7.946756839752197,0.5,0.800000011920929,1.0
34,146,-12.345821380615234,61.26899719238281,0.0,0.6666666865348816,1.0
34,147,-2.683029890060425,3.824833631515503,0.5,1.0,1.0
34,148,-10.196535110473633,163.7379913330078,0.5,0.5,0.5
35,0,-9.45335865020752,112.91996765136719,0.5,0.5,0.5
35,1,-10.971298217773438,3.9409124851226807,0.75,0.875,1.0
35,2,-10.718613624572754,212.57754516601562,0.5,0.5,0.5
35,3,-5.40904426574707,223.41795349121094,0.0,1.0,1.0
35,4,-12.33678913116455,477.4190368652344,0.5,0.5,0.5
35,5,-0.49822530150413513,1.2828865051269531,1.0,1.0,1.0
35,6,-0.6770278811454773,1.2531695365905762,1.0,1.0,1.0
35,7,-4.738295555114746,10.688279151916504,0.5,0.5,1.0
35,8,-12.107022285461426,11.261663436889648,0.6000000238418579,0.800000011920929,0.800000011920929
35,9,-0.05344434082508087,1.0270824432373047,1.0,1.0,1.0
35,10,-14.106584548950195,110.18873596191406,0.6666666865348816,0.6666666865348816,0.6666666865348816
35,11,-10.227182388305664,30.23682975769043,0.3333333432674408,0.6666666865348816,1.0
35,12,-1.0964707136154175,1.7301970720291138,1.0,1.0,1.0
35,13,-11.024511337280273,247.70925903320312,0.5,0.5,1.0
35,14,-3.6782355308532715,3.40783953666687,0.3333333432674408,1.0,1.0
35,15,-7.0369977951049805,5.80807638168335,0.75,0.75,1.0
35,16,-5.658021926879883,6.592992782592773,0.6666666865348816,0.6666666865348816,1.0
35,17,-4.834432601928711,5.010208606719971,0.6666666865348816,1.0,1.0
35,18,-3.1606807708740234,2.2037715911865234,0.75,1.0,1.0
35,19,-8.54637336730957,4.155345439910889,0.6666666865348816,0.8333333730697632,1.0
35,20,-3.453617811203003,2.3712198734283447,0.75,1.0,1.0
35,21,-5.601047039031982,6.4689621925354,0.3333333432674408,0.6666666865348816,1.0
35,22,-6.530989170074463,26.193063735961914,0.5,0.5,1.0
35,23,-12.666097640991211,8.256628036499023,0.5,0.8333333730697632,1.0
35,24,-1.9168202877044678,6.799304008483887,0.0,1.0,1.0
35,25,-29.94988250732422,6.500426292419434,0.375,0.9375,1.0
35,26,-0.635812520980835,1.374247431755066,1.0,1.0,1.0
35,27,-6.1073527336120605,4.603598117828369,0.75,1.0,1.0
35,28,-8.346439361572266,16.153657913208008,0.0,0.6666666865348816,1.0
35,29,-1.1071555614471436,3.0257394313812256,1.0,1.0,1.0
35,30,-9.773746490478516,132.5384979248047,0.5,0.5,0.5
35,31,-0.5379105806350708,1.3085966110229492,1.0,1.0,1.0
35,32,-5.428730487823486,15.095025062561035,0.5,0.5,1.0
35,33,-1.35651695728302,1.9704432487487793,1.0,1.0,1.0
35,34,-1.468022346496582,4.34064245223999,1.0,1.0,1.0
35,35,-4.073556423187256,7.665872097015381,0.5,1.0,1.0
35,36,-5.416632175445557,3.8734982013702393,0.75,1.0,1.0
35,37,-4.556731700897217,4.567246437072754,0.6666666865348816,0.6666666865348816,1.0
35,38,-12.303802490234375,21.670473098754883,0.25,0.5,1.0
35,39,-2.694000482559204,3.8458714485168457,0.5,1.0,1.0
35,40,-16.28101348876953,227.46681213378906,0.0,0.3333333432674408,0.6666666865348816
35,41,-13.457322120666504,9.420489311218262,0.6666666865348816,0.6666666865348816,1.0
35,42,-7.521514415740967,42.98095703125,0.5,0.5,1.0
35,43,-4.535534858703613,2.4771459102630615,0.800000011920929,1.0,1.0
35,44,-8.120033264160156,57.975276947021484,0.0,0.5,1.0
35,45,-6.644576549530029,27.723716735839844,0.5,0.5,1.0
35,46,-19.46083641052246,11.388505935668945,0.5,0.625,1.0
35,47,-21.653676986694336,36.9271125793457,0.5,0.8333333730697632,0.8333333730697632
35,48,-5.082810401916504,161.22653198242188,0.0,0.0,1.0
35,49,-8.764988899230957,80.03743743896484,0.0,0.5,1.0
35,50,-5.311383247375488,14.234827995300293,0.5,1.0,1.0
35,51,-0.3340889513492584,1.1818068027496338,1.0,1.0,1.0
35,52,-3.9537651538848877,3.735649585723877,0.6666666865348816,1.0,1.0
35,53,-22.651851654052734,25.43125343322754,0.1428571492433548,0.7142857313156128,1.0
35,54,-8.38631820678711,16.369821548461914,0.3333333432674408,0.6666666865348816,1.0
35,55,-9.874882698059082,139.4130859375,0.5,0.5,0.5
35,56,-16.89031982421875,29.313962936401367,0.4000000059604645,0.6000000238418579,0.800000011920929
35,57,-1.686743974685669,5.4018635749816895,1.0,1.0,1.0
35,58,-10.961325645446777,4.786998748779297,0.5714285969734192,1.0,1.0
35,59,-5.407630920410156,14.936613082885742,0.0,1.0,1.0
35,60,-1.473851203918457,1.2343569993972778,1.0,1.0,1.0
35,61,-7.502419948577881,42.57256317138672,0.5,0.5,1.0
35,62,-4.382869243621826,80.06744384765625,0.0,1.0,1.0
35,63,-9.019750595092773,9.534698486328125,0.5,0.75,1.0
35,64,-0.6345985531806946,1.8862648010253906,1.0,1.0,1.0
35,65,-4.8622589111328125,11.371718406677246,0.0,1.0,1.0
35,66,-7.180387496948242,4.204172611236572,0.800000011920929,0.800000011920929,1.0
35,67,-11.297292709350586,9.577901840209961,0.800000011920929,0.800000011920929,0.800000011920929
35,68,-39.60889434814453,52.503997802734375,0.20000000298023224,0.699999988079071,0.800000011920929
35,69,-20.718521118164062,31.5977783203125,0.3333333432674408,0.6666666865348816,0.8333333730697632
35,70,-12.506767272949219,22.798433303833008,0.5,0.5,1.0
35,71,-7.409428596496582,40.63843536376953,0.5,0.5,1.0
35,72,-4.057571887969971,2.7576889991760254,0.5,1.0,1.0
35,73,-7.309093475341797,1493.8223876953125,0.0,0.0,1.0
35,74,-15.640518188476562,49.905418395996094,0.25,0.75,0.75
35,75,-2.1481924057006836,2.9273459911346436,1.0,1.0,1.0
35,76,-1.8313695192337036,1.8412718772888184,0.6666666865348816,1.0,1.0
35,77,-3.2334342002868652,1.7141300439834595,1.0,1.0,1.0
35,78,-12.51154613494873,22.825687408447266,0.75,0.75,0.75
35,79,-4.565332412719727,3.130939483642578,0.75,1.0,1.0
35,80,-6.106285095214844,7.6555304527282715,0.6666666865348816,0.6666666865348816,1.0
35,81,-6.57763147354126,2.2755093574523926,0.75,1.0,1.0
35,82,-11.495997428894043,46.15471267700195,0.3333333432674408,0.6666666865348816,0.6666666865348816
35,83,-3.7801640033721924,43.82322692871094,0.0,1.0,1.0
35,84,-12.107657432556152,11.263094902038574,0.4000000059604645,0.6000000238418579,1.0
35,85,-3.0686895847320557,4.6382856369018555,0.0,1.0,1.0
35,86,-26.73914909362793,14.496610641479492,0.6000000238418579,0.699999988079071,0.9000000357627869
35,87,-10.652496337890625,4.580394268035889,0.5714285969734192,0.8571429252624512,1.0
35,88,-3.5984268188476562,6.044890880584717,0.5,1.0,1.0
35,89,-38.51137924194336,2213.37939453125,0.20000000298023224,0.20000000298023224,0.6000000238418579
35,90,-10.659910202026367,5.910034656524658,0.5,1.0,1.0
35,91,-0.9040004014968872,1.571452260017395,1.0,1.0,1.0
35,92,-23.529964447021484,50.484214782714844,0.5,0.6666666865348816,0.8333333730697632
35,93,-1.6497867107391357,1.733129858970642,0.6666666865348816,1.0,1.0
35,94,-12.241341590881348,21.3347110748291,0.25,0.75,1.0
35,95,-4.709868431091309,10.537435531616211,0.5,1.0,1.0
35,96,-9.194449424743652,9.96035099029541,0.5,0.75,1.0
35,97,-9.333191871643066,10.311894416809082,0.5,0.75,1.0
35,98,-21.374820709228516,8.47806453704834,0.4000000059604645,0.800000011920929,1.0
35,99,-8.274433135986328,15.770550727844238,0.3333333432674408,1.0,1.0
35,100,-6.867168426513672,30.98750877380371,0.0,1.0,1.0
35,101,-6.914740562438965,5.633242130279541,0.5,1.0,1.0
35,102,-1.9089242219924927,2.597273111343384,1.0,1.0,1.0
35,103,-0.3739238977432251,1.2055814266204834,1.0,1.0,1.0
35,104,-4.197223663330078,2.0128211975097656,0.8333333730697632,1.0,1.0
35,105,-9.803543090820312,26.254772186279297,0.3333333432674408,0.6666666865348816,1.0
35,106,-4.647343635559082,10.213106155395508,0.5,0.5,1.0
35,107,-11.908661842346191,385.4189453125,0.5,0.5,0.5
35,108,-6.282536506652832,23.13318634033203,0.5,0.5,1.0
35,109,-34.936378479003906,48.512413024902344,0.4444444477558136,0.5555555820465088,0.7777777910232544
35,110,-9.837808609008789,136.8525848388672,0.5,0.5,0.5
35,111,-14.923980712890625,19.782466888427734,0.4000000059604645,0.800000011920929,1.0
35,112,-2.277468204498291,2.136472225189209,0.6666666865348816,1.0,1.0
35,113,-1.9146621227264404,1.8931095600128174,0.6666666865348816,1.0,1.0
35,114,-3.311666965484619,27.43081283569336,0.0,1.0,1.0
35,115,-11.898341178894043,383.4351806640625,0.0,0.5,0.5
35,116,-2.3162903785705566,3.1840219497680664,0.5,1.0,1.0
35,117,-10.53542423248291,2.2488462924957275,0.8461538553237915,0.9230769872665405,1.0
35,118,-9.156074523925781,97.32318878173828,0.5,0.5,0.5
35,119,-2.3172991275787354,3.1856284141540527,0.5,1.0,1.0
35,120,-21.437145233154297,14.579890251159668,0.5,0.75,0.875
35,121,-20.674346923828125,31.365997314453125,0.3333333432674408,0.5,1.0
35,122,-7.436944484710693,3.4538540840148926,0.6666666865348816,1.0,1.0
35,123,-16.62432098388672,63.82086944580078,0.5,0.75,0.75
35,124,-10.549985885620117,8.248218536376953,0.6000000238418579,0.6000000238418579,1.0
35,125,-9.30978012084961,10.251715660095215,0.5,0.75,1.0
35,126,-15.717416763305664,50.87411117553711,0.5,0.75,0.75
35,127,-3.092803478240967,2.8036844730377197,0.6666666865348816,1.0,1.0
35,128,-11.850168228149414,19.347089767456055,0.5,0.5,1.0
35,129,-2.9607410430908203,19.31227684020996,0.0,1.0,1.0
35,130,-11.923999786376953,53.232364654541016,0.6666666865348816,0.6666666865348816,0.6666666865348816
35,131,-9.271524429321289,6.387257099151611,0.6000000238418579,1.0,1.0
35,132,-2.336268186569214,10.342568397521973,0.0,1.0,1.0
35,133,-3.301072835922241,5.209774017333984,0.5,1.0,1.0
35,134,-12.29577350616455,467.7279052734375,0.0,0.0,1.0
35,135,-1.5170570611953735,1.658122181892395,0.6666666865348816,1.0,1.0
35,136,-6.4856061935424805,25.605396270751953,0.5,0.5,1.0
35,137,-13.778888702392578,981.855712890625,0.5,0.5,0.5
35,138,-6.120922088623047,7.692972660064697,0.6666666865348816,0.6666666865348816,1.0
35,139,-5.648674011230469,3.0948355197906494,0.6000000238418579,1.0,1.0
35,140,-6.802629470825195,9.655648231506348,0.3333333432674408,1.0,1.0
35,141,-9.944624900817871,12.015005111694336,0.25,1.0,1.0
35,142,-15.048513412475586,20.281370162963867,0.20000000298023224,0.800000011920929,0.800000011920929
35,143,-12.176952362060547,440.749267578125,0.0,0.5,1.0
35,144,-17.32503890991211,76.0400161743164,0.5,0.75,0.75
35,145,-20.584232330322266,7.833609104156494,0.5,0.800000011920929,1.0
35,146,-12.30031967163086,60.34672927856445,0.0,0.6666666865348816,1.0
35,147,-2.6020970344543457,3.6731460094451904,0.5,1.0,1.0
35,148,-10.254669189453125,168.5672149658203,0.5,0.5,0.5
36,0,-9.537394523620605,117.7657241821289,0.5,0.5,0.5
36,1,-10.976093292236328,3.943274974822998,0.75,0.875,1.0
36,2,-10.685298919677734,209.06588745117188,0.5,0.5,0.5
36,3,-5.415918350219727,224.95904541015625,0.0,1.0,1.0
36,4,-12.610357284545898,547.3993530273438,0.5,0.5,0.5
36,5,-0.49467897415161133,1.2806137800216675,1.0,1.0,1.0
36,6,-0.6153692603111267,1.2276761531829834,1.0,1.0,1.0
36,7,-4.627832412719727,10.1139554977417,0.5,0.5,1.0
36,8,-12.261359214782715,11.614705085754395,0.6000000238418579,0.800000011920929,0.800000011920929
36,9,-0.055147238075733185,1.0279573202133179,1.0,1.0,1.0
36,10,-14.091431617736816,109.63361358642578,0.6666666865348816,0.6666666865348816,0.6666666865348816
36,11,-10.218677520751953,30.15123748779297,0.3333333432674408,0.6666666865348816,1.0
36,12,-1.0787761211395264,1.7149571180343628,1.0,1.0,1.0
36,13,-11.209259986877441,271.681396484375,0.5,0.5,1.0
36,14,-3.6949267387390137,3.4268524646759033,0.3333333432674408,1.0,1.0
36,15,-7.0213541984558105,5.785406589508057,0.75,0.75,1.0
36,16,-5.612062454223633,6.492758750915527,0.6666666865348816,0.6666666865348816,1.0
36,17,-4.8063178062438965,4.963474750518799,0.6666666865348816,1.0,1.0
36,18,-3.186142683029175,2.217844247817993,0.75,1.0,1.0
36,19,-8.571135520935059,4.172530174255371,0.6666666865348816,0.8333333730697632,1.0
36,20,-3.3441145420074463,2.3071861267089844,0.75,1.0,1.0
36,21,-5.620772838592529,6.5116376876831055,0.3333333432674408,0.6666666865348816,1.0
36,22,-6.610148906707764,27.25057029724121,0.5,0.5,1.0
36,23,-12.53492546081543,8.078081130981445,0.5,0.8333333730697632,1.0
36,24,-1.9152591228485107,6.788697719573975,0.0,1.0,1.0
36,25,-30.22579574584961,6.613494873046875,0.375,0.875,1.0
36,26,-0.6316778063774109,1.371409296989441,1.0,1.0,1.0
36,27,-6.136918067932129,4.63775110244751,0.75,1.0,1.0
36,28,-8.340075492858887,16.119428634643555,0.0,0.6666666865348816,1.0
36,29,-1.1493172645568848,3.1560375690460205,1.0,1.0,1.0
36,30,-9.771488189697266,132.38893127441406,0.5,0.5,0.5
36,31,-0.5192924737930298,1.296471357345581,1.0,1.0,1.0
36,32,-5.373414993286133,14.683252334594727,0.5,0.5,1.0
36,33,-1.3647817373275757,1.9786027669906616,1.0,1.0,1.0
36,34,-1.4346528053283691,4.198186874389648,1.0,1.0,1.0
36,35,-4.106562614440918,7.793431758880615,0.5,1.0,1.0
36,36,-5.3333353996276855,3.7936699390411377,0.75,1.0,1.0
36,37,-4.524580478668213,4.518560886383057,0.6666666865348816,0.6666666865348816,1.0
36,38,-12.266565322875977,21.46967124938965,0.25,0.5,1.0
36,39,-2.710468292236328,3.877668619155884,0.5,1.0,1.0
36,40,-16.265522003173828,226.29527282714844,0.0,0.3333333432674408,0.6666666865348816
36,41,-12.888450622558594,8.568349838256836,0.6666666865348816,0.6666666865348816,1.0
36,42,-7.5269927978515625,43.09885787963867,0.5,0.5,1.0
36,43,-4.448636531829834,2.4344656467437744,0.800000011920929,1.0,1.0
36,44,-8.109384536743164,57.66741180419922,0.0,0.5,1.0
36,45,-6.602931499481201,27.152408599853516,0.5,0.5,1.0
36,46,-19.425186157226562,11.337868690490723,0.5,0.625,1.0
36,47,-21.825071334838867,37.9971809387207,0.5,0.8333333730697632,0.8333333730697632
36,48,-5.0891618728637695,162.25381469726562,0.0,0.0,1.0
36,49,-8.784555435180664,80.82430267333984,0.0,0.5,1.0
36,50,-5.244297027587891,13.765267372131348,0.5,1.0,1.0
36,51,-0.31377559900283813,1.1698644161224365,1.0,1.0,1.0
36,52,-3.923344850540161,3.69796085357666,0.6666666865348816,1.0,1.0
36,53,-22.720314025878906,25.681201934814453,0.1428571492433548,0.7142857313156128,1.0
36,54,-8.455984115600586,16.754409790039062,0.3333333432674408,0.6666666865348816,1.0
36,55,-9.947196006774902,144.5460205078125,0.5,0.5,0.5
36,56,-16.919292449951172,29.48431396484375,0.4000000059604645,0.6000000238418579,0.800000011920929
36,57,-1.6772334575653076,5.350732803344727,1.0,1.0,1.0
36,58,-10.948269844055176,4.778078556060791,0.5714285969734192,1.0,1.0
36,59,-5.3803277015686035,14.734089851379395,0.0,1.0,1.0
36,60,-1.4507129192352295,1.2302836179733276,1.0,1.0,1.0
36,61,-7.589376449584961,44.4643669128418,0.5,0.5,1.0
36,62,-4.421525478363037,83.22314453125,0.0,1.0,1.0
36,63,-9.143763542175293,9.834936141967773,0.5,0.75,1.0
36,64,-0.6483572125434875,1.9123965501785278,1.0,1.0,1.0
36,65,-4.813499927520752,11.097834587097168,0.0,1.0,1.0
36,66,-7.0931315422058105,4.131441116333008,0.800000011920929,0.800000011920929,1.0
36,67,-11.378479957580566,9.734691619873047,0.800000011920929,0.800000011920929,0.800000011920929
36,68,-39.603172302246094,52.47396469116211,0.20000000298023224,0.699999988079071,0.800000011920929
36,69,-20.735795974731445,31.688884735107422,0.3333333432674408,0.6666666865348816,0.8333333730697632
36,70,-12.48420524597168,22.67020034790039,0.5,0.5,1.0
36,71,-7.479323387145996,42.0837516784668,0.5,0.5,1.0
36,72,-4.225203990936279,2.875714063644409,0.5,1.0,1.0
36,73,-7.379220485687256,1602.3402099609375,0.0,0.0,1.0
36,74,-15.66640567779541,50.22944641113281,0.25,0.75,0.75
36,75,-2.1425018310546875,2.9190287590026855,1.0,1.0,1.0
36,76,-1.8634111881256104,1.8610429763793945,0.6666666865348816,1.0,1.0
36,77,-3.204413652420044,1.7058593034744263,1.0,1.0,1.0
36,78,-12.719244003295898,24.042207717895508,0.75,0.75,0.75
36,79,-4.6002020835876465,3.1583526134490967,0.75,1.0,1.0
36,80,-6.077361106872559,7.582076549530029,0.6666666865348816,0.6666666865348816,1.0
36,81,-6.625282287597656,2.2891037464141846,0.75,1.0,1.0
36,82,-11.477025985717773,45.86376190185547,0.3333333432674408,0.6666666865348816,0.6666666865348816
36,83,-3.8336052894592285,46.22890853881836,0.0,1.0,1.0
36,84,-12.162577629089355,11.387493133544922,0.4000000059604645,0.6000000238418579,1.0
36,85,-3.0397486686706543,4.571650981903076,0.0,1.0,1.0
36,86,-26.79265022277832,14.574377059936523,0.6000000238418579,0.699999988079071,0.9000000357627869
36,87,-10.66831111907959,4.590754508972168,0.5714285969734192,0.8571429252624512,1.0
36,88,-3.5961103439331055,6.037893772125244,0.5,1.0,1.0
36,89,-38.76930618286133,2330.554443359375,0.20000000298023224,0.20000000298023224,0.6000000238418579
36,90,-10.661142349243164,5.911248683929443,0.5,1.0,1.0
36,91,-0.9026505947113037,1.5703920125961304,1.0,1.0,1.0
36,92,-23.54590606689453,50.61852264404297,0.5,0.6666666865348816,0.8333333730697632
36,93,-1.7109853029251099,1.7688478231430054,0.6666666865348816,1.0,1.0
36,94,-12.42380428314209,22.3304443359375,0.25,0.75,1.0
36,95,-4.638701438903809,10.169069290161133,0.5,1.0,1.0
36,96,-9.290107727050781,10.201420783996582,0.5,0.75,1.0
36,97,-9.40479850769043,10.49815559387207,0.5,0.75,1.0
36,98,-21.21881675720215,8.346829414367676,0.4000000059604645,0.800000011920929,1.0
36,99,-8.244709014892578,15.615068435668945,0.3333333432674408,1.0,1.0
36,100,-6.884050369262695,31.250181198120117,0.0,1.0,1.0
36,101,-6.951633453369141,5.685439109802246,0.5,1.0,1.0
36,102,-1.9240314960479736,2.616966485977173,1.0,1.0,1.0
36,103,-0.37364786863327026,1.2054150104522705,1.0,1.0,1.0
36,104,-4.206118583679199,2.0158073902130127,0.8333333730697632,1.0,1.0
36,105,-9.770212173461914,25.964689254760742,0.3333333432674408,0.3333333432674408,1.0
36,106,-4.553348064422607,9.744216918945312,0.5,0.5,1.0
36,107,-12.00105094909668,403.6408386230469,0.5,0.5,0.5
36,108,-6.415897369384766,24.728307723999023,0.5,0.5,1.0
36,109,-35.198734283447266,49.9473991394043,0.4444444477558136,0.5555555820465088,0.7777777910232544
36,110,-9.826672554016113,136.0926971435547,0.5,0.5,0.5
36,111,-15.046834945678711,20.274560928344727,0.4000000059604645,0.800000011920929,1.0
36,112,-2.263415575027466,2.126488208770752,0.6666666865348816,1.0,1.0
36,113,-1.8926429748535156,1.879265546798706,0.6666666865348816,1.0,1.0
36,114,-3.2633488178253174,26.136917114257812,0.0,1.0,1.0
36,115,-11.861534118652344,376.44317626953125,0.0,0.5,0.5
36,116,-2.3434805870056152,3.227604866027832,0.5,1.0,1.0
36,117,-10.586236953735352,2.25765323638916,0.8461538553237915,0.9230769872665405,1.0
36,118,-9.119060516357422,95.53858947753906,0.5,0.5,0.5
36,119,-2.3023016452789307,3.161829710006714,0.5,1.0,1.0
36,120,-21.580860137939453,14.8441743850708,0.5,0.75,0.875
36,121,-20.626140594482422,31.114999771118164,0.3333333432674408,0.5,1.0
36,122,-7.4822211265563965,3.480015516281128,0.6666666865348816,1.0,1.0
36,123,-16.594650268554688,63.349220275878906,0.5,0.75,0.75
36,124,-10.640825271606445,8.399439811706543,0.6000000238418579,0.6000000238418579,1.0
36,125,-9.303142547607422,10.234718322753906,0.5,0.75,1.0
36,126,-15.661175727844238,50.16381072998047,0.5,0.75,0.75
36,127,-3.101940155029297,2.8122363090515137,0.6666666865348816,1.0,1.0
36,128,-11.847565650939941,19.33450698852539,0.5,0.5,1.0
36,129,-2.9929964542388916,19.945358276367188,0.0,1.0,1.0
36,130,-11.825250625610352,51.50867462158203,0.6666666865348816,0.6666666865348816,0.6666666865348816
36,131,-9.34329891204834,6.479606628417969,0.6000000238418579,1.0,1.0
36,132,-2.2694740295410156,9.674310684204102,0.0,1.0,1.0
36,133,-3.315620183944702,5.247806072235107,0.5,1.0,1.0
36,134,-12.234119415283203,453.5292053222656,0.0,0.0,1.0
36,135,-1.5336213111877441,1.6673026084899902,0.6666666865348816,1.0,1.0
36,136,-6.447388172149658,25.120746612548828,0.5,0.5,1.0
36,137,-13.720946311950684,953.8182983398438,0.5,0.5,0.5
36,138,-6.081696510314941,7.59304141998291,0.6666666865348816,0.6666666865348816,1.0
36,139,-5.6302361488342285,3.083444118499756,0.6000000238418579,1.0,1.0
36,140,-6.695383071899414,9.316568374633789,0.3333333432674408,1.0,1.0
36,141,-10.006855010986328,12.203390121459961,0.25,1.0,1.0
36,142,-15.037637710571289,20.2373046875,0.20000000298023224,0.800000011920929,0.800000011920929
36,143,-12.036883354187012,410.937744140625,0.0,0.5,1.0
36,144,-17.312955856323242,75.8106689453125,0.5,0.75,0.75
36,145,-20.645492553710938,7.881744384765625,0.5,0.800000011920929,1.0
36,146,-12.326122283935547,60.86799240112305,0.0,0.6666666865348816,1.0
36,147,-2.633826732635498,3.731884717941284,0.5,1.0,1.0
36,148,-10.300684928894043,172.4905548095703,0.5,0.5,0.5
37,0,-9.394953727722168,109.67011260986328,0.5,0.5,0.5
37,1,-11.044332504272461,3.9770548343658447,0.75,0.875,1.0
37,2,-10.707756996154785,211.42672729492188,0.5,0.5,0.5
37,3,-5.344348907470703,209.42147827148438,0.0,1.0,1.0
37,4,-12.71275520324707,576.155517578125,0.5,0.5,0.5
37,5,-0.47333693504333496,1.2670209407806396,1.0,1.0,1.0
37,6,-0.548714816570282,1.200700283050537,1.0,1.0,1.0
37,7,-4.581700325012207,9.883337020874023,0.5,0.5,1.0
37,8,-12.353017807006836,11.829583168029785,0.6000000238418579,0.800000011920929,0.800000011920929
37,9,-0.052891314029693604,1.0267983675003052,1.0,1.0,1.0
37,10,-14.204925537109375,113.86064910888672,0.6666666865348816,0.6666666865348816,0.6666666865348816
37,11,-10.312650680541992,31.110652923583984,0.3333333432674408,0.6666666865348816,1.0
37,12,-1.0568100214004517,1.6962246894836426,1.0,1.0,1.0
37,13,-11.173219680786133,266.8294982910156,0.5,0.5,1.0
37,14,-3.6750848293304443,3.4042623043060303,0.3333333432674408,1.0,1.0
37,15,-7.0855793952941895,5.8790483474731445,0.75,0.75,1.0
37,16,-5.561275482177734,6.383767604827881,0.6666666865348816,0.6666666865348816,1.0
37,17,-4.795991897583008,4.9464192390441895,0.6666666865348816,1.0,1.0
37,18,-3.2389349937438965,2.247309684753418,0.5,1.0,1.0
37,19,-8.406432151794434,4.059549331665039,0.6666666865348816,0.8333333730697632,1.0
37,20,-3.3946244716644287,2.3365046977996826,0.75,1.0,1.0
37,21,-5.648941516876221,6.573066711425781,0.3333333432674408,0.6666666865348816,1.0
37,22,-6.628414630889893,27.500585556030273,0.5,0.5,1.0
37,23,-12.57756233215332,8.135687828063965,0.5,0.8333333730697632,1.0
37,24,-1.9330382347106934,6.910473823547363,0.0,1.0,1.0
37,25,-30.160118103027344,6.586402893066406,0.375,0.875,1.0
37,26,-0.6306573748588562,1.3707096576690674,1.0,1.0,1.0
37,27,-6.148736000061035,4.651473522186279,0.75,1.0,1.0
37,28,-8.285086631774902,15.826656341552734,0.0,0.6666666865348816,1.0
37,29,-1.1540201902389526,3.170914888381958,1.0,1.0,1.0
37,30,-9.964642524719238,145.81246948242188,0.5,0.5,0.5
37,31,-0.5380467176437378,1.3086856603622437,1.0,1.0,1.0
37,32,-5.331389904022217,14.377938270568848,0.5,0.5,1.0
37,33,-1.3282190561294556,1.9427597522735596,1.0,1.0,1.0
37,34,-1.430488109588623,4.180739402770996,1.0,1.0,1.0
37,35,-4.149065971374512,7.9608283042907715,0.5,1.0,1.0
37,36,-5.375766754150391,3.8341267108917236,0.75,1.0,1.0
37,37,-4.4855217933654785,4.46011209487915,0.6666666865348816,0.6666666865348816,1.0
37,38,-12.26700210571289,21.472017288208008,0.25,0.5,1.0
37,39,-2.7024025917053223,3.8620622158050537,0.5,1.0,1.0
37,40,-16.348613739013672,232.65060424804688,0.0,0.3333333432674408,0.6666666865348816
37,41,-12.911974906921387,8.602009773254395,0.6666666865348816,0.6666666865348816,1.0
37,42,-7.463244438171387,41.74677658081055,0.5,0.5,1.0
37,43,-4.586393356323242,2.5024709701538086,0.800000011920929,1.0,1.0
37,44,-8.126906394958496,58.17485427856445,0.0,0.5,1.0
37,45,-6.551901340484619,26.46837615966797,0.5,0.5,1.0
37,46,-19.415264129638672,11.32381534576416,0.5,0.625,1.0
37,47,-22.047151565551758,39.429931640625,0.5,0.8333333730697632,0.8333333730697632
37,48,-5.12125825881958,167.54605102539062,0.0,0.0,1.0
37,49,-8.810811996459961,81.89238739013672,0.0,0.5,1.0
37,50,-5.2317891120910645,13.679448127746582,0.5,1.0,1.0
37,51,-0.33914920687675476,1.1848007440567017,1.0,1.0,1.0
37,52,-3.8408639430999756,3.5976755619049072,0.6666666865348816,1.0,1.0
37,53,-22.70026206970215,25.60774040222168,0.1428571492433548,0.7142857313156128,1.0
37,54,-8.575130462646484,17.43320655822754,0.3333333432674408,0.6666666865348816,1.0
37,55,-9.986409187316895,147.40805053710938,0.5,0.5,1.0
37,56,-17.030534744262695,30.14764976501465,0.4000000059604645,0.6000000238418579,0.800000011920929
37,57,-1.7456309795379639,5.72951602935791,1.0,1.0,1.0
37,58,-10.90087890625,4.745839595794678,0.5714285969734192,1.0,1.0
37,59,-5.407979488372803,14.939216613769531,0.0,1.0,1.0
37,60,-1.4310537576675415,1.2268333435058594,1.0,1.0,1.0
37,61,-7.548941135406494,43.574432373046875,0.5,0.5,1.0
37,62,-4.399717807769775,81.42788696289062,0.0,1.0,1.0
37,63,-8.99395751953125,9.473414421081543,0.5,0.75,1.0
37,64,-0.6365668177604675,1.8899811506271362,1.0,1.0,1.0
37,65,-4.7875776290893555,10.95492172241211,0.0,1.0,1.0
37,66,-7.095080375671387,4.133051872253418,0.800000011920929,0.800000011920929,1.0
37,67,-11.392129898071289,9.761302947998047,0.800000011920929,0.800000011920929,0.800000011920929
37,68,-39.45281219482422,51.69087600708008,0.20000000298023224,0.699999988079071,0.800000011920929
37,69,-20.56658935546875,30.807708740234375,0.3333333432674408,0.6666666865348816,0.8333333730697632
37,70,-12.449479103088379,22.474241256713867,0.5,0.5,1.0
37,71,-7.3627848625183105,39.70164108276367,0.5,0.5,1.0
37,72,-4.069670677185059,2.766042709350586,0.5,1.0,1.0
37,73,-7.387670040130615,1615.9366455078125,0.0,0.0,1.0
37,74,-15.735767364501953,51.10803985595703,0.25,0.75,0.75
37,75,-2.1029257774353027,2.8618345260620117,1.0,1.0,1.0
37,76,-1.8382538557052612,1.8455018997192383,0.6666666865348816,1.0,1.0
37,77,-3.1187069416046143,1.6816651821136475,1.0,1.0,1.0
37,78,-12.681427955627441,23.81598472595215,0.75,0.75,0.75
37,79,-4.593891143798828,3.1533734798431396,0.75,1.0,1.0
37,80,-6.105051517486572,7.652384281158447,0.6666666865348816,0.6666666865348816,1.0
37,81,-6.645776271820068,2.2949752807617188,0.75,1.0,1.0
37,82,-11.369781494140625,44.25318145751953,0.3333333432674408,0.6666666865348816,0.6666666865348816
37,83,-3.8041863441467285,44.88871383666992,0.0,1.0,1.0
37,84,-12.232221603393555,11.54721450805664,0.4000000059604645,0.6000000238418579,1.0
37,85,-2.921123743057251,4.308379650115967,0.0,1.0,1.0
37,86,-26.696659088134766,14.435144424438477,0.6000000238418579,0.699999988079071,0.9000000357627869
37,87,-10.663972854614258,4.5879106521606445,0.5714285969734192,0.8571429252624512,1.0
37,88,-3.5996735095977783,6.048659801483154,0.5,1.0,1.0
37,89,-38.85009002685547,2368.51416015625,0.20000000298023224,0.20000000298023224,0.6000000238418579
37,90,-10.734155654907227,5.983621120452881,0.5,1.0,1.0
37,91,-0.8500751256942749,1.529647946357727,1.0,1.0,1.0
37,92,-23.547744750976562,50.6340446472168,0.5,0.6666666865348816,0.8333333730697632
37,93,-1.7144510746002197,1.7708925008773804,0.6666666865348816,1.0,1.0
37,94,-12.46153736114502,22.54209327697754,0.25,0.75,1.0
37,95,-4.698775768280029,10.479153633117676,0.5,1.0,1.0
37,96,-9.216343879699707,10.015020370483398,0.5,0.75,1.0
37,97,-9.427055358886719,10.556733131408691,0.5,0.75,1.0
37,98,-21.121883392333984,8.266310691833496,0.4000000059604645,0.800000011920929,1.0
37,99,-8.202610969543457,15.397476196289062,0.3333333432674408,1.0,1.0
37,100,-6.8738813400268555,31.091691970825195,0.0,1.0,1.0
37,101,-6.86307954788208,5.560955047607422,0.5,1.0,1.0
37,102,-1.9196016788482666,2.6111762523651123,1.0,1.0,1.0
37,103,-0.361752450466156,1.198266863822937,1.0,1.0,1.0
37,104,-4.15329647064209,1.998138666152954,0.8333333730697632,1.0,1.0
37,105,-9.8114595413208,26.324146270751953,0.3333333432674408,0.3333333432674408,1.0
37,106,-4.591384410858154,9.93130874633789,0.5,0.5,1.0
37,107,-11.936643600463867,390.8492126464844,0.5,0.5,0.5
37,108,-6.327229022979736,23.65594482421875,0.5,0.5,1.0
37,109,-35.00973892211914,48.90946960449219,0.4444444477558136,0.5555555820465088,0.7777777910232544
37,110,-9.824624061584473,135.95338439941406,0.5,0.5,0.5
37,111,-14.904633522033691,19.706071853637695,0.4000000059604645,0.800000011920929,1.0
37,112,-2.2917983531951904,2.1467020511627197,0.6666666865348816,1.0,1.0
37,113,-1.903914213180542,1.8863394260406494,0.6666666865348816,1.0,1.0
37,114,-3.2695183753967285,26.298669815063477,0.0,1.0,1.0
37,115,-11.853963851928711,375.0209655761719,0.0,0.5,0.5
37,116,-2.4019179344177246,3.3233022689819336,0.5,1.0,1.0
37,117,-10.402507781982422,2.2259702682495117,0.8461538553237915,0.9230769872665405,1.0
37,118,-9.141621589660645,96.6224136352539,0.5,0.5,0.5
37,119,-2.394096851348877,3.3103318214416504,0.5,1.0,1.0
37,120,-21.446880340576172,14.59764289855957,0.625,0.75,0.875
37,121,-20.473556518554688,30.33370018005371,0.3333333432674408,0.6666666865348816,1.0
37,122,-7.509255409240723,3.4957313537597656,0.6666666865348816,1.0,1.0
37,123,-16.626605987548828,63.85733413696289,0.5,0.75,0.75
37,124,-10.783477783203125,8.642532348632812,0.6000000238418579,0.6000000238418579,1.0
37,125,-9.328421592712402,10.299603462219238,0.5,0.75,1.0
37,126,-15.694038391113281,50.577640533447266,0.5,0.75,0.75
37,127,-3.034433364868164,2.749661684036255,0.6666666865348816,1.0,1.0
37,128,-11.785551071166992,19.037063598632812,0.5,0.5,1.0
37,129,-2.957775115966797,19.255083084106445,0.0,1.0,1.0
37,130,-11.852723121643066,51.98252868652344,0.6666666865348816,0.6666666865348816,0.6666666865348816
37,131,-9.34990119934082,6.488168239593506,0.6000000238418579,1.0,1.0
37,132,-2.251565933227539,9.502604484558105,0.0,1.0,1.0
37,133,-3.261796236038208,5.108460903167725,0.5,1.0,1.0
37,134,-12.380823135375977,488.0469055175781,0.0,0.0,1.0
37,135,-1.5508660078048706,1.6769142150878906,0.6666666865348816,1.0,1.0
37,136,-6.490358829498291,25.66631507873535,0.5,0.5,1.0
37,137,-13.686720848083496,937.6347045898438,0.5,0.5,0.5
37,138,-6.103557109832764,7.6485724449157715,0.6666666865348816,0.6666666865348816,1.0
37,139,-5.623044967651367,3.079012632369995,0.6000000238418579,1.0,1.0
37,140,-6.750484466552734,9.489267349243164,0.3333333432674408,1.0,1.0
37,141,-10.067313194274902,12.389239311218262,0.25,1.0,1.0
37,142,-15.192020416259766,20.871904373168945,0.20000000298023224,0.800000011920929,0.800000011920929
37,143,-12.09033203125,422.06781005859375,0.0,0.5,1.0
37,144,-17.347339630126953,76.46514129638672,0.5,0.75,0.75
37,145,-20.532108306884766,7.792881488800049,0.5,0.800000011920929,1.0
37,146,-12.347454071044922,61.302337646484375,0.0,0.6666666865348816,1.0
37,147,-2.4495887756347656,3.40346622467041,0.5,1.0,1.0
37,148,-10.325981140136719,174.6860809326172,0.5,0.5,0.5
38,0,-9.428908348083496,111.54791259765625,0.5,0.5,0.5
38,1,-11.181129455566406,4.045645713806152,0.75,0.875,1.0
38,2,-10.639151573181152,204.29721069335938,0.5,0.5,0.5
38,3,-5.385517120361328,218.22291564941406,0.0,1.0,1.0
38,4,-12.919194221496582,638.8035888671875,0.5,0.5,0.5
38,5,-0.46760648488998413,1.26339590549469,1.0,1.0,1.0
38,6,-0.549671471118927,1.2010833024978638,1.0,1.0,1.0
38,7,-4.5688157081604,9.819869041442871,0.5,0.5,1.0
38,8,-12.39271354675293,11.92387580871582,0.6000000238418579,0.800000011920929,0.800000011920929
38,9,-0.051189932972192764,1.0259252786636353,1.0,1.0,1.0
38,10,-14.177061080932617,112.80796813964844,0.6666666865348816,0.6666666865348816,0.6666666865348816
38,11,-10.303834915161133,31.01936149597168,0.3333333432674408,0.6666666865348816,1.0
38,12,-1.0426169633865356,1.6842299699783325,1.0,1.0,1.0
38,13,-11.268324851989746,279.8244323730469,0.5,0.5,1.0
38,14,-3.6699283123016357,3.3984158039093018,0.3333333432674408,1.0,1.0
38,15,-7.0357818603515625,5.806311130523682,0.75,0.75,1.0
38,16,-5.559124946594238,6.379193305969238,0.6666666865348816,0.6666666865348816,1.0
38,17,-4.868797302246094,5.067930221557617,0.6666666865348816,1.0,1.0
38,18,-3.2498602867126465,2.2534561157226562,0.5,1.0,1.0
38,19,-8.389591217041016,4.048171520233154,0.6666666865348816,0.8333333730697632,1.0
38,20,-3.439237117767334,2.3627099990844727,0.75,1.0,1.0
38,21,-5.638505458831787,6.550240993499756,0.3333333432674408,0.6666666865348816,1.0
38,22,-6.67179536819458,28.103599548339844,0.5,0.5,1.0
38,23,-12.64537525177002,8.228161811828613,0.5,0.8333333730697632,1.0
38,24,-1.9423341751098633,6.975013256072998,0.0,1.0,1.0
38,25,-30.16529655456543,6.588535308837891,0.375,0.875,1.0
38,26,-0.6245855689048767,1.3665547370910645,1.0,1.0,1.0
38,27,-6.140528678894043,4.641939163208008,0.75,1.0,1.0
38,28,-8.298105239868164,15.89548397064209,0.0,0.6666666865348816,1.0
38,29,-1.1333696842193604,3.1061055660247803,1.0,1.0,1.0
38,30,-9.977843284606934,146.77806091308594,0.5,0.5,0.5
38,31,-0.549308717250824,1.3160756826400757,1.0,1.0,1.0
38,32,-5.278515815734863,14.002808570861816,0.5,0.5,1.0
38,33,-1.3661290407180786,1.9799360036849976,1.0,1.0,1.0
38,34,-1.4127799272537231,4.107357501983643,1.0,1.0,1.0
38,35,-4.199021816253662,8.162177085876465,0.5,1.0,1.0
38,36,-5.359724998474121,3.8187808990478516,0.75,1.0,1.0
38,37,-4.502852439880371,4.485952377319336,0.6666666865348816,0.6666666865348816,1.0
38,38,-12.342763900756836,21.882583618164062,0.25,0.5,1.0
38,39,-2.714777946472168,3.886033535003662,0.5,1.0,1.0
38,40,-16.205474853515625,221.81085205078125,0.0,0.3333333432674408,0.6666666865348816
38,41,-12.772849082946777,8.404844284057617,0.6666666865348816,0.6666666865348816,1.0
38,42,-7.480920314788818,42.117366790771484,0.5,0.5,1.0
38,43,-4.600648880004883,2.5096161365509033,0.800000011920929,1.0,1.0
38,44,-8.033147811889648,55.510597229003906,0.0,0.5,1.0
38,45,-6.518735885620117,26.033079147338867,0.5,0.5,1.0
38,46,-19.530731201171875,11.488441467285156,0.5,0.625,1.0
38,47,-22.256322860717773,40.828773498535156,0.5,0.8333333730697632,0.8333333730697632
38,48,-5.06057596206665,157.68130493164062,0.0,0.0,1.0
38,49,-8.780815124511719,80.67329406738281,0.0,0.5,1.0
38,50,-5.2348175048828125,13.700177192687988,0.5,1.0,1.0
38,51,-0.3362988829612732,1.1831133365631104,1.0,1.0,1.0
38,52,-3.8244242668151855,3.578014612197876,0.6666666865348816,1.0,1.0
38,53,-22.815948486328125,26.034461975097656,0.1428571492433548,0.7142857313156128,1.0
38,54,-8.627304077148438,17.739042282104492,0.3333333432674408,0.6666666865348816,1.0
38,55,-10.01108455657959,149.2379913330078,0.5,0.5,1.0
38,56,-16.96734619140625,29.769052505493164,0.4000000059604645,0.6000000238418579,0.800000011920929
38,57,-1.7015300989151,5.482329368591309,1.0,1.0,1.0
38,58,-10.950350761413574,4.779499530792236,0.5714285969734192,1.0,1.0
38,59,-5.3812713623046875,14.741043090820312,0.0,1.0,1.0
38,60,-1.43647038936615,1.2277828454971313,1.0,1.0,1.0
38,61,-7.527405738830566,43.10775375366211,0.5,0.5,1.0
38,62,-4.393812656402588,80.9484634399414,0.0,1.0,1.0
38,63,-8.916753768920898,9.292322158813477,0.5,0.75,1.0
38,64,-0.6574374437332153,1.9298406839370728,1.0,1.0,1.0
38,65,-4.763421535491943,10.823403358459473,0.0,1.0,1.0
38,66,-7.068890571594238,4.111459732055664,0.800000011920929,0.800000011920929,1.0
38,67,-11.480124473571777,9.934612274169922,0.800000011920929,0.800000011920929,0.800000011920929
38,68,-39.44536590576172,51.652400970458984,0.20000000298023224,0.699999988079071,0.800000011920929
38,69,-20.45410919189453,30.235546112060547,0.3333333432674408,0.6666666865348816,0.8333333730697632
38,70,-12.482904434204102,22.66282844543457,0.5,0.5,1.0
38,71,-7.307577133178711,38.620704650878906,0.5,0.5,1.0
38,72,-4.078123092651367,2.7718937397003174,0.5,1.0,1.0
38,73,-7.41052770614624,1653.2984619140625,0.0,0.0,1.0
38,74,-15.755794525146484,51.36457061767578,0.25,0.75,0.75
38,75,-2.0844473838806152,2.835515260696411,1.0,1.0,1.0
38,76,-1.8219138383865356,1.8354774713516235,0.6666666865348816,1.0,1.0
38,77,-2.991140365600586,1.646288514137268,1.0,1.0,1.0
38,78,-12.731258392333984,24.114532470703125,0.75,0.75,0.75
38,79,-4.520792484283447,3.0962698459625244,0.75,1.0,1.0
38,80,-6.041069984436035,7.490907669067383,0.6666666865348816,0.6666666865348816,1.0
38,81,-6.70358943939209,2.3116202354431152,0.75,1.0,1.0
38,82,-11.335552215576172,43.75113296508789,0.3333333432674408,0.6666666865348816,0.6666666865348816
38,83,-3.7619194984436035,43.030948638916016,0.0,1.0,1.0
38,84,-12.173558235168457,11.412528038024902,0.4000000059604645,0.6000000238418579,1.0
38,85,-3.0148167610168457,4.515014171600342,0.0,1.0,1.0
38,86,-26.63191795349121,14.34199333190918,0.6000000238418579,0.699999988079071,0.9000000357627869
38,87,-10.63224983215332,4.567165851593018,0.5714285969734192,0.8571429252624512,1.0
38,88,-3.5305657386779785,5.843225002288818,0.5,1.0,1.0
38,89,-38.944725036621094,2413.770263671875,0.20000000298023224,0.20000000298023224,0.6000000238418579
38,90,-10.676507949829102,5.926406383514404,0.5,1.0,1.0
38,91,-0.8518924117088318,1.5310384035110474,1.0,1.0,1.0
38,92,-23.304344177246094,48.62108612060547,0.5,0.6666666865348816,0.8333333730697632
38,93,-1.7609708309173584,1.7985670566558838,0.6666666865348816,1.0,1.0
38,94,-12.591869354248047,23.288679122924805,0.25,0.75,1.0
38,95,-4.622857093811035,10.088826179504395,0.5,1.0,1.0
38,96,-9.17384147644043,9.909168243408203,0.5,0.75,1.0
38,97,-9.500783920288086,10.753120422363281,0.5,0.75,1.0
38,98,-21.224891662597656,8.351901054382324,0.4000000059604645,0.800000011920929,1.0
38,99,-8.290763854980469,15.856634140014648,0.3333333432674408,1.0,1.0
38,100,-6.911737442016602,31.685802459716797,0.0,1.0,1.0
38,101,-6.97383451461792,5.717082500457764,0.5,1.0,1.0
38,102,-1.9071844816207886,2.595014810562134,1.0,1.0,1.0
38,103,-0.36535900831222534,1.2004295587539673,1.0,1.0,1.0
38,104,-4.087641716003418,1.9763933420181274,0.8333333730697632,1.0,1.0
38,105,-9.835237503051758,26.533620834350586,0.3333333432674408,0.6666666865348816,1.0
38,106,-4.53214693069458,9.64146900177002,0.5,0.5,1.0
38,107,-12.029705047607422,409.4654541015625,0.5,0.5,0.5
38,108,-6.489803791046143,25.65919303894043,0.5,0.5,1.0
38,109,-35.135467529296875,49.59752655029297,0.4444444477558136,0.5555555820465088,0.7777777910232544
38,110,-9.816607475280762,135.40953063964844,0.5,0.5,0.5
38,111,-14.876924514770508,19.597166061401367,0.4000000059604645,0.800000011920929,1.0
38,112,-2.2340493202209473,2.105774164199829,0.6666666865348816,1.0,1.0
38,113,-1.906351089477539,1.8878722190856934,0.6666666865348816,1.0,1.0
38,114,-3.3514244556427,28.543363571166992,0.0,1.0,1.0
38,115,-11.97549057006836,398.51507568359375,0.0,0.5,0.5
38,116,-2.3851826190948486,3.295610189437866,0.5,1.0,1.0
38,117,-10.502156257629395,2.243098497390747,0.8461538553237915,0.9230769872665405,1.0
38,118,-9.050728797912598,92.3295669555664,0.5,0.5,0.5
38,119,-2.4451589584350586,3.3959362506866455,0.5,1.0,1.0
38,120,-21.381263732910156,14.478402137756348,0.5,0.75,0.875
38,121,-20.576156616210938,30.856870651245117,0.3333333432674408,0.6666666865348816,1.0
38,122,-7.687733173370361,3.601278305053711,0.6666666865348816,1.0,1.0
38,123,-16.696657180786133,64.98550415039062,0.5,0.75,0.75
38,124,-10.788036346435547,8.650415420532227,0.6000000238418579,0.6000000238418579,1.0
38,125,-9.368659973144531,10.403736114501953,0.5,0.75,1.0
38,126,-15.766508102416992,51.5023307800293,0.5,0.75,0.75
38,127,-3.0505738258361816,2.7644951343536377,0.6666666865348816,1.0,1.0
38,128,-11.940657615661621,19.789756774902344,0.5,0.5,1.0
38,129,-2.956784963607788,19.23602867126465,0.0,1.0,1.0
38,130,-11.968169212341309,54.021907806396484,0.6666666865348816,0.6666666865348816,0.6666666865348816
38,131,-9.335375785827637,6.46934700012207,0.6000000238418579,1.0,1.0
38,132,-2.265807867050171,9.638908386230469,0.0,1.0,1.0
38,133,-3.281202793121338,5.158270835876465,0.5,1.0,1.0
38,134,-12.371416091918945,485.75677490234375,0.0,0.0,1.0
38,135,-1.5492643117904663,1.6760191917419434,0.6666666865348816,1.0,1.0
38,136,-6.455838203430176,25.22710609436035,0.5,0.5,1.0
38,137,-13.684440612792969,936.5662841796875,0.5,0.5,0.5
38,138,-6.006615161895752,7.405367851257324,0.6666666865348816,0.6666666865348816,1.0
38,139,-5.619151592254639,3.076616048812866,0.6000000238418579,1.0,1.0
38,140,-6.699468612670898,9.329264640808105,0.3333333432674408,1.0,1.0
38,141,-10.164234161376953,12.693100929260254,0.25,1.0,1.0
38,142,-15.143061637878418,20.668533325195312,0.20000000298023224,0.800000011920929,0.800000011920929
38,143,-11.969964981079102,397.41558837890625,0.0,0.5,1.0
38,144,-17.422109603881836,77.90790557861328,0.5,0.75,0.75
38,145,-20.64354705810547,7.880210876464844,0.5,0.800000011920929,1.0
38,146,-12.341617584228516,61.18319320678711,0.0,0.6666666865348816,1.0
38,147,-2.58062481880188,3.6339213848114014,0.5,1.0,1.0
38,148,-10.282119750976562,170.8968048095703,0.5,0.5,0.5
39,0,-9.533524513244629,117.53807067871094,0.5,0.5,0.5
39,1,-11.161429405212402,4.035695552825928,0.75,0.875,1.0
39,2,-10.647082328796387,205.1089324951172,0.5,0.5,0.5
39,3,-5.288394927978516,198.02532958984375,0.0,1.0,1.0
39,4,-12.848880767822266,616.7355346679688,0.5,0.5,0.5
39,5,-0.44467437267303467,1.2489924430847168,1.0,1.0,1.0
39,6,-0.47122722864151,1.1700842380523682,1.0,1.0,1.0
39,7,-4.54446268081665,9.70102310180664,0.5,0.5,1.0
39,8,-12.511259078979492,12.20995807647705,0.6000000238418579,0.800000011920929,0.800000011920929
39,9,-0.05066142976284027,1.0256543159484863,1.0,1.0,1.0
39,10,-14.15245532989502,111.88650512695312,0.6666666865348816,0.6666666865348816,0.6666666865348816
39,11,-10.228306770324707,30.248165130615234,0.3333333432674408,0.6666666865348816,1.0
39,12,-1.0293679237365723,1.673109769821167,1.0,1.0,1.0
39,13,-11.29605484008789,283.7312316894531,0.5,0.5,1.0
39,14,-3.6363706588745117,3.3606133460998535,0.3333333432674408,1.0,1.0
39,15,-6.9033613204956055,5.617239475250244,0.75,0.75,1.0
39,16,-5.523491859436035,6.303872108459473,0.6666666865348816,0.6666666865348816,1.0
39,17,-4.799361228942871,4.9519782066345215,0.6666666865348816,1.0,1.0
39,18,-3.2747530937194824,2.2675232887268066,0.5,1.0,1.0
39,19,-8.427450180053711,4.073794841766357,0.6666666865348816,0.8333333730697632,1.0
39,20,-3.391387701034546,2.3346147537231445,0.75,1.0,1.0
39,21,-5.658700466156006,6.594483375549316,0.3333333432674408,0.6666666865348816,1.0
39,22,-6.668379306793213,28.055639266967773,0.5,0.5,1.0
39,23,-12.516937255859375,8.053897857666016,0.5,0.8333333730697632,1.0
39,24,-1.949540138244629,7.025456428527832,0.0,1.0,1.0
39,25,-30.24188995361328,6.620150566101074,0.375,0.875,1.0
39,26,-0.6091844439506531,1.356071949005127,1.0,1.0,1.0
39,27,-6.1055402755737305,4.601512908935547,0.75,1.0,1.0
39,28,-8.358922004699707,16.221010208129883,0.0,0.6666666865348816,1.0
39,29,-1.1550863981246948,3.17429780960083,1.0,1.0,1.0
39,30,-9.973050117492676,146.4267120361328,0.5,0.5,0.5
39,31,-0.5650466680526733,1.3264726400375366,1.0,1.0,1.0
39,32,-5.222078323364258,13.613189697265625,0.5,0.5,1.0
39,33,-1.3599611520767212,1.9738394021987915,1.0,1.0,1.0
39,34,-1.3696202039718628,3.9338560104370117,1.0,1.0,1.0
39,35,-4.15370512008667,7.979315280914307,0.5,1.0,1.0
39,36,-5.350654125213623,3.8101305961608887,0.75,1.0,1.0
39,37,-4.575424671173096,4.595794200897217,0.6666666865348816,0.6666666865348816,1.0
39,38,-12.274932861328125,21.514631271362305,0.25,0.5,1.0
39,39,-2.725076198577881,3.906094551086426,0.5,1.0,1.0
39,40,-16.370616912841797,234.36329650878906,0.0,0.3333333432674408,0.6666666865348816
39,41,-12.053857803344727,7.4556803703308105,0.6666666865348816,0.8333333730697632,1.0
39,42,-7.514749526977539,42.83582305908203,0.5,0.5,1.0
39,43,-4.582301139831543,2.5004236698150635,0.800000011920929,1.0,1.0
39,44,-8.044413566589355,55.824161529541016,0.0,0.5,1.0
39,45,-6.516178607940674,25.99981117248535,0.5,0.5,1.0
39,46,-19.367319107055664,11.256153106689453,0.5,0.625,1.0
39,47,-22.45100975036621,42.1753044128418,0.5,0.8333333730697632,0.8333333730697632
39,48,-5.075119495391846,159.99131774902344,0.0,0.0,1.0
39,49,-8.739574432373047,79.02680969238281,0.0,0.5,1.0
39,50,-5.307933807373047,14.210297584533691,0.5,1.0,1.0
39,51,-0.31284260749816895,1.169318675994873,1.0,1.0,1.0
39,52,-3.832293748855591,3.5874125957489014,0.6666666865348816,1.0,1.0
39,53,-22.89691734313965,26.33735466003418,0.1428571492433548,0.7142857313156128,1.0
39,54,-8.627687454223633,17.741308212280273,0.3333333432674408,0.6666666865348816,1.0
39,55,-10.218077659606934,165.5111846923828,0.5,0.5,0.5
39,56,-17.03738021850586,30.188949584960938,0.4000000059604645,0.6000000238418579,0.800000011920929
39,57,-1.7445210218429565,5.7231597900390625,1.0,1.0,1.0
39,58,-10.935853958129883,4.769611358642578,0.5714285969734192,1.0,1.0
39,59,-5.415588855743408,14.996164321899414,0.0,1.0,1.0
39,60,-1.429215669631958,1.2265111207962036,1.0,1.0,1.0
39,61,-7.51530647277832,42.84775161743164,0.5,0.5,1.0
39,62,-4.426374435424805,83.62767028808594,0.0,1.0,1.0
39,63,-9.005866050720215,9.501660346984863,0.5,0.75,1.0
39,64,-0.6316092014312744,1.8806345462799072,1.0,1.0,1.0
39,65,-4.757790565490723,10.792973518371582,0.0,1.0,1.0
39,66,-7.0202155113220215,4.071628570556641,0.800000011920929,0.800000011920929,1.0
39,67,-11.423351287841797,9.822447776794434,0.800000011920929,0.800000011920929,0.800000011920929
39,68,-39.70368194580078,53.00404357910156,0.20000000298023224,0.699999988079071,0.800000011920929
39,69,-20.486408233642578,30.398744583129883,0.3333333432674408,0.6666666865348816,0.8333333730697632
39,70,-12.380001068115234,22.08724594116211,0.5,0.5,1.0
39,71,-7.23867130279541,37.31277084350586,0.5,0.5,1.0
39,72,-4.084635257720947,2.7764101028442383,0.5,1.0,1.0
39,73,-7.3415727615356445,1543.13720703125,0.0,0.0,1.0
39,74,-15.716804504394531,50.86632537841797,0.25,0.75,0.75
39,75,-2.070119619369507,2.815274715423584,1.0,1.0,1.0
39,76,-1.8056880235671997,1.8255767822265625,0.6666666865348816,1.0,1.0
39,77,-2.9022600650787354,1.6220812797546387,1.0,1.0,1.0
39,78,-12.821589469909668,24.665298461914062,0.75,0.75,0.75
39,79,-4.56509256362915,3.130751609802246,0.75,1.0,1.0
39,80,-6.074385643005371,7.574560165405273,0.6666666865348816,0.6666666865348816,1.0
39,81,-6.4607086181640625,2.2424938678741455,0.75,1.0,1.0
39,82,-11.286561965942383,43.0424690246582,0.3333333432674408,0.6666666865348816,0.6666666865348816
39,83,-3.756556749343872,42.80079650878906,0.0,1.0,1.0
39,84,-12.074501037597656,11.188654899597168,0.4000000059604645,0.6000000238418579,1.0
39,85,-2.9175667762756348,4.300724029541016,0.0,1.0,1.0
39,86,-26.610946655273438,14.3119478225708,0.6000000238418579,0.699999988079071,0.9000000357627869
39,87,-10.617408752441406,4.557492733001709,0.5714285969734192,0.8571429252624512,1.0
39,88,-3.5622682571411133,5.936585426330566,0.5,1.0,1.0
39,89,-38.99694061279297,2439.108642578125,0.20000000298023224,0.20000000298023224,0.6000000238418579
39,90,-10.803892135620117,6.053573131561279,0.5,1.0,1.0
39,91,-0.8403171896934509,1.522202968597412,1.0,1.0,1.0
39,92,-23.43520164489746,49.693138122558594,0.5,0.6666666865348816,0.8333333730697632
39,93,-1.808715581893921,1.8274201154708862,0.6666666865348816,1.0,1.0
39,94,-12.652076721191406,23.64186668395996,0.25,0.75,1.0
39,95,-4.69772481918335,10.473648071289062,0.5,1.0,1.0
39,96,-9.200254440307617,9.974817276000977,0.5,0.75,1.0
39,97,-9.46666431427002,10.661787033081055,0.5,0.75,1.0
39,98,-21.146751403808594,8.286892890930176,0.4000000059604645,0.800000011920929,1.0
39,99,-8.163942337036133,15.200284957885742,0.3333333432674408,1.0,1.0
39,100,-6.850594520568848,30.731779098510742,0.0,1.0,1.0
39,101,-6.975176811218262,5.719001770019531,0.5,1.0,1.0
39,102,-1.8958526849746704,2.5803534984588623,1.0,1.0,1.0
39,103,-0.35759592056274414,1.1957790851593018,1.0,1.0,1.0
39,104,-4.0806965827941895,1.9741069078445435,0.8333333730697632,1.0,1.0
39,105,-9.80030632019043,26.226455688476562,0.3333333432674408,0.6666666865348816,1.0
39,106,-4.465733528137207,9.32656478881836,0.5,0.5,1.0
39,107,-12.028945922851562,409.31005859375,0.5,0.5,0.5
39,108,-6.551630973815918,26.464797973632812,0.5,0.5,1.0
39,109,-35.18815231323242,49.88871383666992,0.4444444477558136,0.5555555820465088,0.7777777910232544
39,110,-9.846985816955566,137.48199462890625,0.5,0.5,0.5
39,111,-14.835909843444824,19.43706703186035,0.4000000059604645,0.800000011920929,1.0
39,112,-2.2497477531433105,2.1168220043182373,0.6666666865348816,1.0,1.0
39,113,-1.8399053812026978,1.8465181589126587,0.6666666865348816,1.0,1.0
39,114,-3.3103270530700684,27.39408302307129,0.0,1.0,1.0
39,115,-11.801756858825684,365.3582763671875,0.0,0.5,0.5
39,116,-2.4419097900390625,3.3904237747192383,0.5,1.0,1.0
39,117,-10.65377426147461,2.2694127559661865,0.8461538553237915,0.9230769872665405,1.0
39,118,-9.096793174743652,94.48079681396484,0.5,0.5,0.5
39,119,-2.5053327083587646,3.499661922454834,0.5,1.0,1.0
39,120,-21.46773910522461,14.63575267791748,0.625,0.75,0.875
39,121,-20.65253448486328,31.252178192138672,0.3333333432674408,0.6666666865348816,1.0
39,122,-7.532470703125,3.5092830657958984,0.6666666865348816,1.0,1.0
39,123,-16.667348861694336,64.51109313964844,0.5,0.75,0.75
39,124,-10.80227279663086,8.675080299377441,0.6000000238418579,0.6000000238418579,1.0
39,125,-9.326092720031738,10.293608665466309,0.5,0.75,1.0
39,126,-15.645194053649902,49.96378707885742,0.5,0.75,0.75
39,127,-3.021038055419922,2.7374112606048584,0.6666666865348816,1.0,1.0
39,128,-11.9152250289917,19.66432762145996,0.5,0.5,1.0
39,129,-2.959578514099121,19.289838790893555,0.0,1.0,1.0
39,130,-11.871389389038086,52.30697250366211,0.6666666865348816,0.6666666865348816,0.6666666865348816
39,131,-9.301492691040039,6.425655364990234,0.6000000238418579,1.0,1.0
39,132,-2.226088762283325,9.26356315612793,0.0,1.0,1.0
39,133,-3.2684037685394287,5.125365734100342,0.5,1.0,1.0
39,134,-12.327506065368652,475.20819091796875,0.0,0.0,1.0
39,135,-1.5437408685684204,1.672936201095581,0.6666666865348816,1.0,1.0
39,136,-6.374858856201172,24.226072311401367,0.5,1.0,1.0
39,137,-13.64592456817627,918.702392578125,0.5,0.5,0.5
39,138,-6.112314701080322,7.670932292938232,0.6666666865348816,0.6666666865348816,1.0
39,139,-5.587757110595703,3.057358741760254,0.6000000238418579,1.0,1.0
39,140,-6.694280624389648,9.313146591186523,0.3333333432674408,1.0,1.0
39,141,-10.096315383911133,12.479394912719727,0.25,1.0,1.0
39,142,-14.985152244567871,20.025981903076172,0.20000000298023224,0.800000011920929,0.800000011920929
39,143,-12.046435356140137,412.9050598144531,0.0,0.5,1.0
39,144,-17.39322853088379,77.347412109375,0.5,0.75,0.75
39,145,-20.579280853271484,7.829730987548828,0.5,0.800000011920929,1.0
39,146,-12.320327758789062,60.750526428222656,0.0,0.6666666865348816,1.0
39,147,-2.486886739730835,3.4675331115722656,0.5,1.0,1.0
39,148,-10.350831985473633,176.87017822265625,0.5,0.5,0.5
40,0,-9.492016792297363,115.12384033203125,0.5,0.5,0.5
40,1,-11.228901863098145,4.069876670837402,0.75,0.875,1.0
40,2,-10.683536529541016,208.88174438476562,0.5,0.5,0.5
40,3,-5.347160339355469,210.0111083984375,0.0,1.0,1.0
40,4,-13.147339820861816,715.9926147460938,0.5,0.5,0.5
40,5,-0.43944844603538513,1.2457331418991089,1.0,1.0,1.0
40,6,-0.452474981546402,1.1627930402755737,1.0,1.0,1.0
40,7,-4.546163082122803,9.709274291992188,0.5,0.5,1.0
40,8,-12.641757011413574,12.53282642364502,0.6000000238418579,0.800000011920929,0.800000011920929
40,9,-0.051332395523786545,1.0259983539581299,1.0,1.0,1.0
40,10,-14.1953763961792,113.49877166748047,0.6666666865348816,0.6666666865348816,0.6666666865348816
40,11,-10.25436782836914,30.512075424194336,0.3333333432674408,0.6666666865348816,1.0
40,12,-1.0153570175170898,1.661429762840271,1.0,1.0,1.0
40,13,-11.321569442749023,287.3740539550781,0.5,0.5,1.0
40,14,-3.6771981716156006,3.40666127204895,0.3333333432674408,1.0,1.0
40,15,-7.030885696411133,5.799208641052246,0.75,0.75,1.0
40,16,-5.563198089599609,6.387860298156738,0.6666666865348816,0.6666666865348816,1.0
40,17,-4.820700645446777,4.9873270988464355,0.6666666865348816,1.0,1.0
40,18,-3.2636938095092773,2.261262893676758,0.5,1.0,1.0
40,19,-8.346540451049805,4.019228935241699,0.6666666865348816,0.8333333730697632,1.0
40,20,-3.4875502586364746,2.391420602798462,0.75,1.0,1.0
40,21,-5.672553062438965,6.625004291534424,0.3333333432674408,0.6666666865348816,1.0
40,22,-6.690903186798096,28.37338638305664,0.5,0.5,1.0
40,23,-12.586929321289062,8.148399353027344,0.5,0.8333333730697632,1.0
40,24,-1.9421442747116089,6.973689079284668,0.0,1.0,1.0
40,25,-30.196678161621094,6.601470470428467,0.375,0.875,1.0
40,26,-0.6097947359085083,1.3564857244491577,1.0,1.0,1.0
40,27,-6.1099138259887695,4.606546401977539,0.75,1.0,1.0
40,28,-8.406371116638184,16.4796085357666,0.0,0.6666666865348816,1.0
40,29,-1.1729936599731445,3.2316524982452393,1.0,1.0,1.0
40,30,-10.177064895629883,162.15171813964844,0.5,0.5,0.5
40,31,-0.5272730588912964,1.3016549348831177,1.0,1.0,1.0
40,32,-5.206919193267822,13.510397911071777,0.5,0.5,1.0
40,33,-1.432102918624878,2.046337366104126,1.0,1.0,1.0
40,34,-1.3878310918807983,4.0061516761779785,1.0,1.0,1.0
40,35,-4.216507434844971,8.23384952545166,0.5,0.5,1.0
40,36,-5.378772735595703,3.8370091915130615,0.75,1.0,1.0
40,37,-4.5275559425354,4.523044586181641,0.6666666865348816,0.6666666865348816,1.0
40,38,-12.283746719360352,21.562089920043945,0.25,0.5,1.0
40,39,-2.707719326019287,3.872342586517334,0.5,1.0,1.0
40,40,-16.363292694091797,233.79183959960938,0.0,0.3333333432674408,0.6666666865348816
40,41,-11.814862251281738,7.164539813995361,0.6666666865348816,0.8333333730697632,1.0
40,42,-7.480374336242676,42.10586929321289,0.5,0.5,1.0
40,43,-4.616843223571777,2.5177576541900635,0.800000011920929,1.0,1.0
40,44,-8.01460075378418,54.99819564819336,0.0,0.5,1.0
40,45,-6.497012138366699,25.751840591430664,0.5,0.5,1.0
40,46,-19.504894256591797,11.451397895812988,0.5,0.625,1.0
40,47,-22.235088348388672,40.684532165527344,0.5,0.8333333730697632,0.8333333730697632
40,48,-5.079993724822998,160.77305603027344,0.0,0.0,1.0
40,49,-8.815445899963379,82.08234405517578,0.0,0.5,1.0
40,50,-5.243450164794922,13.759438514709473,0.5,1.0,1.0
40,51,-0.3112148940563202,1.1683673858642578,1.0,1.0,1.0
40,52,-3.837347984313965,3.5934619903564453,0.6666666865348816,1.0,1.0
40,53,-23.140979766845703,27.27182960510254,0.1428571492433548,0.7142857313156128,1.0
40,54,-8.634114265441895,17.77935791015625,0.3333333432674408,0.6666666865348816,1.0
40,55,-10.06017780303955,152.9466094970703,0.5,0.5,1.0
40,56,-17.126256942749023,30.730371475219727,0.4000000059604645,0.6000000238418579,0.800000011920929
40,57,-1.7268644571304321,5.622994899749756,1.0,1.0,1.0
40,58,-10.893693923950195,4.740971088409424,0.5714285969734192,1.0,1.0
40,59,-5.421887397766113,15.043465614318848,0.0,1.0,1.0
40,60,-1.3991155624389648,1.2212483882904053,1.0,1.0,1.0
40,61,-7.577365398406982,44.19813919067383,0.5,0.5,1.0
40,62,-4.378305435180664,79.7028579711914,0.0,1.0,1.0
40,63,-8.918760299682617,9.296984672546387,0.5,0.75,1.0
40,64,-0.6240965127944946,1.8665586709976196,1.0,1.0,1.0
40,65,-4.854503631591797,11.32770824432373,0.0,1.0,1.0
40,66,-7.020113945007324,4.0715460777282715,0.800000011920929,1.0,1.0
40,67,-11.457867622375488,9.890488624572754,0.800000011920929,0.800000011920929,0.800000011920929
40,68,-39.8238525390625,53.644832611083984,0.20000000298023224,0.800000011920929,0.800000011920929
40,69,-20.378036499023438,29.8546142578125,0.3333333432674408,0.6666666865348816,0.8333333730697632
40,70,-12.407710075378418,22.240779876708984,0.5,0.5,1.0
40,71,-7.159613609313965,35.86661148071289,0.5,0.5,1.0
40,72,-4.075928211212158,2.7703733444213867,0.5,1.0,1.0
40,73,-7.420702934265137,1670.20703125,0.0,0.0,1.0
40,74,-15.876409530639648,52.93699264526367,0.25,0.75,0.75
40,75,-2.0549609661102295,2.7940173149108887,1.0,1.0,1.0
40,76,-1.7954944372177124,1.8193843364715576,0.6666666865348816,1.0,1.0
40,77,-2.8623552322387695,1.6113288402557373,1.0,1.0,1.0
40,78,-12.786896705627441,24.45229721069336,0.75,0.75,0.75
40,79,-4.564284324645996,3.1301190853118896,0.75,1.0,1.0
40,80,-6.0251641273498535,7.451296329498291,0.6666666865348816,0.6666666865348816,1.0
40,81,-6.549820423126221,2.2676126956939697,0.75,1.0,1.0
40,82,-11.357244491577148,44.068634033203125,0.3333333432674408,0.6666666865348816,0.6666666865348816
40,83,-3.7993054389953613,44.67014694213867,0.0,1.0,1.0
40,84,-12.095348358154297,11.235403060913086,0.4000000059604645,0.6000000238418579,1.0
40,85,-2.9373483657836914,4.343472957611084,0.0,1.0,1.0
40,86,-26.646530151367188,14.362966537475586,0.6000000238418579,0.699999988079071,0.9000000357627869
40,87,-10.639018058776855,4.5715837478637695,0.5714285969734192,0.8571429252624512,1.0
40,88,-3.5972676277160645,6.041388511657715,0.5,1.0,1.0
40,89,-39.222625732421875,2551.72607421875,0.20000000298023224,0.20000000298023224,0.6000000238418579
40,90,-10.815936088562012,6.065737247467041,0.5,1.0,1.0
40,91,-0.8584637641906738,1.5360771417617798,1.0,1.0,1.0
40,92,-23.29459571838379,48.54216003417969,0.6666666865348816,0.6666666865348816,0.8333333730697632
40,93,-1.8238755464553833,1.8366780281066895,0.6666666865348816,1.0,1.0
40,94,-12.548395156860352,23.036935806274414,0.25,0.75,1.0
40,95,-4.632264614105225,10.136393547058105,0.5,1.0,1.0
40,96,-9.193031311035156,9.956820487976074,0.5,0.75,1.0
40,97,-9.53980541229248,10.858534812927246,0.5,0.75,1.0
40,98,-21.15805435180664,8.2962646484375,0.4000000059604645,0.800000011920929,1.0
40,99,-8.076325416564941,14.76276969909668,0.3333333432674408,1.0,1.0
40,100,-6.883439064025879,31.240631103515625,0.0,1.0,1.0
40,101,-6.959321975708008,5.696378231048584,0.5,1.0,1.0
40,102,-1.9346314668655396,2.630872964859009,1.0,1.0,1.0
40,103,-0.3680626451969147,1.202053427696228,1.0,1.0,1.0
40,104,-4.073697090148926,1.9718053340911865,0.8333333730697632,1.0,1.0
40,105,-9.789409637451172,26.131372451782227,0.3333333432674408,0.6666666865348816,1.0
40,106,-4.343050479888916,8.771652221679688,0.5,0.5,1.0
40,107,-12.029809951782227,409.4869384765625,0.5,0.5,0.5
40,108,-6.5817413330078125,26.86624526977539,0.5,0.5,1.0
40,109,-35.36674118041992,50.8885498046875,0.4444444477558136,0.5555555820465088,0.7777777910232544
40,110,-9.779516220092773,132.92141723632812,0.5,0.5,0.5
40,111,-14.757476806640625,19.134546279907227,0.4000000059604645,0.800000011920929,1.0
40,112,-2.1500930786132812,2.0476601123809814,0.6666666865348816,1.0,1.0
40,113,-1.784555435180664,1.8127622604370117,0.6666666865348816,1.0,1.0
40,114,-3.2941741943359375,26.95514488220215,0.0,1.0,1.0
40,115,-11.839652061462402,372.346923828125,0.0,0.5,0.5
40,116,-2.4851183891296387,3.464468240737915,0.5,1.0,1.0
40,117,-10.51585865020752,2.2454640865325928,0.8461538553237915,0.9230769872665405,1.0
40,118,-9.105489730834961,94.89251708984375,0.5,0.5,0.5
40,119,-2.513559341430664,3.5140867233276367,0.5,1.0,1.0
40,120,-21.24951934814453,14.241923332214355,0.625,0.75,0.875
40,121,-20.46038055419922,30.267166137695312,0.3333333432674408,0.6666666865348816,1.0
40,122,-7.485314846038818,3.481811046600342,0.6666666865348816,1.0,1.0
40,123,-16.703125,65.0906753540039,0.5,0.75,0.75
40,124,-10.724575996398926,8.541316032409668,0.6000000238418579,0.6000000238418579,1.0
40,125,-9.404563903808594,10.497539520263672,0.5,0.75,1.0
40,126,-15.733101844787598,51.07399368286133,0.5,0.75,0.75
40,127,-2.98592209815979,2.7055559158325195,0.6666666865348816,1.0,1.0
40,128,-11.930044174194336,19.737316131591797,0.5,0.5,1.0
40,129,-2.990194797515869,19.889556884765625,0.0,1.0,1.0
40,130,-11.916343688964844,53.09668731689453,0.6666666865348816,0.6666666865348816,0.6666666865348816
40,131,-9.343147277832031,6.479410171508789,0.6000000238418579,1.0,1.0
40,132,-2.2012085914611816,9.035927772521973,0.0,1.0,1.0
40,133,-3.2211875915527344,5.005782604217529,0.5,1.0,1.0
40,134,-12.427814483642578,499.64971923828125,0.0,0.0,1.0
40,135,-1.5186958312988281,1.659028172492981,0.6666666865348816,1.0,1.0
40,136,-6.3846917152404785,24.34547233581543,0.5,0.5,1.0
40,137,-13.629549980163574,911.2114868164062,0.5,0.5,0.5
40,138,-6.070973873138428,7.565951347351074,0.6666666865348816,0.6666666865348816,1.0
40,139,-5.6197123527526855,3.0769612789154053,0.6000000238418579,1.0,1.0
40,140,-6.679133415222168,9.266240119934082,0.3333333432674408,1.0,1.0
40,141,-10.174905776977539,12.727009773254395,0.25,1.0,1.0
40,142,-15.068406105041504,20.362218856811523,0.20000000298023224,0.800000011920929,0.800000011920929
40,143,-11.976310729980469,398.67852783203125,0.0,0.5,1.0
40,144,-17.419191360473633,77.85108184814453,0.5,0.75,0.75
40,145,-20.779891967773438,7.988389015197754,0.5,0.800000011920929,1.0
40,146,-12.285072326660156,60.04078674316406,0.0,0.6666666865348816,1.0
40,147,-2.5144405364990234,3.5156354904174805,0.5,1.0,1.0
40,148,-10.285422325134277,171.17922973632812,0.5,0.5,0.5
41,0,-9.52298355102539,116.92021942138672,0.5,0.5,0.5
41,1,-11.290990829467773,4.101586818695068,0.75,0.875,1.0
41,2,-10.6983642578125,210.43612670898438,0.5,0.5,0.5
41,3,-5.255735874176025,191.6624755859375,0.0,1.0,1.0
41,4,-13.222325325012207,743.3467407226562,0.5,0.5,0.5
41,5,-0.45402300357818604,1.254844307899475,1.0,1.0,1.0
41,6,-0.4679482579231262,1.1688059568405151,1.0,1.0,1.0
41,7,-4.4900593757629395,9.440695762634277,0.5,0.5,1.0
41,8,-12.732720375061035,12.762920379638672,0.6000000238418579,0.800000011920929,0.800000011920929
41,9,-0.04992366209626198,1.0252760648727417,1.0,1.0,1.0
41,10,-14.161528587341309,112.22541809082031,0.6666666865348816,0.6666666865348816,0.6666666865348816
41,11,-10.293523788452148,30.91292953491211,0.0,0.6666666865348816,1.0
41,12,-1.0100417137145996,1.657020092010498,1.0,1.0,1.0
41,13,-11.351263999938965,291.672607421875,0.5,0.5,1.0
41,14,-3.6263461112976074,3.349402904510498,0.3333333432674408,1.0,1.0
41,15,-6.926015853881836,5.649143695831299,0.75,0.75,1.0
41,16,-5.484351634979248,6.222160816192627,0.6666666865348816,0.6666666865348816,1.0
41,17,-4.822116374969482,4.989681720733643,0.6666666865348816,1.0,1.0
41,18,-3.3147284984588623,2.2902984619140625,0.5,1.0,1.0
41,19,-8.305021286010742,3.9915122985839844,0.6666666865348816,0.8333333730697632,1.0
41,20,-3.390172243118286,2.3339054584503174,0.75,1.0,1.0
41,21,-5.649664402008057,6.57465124130249,0.3333333432674408,0.6666666865348816,1.0
41,22,-6.682901382446289,28.260093688964844,0.5,0.5,1.0
41,23,-12.482887268066406,8.008322715759277,0.5,0.8333333730697632,1.0
41,24,-1.9517852067947388,7.04124641418457,0.0,1.0,1.0
41,25,-30.394622802734375,6.683648109436035,0.375,0.875,1.0
41,26,-0.6081481575965881,1.3553694486618042,1.0,1.0,1.0
41,27,-6.117164134979248,4.614903926849365,0.75,1.0,1.0
41,28,-8.350152015686035,16.173662185668945,0.0,0.6666666865348816,1.0
41,29,-1.0995885133743286,3.002929925918579,1.0,1.0,1.0
41,30,-10.21721363067627,165.43971252441406,0.5,0.5,0.5
41,31,-0.5499731302261353,1.3165130615234375,1.0,1.0,1.0
41,32,-5.1844401359558105,13.359397888183594,0.5,0.5,1.0
41,33,-1.381698727607727,1.995409607887268,1.0,1.0,1.0
41,34,-1.380700945854187,3.977688789367676,1.0,1.0,1.0
41,35,-4.185495853424072,8.107162475585938,0.5,1.0,1.0
41,36,-5.356113433837891,3.8153345584869385,0.75,1.0,1.0
41,37,-4.479218482971191,4.450751304626465,0.6666666865348816,0.6666666865348816,1.0
41,38,-12.208209991455078,21.158727645874023,0.25,0.5,1.0
41,39,-2.7072484493255615,3.8714308738708496,0.5,1.0,1.0
41,40,-16.34377670288086,232.2758331298828,0.0,0.3333333432674408,0.6666666865348816
41,41,-12.010994911193848,7.402608871459961,0.6666666865348816,0.8333333730697632,1.0
41,42,-7.488486289978027,42.277000427246094,0.5,0.5,1.0
41,43,-4.596914768218994,2.5077426433563232,0.800000011920929,1.0,1.0
41,44,-8.020342826843262,55.15632629394531,0.0,0.5,1.0
41,45,-6.495467185974121,25.73195457458496,0.5,0.5,1.0
41,46,-19.33243179321289,11.207172393798828,0.5,0.625,1.0
41,47,-22.60894012451172,43.30017852783203,0.5,0.8333333730697632,0.8333333730697632
41,48,-5.005624294281006,149.25022888183594,0.0,0.0,1.0
41,49,-8.608545303344727,74.01536560058594,0.0,0.5,1.0
41,50,-5.217926502227783,13.584959983825684,0.5,1.0,1.0
41,51,-0.2980450987815857,1.1606992483139038,1.0,1.0,1.0
41,52,-3.827336072921753,3.581489086151123,0.6666666865348816,1.0,1.0
41,53,-23.22779655456543,27.61216926574707,0.1428571492433548,0.7142857313156128,1.0
41,54,-8.658472061157227,17.924299240112305,0.3333333432674408,0.6666666865348816,1.0
41,55,-10.063555717468262,153.20513916015625,0.5,0.5,1.0
41,56,-17.01913070678711,30.078969955444336,0.4000000059604645,0.6000000238418579,0.800000011920929
41,57,-1.7221617698669434,5.596613883972168,1.0,1.0,1.0
41,58,-10.981813430786133,4.801030158996582,0.5714285969734192,1.0,1.0
41,59,-5.3670148849487305,14.636340141296387,0.0,1.0,1.0
41,60,-1.4233911037445068,1.2254910469055176,1.0,1.0,1.0
41,61,-7.548988342285156,43.575462341308594,0.5,0.5,1.0
41,62,-4.367049217224121,78.81073760986328,0.0,1.0,1.0
41,63,-8.856386184692383,9.153136253356934,0.5,0.75,1.0
41,64,-0.640253484249115,1.8969615697860718,1.0,1.0,1.0
41,65,-4.810284614562988,11.080007553100586,0.0,1.0,1.0
41,66,-6.921156883239746,3.9917562007904053,0.800000011920929,1.0,1.0
41,67,-11.408855438232422,9.794012069702148,0.800000011920929,0.800000011920929,0.800000011920929
41,68,-39.61042022705078,52.51201248168945,0.20000000298023224,0.699999988079071,0.800000011920929
41,69,-20.453773498535156,30.23385238647461,0.3333333432674408,0.6666666865348816,0.8333333730697632
41,70,-12.368803024291992,22.025497436523438,0.5,0.5,1.0
41,71,-7.179195404052734,36.21950149536133,0.5,0.5,1.0
41,72,-4.167056560516357,2.8342125415802,0.5,1.0,1.0
41,73,-7.405409336090088,1644.8580322265625,0.0,0.0,1.0
41,74,-15.80349349975586,51.98074722290039,0.25,0.75,0.75
41,75,-2.0526461601257324,2.790785312652588,1.0,1.0,1.0
41,76,-1.8005696535110474,1.8224647045135498,0.6666666865348816,1.0,1.0
41,77,-2.9048261642456055,1.6227750778198242,1.0,1.0,1.0
41,78,-12.857736587524414,24.889205932617188,0.75,0.75,0.75
41,79,-4.502105236053467,3.081838369369507,0.75,1.0,1.0
41,80,-6.079475402832031,7.587421894073486,0.6666666865348816,0.6666666865348816,1.0
41,81,-6.593386650085449,2.2799952030181885,0.75,1.0,1.0
41,82,-11.224852561950684,42.1661376953125,0.3333333432674408,0.6666666865348816,0.6666666865348816
41,83,-3.7953250408172607,44.49269485473633,0.0,1.0,1.0
41,84,-12.127951622009277,11.308902740478516,0.4000000059604645,0.6000000238418579,1.0
41,85,-2.85847806930542,4.175520896911621,0.0,1.0,1.0
41,86,-26.38338851928711,13.989944458007812,0.6000000238418579,0.699999988079071,0.9000000357627869
41,87,-10.698246002197266,4.610429286956787,0.5714285969734192,0.8571429252624512,1.0
41,88,-3.612083673477173,6.08630895614624,0.5,1.0,1.0
41,89,-39.37211608886719,2629.168701171875,0.20000000298023224,0.20000000298023224,0.6000000238418579
41,90,-10.734676361083984,5.984140396118164,0.5,1.0,1.0
41,91,-0.8073643445968628,1.4973279237747192,1.0,1.0,1.0
41,92,-23.345855712890625,48.95864486694336,0.5,0.6666666865348816,0.8333333730697632
41,93,-1.8118916749954224,1.8293559551239014,0.6666666865348816,1.0,1.0
41,94,-12.61768913269043,23.439491271972656,0.25,0.75,1.0
41,95,-4.668229103088379,10.320318222045898,0.5,1.0,1.0
41,96,-9.079549789428711,9.678311347961426,0.5,0.75,1.0
41,97,-9.504734992980957,10.763747215270996,0.5,0.75,1.0
41,98,-21.223848342895508,8.351029396057129,0.4000000059604645,0.800000011920929,1.0
41,99,-8.13842487335205,15.071542739868164,0.3333333432674408,1.0,1.0
41,100,-6.861359596252441,30.897642135620117,0.0,1.0,1.0
41,101,-6.942275047302246,5.672152996063232,0.5,1.0,1.0
41,102,-1.9082682132720947,2.596421480178833,1.0,1.0,1.0
41,103,-0.35188525915145874,1.1923695802688599,1.0,1.0,1.0
41,104,-4.052340030670166,1.964799165725708,0.8333333730697632,1.0,1.0
41,105,-9.870782852172852,26.849870681762695,0.3333333432674408,0.6666666865348816,1.0
41,106,-4.363760471343994,8.862955093383789,0.5,0.5,1.0
41,107,-11.996866226196289,402.79718017578125,0.5,0.5,0.5
41,108,-6.600779056549072,27.123201370239258,0.5,0.5,1.0
41,109,-35.278785705566406,50.39365005493164,0.4444444477558136,0.5555555820465088,0.7777777910232544
41,110,-9.756661415100098,131.41111755371094,0.5,0.5,0.5
41,111,-14.834033966064453,19.429779052734375,0.4000000059604645,0.800000011920929,1.0
41,112,-2.2361695766448975,2.1072628498077393,0.6666666865348816,1.0,1.0
41,113,-1.8423467874526978,1.848021388053894,0.6666666865348816,1.0,1.0
41,114,-3.34458327293396,28.348758697509766,0.0,1.0,1.0
41,115,-11.955592155456543,394.5697937011719,0.0,0.5,0.5
41,116,-2.4606218338012695,3.4222934246063232,0.5,1.0,1.0
41,117,-10.728628158569336,2.282517671585083,0.8461538553237915,0.9230769872665405,1.0
41,118,-9.11941909790039,95.55572509765625,0.5,0.5,0.5
41,119,-2.5921108722686768,3.6548514366149902,0.5,1.0,1.0
41,120,-21.66268539428711,14.996782302856445,0.625,0.75,0.875
41,121,-20.561511993408203,30.781652450561523,0.3333333432674408,0.6666666865348816,1.0
41,122,-7.43617057800293,3.4534084796905518,0.6666666865348816,1.0,1.0
41,123,-16.67441177368164,64.62510681152344,0.5,0.75,0.75
41,124,-10.851130485534668,8.76026439666748,0.6000000238418579,0.6000000238418579,1.0
41,125,-9.371879577636719,10.412113189697266,0.5,0.75,1.0
41,126,-15.619569778442383,49.644737243652344,0.5,0.75,0.75
41,127,-3.0262603759765625,2.742180585861206,0.6666666865348816,1.0,1.0
41,128,-11.990949630737305,20.040143966674805,0.5,0.5,1.0
41,129,-2.960132598876953,19.3005313873291,0.0,1.0,1.0
41,130,-11.807480812072754,51.2044792175293,0.6666666865348816,0.6666666865348816,0.6666666865348816
41,131,-9.381369590759277,6.5291314125061035,0.6000000238418579,1.0,1.0
41,132,-2.2752647399902344,9.730494499206543,0.0,1.0,1.0
41,133,-3.2549569606781006,5.091021537780762,0.5,1.0,1.0
41,134,-12.472978591918945,511.0611572265625,0.0,0.0,1.0
41,135,-1.5219197273254395,1.6608119010925293,0.6666666865348816,1.0,1.0
41,136,-6.364532470703125,24.10131072998047,0.5,1.0,1.0
41,137,-13.648362159729004,919.8228149414062,0.5,0.5,0.5
41,138,-6.105184555053711,7.652723789215088,0.6666666865348816,0.6666666865348816,1.0
41,139,-5.556663513183594,3.038404703140259,0.6000000238418579,1.0,1.0
41,140,-6.728763580322266,9.42081069946289,0.3333333432674408,1.0,1.0
41,141,-10.192607879638672,12.783458709716797,0.25,1.0,1.0
41,142,-15.176703453063965,20.808067321777344,0.20000000298023224,0.800000011920929,0.800000011920929
41,143,-11.964934349060059,396.4172058105469,0.0,0.5,1.0
41,144,-17.46822738647461,78.81134033203125,0.5,0.75,0.75
41,145,-20.649768829345703,7.885116100311279,0.5,0.800000011920929,1.0
41,146,-12.309020042419434,60.521995544433594,0.0,0.6666666865348816,1.0
41,147,-2.5113322734832764,3.5101757049560547,0.5,1.0,1.0
41,148,-10.386133193969727,180.01976013183594,0.5,0.5,0.5
42,0,-9.487605094909668,114.87017059326172,0.5,0.5,0.5
42,1,-11.252397537231445,4.081847667694092,0.75,0.875,1.0
42,2,-10.680139541625977,208.52725219726562,0.5,0.5,0.5
42,3,-5.311152458190918,202.5835723876953,0.0,1.0,1.0
42,4,-13.282505989074707,766.0542602539062,0.5,0.5,0.5
42,5,-0.438536673784256,1.2451653480529785,1.0,1.0,1.0
42,6,-0.4505750834941864,1.1620569229125977,1.0,1.0,1.0
42,7,-4.520689487457275,9.586393356323242,0.5,0.5,1.0
42,8,-12.661653518676758,12.582799911499023,0.6000000238418579,0.800000011920929,0.800000011920929
42,9,-0.053149860352277756,1.0269311666488647,1.0,1.0,1.0
42,10,-14.192147254943848,113.3766860961914,0.6666666865348816,0.6666666865348816,0.6666666865348816
42,11,-10.281013488769531,30.784292221069336,0.0,0.6666666865348816,1.0
42,12,-0.9979137182235718,1.6470023393630981,1.0,1.0,1.0
42,13,-11.321016311645508,287.2945861816406,0.5,0.5,1.0
42,14,-3.629802703857422,3.3532638549804688,0.3333333432674408,1.0,1.0
42,15,-6.952727317810059,5.686994552612305,0.75,0.75,1.0
42,16,-5.547741889953613,6.355034828186035,0.6666666865348816,0.6666666865348816,1.0
42,17,-4.801373481750488,4.955300331115723,0.6666666865348816,1.0,1.0
42,18,-3.30474853515625,2.2845911979675293,0.5,1.0,1.0
42,19,-8.311342239379883,3.9957199096679688,0.6666666865348816,0.8333333730697632,1.0
42,20,-3.4431023597717285,2.3649942874908447,0.75,1.0,1.0
42,21,-5.666037082672119,6.610630512237549,0.3333333432674408,0.6666666865348816,1.0
42,22,-6.773082256317139,29.563518524169922,0.5,0.5,1.0
42,23,-12.535041809082031,8.07823657989502,0.5,0.8333333730697632,1.0
42,24,-1.9940438270568848,7.3451762199401855,0.0,1.0,1.0
42,25,-30.42556381225586,6.696585655212402,0.375,0.875,1.0
42,26,-0.5971577763557434,1.3479418754577637,1.0,1.0,1.0
42,27,-6.050535678863525,4.538669586181641,0.75,1.0,1.0
42,28,-8.411006927490234,16.50509262084961,0.0,0.6666666865348816,1.0
42,29,-1.1003518104553223,3.005223035812378,1.0,1.0,1.0
42,30,-10.23011589050293,166.5104217529297,0.5,0.5,0.5
42,31,-0.550519585609436,1.3168728351593018,1.0,1.0,1.0
42,32,-5.145350456237793,13.100825309753418,0.5,0.5,1.0
42,33,-1.4434099197387695,2.057939052581787,1.0,1.0,1.0
42,34,-1.3681741952896118,3.9281721115112305,1.0,1.0,1.0
42,35,-4.157174110412598,7.993167400360107,0.5,1.0,1.0
42,36,-5.352074146270752,3.81148362159729,0.75,0.75,1.0
42,37,-4.58636474609375,4.612584114074707,0.6666666865348816,0.6666666865348816,1.0
42,38,-12.245113372802734,21.354839324951172,0.25,0.5,1.0
42,39,-2.735464572906494,3.92643666267395,0.5,1.0,1.0
42,40,-16.365156173706055,233.93701171875,0.0,0.3333333432674408,0.6666666865348816
42,41,-11.711491584777832,7.0421624183654785,0.6666666865348816,0.8333333730697632,1.0
42,42,-7.471818447113037,41.92612838745117,0.5,0.5,1.0
42,43,-4.682689666748047,2.551133871078491,0.800000011920929,1.0,1.0
42,44,-7.973643779754639,53.88336944580078,0.0,0.5,1.0
42,45,-6.458444595336914,25.2600040435791,0.5,0.5,1.0
42,46,-19.3726749420166,11.263691902160645,0.5,0.625,1.0
42,47,-22.61433982849121,43.33915710449219,0.5,0.8333333730697632,0.8333333730697632
42,48,-5.031810760498047,153.21018981933594,0.0,0.0,1.0
42,49,-8.647555351257324,75.47319793701172,0.0,0.5,1.0
42,50,-5.242570877075195,13.75339126586914,0.5,1.0,1.0
42,51,-0.30702096223831177,1.1659200191497803,1.0,1.0,1.0
42,52,-3.911027431488037,3.6828091144561768,0.6666666865348816,1.0,1.0
42,53,-23.55245590209961,28.92298698425293,0.1428571492433548,0.7142857313156128,1.0
42,54,-8.609709739685059,17.635313034057617,0.3333333432674408,0.6666666865348816,1.0
42,55,-10.160343170166016,160.80165100097656,0.5,0.5,0.5
42,56,-17.111120223999023,30.63747787475586,0.4000000059604645,0.6000000238418579,0.800000011920929
42,57,-1.7419774532318115,5.708621025085449,1.0,1.0,1.0
42,58,-10.901628494262695,4.7463483810424805,0.5714285969734192,1.0,1.0
42,59,-5.4233903884887695,15.05477523803711,0.0,1.0,1.0
42,60,-1.418034315109253,1.2245535850524902,1.0,1.0,1.0
42,61,-7.545955181121826,43.50942611694336,0.5,0.5,1.0
42,62,-4.3667802810668945,78.78954315185547,0.0,1.0,1.0
42,63,-8.898772239685059,9.250642776489258,0.5,0.75,1.0
42,64,-0.6467938423156738,1.9094091653823853,1.0,1.0,1.0
42,65,-4.74477481842041,10.722962379455566,0.0,1.0,1.0
42,66,-7.0110273361206055,4.06415319442749,0.800000011920929,1.0,1.0
42,67,-11.341694831848145,9.663335800170898,0.800000011920929,0.800000011920929,0.800000011920929
42,68,-39.82603454589844,53.656551361083984,0.20000000298023224,0.699999988079071,0.800000011920929
42,69,-20.313156127929688,29.533519744873047,0.3333333432674408,0.6666666865348816,0.8333333730697632
42,70,-12.382121086120605,22.098955154418945,0.5,0.5,1.0
42,71,-7.159976482391357,35.87311935424805,0.5,0.5,1.0
42,72,-4.0853271484375,2.776890277862549,0.5,1.0,1.0
42,73,-7.477542400360107,1767.8907470703125,0.0,0.0,1.0
42,74,-15.86611557006836,52.800933837890625,0.25,0.75,0.75
42,75,-2.0754690170288086,2.82281494140625,1.0,1.0,1.0
42,76,-1.8057312965393066,1.8256031274795532,0.6666666865348816,1.0,1.0
42,77,-2.7692642211914062,1.5865217447280884,1.0,1.0,1.0
42,78,-12.955144882202148,25.502748489379883,0.75,0.75,0.75
42,79,-4.538194179534912,3.109769582748413,0.75,1.0,1.0
42,80,-6.132800102233887,7.7234930992126465,0.6666666865348816,0.6666666865348816,1.0
42,81,-6.594944000244141,2.2804391384124756,0.75,1.0,1.0
42,82,-11.302803993225098,43.27613067626953,0.3333333432674408,0.6666666865348816,0.6666666865348816
42,83,-3.8001179695129395,44.70645523071289,0.0,1.0,1.0
42,84,-12.222576141357422,11.524962425231934,0.4000000059604645,0.6000000238418579,1.0
42,85,-2.852325677871704,4.16269588470459,0.0,1.0,1.0
42,86,-26.587207794189453,14.2780122756958,0.6000000238418579,0.699999988079071,0.9000000357627869
42,87,-10.700387954711914,4.611839771270752,0.5714285969734192,0.8571429252624512,1.0
42,88,-3.6199707984924316,6.110358238220215,0.5,1.0,1.0
42,89,-39.35422897338867,2619.780517578125,0.20000000298023224,0.20000000298023224,0.6000000238418579
42,90,-10.717270851135254,5.966806888580322,0.5,1.0,1.0
42,91,-0.7996225953102112,1.491543173789978,1.0,1.0,1.0
42,92,-23.335445404052734,48.873775482177734,0.6666666865348816,0.6666666865348816,0.8333333730697632
42,93,-1.8792794942855835,1.870913028717041,0.6666666865348816,1.0,1.0
42,94,-12.687419891357422,23.851688385009766,0.25,0.75,1.0
42,95,-4.615560054779053,10.052083969116211,0.5,1.0,1.0
42,96,-9.122782707214355,9.78348445892334,0.5,0.75,1.0
42,97,-9.627823829650879,11.100120544433594,0.5,0.75,1.0
42,98,-21.290916442871094,8.407227516174316,0.4000000059604645,0.699999988079071,1.0
42,99,-8.157418251037598,15.167262077331543,0.3333333432674408,1.0,1.0
42,100,-6.893251895904541,31.394287109375,0.0,1.0,1.0
42,101,-7.006770133972168,5.7643513679504395,0.5,1.0,1.0
42,102,-1.9244346618652344,2.6174938678741455,1.0,1.0,1.0
42,103,-0.3430159091949463,1.1870936155319214,1.0,1.0,1.0
42,104,-4.073746681213379,1.9718214273452759,0.8333333730697632,1.0,1.0
42,105,-9.777195930480957,26.02520179748535,0.3333333432674408,0.6666666865348816,1.0
42,106,-4.344663143157959,8.778728485107422,0.5,0.5,1.0
42,107,-12.026773452758789,408.86572265625,0.5,0.5,0.5
42,108,-6.590173721313477,26.97975730895996,0.5,0.5,1.0
42,109,-35.2031135559082,49.971710205078125,0.4444444477558136,0.5555555820465088,0.7777777910232544
42,110,-9.766683578491211,132.0712890625,0.5,0.5,0.5
42,111,-14.701711654663086,18.922325134277344,0.4000000059604645,0.800000011920929,1.0
42,112,-2.2046620845794678,2.085247278213501,0.6666666865348816,1.0,1.0
42,113,-1.8447436094284058,1.8494985103607178,0.6666666865348816,1.0,1.0
42,114,-3.3036980628967285,27.213088989257812,0.0,1.0,1.0
42,115,-11.812047958374023,367.24310302734375,0.0,0.5,0.5
42,116,-2.492962598800659,3.4780828952789307,0.5,1.0,1.0
42,117,-10.437027931213379,2.231889009475708,0.8461538553237915,0.9230769872665405,1.0
42,118,-9.089255332946777,94.12537384033203,0.5,0.5,0.5
42,119,-2.5959982872009277,3.6619622707366943,0.5,1.0,1.0
42,120,-21.68700408935547,15.042440414428711,0.625,0.75,0.875
42,121,-20.26646614074707,29.304597854614258,0.3333333432674408,0.6666666865348816,1.0
42,122,-7.577206134796143,3.535545825958252,0.6666666865348816,1.0,1.0
42,123,-16.7199649810791,65.36528015136719,0.5,0.75,0.75
42,124,-10.905250549316406,8.855600357055664,0.6000000238418579,0.6000000238418579,1.0
42,125,-9.387147903442383,10.451933860778809,0.5,0.75,1.0
42,126,-15.753461837768555,51.334625244140625,0.5,0.75,0.75
42,127,-3.0058436393737793,2.7235820293426514,0.6666666865348816,1.0,1.0
42,128,-12.000360488891602,20.08734893798828,0.5,0.5,1.0
42,129,-2.9390077590942383,18.89708709716797,0.0,1.0,1.0
42,130,-11.96861743927002,54.02998352050781,0.6666666865348816,0.6666666865348816,0.6666666865348816
42,131,-9.307952880859375,6.433962821960449,0.6000000238418579,1.0,1.0
42,132,-2.2340495586395264,9.337602615356445,0.0,1.0,1.0
42,133,-3.2321927547454834,5.033403396606445,0.5,1.0,1.0
42,134,-12.378942489624023,487.58819580078125,0.0,0.0,1.0
42,135,-1.5362484455108643,1.668763279914856,0.6666666865348816,1.0,1.0
42,136,-6.38212776184082,24.314281463623047,0.5,0.5,1.0
42,137,-13.6546630859375,922.7252807617188,0.5,0.5,0.5
42,138,-6.074941635131836,7.575963497161865,0.6666666865348816,0.6666666865348816,1.0
42,139,-5.544641494750977,3.0311081409454346,0.6000000238418579,1.0,1.0
42,140,-6.643500328063965,9.156831741333008,0.3333333432674408,1.0,1.0
42,141,-10.172054290771484,12.717940330505371,0.25,1.0,1.0
42,142,-15.100861549377441,20.494823455810547,0.20000000298023224,0.800000011920929,0.800000011920929
42,143,-11.968429565429688,397.110595703125,0.0,0.5,1.0
42,144,-17.496719360351562,79.37471771240234,0.5,0.75,0.75
42,145,-20.755403518676758,7.968850612640381,0.5,0.800000011920929,1.0
42,146,-12.314094543457031,60.62444305419922,0.0,0.6666666865348816,1.0
42,147,-2.4524295330047607,3.408303737640381,0.5,1.0,1.0
42,148,-10.321648597717285,174.30807495117188,0.5,0.5,0.5
43,0,-9.542529106140137,118.06845092773438,0.5,0.5,0.5
43,1,-11.21181869506836,4.061195373535156,0.75,0.875,1.0
43,2,-10.67222785949707,207.70399475097656,0.5,0.5,0.5
43,3,-5.26420259475708,193.2921142578125,0.0,1.0,1.0
43,4,-13.129718780517578,709.7120971679688,0.5,0.5,0.5
43,5,-0.44680875539779663,1.250326156616211,1.0,1.0,1.0
43,6,-0.4306078255176544,1.154348373413086,1.0,1.0,1.0
43,7,-4.538593769073486,9.67259693145752,0.5,0.5,1.0
43,8,-12.63577651977539,12.517847061157227,0.6000000238418579,0.800000011920929,0.800000011920929
43,9,-0.04895162582397461,1.0247777700424194,1.0,1.0,1.0
43,10,-14.211292266845703,114.10250854492188,0.6666666865348816,0.6666666865348816,0.6666666865348816
43,11,-10.249420166015625,30.46179962158203,0.0,0.6666666865348816,1.0
43,12,-0.9838472008705139,1.6354591846466064,1.0,1.0,1.0
43,13,-11.348458290100098,291.26373291015625,0.5,0.5,1.0
43,14,-3.6166393756866455,3.338582992553711,0.3333333432674408,1.0,1.0
43,15,-6.9196906089782715,5.6402177810668945,0.75,0.75,1.0
43,16,-5.4994797706604,6.2536163330078125,0.6666666865348816,0.6666666865348816,1.0
43,17,-4.8363237380981445,5.013368129730225,0.6666666865348816,1.0,1.0
43,18,-3.315425395965576,2.2906973361968994,0.5,1.0,1.0
43,19,-8.13466739654541,3.879777669906616,0.6666666865348816,1.0,1.0
43,20,-3.4069132804870605,2.343693971633911,0.75,1.0,1.0
43,21,-5.655036926269531,6.586435317993164,0.3333333432674408,0.6666666865348816,1.0
43,22,-6.7366557121276855,29.029945373535156,0.5,0.5,1.0
43,23,-12.540112495422363,8.085066795349121,0.5,0.8333333730697632,1.0
43,24,-1.9593521356582642,7.094729423522949,0.0,1.0,1.0
43,25,-30.353010177612305,6.666287422180176,0.375,0.875,1.0
43,26,-0.5843706727027893,1.3393511772155762,1.0,1.0,1.0
43,27,-6.040853023529053,4.527696132659912,0.75,1.0,1.0
43,28,-8.418188095092773,16.544647216796875,0.0,0.6666666865348816,1.0
43,29,-1.0990259647369385,3.0012412071228027,1.0,1.0,1.0
43,30,-10.297670364379883,172.2307586669922,0.5,0.5,0.5
43,31,-0.5580096244812012,1.3218138217926025,1.0,1.0,1.0
43,32,-5.129510879516602,12.997479438781738,0.5,1.0,1.0
43,33,-1.3675261735916138,1.981319546699524,1.0,1.0,1.0
43,34,-1.3786048889160156,3.969359874725342,1.0,1.0,1.0
43,35,-4.252663612365723,8.384056091308594,0.5,0.5,1.0
43,36,-5.36344575881958,3.8223347663879395,0.75,1.0,1.0
43,37,-4.485715389251709,4.460399627685547,0.6666666865348816,0.6666666865348816,1.0
43,38,-12.292304039001465,21.60826873779297,0.25,0.5,1.0
43,39,-2.754133701324463,3.96325945854187,0.5,1.0,1.0
43,40,-16.420148849487305,238.26486206054688,0.0,0.3333333432674408,0.6666666865348816
43,41,-11.884224891662598,7.247844696044922,0.6666666865348816,0.8333333730697632,1.0
43,42,-7.413536071777344,40.721981048583984,0.5,0.5,1.0
43,43,-4.728034019470215,2.5743751525878906,0.800000011920929,1.0,1.0
43,44,-7.973432540893555,53.87767791748047,0.0,0.5,1.0
43,45,-6.44367790222168,25.074186325073242,0.5,0.5,1.0
43,46,-19.379899978637695,11.273868560791016,0.5,0.625,1.0
43,47,-22.586923599243164,43.141578674316406,0.5,0.8333333730697632,0.8333333730697632
43,48,-5.040365219116211,154.52642822265625,0.0,0.0,1.0
43,49,-8.767723083496094,80.14693450927734,0.0,0.5,1.0
43,50,-5.206241130828857,13.505818367004395,0.5,1.0,1.0
43,51,-0.2800261974334717,1.1502889394760132,1.0,1.0,1.0
43,52,-3.8508987426757812,3.609729528427124,0.6666666865348816,1.0,1.0
43,53,-23.601192474365234,29.125059127807617,0.1428571492433548,0.7142857313156128,1.0
43,54,-8.622788429260254,17.71236228942871,0.3333333432674408,0.6666666865348816,1.0
43,55,-10.259480476379395,168.9732208251953,0.5,0.5,0.5
43,56,-16.947044372558594,29.648420333862305,0.4000000059604645,0.6000000238418579,0.800000011920929
43,57,-1.7462247610092163,5.732919216156006,1.0,1.0,1.0
43,58,-10.8905611038208,4.738849639892578,0.5714285969734192,1.0,1.0
43,59,-5.404884338378906,14.916114807128906,0.0,1.0,1.0
43,60,-1.4057213068008423,1.22240149974823,1.0,1.0,1.0
43,61,-7.5356855392456055,43.286582946777344,0.5,0.5,1.0
43,62,-4.377026081085205,79.60095977783203,0.0,1.0,1.0
43,63,-8.883134841918945,9.214550018310547,0.5,0.75,1.0
43,64,-0.6535651087760925,1.922382116317749,1.0,1.0,1.0
43,65,-4.77006721496582,10.859427452087402,0.0,1.0,1.0
43,66,-6.9908366203308105,4.047774791717529,0.800000011920929,1.0,1.0
43,67,-11.250539779663086,9.488760948181152,0.800000011920929,0.800000011920929,0.800000011920929
43,68,-39.897037506103516,54.03887176513672,0.20000000298023224,0.699999988079071,0.800000011920929
43,69,-20.388973236083984,29.909080505371094,0.3333333432674408,0.6666666865348816,0.8333333730697632
43,70,-12.34996509552002,21.922012329101562,0.5,0.5,1.0
43,71,-7.114570617675781,35.067867279052734,0.5,0.5,1.0
43,72,-3.987154006958008,2.709566116333008,0.5,1.0,1.0
43,73,-7.3818359375,1606.5364990234375,0.0,0.0,1.0
43,74,-15.84208869934082,52.48472595214844,0.25,0.75,0.75
43,75,-2.0466816425323486,2.782474994659424,1.0,1.0,1.0
43,76,-1.771082878112793,1.8046396970748901,0.6666666865348816,1.0,1.0
43,77,-2.8139095306396484,1.5983710289001465,1.0,1.0,1.0
43,78,-12.963944435119629,25.558914184570312,0.75,0.75,0.75
43,79,-4.5545172691345215,3.122485399246216,0.75,1.0,1.0
43,80,-6.063530445098877,7.547201633453369,0.6666666865348816,0.6666666865348816,1.0
43,81,-6.651703834533691,2.2966761589050293,0.75,1.0,1.0
43,82,-11.290424346923828,43.09791946411133,0.3333333432674408,0.6666666865348816,0.6666666865348816
43,83,-3.7659430503845215,43.204429626464844,0.0,1.0,1.0
43,84,-12.222713470458984,11.525278091430664,0.4000000059604645,0.6000000238418579,1.0
43,85,-2.839550495147705,4.136190414428711,0.0,1.0,1.0
43,86,-26.634498596191406,14.345693588256836,0.6000000238418579,0.699999988079071,0.9000000357627869
43,87,-10.708673477172852,4.617302417755127,0.5714285969734192,0.8571429252624512,1.0
43,88,-3.6209278106689453,6.113283157348633,0.5,1.0,1.0
43,89,-39.40693283081055,2647.54150390625,0.20000000298023224,0.20000000298023224,0.6000000238418579
43,90,-10.776199340820312,6.025697708129883,0.5,1.0,1.0
43,91,-0.7901387214660645,1.4844870567321777,1.0,1.0,1.0
43,92,-23.53351593017578,50.51410675048828,0.5,0.6666666865348816,0.8333333730697632
43,93,-1.9252680540084839,1.8998140096664429,0.6666666865348816,1.0,1.0
43,94,-12.352224349975586,21.934398651123047,0.25,0.75,1.0
43,95,-4.562248229980469,9.787676811218262,0.5,1.0,1.0
43,96,-9.037896156311035,9.578049659729004,0.5,0.75,1.0
43,97,-9.546806335449219,10.877555847167969,0.5,0.75,1.0
43,98,-21.26398468017578,8.384615898132324,0.4000000059604645,0.800000011920929,1.0
43,99,-8.22481632232666,15.511870384216309,0.3333333432674408,1.0,1.0
43,100,-6.819567680358887,30.25870132446289,0.0,1.0,1.0
43,101,-6.935441017150879,5.66247034072876,0.5,1.0,1.0
43,102,-1.8800886869430542,2.5600948333740234,1.0,1.0,1.0
43,103,-0.34003615379333496,1.185326337814331,1.0,1.0,1.0
43,104,-4.046637535095215,1.9629325866699219,0.8333333730697632,1.0,1.0
43,105,-9.899454116821289,27.10770606994629,0.3333333432674408,0.6666666865348816,1.0
43,106,-4.367300510406494,8.878656387329102,0.5,0.5,1.0
43,107,-12.092580795288086,422.54266357421875,0.5,0.5,0.5
43,108,-6.601413726806641,27.131811141967773,0.5,0.5,1.0
43,109,-35.10394287109375,49.424095153808594,0.4444444477558136,0.5555555820465088,0.7777777910232544
43,110,-9.802627563476562,134.46632385253906,0.5,0.5,0.5
43,111,-14.710515022277832,18.95566749572754,0.4000000059604645,0.800000011920929,1.0
43,112,-2.141399621963501,2.0417349338531494,0.6666666865348816,1.0,1.0
43,113,-1.8181180953979492,1.8331564664840698,0.6666666865348816,1.0,1.0
43,114,-3.3640542030334473,28.906145095825195,0.0,1.0,1.0
43,115,-11.826578140258789,369.92083740234375,0.0,0.5,0.5
43,116,-2.52436900138855,3.5331311225891113,0.5,1.0,1.0
43,117,-10.553603172302246,2.25199294090271,0.8461538553237915,0.9230769872665405,1.0
43,118,-9.10714340209961,94.97100830078125,0.5,0.5,0.5
43,119,-2.616560459136963,3.699805498123169,0.5,1.0,1.0
43,120,-21.629409790039062,14.934534072875977,0.625,0.75,0.875
43,121,-20.505556106567383,30.49591636657715,0.3333333432674408,0.6666666865348816,1.0
43,122,-7.535345077514648,3.5109646320343018,0.6666666865348816,1.0,1.0
43,123,-16.698701858520508,65.01873016357422,0.5,0.75,0.75
43,124,-11.007802963256836,9.039108276367188,0.6000000238418579,0.6000000238418579,1.0
43,125,-9.414436340332031,10.523481369018555,0.5,0.75,1.0
43,126,-15.883694648742676,53.03349685668945,0.5,0.75,0.75
43,127,-2.986525058746338,2.70609974861145,0.6666666865348816,1.0,1.0
43,128,-12.03286361694336,20.251237869262695,0.5,0.5,1.0
43,129,-2.9445738792419434,19.0025634765625,0.0,1.0,1.0
43,130,-11.953407287597656,53.756744384765625,0.6666666865348816,0.6666666865348816,0.6666666865348816
43,131,-9.425495147705078,6.58700704574585,0.6000000238418579,1.0,1.0
43,132,-2.250887155532837,9.496156692504883,0.0,1.0,1.0
43,133,-3.2327661514282227,5.034846782684326,0.5,1.0,1.0
43,134,-12.542104721069336,529.0338134765625,0.0,0.0,1.0
43,135,-1.54287588596344,1.6724538803100586,0.6666666865348816,1.0,1.0
43,136,-6.314774036407471,23.50908851623535,0.5,0.5,1.0
43,137,-13.664061546325684,927.0715942382812,0.5,0.5,0.5
43,138,-6.079770565032959,7.588167190551758,0.6666666865348816,0.6666666865348816,1.0
43,139,-5.604040622711182,3.0673320293426514,0.6000000238418579,1.0,1.0
43,140,-6.686880588531494,9.290202140808105,0.3333333432674408,1.0,1.0
43,141,-10.224130630493164,12.884597778320312,0.25,1.0,1.0
43,142,-15.148072242736816,20.689254760742188,0.20000000298023224,0.800000011920929,0.800000011920929
43,143,-11.974611282348633,398.33990478515625,0.0,0.5,1.0
43,144,-17.44476318359375,78.35037994384766,0.5,0.75,0.75
43,145,-20.778121948242188,7.98697566986084,0.5,0.800000011920929,1.0
43,146,-12.270048141479492,59.740840911865234,0.0,0.6666666865348816,1.0
43,147,-2.478172540664673,3.4524574279785156,0.5,1.0,1.0
43,148,-10.379605293273926,179.43313598632812,0.5,0.5,0.5
44,0,-9.574596405029297,119.97677612304688,0.5,0.5,0.5
44,1,-11.273454666137695,4.0926055908203125,0.75,0.875,1.0
44,2,-10.608022689819336,201.1420440673828,0.5,0.5,0.5
44,3,-5.277494430541992,195.87847900390625,0.0,1.0,1.0
44,4,-13.292336463928223,769.828857421875,0.5,0.5,0.5
44,5,-0.42354488372802734,1.235866665840149,1.0,1.0,1.0
44,6,-0.4056515693664551,1.1447854042053223,1.0,1.0,1.0
44,7,-4.5136027336120605,9.552485466003418,0.5,0.5,1.0
44,8,-12.621355056762695,12.481792449951172,0.6000000238418579,0.800000011920929,0.800000011920929
44,9,-0.04815346375107765,1.0243688821792603,1.0,1.0,1.0
44,10,-14.299202919006348,117.49559783935547,0.6666666865348816,0.6666666865348816,0.6666666865348816
44,11,-10.341110229492188,31.40718650817871,0.0,0.6666666865348816,1.0
44,12,-0.9974475502967834,1.6466184854507446,1.0,1.0,1.0
44,13,-11.374074935913086,295.018310546875,0.5,0.5,1.0
44,14,-3.6007132530212402,3.320906400680542,0.3333333432674408,1.0,1.0
44,15,-6.886717319488525,5.59391450881958,0.75,0.75,1.0
44,16,-5.490387916564941,6.234692573547363,0.6666666865348816,0.6666666865348816,1.0
44,17,-4.816695213317871,4.980672836303711,0.6666666865348816,1.0,1.0
44,18,-3.3572888374328613,2.3147974014282227,0.5,1.0,1.0
44,19,-8.224757194519043,3.938472032546997,0.6666666865348816,0.8333333730697632,1.0
44,20,-3.391902208328247,2.3349151611328125,0.75,1.0,1.0
44,21,-5.682720184326172,6.647494792938232,0.3333333432674408,0.6666666865348816,1.0
44,22,-6.75581169128418,29.309329986572266,0.5,0.5,1.0
44,23,-12.546642303466797,8.093871116638184,0.5,0.8333333730697632,1.0
44,24,-1.9602831602096558,7.101337432861328,0.0,1.0,1.0
44,25,-30.340660095214844,6.661144256591797,0.375,0.875,1.0
44,26,-0.5805785059928894,1.336814045906067,1.0,1.0,1.0
44,27,-6.146749496459961,4.649163722991943,0.75,1.0,1.0
44,28,-8.465662956237793,16.808549880981445,0.0,0.6666666865348816,1.0
44,29,-1.1018234491348267,3.0096490383148193,1.0,1.0,1.0
44,30,-10.256332397460938,168.70745849609375,0.5,0.5,0.5
44,31,-0.5333377718925476,1.3056081533432007,1.0,1.0,1.0
44,32,-5.122570991516113,12.952457427978516,0.5,0.5,1.0
44,33,-1.3646749258041382,1.97849702835083,1.0,1.0,1.0
44,34,-1.3645190000534058,3.9138400554656982,1.0,1.0,1.0
44,35,-4.16575813293457,8.027547836303711,0.5,1.0,1.0
44,36,-5.350186347961426,3.809685230255127,0.75,1.0,1.0
44,37,-4.540423393249512,4.542486190795898,0.6666666865348816,0.6666666865348816,1.0
44,38,-12.326591491699219,21.794286727905273,0.25,0.5,1.0
44,39,-2.747225522994995,3.9495937824249268,0.5,1.0,1.0
44,40,-16.393510818481445,236.1586456298828,0.0,0.3333333432674408,0.6666666865348816
44,41,-11.001272201538086,6.256026744842529,0.6666666865348816,0.8333333730697632,1.0
44,42,-7.47287654876709,41.94831466674805,0.5,0.5,1.0
44,43,-4.763901233673096,2.5929086208343506,0.800000011920929,1.0,1.0
44,44,-7.983997344970703,54.16303634643555,0.0,0.5,1.0
44,45,-6.428931713104248,24.889995574951172,0.5,0.5,1.0
44,46,-19.35087776184082,11.23304271697998,0.5,0.625,1.0
44,47,-22.611682891845703,43.31997299194336,0.5,0.8333333730697632,0.8333333730697632
44,48,-5.042276382446289,154.82205200195312,0.0,0.0,1.0
44,49,-8.752994537353516,79.55886840820312,0.0,0.5,1.0
44,50,-5.150367259979248,13.133728981018066,0.5,1.0,1.0
44,51,-0.2907009422779083,1.156444787979126,1.0,1.0,1.0
44,52,-3.8719372749328613,3.6351330280303955,0.6666666865348816,1.0,1.0
44,53,-23.53553009033203,28.85313606262207,0.1428571492433548,0.7142857313156128,1.0
44,54,-8.62447452545166,17.722318649291992,0.3333333432674408,0.6666666865348816,1.0
44,55,-10.132823944091797,158.60423278808594,0.5,0.5,1.0
44,56,-16.914634704589844,29.456863403320312,0.4000000059604645,0.6000000238418579,0.800000011920929
44,57,-1.7636256217956543,5.833549499511719,1.0,1.0,1.0
44,58,-10.942488670349121,4.774134159088135,0.5714285969734192,1.0,1.0
44,59,-5.4148736000061035,14.990801811218262,0.0,1.0,1.0
44,60,-1.431370496749878,1.2268887758255005,1.0,1.0,1.0
44,61,-7.527721405029297,43.114559173583984,0.5,0.5,1.0
44,62,-4.365756511688232,78.70892333984375,0.0,1.0,1.0
44,63,-8.84375286102295,9.124273300170898,0.5,0.75,1.0
44,64,-0.6603351831436157,1.9354408979415894,1.0,1.0,1.0
44,65,-4.789487838745117,10.965389251708984,0.0,1.0,1.0
44,66,-6.952088832855225,4.0165276527404785,0.800000011920929,1.0,1.0
44,67,-11.327522277832031,9.63598346710205,0.800000011920929,0.800000011920929,0.800000011920929
44,68,-39.42826461791992,51.56414031982422,0.20000000298023224,0.800000011920929,0.800000011920929
44,69,-20.309144973754883,29.513784408569336,0.3333333432674408,0.6666666865348816,0.8333333730697632
44,70,-12.402478218078613,22.211706161499023,0.5,0.5,1.0
44,71,-7.143314361572266,35.575496673583984,0.5,0.5,1.0
44,72,-4.049198627471924,2.751922369003296,0.5,1.0,1.0
44,73,-7.437271595001221,1698.1107177734375,0.0,0.0,1.0
44,74,-15.87902545928955,52.97162628173828,0.25,0.75,0.75
44,75,-2.0136940479278564,2.7369577884674072,1.0,1.0,1.0
44,76,-1.8198275566101074,1.834201455116272,0.6666666865348816,1.0,1.0
44,77,-2.7777934074401855,1.5887786149978638,1.0,1.0,1.0
44,78,-13.04369068145752,26.07358169555664,0.75,0.75,0.75
44,79,-4.492969512939453,3.07480788230896,0.75,1.0,1.0
44,80,-6.096287727355957,7.630061626434326,0.6666666865348816,0.6666666865348816,1.0
44,81,-6.5301513671875,2.2620441913604736,0.75,1.0,1.0
44,82,-11.322260856628418,43.55772018432617,0.3333333432674408,0.6666666865348816,0.6666666865348816
44,83,-3.7961387634277344,44.52891159057617,0.0,1.0,1.0
44,84,-12.065049171447754,11.167523384094238,0.4000000059604645,0.6000000238418579,1.0
44,85,-2.827601432800293,4.111552715301514,0.0,1.0,1.0
44,86,-26.42009162902832,14.041388511657715,0.6000000238418579,0.699999988079071,0.9000000357627869
44,87,-10.68796157836914,4.6036601066589355,0.5714285969734192,0.8571429252624512,1.0
44,88,-3.62846302986145,6.136358737945557,0.5,1.0,1.0
44,89,-39.450775146484375,2670.857421875,0.20000000298023224,0.20000000298023224,0.6000000238418579
44,90,-10.803243637084961,6.052918910980225,0.5,1.0,1.0
44,91,-0.796818196773529,1.4894533157348633,1.0,1.0,1.0
44,92,-23.437501907348633,49.712196350097656,0.6666666865348816,0.6666666865348816,0.8333333730697632
44,93,-1.8259931802749634,1.8379749059677124,0.6666666865348816,1.0,1.0
44,94,-12.448729515075684,22.470029830932617,0.25,0.75,1.0
44,95,-4.602656364440918,9.987439155578613,0.5,1.0,1.0
44,96,-9.10114860534668,9.730712890625,0.5,0.75,1.0
44,97,-9.704591751098633,11.315211296081543,0.5,0.75,1.0
44,98,-21.302181243896484,8.416702270507812,0.4000000059604645,0.800000011920929,1.0
44,99,-8.089313507080078,14.826822280883789,0.3333333432674408,1.0,1.0
44,100,-6.811091423034668,30.130735397338867,0.0,1.0,1.0
44,101,-6.958130836486816,5.694681644439697,0.5,1.0,1.0
44,102,-1.9030001163482666,2.5895915031433105,1.0,1.0,1.0
44,103,-0.35069912672042847,1.1916627883911133,1.0,1.0,1.0
44,104,-4.00330114364624,1.948805809020996,0.8333333730697632,1.0,1.0
44,105,-9.898141860961914,27.095848083496094,0.3333333432674408,0.6666666865348816,1.0
44,106,-4.362836837768555,8.85886287689209,0.5,0.5,1.0
44,107,-12.062353134155273,416.2044372558594,0.5,0.5,0.5
44,108,-6.626744270324707,27.47762680053711,0.5,0.5,1.0
44,109,-35.22739028930664,50.106689453125,0.4444444477558136,0.5555555820465088,0.7777777910232544
44,110,-9.773036003112793,132.49142456054688,0.5,0.5,0.5
44,111,-14.780649185180664,19.22342872619629,0.4000000059604645,0.800000011920929,1.0
44,112,-2.173142433166504,2.063452959060669,0.6666666865348816,1.0,1.0
44,113,-1.845503807067871,1.8499672412872314,0.6666666865348816,1.0,1.0
44,114,-3.354020595550537,28.61756134033203,0.0,1.0,1.0
44,115,-12.005669593811035,404.5740661621094,0.0,0.5,0.5
44,116,-2.5515878200531006,3.5815439224243164,0.5,1.0,1.0
44,117,-10.471122741699219,2.2377500534057617,0.8461538553237915,0.9230769872665405,1.0
44,118,-9.13642692565918,96.37178039550781,0.5,0.5,0.5
44,119,-2.6740264892578125,3.8076536655426025,0.5,1.0,1.0
44,120,-21.495925903320312,14.687411308288574,0.625,0.75,0.875
44,121,-20.511125564575195,30.524232864379883,0.3333333432674408,0.6666666865348816,1.0
44,122,-7.415999412536621,3.4418184757232666,0.6666666865348816,1.0,1.0
44,123,-16.6636962890625,64.45221710205078,0.5,0.75,0.75
44,124,-10.899715423583984,8.845803260803223,0.6000000238418579,0.6000000238418579,1.0
44,125,-9.483299255371094,10.706218719482422,0.5,0.75,1.0
44,126,-15.83581256866455,52.40243911743164,0.5,0.75,0.75
44,127,-2.9759275913238525,2.6965572834014893,0.6666666865348816,1.0,1.0
44,128,-11.98752212524414,20.022979736328125,0.5,0.5,1.0
44,129,-2.956972599029541,19.23963737487793,0.0,1.0,1.0
44,130,-11.931645393371582,53.36819839477539,0.6666666865348816,0.6666666865348816,0.6666666865348816
44,131,-9.407506942749023,6.563352584838867,0.6000000238418579,1.0,1.0
44,132,-2.2683401107788086,9.663347244262695,0.0,1.0,1.0
44,133,-3.223557472229004,5.011717796325684,0.5,1.0,1.0
44,134,-12.473867416381836,511.2883605957031,0.0,0.0,1.0
44,135,-1.546177864074707,1.6742957830429077,0.6666666865348816,1.0,1.0
44,136,-6.387820243835449,24.38358497619629,0.5,0.5,1.0
44,137,-13.620742797851562,907.2077026367188,0.5,0.5,0.5
44,138,-6.095060348510742,7.626940727233887,0.6666666865348816,0.6666666865348816,1.0
44,139,-5.5300421714782715,3.022270679473877,0.6000000238418579,1.0,1.0
44,140,-6.646013259887695,9.164504051208496,0.3333333432674408,1.0,1.0
44,141,-10.15626049041748,12.66782283782959,0.25,1.0,1.0
44,142,-15.17117691040039,20.78508186340332,0.20000000298023224,0.800000011920929,0.800000011920929
44,143,-11.959125518798828,395.2674865722656,0.0,0.5,1.0
44,144,-17.405410766601562,77.58333587646484,0.5,0.75,0.75
44,145,-20.890106201171875,8.076921463012695,0.5,0.800000011920929,1.0
44,146,-12.264167785644531,59.62387466430664,0.0,0.6666666865348816,1.0
44,147,-2.437455177307129,3.382880449295044,0.5,1.0,1.0
44,148,-10.357722282409668,177.48056030273438,0.5,0.5,0.5
45,0,-9.516270637512207,116.52843475341797,0.5,0.5,0.5
45,1,-11.354288101196289,4.134167671203613,0.75,0.875,1.0
45,2,-10.730785369873047,213.8751983642578,0.5,0.5,0.5
45,3,-5.191502571105957,179.73841857910156,0.0,1.0,1.0
45,4,-13.184281349182129,729.3404541015625,0.5,0.5,0.5
45,5,-0.46441829204559326,1.2613835334777832,1.0,1.0,1.0
45,6,-0.4007745087146759,1.1429258584976196,1.0,1.0,1.0
45,7,-4.567560195922852,9.81370735168457,0.5,0.5,1.0
45,8,-12.726677894592285,12.747505187988281,0.6000000238418579,0.800000011920929,0.800000011920929
45,9,-0.05167176201939583,1.0261725187301636,1.0,1.0,1.0
45,10,-14.2750883102417,116.55494689941406,0.6666666865348816,0.6666666865348816,0.6666666865348816
45,11,-10.279414176940918,30.767887115478516,0.0,0.6666666865348816,1.0
45,12,-0.9979454278945923,1.6470284461975098,1.0,1.0,1.0
45,13,-11.382098197937012,296.2042236328125,0.5,0.5,1.0
45,14,-3.624711036682129,3.3475778102874756,0.3333333432674408,1.0,1.0
45,15,-6.9220075607299805,5.6434855461120605,0.75,0.75,1.0
45,16,-5.485739707946777,6.225040435791016,0.6666666865348816,0.6666666865348816,1.0
45,17,-4.8278303146362305,4.999194145202637,0.6666666865348816,1.0,1.0
45,18,-3.354501247406006,2.3131847381591797,0.5,1.0,1.0
45,19,-8.29948902130127,3.9878337383270264,0.6666666865348816,0.8333333730697632,1.0
45,20,-3.4393835067749023,2.3627965450286865,0.75,1.0,1.0
45,21,-5.647913455963135,6.570815086364746,0.3333333432674408,0.6666666865348816,1.0
45,22,-6.717422008514404,28.752105712890625,0.5,0.5,1.0
45,23,-12.549147605895996,8.097250938415527,0.5,0.8333333730697632,1.0
45,24,-1.9940000772476196,7.344855308532715,0.0,1.0,1.0
45,25,-30.52952003479004,6.740236282348633,0.375,0.875,1.0
45,26,-0.568169116973877,1.328545331954956,1.0,1.0,1.0
45,27,-6.093906402587891,4.588148593902588,0.75,1.0,1.0
45,28,-8.521967887878418,17.126996994018555,0.0,0.6666666865348816,1.0
45,29,-1.080317735671997,2.945615291595459,1.0,1.0,1.0
45,30,-10.174264907836914,161.92486572265625,0.5,0.5,0.5
45,31,-0.5787150859832764,1.335569143295288,1.0,1.0,1.0
45,32,-5.113315105438232,12.89265251159668,0.5,1.0,1.0
45,33,-1.357311487197876,1.9712260961532593,1.0,1.0,1.0
45,34,-1.3637232780456543,3.910727024078369,1.0,1.0,1.0
45,35,-4.191816806793213,8.13282585144043,0.5,0.5,1.0
45,36,-5.329370975494385,3.7899117469787598,0.75,1.0,1.0
45,37,-4.537552356719971,4.538140773773193,0.6666666865348816,0.6666666865348816,1.0
45,38,-12.263021469116211,21.450658798217773,0.25,0.5,1.0
45,39,-2.7123024463653564,3.8812263011932373,0.5,1.0,1.0
45,40,-16.413738250732422,237.7563018798828,0.0,0.3333333432674408,0.6666666865348816
45,41,-11.209063529968262,6.476480960845947,0.6666666865348816,0.8333333730697632,1.0
45,42,-7.427684307098389,41.011077880859375,0.5,0.5,1.0
45,43,-4.77379035949707,2.5980420112609863,0.800000011920929,1.0,1.0
45,44,-7.937981605529785,52.931087493896484,0.0,0.5,1.0
45,45,-6.416699409484863,24.73822784423828,0.5,0.5,1.0
45,46,-19.331069946289062,11.205265045166016,0.5,0.625,1.0
45,47,-22.522933959960938,42.683921813964844,0.5,0.8333333730697632,0.8333333730697632
45,48,-5.0218729972839355,151.69515991210938,0.0,0.0,1.0
45,49,-8.700264930725098,77.48873138427734,0.0,0.5,1.0
45,50,-5.16086483001709,13.202845573425293,0.5,1.0,1.0
45,51,-0.30097001791000366,1.162397861480713,1.0,1.0,1.0
45,52,-3.8812918663024902,3.6464860439300537,0.6666666865348816,1.0,1.0
45,53,-23.669485092163086,29.410594940185547,0.1428571492433548,0.7142857313156128,1.0
45,54,-8.701074600219727,18.18065643310547,0.3333333432674408,0.6666666865348816,1.0
45,55,-10.097245216369629,155.80770874023438,0.5,0.5,1.0
45,56,-17.1486873626709,30.868541717529297,0.4000000059604645,0.6000000238418579,0.800000011920929
45,57,-1.7721173763275146,5.883297443389893,1.0,1.0,1.0
45,58,-10.943523406982422,4.774839878082275,0.5714285969734192,1.0,1.0
45,59,-5.448613166809082,15.24583911895752,0.0,1.0,1.0
45,60,-1.4038156270980835,1.2220687866210938,1.0,1.0,1.0
45,61,-7.5527567863464355,43.65764236450195,0.5,0.5,1.0
45,62,-4.396103858947754,81.13414764404297,0.0,1.0,1.0
45,63,-8.834829330444336,9.1039400100708,0.5,0.75,1.0
45,64,-0.6648330092430115,1.944165825843811,1.0,1.0,1.0
45,65,-4.765239715576172,10.833247184753418,0.0,1.0,1.0
45,66,-7.000504016876221,4.055608749389648,0.800000011920929,1.0,1.0
45,67,-11.383321762084961,9.744122505187988,0.800000011920929,0.800000011920929,0.800000011920929
45,68,-39.702518463134766,52.99787139892578,0.20000000298023224,0.800000011920929,0.800000011920929
45,69,-20.360889434814453,29.769412994384766,0.3333333432674408,0.6666666865348816,0.8333333730697632
45,70,-12.393095016479492,22.159666061401367,0.5,0.5,1.0
45,71,-7.108574867248535,34.96289825439453,0.5,0.5,1.0
45,72,-4.144811153411865,2.8184943199157715,0.5,1.0,1.0
45,73,-7.456577777862549,1731.2132568359375,0.0,0.0,1.0
45,74,-15.828943252563477,52.312522888183594,0.5,0.75,0.75
45,75,-2.0066921710968018,2.7273926734924316,1.0,1.0,1.0
45,76,-1.8447926044464111,1.8495287895202637,0.6666666865348816,1.0,1.0
45,77,-2.8183460235595703,1.5995532274246216,1.0,1.0,1.0
45,78,-12.973977088928223,25.62310028076172,0.75,0.75,0.75
45,79,-4.478551864624023,3.0637450218200684,0.75,1.0,1.0
45,80,-6.115269184112549,7.678491592407227,0.6666666865348816,0.6666666865348816,1.0
45,81,-6.556065082550049,2.269383430480957,0.75,1.0,1.0
45,82,-11.223493576049805,42.14704132080078,0.3333333432674408,0.6666666865348816,0.6666666865348816
45,83,-3.7969682216644287,44.56586456298828,0.0,1.0,1.0
45,84,-12.062161445617676,11.161073684692383,0.4000000059604645,0.6000000238418579,1.0
45,85,-2.7924184799194336,4.039856910705566,0.0,1.0,1.0
45,86,-26.56134033203125,14.241128921508789,0.6000000238418579,0.699999988079071,0.9000000357627869
45,87,-10.717227935791016,4.622948169708252,0.5714285969734192,0.8571429252624512,1.0
45,88,-3.6215662956237793,6.115234375,0.5,1.0,1.0
45,89,-39.460548400878906,2676.084228515625,0.20000000298023224,0.20000000298023224,0.6000000238418579
45,90,-10.78390884399414,6.033444881439209,0.5,1.0,1.0
45,91,-0.8135596513748169,1.5019733905792236,1.0,1.0,1.0
45,92,-23.262962341308594,48.28689956665039,0.6666666865348816,0.6666666865348816,0.8333333730697632
45,93,-1.9066898822784424,1.8880854845046997,0.6666666865348816,1.0,1.0
45,94,-12.370941162109375,22.037273406982422,0.25,0.75,1.0
45,95,-4.542471885681152,9.691370964050293,0.5,1.0,1.0
45,96,-9.083037376403809,9.686753273010254,0.5,0.75,1.0
45,97,-9.624653816223145,11.091327667236328,0.5,0.75,1.0
45,98,-21.28571319580078,8.402853012084961,0.4000000059604645,0.800000011920929,1.0
45,99,-8.138887405395508,15.073864936828613,0.3333333432674408,1.0,1.0
45,100,-6.881410598754883,31.208961486816406,0.0,1.0,1.0
45,101,-6.9347429275512695,5.661482334136963,0.5,1.0,1.0
45,102,-1.86403489112854,2.5396275520324707,1.0,1.0,1.0
45,103,-0.33750319480895996,1.1838260889053345,1.0,1.0,1.0
45,104,-4.058418273925781,1.9667905569076538,0.8333333730697632,1.0,1.0
45,105,-9.88381576538086,26.966766357421875,0.3333333432674408,0.3333333432674408,1.0
45,106,-4.418336391448975,9.108137130737305,0.5,0.5,1.0
45,107,-12.03120231628418,409.7720947265625,0.5,0.5,0.5
45,108,-6.69273042678833,28.39931869506836,0.5,0.5,1.0
45,109,-35.267189025878906,50.3287467956543,0.4444444477558136,0.5555555820465088,0.7777777910232544
45,110,-9.773419380187988,132.51683044433594,0.5,0.5,0.5
45,111,-14.627812385559082,18.64470863342285,0.4000000059604645,0.800000011920929,1.0
45,112,-2.1777536869049072,2.066627025604248,0.6666666865348816,1.0,1.0
45,113,-1.8311138153076172,1.8411147594451904,0.6666666865348816,1.0,1.0
45,114,-3.3495259284973145,28.489225387573242,0.0,1.0,1.0
45,115,-11.873181343078613,378.6418151855469,0.0,0.5,0.5
45,116,-2.561641216278076,3.599592447280884,0.5,1.0,1.0
45,117,-10.67127799987793,2.272470474243164,0.8461538553237915,0.9230769872665405,1.0
45,118,-9.019227981567383,90.88672637939453,0.5,0.5,0.5
45,119,-2.6685314178466797,3.797206401824951,0.5,1.0,1.0
45,120,-21.64505386352539,14.963767051696777,0.625,0.75,0.875
45,121,-20.333032608032227,29.63152313232422,0.3333333432674408,0.6666666865348816,1.0
45,122,-7.517613887786865,3.5006043910980225,0.6666666865348816,1.0,1.0
45,123,-16.685359954833984,64.80223083496094,0.5,0.75,0.75
45,124,-10.985907554626465,8.999611854553223,0.6000000238418579,0.6000000238418579,1.0
45,125,-9.469505310058594,10.669363021850586,0.5,0.75,1.0
45,126,-16.04709243774414,55.2447395324707,0.5,0.75,0.75
45,127,-2.962770462036133,2.6847567558288574,0.6666666865348816,1.0,1.0
45,128,-12.011299133300781,20.14235496520996,0.5,0.5,1.0
45,129,-2.952068328857422,19.145511627197266,0.0,1.0,1.0
45,130,-11.95200252532959,53.7315788269043,0.6666666865348816,0.6666666865348816,0.6666666865348816
45,131,-9.391057968139648,6.541795253753662,0.6000000238418579,1.0,1.0
45,132,-2.2243685722351074,9.247641563415527,0.0,1.0,1.0
45,133,-3.2567381858825684,5.095557689666748,0.5,1.0,1.0
45,134,-12.490565299987793,515.574951171875,0.0,0.0,1.0
45,135,-1.5201573371887207,1.6598365306854248,0.6666666865348816,1.0,1.0
45,136,-6.305083751678467,23.395458221435547,0.5,1.0,1.0
45,137,-13.669034957885742,929.3798217773438,0.5,0.5,0.5
45,138,-6.056596755981445,7.529778480529785,0.6666666865348816,0.6666666865348816,1.0
45,139,-5.556083679199219,3.038052797317505,0.6000000238418579,1.0,1.0
45,140,-6.586768627166748,8.985296249389648,0.3333333432674408,1.0,1.0
45,141,-10.257185935974121,12.99151611328125,0.25,1.0,1.0
45,142,-15.214818000793457,20.967287063598633,0.20000000298023224,0.800000011920929,0.800000011920929
45,143,-11.975839614868164,398.5846252441406,0.0,0.5,1.0
45,144,-17.51951789855957,79.82840728759766,0.5,0.75,0.75
45,145,-20.905841827392578,8.089639663696289,0.5,0.800000011920929,1.0
45,146,-12.272125244140625,59.78221893310547,0.0,0.6666666865348816,1.0
45,147,-2.454256296157837,3.4114184379577637,0.5,1.0,1.0
45,148,-10.382081985473633,179.6554718017578,0.5,0.5,0.5
46,0,-9.4891357421875,114.95811462402344,0.5,0.5,0.5
46,1,-11.404430389404297,4.160161018371582,0.75,0.875,1.0
46,2,-10.690539360046387,209.61441040039062,0.5,0.5,0.5
46,3,-5.2202253341674805,184.97586059570312,0.0,1.0,1.0
46,4,-13.281609535217285,765.7109375,0.5,0.5,0.5
46,5,-0.4061213433742523,1.225146770477295,1.0,1.0,1.0
46,6,-0.4059770405292511,1.1449096202850342,1.0,1.0,1.0
46,7,-4.629131317138672,10.120526313781738,0.5,0.5,1.0
46,8,-12.70704460144043,12.697549819946289,0.6000000238418579,0.800000011920929,0.800000011920929
46,9,-0.05080769956111908,1.0257292985916138,1.0,1.0,1.0
46,10,-14.293405532836914,117.268798828125,0.6666666865348816,0.6666666865348816,0.6666666865348816
46,11,-10.266083717346191,30.631467819213867,0.0,0.6666666865348816,1.0
46,12,-0.9919655323028564,1.6421113014221191,1.0,1.0,1.0
46,13,-11.441580772399902,305.14599609375,0.5,0.5,1.0
46,14,-3.610567569732666,3.3318326473236084,0.3333333432674408,1.0,1.0
46,15,-6.87728214263916,5.580735206604004,0.75,0.75,1.0
46,16,-5.446908950805664,6.144985198974609,0.6666666865348816,0.6666666865348816,1.0
46,17,-4.8707733154296875,5.0712690353393555,0.6666666865348816,1.0,1.0
46,18,-3.352353811264038,2.311943292617798,0.5,1.0,1.0
46,19,-8.185794830322266,3.9129796028137207,0.6666666865348816,0.8333333730697632,1.0
46,20,-3.4292280673980713,2.3568053245544434,0.75,1.0,1.0
46,21,-5.700078010559082,6.686068058013916,0.3333333432674408,0.6666666865348816,1.0
46,22,-6.6938886642456055,28.415771484375,0.5,0.5,1.0
46,23,-12.528182983398438,8.069008827209473,0.5,0.8333333730697632,1.0
46,24,-1.971226453781128,7.179476737976074,0.0,1.0,1.0
46,25,-30.53820037841797,6.743894100189209,0.375,0.9375,1.0
46,26,-0.5876334309577942,1.3415379524230957,1.0,1.0,1.0
46,27,-5.971003532409668,4.4493184089660645,0.75,1.0,1.0
46,28,-8.502265930175781,17.01488494873047,0.0,0.6666666865348816,1.0
46,29,-1.1377278566360474,3.1196718215942383,1.0,1.0,1.0
46,30,-10.223073959350586,165.92518615722656,0.5,0.5,0.5
46,31,-0.5354735255241394,1.3070030212402344,1.0,1.0,1.0
46,32,-5.078459739685059,12.669910430908203,0.5,1.0,1.0
46,33,-1.4114062786102295,2.0252702236175537,1.0,1.0,1.0
46,34,-1.339257001876831,3.816206932067871,1.0,1.0,1.0
46,35,-4.1943769454956055,8.143241882324219,0.5,0.5,1.0
46,36,-5.308056831359863,3.769770860671997,0.75,1.0,1.0
46,37,-4.472889423370361,4.441370964050293,0.6666666865348816,0.6666666865348816,1.0
46,38,-12.215600967407227,21.197860717773438,0.25,0.5,1.0
46,39,-2.7540411949157715,3.963076591491699,0.5,1.0,1.0
46,40,-16.37805938720703,234.94537353515625,0.0,0.3333333432674408,0.6666666865348816
46,41,-11.419951438903809,6.708163261413574,0.6666666865348816,0.8333333730697632,1.0
46,42,-7.545981407165527,43.5099983215332,0.5,0.5,1.0
46,43,-4.663909912109375,2.541569948196411,0.800000011920929,1.0,1.0
46,44,-7.930840015411377,52.74241638183594,0.0,0.5,1.0
46,45,-6.399929523468018,24.531665802001953,0.5,0.5,1.0
46,46,-19.421842575073242,11.3331298828125,0.5,0.625,1.0
46,47,-22.38511085510254,41.714630126953125,0.5,0.8333333730697632,0.8333333730697632
46,48,-5.015767574310303,150.77182006835938,0.0,0.0,1.0
46,49,-8.706743240356445,77.74012756347656,0.0,0.5,1.0
46,50,-5.1700310707092285,13.263495445251465,0.5,1.0,1.0
46,51,-0.29353129863739014,1.1580824851989746,1.0,1.0,1.0
46,52,-3.810417890548706,3.5613489151000977,0.6666666865348816,1.0,1.0
46,53,-23.700489044189453,29.541147232055664,0.1428571492433548,0.7142857313156128,1.0
46,54,-8.712483406066895,18.249929428100586,0.3333333432674408,0.6666666865348816,1.0
46,55,-10.036211967468262,151.1248016357422,0.5,0.5,1.0
46,56,-17.035594940185547,30.178176879882812,0.4000000059604645,0.6000000238418579,0.800000011920929
46,57,-1.7714024782180786,5.879093170166016,1.0,1.0,1.0
46,58,-10.930692672729492,4.766096115112305,0.5714285969734192,1.0,1.0
46,59,-5.394015789031982,14.83527660369873,0.0,1.0,1.0
46,60,-1.4015133380889893,1.221666932106018,1.0,1.0,1.0
46,61,-7.554338455200195,43.69218444824219,0.5,0.5,1.0
46,62,-4.385886192321777,80.30936431884766,0.0,1.0,1.0
46,63,-8.792131423950195,9.007277488708496,0.5,0.75,1.0
46,64,-0.6318088173866272,1.8810099363327026,1.0,1.0,1.0
46,65,-4.756841659545898,10.787854194641113,0.0,1.0,1.0
46,66,-7.023303508758545,4.07414436340332,0.800000011920929,1.0,1.0
46,67,-11.365398406982422,9.709256172180176,0.800000011920929,0.800000011920929,0.800000011920929
46,68,-39.91427993774414,54.13212966918945,0.20000000298023224,0.699999988079071,0.800000011920929
46,69,-20.472919464111328,30.330480575561523,0.3333333432674408,0.6666666865348816,0.8333333730697632
46,70,-12.363807678222656,21.998008728027344,0.5,0.5,1.0
46,71,-7.071714878082275,34.32443618774414,0.5,0.5,1.0
46,72,-3.945106029510498,2.681232213973999,0.5,1.0,1.0
46,73,-7.461846351623535,1740.3583984375,0.0,0.0,1.0
46,74,-15.833782196044922,52.37584686279297,0.25,0.75,0.75
46,75,-2.0274977684020996,2.755913496017456,1.0,1.0,1.0
46,76,-1.7686794996261597,1.8031946420669556,0.6666666865348816,1.0,1.0
46,77,-2.8553404808044434,1.6094460487365723,1.0,1.0,1.0
46,78,-13.077086448669434,26.29218292236328,0.75,0.75,0.75
46,79,-4.45005989074707,3.041999340057373,0.75,1.0,1.0
46,80,-6.057019233703613,7.530839920043945,0.6666666865348816,0.6666666865348816,1.0
46,81,-6.501227855682373,2.253880739212036,0.75,1.0,1.0
46,82,-11.341911315917969,43.843963623046875,0.3333333432674408,0.6666666865348816,0.6666666865348816
46,83,-3.804452419281006,44.900657653808594,0.0,1.0,1.0
46,84,-12.116629600524902,11.2833251953125,0.4000000059604645,0.6000000238418579,1.0
46,85,-2.871823310852051,4.203475475311279,0.0,1.0,1.0
46,86,-26.589326858520508,14.281038284301758,0.6000000238418579,0.699999988079071,0.9000000357627869
46,87,-10.66714859008789,4.589992523193359,0.5714285969734192,0.8571429252624512,1.0
46,88,-3.6081063747406006,6.074217796325684,0.5,1.0,1.0
46,89,-39.30733871459961,2595.3271484375,0.20000000298023224,0.20000000298023224,0.6000000238418579
46,90,-10.754159927368164,6.003603935241699,0.5,1.0,1.0
46,91,-0.8141013383865356,1.5023802518844604,1.0,1.0,1.0
46,92,-23.39009666442871,49.320980072021484,0.6666666865348816,0.6666666865348816,0.8333333730697632
46,93,-1.8665070533752441,1.8629645109176636,0.6666666865348816,1.0,1.0
46,94,-12.245847702026367,21.3587589263916,0.25,0.75,1.0
46,95,-4.62440299987793,10.096628189086914,0.5,1.0,1.0
46,96,-8.995428085327148,9.476898193359375,0.5,0.75,1.0
46,97,-9.531513214111328,10.836047172546387,0.5,0.75,1.0
46,98,-21.443309783935547,8.536328315734863,0.4000000059604645,0.800000011920929,1.0
46,99,-8.127103805541992,15.014775276184082,0.3333333432674408,1.0,1.0
46,100,-6.879428863525391,31.178054809570312,0.0,1.0,1.0
46,101,-6.986673355102539,5.735462665557861,0.25,1.0,1.0
46,102,-1.8847320079803467,2.5660455226898193,1.0,1.0,1.0
46,103,-0.3421151340007782,1.1865590810775757,1.0,1.0,1.0
46,104,-4.03066349029541,1.9577134847640991,0.8333333730697632,1.0,1.0
46,105,-9.884830474853516,26.97589111328125,0.3333333432674408,0.6666666865348816,1.0
46,106,-4.436667442321777,9.192002296447754,0.5,0.5,1.0
46,107,-12.124805450439453,429.40594482421875,0.5,0.5,0.5
46,108,-6.750266075134277,29.228172302246094,0.5,0.5,1.0
46,109,-34.94146728515625,48.53985595703125,0.4444444477558136,0.5555555820465088,0.7777777910232544
46,110,-9.753785133361816,131.22225952148438,0.5,0.5,0.5
46,111,-14.66805648803711,18.795385360717773,0.4000000059604645,0.800000011920929,1.0
46,112,-2.180652618408203,2.0686252117156982,0.6666666865348816,1.0,1.0
46,113,-1.7936984300613403,1.8182954788208008,0.6666666865348816,1.0,1.0
46,114,-3.3439769744873047,28.331575393676758,0.0,1.0,1.0
46,115,-11.861160278320312,376.3728332519531,0.0,0.5,0.5
46,116,-2.5279242992401123,3.539417266845703,0.5,1.0,1.0
46,117,-10.685785293579102,2.275007724761963,0.8461538553237915,0.9230769872665405,1.0
46,118,-9.130677223205566,96.09512329101562,0.5,0.5,0.5
46,119,-2.623495578765869,3.7126569747924805,0.5,1.0,1.0
46,120,-21.441307067871094,14.587477684020996,0.625,0.75,0.875
46,121,-20.125629425048828,28.6247501373291,0.3333333432674408,0.6666666865348816,1.0
46,122,-7.510292053222656,3.496335029602051,0.6666666865348816,1.0,1.0
46,123,-16.706462860107422,65.14500427246094,0.5,0.75,0.75
46,124,-10.935718536376953,8.90972900390625,0.6000000238418579,0.6000000238418579,1.0
46,125,-9.477105140686035,10.689653396606445,0.5,0.75,1.0
46,126,-16.004669189453125,54.66191864013672,0.5,0.75,0.75
46,127,-3.0119810104370117,2.7291595935821533,0.6666666865348816,1.0,1.0
46,128,-12.017080307006836,20.171485900878906,0.5,0.5,1.0
46,129,-2.9532673358917236,19.168481826782227,0.0,1.0,1.0
46,130,-11.955428123474121,53.792964935302734,0.6666666865348816,0.6666666865348816,0.6666666865348816
46,131,-9.376043319702148,6.522180080413818,0.6000000238418579,1.0,1.0
46,132,-2.2053890228271484,9.07378101348877,0.0,1.0,1.0
46,133,-3.286043405532837,5.170770645141602,0.5,1.0,1.0
46,134,-12.511240005493164,520.9322509765625,0.0,0.0,1.0
46,135,-1.5029668807983398,1.6503525972366333,0.6666666865348816,1.0,1.0
46,136,-6.361571311950684,24.06565284729004,0.5,0.5,1.0
46,137,-13.637778282165527,914.968017578125,0.5,0.5,0.5
46,138,-6.027576446533203,7.457291126251221,0.6666666865348816,0.6666666865348816,1.0
46,139,-5.562332630157471,3.0418519973754883,0.6000000238418579,1.0,1.0
46,140,-6.677168369293213,9.260173797607422,0.3333333432674408,1.0,1.0
46,141,-10.24148941040039,12.940634727478027,0.25,1.0,1.0
46,142,-15.22618293762207,21.01500129699707,0.20000000298023224,0.800000011920929,0.800000011920929
46,143,-11.96422290802002,396.2762145996094,0.0,0.5,1.0
46,144,-17.474227905273438,78.92965698242188,0.5,0.75,0.75
46,145,-20.95779800415039,8.131780624389648,0.5,0.800000011920929,1.0
46,146,-12.255454063415527,59.450923919677734,0.0,0.6666666865348816,1.0
46,147,-2.445432424545288,3.3964006900787354,0.5,1.0,1.0
46,148,-10.36811637878418,178.40533447265625,0.5,0.5,0.5
47,0,-9.549873352050781,118.50281524658203,0.5,0.5,0.5
47,1,-11.287382125854492,4.09973669052124,0.75,0.875,1.0
47,2,-10.592592239379883,199.59617614746094,0.5,0.5,0.5
47,3,-5.2274169921875,186.31094360351562,0.0,1.0,1.0
47,4,-13.320323944091797,780.6773681640625,0.5,0.5,0.5
47,5,-0.43452927470207214,1.2426729202270508,1.0,1.0,1.0
47,6,-0.39866903424263,1.1421239376068115,1.0,1.0,1.0
47,7,-4.657441139221191,10.264800071716309,0.5,0.5,1.0
47,8,-12.615490913391113,12.4671630859375,0.6000000238418579,0.800000011920929,0.800000011920929
47,9,-0.05319371819496155,1.0269536972045898,1.0,1.0,1.0
47,10,-14.279149055480957,116.71283721923828,0.6666666865348816,0.6666666865348816,0.6666666865348816
47,11,-10.312877655029297,31.113004684448242,0.0,0.6666666865348816,1.0
47,12,-0.9978908896446228,1.6469835042953491,1.0,1.0,1.0
47,13,-11.35082721710205,291.6089172363281,0.5,0.5,1.0
47,14,-3.606135606765747,3.326914072036743,0.3333333432674408,1.0,1.0
47,15,-6.876255989074707,5.57930326461792,0.75,0.75,1.0
47,16,-5.454376220703125,6.160299777984619,0.6666666865348816,0.6666666865348816,1.0
47,17,-4.891190528869629,5.105900287628174,0.6666666865348816,1.0,1.0
47,18,-3.3991641998291016,2.339157819747925,0.5,1.0,1.0
47,19,-8.18707275390625,3.9138128757476807,0.6666666865348816,0.8333333730697632,1.0
47,20,-3.4127442836761475,2.3471131324768066,0.75,1.0,1.0
47,21,-5.707658767700195,6.702984809875488,0.3333333432674408,0.6666666865348816,1.0
47,22,-6.667113780975342,28.037891387939453,0.5,0.5,1.0
47,23,-12.418651580810547,7.923043251037598,0.5,0.8333333730697632,1.0
47,24,-1.9965636730194092,7.36370849609375,0.0,1.0,1.0
47,25,-30.555419921875,6.751156330108643,0.375,0.875,1.0
47,26,-0.5934686064720154,1.3454577922821045,1.0,1.0,1.0
47,27,-6.081286907196045,4.573696613311768,0.75,1.0,1.0
47,28,-8.440337181091309,16.667251586914062,0.0,0.6666666865348816,1.0
47,29,-1.079621434211731,2.9435651302337646,1.0,1.0,1.0
47,30,-10.09113597869873,155.33248901367188,0.5,0.5,0.5
47,31,-0.5457227826118469,1.3137181997299194,1.0,1.0,1.0
47,32,-5.088805198669434,12.735617637634277,0.5,1.0,1.0
47,33,-1.3984920978546143,2.012234926223755,1.0,1.0,1.0
47,34,-1.3615145683288574,3.9020986557006836,1.0,1.0,1.0
47,35,-4.243255615234375,8.344710350036621,0.5,0.5,1.0
47,36,-5.290585041046143,3.753340482711792,0.75,0.75,1.0
47,37,-4.501020431518555,4.483213424682617,0.6666666865348816,0.6666666865348816,1.0
47,38,-12.214155197143555,21.190200805664062,0.25,0.5,1.0
47,39,-2.727337121963501,3.910512685775757,0.5,1.0,1.0
47,40,-16.35533332824707,233.17236328125,0.0,0.3333333432674408,0.6666666865348816
47,41,-10.740621566772461,5.990072727203369,0.6666666865348816,0.8333333730697632,1.0
47,42,-7.489847660064697,42.3057861328125,0.5,0.5,1.0
47,43,-4.773133754730225,2.597700595855713,0.800000011920929,1.0,1.0
47,44,-7.973464012145996,53.87852478027344,0.0,0.5,1.0
47,45,-6.407095432281494,24.619720458984375,0.5,0.5,1.0
47,46,-19.45851707458496,11.385205268859863,0.5,0.625,1.0
47,47,-22.54779624938965,42.86115646362305,0.5,0.8333333730697632,0.8333333730697632
47,48,-5.015376091003418,150.7128143310547,0.0,0.0,1.0
47,49,-8.69455337524414,77.26774597167969,0.0,0.5,1.0
47,50,-5.165716171264648,13.23491096496582,0.5,1.0,1.0
47,51,-0.28727293014526367,1.1544643640518188,1.0,1.0,1.0
47,52,-3.878568172454834,3.643177032470703,0.6666666865348816,1.0,1.0
47,53,-23.52138900756836,28.794906616210938,0.1428571492433548,0.7142857313156128,1.0
47,54,-8.684383392333984,18.079784393310547,0.3333333432674408,0.6666666865348816,1.0
47,55,-10.174259185791016,161.92440795898438,0.5,0.5,0.5
47,56,-16.99774932861328,29.95061683654785,0.4000000059604645,0.6000000238418579,0.800000011920929
47,57,-1.7316794395446777,5.650135040283203,1.0,1.0,1.0
47,58,-10.892671585083008,4.740278720855713,0.5714285969734192,1.0,1.0
47,59,-5.494779109954834,15.601850509643555,0.0,1.0,1.0
47,60,-1.410351037979126,1.2232102155685425,1.0,1.0,1.0
47,61,-7.473576545715332,41.96299743652344,0.5,0.5,1.0
47,62,-4.367835998535156,78.87276458740234,0.0,1.0,1.0
47,63,-8.754196166992188,8.922257423400879,0.5,0.75,1.0
47,64,-0.6455422639846802,1.9070208072662354,1.0,1.0,1.0
47,65,-4.743524551391602,10.71626091003418,0.0,1.0,1.0
47,66,-6.984901428222656,4.042973041534424,0.800000011920929,1.0,1.0
47,67,-11.344264030456543,9.668301582336426,0.800000011920929,0.800000011920929,0.800000011920929
47,68,-39.78715515136719,53.44832992553711,0.20000000298023224,0.800000011920929,0.800000011920929
47,69,-20.353008270263672,29.7303409576416,0.3333333432674408,0.6666666865348816,0.8333333730697632
47,70,-12.389122009277344,22.137666702270508,0.5,0.5,1.0
47,71,-7.036501884460449,33.72538757324219,0.5,0.5,1.0
47,72,-3.9765405654907227,2.7023861408233643,0.5,1.0,1.0
47,73,-7.4294819831848145,1684.9345703125,0.0,0.0,1.0
47,74,-15.911264419555664,53.40028381347656,0.5,0.75,0.75
47,75,-2.034233570098877,2.7652106285095215,1.0,1.0,1.0
47,76,-1.7645089626312256,1.800689458847046,0.6666666865348816,1.0,1.0
47,77,-2.7021279335021973,1.5688683986663818,1.0,1.0,1.0
47,78,-13.055734634399414,26.15220832824707,0.75,0.75,0.75
47,79,-4.510109901428223,3.0880117416381836,0.75,1.0,1.0
47,80,-6.120849132537842,7.69278621673584,0.6666666865348816,0.6666666865348816,1.0
47,81,-6.3816304206848145,2.2204365730285645,0.75,1.0,1.0
47,82,-11.244988441467285,42.450103759765625,0.3333333432674408,0.6666666865348816,0.6666666865348816
47,83,-3.740658760070801,42.125732421875,0.0,1.0,1.0
47,84,-12.084741592407227,11.211592674255371,0.4000000059604645,0.6000000238418579,1.0
47,85,-2.882878541946411,4.2267746925354,0.0,1.0,1.0
47,86,-26.411888122558594,14.029873847961426,0.6000000238418579,0.699999988079071,0.9000000357627869
47,87,-10.764110565185547,4.6540141105651855,0.5714285969734192,0.8571429252624512,1.0
47,88,-3.6639585494995117,6.246237277984619,0.5,1.0,1.0
47,89,-39.304908752441406,2594.06640625,0.20000000298023224,0.20000000298023224,0.6000000238418579
47,90,-10.727165222167969,5.976654052734375,0.5,1.0,1.0
47,91,-0.8335297107696533,1.5170457363128662,1.0,1.0,1.0
47,92,-23.407480239868164,49.464080810546875,0.6666666865348816,0.6666666865348816,0.8333333730697632
47,93,-1.8633087873458862,1.8609793186187744,0.6666666865348816,1.0,1.0
47,94,-12.411018371582031,22.25918197631836,0.25,0.75,1.0
47,95,-4.596202850341797,9.955263137817383,0.5,1.0,1.0
47,96,-9.063051223754883,9.638473510742188,0.5,0.75,1.0
47,97,-9.654069900512695,11.17319393157959,0.5,0.75,1.0
47,98,-21.328556060791016,8.438931465148926,0.4000000059604645,0.699999988079071,1.0
47,99,-8.185907363891602,15.311984062194824,0.3333333432674408,1.0,1.0
47,100,-6.811563491821289,30.137845993041992,0.0,1.0,1.0
47,101,-7.009583473205566,5.768406867980957,0.25,1.0,1.0
47,102,-1.930445671081543,2.6253726482391357,1.0,1.0,1.0
47,103,-0.3467165529727936,1.1892921924591064,1.0,1.0,1.0
47,104,-4.060007572174072,1.9673115015029907,0.8333333730697632,1.0,1.0
47,105,-9.848054885864258,26.64722442626953,0.3333333432674408,0.6666666865348816,1.0
47,106,-4.3131103515625,8.641318321228027,0.5,0.5,1.0
47,107,-12.152467727661133,435.3863525390625,0.5,0.5,0.5
47,108,-6.702492713928223,28.538280487060547,0.5,0.5,1.0
47,109,-34.991355895996094,48.80967330932617,0.4444444477558136,0.5555555820465088,0.7777777910232544
47,110,-9.73602294921875,130.06202697753906,0.5,0.5,0.5
47,111,-14.66557502746582,18.786056518554688,0.4000000059604645,0.800000011920929,1.0
47,112,-2.1605732440948486,2.054825782775879,0.6666666865348816,1.0,1.0
47,113,-1.8280949592590332,1.8392630815505981,0.6666666865348816,1.0,1.0
47,114,-3.4126760959625244,30.346343994140625,0.0,1.0,1.0
47,115,-11.805702209472656,366.0797119140625,0.0,0.5,0.5
47,116,-2.612455368041992,3.6922190189361572,0.5,1.0,1.0
47,117,-10.599149703979492,2.259896755218506,0.8461538553237915,0.9230769872665405,1.0
47,118,-9.121254920959473,95.64347839355469,0.5,0.5,0.5
47,119,-2.6522293090820312,3.7663815021514893,0.5,1.0,1.0
47,120,-21.408878326416016,14.528464317321777,0.625,0.75,0.875
47,121,-20.287599563598633,29.407995223999023,0.3333333432674408,0.6666666865348816,1.0
47,122,-7.442686080932617,3.457160711288452,0.6666666865348816,1.0,1.0
47,123,-16.782878875732422,66.40150451660156,0.5,0.75,0.75
47,124,-10.946355819702148,8.928703308105469,0.6000000238418579,0.6000000238418579,1.0
47,125,-9.461745262145996,10.64868450164795,0.5,0.75,1.0
47,126,-15.985563278198242,54.401451110839844,0.5,0.75,0.75
47,127,-2.9535207748413086,2.6764917373657227,0.6666666865348816,1.0,1.0
47,128,-11.946043968200684,19.816421508789062,0.5,0.5,1.0
47,129,-2.9418208599090576,18.950321197509766,0.0,1.0,1.0
47,130,-11.990073204040527,54.417781829833984,0.6666666865348816,0.6666666865348816,0.6666666865348816
47,131,-9.378091812133789,6.524852275848389,0.6000000238418579,1.0,1.0
47,132,-2.231585741043091,9.31462574005127,0.0,1.0,1.0
47,133,-3.2198448181152344,5.002423286437988,0.5,1.0,1.0
47,134,-12.540977478027344,528.7357177734375,0.0,0.0,1.0
47,135,-1.5176730155944824,1.658462643623352,0.6666666865348816,1.0,1.0
47,136,-6.319432258605957,23.563905715942383,0.5,0.5,1.0
47,137,-13.600401878356934,898.0277099609375,0.5,0.5,0.5
47,138,-6.0299577713012695,7.463212490081787,0.6666666865348816,0.6666666865348816,1.0
47,139,-5.6111578941345215,3.0717012882232666,0.6000000238418579,1.0,1.0
47,140,-6.578821182250977,8.961525917053223,0.3333333432674408,1.0,1.0
47,141,-10.26397705078125,13.013591766357422,0.25,1.0,1.0
47,142,-15.237018585205078,21.060596466064453,0.20000000298023224,0.800000011920929,0.800000011920929
47,143,-11.937515258789062,391.0195617675781,0.0,0.5,1.0
47,144,-17.49951171875,79.43014526367188,0.5,0.75,0.75
47,145,-21.0599422454834,8.215266227722168,0.5,0.800000011920929,1.0
47,146,-12.313837051391602,60.61923599243164,0.0,0.6666666865348816,1.0
47,147,-2.432070255279541,3.3737845420837402,0.5,1.0,1.0
47,148,-10.460460662841797,186.83583068847656,0.5,0.5,0.5
48,0,-9.532655715942383,117.48702239990234,0.5,0.5,0.5
48,1,-11.368003845214844,4.141261577606201,0.75,0.875,1.0
48,2,-10.626081466674805,202.96646118164062,0.5,0.5,0.5
48,3,-5.250261306762695,190.61607360839844,0.0,1.0,1.0
48,4,-13.238542556762695,749.3987426757812,0.5,0.5,0.5
48,5,-0.44956204295158386,1.2520484924316406,1.0,1.0,1.0
48,6,-0.4085080325603485,1.1458759307861328,1.0,1.0,1.0
48,7,-4.581943511962891,9.884537696838379,0.5,0.5,1.0
48,8,-12.715036392211914,12.71786117553711,0.6000000238418579,0.800000011920929,0.800000011920929
48,9,-0.04857789725065231,1.0245863199234009,1.0,1.0,1.0
48,10,-14.312568664550781,118.02027130126953,0.6666666865348816,0.6666666865348816,0.6666666865348816
48,11,-10.235773086547852,30.323543548583984,0.0,0.6666666865348816,1.0
48,12,-0.9857921600341797,1.6370503902435303,1.0,1.0,1.0
48,13,-11.470622062683105,309.6092529296875,0.5,0.5,1.0
48,14,-3.5938048362731934,3.313267946243286,0.3333333432674408,1.0,1.0
48,15,-6.8698320388793945,5.570350170135498,0.75,0.75,1.0
48,16,-5.440013885498047,6.13087797164917,0.6666666865348816,0.6666666865348816,1.0
48,17,-4.8555145263671875,5.045541286468506,0.6666666865348816,1.0,1.0
48,18,-3.3918111324310303,2.334861993789673,0.5,1.0,1.0
48,19,-8.19970703125,3.922062873840332,0.6666666865348816,1.0,1.0
48,20,-3.4222137928009033,2.3526759147644043,0.75,1.0,1.0
48,21,-5.730528831481934,6.754279136657715,0.3333333432674408,0.6666666865348816,1.0
48,22,-6.7203497886657715,28.794225692749023,0.5,0.5,1.0
48,23,-12.477519989013672,8.001161575317383,0.5,0.8333333730697632,1.0
48,24,-1.9989941120147705,7.381627559661865,0.0,1.0,1.0
48,25,-30.454036712646484,6.708513259887695,0.375,0.9375,1.0
48,26,-0.5944530367851257,1.3461202383041382,1.0,1.0,1.0
48,27,-6.106475830078125,4.602589130401611,0.75,1.0,1.0
48,28,-8.478352546691895,16.879798889160156,0.0,0.6666666865348816,1.0
48,29,-1.1733306646347046,3.2327420711517334,1.0,1.0,1.0
48,30,-10.127175331115723,158.1569061279297,0.5,0.5,0.5
48,31,-0.5467001795768738,1.31436026096344,1.0,1.0,1.0
48,32,-5.093996524810791,12.768717765808105,0.5,1.0,1.0
48,33,-1.3975975513458252,2.0113351345062256,1.0,1.0,1.0
48,34,-1.334937572479248,3.7997584342956543,1.0,1.0,1.0
48,35,-4.254866123199463,8.393294334411621,0.5,0.5,1.0
48,36,-5.387818813323975,3.845696449279785,0.75,0.75,1.0
48,37,-4.480546474456787,4.45272159576416,0.6666666865348816,0.6666666865348816,1.0
48,38,-12.212847709655762,21.18327522277832,0.25,0.5,1.0
48,39,-2.741929054260254,3.939148187637329,0.5,1.0,1.0
48,40,-16.4345703125,239.41297912597656,0.0,0.3333333432674408,0.6666666865348816
48,41,-11.424158096313477,6.712868690490723,0.6666666865348816,0.8333333730697632,1.0
48,42,-7.462886810302734,41.73931121826172,0.5,0.5,1.0
48,43,-4.702805519104004,2.561418294906616,0.800000011920929,1.0,1.0
48,44,-7.9966583251953125,54.50699996948242,0.0,0.5,1.0
48,45,-6.402249336242676,24.560136795043945,0.5,0.5,1.0
48,46,-19.425804138183594,11.338743209838867,0.5,0.625,1.0
48,47,-22.549606323242188,42.874088287353516,0.5,0.8333333730697632,0.8333333730697632
48,48,-5.0906758308410645,162.49964904785156,0.0,0.0,1.0
48,49,-8.629194259643555,74.78349304199219,0.0,0.5,1.0
48,50,-5.1712260246276855,13.271422386169434,0.5,1.0,1.0
48,51,-0.28292155265808105,1.1519553661346436,1.0,1.0,1.0
48,52,-3.8120532035827637,3.5632903575897217,0.6666666865348816,1.0,1.0
48,53,-23.30057716369629,27.9007568359375,0.1428571492433548,0.7142857313156128,1.0
48,54,-8.722848892211914,18.313095092773438,0.3333333432674408,0.6666666865348816,1.0
48,55,-10.161590576171875,160.90196228027344,0.5,0.5,1.0
48,56,-17.028823852539062,30.13733673095703,0.4000000059604645,0.6000000238418579,0.800000011920929
48,57,-1.7734296321868896,5.8910231590271,1.0,1.0,1.0
48,58,-10.952998161315918,4.781307697296143,0.5714285969734192,1.0,1.0
48,59,-5.389476776123047,14.801645278930664,0.0,1.0,1.0
48,60,-1.409295678138733,1.2230257987976074,1.0,1.0,1.0
48,61,-7.473245620727539,41.9560546875,0.5,0.5,1.0
48,62,-4.331475257873535,76.05640411376953,0.0,1.0,1.0
48,63,-8.821493148803711,9.073637962341309,0.5,0.75,1.0
48,64,-0.6381299495697021,1.8929376602172852,1.0,1.0,1.0
48,65,-4.787098407745361,10.952296257019043,0.0,1.0,1.0
48,66,-6.900285720825195,3.975128412246704,0.800000011920929,1.0,1.0
48,67,-11.348917007446289,9.677305221557617,0.800000011920929,0.800000011920929,0.800000011920929
48,68,-39.7805290222168,53.412925720214844,0.20000000298023224,0.699999988079071,0.800000011920929
48,69,-20.31142807006836,29.52501678466797,0.3333333432674408,0.6666666865348816,0.8333333730697632
48,70,-12.392953872680664,22.158884048461914,0.5,0.5,1.0
48,71,-7.006799221038818,33.22822189331055,0.5,0.5,1.0
48,72,-4.021401405334473,2.7328646183013916,0.5,1.0,1.0
48,73,-7.4326653480529785,1690.306884765625,0.0,0.0,1.0
48,74,-15.74374008178711,51.21001052856445,0.5,0.75,0.75
48,75,-2.0649003982543945,2.8079376220703125,1.0,1.0,1.0
48,76,-1.7710599899291992,1.8046258687973022,0.6666666865348816,1.0,1.0
48,77,-2.724123001098633,1.5746302604675293,1.0,1.0,1.0
48,78,-13.00328254699707,25.811513900756836,0.75,0.75,0.75
48,79,-4.600070476531982,3.1582484245300293,0.75,1.0,1.0
48,80,-6.146581172943115,7.7590532302856445,0.6666666865348816,0.6666666865348816,1.0
48,81,-6.508347034454346,2.255887269973755,0.75,1.0,1.0
48,82,-11.253134727478027,42.56553649902344,0.3333333432674408,0.6666666865348816,0.6666666865348816
48,83,-3.7523531913757324,42.62125778198242,0.0,1.0,1.0
48,84,-12.16657543182373,11.396600723266602,0.4000000059604645,0.6000000238418579,1.0
48,85,-2.8394453525543213,4.1359734535217285,0.0,1.0,1.0
48,86,-26.466270446777344,14.106376647949219,0.6000000238418579,0.699999988079071,0.9000000357627869
48,87,-10.662187576293945,4.586740493774414,0.5714285969734192,0.8571429252624512,1.0
48,88,-3.604053497314453,6.061921119689941,0.5,1.0,1.0
48,89,-39.65935134887695,2784.63037109375,0.20000000298023224,0.20000000298023224,0.6000000238418579
48,90,-10.800933837890625,6.050589084625244,0.5,1.0,1.0
48,91,-0.7840137481689453,1.4799479246139526,1.0,1.0,1.0
48,92,-23.409021377563477,49.476783752441406,0.6666666865348816,0.6666666865348816,0.8333333730697632
48,93,-1.9031776189804077,1.885876178741455,0.6666666865348816,1.0,1.0
48,94,-12.525787353515625,22.907100677490234,0.25,0.75,1.0
48,95,-4.574786186218262,9.849227905273438,0.5,1.0,1.0
48,96,-9.040841102600098,9.585103988647461,0.5,0.75,1.0
48,97,-9.666518211364746,11.208020210266113,0.5,0.75,1.0
48,98,-21.381330490112305,8.4835844039917,0.4000000059604645,0.699999988079071,1.0
48,99,-8.105090141296387,14.904997825622559,0.3333333432674408,1.0,1.0
48,100,-6.806673049926758,30.06424331665039,0.0,1.0,1.0
48,101,-7.0008955001831055,5.755891799926758,0.25,1.0,1.0
48,102,-1.9105205535888672,2.5993471145629883,1.0,1.0,1.0
48,103,-0.3387361764907837,1.1845561265945435,1.0,1.0,1.0
48,104,-4.008864879608154,1.9506138563156128,0.8333333730697632,1.0,1.0
48,105,-9.84949016571045,26.65997314453125,0.3333333432674408,0.6666666865348816,1.0
48,106,-4.453253269195557,9.268547058105469,0.5,0.5,1.0
48,107,-12.062398910522461,416.2139892578125,0.5,0.5,0.5
48,108,-6.695407867431641,28.43736457824707,0.5,0.5,1.0
48,109,-34.80029296875,47.784400939941406,0.4444444477558136,0.5555555820465088,0.7777777910232544
48,110,-9.794352531433105,133.91111755371094,0.5,0.5,0.5
48,111,-14.70610237121582,18.938947677612305,0.4000000059604645,0.800000011920929,1.0
48,112,-2.135887384414673,2.0379867553710938,0.6666666865348816,1.0,1.0
48,113,-1.8491151332855225,1.8521955013275146,0.6666666865348816,1.0,1.0
48,114,-3.371100902557373,29.110557556152344,0.0,1.0,1.0
48,115,-11.759317398071289,357.6871337890625,0.0,0.5,0.5
48,116,-2.563185930252075,3.6023736000061035,0.5,1.0,1.0
48,117,-10.550896644592285,2.2515242099761963,0.8461538553237915,0.9230769872665405,1.0
48,118,-9.01634407043457,90.75576782226562,0.5,0.5,0.5
48,119,-2.6612517833709717,3.7834105491638184,0.5,1.0,1.0
48,120,-21.52566146850586,14.742105484008789,0.625,0.75,0.875
48,121,-20.242794036865234,29.189210891723633,0.3333333432674408,0.6666666865348816,1.0
48,122,-7.524041175842285,3.5043561458587646,0.6666666865348816,1.0,1.0
48,123,-16.78915023803711,66.50569152832031,0.5,0.75,0.75
48,124,-10.965076446533203,8.962196350097656,0.6000000238418579,0.6000000238418579,1.0
48,125,-9.43940258026123,10.589369773864746,0.5,0.75,1.0
48,126,-15.945735931396484,53.86247253417969,0.5,0.75,0.75
48,127,-2.9593505859375,2.6816980838775635,0.6666666865348816,1.0,1.0
48,128,-12.038256645202637,20.278560638427734,0.5,0.5,1.0
48,129,-2.9323854446411133,18.772357940673828,0.0,1.0,1.0
48,130,-11.90988540649414,52.982513427734375,0.6666666865348816,0.6666666865348816,0.6666666865348816
48,131,-9.340383529663086,6.475829124450684,0.6000000238418579,1.0,1.0
48,132,-2.2401318550109863,9.394569396972656,0.0,1.0,1.0
48,133,-3.2315051555633545,5.031673431396484,0.5,1.0,1.0
48,134,-12.523242950439453,524.0680541992188,0.0,0.0,1.0
48,135,-1.5211347341537476,1.6603773832321167,0.6666666865348816,1.0,1.0
48,136,-6.355451583862305,23.992128372192383,0.5,0.5,1.0
48,137,-13.568999290466309,884.0376586914062,0.5,0.5,0.5
48,138,-6.078185558319092,7.5841593742370605,0.6666666865348816,0.6666666865348816,1.0
48,139,-5.548803806304932,3.033632516860962,0.6000000238418579,1.0,1.0
48,140,-6.632515907287598,9.123363494873047,0.3333333432674408,1.0,1.0
48,141,-10.281747817993164,13.071535110473633,0.25,1.0,1.0
48,142,-15.060140609741211,20.328588485717773,0.20000000298023224,0.800000011920929,0.800000011920929
48,143,-12.010007858276367,405.45257568359375,0.0,0.5,1.0
48,144,-17.455841064453125,78.56766510009766,0.5,0.75,0.75
48,145,-20.96286392211914,8.135899543762207,0.5,0.800000011920929,1.0
48,146,-12.329977035522461,60.946258544921875,0.0,0.6666666865348816,1.0
48,147,-2.4150140285491943,3.345134973526001,0.5,1.0,1.0
48,148,-10.40414810180664,181.6486053466797,0.5,0.5,0.5
49,0,-9.463651657104492,113.50260925292969,0.5,0.5,0.5
49,1,-11.292458534240723,4.102339267730713,0.75,0.875,1.0
49,2,-10.623468399047852,202.70144653320312,0.5,0.5,0.5
49,3,-5.2386627197265625,188.41796875,0.0,1.0,1.0
49,4,-13.4252347946167,822.72119140625,0.5,0.5,0.5
49,5,-0.41046735644340515,1.2278119325637817,1.0,1.0,1.0
49,6,-0.39439964294433594,1.1404997110366821,1.0,1.0,1.0
49,7,-4.606921195983887,10.008759498596191,0.5,0.5,1.0
49,8,-12.759099960327148,12.830434799194336,0.6000000238418579,0.800000011920929,0.800000011920929
49,9,-0.049913015216588974,1.0252704620361328,1.0,1.0,1.0
49,10,-14.355766296386719,119.73194122314453,0.6666666865348816,0.6666666865348816,0.6666666865348816
49,11,-10.204479217529297,30.008872985839844,0.0,0.6666666865348816,1.0
49,12,-1.0020766258239746,1.6504340171813965,1.0,1.0,1.0
49,13,-11.500555992126465,314.27801513671875,0.5,0.5,1.0
49,14,-3.5522212982177734,3.2676587104797363,0.3333333432674408,1.0,1.0
49,15,-6.869561195373535,5.569973468780518,0.75,0.75,1.0
49,16,-5.438213348388672,6.127199649810791,0.6666666865348816,0.6666666865348816,1.0
49,17,-4.826109886169434,4.996327877044678,0.6666666865348816,1.0,1.0
49,18,-3.385991096496582,2.331467390060425,0.5,1.0,1.0
49,19,-8.219979286193848,3.9353370666503906,0.6666666865348816,1.0,1.0
49,20,-3.3550562858581543,2.3135058879852295,0.75,1.0,1.0
49,21,-5.709522247314453,6.707149505615234,0.3333333432674408,0.6666666865348816,1.0
49,22,-6.776331424713135,29.61158561706543,0.5,0.5,1.0
49,23,-12.49124526977539,8.019484519958496,0.5,0.8333333730697632,1.0
49,24,-2.011577606201172,7.475100994110107,0.0,1.0,1.0
49,25,-30.500499725341797,6.728022575378418,0.375,0.875,1.0
49,26,-0.5826435089111328,1.3381950855255127,1.0,1.0,1.0
49,27,-6.004404544830322,4.486626625061035,0.75,1.0,1.0
49,28,-8.482260704040527,16.90180206298828,0.0,0.6666666865348816,1.0
49,29,-1.0957529544830322,2.991434097290039,1.0,1.0,1.0
49,30,-10.219121932983398,165.59764099121094,0.5,0.5,0.5
49,31,-0.578393280506134,1.3353543281555176,1.0,1.0,1.0
49,32,-5.096795558929443,12.786601066589355,0.5,1.0,1.0
49,33,-1.3733628988265991,1.9871102571487427,1.0,1.0,1.0
49,34,-1.3359723091125488,3.80369234085083,1.0,1.0,1.0
49,35,-4.188443660736084,8.119120597839355,0.5,0.5,1.0
49,36,-5.354403972625732,3.813704490661621,0.75,0.75,1.0
49,37,-4.49931001663208,4.480658531188965,0.6666666865348816,0.6666666865348816,1.0
49,38,-12.25071907043457,21.38478660583496,0.25,0.5,1.0
49,39,-2.7584609985351562,3.971843957901001,0.5,1.0,1.0
49,40,-16.36040496826172,233.5668487548828,0.0,0.3333333432674408,0.6666666865348816
49,41,-10.80905818939209,6.058787822723389,0.6666666865348816,0.8333333730697632,1.0
49,42,-7.41193151473999,40.68932342529297,0.5,0.5,1.0
49,43,-4.747236728668213,2.5842809677124023,0.800000011920929,1.0,1.0
49,44,-7.9484076499938965,53.20773696899414,0.0,0.5,1.0
49,45,-6.392942428588867,24.44611358642578,0.5,0.5,1.0
49,46,-19.243568420410156,11.083373069763184,0.5,0.625,1.0
49,47,-22.460012435913086,42.238643646240234,0.5,0.8333333730697632,0.8333333730697632
49,48,-4.998371124267578,148.17161560058594,0.0,0.0,1.0
49,49,-8.69765853881836,77.38780975341797,0.0,0.5,1.0
49,50,-5.132397174835205,13.016249656677246,0.5,1.0,1.0
49,51,-0.301464319229126,1.1626851558685303,1.0,1.0,1.0
49,52,-3.86236572265625,3.623553514480591,0.6666666865348816,1.0,1.0
49,53,-23.408552169799805,28.33445930480957,0.1428571492433548,0.7142857313156128,1.0
49,54,-8.698555946350098,18.1653995513916,0.3333333432674408,0.6666666865348816,1.0
49,55,-10.245439529418945,167.79110717773438,0.5,0.5,0.5
49,56,-17.026546478271484,30.123607635498047,0.4000000059604645,0.6000000238418579,0.800000011920929
49,57,-1.7738876342773438,5.893721580505371,1.0,1.0,1.0
49,58,-11.00317668914795,4.815704345703125,0.5714285969734192,1.0,1.0
49,59,-5.405059337615967,14.917420387268066,0.0,1.0,1.0
49,60,-1.3954975605010986,1.220617413520813,1.0,1.0,1.0
49,61,-7.50236177444458,42.57132339477539,0.5,0.5,1.0
49,62,-4.36919641494751,78.98013305664062,0.0,1.0,1.0
49,63,-8.835245132446289,9.104886054992676,0.5,0.75,1.0
49,64,-0.6451506614685059,1.9062741994857788,1.0,1.0,1.0
49,65,-4.744779586791992,10.722987174987793,0.0,1.0,1.0
49,66,-7.005354404449463,4.059544563293457,0.800000011920929,1.0,1.0
49,67,-11.144048690795898,9.288804054260254,0.800000011920929,0.800000011920929,0.800000011920929
49,68,-39.917747497558594,54.150909423828125,0.20000000298023224,0.699999988079071,0.800000011920929
49,69,-20.327430725097656,29.603872299194336,0.3333333432674408,0.6666666865348816,0.8333333730697632
49,70,-12.351227760314941,21.92893409729004,0.5,0.5,1.0
49,71,-7.0005998611450195,33.12538528442383,0.5,0.5,1.0
49,72,-3.921149492263794,2.66522216796875,0.5,1.0,1.0
49,73,-7.546806335449219,1894.6820068359375,0.0,0.0,1.0
49,74,-15.911813735961914,53.40761947631836,0.25,0.75,0.75
49,75,-2.0436344146728516,2.7782387733459473,1.0,1.0,1.0
49,76,-1.7518585920333862,1.7931123971939087,0.6666666865348816,1.0,1.0
49,77,-2.699369192123413,1.5681473016738892,1.0,1.0,1.0
49,78,-12.945027351379395,25.438322067260742,0.75,0.75,0.75
49,79,-4.501871109008789,3.081657886505127,0.75,1.0,1.0
49,80,-6.100367069244385,7.640443325042725,0.6666666865348816,0.6666666865348816,1.0
49,81,-6.530861854553223,2.2622451782226562,0.75,1.0,1.0
49,82,-11.233943939208984,42.29411697387695,0.3333333432674408,0.6666666865348816,0.6666666865348816
49,83,-3.7372922897338867,41.984153747558594,0.0,1.0,1.0
49,84,-12.192985534667969,11.456958770751953,0.4000000059604645,0.6000000238418579,1.0
49,85,-2.8015003204345703,4.058243274688721,0.0,1.0,1.0
49,86,-26.39206314086914,14.002087593078613,0.6000000238418579,0.699999988079071,0.9000000357627869
49,87,-10.683845520019531,4.600954055786133,0.5714285969734192,0.8571429252624512,1.0
49,88,-3.643857002258301,6.183772563934326,0.5,1.0,1.0
49,89,-39.358516693115234,2622.027587890625,0.20000000298023224,0.20000000298023224,0.6000000238418579
49,90,-10.7099609375,5.959541320800781,0.5,1.0,1.0
49,91,-0.7945457696914673,1.4877618551254272,1.0,1.0,1.0
49,92,-23.327146530151367,48.806217193603516,0.6666666865348816,0.6666666865348816,0.8333333730697632
49,93,-1.8662081956863403,1.862778902053833,0.6666666865348816,1.0,1.0
49,94,-12.296597480773926,21.631473541259766,0.25,0.75,1.0
49,95,-4.595244407653809,9.950493812561035,0.5,1.0,1.0
49,96,-9.08414363861084,9.689432144165039,0.5,0.75,1.0
49,97,-9.649868965148926,11.16146469116211,0.5,0.75,1.0
49,98,-21.40047836303711,8.499844551086426,0.4000000059604645,0.800000011920929,1.0
49,99,-8.172266006469727,15.24251651763916,0.3333333432674408,1.0,1.0
49,100,-6.886882781982422,31.294469833374023,0.0,1.0,1.0
49,101,-6.950766563415527,5.684206962585449,0.5,1.0,1.0
49,102,-1.9190129041671753,2.610407829284668,1.0,1.0,1.0
49,103,-0.35051965713500977,1.1915558576583862,1.0,1.0,1.0
49,104,-4.0166239738464355,1.953137993812561,0.8333333730697632,1.0,1.0
49,105,-9.897850036621094,27.09321403503418,0.3333333432674408,0.3333333432674408,1.0
49,106,-4.405706882476807,9.050802230834961,0.5,0.5,1.0
49,107,-12.094916343688965,423.036376953125,0.5,0.5,0.5
49,108,-6.79630184173584,29.90874671936035,0.5,0.5,1.0
49,109,-35.092506408691406,49.361328125,0.4444444477558136,0.5555555820465088,0.7777777910232544
49,110,-9.719199180603027,128.97254943847656,0.5,0.5,0.5
49,111,-14.68277645111084,18.850799560546875,0.4000000059604645,0.800000011920929,1.0
49,112,-2.1657063961029053,2.058344841003418,0.6666666865348816,1.0,1.0
49,113,-1.8323721885681152,1.8418872356414795,0.6666666865348816,1.0,1.0
49,114,-3.3601160049438477,28.792530059814453,0.0,1.0,1.0
49,115,-11.808830261230469,366.6527099609375,0.0,0.5,0.5
49,116,-2.5852484703063965,3.6423325538635254,0.5,1.0,1.0
49,117,-10.654690742492676,2.2695724964141846,0.8461538553237915,0.9230769872665405,1.0
49,118,-9.094925880432129,94.39262390136719,0.5,0.5,0.5
49,119,-2.7352283000946045,3.9259727001190186,0.5,1.0,1.0
49,120,-21.42085075378418,14.550224304199219,0.625,0.75,0.875
49,121,-20.320842742919922,29.571386337280273,0.3333333432674408,0.6666666865348816,1.0
49,122,-7.422615051269531,3.445615291595459,0.6666666865348816,1.0,1.0
49,123,-16.77866554260254,66.33159637451172,0.5,0.75,0.75
49,124,-10.87673568725586,8.805240631103516,0.6000000238418579,0.6000000238418579,1.0
49,125,-9.457669258117676,10.637838363647461,0.5,0.75,1.0
49,126,-16.16794776916504,56.939369201660156,0.5,0.75,0.75
49,127,-2.93849515914917,2.6631200313568115,0.6666666865348816,1.0,1.0
49,128,-11.99239730834961,20.04739761352539,0.5,0.5,1.0
49,129,-2.9322562217712402,18.76993179321289,0.0,1.0,1.0
49,130,-11.87296199798584,52.33440399169922,0.6666666865348816,0.6666666865348816,0.6666666865348816
49,131,-9.460478782653809,6.633256435394287,0.6000000238418579,1.0,1.0
49,132,-2.2449920177459717,9.440340042114258,0.0,1.0,1.0
49,133,-3.254074811935425,5.088776588439941,0.5,1.0,1.0
49,134,-12.57253646850586,537.1450805664062,0.0,0.0,1.0
49,135,-1.4827476739883423,1.639267086982727,0.6666666865348816,1.0,1.0
49,136,-6.285137176513672,23.163288116455078,0.5,1.0,1.0
49,137,-13.685811996459961,937.2086791992188,0.5,0.5,0.5
49,138,-6.002018928527832,7.394031524658203,0.6666666865348816,0.6666666865348816,1.0
49,139,-5.567073345184326,3.0447373390197754,0.6000000238418579,1.0,1.0
49,140,-6.613492488861084,9.065695762634277,0.3333333432674408,1.0,1.0
49,141,-10.319193840026855,13.194478988647461,0.25,1.0,1.0
49,142,-15.124567031860352,20.592220306396484,0.20000000298023224,0.800000011920929,0.800000011920929
49,143,-11.910269737243652,385.72894287109375,0.0,0.5,1.0
49,144,-17.485721588134766,79.15677642822266,0.5,0.75,0.75
49,145,-20.79494285583496,8.000421524047852,0.5,0.800000011920929,1.0
49,146,-12.316433906555176,60.67172622680664,0.0,0.6666666865348816,1.0
49,147,-2.4459893703460693,3.3973464965820312,0.5,1.0,1.0
49,148,-10.32656192779541,174.73683166503906,0.5,0.5,0.5
50,0,-9.472038269042969,113.97956848144531,0.5,0.5,0.5
50,1,-11.431260108947754,4.174136638641357,0.75,0.875,1.0
50,2,-10.53592586517334,194.0203399658203,0.5,0.5,0.5
50,3,-5.2644829750061035,193.3463134765625,0.0,1.0,1.0
50,4,-13.358196258544922,795.6012573242188,0.5,0.5,0.5
50,5,-0.4240286648273468,1.2361656427383423,1.0,1.0,1.0
50,6,-0.3841308653354645,1.136602520942688,1.0,1.0,1.0
50,7,-4.635402679443359,10.152311325073242,0.5,0.5,1.0
50,8,-12.742618560791016,12.788209915161133,0.6000000238418579,0.800000011920929,0.800000011920929
50,9,-0.04841620847582817,1.024503469467163,1.0,1.0,1.0
50,10,-14.264469146728516,116.14311981201172,0.6666666865348816,0.6666666865348816,0.6666666865348816
50,11,-10.242990493774414,30.396583557128906,0.0,0.6666666865348816,1.0
50,12,-0.974820613861084,1.6280944347381592,1.0,1.0,1.0
50,13,-11.378886222839355,295.7288818359375,0.5,0.5,1.0
50,14,-3.5441269874572754,3.2588539123535156,0.3333333432674408,1.0,1.0
50,15,-6.755143165588379,5.412904262542725,0.75,0.75,1.0
50,16,-5.419256210327148,6.088603973388672,0.6666666865348816,0.6666666865348816,1.0
50,17,-4.859415054321289,5.052104949951172,0.6666666865348816,1.0,1.0
50,18,-3.356501817703247,2.3143420219421387,0.5,1.0,1.0
50,19,-8.222661018371582,3.937096357345581,0.6666666865348816,0.8333333730697632,1.0
50,20,-3.3933749198913574,2.3357748985290527,0.75,1.0,1.0
50,21,-5.696350574493408,6.6777663230896,0.3333333432674408,0.6666666865348816,1.0
50,22,-6.676068305969238,28.163705825805664,0.5,0.5,1.0
50,23,-12.492298126220703,8.020892143249512,0.5,0.8333333730697632,1.0
50,24,-1.9828524589538574,7.263432025909424,0.0,1.0,1.0
50,25,-30.622129440307617,6.779362678527832,0.375,0.875,1.0
50,26,-0.594852864742279,1.3463894128799438,1.0,1.0,1.0
50,27,-6.040400505065918,4.527184009552002,0.75,1.0,1.0
50,28,-8.51154899597168,17.06761932373047,0.0,0.6666666865348816,1.0
50,29,-1.1567678451538086,3.1796395778656006,1.0,1.0,1.0
50,30,-10.103738784790039,156.3144073486328,0.5,0.5,0.5
50,31,-0.5548219680786133,1.3197087049484253,1.0,1.0,1.0
50,32,-5.098267078399658,12.796011924743652,0.5,1.0,1.0
50,33,-1.4364420175552368,2.050781726837158,1.0,1.0,1.0
50,34,-1.3384829759597778,3.8132541179656982,1.0,1.0,1.0
50,35,-4.260519027709961,8.417051315307617,0.5,0.5,1.0
50,36,-5.3288774490356445,3.7894442081451416,0.75,0.75,1.0
50,37,-4.565793514251709,4.581063747406006,0.6666666865348816,0.6666666865348816,1.0
50,38,-12.201825141906738,21.124980926513672,0.25,0.5,1.0
50,39,-2.779968023300171,4.0147857666015625,0.5,1.0,1.0
50,40,-16.405162811279297,237.07763671875,0.0,0.3333333432674408,0.6666666865348816
50,41,-10.8548002243042,6.105154514312744,0.6666666865348816,0.8333333730697632,1.0
50,42,-7.412667751312256,40.70430374145508,0.5,0.5,1.0
50,43,-4.8406171798706055,2.6329989433288574,0.800000011920929,1.0,1.0
50,44,-7.9401750564575195,52.989166259765625,0.0,0.5,1.0
50,45,-6.380880832672119,24.29912757873535,0.5,0.5,1.0
50,46,-19.328290939331055,11.201373100280762,0.5,0.625,1.0
50,47,-22.7517147064209,44.34288787841797,0.5,0.8333333730697632,0.8333333730697632
50,48,-5.00312614440918,148.8778533935547,0.0,0.0,1.0
50,49,-8.731620788574219,78.71316528320312,0.0,0.5,1.0
50,50,-5.129276752471924,12.995959281921387,0.5,1.0,1.0
50,51,-0.275945246219635,1.1479440927505493,1.0,1.0,1.0
50,52,-3.7928671836853027,3.540574550628662,0.6666666865348816,1.0,1.0
50,53,-23.27981185913086,27.818113327026367,0.2857142984867096,0.7142857313156128,1.0
50,54,-8.690299987792969,18.115476608276367,0.3333333432674408,0.6666666865348816,1.0
50,55,-10.12192440032959,157.74221801757812,0.5,0.5,1.0
50,56,-16.997173309326172,29.947160720825195,0.4000000059604645,0.6000000238418579,0.800000011920929
50,57,-1.7707445621490479,5.8752264976501465,1.0,1.0,1.0
50,58,-10.96538257598877,4.789773941040039,0.5714285969734192,1.0,1.0
50,59,-5.497702598571777,15.624673843383789,0.0,1.0,1.0
50,60,-1.410948395729065,1.223314642906189,1.0,1.0,1.0
50,61,-7.5664167404174805,43.956844329833984,0.5,0.5,1.0
50,62,-4.375269412994385,79.46125030517578,0.0,1.0,1.0
50,63,-8.787540435791016,8.99694538116455,0.5,0.75,1.0
50,64,-0.6400150060653687,1.8965092897415161,1.0,1.0,1.0
50,65,-4.764544486999512,10.829482078552246,0.0,1.0,1.0
50,66,-6.930102348327637,3.998904228210449,0.800000011920929,1.0,1.0
50,67,-11.29589557647705,9.575225830078125,0.800000011920929,0.800000011920929,0.800000011920929
50,68,-40.20137023925781,55.7087287902832,0.20000000298023224,0.699999988079071,0.800000011920929
50,69,-20.265247344970703,29.298646926879883,0.3333333432674408,0.6666666865348816,0.8333333730697632
50,70,-12.329032897949219,21.807594299316406,0.5,0.5,1.0
50,71,-7.026126384735107,33.55088424682617,0.5,0.5,1.0
50,72,-4.040209770202637,2.7457451820373535,0.5,1.0,1.0
50,73,-7.378009796142578,1600.4013671875,0.0,0.0,1.0
50,74,-15.878119468688965,52.95962905883789,0.5,0.75,0.75
50,75,-2.095609426498413,2.8513846397399902,1.0,1.0,1.0
50,76,-1.771916389465332,1.8051412105560303,0.6666666865348816,1.0,1.0
50,77,-2.783285617828369,1.5902336835861206,1.0,1.0,1.0
50,78,-13.04773235321045,26.099943161010742,0.75,0.75,0.75
50,79,-4.527190208435059,3.1012260913848877,0.75,1.0,1.0
50,80,-6.061349868774414,7.541717529296875,0.6666666865348816,0.6666666865348816,1.0
50,81,-6.542028903961182,2.2654051780700684,0.75,1.0,1.0
50,82,-11.204901695251465,41.886653900146484,0.3333333432674408,0.6666666865348816,0.6666666865348816
50,83,-3.692549228668213,40.14706039428711,0.0,1.0,1.0
50,84,-12.109627723693848,11.267535209655762,0.4000000059604645,0.6000000238418579,1.0
50,85,-2.7937376499176025,4.042522430419922,0.0,1.0,1.0
50,86,-26.29773712158203,13.87062931060791,0.6000000238418579,0.699999988079071,0.9000000357627869
50,87,-10.699334144592285,4.611145973205566,0.5714285969734192,0.8571429252624512,1.0
50,88,-3.6243948936462402,6.123889923095703,0.5,1.0,1.0
50,89,-39.46503448486328,2678.4853515625,0.20000000298023224,0.20000000298023224,0.6000000238418579
50,90,-10.804954528808594,6.05464506149292,0.5,1.0,1.0
50,91,-0.769545316696167,1.4692803621292114,1.0,1.0,1.0
50,92,-23.23418426513672,48.05585861206055,0.6666666865348816,0.6666666865348816,0.8333333730697632
50,93,-1.9083784818649292,1.889148473739624,0.6666666865348816,1.0,1.0
50,94,-12.428435325622559,22.356313705444336,0.25,0.75,1.0
50,95,-4.633568286895752,10.143003463745117,0.5,1.0,1.0
50,96,-9.011305809020996,9.5145902633667,0.5,0.75,1.0
50,97,-9.670862197875977,11.220198631286621,0.5,0.75,1.0
50,98,-21.405010223388672,8.503697395324707,0.4000000059604645,0.699999988079071,1.0
50,99,-8.074019432067871,14.751425743103027,0.3333333432674408,1.0,1.0
50,100,-6.870779037475586,31.043502807617188,0.0,1.0,1.0
50,101,-7.0209550857543945,5.784829139709473,0.25,1.0,1.0
50,102,-1.8637092113494873,2.5392138957977295,1.0,1.0,1.0
50,103,-0.3306843042373657,1.1797966957092285,1.0,1.0,1.0
50,104,-4.049989223480225,1.9640294313430786,0.8333333730697632,1.0,1.0
50,105,-9.890355110168457,27.025615692138672,0.3333333432674408,0.6666666865348816,1.0
50,106,-4.269742488861084,8.455957412719727,0.5,0.5,1.0
50,107,-12.124053001403809,429.2444152832031,0.5,0.5,0.5
50,108,-6.832186698913574,30.45022201538086,0.5,0.5,1.0
50,109,-34.98229217529297,48.76054000854492,0.4444444477558136,0.5555555820465088,0.7777777910232544
50,110,-9.730450630187988,129.7001495361328,0.5,0.5,0.5
50,111,-14.587018966674805,18.49321174621582,0.4000000059604645,0.800000011920929,1.0
50,112,-2.1556785106658936,2.051476001739502,0.6666666865348816,1.0,1.0
50,113,-1.8278425931930542,1.8391083478927612,0.6666666865348816,1.0,1.0
50,114,-3.3840184211730957,29.489032745361328,0.0,1.0,1.0
50,115,-11.825554847717285,369.73162841796875,0.0,0.5,0.5
50,116,-2.6115376949310303,3.6905252933502197,0.5,1.0,1.0
50,117,-10.593326568603516,2.2588846683502197,0.8461538553237915,0.9230769872665405,1.0
50,118,-9.191329956054688,99.05398559570312,0.5,0.5,0.5
50,119,-2.7004101276397705,3.8582167625427246,0.5,1.0,1.0
50,120,-21.559844970703125,14.805232048034668,0.625,0.75,0.875
50,121,-20.123111724853516,28.61273956298828,0.3333333432674408,0.6666666865348816,1.0
50,122,-7.447247505187988,3.4597902297973633,0.6666666865348816,1.0,1.0
50,123,-16.720903396606445,65.38062286376953,0.5,0.75,0.75
50,124,-10.987214088439941,9.00196361541748,0.6000000238418579,0.6000000238418579,1.0
50,125,-9.505660057067871,10.766237258911133,0.5,0.75,1.0
50,126,-16.088869094848633,55.82474899291992,0.5,0.75,0.75
50,127,-2.9306886196136475,2.6561992168426514,0.6666666865348816,1.0,1.0
50,128,-12.015619277954102,20.164119720458984,0.5,0.5,1.0
50,129,-2.9741084575653076,19.572166442871094,0.0,1.0,1.0
50,130,-11.878741264343262,52.43531799316406,0.6666666865348816,0.6666666865348816,0.6666666865348816
50,131,-9.369794845581055,6.514034271240234,0.6000000238418579,1.0,1.0
50,132,-2.239945888519287,9.392823219299316,0.0,1.0,1.0
50,133,-3.2516591548919678,5.0826334953308105,0.5,1.0,1.0
50,134,-12.507699012756348,520.0107421875,0.0,0.0,1.0
50,135,-1.4816814661026,1.6386845111846924,0.6666666865348816,1.0,1.0
50,136,-6.247114658355713,22.727083206176758,0.5,1.0,1.0
50,137,-13.629920959472656,911.3804931640625,0.5,0.5,0.5
50,138,-5.988037109375,7.359649658203125,0.6666666865348816,0.6666666865348816,1.0
50,139,-5.503316879272461,3.006159782409668,0.6000000238418579,1.0,1.0
50,140,-6.584011077880859,8.977042198181152,0.3333333432674408,1.0,1.0
50,141,-10.289554595947266,13.097071647644043,0.25,1.0,1.0
50,142,-15.143589973449707,20.67071533203125,0.20000000298023224,0.800000011920929,0.800000011920929
50,143,-11.966127395629883,396.65374755859375,0.0,0.5,1.0
50,144,-17.461050033569336,78.6700439453125,0.5,0.75,0.75
50,145,-20.765953063964844,7.977262496948242,0.5,0.800000011920929,1.0
50,146,-12.268424034118652,59.70851516723633,0.0,0.6666666865348816,1.0
50,147,-2.410295248031616,3.337251663208008,0.5,1.0,1.0
50,148,-10.413715362548828,182.51962280273438,0.5,0.5,0.5
51,0,-9.535052299499512,117.62789154052734,0.5,0.5,0.5
51,1,-11.4353666305542,4.1762800216674805,0.75,0.875,1.0
51,2,-10.575230598449707,197.87098693847656,0.5,0.5,0.5
51,3,-5.197278022766113,180.7794952392578,0.0,1.0,1.0
51,4,-13.309187889099121,776.3426513671875,0.5,0.5,0.5
51,5,-0.45005369186401367,1.2523562908172607,1.0,1.0,1.0
51,6,-0.3890701234340668,1.1384754180908203,1.0,1.0,1.0
51,7,-4.700054168701172,10.485854148864746,0.5,0.5,1.0
51,8,-12.674077987670898,12.614104270935059,0.6000000238418579,0.800000011920929,0.800000011920929
51,9,-0.050653789192438126,1.0256503820419312,1.0,1.0,1.0
51,10,-14.311843872070312,117.99173736572266,0.6666666865348816,0.6666666865348816,0.6666666865348816
51,11,-10.305057525634766,31.032011032104492,0.0,0.6666666865348816,1.0
51,12,-0.9775957465171814,1.6303551197052002,1.0,1.0,1.0
51,13,-11.467119216918945,309.0674743652344,0.5,0.5,1.0
51,14,-3.596320152282715,3.316046953201294,0.3333333432674408,1.0,1.0
51,15,-6.886160850524902,5.593136310577393,0.75,0.75,1.0
51,16,-5.476502895355225,6.20590353012085,0.6666666865348816,0.6666666865348816,1.0
51,17,-4.793755054473877,4.942732810974121,0.6666666865348816,1.0,1.0
51,18,-3.3265037536621094,2.297050714492798,0.5,1.0,1.0
51,19,-8.120384216308594,3.8705527782440186,0.6666666865348816,0.8333333730697632,1.0
51,20,-3.3404135704040527,2.3050522804260254,0.75,1.0,1.0
51,21,-5.701500415802002,6.689239501953125,0.3333333432674408,0.6666666865348816,1.0
51,22,-6.73323917388916,28.980396270751953,0.5,0.5,1.0
51,23,-12.42323112487793,7.929091930389404,0.5,0.8333333730697632,1.0
51,24,-1.9834668636322021,7.26789665222168,0.0,1.0,1.0
51,25,-30.505130767822266,6.729970455169678,0.375,0.9375,1.0
51,26,-0.592059850692749,1.3445104360580444,1.0,1.0,1.0
51,27,-6.064737796783447,4.554812908172607,0.75,1.0,1.0
51,28,-8.486735343933105,16.927030563354492,0.0,0.6666666865348816,1.0
51,29,-1.1801130771636963,3.254742383956909,1.0,1.0,1.0
51,30,-10.18359661102295,162.68214416503906,0.5,0.5,0.5
51,31,-0.5554780960083008,1.3201416730880737,1.0,1.0,1.0
51,32,-5.098790168762207,12.799359321594238,0.5,1.0,1.0
51,33,-1.3777261972427368,1.9914501905441284,1.0,1.0,1.0
51,34,-1.3387986421585083,3.8144583702087402,1.0,1.0,1.0
51,35,-4.236392021179199,8.316122055053711,0.5,0.5,1.0
51,36,-5.320523262023926,3.7815380096435547,0.75,0.75,1.0
51,37,-4.477533340454102,4.448251724243164,0.6666666865348816,0.6666666865348816,1.0
51,38,-12.223220825195312,21.238279342651367,0.25,0.5,1.0
51,39,-2.7226696014404297,3.901397466659546,0.5,1.0,1.0
51,40,-16.449960708618164,240.64437866210938,0.0,0.3333333432674408,0.6666666865348816
51,41,-10.579697608947754,5.831550598144531,0.6666666865348816,0.8333333730697632,1.0
51,42,-7.412997722625732,40.711021423339844,0.5,0.5,1.0
51,43,-4.776630878448486,2.599518299102783,0.800000011920929,1.0,1.0
51,44,-8.055756568908691,56.14167022705078,0.0,0.5,1.0
51,45,-6.384126663208008,24.338594436645508,0.5,0.5,1.0
51,46,-19.359966278076172,11.245811462402344,0.5,0.625,1.0
51,47,-22.618331909179688,43.368003845214844,0.5,0.8333333730697632,0.8333333730697632
51,48,-4.9842400550842285,146.09249877929688,0.0,0.0,1.0
51,49,-8.706222534179688,77.71989440917969,0.0,0.5,1.0
51,50,-5.158939361572266,13.190141677856445,0.5,1.0,1.0
51,51,-0.28439444303512573,1.1528040170669556,1.0,1.0,1.0
51,52,-3.8754725456237793,3.6394197940826416,0.6666666865348816,1.0,1.0
51,53,-23.535301208496094,28.852191925048828,0.1428571492433548,0.7142857313156128,1.0
51,54,-8.719130516052246,18.290409088134766,0.3333333432674408,0.6666666865348816,1.0
51,55,-10.147110939025879,159.74127197265625,0.5,0.5,1.0
51,56,-16.96022605895996,29.7266902923584,0.4000000059604645,0.6000000238418579,0.800000011920929
51,57,-1.7632555961608887,5.831391334533691,1.0,1.0,1.0
51,58,-10.971244812011719,4.793787002563477,0.5714285969734192,1.0,1.0
51,59,-5.4811224937438965,15.49567985534668,0.0,1.0,1.0
51,60,-1.4017001390457153,1.2216994762420654,1.0,1.0,1.0
51,61,-7.431875228881836,41.09709930419922,0.5,0.5,1.0
51,62,-4.370210647583008,79.06028747558594,0.0,1.0,1.0
51,63,-8.741732597351074,8.894500732421875,0.5,0.75,1.0
51,64,-0.6416443586349487,1.899601936340332,1.0,1.0,1.0
51,65,-4.766140937805176,10.838129997253418,0.0,1.0,1.0
51,66,-6.9172797203063965,3.9886624813079834,0.800000011920929,1.0,1.0
51,67,-11.210437774658203,9.41296100616455,0.800000011920929,0.800000011920929,0.800000011920929
51,68,-39.81016159057617,53.57144546508789,0.20000000298023224,0.699999988079071,0.800000011920929
51,69,-20.293766021728516,29.438236236572266,0.3333333432674408,0.6666666865348816,0.8333333730697632
51,70,-12.326530456542969,21.793954849243164,0.5,0.5,1.0
51,71,-7.027468204498291,33.57339859008789,0.5,0.5,1.0
51,72,-4.076369762420654,2.770678997039795,0.5,1.0,1.0
51,73,-7.518675804138184,1842.1263427734375,0.0,0.0,1.0
51,74,-15.953402519226074,53.96580505371094,0.5,0.75,0.75
51,75,-2.0570194721221924,2.7968945503234863,1.0,1.0,1.0
51,76,-1.762561321258545,1.7995208501815796,0.6666666865348816,1.0,1.0
51,77,-2.7611658573150635,1.5843818187713623,1.0,1.0,1.0
51,78,-13.032211303710938,25.998865127563477,0.75,0.75,0.75
51,79,-4.473387241363525,3.0597915649414062,0.75,1.0,1.0
51,80,-6.066928863525391,7.555755615234375,0.6666666865348816,0.6666666865348816,1.0
51,81,-6.669465065002441,2.301780939102173,0.75,1.0,1.0
51,82,-11.185442924499512,41.615848541259766,0.3333333432674408,0.6666666865348816,0.6666666865348816
51,83,-3.7698349952697754,43.37290954589844,0.0,1.0,1.0
51,84,-12.058523178100586,11.152955055236816,0.4000000059604645,0.6000000238418579,1.0
51,85,-2.8055994510650635,4.0665693283081055,0.0,1.0,1.0
51,86,-26.396970748901367,14.008959770202637,0.6000000238418579,0.699999988079071,0.9000000357627869
51,87,-10.684767723083496,4.601560115814209,0.5714285969734192,0.8571429252624512,1.0
51,88,-3.6269869804382324,6.131832122802734,0.5,1.0,1.0
51,89,-39.44805145263672,2669.4033203125,0.20000000298023224,0.20000000298023224,0.6000000238418579
51,90,-10.857938766479492,6.108349323272705,0.5,1.0,1.0
51,91,-0.77522212266922,1.473456621170044,1.0,1.0,1.0
51,92,-23.353591918945312,49.02180862426758,0.6666666865348816,0.6666666865348816,0.8333333730697632
51,93,-1.9482429027557373,1.914419174194336,0.6666666865348816,1.0,1.0
51,94,-12.424830436706543,22.3361759185791,0.25,0.75,1.0
51,95,-4.582309246063232,9.886345863342285,0.5,1.0,1.0
51,96,-9.025956153869629,9.5495023727417,0.5,0.75,1.0
51,97,-9.63578987121582,11.122247695922852,0.5,0.75,1.0
51,98,-21.442626953125,8.535745620727539,0.4000000059604645,0.800000011920929,1.0
51,99,-8.11550521850586,14.956835746765137,0.3333333432674408,1.0,1.0
51,100,-6.895534515380859,31.43013572692871,0.0,1.0,1.0
51,101,-7.045551776885986,5.8205108642578125,0.25,1.0,1.0
51,102,-1.9047034978866577,2.5917978286743164,1.0,1.0,1.0
51,103,-0.35054832696914673,1.1915727853775024,1.0,1.0,1.0
51,104,-4.040835380554199,1.9610353708267212,0.8333333730697632,1.0,1.0
51,105,-9.8674898147583,26.820415496826172,0.3333333432674408,0.6666666865348816,1.0
51,106,-4.386256217956543,8.963207244873047,0.5,0.5,1.0
51,107,-12.095331192016602,423.1241149902344,0.5,0.5,0.5
51,108,-6.794590473175049,29.883163452148438,0.5,0.5,1.0
51,109,-35.06142044067383,49.191131591796875,0.4444444477558136,0.5555555820465088,0.7777777910232544
51,110,-9.770596504211426,132.32992553710938,0.5,0.5,0.5
51,111,-14.653226852416992,18.739721298217773,0.4000000059604645,0.800000011920929,1.0
51,112,-2.153374433517456,2.049901008605957,0.6666666865348816,1.0,1.0
51,113,-1.820137619972229,1.8343909978866577,0.6666666865348816,1.0,1.0
51,114,-3.340320110321045,28.228160858154297,0.0,1.0,1.0
51,115,-11.817133903503418,368.17816162109375,0.0,0.5,0.5
51,116,-2.5989644527435303,3.6673970222473145,0.5,1.0,1.0
51,117,-10.541027069091797,2.2498157024383545,0.8461538553237915,0.9230769872665405,1.0
51,118,-9.051358222961426,92.35862731933594,0.5,0.5,0.5
51,119,-2.71083664894104,3.878382921218872,0.5,1.0,1.0
51,120,-21.51757049560547,14.727202415466309,0.625,0.75,0.875
51,121,-20.21954345703125,29.076313018798828,0.3333333432674408,0.6666666865348816,1.0
51,122,-7.59568452835083,3.5464513301849365,0.6666666865348816,1.0,1.0
51,123,-16.69825553894043,65.01148223876953,0.5,0.75,0.75
51,124,-11.062891006469727,9.139249801635742,0.6000000238418579,0.6000000238418579,1.0
51,125,-9.44898796081543,10.614775657653809,0.5,0.75,1.0
51,126,-16.057865142822266,55.39372253417969,0.5,0.75,0.75
51,127,-2.922105312347412,2.6486103534698486,0.6666666865348816,1.0,1.0
51,128,-11.973575592041016,19.95328712463379,0.5,0.5,1.0
51,129,-2.9466447830200195,19.041955947875977,0.0,1.0,1.0
51,130,-11.917824745178223,53.1229133605957,0.6666666865348816,0.6666666865348816,0.6666666865348816
51,131,-9.318130493164062,6.447072505950928,0.6000000238418579,1.0,1.0
51,132,-2.2603421211242676,9.586368560791016,0.0,1.0,1.0
51,133,-3.2533411979675293,5.086910247802734,0.5,1.0,1.0
51,134,-12.44851016998291,504.8468322753906,0.0,0.0,1.0
51,135,-1.520006537437439,1.6597530841827393,0.6666666865348816,1.0,1.0
51,136,-6.329482555389404,23.6826171875,0.5,1.0,1.0
51,137,-13.591490745544434,894.0354614257812,0.5,0.5,0.5
51,138,-6.071584224700928,7.567490100860596,0.6666666865348816,0.6666666865348816,1.0
51,139,-5.521126747131348,3.0168867111206055,0.6000000238418579,1.0,1.0
51,140,-6.618481159210205,9.080781936645508,0.3333333432674408,1.0,1.0
51,141,-10.358268737792969,13.324003219604492,0.25,1.0,1.0
51,142,-15.163920402526855,20.754934310913086,0.20000000298023224,0.800000011920929,0.800000011920929
51,143,-11.972112655639648,397.84259033203125,0.0,0.5,1.0
51,144,-17.510305404663086,79.64476776123047,0.5,0.75,0.75
51,145,-20.833131790161133,8.031033515930176,0.5,0.800000011920929,1.0
51,146,-12.207006454467773,58.498558044433594,0.0,0.6666666865348816,1.0
51,147,-2.4117789268493652,3.339728355407715,0.5,1.0,1.0
51,148,-10.399396896362305,181.21759033203125,0.5,0.5,0.5
52,0,-9.440282821655273,112.18412017822266,0.5,0.5,0.5
52,1,-11.36803913116455,4.141279697418213,0.75,0.875,1.0
52,2,-10.623845100402832,202.73963928222656,0.5,0.5,0.5
52,3,-5.21792459487915,184.55076599121094,0.0,1.0,1.0
52,4,-13.334882736206055,786.3809814453125,0.5,0.5,0.5
52,5,-0.4273618757724762,1.2382276058197021,1.0,1.0,1.0
52,6,-0.38358160853385925,1.1363945007324219,1.0,1.0,1.0
52,7,-4.697700500488281,10.47352123260498,0.5,0.5,1.0
52,8,-12.769990921020508,12.85841178894043,0.6000000238418579,0.800000011920929,0.800000011920929
52,9,-0.05057061091065407,1.025607705116272,1.0,1.0,1.0
52,10,-14.357192993164062,119.78887939453125,0.6666666865348816,0.6666666865348816,0.6666666865348816
52,11,-10.255109786987305,30.519628524780273,0.0,0.6666666865348816,1.0
52,12,-0.9877387285232544,1.6386444568634033,1.0,1.0,1.0
52,13,-11.503822326660156,314.7917175292969,0.5,0.5,1.0
52,14,-3.5361931324005127,3.2502474784851074,0.3333333432674408,1.0,1.0
52,15,-6.852879524230957,5.546792984008789,0.75,0.75,1.0
52,16,-5.4322509765625,6.115034580230713,0.6666666865348816,0.6666666865348816,1.0
52,17,-4.824909210205078,4.99432897567749,0.6666666865348816,1.0,1.0
52,18,-3.3445467948913574,2.3074355125427246,0.5,1.0,1.0
52,19,-8.1136474609375,3.8662095069885254,0.6666666865348816,0.8333333730697632,1.0
52,20,-3.370190143585205,2.3222756385803223,0.75,1.0,1.0
52,21,-5.707881450653076,6.703482627868652,0.3333333432674408,0.6666666865348816,1.0
52,22,-6.701695919036865,28.526912689208984,0.5,0.5,1.0
52,23,-12.459334373474121,7.976946830749512,0.5,0.8333333730697632,1.0
52,24,-1.993990421295166,7.344784259796143,0.0,1.0,1.0
52,25,-30.52623748779297,6.738853454589844,0.375,0.875,1.0
52,26,-0.5687743425369263,1.3289473056793213,1.0,1.0,1.0
52,27,-6.054891109466553,4.543613910675049,0.75,1.0,1.0
52,28,-8.48311710357666,16.906625747680664,0.0,0.6666666865348816,1.0
52,29,-1.1358013153076172,3.1136677265167236,1.0,1.0,1.0
52,30,-10.224831581115723,166.07106018066406,0.5,0.5,0.5
52,31,-0.5603610277175903,1.3233686685562134,1.0,1.0,1.0
52,32,-5.074795246124268,12.646716117858887,0.5,1.0,1.0
52,33,-1.4073545932769775,2.0211715698242188,1.0,1.0,1.0
52,34,-1.35152006149292,3.8632936477661133,1.0,1.0,1.0
52,35,-4.237279891967773,8.319814682006836,0.5,0.5,1.0
52,36,-5.309403419494629,3.7710399627685547,0.75,1.0,1.0
52,37,-4.460665702819824,4.423311233520508,0.6666666865348816,0.6666666865348816,1.0
52,38,-12.2613525390625,21.441709518432617,0.25,0.5,1.0
52,39,-2.7851130962371826,4.025127410888672,0.5,1.0,1.0
52,40,-16.369626998901367,234.28598022460938,0.0,0.3333333432674408,0.6666666865348816
52,41,-10.98354721069336,6.237573623657227,0.6666666865348816,0.8333333730697632,1.0
52,42,-7.386553764343262,40.17628479003906,0.5,0.5,1.0
52,43,-4.760366916656494,2.591076374053955,0.800000011920929,1.0,1.0
52,44,-7.999330043792725,54.57986068725586,0.0,0.5,1.0
52,45,-6.364124774932861,24.096397399902344,0.5,0.5,1.0
52,46,-19.35892105102539,11.244342803955078,0.5,0.625,1.0
52,47,-22.544313430786133,42.836280822753906,0.5,0.8333333730697632,0.8333333730697632
52,48,-5.014641761779785,150.60218811035156,0.0,0.0,1.0
52,49,-8.614120483398438,74.22197723388672,0.0,0.5,1.0
52,50,-5.128383636474609,12.990156173706055,0.5,1.0,1.0
52,51,-0.2885909676551819,1.155225396156311,1.0,1.0,1.0
52,52,-3.86564564704895,3.6275174617767334,0.6666666865348816,1.0,1.0
52,53,-23.25872039794922,27.73442268371582,0.1428571492433548,0.7142857313156128,1.0
52,54,-8.743982315063477,18.44255256652832,0.3333333432674408,0.6666666865348816,1.0
52,55,-10.09091567993164,155.3153839111328,0.5,0.5,1.0
52,56,-16.85961151123047,29.134477615356445,0.4000000059604645,0.6000000238418579,0.800000011920929
52,57,-1.8065884113311768,6.08963680267334,1.0,1.0,1.0
52,58,-10.873170852661133,4.7270917892456055,0.5714285969734192,1.0,1.0
52,59,-5.482048034667969,15.502851486206055,0.0,1.0,1.0
52,60,-1.3951507806777954,1.2205568552017212,1.0,1.0,1.0
52,61,-7.518769264221191,42.92200469970703,0.5,0.5,1.0
52,62,-4.371608734130859,79.1708984375,0.0,1.0,1.0
52,63,-8.731651306152344,8.872111320495605,0.5,0.75,1.0
52,64,-0.6239982843399048,1.86637544631958,1.0,1.0,1.0
52,65,-4.720888614654541,10.595658302307129,0.0,1.0,1.0
52,66,-6.875130653381348,3.9551799297332764,0.800000011920929,1.0,1.0
52,67,-11.325899124145508,9.632857322692871,0.800000011920929,0.800000011920929,0.800000011920929
52,68,-39.80527877807617,53.545291900634766,0.20000000298023224,0.699999988079071,0.800000011920929
52,69,-20.272232055664062,29.332767486572266,0.3333333432674408,0.6666666865348816,0.8333333730697632
52,70,-12.363802909851074,21.997982025146484,0.5,0.5,1.0
52,71,-7.024943828582764,33.53105163574219,0.5,0.5,1.0
52,72,-4.082374095916748,2.77484130859375,0.5,1.0,1.0
52,73,-7.494710445404053,1798.50390625,0.0,0.0,1.0
52,74,-15.833131790161133,52.36732864379883,0.5,0.75,0.75
52,75,-2.00022029876709,2.718581199645996,1.0,1.0,1.0
52,76,-1.7143298387527466,1.77082097530365,0.6666666865348816,1.0,1.0
52,77,-2.7449464797973633,1.5801047086715698,1.0,1.0,1.0
52,78,-12.887760162353516,25.076723098754883,0.75,0.75,0.75
52,79,-4.505364894866943,3.084350824356079,0.75,1.0,1.0
52,80,-6.057837963104248,7.532894134521484,0.6666666865348816,0.6666666865348816,1.0
52,81,-6.481906890869141,2.248443841934204,0.75,1.0,1.0
52,82,-11.254605293273926,42.58640670776367,0.3333333432674408,0.6666666865348816,0.6666666865348816
52,83,-3.7880167961120605,44.16871643066406,0.0,1.0,1.0
52,84,-12.071334838867188,11.181571960449219,0.4000000059604645,0.6000000238418579,1.0
52,85,-2.7950234413146973,4.045121669769287,0.0,1.0,1.0
52,86,-26.40151596069336,14.015327453613281,0.6000000238418579,0.699999988079071,0.9000000357627869
52,87,-10.70050048828125,4.611913681030273,0.5714285969734192,0.8571429252624512,1.0
52,88,-3.6661641597747803,6.253129959106445,0.5,1.0,1.0
52,89,-39.54945373535156,2724.092529296875,0.20000000298023224,0.20000000298023224,0.6000000238418579
52,90,-10.778434753417969,6.027943134307861,0.5,1.0,1.0
52,91,-0.7969284653663635,1.4895354509353638,1.0,1.0,1.0
52,92,-23.240205764770508,48.10410690307617,0.6666666865348816,0.6666666865348816,0.8333333730697632
52,93,-1.8982170820236206,1.8827605247497559,0.6666666865348816,1.0,1.0
52,94,-12.496254920959473,22.738595962524414,0.25,0.75,1.0
52,95,-4.57165002822876,9.833795547485352,0.5,1.0,1.0
52,96,-9.075640678405762,9.668856620788574,0.5,0.75,1.0
52,97,-9.627381324768066,11.098892211914062,0.5,0.75,1.0
52,98,-21.44095230102539,8.534316062927246,0.4000000059604645,0.800000011920929,1.0
52,99,-8.223526954650879,15.505202293395996,0.3333333432674408,1.0,1.0
52,100,-6.845574378967285,30.65473747253418,0.0,1.0,1.0
52,101,-7.0311126708984375,5.799537181854248,0.25,1.0,1.0
52,102,-1.8541239500045776,2.527073621749878,1.0,1.0,1.0
52,103,-0.3428032398223877,1.186967372894287,1.0,1.0,1.0
52,104,-4.031248569488525,1.957904577255249,0.8333333730697632,1.0,1.0
52,105,-9.87634563446045,26.899702072143555,0.3333333432674408,0.6666666865348816,1.0
52,106,-4.313371658325195,8.642448425292969,0.5,0.5,1.0
52,107,-12.031779289245605,409.89031982421875,0.5,0.5,0.5
52,108,-6.769322395324707,29.507993698120117,0.5,0.5,1.0
52,109,-34.90150833129883,48.324825286865234,0.4444444477558136,0.5555555820465088,0.7777777910232544
52,110,-9.7799654006958,132.95127868652344,0.5,0.5,0.5
52,111,-14.575946807861328,18.45230484008789,0.4000000059604645,0.800000011920929,1.0
52,112,-2.2238996028900146,2.0986616611480713,0.6666666865348816,1.0,1.0
52,113,-1.829030156135559,1.8398364782333374,0.6666666865348816,1.0,1.0
52,114,-3.3989739418029785,29.93337059020996,0.0,1.0,1.0
52,115,-11.820320129394531,368.76519775390625,0.0,0.5,0.5
52,116,-2.5735490322113037,3.6210877895355225,0.5,1.0,1.0
52,117,-10.580820083618164,2.2567126750946045,0.8461538553237915,0.9230769872665405,1.0
52,118,-9.15561580657959,97.30086517333984,0.5,0.5,0.5
52,119,-2.705740451812744,3.8685131072998047,0.5,1.0,1.0
52,120,-21.300735473632812,14.333392143249512,0.625,0.75,0.875
52,121,-20.19053077697754,28.936058044433594,0.3333333432674408,0.6666666865348816,1.0
52,122,-7.427393913269043,3.4483606815338135,0.6666666865348816,1.0,1.0
52,123,-16.696598052978516,64.98454284667969,0.5,0.75,0.75
52,124,-11.018720626831055,9.058867454528809,0.6000000238418579,0.6000000238418579,1.0
52,125,-9.47878646850586,10.694148063659668,0.5,0.75,1.0
52,126,-16.093265533447266,55.886138916015625,0.5,0.75,0.75
52,127,-2.9259655475616455,2.6520206928253174,0.6666666865348816,1.0,1.0
52,128,-11.960371017456055,19.887527465820312,0.5,0.5,1.0
52,129,-2.9288816452026367,18.706697463989258,0.0,1.0,1.0
52,130,-11.982817649841309,54.28633499145508,0.6666666865348816,0.6666666865348816,0.6666666865348816
52,131,-9.319562911987305,6.448919773101807,0.6000000238418579,1.0,1.0
52,132,-2.236947536468506,9.364702224731445,0.0,1.0,1.0
52,133,-3.206878662109375,4.970096588134766,0.5,1.0,1.0
52,134,-12.570878028869629,536.6998291015625,0.0,0.0,1.0
52,135,-1.536912202835083,1.6691325902938843,0.6666666865348816,1.0,1.0
52,136,-6.355221748352051,23.989370346069336,0.5,0.5,1.0
52,137,-13.699922561645508,943.8443603515625,0.5,0.5,0.5
52,138,-6.014192581176758,7.42409610748291,0.6666666865348816,0.6666666865348816,1.0
52,139,-5.518524169921875,3.0153164863586426,0.6000000238418579,1.0,1.0
52,140,-6.613826274871826,9.066702842712402,0.3333333432674408,1.0,1.0
52,141,-10.322863578796387,13.206589698791504,0.25,1.0,1.0
52,142,-15.220084190368652,20.9893856048584,0.20000000298023224,0.800000011920929,0.800000011920929
52,143,-11.961729049682617,395.7823791503906,0.0,0.5,1.0
52,144,-17.479570388793945,79.03514099121094,0.5,0.75,0.75
52,145,-20.97067642211914,8.142258644104004,0.5,0.800000011920929,1.0
52,146,-12.298172950744629,60.303550720214844,0.0,0.6666666865348816,1.0
52,147,-2.3739774227142334,3.2771975994110107,0.5,1.0,1.0
52,148,-10.364108085632324,178.0481414794922,0.5,0.5,0.5
53,0,-9.476600646972656,114.2398681640625,0.5,0.5,0.5
53,1,-11.411208152770996,4.163687229156494,0.75,0.875,1.0
53,2,-10.580581665039062,198.401123046875,0.5,0.5,0.5
53,3,-5.224094867706299,185.69302368164062,0.0,1.0,1.0
53,4,-13.218167304992676,741.802978515625,0.5,0.5,0.5
53,5,-0.43366897106170654,1.2421385049819946,1.0,1.0,1.0
53,6,-0.40321677923202515,1.1438566446304321,1.0,1.0,1.0
53,7,-4.63799524307251,10.16547966003418,0.5,0.5,1.0
53,8,-12.613496780395508,12.462191581726074,0.6000000238418579,0.800000011920929,0.800000011920929
53,9,-0.050169482827186584,1.0254019498825073,1.0,1.0,1.0
53,10,-14.337227821350098,118.9943618774414,0.6666666865348816,0.6666666865348816,0.6666666865348816
53,11,-10.180429458618164,29.76926612854004,0.0,0.6666666865348816,1.0
53,12,-0.986901044845581,1.637958288192749,1.0,1.0,1.0
53,13,-11.405494689941406,299.6896057128906,0.5,0.5,1.0
53,14,-3.5565285682678223,3.2723536491394043,0.3333333432674408,1.0,1.0
53,15,-6.6967692375183105,5.334484577178955,0.75,0.75,1.0
53,16,-5.360472202301025,5.970460891723633,0.6666666865348816,0.6666666865348816,1.0
53,17,-4.8063740730285645,4.96356725692749,0.6666666865348816,1.0,1.0
53,18,-3.307605266571045,2.2862234115600586,0.5,1.0,1.0
53,19,-8.18690299987793,3.9137022495269775,0.6666666865348816,0.8333333730697632,1.0
53,20,-3.347973585128784,2.309413194656372,0.75,1.0,1.0
53,21,-5.687175750732422,6.657374858856201,0.3333333432674408,0.6666666865348816,1.0
53,22,-6.706214427947998,28.591434478759766,0.5,0.5,1.0
53,23,-12.542706489562988,8.08856201171875,0.5,0.8333333730697632,1.0
53,24,-2.002861499786377,7.41023063659668,0.0,1.0,1.0
53,25,-30.472301483154297,6.716175556182861,0.375,0.875,1.0
53,26,-0.5688028931617737,1.3289663791656494,1.0,1.0,1.0
53,27,-6.0710601806640625,4.562017917633057,0.75,1.0,1.0
53,28,-8.445966720581055,16.69855499267578,0.0,0.6666666865348816,1.0
53,29,-1.1781549453735352,3.248375177383423,1.0,1.0,1.0
53,30,-10.263463973999023,169.31011962890625,0.5,0.5,0.5
53,31,-0.5562798976898193,1.3206710815429688,1.0,1.0,1.0
53,32,-5.051284313201904,12.498918533325195,0.5,1.0,1.0
53,33,-1.43442702293396,2.0487165451049805,1.0,1.0,1.0
53,34,-1.3483864068984985,3.8512063026428223,1.0,1.0,1.0
53,35,-4.161046504974365,8.008658409118652,0.5,1.0,1.0
53,36,-5.317121982574463,3.7783238887786865,0.75,0.75,1.0
53,37,-4.456906318664551,4.417771339416504,0.6666666865348816,0.6666666865348816,1.0
53,38,-12.19489860534668,21.08843231201172,0.25,0.5,1.0
53,39,-2.7706031799316406,3.9960310459136963,0.5,1.0,1.0
53,40,-16.311603546142578,229.79808044433594,0.0,0.3333333432674408,0.6666666865348816
53,41,-10.789421081542969,6.0389909744262695,0.6666666865348816,0.8333333730697632,1.0
53,42,-7.422097206115723,40.896671295166016,0.5,0.5,1.0
53,43,-4.702640533447266,2.5613338947296143,0.800000011920929,1.0,1.0
53,44,-7.905023574829102,52.06597900390625,0.0,0.5,1.0
53,45,-6.4070963859558105,24.619731903076172,0.5,0.5,1.0
53,46,-19.347625732421875,11.22847843170166,0.5,0.625,1.0
53,47,-22.689332962036133,43.88424301147461,0.5,0.8333333730697632,0.8333333730697632
53,48,-4.999935150146484,148.40353393554688,0.0,0.0,1.0
53,49,-8.651055335998535,75.60539245605469,0.0,0.5,1.0
53,50,-5.191122055053711,13.404106140136719,0.5,1.0,1.0
53,51,-0.2725366950035095,1.1459894180297852,1.0,1.0,1.0
53,52,-3.8737871646881104,3.6373753547668457,0.6666666865348816,1.0,1.0
53,53,-23.499374389648438,28.704486846923828,0.1428571492433548,0.7142857313156128,1.0
53,54,-8.874048233032227,19.25972557067871,0.3333333432674408,0.6666666865348816,1.0
53,55,-10.140395164489746,159.20578002929688,0.5,0.5,1.0
53,56,-17.103893280029297,30.593229293823242,0.4000000059604645,0.6000000238418579,0.800000011920929
53,57,-1.79085373878479,5.994568347930908,1.0,1.0,1.0
53,58,-10.968724250793457,4.792060852050781,0.5714285969734192,1.0,1.0
53,59,-5.463552474975586,15.360146522521973,0.0,1.0,1.0
53,60,-1.4251267910003662,1.225795030593872,1.0,1.0,1.0
53,61,-7.520012378692627,42.948692321777344,0.5,0.5,1.0
53,62,-4.320913791656494,75.25736236572266,0.0,1.0,1.0
53,63,-8.767402648925781,8.951765060424805,0.5,0.75,1.0
53,64,-0.6144360899925232,1.8486138582229614,1.0,1.0,1.0
53,65,-4.748402118682861,10.742426872253418,0.0,1.0,1.0
53,66,-6.866579055786133,3.948421001434326,0.800000011920929,1.0,1.0
53,67,-11.33343505859375,9.647384643554688,0.800000011920929,0.800000011920929,0.800000011920929
53,68,-39.626930236816406,52.59878158569336,0.20000000298023224,0.800000011920929,0.800000011920929
53,69,-20.34939956665039,29.712461471557617,0.3333333432674408,0.6666666865348816,0.8333333730697632
53,70,-12.30611515045166,21.68300437927246,0.5,0.5,1.0
53,71,-6.997488498687744,33.073890686035156,0.5,0.5,1.0
53,72,-4.090457439422607,2.780454158782959,0.5,1.0,1.0
53,73,-7.442075252532959,1706.2874755859375,0.0,0.0,1.0
53,74,-15.810113906860352,52.06684875488281,0.5,0.75,0.75
53,75,-2.023510456085205,2.750424385070801,1.0,1.0,1.0
53,76,-1.7249234914779663,1.777085304260254,0.6666666865348816,1.0,1.0
53,77,-2.624791383743286,1.5487765073776245,1.0,1.0,1.0
53,78,-12.973404884338379,25.619434356689453,0.75,0.75,0.75
53,79,-4.543862342834473,3.1141791343688965,0.75,1.0,1.0
53,80,-6.112077713012695,7.6703267097473145,0.6666666865348816,0.6666666865348816,1.0
53,81,-6.495329856872559,2.2522196769714355,0.75,1.0,1.0
53,82,-11.155267715454102,41.19935607910156,0.3333333432674408,0.6666666865348816,0.6666666865348816
53,83,-3.716139316558838,41.10539245605469,0.0,1.0,1.0
53,84,-12.030806541442871,11.091303825378418,0.4000000059604645,0.6000000238418579,1.0
53,85,-2.808027744293213,4.071509838104248,0.0,1.0,1.0
53,86,-26.29935073852539,13.872869491577148,0.6000000238418579,0.699999988079071,0.9000000357627869
53,87,-10.634693145751953,4.568760395050049,0.5714285969734192,0.8571429252624512,1.0
53,88,-3.643303155899048,6.182060241699219,0.5,1.0,1.0
53,89,-39.525177001953125,2710.898681640625,0.20000000298023224,0.20000000298023224,0.6000000238418579
53,90,-10.859339714050293,6.109774589538574,0.5,1.0,1.0
53,91,-0.7759045958518982,1.4739594459533691,1.0,1.0,1.0
53,92,-23.44527816772461,49.77666473388672,0.6666666865348816,0.6666666865348816,0.8333333730697632
53,93,-1.9046742916107178,1.8868173360824585,0.6666666865348816,1.0,1.0
53,94,-12.351485252380371,21.93034553527832,0.25,0.75,1.0
53,95,-4.541498184204102,9.686654090881348,0.5,1.0,1.0
53,96,-8.91775894165039,9.294656753540039,0.5,0.75,1.0
53,97,-9.722694396972656,11.366537094116211,0.5,0.75,1.0
53,98,-21.32464599609375,8.435632705688477,0.4000000059604645,0.800000011920929,1.0
53,99,-8.1370849609375,15.064810752868652,0.3333333432674408,1.0,1.0
53,100,-6.807039737701416,30.06975746154785,0.0,1.0,1.0
53,101,-6.916219234466553,5.635324954986572,0.25,1.0,1.0
53,102,-1.8616492748260498,2.536600351333618,1.0,1.0,1.0
53,103,-0.3484237790107727,1.1903077363967896,1.0,1.0,1.0
53,104,-4.018193244934082,1.9536490440368652,0.8333333730697632,1.0,1.0
53,105,-9.862704277038574,26.777664184570312,0.3333333432674408,0.6666666865348816,1.0
53,106,-4.405593395233154,9.050289154052734,0.5,0.5,1.0
53,107,-12.122491836547852,428.90948486328125,0.5,0.5,0.5
53,108,-6.73443078994751,28.997669219970703,0.5,0.5,1.0
53,109,-35.054561614990234,49.153663635253906,0.4444444477558136,0.5555555820465088,0.7777777910232544
53,110,-9.766043663024902,132.02903747558594,0.5,0.5,0.5
53,111,-14.617048263549805,18.604616165161133,0.4000000059604645,0.800000011920929,1.0
53,112,-2.1559529304504395,2.051663637161255,0.6666666865348816,1.0,1.0
53,113,-1.8032408952713013,1.8240883350372314,0.6666666865348816,1.0,1.0
53,114,-3.4630930423736572,31.915538787841797,0.0,1.0,1.0
53,115,-11.883121490478516,380.52838134765625,0.0,0.5,0.5
53,116,-2.5799193382263184,3.6326401233673096,0.5,1.0,1.0
53,117,-10.678454399108887,2.2737252712249756,0.8461538553237915,0.9230769872665405,1.0
53,118,-9.135292053222656,96.3171157836914,0.5,0.5,0.5
53,119,-2.700016736984253,3.8574578762054443,0.5,1.0,1.0
53,120,-21.62158203125,14.919927597045898,0.625,0.75,0.875
53,121,-20.3764591217041,29.846765518188477,0.3333333432674408,0.6666666865348816,1.0
53,122,-7.455872058868408,3.4647669792175293,0.6666666865348816,1.0,1.0
53,123,-16.681058883666992,64.73258209228516,0.5,0.75,0.75
53,124,-10.977481842041016,8.984458923339844,0.6000000238418579,0.6000000238418579,1.0
53,125,-9.43739128112793,10.584046363830566,0.5,0.75,1.0
53,126,-16.003488540649414,54.64578628540039,0.5,0.75,0.75
53,127,-2.954782485961914,2.6776175498962402,0.6666666865348816,1.0,1.0
53,128,-12.032761573791504,20.250720977783203,0.5,0.5,1.0
53,129,-2.979372262954712,19.675460815429688,0.0,1.0,1.0
53,130,-11.914508819580078,53.06422805786133,0.6666666865348816,0.6666666865348816,0.6666666865348816
53,131,-9.417216300964355,6.576109409332275,0.6000000238418579,1.0,1.0
53,132,-2.215045928955078,9.161829948425293,0.0,1.0,1.0
53,133,-3.2427189350128174,5.059964656829834,0.5,1.0,1.0
53,134,-12.51971435546875,523.1442260742188,0.0,0.0,1.0
53,135,-1.5109087228775024,1.6547273397445679,0.6666666865348816,1.0,1.0
53,136,-6.2816619873046875,23.123075485229492,0.5,1.0,1.0
53,137,-13.626008987426758,909.599609375,0.5,0.5,0.5
53,138,-6.046380519866943,7.504180431365967,0.6666666865348816,0.6666666865348816,1.0
53,139,-5.530776023864746,3.022714138031006,0.6000000238418579,1.0,1.0
53,140,-6.581671714782715,8.970044136047363,0.3333333432674408,1.0,1.0
53,141,-10.397661209106445,13.4558687210083,0.25,1.0,1.0
53,142,-15.180925369262695,20.82564353942871,0.20000000298023224,0.800000011920929,0.800000011920929
53,143,-11.954833984375,394.4202880859375,0.0,0.5,1.0
53,144,-17.39564323425293,77.39411926269531,0.5,0.75,0.75
53,145,-20.846031188964844,8.041399002075195,0.5,0.800000011920929,1.0
53,146,-12.288297653198242,60.10538101196289,0.0,0.6666666865348816,1.0
53,147,-2.3721015453338623,3.274125337600708,0.5,1.0,1.0
53,148,-10.361062049865723,177.7771759033203,0.5,0.5,0.5
54,0,-9.572979927062988,119.87984466552734,0.5,0.5,0.5
54,1,-11.456232070922852,4.1871867179870605,0.75,0.875,1.0
54,2,-10.615371704101562,201.88250732421875,0.5,0.5,0.5
54,3,-5.258400917053223,192.1739501953125,0.0,1.0,1.0
54,4,-13.305558204650879,774.9349365234375,0.5,0.5,0.5
54,5,-0.4512345790863037,1.2530959844589233,1.0,1.0,1.0
54,6,-0.3786468803882599,1.1345267295837402,1.0,1.0,1.0
54,7,-4.670083045959473,10.329889297485352,0.5,0.5,1.0
54,8,-12.657032012939453,12.571173667907715,0.6000000238418579,0.800000011920929,0.800000011920929
54,9,-0.04947533458471298,1.0250462293624878,1.0,1.0,1.0
54,10,-14.345856666564941,119.33711242675781,0.6666666865348816,0.6666666865348816,0.6666666865348816
54,11,-10.25445556640625,30.512969970703125,0.0,0.6666666865348816,1.0
54,12,-0.9671776294708252,1.6218847036361694,1.0,1.0,1.0
54,13,-11.470192909240723,309.5428161621094,0.5,0.5,1.0
54,14,-3.566291570663452,3.283020257949829,0.3333333432674408,1.0,1.0
54,15,-6.7617411613464355,5.421840190887451,0.75,0.75,1.0
54,16,-5.3739800453186035,5.997403621673584,0.6666666865348816,0.6666666865348816,1.0
54,17,-4.822211265563965,4.98983907699585,0.6666666865348816,1.0,1.0
54,18,-3.3589985370635986,2.3157870769500732,0.5,1.0,1.0
54,19,-8.148492813110352,3.888728141784668,0.6666666865348816,1.0,1.0
54,20,-3.3559436798095703,2.314019203186035,0.75,1.0,1.0
54,21,-5.744810104370117,6.786509037017822,0.3333333432674408,0.6666666865348816,1.0
54,22,-6.722127914428711,28.819839477539062,0.5,0.5,1.0
54,23,-12.52762508392334,8.068258285522461,0.5,0.8333333730697632,1.0
54,24,-1.9826445579528809,7.261922359466553,0.0,1.0,1.0
54,25,-30.464797973632812,6.713026523590088,0.375,0.9375,1.0
54,26,-0.5902696251869202,1.3433074951171875,1.0,1.0,1.0
54,27,-6.017605781555176,4.501458168029785,0.75,1.0,1.0
54,28,-8.4366455078125,16.646751403808594,0.0,0.6666666865348816,1.0
54,29,-1.1526033878326416,3.1664257049560547,1.0,1.0,1.0
54,30,-10.314862251281738,173.71762084960938,0.5,0.5,0.5
54,31,-0.5712335109710693,1.3305824995040894,1.0,1.0,1.0
54,32,-5.077735900878906,12.665326118469238,0.5,1.0,1.0
54,33,-1.3910269737243652,2.0047383308410645,1.0,1.0,1.0
54,34,-1.3720492124557495,3.943423271179199,1.0,1.0,1.0
54,35,-4.157466411590576,7.994335174560547,0.5,1.0,1.0
54,36,-5.341928482055664,3.801828145980835,0.75,0.75,1.0
54,37,-4.519586086273193,4.511044502258301,0.6666666865348816,0.6666666865348816,1.0
54,38,-12.200366973876953,21.11728286743164,0.25,0.5,1.0
54,39,-2.7393100261688232,3.933993339538574,0.5,1.0,1.0
54,40,-16.334383010864258,231.54962158203125,0.0,0.3333333432674408,0.6666666865348816
54,41,-10.6187162399292,5.869597434997559,0.6666666865348816,0.8333333730697632,1.0
54,42,-7.431641101837158,41.09229278564453,0.5,0.5,1.0
54,43,-4.790870666503906,2.6069321632385254,0.800000011920929,1.0,1.0
54,44,-7.896307945251465,51.83958053588867,0.0,0.5,1.0
54,45,-6.383016586303711,24.325088500976562,0.5,0.5,1.0
54,46,-19.338787078857422,11.216078758239746,0.5,0.625,1.0
54,47,-22.78608512878418,44.59763717651367,0.5,0.8333333730697632,0.8333333730697632
54,48,-5.075720310211182,160.08746337890625,0.0,0.0,1.0
54,49,-8.583200454711914,73.08332061767578,0.0,0.5,1.0
54,50,-5.120731830596924,12.9405517578125,0.5,1.0,1.0
54,51,-0.2848905622959137,1.153090000152588,1.0,1.0,1.0
54,52,-3.8692104816436768,3.6318306922912598,0.6666666865348816,1.0,1.0
54,53,-23.471786499023438,28.59158706665039,0.2857142984867096,0.7142857313156128,1.0
54,54,-8.747535705566406,18.46441078186035,0.3333333432674408,0.6666666865348816,1.0
54,55,-10.15648365020752,160.49163818359375,0.5,0.5,0.5
54,56,-16.773395538330078,28.636415481567383,0.4000000059604645,0.6000000238418579,0.800000011920929
54,57,-1.7499995231628418,5.754600524902344,1.0,1.0,1.0
54,58,-10.928783416748047,4.764796257019043,0.5714285969734192,1.0,1.0
54,59,-5.425691604614258,15.072107315063477,0.0,1.0,1.0
54,60,-1.3825438022613525,1.2183607816696167,1.0,1.0,1.0
54,61,-7.467263698577881,41.83075714111328,0.5,0.5,1.0
54,62,-4.38765287399292,80.45137023925781,0.0,1.0,1.0
54,63,-8.693046569824219,8.786897659301758,0.5,0.75,1.0
54,64,-0.6491738557815552,1.91395902633667,1.0,1.0,1.0
54,65,-4.755469799041748,10.780457496643066,0.0,1.0,1.0
54,66,-6.8973894119262695,3.9728267192840576,0.800000011920929,1.0,1.0
54,67,-11.375245094299316,9.728394508361816,0.800000011920929,0.800000011920929,0.800000011920929
54,68,-39.35538101196289,51.1896858215332,0.20000000298023224,0.699999988079071,0.800000011920929
54,69,-20.30352783203125,29.48617172241211,0.3333333432674408,0.6666666865348816,0.8333333730697632
54,70,-12.209478378295898,21.16543960571289,0.5,0.5,1.0
54,71,-7.108631610870361,34.963890075683594,0.5,0.5,1.0
54,72,-3.881523609161377,2.6389496326446533,0.5,1.0,1.0
54,73,-7.4783501625061035,1769.3193359375,0.0,0.0,1.0
54,74,-15.853042602539062,52.6286506652832,0.5,0.75,0.75
54,75,-2.0189881324768066,2.7442121505737305,1.0,1.0,1.0
54,76,-1.7110570669174194,1.7688902616500854,0.6666666865348816,1.0,1.0
54,77,-2.7475194931030273,1.5807825326919556,1.0,1.0,1.0
54,78,-12.928685188293457,25.334606170654297,0.75,0.75,0.75
54,79,-4.5038933753967285,3.083216428756714,0.75,1.0,1.0
54,80,-6.110422134399414,7.666094779968262,0.6666666865348816,0.6666666865348816,1.0
54,81,-6.572846412658691,2.27414870262146,0.75,1.0,1.0
54,82,-11.259780883789062,42.659942626953125,0.3333333432674408,0.6666666865348816,0.6666666865348816
54,83,-3.738083600997925,42.017391204833984,0.0,1.0,1.0
54,84,-12.056525230407715,11.148499488830566,0.4000000059604645,0.6000000238418579,1.0
54,85,-2.757868766784668,3.970668077468872,0.0,1.0,1.0
54,86,-26.484325408935547,14.131869316101074,0.6000000238418579,0.699999988079071,0.9000000357627869
54,87,-10.664329528808594,4.588144302368164,0.5714285969734192,0.8571429252624512,1.0
54,88,-3.629106044769287,6.138331890106201,0.5,1.0,1.0
54,89,-39.45532989501953,2673.292236328125,0.20000000298023224,0.20000000298023224,0.6000000238418579
54,90,-10.778665542602539,6.028175354003906,0.5,1.0,1.0
54,91,-0.7747068405151367,1.4730769395828247,1.0,1.0,1.0
54,92,-23.35186767578125,49.007728576660156,0.6666666865348816,0.6666666865348816,0.8333333730697632
54,93,-1.9129313230514526,1.8920176029205322,0.6666666865348816,1.0,1.0
54,94,-12.109037399291992,20.640586853027344,0.25,0.75,1.0
54,95,-4.617229461669922,10.060478210449219,0.5,1.0,1.0
54,96,-9.025164604187012,9.547612190246582,0.5,0.75,1.0
54,97,-9.729131698608398,11.384843826293945,0.5,0.75,1.0
54,98,-21.359935760498047,8.465453147888184,0.4000000059604645,0.800000011920929,1.0
54,99,-8.072662353515625,14.744754791259766,0.3333333432674408,1.0,1.0
54,100,-6.787182807922363,29.772686004638672,0.0,1.0,1.0
54,101,-7.100380897521973,5.900843143463135,0.25,1.0,1.0
54,102,-1.8483021259307861,2.519728422164917,1.0,1.0,1.0
54,103,-0.32858672738075256,1.1785600185394287,1.0,1.0,1.0
54,104,-4.027818202972412,1.9567853212356567,0.8333333730697632,1.0,1.0
54,105,-9.87887191772461,26.92236328125,0.3333333432674408,0.6666666865348816,1.0
54,106,-4.36039400100708,8.84804916381836,0.5,0.5,1.0
54,107,-12.032482147216797,410.034423828125,0.5,0.5,0.5
54,108,-6.746788501739502,29.17739486694336,0.5,0.5,1.0
54,109,-34.95381546020508,48.606502532958984,0.4444444477558136,0.5555555820465088,0.7777777910232544
54,110,-9.752059936523438,131.109130859375,0.5,0.5,0.5
54,111,-14.468823432922363,18.061176300048828,0.4000000059604645,0.800000011920929,1.0
54,112,-2.2085373401641846,2.087942600250244,0.6666666865348816,1.0,1.0
54,113,-1.8149570226669312,1.8312259912490845,0.6666666865348816,1.0,1.0
54,114,-3.294283151626587,26.95808219909668,0.0,1.0,1.0
54,115,-11.973421096801758,398.1029357910156,0.0,0.5,0.5
54,116,-2.5737128257751465,3.621384382247925,0.5,1.0,1.0
54,117,-10.656907081604004,2.2699596881866455,0.8461538553237915,0.9230769872665405,1.0
54,118,-9.11463451385498,95.32740020751953,0.5,0.5,0.5
54,119,-2.747781991958618,3.950692653656006,0.5,1.0,1.0
54,120,-21.48050880432129,14.659133911132812,0.625,0.75,0.875
54,121,-20.059415817260742,28.310590744018555,0.3333333432674408,0.6666666865348816,1.0
54,122,-7.497138500213623,3.488678455352783,0.6666666865348816,1.0,1.0
54,123,-16.702165603637695,65.07505798339844,0.5,0.75,0.75
54,124,-11.038806915283203,9.095331192016602,0.6000000238418579,0.6000000238418579,1.0
54,125,-9.478475570678711,10.693316459655762,0.5,0.75,1.0
54,126,-15.996944427490234,54.556453704833984,0.5,0.75,0.75
54,127,-2.9299795627593994,2.655571222305298,0.6666666865348816,1.0,1.0
54,128,-11.938911437988281,19.781118392944336,0.5,0.5,1.0
54,129,-2.9841437339782715,19.76956558227539,0.0,1.0,1.0
54,130,-11.956826210021973,53.81804275512695,0.6666666865348816,0.6666666865348816,0.6666666865348816
54,131,-9.464536666870117,6.638642311096191,0.6000000238418579,1.0,1.0
54,132,-2.256718635559082,9.551694869995117,0.0,1.0,1.0
54,133,-3.2302961349487305,5.028632640838623,0.5,1.0,1.0
54,134,-12.594244003295898,543.0068969726562,0.0,0.0,1.0
54,135,-1.5266146659851074,1.6634130477905273,0.6666666865348816,1.0,1.0
54,136,-6.277341842651367,23.07318115234375,0.5,1.0,1.0
54,137,-13.649123191833496,920.1729125976562,0.5,0.5,0.5
54,138,-5.991420269012451,7.367954254150391,0.6666666865348816,0.6666666865348816,1.0
54,139,-5.502298355102539,3.005547285079956,0.6000000238418579,1.0,1.0
54,140,-6.620033264160156,9.085480690002441,0.3333333432674408,1.0,1.0
54,141,-10.325305938720703,13.214654922485352,0.25,1.0,1.0
54,142,-15.212623596191406,20.958091735839844,0.20000000298023224,0.800000011920929,0.800000011920929
54,143,-11.936318397521973,390.78564453125,0.0,0.5,1.0
54,144,-17.389122009277344,77.26805114746094,0.5,0.75,0.75
54,145,-20.987951278686523,8.156336784362793,0.5,0.800000011920929,1.0
54,146,-12.299699783325195,60.33424377441406,0.0,0.6666666865348816,1.0
54,147,-2.3821845054626465,3.2906734943389893,0.5,1.0,1.0
54,148,-10.438403129577637,184.78659057617188,0.5,0.5,0.5
55,0,-9.559962272644043,119.10210418701172,0.5,0.5,0.5
55,1,-11.430183410644531,4.173574924468994,0.75,0.875,1.0
55,2,-10.669669151306152,207.43844604492188,0.5,0.5,0.5
55,3,-5.195484161376953,180.4554901123047,0.0,1.0,1.0
55,4,-13.327224731445312,783.3756713867188,0.5,0.5,0.5
55,5,-0.42208465933799744,1.2349646091461182,1.0,1.0,1.0
55,6,-0.39890849590301514,1.1422151327133179,1.0,1.0,1.0
55,7,-4.734828948974609,10.669770240783691,0.5,0.5,1.0
55,8,-12.593289375305176,12.411928176879883,0.6000000238418579,0.800000011920929,0.800000011920929
55,9,-0.051582369953393936,1.0261266231536865,1.0,1.0,1.0
55,10,-14.381604194641113,120.76760864257812,0.6666666865348816,0.6666666865348816,0.6666666865348816
55,11,-10.260199546813965,30.571449279785156,0.0,0.6666666865348816,1.0
55,12,-0.9893062114715576,1.6399292945861816,1.0,1.0,1.0
55,13,-11.465049743652344,308.7478332519531,0.5,0.5,1.0
55,14,-3.5988383293151855,3.318831443786621,0.3333333432674408,1.0,1.0
55,15,-6.858318328857422,5.55433988571167,0.75,0.75,1.0
55,16,-5.403722286224365,6.057158470153809,0.6666666865348816,0.6666666865348816,1.0
55,17,-4.831454277038574,5.005237102508545,0.6666666865348816,1.0,1.0
55,18,-3.3337624073028564,2.301222801208496,0.5,1.0,1.0
55,19,-8.171135902404785,3.9034311771392822,0.6666666865348816,1.0,1.0
55,20,-3.3686909675598145,2.3214054107666016,0.75,1.0,1.0
55,21,-5.705554962158203,6.698286056518555,0.3333333432674408,0.6666666865348816,1.0
55,22,-6.646876335144043,27.755617141723633,0.5,0.5,1.0
55,23,-12.448992729187012,7.963210582733154,0.5,0.8333333730697632,1.0
55,24,-1.988311529159546,7.303192138671875,0.0,1.0,1.0
55,25,-30.468955993652344,6.714771270751953,0.375,0.875,1.0
55,26,-0.5770894289016724,1.3344839811325073,1.0,1.0,1.0
55,27,-6.021272659301758,4.505587100982666,0.75,1.0,1.0
55,28,-8.444124221801758,16.688302993774414,0.0,0.6666666865348816,1.0
55,29,-1.139739990234375,3.12595534324646,1.0,1.0,1.0
55,30,-10.129231452941895,158.31959533691406,0.5,0.5,0.5
55,31,-0.5302333831787109,1.3035831451416016,1.0,1.0,1.0
55,32,-5.065244674682617,12.586469650268555,0.5,1.0,1.0
55,33,-1.418548583984375,2.032515525817871,1.0,1.0,1.0
55,34,-1.3674958944320679,3.925508499145508,1.0,1.0,1.0
55,35,-4.215769290924072,8.230812072753906,0.5,0.5,1.0
55,36,-5.355458736419678,3.8147101402282715,0.75,0.75,1.0
55,37,-4.51512336730957,4.50433874130249,0.6666666865348816,0.6666666865348816,1.0
55,38,-12.251402854919434,21.388442993164062,0.25,0.5,1.0
55,39,-2.7441022396087646,3.9434309005737305,0.5,1.0,1.0
55,40,-16.329627990722656,231.1829071044922,0.0,0.3333333432674408,0.6666666865348816
55,41,-10.634683609008789,5.885238170623779,0.6666666865348816,0.8333333730697632,1.0
55,42,-7.472680568695068,41.94420623779297,0.5,0.5,1.0
55,43,-4.750730514526367,2.586087465286255,0.800000011920929,1.0,1.0
55,44,-7.934621810913086,52.84223937988281,0.0,0.5,1.0
55,45,-6.345981597900391,23.878793716430664,0.5,0.5,1.0
55,46,-19.277265548706055,11.130156517028809,0.5,0.625,1.0
55,47,-22.66452407836914,43.70317459106445,0.5,0.8333333730697632,0.8333333730697632
55,48,-5.044799327850342,155.21315002441406,0.0,0.0,1.0
55,49,-8.614699363708496,74.24346160888672,0.0,0.5,1.0
55,50,-5.145639896392822,13.10272216796875,0.5,1.0,1.0
55,51,-0.2786499857902527,1.149497628211975,1.0,1.0,1.0
55,52,-3.8896472454071045,3.65665602684021,0.6666666865348816,1.0,1.0
55,53,-23.262737274169922,27.750341415405273,0.2857142984867096,0.7142857313156128,1.0
55,54,-8.725956916809082,18.332077026367188,0.3333333432674408,0.6666666865348816,1.0
55,55,-10.16891098022461,161.4919891357422,0.5,0.5,1.0
55,56,-16.890933990478516,29.31756019592285,0.4000000059604645,0.6000000238418579,0.800000011920929
55,57,-1.810415506362915,6.112987041473389,1.0,1.0,1.0
55,58,-10.933211326599121,4.767811298370361,0.5714285969734192,1.0,1.0
55,59,-5.487091541290283,15.541996002197266,0.0,1.0,1.0
55,60,-1.4219552278518677,1.225239634513855,1.0,1.0,1.0
55,61,-7.468732833862305,41.86149597167969,0.5,0.5,1.0
55,62,-4.376787185668945,79.58193969726562,0.0,1.0,1.0
55,63,-8.734219551086426,8.877809524536133,0.5,0.75,1.0
55,64,-0.6487782597541809,1.913201928138733,1.0,1.0,1.0
55,65,-4.763882637023926,10.825899124145508,0.0,1.0,1.0
55,66,-6.9053192138671875,3.9791321754455566,0.800000011920929,1.0,1.0
55,67,-11.314745903015137,9.611393928527832,0.800000011920929,0.800000011920929,0.800000011920929
55,68,-39.71003341674805,53.037715911865234,0.20000000298023224,0.699999988079071,0.800000011920929
55,69,-20.304508209228516,29.490985870361328,0.3333333432674408,0.6666666865348816,0.8333333730697632
55,70,-12.337509155273438,21.853853225708008,0.5,0.5,1.0
55,71,-7.090719699859619,34.65215301513672,0.5,0.5,1.0
55,72,-4.0586748123168945,2.7584493160247803,0.5,1.0,1.0
55,73,-7.4959025382995605,1800.649169921875,0.0,0.0,1.0
55,74,-15.81943416595459,52.18830871582031,0.5,0.75,0.75
55,75,-2.024043083190918,2.75115704536438,1.0,1.0,1.0
55,76,-1.721890926361084,1.7752896547317505,0.6666666865348816,1.0,1.0
55,77,-2.6992685794830322,1.5681209564208984,1.0,1.0,1.0
55,78,-12.955288887023926,25.503665924072266,0.75,0.75,0.75
55,79,-4.504148483276367,3.0834131240844727,0.75,1.0,1.0
55,80,-6.09672737121582,7.631180763244629,0.6666666865348816,0.6666666865348816,1.0
55,81,-6.479597091674805,2.2477948665618896,0.75,1.0,1.0
55,82,-11.300333023071289,43.240509033203125,0.3333333432674408,0.6666666865348816,0.6666666865348816
55,83,-3.728212833404541,41.60468673706055,0.0,1.0,1.0
55,84,-11.928112983703613,10.865824699401855,0.4000000059604645,0.6000000238418579,1.0
55,85,-2.783018112182617,4.020913600921631,0.0,1.0,1.0
55,86,-26.334131240844727,13.92120361328125,0.6000000238418579,0.699999988079071,0.9000000357627869
55,87,-10.675146102905273,4.595239639282227,0.5714285969734192,0.8571429252624512,1.0
55,88,-3.660539388656616,6.235568523406982,0.5,1.0,1.0
55,89,-39.378597259521484,2632.579833984375,0.20000000298023224,0.20000000298023224,0.6000000238418579
55,90,-10.749610900878906,5.999053955078125,0.5,1.0,1.0
55,91,-0.7944898009300232,1.487720251083374,1.0,1.0,1.0
55,92,-23.403663635253906,49.4326286315918,0.6666666865348816,0.6666666865348816,0.8333333730697632
55,93,-1.8168253898620605,1.832366704940796,0.6666666865348816,1.0,1.0
55,94,-12.458157539367676,22.523054122924805,0.25,0.75,1.0
55,95,-4.569939613342285,9.82538890838623,0.5,1.0,1.0
55,96,-8.923807144165039,9.308721542358398,0.5,0.75,1.0
55,97,-9.624604225158691,11.09118938446045,0.5,0.75,1.0
55,98,-21.28879737854004,8.405445098876953,0.4000000059604645,0.699999988079071,1.0
55,99,-8.141292572021484,15.085955619812012,0.3333333432674408,1.0,1.0
55,100,-6.797517776489258,29.92693328857422,0.0,1.0,1.0
55,101,-6.909384727478027,5.625704288482666,0.25,1.0,1.0
55,102,-1.895309329032898,2.5796525478363037,1.0,1.0,1.0
55,103,-0.34448012709617615,1.1879630088806152,1.0,1.0,1.0
55,104,-4.022072792053223,1.954912543296814,0.8333333730697632,1.0,1.0
55,105,-9.880380630493164,26.935903549194336,0.3333333432674408,0.6666666865348816,1.0
55,106,-4.3977274894714355,9.014764785766602,0.5,0.5,1.0
55,107,-12.094412803649902,422.92987060546875,0.5,0.5,0.5
55,108,-6.772416591644287,29.553680419921875,0.5,0.5,1.0
55,109,-35.02143096923828,48.973052978515625,0.4444444477558136,0.5555555820465088,0.7777777910232544
55,110,-9.742454528808594,130.48095703125,0.5,0.5,0.5
55,111,-14.631370544433594,18.657981872558594,0.4000000059604645,0.800000011920929,1.0
55,112,-2.21638560295105,2.093411922454834,0.6666666865348816,1.0,1.0
55,113,-1.7954869270324707,1.8193798065185547,0.6666666865348816,1.0,1.0
55,114,-3.4042105674743652,30.090534210205078,0.0,1.0,1.0
55,115,-11.928093910217285,389.18194580078125,0.0,0.5,0.5
55,116,-2.618866443634033,3.704073667526245,0.5,1.0,1.0
55,117,-10.450241088867188,2.234158754348755,0.8461538553237915,0.9230769872665405,1.0
55,118,-9.129171371459961,96.0228042602539,0.5,0.5,0.5
55,119,-2.7531638145446777,3.9613380432128906,0.5,1.0,1.0
55,120,-21.308053970336914,14.346510887145996,0.625,0.75,0.875
55,121,-20.118080139160156,28.5887508392334,0.3333333432674408,0.6666666865348816,1.0
55,122,-7.505277633666992,3.4934146404266357,0.6666666865348816,1.0,1.0
55,123,-16.647342681884766,64.18924713134766,0.5,0.75,0.75
55,124,-11.056376457214355,9.127349853515625,0.6000000238418579,0.6000000238418579,1.0
55,125,-9.430582046508789,10.566044807434082,0.5,0.75,1.0
55,126,-16.150053024291992,56.685203552246094,0.5,0.75,0.75
55,127,-2.931180000305176,2.6566343307495117,0.6666666865348816,1.0,1.0
55,128,-12.097496032714844,20.58111572265625,0.5,0.5,1.0
55,129,-2.9420180320739746,18.954057693481445,0.0,1.0,1.0
55,130,-11.951801300048828,53.72796630859375,0.6666666865348816,0.6666666865348816,0.6666666865348816
55,131,-9.377742767333984,6.524397373199463,0.6000000238418579,1.0,1.0
55,132,-2.222501039505005,9.230387687683105,0.0,1.0,1.0
55,133,-3.2602391242980957,5.104485034942627,0.5,1.0,1.0
55,134,-12.567360877990723,535.7568969726562,0.0,0.0,1.0
55,135,-1.5341682434082031,1.6676064729690552,0.6666666865348816,1.0,1.0
55,136,-6.279595851898193,23.099199295043945,0.5,0.5,1.0
55,137,-13.682085990905762,935.46435546875,0.5,0.5,0.5
55,138,-6.006927013397217,7.406137943267822,0.6666666865348816,0.6666666865348816,1.0
55,139,-5.528054237365723,3.021069288253784,0.6000000238418579,1.0,1.0
55,140,-6.595821380615234,9.012453079223633,0.3333333432674408,1.0,1.0
55,141,-10.344841003417969,13.279351234436035,0.25,1.0,1.0
55,142,-15.164451599121094,20.757139205932617,0.20000000298023224,0.800000011920929,0.800000011920929
55,143,-11.901811599731445,384.1011047363281,0.0,0.5,1.0
55,144,-17.4285945892334,78.03431701660156,0.5,0.75,0.75
55,145,-20.87925148010254,8.068158149719238,0.5,0.800000011920929,1.0
55,146,-12.318504333496094,60.71363067626953,0.0,0.6666666865348816,1.0
55,147,-2.373863935470581,3.2770116329193115,0.5,1.0,1.0
55,148,-10.404204368591309,181.65370178222656,0.5,0.5,0.5
56,0,-9.605449676513672,121.84197235107422,0.5,0.5,0.5
56,1,-11.326374053955078,4.119767665863037,0.75,0.875,1.0
56,2,-10.642513275146484,204.64088439941406,0.5,0.5,0.5
56,3,-5.237553119659424,188.2090301513672,0.0,1.0,1.0
56,4,-13.292230606079102,769.7880859375,0.5,0.5,0.5
56,5,-0.4042840003967285,1.2240217924118042,1.0,1.0,1.0
56,6,-0.379747211933136,1.134942889213562,1.0,1.0,1.0
56,7,-4.6340227127075195,10.145308494567871,0.5,0.5,1.0
56,8,-12.706332206726074,12.69573974609375,0.6000000238418579,0.800000011920929,0.800000011920929
56,9,-0.048318035900592804,1.0244531631469727,1.0,1.0,1.0
56,10,-14.34074878692627,119.13408660888672,0.6666666865348816,0.6666666865348816,0.6666666865348816
56,11,-10.269475936889648,30.666126251220703,0.0,0.6666666865348816,1.0
56,12,-0.9695553779602051,1.6238141059875488,1.0,1.0,1.0
56,13,-11.433120727539062,303.8579406738281,0.5,0.5,1.0
56,14,-3.6120591163635254,3.333489418029785,0.3333333432674408,1.0,1.0
56,15,-6.881097793579102,5.586061000823975,0.75,0.75,1.0
56,16,-5.369398593902588,5.98825216293335,0.6666666865348816,0.6666666865348816,1.0
56,17,-4.840656280517578,5.020613193511963,0.6666666865348816,1.0,1.0
56,18,-3.352891206741333,2.312253952026367,0.5,1.0,1.0
56,19,-8.219863891601562,3.9352614879608154,0.6666666865348816,1.0,1.0
56,20,-3.3591246604919434,2.3158602714538574,0.75,1.0,1.0
56,21,-5.703584671020508,6.6938886642456055,0.3333333432674408,0.6666666865348816,1.0
56,22,-6.619969367980957,27.384706497192383,0.5,0.5,1.0
56,23,-12.520915031433105,8.059239387512207,0.5,0.8333333730697632,1.0
56,24,-2.014982223510742,7.500594139099121,0.0,1.0,1.0
56,25,-30.336374282836914,6.659359931945801,0.375,0.875,1.0
56,26,-0.5658122301101685,1.3269805908203125,1.0,1.0,1.0
56,27,-6.06827449798584,4.558841705322266,0.75,1.0,1.0
56,28,-8.505374908447266,17.032529830932617,0.0,0.6666666865348816,1.0
56,29,-1.105522632598877,3.0208027362823486,1.0,1.0,1.0
56,30,-10.194633483886719,163.58238220214844,0.5,0.5,0.5
56,31,-0.5574568510055542,1.3214484453201294,1.0,1.0,1.0
56,32,-5.063769340515137,12.577188491821289,0.5,1.0,1.0
56,33,-1.4606211185455322,2.0757250785827637,1.0,1.0,1.0
56,34,-1.3556489944458008,3.8792777061462402,1.0,1.0,1.0
56,35,-4.197004795074463,8.153949737548828,0.5,0.5,1.0
56,36,-5.284846782684326,3.747959852218628,0.75,0.75,1.0
56,37,-4.48897123336792,4.465243339538574,0.6666666865348816,0.6666666865348816,1.0
56,38,-12.222732543945312,21.235687255859375,0.25,0.5,1.0
56,39,-2.7791457176208496,4.01313591003418,0.5,1.0,1.0
56,40,-16.3536319732666,233.04010009765625,0.0,0.3333333432674408,0.6666666865348816
56,41,-10.57032585144043,5.822449684143066,0.6666666865348816,0.8333333730697632,1.0
56,42,-7.436581611633301,41.19392395019531,0.5,0.5,1.0
56,43,-4.830252170562744,2.6275463104248047,0.800000011920929,1.0,1.0
56,44,-7.959181785583496,53.49514389038086,0.0,0.5,1.0
56,45,-6.3584675788879395,24.028335571289062,0.5,0.5,1.0
56,46,-19.303678512573242,11.166964530944824,0.5,0.625,1.0
56,47,-22.783485412597656,44.57831954956055,0.5,0.8333333730697632,0.8333333730697632
56,48,-4.946077346801758,140.62225341796875,0.0,0.0,1.0
56,49,-8.674954414367676,76.51426696777344,0.0,0.5,1.0
56,50,-5.158298492431641,13.18591594696045,0.5,1.0,1.0
56,51,-0.2604144215583801,1.1390644311904907,1.0,1.0,1.0
56,52,-3.8537139892578125,3.6131186485290527,0.6666666865348816,1.0,1.0
56,53,-23.13279151916504,27.239944458007812,0.2857142984867096,0.7142857313156128,1.0
56,54,-8.770746231079102,18.60782241821289,0.3333333432674408,0.6666666865348816,1.0
56,55,-10.128910064697266,158.2941436767578,0.5,0.5,1.0
56,56,-16.912010192871094,29.441402435302734,0.4000000059604645,0.6000000238418579,0.800000011920929
56,57,-1.7733495235443115,5.8905510902404785,1.0,1.0,1.0
56,58,-10.955146789550781,4.782774925231934,0.5714285969734192,1.0,1.0
56,59,-5.470945358276367,15.41702938079834,0.0,1.0,1.0
56,60,-1.375690221786499,1.2171683311462402,1.0,1.0,1.0
56,61,-7.4706573486328125,41.90179443359375,0.5,0.5,1.0
56,62,-4.336609840393066,76.44792938232422,0.0,1.0,1.0
56,63,-8.64094066619873,8.673176765441895,0.5,0.75,1.0
56,64,-0.6364507675170898,1.8897618055343628,1.0,1.0,1.0
56,65,-4.770078659057617,10.859489440917969,0.0,1.0,1.0
56,66,-6.9318108558654785,4.000271320343018,0.800000011920929,1.0,1.0
56,67,-11.322042465209961,9.6254301071167,0.800000011920929,0.800000011920929,0.800000011920929
56,68,-39.878116607666016,53.93672180175781,0.20000000298023224,0.699999988079071,0.800000011920929
56,69,-20.282848358154297,29.384721755981445,0.3333333432674408,0.6666666865348816,0.8333333730697632
56,70,-12.29714584350586,21.63443946838379,0.5,0.5,1.0
56,71,-7.026867389678955,33.563316345214844,0.5,0.5,1.0
56,72,-3.995091438293457,2.7149481773376465,0.5,1.0,1.0
56,73,-7.469107627868652,1753.04150390625,0.0,0.0,1.0
56,74,-15.898710250854492,53.232948303222656,0.5,0.75,0.75
56,75,-2.0232174396514893,2.750021457672119,1.0,1.0,1.0
56,76,-1.7220354080200195,1.7753751277923584,0.6666666865348816,1.0,1.0
56,77,-2.7187509536743164,1.5732210874557495,1.0,1.0,1.0
56,78,-13.07407283782959,26.272380828857422,0.75,0.75,0.75
56,79,-4.368424892425537,2.9805450439453125,0.75,1.0,1.0
56,80,-6.117059230804443,7.683074951171875,0.6666666865348816,0.6666666865348816,1.0
56,81,-6.376529216766357,2.2190210819244385,0.75,1.0,1.0
56,82,-11.105820655822754,40.52585983276367,0.3333333432674408,0.6666666865348816,0.6666666865348816
56,83,-3.6582231521606445,38.79235076904297,0.0,1.0,1.0
56,84,-12.187562942504883,11.444539070129395,0.4000000059604645,0.6000000238418579,1.0
56,85,-2.8035082817077637,4.062319278717041,0.0,1.0,1.0
56,86,-26.31537437438965,13.895116806030273,0.6000000238418579,0.699999988079071,0.9000000357627869
56,87,-10.66333293914795,4.587491512298584,0.5714285969734192,0.8571429252624512,1.0
56,88,-3.6731083393096924,6.274878978729248,0.5,1.0,1.0
56,89,-39.50794982910156,2701.57421875,0.20000000298023224,0.20000000298023224,0.6000000238418579
56,90,-10.751762390136719,6.0012054443359375,0.5,1.0,1.0
56,91,-0.7795553207397461,1.4766523838043213,1.0,1.0,1.0
56,92,-23.279022216796875,48.416324615478516,0.6666666865348816,0.6666666865348816,0.8333333730697632
56,93,-1.8552089929580688,1.855961799621582,0.6666666865348816,1.0,1.0
56,94,-12.340222358703613,21.868682861328125,0.25,0.75,1.0
56,95,-4.504410743713379,9.508683204650879,0.5,1.0,1.0
56,96,-8.943520545959473,9.354711532592773,0.5,0.75,1.0
56,97,-9.711207389831543,11.333940505981445,0.5,0.75,1.0
56,98,-21.256488800048828,8.37833309173584,0.4000000059604645,0.800000011920929,1.0
56,99,-8.080886840820312,14.785235404968262,0.3333333432674408,1.0,1.0
56,100,-6.843903541564941,30.62913703918457,0.0,1.0,1.0
56,101,-7.003754138946533,5.760006427764893,0.25,1.0,1.0
56,102,-1.890075445175171,2.5729103088378906,1.0,1.0,1.0
56,103,-0.34096670150756836,1.1858779191970825,1.0,1.0,1.0
56,104,-4.02416467666626,1.9555941820144653,0.8333333730697632,1.0,1.0
56,105,-9.75527572631836,25.835735321044922,0.3333333432674408,0.6666666865348816,1.0
56,106,-4.371632099151611,8.897906303405762,0.5,0.5,1.0
56,107,-12.092172622680664,422.4564514160156,0.5,0.5,0.5
56,108,-6.770277976989746,29.5220947265625,0.5,0.5,1.0
56,109,-34.89546585083008,48.29239273071289,0.4444444477558136,0.5555555820465088,0.7777777910232544
56,110,-9.779535293579102,132.9226837158203,0.5,0.5,0.5
56,111,-14.587482452392578,18.49492645263672,0.4000000059604645,0.800000011920929,1.0
56,112,-2.1660540103912354,2.0585832595825195,0.6666666865348816,1.0,1.0
56,113,-1.8567928075790405,1.856941819190979,0.6666666865348816,1.0,1.0
56,114,-3.3963613510131836,29.855270385742188,0.0,1.0,1.0
56,115,-11.731033325195312,352.664306640625,0.0,0.5,0.5
56,116,-2.589682102203369,3.6504156589508057,0.5,1.0,1.0
56,117,-10.525650978088379,2.2471561431884766,0.8461538553237915,0.9230769872665405,1.0
56,118,-9.160713195800781,97.54917907714844,0.5,0.5,0.5
56,119,-2.738011598587036,3.9314401149749756,0.5,1.0,1.0
56,120,-21.269874572753906,14.278206825256348,0.625,0.75,0.875
56,121,-20.211584091186523,29.037765502929688,0.3333333432674408,0.6666666865348816,1.0
56,122,-7.487345218658447,3.4829890727996826,0.6666666865348816,1.0,1.0
56,123,-16.715381622314453,65.2904281616211,0.5,0.75,0.75
56,124,-10.98597526550293,8.999734878540039,0.6000000238418579,0.6000000238418579,1.0
56,125,-9.452839851379395,10.62500286102295,0.5,0.75,1.0
56,126,-16.14101791381836,56.557308197021484,0.5,0.75,0.75
56,127,-2.9492552280426025,2.6726889610290527,0.6666666865348816,1.0,1.0
56,128,-11.977946281433105,19.975099563598633,0.5,0.5,1.0
56,129,-2.9413628578186035,18.94164276123047,0.0,1.0,1.0
56,130,-11.893765449523926,52.69857406616211,0.6666666865348816,0.6666666865348816,0.6666666865348816
56,131,-9.35664176940918,6.496921062469482,0.6000000238418579,1.0,1.0
56,132,-2.2520899772644043,9.507585525512695,0.0,1.0,1.0
56,133,-3.2532505989074707,5.086679458618164,0.5,1.0,1.0
56,134,-12.530370712280273,525.9390869140625,0.0,0.0,1.0
56,135,-1.462789535522461,1.6283977031707764,0.6666666865348816,1.0,1.0
56,136,-6.349302291870117,23.918474197387695,0.5,0.5,1.0
56,137,-13.691673278808594,939.9593505859375,0.5,0.5,0.5
56,138,-6.027956008911133,7.458233833312988,0.6666666865348816,0.6666666865348816,1.0
56,139,-5.520194053649902,3.0163238048553467,0.6000000238418579,1.0,1.0
56,140,-6.575039863586426,8.950236320495605,0.3333333432674408,1.0,1.0
56,141,-10.37430191040039,13.377516746520996,0.25,1.0,1.0
56,142,-15.268000602722168,21.191497802734375,0.20000000298023224,0.800000011920929,0.800000011920929
56,143,-11.983757019042969,400.1656188964844,0.0,0.5,1.0
56,144,-17.466136932373047,78.77015686035156,0.5,0.75,0.75
56,145,-20.86480712890625,8.056511878967285,0.5,0.800000011920929,1.0
56,146,-12.263498306274414,59.61056900024414,0.0,0.6666666865348816,1.0
56,147,-2.374091863632202,3.2773852348327637,0.5,1.0,1.0
56,148,-10.448402404785156,185.7127685546875,0.5,0.5,0.5
57,0,-9.54362964630127,118.13343811035156,0.5,0.5,0.5
57,1,-11.399358749389648,4.157524585723877,0.75,0.875,1.0
57,2,-10.606496810913086,200.9886474609375,0.5,0.5,0.5
57,3,-5.223827838897705,185.64344787597656,0.0,1.0,1.0
57,4,-13.355245590209961,794.4283447265625,0.5,0.5,0.5
57,5,-0.43189480900764465,1.241037130355835,1.0,1.0,1.0
57,6,-0.387896329164505,1.1380301713943481,1.0,1.0,1.0
57,7,-4.730564594268799,10.64704418182373,0.5,0.5,1.0
57,8,-12.700605392456055,12.681206703186035,0.6000000238418579,0.800000011920929,0.800000011920929
57,9,-0.05051708593964577,1.0255802869796753,1.0,1.0,1.0
57,10,-14.402824401855469,121.62487030029297,0.6666666865348816,0.6666666865348816,0.6666666865348816
57,11,-10.234756469726562,30.313268661499023,0.0,0.6666666865348816,1.0
57,12,-0.990606963634491,1.6409962177276611,1.0,1.0,1.0
57,13,-11.497512817382812,313.8002014160156,0.5,0.5,1.0
57,14,-3.540147304534912,3.2545337677001953,0.3333333432674408,1.0,1.0
57,15,-6.755099773406982,5.412845611572266,0.75,0.75,1.0
57,16,-5.377560138702393,6.004565238952637,0.6666666865348816,0.6666666865348816,1.0
57,17,-4.869678497314453,5.069418907165527,0.6666666865348816,1.0,1.0
57,18,-3.3814873695373535,2.328843593597412,0.5,1.0,1.0
57,19,-8.158231735229492,3.895045280456543,0.6666666865348816,0.8333333730697632,1.0
57,20,-3.3406167030334473,2.3051693439483643,0.75,1.0,1.0
57,21,-5.692422389984131,6.669028282165527,0.3333333432674408,0.6666666865348816,1.0
57,22,-6.694673538208008,28.426925659179688,0.5,0.5,1.0
57,23,-12.409785270690918,7.911343574523926,0.5,0.8333333730697632,1.0
57,24,-2.011460065841675,7.474222183227539,0.0,1.0,1.0
57,25,-30.546127319335938,6.747236251831055,0.375,0.875,1.0
57,26,-0.595376193523407,1.3467416763305664,1.0,1.0,1.0
57,27,-5.988687038421631,4.46903133392334,0.75,1.0,1.0
57,28,-8.462516784667969,16.790929794311523,0.0,0.6666666865348816,1.0
57,29,-1.212409496307373,3.361574649810791,1.0,1.0,1.0
57,30,-10.113964080810547,157.11563110351562,0.5,0.5,0.5
57,31,-0.5573463439941406,1.3213754892349243,1.0,1.0,1.0
57,32,-5.072128772735596,12.629866600036621,0.5,1.0,1.0
57,33,-1.3632177114486694,1.9770559072494507,1.0,1.0,1.0
57,34,-1.3531280755996704,3.8695106506347656,1.0,1.0,1.0
57,35,-4.182906627655029,8.096673011779785,0.5,0.5,1.0
57,36,-5.311600208282471,3.7731118202209473,0.75,0.75,1.0
57,37,-4.540120601654053,4.542027473449707,0.6666666865348816,0.6666666865348816,1.0
57,38,-12.225564002990723,21.250722885131836,0.25,0.5,1.0
57,39,-2.7265877723693848,3.909048080444336,0.5,1.0,1.0
57,40,-16.373565673828125,234.59373474121094,0.0,0.3333333432674408,0.6666666865348816
57,41,-10.379368782043457,5.640059947967529,0.6666666865348816,0.8333333730697632,1.0
57,42,-7.426755905151367,40.992042541503906,0.5,0.5,1.0
57,43,-4.848367691040039,2.6370835304260254,0.800000011920929,1.0,1.0
57,44,-7.990313529968262,54.334354400634766,0.0,0.5,1.0
57,45,-6.374870300292969,24.22620964050293,0.5,0.5,1.0
57,46,-19.27149772644043,11.1221342086792,0.5,0.625,1.0
57,47,-22.610889434814453,43.314239501953125,0.5,0.8333333730697632,0.8333333730697632
57,48,-4.978150367736816,145.20555114746094,0.0,0.0,1.0
57,49,-8.712608337402344,77.96844482421875,0.0,0.5,1.0
57,50,-5.1142683029174805,12.898798942565918,0.5,1.0,1.0
57,51,-0.28234222531318665,1.151621699333191,1.0,1.0,1.0
57,52,-3.850788116455078,3.6095967292785645,0.6666666865348816,1.0,1.0
57,53,-23.22197914123535,27.589229583740234,0.1428571492433548,0.7142857313156128,1.0
57,54,-8.703103065490723,18.19295310974121,0.3333333432674408,0.6666666865348816,1.0
57,55,-10.100625991821289,156.07130432128906,0.5,0.5,1.0
57,56,-16.883729934692383,29.275352478027344,0.4000000059604645,0.6000000238418579,0.800000011920929
57,57,-1.7776342630386353,5.915844440460205,1.0,1.0,1.0
57,58,-10.983565330505371,4.802231311798096,0.5714285969734192,1.0,1.0
57,59,-5.566990375518799,16.175458908081055,0.0,1.0,1.0
57,60,-1.39174222946167,1.2199628353118896,1.0,1.0,1.0
57,61,-7.537160873413086,43.31852722167969,0.5,0.5,1.0
57,62,-4.3677077293396,78.8626480102539,0.0,1.0,1.0
57,63,-8.696881294250488,8.79532527923584,0.5,0.75,1.0
57,64,-0.6474002599716187,1.9105674028396606,1.0,1.0,1.0
57,65,-4.715317726135254,10.56618595123291,0.0,1.0,1.0
57,66,-6.848259925842285,3.9339816570281982,0.800000011920929,1.0,1.0
57,67,-11.221901893615723,9.434568405151367,0.800000011920929,0.800000011920929,0.800000011920929
57,68,-39.8370361328125,53.715606689453125,0.20000000298023224,0.699999988079071,0.800000011920929
57,69,-20.11495590209961,28.573867797851562,0.3333333432674408,0.6666666865348816,0.8333333730697632
57,70,-12.394371032714844,22.166736602783203,0.5,0.5,1.0
57,71,-7.04409646987915,33.85369873046875,0.5,0.5,1.0
57,72,-4.058797359466553,2.7585339546203613,0.5,1.0,1.0
57,73,-7.4811787605285645,1774.3310546875,0.0,0.0,1.0
57,74,-15.885576248168945,53.05844497680664,0.5,0.75,0.75
57,75,-2.0330684185028076,2.7636001110076904,1.0,1.0,1.0
57,76,-1.7581920623779297,1.7969019412994385,0.6666666865348816,1.0,1.0
57,77,-2.7929253578186035,1.5927906036376953,1.0,1.0,1.0
57,78,-13.049574851989746,26.11196517944336,0.75,0.75,0.75
57,79,-4.52805757522583,3.101898670196533,0.75,1.0,1.0
57,80,-6.122429847717285,7.696840763092041,0.6666666865348816,0.6666666865348816,1.0
57,81,-6.64432954788208,2.294560194015503,0.75,1.0,1.0
57,82,-11.149139404296875,41.11528396606445,0.3333333432674408,0.6666666865348816,0.6666666865348816
57,83,-3.7202911376953125,41.27641296386719,0.0,1.0,1.0
57,84,-11.935434341430664,10.88174819946289,0.4000000059604645,0.6000000238418579,1.0
57,85,-2.8100059032440186,4.0755391120910645,0.0,1.0,1.0
57,86,-26.31378936767578,13.892913818359375,0.6000000238418579,0.699999988079071,0.9000000357627869
57,87,-10.640897750854492,4.572811603546143,0.5714285969734192,0.8571429252624512,1.0
57,88,-3.650681734085083,6.204909801483154,0.5,1.0,1.0
57,89,-39.4659538269043,2678.978515625,0.20000000298023224,0.20000000298023224,0.6000000238418579
57,90,-10.676828384399414,5.926722526550293,0.5,1.0,1.0
57,91,-0.7490893602371216,1.4543291330337524,1.0,1.0,1.0
57,92,-23.325775146484375,48.79507064819336,0.5,0.6666666865348816,0.8333333730697632
57,93,-1.91359543800354,1.8924363851547241,0.6666666865348816,1.0,1.0
57,94,-12.21053409576416,21.1710262298584,0.25,0.75,1.0
57,95,-4.592759132385254,9.93813705444336,0.5,1.0,1.0
57,96,-9.011643409729004,9.515393257141113,0.5,0.75,1.0
57,97,-9.709820747375488,11.330013275146484,0.5,0.75,1.0
57,98,-21.42006492614746,8.516508102416992,0.4000000059604645,0.699999988079071,1.0
57,99,-8.15689754486084,15.164630889892578,0.3333333432674408,1.0,1.0
57,100,-6.817392349243164,30.22580909729004,0.0,1.0,1.0
57,101,-7.020934104919434,5.784799098968506,0.25,1.0,1.0
57,102,-1.85400390625,2.5269219875335693,1.0,1.0,1.0
57,103,-0.328730046749115,1.1786444187164307,1.0,1.0,1.0
57,104,-4.0405354499816895,1.9609371423721313,0.8333333730697632,1.0,1.0
57,105,-9.86594009399414,26.806562423706055,0.3333333432674408,0.6666666865348816,1.0
57,106,-4.288498401641846,8.535630226135254,0.5,0.5,1.0
57,107,-12.123672485351562,429.16278076171875,0.5,0.5,0.5
57,108,-6.7310686111450195,28.94896125793457,0.5,0.5,1.0
57,109,-34.91705322265625,48.40835952758789,0.4444444477558136,0.5555555820465088,0.7777777910232544
57,110,-9.76153564453125,131.7317657470703,0.5,0.5,0.5
57,111,-14.587729454040527,18.495840072631836,0.4000000059604645,0.800000011920929,1.0
57,112,-2.122591257095337,2.0289742946624756,0.6666666865348816,1.0,1.0
57,113,-1.8301609754562378,1.8405301570892334,0.6666666865348816,1.0,1.0
57,114,-3.4463045597076416,31.384199142456055,0.0,1.0,1.0
57,115,-11.9507417678833,393.61407470703125,0.0,0.5,0.5
57,116,-2.5752408504486084,3.624152421951294,0.5,1.0,1.0
57,117,-10.80212116241455,2.2954580783843994,0.8461538553237915,0.9230769872665405,1.0
57,118,-9.11721420288086,95.45043182373047,0.5,0.5,0.5
57,119,-2.7392497062683105,3.9338746070861816,0.5,1.0,1.0
57,120,-21.170612335205078,14.102139472961426,0.625,0.75,0.875
57,121,-20.283843994140625,29.389596939086914,0.3333333432674408,0.6666666865348816,1.0
57,122,-7.429684638977051,3.4496774673461914,0.6666666865348816,1.0,1.0
57,123,-16.710128784179688,65.20474243164062,0.5,0.75,0.75
57,124,-11.002449989318848,9.029437065124512,0.6000000238418579,0.6000000238418579,1.0
57,125,-9.504823684692383,10.763986587524414,0.5,0.75,1.0
57,126,-16.128713607788086,56.383602142333984,0.5,0.75,0.75
57,127,-2.9302573204040527,2.6558172702789307,0.6666666865348816,1.0,1.0
57,128,-11.999509811401367,20.08307647705078,0.5,0.5,1.0
57,129,-2.9652388095855713,19.399335861206055,0.0,1.0,1.0
57,130,-11.845499992370605,51.857521057128906,0.6666666865348816,0.6666666865348816,0.6666666865348816
57,131,-9.40145206451416,6.555408000946045,0.6000000238418579,1.0,1.0
57,132,-2.2468416690826416,9.457818031311035,0.0,1.0,1.0
57,133,-3.247913360595703,5.073123455047607,0.5,1.0,1.0
57,134,-12.419785499572754,497.6478576660156,0.0,0.0,1.0
57,135,-1.5063345432281494,1.6522061824798584,0.6666666865348816,1.0,1.0
57,136,-6.298710346221924,23.321022033691406,0.5,1.0,1.0
57,137,-13.587099075317383,892.0744018554688,0.5,0.5,0.5
57,138,-5.986863136291504,7.356770992279053,0.6666666865348816,0.6666666865348816,1.0
57,139,-5.5184245109558105,3.015256404876709,0.6000000238418579,1.0,1.0
57,140,-6.584242820739746,8.97773551940918,0.3333333432674408,1.0,1.0
57,141,-10.329154014587402,13.227375030517578,0.25,1.0,1.0
57,142,-15.222246170043945,20.998464584350586,0.20000000298023224,0.800000011920929,0.800000011920929
57,143,-11.985713958740234,400.5573425292969,0.0,0.5,1.0
57,144,-17.41257095336914,77.72233581542969,0.5,0.75,0.75
57,145,-20.768285751342773,7.979123115539551,0.5,0.800000011920929,1.0
57,146,-12.237239837646484,59.091087341308594,0.0,0.6666666865348816,1.0
57,147,-2.382510185241699,3.2912094593048096,0.5,1.0,1.0
57,148,-10.411602020263672,182.3268585205078,0.5,0.5,0.5
58,0,-9.600028991699219,121.5121841430664,0.5,0.5,0.5
58,1,-11.423905372619629,4.1703009605407715,0.75,0.875,1.0
58,2,-10.549535751342773,195.34512329101562,0.5,0.5,0.5
58,3,-5.224442481994629,185.75758361816406,0.0,1.0,1.0
58,4,-13.1718111038208,724.80712890625,0.5,0.5,0.5
58,5,-0.45055490732192993,1.2526702880859375,1.0,1.0,1.0
58,6,-0.3923221528530121,1.1397103071212769,1.0,1.0,1.0
58,7,-4.754080772399902,10.772972106933594,0.5,0.5,1.0
58,8,-12.674111366271973,12.614188194274902,0.6000000238418579,0.800000011920929,0.800000011920929
58,9,-0.053020525723695755,1.026864767074585,1.0,1.0,1.0
58,10,-14.375954627990723,120.54041290283203,0.6666666865348816,0.6666666865348816,0.6666666865348816
58,11,-10.232037544250488,30.285802841186523,0.0,0.6666666865348816,1.0
58,12,-1.0018435716629028,1.650241732597351,1.0,1.0,1.0
58,13,-11.406779289245605,299.8821716308594,0.5,0.5,1.0
58,14,-3.5813121795654297,3.29949951171875,0.3333333432674408,1.0,1.0
58,15,-6.837876319885254,5.526027202606201,0.75,0.75,1.0
58,16,-5.374939918518066,5.999322891235352,0.6666666865348816,0.6666666865348816,1.0
58,17,-4.823244094848633,4.991557598114014,0.6666666865348816,1.0,1.0
58,18,-3.3081488609313965,2.286534070968628,0.5,1.0,1.0
58,19,-8.17984676361084,3.90910267829895,0.6666666865348816,1.0,1.0
58,20,-3.3453049659729004,2.307873010635376,0.75,1.0,1.0
58,21,-5.693812847137451,6.672120094299316,0.3333333432674408,0.6666666865348816,1.0
58,22,-6.715214729309082,28.72039031982422,0.5,0.5,1.0
58,23,-12.51750659942627,8.054661750793457,0.5,0.8333333730697632,1.0
58,24,-1.999804139137268,7.387609004974365,0.0,1.0,1.0
58,25,-30.424686431884766,6.696218013763428,0.375,0.9375,1.0
58,26,-0.5731930732727051,1.3318867683410645,1.0,1.0,1.0
58,27,-6.056353569030762,4.545275688171387,0.75,1.0,1.0
58,28,-8.374862670898438,16.307432174682617,0.0,0.6666666865348816,1.0
58,29,-1.1539695262908936,3.1707544326782227,1.0,1.0,1.0
58,30,-10.192066192626953,163.37252807617188,0.5,0.5,0.5
58,31,-0.512895405292511,1.2923312187194824,1.0,1.0,1.0
58,32,-5.04536771774292,12.461997985839844,0.5,1.0,1.0
58,33,-1.3811423778533936,1.9948545694351196,1.0,1.0,1.0
58,34,-1.3310991525650024,3.7852015495300293,1.0,1.0,1.0
58,35,-4.2468719482421875,8.35981273651123,0.5,0.5,1.0
58,36,-5.273164749145508,3.737029790878296,0.75,1.0,1.0
58,37,-4.48049783706665,4.452649116516113,0.6666666865348816,0.6666666865348816,1.0
58,38,-12.218399047851562,21.21269416809082,0.25,0.5,1.0
58,39,-2.733513355255127,3.922607898712158,0.5,1.0,1.0
58,40,-16.43203353881836,239.2106475830078,0.0,0.3333333432674408,0.6666666865348816
58,41,-10.436981201171875,5.694477558135986,0.6666666865348816,0.8333333730697632,1.0
58,42,-7.41264009475708,40.70374298095703,0.5,0.5,1.0
58,43,-4.851433277130127,2.6387007236480713,0.800000011920929,1.0,1.0
58,44,-7.970144271850586,53.78916931152344,0.0,0.5,1.0
58,45,-6.368582248687744,24.150163650512695,0.5,0.5,1.0
58,46,-19.236087799072266,11.073014259338379,0.5,0.625,1.0
58,47,-22.745262145996094,44.29523468017578,0.5,0.8333333730697632,0.8333333730697632
58,48,-5.015028476715088,150.66043090820312,0.0,0.0,1.0
58,49,-8.67032241821289,76.33726501464844,0.0,0.5,1.0
58,50,-5.12294340133667,12.954869270324707,0.5,1.0,1.0
58,51,-0.2757446765899658,1.1478290557861328,1.0,1.0,1.0
58,52,-3.802544593811035,3.552014112472534,0.6666666865348816,1.0,1.0
58,53,-23.270645141601562,27.781707763671875,0.2857142984867096,0.7142857313156128,1.0
58,54,-8.795456886291504,18.76172637939453,0.3333333432674408,0.6666666865348816,1.0
58,55,-10.14894962310791,159.88819885253906,0.5,0.5,0.5
58,56,-16.924165725708008,29.5130672454834,0.4000000059604645,0.6000000238418579,0.800000011920929
58,57,-1.7746729850769043,5.898352146148682,1.0,1.0,1.0
58,58,-10.963363647460938,4.788392543792725,0.5714285969734192,1.0,1.0
58,59,-5.482788562774658,15.50859260559082,0.0,1.0,1.0
58,60,-1.4113906621932983,1.2233918905258179,1.0,1.0,1.0
58,61,-7.580162525177002,44.2599983215332,0.5,0.5,1.0
58,62,-4.397130012512207,81.21743774414062,0.0,1.0,1.0
58,63,-8.722091674804688,8.850933074951172,0.5,0.75,1.0
58,64,-0.6322726607322693,1.881882667541504,1.0,1.0,1.0
58,65,-4.741001605987549,10.702751159667969,0.0,1.0,1.0
58,66,-6.851672172546387,3.936666965484619,0.800000011920929,1.0,1.0
58,67,-11.333918571472168,9.648319244384766,0.800000011920929,0.800000011920929,0.800000011920929
58,68,-39.81680679321289,53.6070556640625,0.20000000298023224,0.699999988079071,0.800000011920929
58,69,-20.226184844970703,29.108516693115234,0.3333333432674408,0.6666666865348816,0.8333333730697632
58,70,-12.360550880432129,21.980104446411133,0.5,0.5,1.0
58,71,-6.954940319061279,32.377708435058594,0.5,0.5,1.0
58,72,-4.0711870193481445,2.7670915126800537,0.5,1.0,1.0
58,73,-7.413515567779541,1658.2457275390625,0.0,0.0,1.0
58,74,-15.768692970275879,51.53046798706055,0.5,0.75,0.75
58,75,-2.075923442840576,2.823456048965454,1.0,1.0,1.0
58,76,-1.7350878715515137,1.7831164598464966,0.6666666865348816,1.0,1.0
58,77,-2.7356650829315186,1.5776623487472534,1.0,1.0,1.0
58,78,-13.041796684265137,26.061241149902344,0.75,0.75,0.75
58,79,-4.5409440994262695,3.111908197402954,0.75,1.0,1.0
58,80,-6.078855514526367,7.5858540534973145,0.6666666865348816,0.6666666865348816,1.0
58,81,-6.546873092651367,2.266777276992798,0.75,1.0,1.0
58,82,-11.154457092285156,41.1882209777832,0.3333333432674408,0.6666666865348816,0.6666666865348816
58,83,-3.6879334449768066,39.96217727661133,0.0,1.0,1.0
58,84,-11.958998680114746,10.933152198791504,0.4000000059604645,0.6000000238418579,1.0
58,85,-2.823338031768799,4.102797508239746,0.0,1.0,1.0
58,86,-26.300708770751953,13.874753952026367,0.6000000238418579,0.699999988079071,0.9000000357627869
58,87,-10.68649673461914,4.602697372436523,0.5714285969734192,0.8571429252624512,1.0
58,88,-3.6632394790649414,6.243991851806641,0.5,1.0,1.0
58,89,-39.60658645629883,2755.397705078125,0.20000000298023224,0.20000000298023224,0.6000000238418579
58,90,-10.815644264221191,6.065442085266113,0.5,1.0,1.0
58,91,-0.7596463561058044,1.4620260000228882,1.0,1.0,1.0
58,92,-23.597000122070312,51.05142593383789,0.5,0.6666666865348816,0.8333333730697632
58,93,-1.8550862073898315,1.8558857440948486,0.6666666865348816,1.0,1.0
58,94,-12.281241416931152,21.5485897064209,0.25,0.75,1.0
58,95,-4.531080722808838,9.636329650878906,0.5,1.0,1.0
58,96,-9.026124954223633,9.549904823303223,0.5,0.75,1.0
58,97,-9.769243240356445,11.49958324432373,0.5,0.75,1.0
58,98,-21.45336151123047,8.544913291931152,0.4000000059604645,0.699999988079071,1.0
58,99,-8.090790748596191,14.834124565124512,0.3333333432674408,1.0,1.0
58,100,-6.794947624206543,29.888500213623047,0.0,1.0,1.0
58,101,-7.019609451293945,5.782883167266846,0.25,1.0,1.0
58,102,-1.8636096715927124,2.5390875339508057,1.0,1.0,1.0
58,103,-0.3574952781200409,1.1957190036773682,1.0,1.0,1.0
58,104,-3.986726999282837,1.9434300661087036,0.8333333730697632,1.0,1.0
58,105,-9.82244873046875,26.42074966430664,0.3333333432674408,0.6666666865348816,1.0
58,106,-4.404376029968262,9.044781684875488,0.5,0.5,1.0
58,107,-12.126194953918457,429.7043762207031,0.5,0.5,0.5
58,108,-6.776703834533691,29.61709976196289,0.5,0.5,1.0
58,109,-34.751556396484375,47.526336669921875,0.4444444477558136,0.5555555820465088,0.7777777910232544
58,110,-9.710323333740234,128.4014434814453,0.5,0.5,0.5
58,111,-14.574414253234863,18.446653366088867,0.4000000059604645,0.800000011920929,1.0
58,112,-2.214951276779175,2.0924112796783447,0.6666666865348816,1.0,1.0
58,113,-1.8180317878723145,1.8331037759780884,0.6666666865348816,1.0,1.0
58,114,-3.450401782989502,31.513050079345703,0.0,1.0,1.0
58,115,-11.772968292236328,360.1368713378906,0.0,0.5,0.5
58,116,-2.5439300537109375,3.567856788635254,0.5,1.0,1.0
58,117,-10.603726387023926,2.260692596435547,0.8461538553237915,0.9230769872665405,1.0
58,118,-9.145086288452148,96.78994750976562,0.5,0.5,0.5
58,119,-2.722557306289673,3.9011781215667725,0.5,1.0,1.0
58,120,-21.162012100219727,14.086987495422363,0.625,0.75,0.875
58,121,-20.163372039794922,28.805377960205078,0.3333333432674408,0.6666666865348816,1.0
58,122,-7.528886318206787,3.5071873664855957,0.6666666865348816,1.0,1.0
58,123,-16.662395477294922,64.43125915527344,0.5,0.75,0.75
58,124,-11.063272476196289,9.139946937561035,0.6000000238418579,0.6000000238418579,1.0
58,125,-9.41159439086914,10.516007423400879,0.5,0.75,1.0
58,126,-16.06757164001465,55.5283088684082,0.5,0.75,0.75
58,127,-2.9358010292053223,2.6607296466827393,0.6666666865348816,1.0,1.0
58,128,-11.94583511352539,19.815387725830078,0.5,0.5,1.0
58,129,-2.961456298828125,19.326095581054688,0.0,1.0,1.0
58,130,-11.944375038146973,53.59513854980469,0.6666666865348816,0.6666666865348816,0.6666666865348816
58,131,-9.442214965820312,6.609070777893066,0.6000000238418579,1.0,1.0
58,132,-2.228200912475586,9.283149719238281,0.0,1.0,1.0
58,133,-3.244053840637207,5.063343048095703,0.5,1.0,1.0
58,134,-12.499734878540039,517.9441528320312,0.0,0.0,1.0
58,135,-1.499623417854309,1.6485142707824707,0.6666666865348816,1.0,1.0
58,136,-6.245802879333496,22.712181091308594,0.5,1.0,1.0
58,137,-13.602264404296875,898.8643798828125,0.5,0.5,0.5
58,138,-5.99767541885376,7.383333206176758,0.6666666865348816,0.6666666865348816,1.0
58,139,-5.479284286499023,2.9917449951171875,0.6000000238418579,1.0,1.0
58,140,-6.566566467285156,8.924991607666016,0.3333333432674408,1.0,1.0
58,141,-10.293627738952637,13.110414505004883,0.25,1.0,1.0
58,142,-15.249667167663574,21.11393928527832,0.20000000298023224,0.800000011920929,0.800000011920929
58,143,-11.928873062133789,389.3335876464844,0.0,0.5,1.0
58,144,-17.41012954711914,77.67491912841797,0.5,0.75,0.75
58,145,-20.873809814453125,8.063767433166504,0.5,0.800000011920929,1.0
58,146,-12.23898696899414,59.1254997253418,0.0,0.6666666865348816,1.0
58,147,-2.3534798622131348,3.2437820434570312,0.5,1.0,1.0
58,148,-10.428973197937012,183.91738891601562,0.5,0.5,0.5
59,0,-9.628138542175293,123.23206329345703,0.5,0.5,0.5
59,1,-11.462310791015625,4.190369129180908,0.75,0.875,1.0
59,2,-10.594589233398438,199.79556274414062,0.5,0.5,0.5
59,3,-5.19185733795166,179.8022003173828,0.0,1.0,1.0
59,4,-13.344657897949219,790.23388671875,0.5,0.5,0.5
59,5,-0.4686009883880615,1.264024257659912,1.0,1.0,1.0
59,6,-0.4000089466571808,1.1426342725753784,1.0,1.0,1.0
59,7,-4.778139591217041,10.90334701538086,0.5,0.5,1.0
59,8,-12.665193557739258,12.591710090637207,0.6000000238418579,0.800000011920929,0.800000011920929
59,9,-0.05069570988416672,1.0256718397140503,1.0,1.0,1.0
59,10,-14.344669342041016,119.28988647460938,0.6666666865348816,0.6666666865348816,0.6666666865348816
59,11,-10.250631332397461,30.474096298217773,0.0,0.6666666865348816,1.0
59,12,-0.9890990257263184,1.6397593021392822,1.0,1.0,1.0
59,13,-11.496389389038086,313.62396240234375,0.5,0.5,1.0
59,14,-3.5733046531677246,3.2907042503356934,0.3333333432674408,1.0,1.0
59,15,-6.815494537353516,5.495192527770996,0.75,0.75,1.0
59,16,-5.377613067626953,6.004671096801758,0.6666666865348816,0.6666666865348816,1.0
59,17,-4.771852016448975,4.9067769050598145,0.6666666865348816,1.0,1.0
59,18,-3.3341641426086426,2.3014540672302246,0.5,1.0,1.0
59,19,-8.180145263671875,3.909296989440918,0.6666666865348816,0.8333333730697632,1.0
59,20,-3.3551173210144043,2.3135411739349365,0.75,1.0,1.0
59,21,-5.721278667449951,6.733485698699951,0.3333333432674408,0.6666666865348816,1.0
59,22,-6.675718307495117,28.158777236938477,0.5,0.5,1.0
59,23,-12.476296424865723,7.999528884887695,0.5,0.8333333730697632,1.0
59,24,-2.0137522220611572,7.491373538970947,0.0,1.0,1.0
59,25,-30.498245239257812,6.727074146270752,0.375,0.875,1.0
59,26,-0.5875658392906189,1.3414926528930664,1.0,1.0,1.0
59,27,-6.03380012512207,4.51971960067749,0.75,1.0,1.0
59,28,-8.485079765319824,16.91769027709961,0.0,0.6666666865348816,1.0
59,29,-1.1472021341323853,3.14936900138855,1.0,1.0,1.0
59,30,-10.157479286193848,160.57156372070312,0.5,0.5,0.5
59,31,-0.5417292714118958,1.311097502708435,1.0,1.0,1.0
59,32,-5.070870876312256,12.621926307678223,0.5,1.0,1.0
59,33,-1.385483980178833,1.999189853668213,1.0,1.0,1.0
59,34,-1.34453284740448,3.8363938331604004,1.0,1.0,1.0
59,35,-4.172238826751709,8.053601264953613,0.5,0.5,1.0
59,36,-5.345324516296387,3.8050572872161865,0.75,0.75,1.0
59,37,-4.430277347564697,4.3787312507629395,0.6666666865348816,0.6666666865348816,1.0
59,38,-12.1962308883667,21.095458984375,0.25,0.5,1.0
59,39,-2.755427837371826,3.965824842453003,0.5,1.0,1.0
59,40,-16.36017608642578,233.5490264892578,0.0,0.3333333432674408,0.6666666865348816
59,41,-10.961094856262207,6.214275360107422,0.6666666865348816,0.8333333730697632,1.0
59,42,-7.362452030181885,39.69503402709961,0.5,0.5,1.0
59,43,-4.725639343261719,2.5731422901153564,0.800000011920929,1.0,1.0
59,44,-7.968061447143555,53.73318099975586,0.0,0.5,1.0
59,45,-6.340282440185547,23.81084632873535,0.5,0.5,1.0
59,46,-19.22024917602539,11.05111312866211,0.5,0.625,1.0
59,47,-22.76384735107422,44.43265151977539,0.5,0.8333333730697632,0.8333333730697632
59,48,-4.995943069458008,147.81228637695312,0.0,0.0,1.0
59,49,-8.654769897460938,75.7459487915039,0.0,0.5,1.0
59,50,-5.1121625900268555,12.885225296020508,0.5,1.0,1.0
59,51,-0.2713106572628021,1.1452871561050415,1.0,1.0,1.0
59,52,-3.850421905517578,3.6091558933258057,0.6666666865348816,1.0,1.0
59,53,-23.253084182739258,27.712100982666016,0.1428571492433548,0.7142857313156128,1.0
59,54,-8.766630172729492,18.582307815551758,0.3333333432674408,0.6666666865348816,1.0
59,55,-10.161269187927246,160.87611389160156,0.5,0.5,1.0
59,56,-16.951915740966797,29.677324295043945,0.4000000059604645,0.6000000238418579,0.800000011920929
59,57,-1.7670392990112305,5.853497505187988,1.0,1.0,1.0
59,58,-10.939850807189941,4.772335529327393,0.5714285969734192,1.0,1.0
59,59,-5.412668228149414,14.97428035736084,0.0,1.0,1.0
59,60,-1.451104760169983,1.230352520942688,1.0,1.0,1.0
59,61,-7.532002925872803,43.20695495605469,0.5,0.5,1.0
59,62,-4.365406036376953,78.68133544921875,0.0,1.0,1.0
59,63,-8.675474166870117,8.748379707336426,0.5,0.75,1.0
59,64,-0.6140100955963135,1.847826600074768,1.0,1.0,1.0
59,65,-4.733681678771973,10.663650512695312,0.0,1.0,1.0
59,66,-6.985239028930664,4.043245792388916,0.800000011920929,1.0,1.0
59,67,-11.363224983215332,9.705037117004395,0.800000011920929,0.800000011920929,0.800000011920929
59,68,-39.60123062133789,52.46377944946289,0.20000000298023224,0.699999988079071,0.800000011920929
59,69,-20.09274673461914,28.468297958374023,0.3333333432674408,0.6666666865348816,0.8333333730697632
59,70,-12.357377052307129,21.962671279907227,0.5,0.5,1.0
59,71,-6.989976406097412,32.94990158081055,0.5,0.5,1.0
59,72,-3.9043805599212646,2.6540720462799072,0.5,1.0,1.0
59,73,-7.441233158111572,1704.8511962890625,0.0,0.0,1.0
59,74,-15.847494125366211,52.55569839477539,0.5,0.75,0.75
59,75,-2.01800537109375,2.7428641319274902,1.0,1.0,1.0
59,76,-1.7528998851776123,1.7937349081039429,0.6666666865348816,1.0,1.0
59,77,-2.683563709259033,1.5640218257904053,1.0,1.0,1.0
59,78,-12.943171501159668,25.426523208618164,0.75,0.75,0.75
59,79,-4.467630863189697,3.055391550064087,0.75,1.0,1.0
59,80,-6.16956090927124,7.818714618682861,0.6666666865348816,0.6666666865348816,1.0
59,81,-6.524873733520508,2.260552406311035,0.75,1.0,1.0
59,82,-11.150460243225098,41.13338088989258,0.3333333432674408,0.6666666865348816,0.6666666865348816
59,83,-3.7087745666503906,40.803775787353516,0.0,1.0,1.0
59,84,-12.096855163574219,11.238789558410645,0.4000000059604645,0.6000000238418579,1.0
59,85,-2.7966275215148926,4.048367500305176,0.0,1.0,1.0
59,86,-26.403396606445312,14.017963409423828,0.6000000238418579,0.699999988079071,0.9000000357627869
59,87,-10.669601440429688,4.591601371765137,0.5714285969734192,0.8571429252624512,1.0
59,88,-3.638043165206909,6.165822982788086,0.5,1.0,1.0
59,89,-39.4122314453125,2650.34814453125,0.20000000298023224,0.20000000298023224,0.6000000238418579
59,90,-10.87139892578125,6.122066974639893,0.5,1.0,1.0
59,91,-0.77451092004776,1.4729328155517578,1.0,1.0,1.0
59,92,-23.399011611938477,49.39431381225586,0.6666666865348816,0.6666666865348816,0.8333333730697632
59,93,-1.7564723491668701,1.7958720922470093,0.6666666865348816,1.0,1.0
59,94,-12.168036460876465,20.94728660583496,0.25,0.75,1.0
59,95,-4.559067726135254,9.772124290466309,0.5,1.0,1.0
59,96,-9.007234573364258,9.504911422729492,0.5,0.75,1.0
59,97,-9.619359970092773,11.076658248901367,0.5,0.75,1.0
59,98,-21.448238372802734,8.540535926818848,0.4000000059604645,0.699999988079071,1.0
59,99,-8.121532440185547,14.986913681030273,0.3333333432674408,1.0,1.0
59,100,-6.86876106262207,31.012195587158203,0.0,1.0,1.0
59,101,-7.009080410003662,5.76768159866333,0.25,1.0,1.0
59,102,-1.904625654220581,2.5916969776153564,1.0,1.0,1.0
59,103,-0.3399662375450134,1.1852848529815674,1.0,1.0,1.0
59,104,-4.008096694946289,1.9503642320632935,0.8333333730697632,1.0,1.0
59,105,-9.844911575317383,26.61931800842285,0.3333333432674408,0.6666666865348816,1.0
59,106,-4.3573808670043945,8.834729194641113,0.5,0.5,1.0
59,107,-12.093131065368652,422.6589050292969,0.5,0.5,0.5
59,108,-6.753863334655762,29.280790328979492,0.5,0.5,1.0
59,109,-34.84575271606445,48.02637481689453,0.4444444477558136,0.5555555820465088,0.7777777910232544
59,110,-9.817123413085938,135.44447326660156,0.5,0.5,0.5
59,111,-14.464818954467773,18.04671859741211,0.4000000059604645,0.800000011920929,1.0
59,112,-2.1994950771331787,2.0816588401794434,0.6666666865348816,1.0,1.0
59,113,-1.8772066831588745,1.869620680809021,0.6666666865348816,1.0,1.0
59,114,-3.3409321308135986,28.245441436767578,0.0,1.0,1.0
59,115,-11.767541885375977,359.16107177734375,0.0,0.5,0.5
59,116,-2.5829951763153076,3.638231039047241,0.5,1.0,1.0
59,117,-10.709748268127441,2.279205322265625,0.8461538553237915,0.9230769872665405,1.0
59,118,-9.08777141571045,94.05555725097656,0.5,0.5,0.5
59,119,-2.7146904468536377,3.8858633041381836,0.5,1.0,1.0
59,120,-21.267578125,14.27410888671875,0.625,0.75,0.875
59,121,-20.164989471435547,28.813138961791992,0.3333333432674408,0.6666666865348816,1.0
59,122,-7.459648609161377,3.4669485092163086,0.6666666865348816,1.0,1.0
59,123,-16.706785202026367,65.15026092529297,0.5,0.75,0.75
59,124,-11.169546127319336,9.336291313171387,0.6000000238418579,0.6000000238418579,1.0
59,125,-9.478509902954102,10.693408012390137,0.5,0.75,1.0
59,126,-16.222055435180664,57.71480941772461,0.5,0.75,0.75
59,127,-2.923290729522705,2.6496572494506836,0.6666666865348816,1.0,1.0
59,128,-12.003850936889648,20.104883193969727,0.5,0.5,1.0
59,129,-2.9643795490264893,19.382673263549805,0.0,1.0,1.0
59,130,-11.93416690826416,53.413082122802734,0.6666666865348816,0.6666666865348816,0.6666666865348816
59,131,-9.450984954833984,6.620673656463623,0.6000000238418579,0.800000011920929,1.0
59,132,-2.251194715499878,9.499077796936035,0.0,1.0,1.0
59,133,-3.2171826362609863,4.995769023895264,0.5,1.0,1.0
59,134,-12.515985488891602,522.1697387695312,0.0,0.0,1.0
59,135,-1.4965572357177734,1.6468303203582764,0.6666666865348816,1.0,1.0
59,136,-6.305322170257568,23.39824676513672,0.5,1.0,1.0
59,137,-13.638514518737793,915.304931640625,0.5,0.5,0.5
59,138,-6.05571985244751,7.527577877044678,0.6666666865348816,0.6666666865348816,1.0
59,139,-5.541764736175537,3.029364585876465,0.6000000238418579,1.0,1.0
59,140,-6.601733207702637,9.030228614807129,0.3333333432674408,1.0,1.0
59,141,-10.410102844238281,13.497786521911621,0.25,1.0,1.0
59,142,-15.126861572265625,20.601673126220703,0.20000000298023224,0.800000011920929,0.800000011920929
59,143,-11.957843780517578,395.0142517089844,0.0,0.5,1.0
59,144,-17.431062698364258,78.08247375488281,0.5,0.75,0.75
59,145,-20.989351272583008,8.157478332519531,0.5,0.800000011920929,1.0
59,146,-12.205487251281738,58.46894454956055,0.0,0.6666666865348816,1.0
59,147,-2.2848548889160156,3.1343677043914795,0.5,1.0,1.0
59,148,-10.385702133178711,179.98095703125,0.5,0.5,0.5
60,0,-9.560070037841797,119.1085205078125,0.5,0.5,0.5
60,1,-11.365058898925781,4.139737129211426,0.75,0.875,1.0
60,2,-10.56696605682373,197.05503845214844,0.5,0.5,0.5
60,3,-5.25012731552124,190.5905303955078,0.0,1.0,1.0
60,4,-13.376673698425293,802.9856567382812,0.5,0.5,0.5
60,5,-0.46139052510261536,1.2594754695892334,1.0,1.0,1.0
60,6,-0.3718881607055664,1.1319736242294312,1.0,1.0,1.0
60,7,-4.672007083892822,10.339831352233887,0.5,0.5,1.0
60,8,-12.614646911621094,12.465059280395508,0.6000000238418579,0.800000011920929,0.800000011920929
60,9,-0.050998538732528687,1.025827169418335,1.0,1.0,1.0
60,10,-14.36327075958252,120.03182983398438,0.6666666865348816,0.6666666865348816,0.6666666865348816
60,11,-10.220279693603516,30.167343139648438,0.0,0.6666666865348816,1.0
60,12,-1.0115941762924194,1.6583068370819092,1.0,1.0,1.0
60,13,-11.4948091506958,313.37628173828125,0.5,0.5,1.0
60,14,-3.5670371055603027,3.2838363647460938,0.3333333432674408,1.0,1.0
60,15,-6.777210712432861,5.442849159240723,0.75,0.75,1.0
60,16,-5.393320083618164,6.036191940307617,0.6666666865348816,0.6666666865348816,1.0
60,17,-4.814094543457031,4.976357460021973,0.6666666865348816,1.0,1.0
60,18,-3.3238039016723633,2.2955007553100586,0.5,1.0,1.0
60,19,-8.214437484741211,3.931703805923462,0.6666666865348816,1.0,1.0
60,20,-3.3861942291259766,2.331585645675659,0.75,1.0,1.0
60,21,-5.6649699211120605,6.608279228210449,0.3333333432674408,0.6666666865348816,1.0
60,22,-6.722598552703857,28.82662010192871,0.5,0.5,1.0
60,23,-12.438758850097656,7.949639320373535,0.5,0.8333333730697632,1.0
60,24,-2.0058541297912598,7.43243932723999,0.0,1.0,1.0
60,25,-30.580974578857422,6.7619476318359375,0.375,0.875,1.0
60,26,-0.5783345103263855,1.3353149890899658,1.0,1.0,1.0
60,27,-6.003876686096191,4.486034393310547,0.75,1.0,1.0
60,28,-8.521500587463379,17.124326705932617,0.0,0.6666666865348816,1.0
60,29,-1.1716768741607666,3.227400064468384,1.0,1.0,1.0
60,30,-10.296708106994629,172.1479034423828,0.5,0.5,0.5
60,31,-0.535162091255188,1.3067995309829712,1.0,1.0,1.0
60,32,-5.079894065856934,12.678999900817871,0.5,1.0,1.0
60,33,-1.396653652191162,2.0103862285614014,1.0,1.0,1.0
60,34,-1.345369815826416,3.8396060466766357,1.0,1.0,1.0
60,35,-4.239994525909424,8.331114768981934,0.5,0.5,1.0
60,36,-5.316409587860107,3.777651071548462,0.75,1.0,1.0
60,37,-4.451408386230469,4.409682750701904,0.6666666865348816,0.6666666865348816,1.0
60,38,-12.231078147888184,21.280040740966797,0.25,0.5,1.0
60,39,-2.730675458908081,3.9170455932617188,0.5,1.0,1.0
60,40,-16.392215728759766,236.05662536621094,0.0,0.3333333432674408,0.6666666865348816
60,41,-10.5026216506958,5.757117748260498,0.6666666865348816,0.8333333730697632,1.0
60,42,-7.499067306518555,42.501258850097656,0.5,0.5,1.0
60,43,-4.821474552154541,2.6229376792907715,0.800000011920929,1.0,1.0
60,44,-7.92329740524292,52.54388427734375,0.0,0.5,1.0
60,45,-6.333371162414551,23.72870635986328,0.5,0.5,1.0
60,46,-19.270530700683594,11.120789527893066,0.5,0.625,1.0
60,47,-22.706035614013672,44.0065803527832,0.5,0.8333333730697632,0.8333333730697632
60,48,-4.9228105545043945,137.38821411132812,0.0,0.0,1.0
60,49,-8.69228744506836,77.18025970458984,0.0,0.5,1.0
60,50,-5.139758110046387,13.064244270324707,0.5,1.0,1.0
60,51,-0.2858060598373413,1.1536179780960083,1.0,1.0,1.0
60,52,-3.806832790374756,3.5570952892303467,0.6666666865348816,1.0,1.0
60,53,-23.285266876220703,27.839805603027344,0.2857142984867096,0.7142857313156128,1.0
60,54,-8.763484954833984,18.562837600708008,0.3333333432674408,0.6666666865348816,1.0
60,55,-10.185105323791504,162.80491638183594,0.5,0.5,0.5
60,56,-16.851089477539062,29.08485984802246,0.4000000059604645,0.6000000238418579,0.800000011920929
60,57,-1.8051567077636719,6.0809245109558105,1.0,1.0,1.0
60,58,-10.98093032836914,4.800424575805664,0.5714285969734192,1.0,1.0
60,59,-5.459779739379883,15.331199645996094,0.0,1.0,1.0
60,60,-1.396639108657837,1.2208164930343628,1.0,1.0,1.0
60,61,-7.508533954620361,42.702903747558594,0.5,0.5,1.0
60,62,-4.387330055236816,80.42539978027344,0.0,1.0,1.0
60,63,-8.64903736114502,8.690751075744629,0.5,0.75,1.0
60,64,-0.6109868288040161,1.8422484397888184,1.0,1.0,1.0
60,65,-4.744477272033691,10.721366882324219,0.0,1.0,1.0
60,66,-6.994533538818359,4.050768852233887,0.800000011920929,1.0,1.0
60,67,-11.260645866394043,9.507957458496094,0.800000011920929,0.800000011920929,0.800000011920929
60,68,-39.76600646972656,53.33542251586914,0.20000000298023224,0.699999988079071,0.800000011920929
60,69,-20.216297149658203,29.060588836669922,0.3333333432674408,0.6666666865348816,0.8333333730697632
60,70,-12.312827110290527,21.719417572021484,0.5,0.5,1.0
60,71,-6.9930291175842285,33.0002326965332,0.5,0.5,1.0
60,72,-4.041538715362549,2.746657371520996,0.5,1.0,1.0
60,73,-7.455080509185791,1728.623046875,0.0,0.0,1.0
60,74,-15.839851379394531,52.45537567138672,0.5,0.75,0.75
60,75,-2.047079563140869,2.7830286026000977,1.0,1.0,1.0
60,76,-1.706721305847168,1.7663354873657227,0.6666666865348816,1.0,1.0
60,77,-2.7512028217315674,1.581753134727478,1.0,1.0,1.0
60,78,-12.914480209350586,25.24479866027832,0.75,0.75,0.75
60,79,-4.519528865814209,3.09529185295105,0.75,1.0,1.0
60,80,-6.104820251464844,7.651793003082275,0.6666666865348816,0.6666666865348816,1.0
60,81,-6.510359287261963,2.2564547061920166,0.75,1.0,1.0
60,82,-11.148672103881836,41.10887145996094,0.3333333432674408,0.6666666865348816,0.6666666865348816
60,83,-3.719021797180176,41.22404861450195,0.0,1.0,1.0
60,84,-12.139121055603027,11.334195137023926,0.4000000059604645,0.6000000238418579,1.0
60,85,-2.7915079593658447,4.038018226623535,0.0,1.0,1.0
60,86,-26.39229393005371,14.002408027648926,0.6000000238418579,0.699999988079071,0.9000000357627869
60,87,-10.67276668548584,4.593677997589111,0.5714285969734192,0.8571429252624512,1.0
60,88,-3.6397154331207275,6.170980453491211,0.5,1.0,1.0
60,89,-39.533164978027344,2715.232421875,0.20000000298023224,0.20000000298023224,0.6000000238418579
60,90,-10.845462799072266,6.095661163330078,0.5,1.0,1.0
60,91,-0.7465470433235168,1.4524816274642944,1.0,1.0,1.0
60,92,-23.500471115112305,50.23666763305664,0.5,0.6666666865348816,0.8333333730697632
60,93,-1.9571006298065186,1.9200800657272339,0.6666666865348816,1.0,1.0
60,94,-12.274337768554688,21.511430740356445,0.25,0.75,1.0
60,95,-4.516666412353516,9.567129135131836,0.5,1.0,1.0
60,96,-9.010316848754883,9.512238502502441,0.5,0.75,1.0
60,97,-9.664741516113281,11.203042030334473,0.5,0.75,1.0
60,98,-21.342849731445312,8.45100212097168,0.4000000059604645,0.800000011920929,1.0
60,99,-8.021535873413086,14.49560260772705,0.3333333432674408,1.0,1.0
60,100,-6.819978713989258,30.264923095703125,0.0,1.0,1.0
60,101,-7.119529724121094,5.929159641265869,0.25,1.0,1.0
60,102,-1.8801891803741455,2.5602235794067383,1.0,1.0,1.0
60,103,-0.3417235314846039,1.1863267421722412,1.0,1.0,1.0
60,104,-4.067697048187256,1.969834327697754,0.8333333730697632,1.0,1.0
60,105,-9.858892440795898,26.743661880493164,0.3333333432674408,0.6666666865348816,1.0
60,106,-4.447832107543945,9.243457794189453,0.5,0.5,1.0
60,107,-12.09353256225586,422.7438049316406,0.5,0.5,0.5
60,108,-6.775773048400879,29.603321075439453,0.5,0.5,1.0
60,109,-34.854209899902344,48.0715217590332,0.4444444477558136,0.5555555820465088,0.7777777910232544
60,110,-9.785355567932129,133.31007385253906,0.5,0.5,0.5
60,111,-14.562994956970215,18.404571533203125,0.4000000059604645,0.800000011920929,1.0
60,112,-2.1979708671569824,2.080601453781128,0.6666666865348816,1.0,1.0
60,113,-1.7548048496246338,1.7948741912841797,0.6666666865348816,1.0,1.0
60,114,-3.4342098236083984,31.00690269470215,0.0,1.0,1.0
60,115,-11.834887504577637,371.4609375,0.0,0.5,0.5
60,116,-2.600801944732666,3.6707680225372314,0.5,1.0,1.0
60,117,-10.68838882446289,2.275463342666626,0.8461538553237915,0.9230769872665405,1.0
60,118,-9.186132431030273,98.7968978881836,0.5,0.5,0.5
60,119,-2.7058756351470947,3.868774652481079,0.5,1.0,1.0
60,120,-21.176387786865234,14.112323760986328,0.625,0.75,0.875
60,121,-20.203960418701172,29.000896453857422,0.3333333432674408,0.6666666865348816,1.0
60,122,-7.666546821594238,3.5885844230651855,0.6666666865348816,1.0,1.0
60,123,-16.736791610717773,65.64083099365234,0.5,0.75,0.75
60,124,-10.931583404541016,8.902362823486328,0.6000000238418579,0.6000000238418579,1.0
60,125,-9.439779281616211,10.590367317199707,0.5,0.75,1.0
60,126,-16.130062103271484,56.40261459350586,0.5,0.75,0.75
60,127,-2.9198031425476074,2.646578788757324,0.6666666865348816,1.0,1.0
60,128,-12.098329544067383,20.585405349731445,0.5,0.5,1.0
60,129,-2.9559812545776367,19.22057342529297,0.0,1.0,1.0
60,130,-11.9237060546875,53.22714614868164,0.6666666865348816,0.6666666865348816,0.6666666865348816
60,131,-9.472355842590332,6.649031639099121,0.6000000238418579,1.0,1.0
60,132,-2.2247893810272217,9.251534461975098,0.0,1.0,1.0
60,133,-3.223982095718384,5.012782096862793,0.5,1.0,1.0
60,134,-12.553525924682617,532.0635375976562,0.0,0.0,1.0
60,135,-1.509157657623291,1.6537617444992065,0.6666666865348816,1.0,1.0
60,136,-6.318207740783691,23.549484252929688,0.5,1.0,1.0
60,137,-13.583600044250488,890.5150756835938,0.5,0.5,0.5
60,138,-5.973445892333984,7.323941707611084,0.6666666865348816,0.6666666865348816,1.0
60,139,-5.561070442199707,3.041084051132202,0.6000000238418579,1.0,1.0
60,140,-6.549819469451904,8.8753080368042,0.3333333432674408,1.0,1.0
60,141,-10.35940170288086,13.327777862548828,0.25,1.0,1.0
60,142,-15.225833892822266,21.013534545898438,0.20000000298023224,0.800000011920929,0.800000011920929
60,143,-11.971991539001465,397.8184814453125,0.0,0.5,1.0
60,144,-17.489665985107422,79.23487091064453,0.5,0.75,0.75
60,145,-20.849475860595703,8.044170379638672,0.5,0.800000011920929,1.0
60,146,-12.317056655883789,60.68434143066406,0.0,0.6666666865348816,1.0
60,147,-2.324263334274292,3.1967403888702393,0.5,1.0,1.0
60,148,-10.37678337097168,179.18014526367188,0.5,0.5,0.5
61,0,-9.590635299682617,120.94279479980469,0.5,0.5,0.5
61,1,-11.5357666015625,4.229022026062012,0.75,0.875,1.0
61,2,-10.61471939086914,201.81666564941406,0.5,0.5,0.5
61,3,-5.208248615264893,182.773681640625,0.0,1.0,1.0
61,4,-13.436644554138184,827.4281616210938,0.5,0.5,0.5
61,5,-0.4151187539100647,1.230670690536499,1.0,1.0,1.0
61,6,-0.3902081549167633,1.1389074325561523,1.0,1.0,1.0
61,7,-4.708921432495117,10.532447814941406,0.5,0.5,1.0
61,8,-12.792450904846191,12.916302680969238,0.6000000238418579,0.800000011920929,0.800000011920929
61,9,-0.048690419644117355,1.024643898010254,1.0,1.0,1.0
61,10,-14.359780311584473,119.89225006103516,0.6666666865348816,0.6666666865348816,0.6666666865348816
61,11,-10.292683601379395,30.904277801513672,0.0,0.6666666865348816,1.0
61,12,-0.9739359617233276,1.627374529838562,1.0,1.0,1.0
61,13,-11.530817985534668,319.06951904296875,0.5,0.5,1.0
61,14,-3.555863857269287,3.2716286182403564,0.3333333432674408,1.0,1.0
61,15,-6.79378080368042,5.465443134307861,0.75,0.75,1.0
61,16,-5.392423629760742,6.034388542175293,0.6666666865348816,0.6666666865348816,1.0
61,17,-4.874037742614746,5.076789855957031,0.6666666865348816,1.0,1.0
61,18,-3.356565475463867,2.3143789768218994,0.5,1.0,1.0
61,19,-8.226524353027344,3.9396324157714844,0.6666666865348816,1.0,1.0
61,20,-3.3560826778411865,2.3140995502471924,0.75,1.0,1.0
61,21,-5.708556652069092,6.704991340637207,0.3333333432674408,0.6666666865348816,1.0
61,22,-6.659658908843994,27.933576583862305,0.5,0.5,1.0
61,23,-12.433357238769531,7.942485332489014,0.5,0.8333333730697632,1.0
61,24,-2.0041160583496094,7.419532775878906,0.0,1.0,1.0
61,25,-30.57168960571289,6.7580246925354,0.375,0.875,1.0
61,26,-0.5944481492042542,1.3461170196533203,1.0,1.0,1.0
61,27,-6.052664279937744,4.541085720062256,0.75,1.0,1.0
61,28,-8.425467491149902,16.584840774536133,0.0,0.6666666865348816,1.0
61,29,-1.1550824642181396,3.1742851734161377,1.0,1.0,1.0
61,30,-10.164463996887207,161.13330078125,0.5,0.5,0.5
61,31,-0.553417980670929,1.3187825679779053,1.0,1.0,1.0
61,32,-5.060589790344238,12.557209014892578,0.5,1.0,1.0
61,33,-1.4735066890716553,2.089141845703125,1.0,1.0,1.0
61,34,-1.359994649887085,3.896172285079956,1.0,1.0,1.0
61,35,-4.183757305145264,8.100117683410645,0.5,1.0,1.0
61,36,-5.321716785430908,3.7826664447784424,0.75,0.75,1.0
61,37,-4.464262008666992,4.428616523742676,0.6666666865348816,0.6666666865348816,1.0
61,38,-12.19676399230957,21.098270416259766,0.25,0.5,1.0
61,39,-2.744011402130127,3.943251609802246,0.5,1.0,1.0
61,40,-16.325504302978516,230.8654327392578,0.0,0.3333333432674408,0.6666666865348816
61,41,-10.076529502868652,5.362452983856201,0.6666666865348816,0.8333333730697632,1.0
61,42,-7.415454864501953,40.76106643676758,0.5,0.5,1.0
61,43,-4.78952693939209,2.606231927871704,0.800000011920929,1.0,1.0
61,44,-7.990414142608643,54.33708953857422,0.0,0.5,1.0
61,45,-6.362879753112793,24.081401824951172,0.5,0.5,1.0
61,46,-19.265321731567383,11.113551139831543,0.5,0.625,1.0
61,47,-22.372398376464844,41.626338958740234,0.5,0.8333333730697632,0.8333333730697632
61,48,-4.9864912033081055,146.4217529296875,0.0,0.0,1.0
61,49,-8.64137077331543,75.24018096923828,0.0,0.5,1.0
61,50,-5.1075334548950195,12.855436325073242,0.5,1.0,1.0
61,51,-0.27149704098701477,1.1453938484191895,1.0,1.0,1.0
61,52,-3.852491855621338,3.611647367477417,0.6666666865348816,1.0,1.0
61,53,-23.33513832092285,28.038856506347656,0.2857142984867096,0.7142857313156128,1.0
61,54,-8.719476699829102,18.29252052307129,0.3333333432674408,0.6666666865348816,1.0
61,55,-10.15265941619873,160.18504333496094,0.5,0.5,1.0
61,56,-16.752758026123047,28.518461227416992,0.4000000059604645,0.6000000238418579,0.800000011920929
61,57,-1.7845168113708496,5.956701278686523,1.0,1.0,1.0
61,58,-10.93402099609375,4.768362522125244,0.5714285969734192,1.0,1.0
61,59,-5.423264026641846,15.053823471069336,0.0,1.0,1.0
61,60,-1.4087032079696655,1.2229223251342773,1.0,1.0,1.0
61,61,-7.484002113342285,42.182315826416016,0.5,0.5,1.0
61,62,-4.382282257080078,80.02045440673828,0.0,1.0,1.0
61,63,-8.678325653076172,8.754618644714355,0.5,0.75,1.0
61,64,-0.6554214358329773,1.925953984260559,1.0,1.0,1.0
61,65,-4.712587356567383,10.55177116394043,0.0,1.0,1.0
61,66,-6.926182746887207,3.9957706928253174,0.800000011920929,1.0,1.0
61,67,-11.283146858215332,9.550843238830566,0.800000011920929,0.800000011920929,0.800000011920929
61,68,-39.95991516113281,54.379730224609375,0.20000000298023224,0.699999988079071,0.800000011920929
61,69,-20.165788650512695,28.816978454589844,0.3333333432674408,0.6666666865348816,0.8333333730697632
61,70,-12.356927871704102,21.960205078125,0.5,0.5,1.0
61,71,-6.990583419799805,32.95989990234375,0.5,0.5,1.0
61,72,-4.100966453552246,2.787768840789795,0.5,1.0,1.0
61,73,-7.475409507751465,1764.1239013671875,0.0,0.0,1.0
61,74,-15.805843353271484,52.01129150390625,0.5,0.75,0.75
61,75,-2.0731678009033203,2.819568634033203,1.0,1.0,1.0
61,76,-1.707771897315979,1.7669541835784912,0.6666666865348816,1.0,1.0
61,77,-2.711186647415161,1.5712389945983887,1.0,1.0,1.0
61,78,-12.965628623962402,25.569677352905273,0.75,0.75,0.75
61,79,-4.452612400054932,3.0439412593841553,0.75,1.0,1.0
61,80,-6.110789775848389,7.66703462600708,0.6666666865348816,0.6666666865348816,1.0
61,81,-6.57404899597168,2.2744905948638916,0.75,1.0,1.0
61,82,-11.198492050170898,41.79726028442383,0.3333333432674408,0.6666666865348816,0.6666666865348816
61,83,-3.734358310699463,41.86115264892578,0.0,1.0,1.0
61,84,-12.124872207641602,11.30194091796875,0.4000000059604645,0.6000000238418579,1.0
61,85,-2.759220600128174,3.9733529090881348,0.5,1.0,1.0
61,86,-26.367895126342773,13.96828842163086,0.6000000238418579,0.699999988079071,0.9000000357627869
61,87,-10.666221618652344,4.58938455581665,0.5714285969734192,0.8571429252624512,1.0
61,88,-3.622178316116333,6.1171064376831055,0.5,1.0,1.0
61,89,-39.431861877441406,2660.774658203125,0.20000000298023224,0.20000000298023224,0.6000000238418579
61,90,-10.778855323791504,6.028365612030029,0.5,1.0,1.0
61,91,-0.7343814373016357,1.4436732530593872,1.0,1.0,1.0
61,92,-23.45947265625,49.89456558227539,0.6666666865348816,0.6666666865348816,0.8333333730697632
61,93,-1.8102554082870483,1.8283584117889404,0.6666666865348816,1.0,1.0
61,94,-12.35685920715332,21.959829330444336,0.25,0.75,1.0
61,95,-4.530270099639893,9.632425308227539,0.5,1.0,1.0
61,96,-8.968528747558594,9.413381576538086,0.5,0.75,1.0
61,97,-9.653021812438965,11.170266151428223,0.5,0.75,1.0
61,98,-21.322021484375,8.433418273925781,0.4000000059604645,0.699999988079071,1.0
61,99,-8.151105880737305,15.135383605957031,0.3333333432674408,1.0,1.0
61,100,-6.821335792541504,30.285463333129883,0.0,1.0,1.0
61,101,-7.00598669052124,5.763222694396973,0.25,1.0,1.0
61,102,-1.8969671726226807,2.581791877746582,1.0,1.0,1.0
61,103,-0.34330683946609497,1.1872663497924805,1.0,1.0,1.0
61,104,-4.0309672355651855,1.9578126668930054,0.8333333730697632,1.0,1.0
61,105,-9.920087814331055,27.29479217529297,0.3333333432674408,0.6666666865348816,1.0
61,106,-4.397859573364258,9.015360832214355,0.5,0.5,1.0
61,107,-12.183736801147461,442.2469482421875,0.5,0.5,0.5
61,108,-6.712692737579346,28.68419647216797,0.5,0.5,1.0
61,109,-34.906917572021484,48.3538818359375,0.4444444477558136,0.5555555820465088,0.7777777910232544
61,110,-9.805602073669434,134.6664581298828,0.5,0.5,0.5
61,111,-14.652843475341797,18.738283157348633,0.4000000059604645,0.800000011920929,1.0
61,112,-2.1754071712493896,2.065011501312256,0.6666666865348816,1.0,1.0
61,113,-1.791028380393982,1.8166779279708862,0.6666666865348816,1.0,1.0
61,114,-3.3941822052001953,29.790279388427734,0.0,1.0,1.0
61,115,-11.796648979187012,364.4263610839844,0.0,0.5,0.5
61,116,-2.531439781188965,3.5456442832946777,0.5,1.0,1.0
61,117,-10.529793739318848,2.2478723526000977,0.8461538553237915,0.9230769872665405,1.0
61,118,-9.125808715820312,95.86148834228516,0.5,0.5,0.5
61,119,-2.7143449783325195,3.885192394256592,0.5,1.0,1.0
61,120,-21.246807098388672,14.237095832824707,0.625,0.75,0.875
61,121,-20.218992233276367,29.073644638061523,0.3333333432674408,0.6666666865348816,1.0
61,122,-7.333681583404541,3.3949203491210938,0.6666666865348816,1.0,1.0
61,123,-16.79192352294922,66.55181884765625,0.5,0.75,0.75
61,124,-11.073524475097656,9.158706665039062,0.6000000238418579,0.6000000238418579,1.0
61,125,-9.47327995300293,10.679435729980469,0.5,0.75,1.0
61,126,-16.211374282836914,57.5609016418457,0.5,0.75,0.75
61,127,-2.9368138313293457,2.661627769470215,0.6666666865348816,1.0,1.0
61,128,-12.08528995513916,20.518409729003906,0.5,0.5,1.0
61,129,-2.958189010620117,19.2630558013916,0.0,1.0,1.0
61,130,-11.937705993652344,53.476131439208984,0.6666666865348816,0.6666666865348816,0.6666666865348816
61,131,-9.275766372680664,6.392678260803223,0.6000000238418579,1.0,1.0
61,132,-2.2162041664123535,9.17244815826416,0.0,1.0,1.0
61,133,-3.1959240436553955,4.942948818206787,0.5,1.0,1.0
61,134,-12.48476791381836,514.0825805664062,0.0,0.0,1.0
61,135,-1.4846889972686768,1.640328288078308,0.6666666865348816,1.0,1.0
61,136,-6.28151798248291,23.121408462524414,0.5,1.0,1.0
61,137,-13.59585189819336,895.9871215820312,0.5,0.5,0.5
61,138,-5.985584259033203,7.353635787963867,0.6666666865348816,0.6666666865348816,1.0
61,139,-5.501130104064941,3.004845142364502,0.6000000238418579,1.0,1.0
61,140,-6.642405033111572,9.153487205505371,0.3333333432674408,1.0,1.0
61,141,-10.375232696533203,13.380630493164062,0.25,1.0,1.0
61,142,-15.225554466247559,21.012361526489258,0.20000000298023224,0.800000011920929,0.800000011920929
61,143,-11.985006332397461,400.4156799316406,0.0,0.5,1.0
61,144,-17.447784423828125,78.40958404541016,0.5,0.75,0.75
61,145,-20.771812438964844,7.98193883895874,0.5,0.800000011920929,1.0
61,146,-12.233673095703125,59.020851135253906,0.0,0.6666666865348816,1.0
61,147,-2.3915350437164307,3.306094169616699,0.5,1.0,1.0
61,148,-10.373289108276367,178.86737060546875,0.5,0.5,0.5
62,0,-9.516678810119629,116.5522232055664,0.5,0.5,0.5
62,1,-11.44628620147705,4.1819844245910645,0.75,0.875,1.0
62,2,-10.62288761138916,202.64259338378906,0.5,0.5,0.5
62,3,-5.19911003112793,181.11099243164062,0.0,1.0,1.0
62,4,-13.272993087768555,762.419189453125,0.5,0.5,0.5
62,5,-0.454217791557312,1.2549666166305542,1.0,1.0,1.0
62,6,-0.3981514871120453,1.1419270038604736,1.0,1.0,1.0
62,7,-4.730221748352051,10.645218849182129,0.5,0.5,1.0
62,8,-12.749107360839844,12.804816246032715,0.6000000238418579,0.800000011920929,0.800000011920929
62,9,-0.05209651216864586,1.0263904333114624,1.0,1.0,1.0
62,10,-14.350823402404785,119.53485107421875,0.6666666865348816,0.6666666865348816,0.6666666865348816
62,11,-10.198325157165527,29.947376251220703,0.0,0.6666666865348816,1.0
62,12,-0.9869412183761597,1.637991189956665,1.0,1.0,1.0
62,13,-11.464818954467773,308.71221923828125,0.5,0.5,1.0
62,14,-3.554701328277588,3.2703609466552734,0.3333333432674408,1.0,1.0
62,15,-6.863012790679932,5.560862064361572,0.75,0.75,1.0
62,16,-5.398043632507324,6.045703887939453,0.6666666865348816,0.6666666865348816,1.0
62,17,-4.836255073547363,5.013253211975098,0.6666666865348816,1.0,1.0
62,18,-3.3469648361206055,2.308830738067627,0.5,1.0,1.0
62,19,-8.173606872558594,3.9050393104553223,0.6666666865348816,0.8333333730697632,1.0
62,20,-3.3563692569732666,2.314265489578247,0.75,1.0,1.0
62,21,-5.691375732421875,6.666701793670654,0.3333333432674408,0.6666666865348816,1.0
62,22,-6.686006546020508,28.30400276184082,0.5,0.5,1.0
62,23,-12.491349220275879,8.019623756408691,0.5,0.8333333730697632,1.0
62,24,-1.9845595359802246,7.275842189788818,0.0,1.0,1.0
62,25,-30.526897430419922,6.739131927490234,0.375,0.875,1.0
62,26,-0.5795804858207703,1.3361471891403198,1.0,1.0,1.0
62,27,-6.011768341064453,4.494894027709961,0.75,1.0,1.0
62,28,-8.456012725830078,16.754568099975586,0.0,0.6666666865348816,1.0
62,29,-1.0845309495925903,2.958051919937134,1.0,1.0,1.0
62,30,-10.14684009552002,159.7196502685547,0.5,0.5,0.5
62,31,-0.5479303002357483,1.315168857574463,1.0,1.0,1.0
62,32,-5.083313941955566,12.700698852539062,0.5,1.0,1.0
62,33,-1.3744100332260132,1.9881508350372314,1.0,1.0,1.0
62,34,-1.347675085067749,3.8484675884246826,1.0,1.0,1.0
62,35,-4.1843438148498535,8.102493286132812,0.5,0.5,1.0
62,36,-5.2981719970703125,3.7604663372039795,0.75,1.0,1.0
62,37,-4.49465799331665,4.473715782165527,0.6666666865348816,0.6666666865348816,1.0
62,38,-12.268462181091309,21.479856491088867,0.25,0.5,1.0
62,39,-2.7184300422668457,3.8931360244750977,0.5,1.0,1.0
62,40,-16.383136749267578,235.34339904785156,0.0,0.3333333432674408,0.6666666865348816
62,41,-10.366922378540039,5.628373146057129,0.6666666865348816,0.8333333730697632,1.0
62,42,-7.494442462921143,42.4030876159668,0.5,0.5,1.0
62,43,-4.801131248474121,2.6122875213623047,0.800000011920929,1.0,1.0
62,44,-7.951260089874268,53.28367614746094,0.0,0.5,1.0
62,45,-6.357999324798584,24.0227108001709,0.5,0.5,1.0
62,46,-19.15619468688965,10.962982177734375,0.5,0.625,1.0
62,47,-22.65066146850586,43.602317810058594,0.5,0.8333333730697632,0.8333333730697632
62,48,-5.03114128112793,153.10765075683594,0.0,0.0,1.0
62,49,-8.671778678894043,76.39286804199219,0.0,0.5,1.0
62,50,-5.155388355255127,13.166742324829102,0.5,1.0,1.0
62,51,-0.2729254961013794,1.146212100982666,1.0,1.0,1.0
62,52,-3.8171215057373047,3.5693154335021973,0.6666666865348816,1.0,1.0
62,53,-23.260223388671875,27.740381240844727,0.1428571492433548,0.7142857313156128,1.0
62,54,-8.765859603881836,18.577537536621094,0.3333333432674408,0.6666666865348816,1.0
62,55,-10.037055969238281,151.18858337402344,0.5,0.5,1.0
62,56,-17.02349090576172,30.105205535888672,0.4000000059604645,0.6000000238418579,0.800000011920929
62,57,-1.7958476543426514,6.0245795249938965,1.0,1.0,1.0
62,58,-10.916580200195312,4.756496906280518,0.5714285969734192,1.0,1.0
62,59,-5.460897922515869,15.339773178100586,0.0,1.0,1.0
62,60,-1.4261964559555054,1.2259823083877563,1.0,1.0,1.0
62,61,-7.504504680633545,42.61696243286133,0.5,0.5,1.0
62,62,-4.370037078857422,79.04656219482422,0.0,1.0,1.0
62,63,-8.728281021118164,8.864639282226562,0.5,0.75,1.0
62,64,-0.6248314380645752,1.8679311275482178,1.0,1.0,1.0
62,65,-4.7493157386779785,10.747336387634277,0.0,1.0,1.0
62,66,-6.948125839233398,4.013345718383789,0.800000011920929,1.0,1.0
62,67,-11.249544143676758,9.486871719360352,0.800000011920929,0.800000011920929,0.800000011920929
62,68,-39.55851745605469,52.24017333984375,0.20000000298023224,0.699999988079071,0.800000011920929
62,69,-20.16625213623047,28.81920623779297,0.3333333432674408,0.6666666865348816,0.8333333730697632
62,70,-12.268768310546875,21.48149871826172,0.5,0.5,1.0
62,71,-6.875456809997559,31.116193771362305,0.5,0.5,1.0
62,72,-4.039477825164795,2.7452425956726074,0.5,1.0,1.0
62,73,-7.523982524871826,1851.927978515625,0.0,0.0,1.0
62,74,-15.908076286315918,53.35773849487305,0.5,0.75,0.75
62,75,-2.0364990234375,2.7683446407318115,1.0,1.0,1.0
62,76,-1.7654659748077393,1.8012640476226807,0.6666666865348816,1.0,1.0
62,77,-2.7360713481903076,1.5777690410614014,1.0,1.0,1.0
62,78,-12.967804908752441,25.583593368530273,0.75,0.75,0.75
62,79,-4.525247097015381,3.099719762802124,0.75,1.0,1.0
62,80,-6.112956523895264,7.672574520111084,0.6666666865348816,0.6666666865348816,1.0
62,81,-6.490474700927734,2.2508533000946045,0.75,1.0,1.0
62,82,-11.154221534729004,41.18498992919922,0.3333333432674408,0.6666666865348816,0.6666666865348816
62,83,-3.6931726932525635,40.17210006713867,0.0,1.0,1.0
62,84,-12.126795768737793,11.306290626525879,0.4000000059604645,0.6000000238418579,1.0
62,85,-2.8301937580108643,4.116885185241699,0.0,1.0,1.0
62,86,-26.409713745117188,14.026823997497559,0.6000000238418579,0.699999988079071,0.9000000357627869
62,87,-10.687549591064453,4.603389263153076,0.5714285969734192,0.8571429252624512,1.0
62,88,-3.6736180782318115,6.276478290557861,0.5,1.0,1.0
62,89,-39.381614685058594,2634.168212890625,0.20000000298023224,0.20000000298023224,0.6000000238418579
62,90,-10.746522903442383,5.995967864990234,0.5,1.0,1.0
62,91,-0.7916595935821533,1.4856164455413818,1.0,1.0,1.0
62,92,-23.563425064086914,50.766544342041016,0.6666666865348816,0.6666666865348816,0.8333333730697632
62,93,-1.902208924293518,1.8852673768997192,0.6666666865348816,1.0,1.0
62,94,-12.421004295349121,22.3148193359375,0.25,0.75,1.0
62,95,-4.476264953613281,9.375805854797363,0.5,1.0,1.0
62,96,-8.966484069824219,9.408570289611816,0.5,0.75,1.0
62,97,-9.610246658325195,11.051450729370117,0.5,0.75,1.0
62,98,-21.22907066345215,8.355392456054688,0.4000000059604645,0.800000011920929,1.0
62,99,-8.104631423950195,14.902721405029297,0.3333333432674408,1.0,1.0
62,100,-6.7604289054870605,29.377071380615234,0.0,1.0,1.0
62,101,-6.941363334655762,5.670860290527344,0.25,1.0,1.0
62,102,-1.9253802299499512,2.618731737136841,1.0,1.0,1.0
62,103,-0.3475836515426636,1.1898078918457031,1.0,1.0,1.0
62,104,-4.005103588104248,1.9493913650512695,0.8333333730697632,1.0,1.0
62,105,-9.879980087280273,26.932310104370117,0.3333333432674408,0.6666666865348816,1.0
62,106,-4.392244338989258,8.990083694458008,0.5,0.5,1.0
62,107,-12.06265640258789,416.2675476074219,0.5,0.5,0.5
62,108,-6.6894426345825195,28.35267448425293,0.5,0.5,1.0
62,109,-34.73576354980469,47.44301223754883,0.4444444477558136,0.5555555820465088,0.7777777910232544
62,110,-9.844871520996094,137.33673095703125,0.5,0.5,0.5
62,111,-14.484875679016113,18.119251251220703,0.4000000059604645,0.800000011920929,1.0
62,112,-2.2131686210632324,2.0911684036254883,0.6666666865348816,1.0,1.0
62,113,-1.8094512224197388,1.8278683423995972,0.6666666865348816,1.0,1.0
62,114,-3.3381619453430176,28.167306900024414,0.0,1.0,1.0
62,115,-11.786128044128418,362.51434326171875,0.0,0.5,0.5
62,116,-2.578559160232544,3.6301703453063965,0.5,1.0,1.0
62,117,-10.487462997436523,2.2405648231506348,0.8461538553237915,0.9230769872665405,1.0
62,118,-9.184653282165527,98.72386169433594,0.5,0.5,0.5
62,119,-2.6921546459198,3.8423237800598145,0.5,1.0,1.0
62,120,-21.13336753845215,14.036638259887695,0.625,0.75,0.875
62,121,-20.096656799316406,28.486854553222656,0.3333333432674408,0.6666666865348816,1.0
62,122,-7.5748066902160645,3.5341320037841797,0.6666666865348816,1.0,1.0
62,123,-16.728092193603516,65.49822235107422,0.5,0.75,0.75
62,124,-10.980530738830566,8.989940643310547,0.6000000238418579,0.6000000238418579,1.0
62,125,-9.45924186706543,10.642021179199219,0.5,0.75,1.0
62,126,-16.116125106811523,56.20643997192383,0.5,0.75,0.75
62,127,-2.944085121154785,2.6680867671966553,0.6666666865348816,1.0,1.0
62,128,-12.052387237548828,20.350322723388672,0.5,0.5,1.0
62,129,-2.955051898956299,19.20271873474121,0.0,1.0,1.0
62,130,-11.947012901306152,53.64228820800781,0.6666666865348816,0.6666666865348816,0.6666666865348816
62,131,-9.347627639770508,6.4852190017700195,0.6000000238418579,1.0,1.0
62,132,-2.2680797576904297,9.660832405090332,0.0,1.0,1.0
62,133,-3.2685790061950684,5.125814914703369,0.5,1.0,1.0
62,134,-12.487395286560059,514.7584228515625,0.0,0.0,1.0
62,135,-1.5165889263153076,1.6578633785247803,0.6666666865348816,1.0,1.0
62,136,-6.3295817375183105,23.68379020690918,0.5,0.5,1.0
62,137,-13.68819808959961,938.3275146484375,0.5,0.5,0.5
62,138,-6.015659809112549,7.427727222442627,0.6666666865348816,0.6666666865348816,1.0
62,139,-5.483072280883789,2.9940125942230225,0.6000000238418579,1.0,1.0
62,140,-6.5354156494140625,8.83279800415039,0.3333333432674408,1.0,1.0
62,141,-10.403375625610352,13.475105285644531,0.25,1.0,1.0
62,142,-15.245779037475586,21.09752655029297,0.20000000298023224,0.800000011920929,0.800000011920929
62,143,-11.929143905639648,389.3863220214844,0.0,0.5,1.0
62,144,-17.365232467651367,76.80794525146484,0.5,0.75,0.75
62,145,-20.738649368286133,7.955511569976807,0.5,0.800000011920929,1.0
62,146,-12.164660453796387,57.67863464355469,0.0,0.6666666865348816,1.0
62,147,-2.3511180877685547,3.2399537563323975,0.5,1.0,1.0
62,148,-10.375531196594238,179.0679931640625,0.5,0.5,0.5
63,0,-9.615325927734375,122.44512939453125,0.5,0.5,0.5
63,1,-11.361422538757324,4.1378560066223145,0.75,0.875,1.0
63,2,-10.56113052368164,196.48092651367188,0.5,0.5,0.5
63,3,-5.21081018447876,183.24246215820312,0.0,1.0,1.0
63,4,-13.321691513061523,781.2113647460938,0.5,0.5,0.5
63,5,-0.44939109683036804,1.2519415616989136,1.0,1.0,1.0
63,6,-0.4014972448348999,1.143201231956482,1.0,1.0,1.0
63,7,-4.709362506866455,10.534770965576172,0.5,0.5,1.0
63,8,-12.724560737609863,12.742108345031738,0.6000000238418579,0.800000011920929,0.800000011920929
63,9,-0.04991760104894638,1.0252728462219238,1.0,1.0,1.0
63,10,-14.416583061218262,122.18395233154297,0.6666666865348816,0.6666666865348816,0.6666666865348816
63,11,-10.244477272033691,30.41164779663086,0.0,0.6666666865348816,1.0
63,12,-0.9819251298904419,1.6338881254196167,1.0,1.0,1.0
63,13,-11.430901527404785,303.52099609375,0.5,0.5,1.0
63,14,-3.5863890647888184,3.3050878047943115,0.3333333432674408,1.0,1.0
63,15,-6.779449462890625,5.445896148681641,0.75,0.75,1.0
63,16,-5.375270366668701,5.999983787536621,0.6666666865348816,0.6666666865348816,1.0
63,17,-4.853229522705078,5.041698932647705,0.6666666865348816,1.0,1.0
63,18,-3.364030361175537,2.318701982498169,0.5,1.0,1.0
63,19,-8.107452392578125,3.86221981048584,0.6666666865348816,0.8333333730697632,1.0
63,20,-3.3197953701019287,2.293201446533203,0.75,1.0,1.0
63,21,-5.692829608917236,6.669933319091797,0.3333333432674408,0.6666666865348816,1.0
63,22,-6.717724800109863,28.756460189819336,0.5,0.5,1.0
63,23,-12.499881744384766,8.031037330627441,0.5,0.8333333730697632,1.0
63,24,-2.0051910877227783,7.427513122558594,0.0,1.0,1.0
63,25,-30.545066833496094,6.74678897857666,0.375,0.875,1.0
63,26,-0.5893111824989319,1.3426638841629028,1.0,1.0,1.0
63,27,-6.024336338043213,4.509038925170898,0.75,1.0,1.0
63,28,-8.455900192260742,16.753938674926758,0.0,0.6666666865348816,1.0
63,29,-1.1530563831329346,3.167860269546509,1.0,1.0,1.0
63,30,-10.160400390625,160.80624389648438,0.5,0.5,0.5
63,31,-0.5574429035186768,1.3214391469955444,1.0,1.0,1.0
63,32,-5.057340621948242,12.536825180053711,0.5,1.0,1.0
63,33,-1.4357742071151733,2.0500969886779785,1.0,1.0,1.0
63,34,-1.3394047021865845,3.816770553588867,1.0,1.0,1.0
63,35,-4.184683799743652,8.10387134552002,0.5,0.5,1.0
63,36,-5.28668212890625,3.7496800422668457,0.75,1.0,1.0
63,37,-4.500097274780273,4.481834411621094,0.6666666865348816,0.6666666865348816,1.0
63,38,-12.310768127441406,21.708242416381836,0.25,0.5,1.0
63,39,-2.774458408355713,4.003741264343262,0.5,1.0,1.0
63,40,-16.426149368286133,238.74195861816406,0.0,0.3333333432674408,0.6666666865348816
63,41,-10.342710494995117,5.605706214904785,0.6666666865348816,0.8333333730697632,1.0
63,42,-7.379525661468506,40.03535079956055,0.5,0.5,1.0
63,43,-4.798283576965332,2.61080002784729,0.800000011920929,1.0,1.0
63,44,-7.961627006530762,53.560585021972656,0.0,0.5,1.0
63,45,-6.392383098602295,24.43927574157715,0.5,0.5,1.0
63,46,-19.251911163330078,11.094937324523926,0.5,0.625,1.0
63,47,-22.33592987060547,41.37409973144531,0.5,0.8333333730697632,0.8333333730697632
63,48,-4.974984645843506,144.74659729003906,0.0,0.0,1.0
63,49,-8.751676559448242,79.50646209716797,0.0,0.5,1.0
63,50,-5.150300979614258,13.133293151855469,0.5,1.0,1.0
63,51,-0.2697421908378601,1.144389271736145,1.0,1.0,1.0
63,52,-3.8281664848327637,3.5824806690216064,0.6666666865348816,1.0,1.0
63,53,-22.99943733215332,26.725919723510742,0.2857142984867096,0.7142857313156128,1.0
63,54,-8.805937767028809,18.8273868560791,0.3333333432674408,0.6666666865348816,1.0
63,55,-10.099481582641602,155.98202514648438,0.5,0.5,1.0
63,56,-17.059547424316406,30.32309341430664,0.4000000059604645,0.6000000238418579,0.800000011920929
63,57,-1.7758334875106812,5.905201435089111,1.0,1.0,1.0
63,58,-10.980608940124512,4.800204277038574,0.5714285969734192,1.0,1.0
63,59,-5.46253776550293,15.35235595703125,0.0,1.0,1.0
63,60,-1.424203634262085,1.2256333827972412,1.0,1.0,1.0
63,61,-7.516798973083496,42.87974166870117,0.5,0.5,1.0
63,62,-4.3884735107421875,80.51741790771484,0.0,1.0,1.0
63,63,-8.706069946289062,8.8155517578125,0.5,0.75,1.0
63,64,-0.635840117931366,1.8886080980300903,1.0,1.0,1.0
63,65,-4.740710258483887,10.701191902160645,0.0,1.0,1.0
63,66,-6.835530757904053,3.923978805541992,0.800000011920929,1.0,1.0
63,67,-11.349149703979492,9.677755355834961,0.800000011920929,0.800000011920929,0.800000011920929
63,68,-39.75558090209961,53.279842376708984,0.20000000298023224,0.800000011920929,0.800000011920929
63,69,-20.177082061767578,28.871273040771484,0.3333333432674408,0.6666666865348816,0.8333333730697632
63,70,-12.348114967346191,21.911876678466797,0.5,0.5,1.0
63,71,-6.949662208557129,32.29237365722656,0.5,0.5,1.0
63,72,-3.9697775840759277,2.6978209018707275,0.5,1.0,1.0
63,73,-7.529695987701416,1862.5391845703125,0.0,0.0,1.0
63,74,-15.82078742980957,52.205970764160156,0.5,0.75,0.75
63,75,-2.0505642890930176,2.787882089614868,1.0,1.0,1.0
63,76,-1.7210650444030762,1.7748010158538818,0.6666666865348816,1.0,1.0
63,77,-2.7478809356689453,1.580877661705017,1.0,1.0,1.0
63,78,-12.891751289367676,25.101755142211914,0.75,0.75,0.75
63,79,-4.524939060211182,3.0994813442230225,0.75,1.0,1.0
63,80,-6.095888614654541,7.629046440124512,0.6666666865348816,0.6666666865348816,1.0
63,81,-6.388821601867676,2.22243332862854,0.75,1.0,1.0
63,82,-11.212023735046387,41.9862060546875,0.3333333432674408,0.6666666865348816,0.6666666865348816
63,83,-3.7267327308654785,41.54315185546875,0.0,1.0,1.0
63,84,-11.947670936584473,10.90841293334961,0.4000000059604645,0.6000000238418579,1.0
63,85,-2.7819125652313232,4.018691539764404,0.0,1.0,1.0
63,86,-26.311359405517578,13.88953971862793,0.6000000238418579,0.699999988079071,0.9000000357627869
63,87,-10.71678352355957,4.622654438018799,0.5714285969734192,0.8571429252624512,1.0
63,88,-3.6693742275238037,6.263174057006836,0.5,1.0,1.0
63,89,-39.64330291748047,2775.705810546875,0.20000000298023224,0.20000000298023224,0.6000000238418579
63,90,-10.748725891113281,5.998169422149658,0.5,1.0,1.0
63,91,-0.8037987351417542,1.4946608543395996,1.0,1.0,1.0
63,92,-23.279659271240234,48.42146301269531,0.6666666865348816,0.6666666865348816,0.8333333730697632
63,93,-1.8547133207321167,1.8556550741195679,0.6666666865348816,1.0,1.0
63,94,-12.260318756103516,21.43617057800293,0.25,0.75,1.0
63,95,-4.57940149307251,9.87198257446289,0.5,1.0,1.0
63,96,-9.001436233520508,9.491143226623535,0.5,0.75,1.0
63,97,-9.764768600463867,11.486726760864258,0.5,0.75,1.0
63,98,-21.338241577148438,8.447107315063477,0.4000000059604645,0.800000011920929,1.0
63,99,-8.085712432861328,14.809033393859863,0.3333333432674408,1.0,1.0
63,100,-6.7841901779174805,29.72817039489746,0.0,1.0,1.0
63,101,-7.034262657165527,5.804106712341309,0.25,1.0,1.0
63,102,-1.8913458585739136,2.574545383453369,1.0,1.0,1.0
63,103,-0.3208799362182617,1.1740273237228394,1.0,1.0,1.0
63,104,-4.012524127960205,1.9518039226531982,0.8333333730697632,1.0,1.0
63,105,-9.864300727844238,26.79191780090332,0.3333333432674408,0.6666666865348816,1.0
63,106,-4.531074047088623,9.636298179626465,0.5,0.5,1.0
63,107,-12.002942085266113,404.022705078125,0.5,0.5,0.5
63,108,-6.740394115447998,29.084257125854492,0.5,0.5,1.0
63,109,-34.8451042175293,48.022918701171875,0.4444444477558136,0.5555555820465088,0.7777777910232544
63,110,-9.701807022094727,127.85586547851562,0.5,0.5,0.5
63,111,-14.486261367797852,18.124277114868164,0.4000000059604645,0.800000011920929,1.0
63,112,-2.160763740539551,2.0549564361572266,0.6666666865348816,1.0,1.0
63,113,-1.788381576538086,1.8150757551193237,0.6666666865348816,1.0,1.0
63,114,-3.3657407760620117,28.954936981201172,0.0,1.0,1.0
63,115,-11.832695007324219,371.053955078125,0.0,0.5,0.5
63,116,-2.573774814605713,3.6214966773986816,0.5,1.0,1.0
63,117,-10.499043464660645,2.2425615787506104,0.8461538553237915,0.9230769872665405,1.0
63,118,-9.166404724121094,97.8271713256836,0.5,0.5,0.5
63,119,-2.73065185546875,3.916999340057373,0.5,1.0,1.0
63,120,-21.126537322998047,14.024660110473633,0.625,0.75,0.875
63,121,-20.0826416015625,28.420392990112305,0.3333333432674408,0.6666666865348816,1.0
63,122,-7.468790054321289,3.4722344875335693,0.6666666865348816,1.0,1.0
63,123,-16.66639518737793,64.49571990966797,0.5,0.75,0.75
63,124,-11.09196662902832,9.192549705505371,0.6000000238418579,0.6000000238418579,1.0
63,125,-9.392672538757324,10.466379165649414,0.5,0.75,1.0
63,126,-16.163734436035156,56.87942123413086,0.5,0.75,0.75
63,127,-2.94268798828125,2.666844606399536,0.6666666865348816,1.0,1.0
63,128,-12.011700630187988,20.144376754760742,0.5,0.5,1.0
63,129,-2.971369981765747,19.51864242553711,0.0,1.0,1.0
63,130,-11.929672241210938,53.33311462402344,0.6666666865348816,0.6666666865348816,0.6666666865348816
63,131,-9.379230499267578,6.526339054107666,0.6000000238418579,1.0,1.0
63,132,-2.2115478515625,9.129837036132812,0.0,1.0,1.0
63,133,-3.28751277923584,5.174570560455322,0.5,1.0,1.0
63,134,-12.3968505859375,491.9737243652344,0.0,0.0,1.0
63,135,-1.512900471687317,1.6558263301849365,0.6666666865348816,1.0,1.0
63,136,-6.31326961517334,23.491409301757812,0.5,1.0,1.0
63,137,-13.667949676513672,928.8756103515625,0.5,0.5,0.5
63,138,-6.036387920379639,7.479226112365723,0.6666666865348816,0.6666666865348816,1.0
63,139,-5.556984901428223,3.038600444793701,0.6000000238418579,1.0,1.0
63,140,-6.625849723815918,9.103113174438477,0.3333333432674408,1.0,1.0
63,141,-10.30797004699707,13.15750789642334,0.25,1.0,1.0
63,142,-15.21223258972168,20.956453323364258,0.20000000298023224,0.800000011920929,0.800000011920929
63,143,-11.922178268432617,388.03253173828125,0.0,0.5,1.0
63,144,-17.391889572143555,77.32152557373047,0.5,0.75,0.75
63,145,-20.884552001953125,8.07243537902832,0.5,0.800000011920929,1.0
63,146,-12.305041313171387,60.44176483154297,0.0,0.6666666865348816,1.0
63,147,-2.343320608139038,3.227346658706665,0.5,1.0,1.0
63,148,-10.392975807189941,180.63671875,0.5,0.5,0.5
64,0,-9.487981796264648,114.89181518554688,0.5,0.5,0.5
64,1,-11.46617603302002,4.192394256591797,0.75,0.875,1.0
64,2,-10.678743362426758,208.38174438476562,0.5,0.5,0.5
64,3,-5.218798637390137,184.71214294433594,0.0,1.0,1.0
64,4,-13.245341300964355,751.9506225585938,0.5,0.5,0.5
64,5,-0.4377608299255371,1.2446824312210083,1.0,1.0,1.0
64,6,-0.37727034091949463,1.134006381034851,1.0,1.0,1.0
64,7,-4.7188591957092285,10.584912300109863,0.5,0.5,1.0
64,8,-12.668585777282715,12.60025691986084,0.6000000238418579,0.800000011920929,0.800000011920929
64,9,-0.04968718811869621,1.0251548290252686,1.0,1.0,1.0
64,10,-14.389599800109863,121.08988189697266,0.6666666865348816,0.6666666865348816,0.6666666865348816
64,11,-10.225866317749023,30.223567962646484,0.0,0.6666666865348816,1.0
64,12,-0.9800918102264404,1.632391095161438,1.0,1.0,1.0
64,13,-11.408424377441406,300.1289367675781,0.5,0.5,1.0
64,14,-3.5723185539245605,3.2896227836608887,0.3333333432674408,1.0,1.0
64,15,-6.815335750579834,5.494974136352539,0.75,0.75,1.0
64,16,-5.3845014572143555,6.018474578857422,0.6666666865348816,0.6666666865348816,1.0
64,17,-4.816892147064209,4.9810004234313965,0.6666666865348816,1.0,1.0
64,18,-3.341191291809082,2.3055007457733154,0.5,1.0,1.0
64,19,-8.135942459106445,3.8806023597717285,0.6666666865348816,0.8333333730697632,1.0
64,20,-3.386960744857788,2.3320324420928955,0.75,1.0,1.0
64,21,-5.698605060577393,6.682786464691162,0.3333333432674408,0.6666666865348816,1.0
64,22,-6.6147637367248535,27.313520431518555,0.5,0.5,1.0
64,23,-12.518373489379883,8.055826187133789,0.5,0.8333333730697632,1.0
64,24,-2.0245306491851807,7.572556018829346,0.0,1.0,1.0
64,25,-30.71698760986328,6.819674015045166,0.375,0.875,1.0
64,26,-0.5922063589096069,1.3446089029312134,1.0,1.0,1.0
64,27,-6.016386985778809,4.500087261199951,0.75,1.0,1.0
64,28,-8.434062004089355,16.632421493530273,0.0,0.6666666865348816,1.0
64,29,-1.1565954685211182,3.179091453552246,1.0,1.0,1.0
64,30,-10.239166259765625,167.265625,0.5,0.5,0.5
64,31,-0.5391221046447754,1.309389591217041,1.0,1.0,1.0
64,32,-5.059665203094482,12.55140495300293,0.5,1.0,1.0
64,33,-1.4302082061767578,2.0443994998931885,1.0,1.0,1.0
64,34,-1.3362551927566528,3.8047685623168945,1.0,1.0,1.0
64,35,-4.209811210632324,8.206328392028809,0.5,0.5,1.0
64,36,-5.326323509216309,3.7870254516601562,0.75,0.75,1.0
64,37,-4.429096221923828,4.377007961273193,0.6666666865348816,0.6666666865348816,1.0
64,38,-12.254858016967773,21.406925201416016,0.25,0.5,1.0
64,39,-2.732323169708252,3.920274257659912,0.5,1.0,1.0
64,40,-16.337677001953125,231.8040313720703,0.0,0.3333333432674408,0.6666666865348816
64,41,-10.092978477478027,5.3771748542785645,0.6666666865348816,0.8333333730697632,1.0
64,42,-7.503124713897705,42.58756637573242,0.5,0.5,1.0
64,43,-4.738098621368408,2.5795624256134033,0.800000011920929,1.0,1.0
64,44,-7.972253799438477,53.84593200683594,0.0,0.5,1.0
64,45,-6.357128143310547,24.012248992919922,0.5,0.5,1.0
64,46,-19.215652465820312,11.04476547241211,0.5,0.625,1.0
64,47,-22.617151260375977,43.359474182128906,0.5,0.8333333730697632,0.8333333730697632
64,48,-4.897960662841797,134.01620483398438,0.0,0.0,1.0
64,49,-8.603848457336426,73.84175109863281,0.0,0.5,1.0
64,50,-5.139601707458496,13.063222885131836,0.5,1.0,1.0
64,51,-0.26395103335380554,1.141080379486084,1.0,1.0,1.0
64,52,-3.9464006423950195,3.7264902591705322,0.6666666865348816,1.0,1.0
64,53,-23.061012268066406,26.962047576904297,0.2857142984867096,0.7142857313156128,1.0
64,54,-8.73449420928955,18.384319305419922,0.3333333432674408,0.6666666865348816,1.0
64,55,-10.086504936218262,154.97325134277344,0.5,0.5,1.0
64,56,-16.999462127685547,29.960872650146484,0.4000000059604645,0.6000000238418579,0.800000011920929
64,57,-1.7489796876907349,5.748734474182129,1.0,1.0,1.0
64,58,-10.94480037689209,4.775711536407471,0.5714285969734192,1.0,1.0
64,59,-5.506048679351807,15.690011978149414,0.0,1.0,1.0
64,60,-1.4023128747940063,1.2218064069747925,1.0,1.0,1.0
64,61,-7.578941345214844,44.23297882080078,0.5,0.5,1.0
64,62,-4.397426605224609,81.24153137207031,0.0,1.0,1.0
64,63,-8.660018920898438,8.714643478393555,0.5,0.75,1.0
64,64,-0.6326054334640503,1.8825089931488037,1.0,1.0,1.0
64,65,-4.7692646980285645,10.855071067810059,0.0,1.0,1.0
64,66,-6.952824592590332,4.01711893081665,0.800000011920929,1.0,1.0
64,67,-11.248604774475098,9.485090255737305,0.800000011920929,0.800000011920929,0.800000011920929
64,68,-39.51874542236328,52.032814025878906,0.20000000298023224,0.699999988079071,0.800000011920929
64,69,-20.13164520263672,28.653461456298828,0.3333333432674408,0.6666666865348816,0.8333333730697632
64,70,-12.324522972106934,21.78302001953125,0.5,0.5,1.0
64,71,-7.014848232269287,33.362220764160156,0.5,0.5,1.0
64,72,-4.023869037628174,2.734551191329956,0.5,1.0,1.0
64,73,-7.3889079093933105,1617.938232421875,0.0,0.0,1.0
64,74,-15.830850601196289,52.33747482299805,0.5,0.75,0.75
64,75,-2.0458483695983887,2.781315803527832,1.0,1.0,1.0
64,76,-1.7191047668457031,1.77364182472229,0.6666666865348816,1.0,1.0
64,77,-2.71022367477417,1.5709867477416992,1.0,1.0,1.0
64,78,-12.905153274536133,25.18600082397461,0.75,0.75,0.75
64,79,-4.585151672363281,3.146491289138794,0.75,1.0,1.0
64,80,-6.096047878265381,7.629452228546143,0.6666666865348816,0.6666666865348816,1.0
64,81,-6.5390214920043945,2.2645535469055176,0.75,1.0,1.0
64,82,-11.160161972045898,41.26662063598633,0.3333333432674408,0.6666666865348816,0.6666666865348816
64,83,-3.6798055171966553,39.6386833190918,0.0,1.0,1.0
64,84,-12.093250274658203,11.23068904876709,0.4000000059604645,0.6000000238418579,1.0
64,85,-2.84537935256958,4.148262977600098,0.0,1.0,1.0
64,86,-26.30402374267578,13.879352569580078,0.6000000238418579,0.699999988079071,0.9000000357627869
64,87,-10.640859603881836,4.572786331176758,0.5714285969734192,0.8571429252624512,1.0
64,88,-3.6457464694976807,6.189617156982422,0.5,1.0,1.0
64,89,-39.45895004272461,2675.22802734375,0.20000000298023224,0.20000000298023224,0.6000000238418579
64,90,-10.754076957702637,6.003520965576172,0.5,1.0,1.0
64,91,-0.8031482696533203,1.494174838066101,1.0,1.0,1.0
64,92,-23.554004669189453,50.68690490722656,0.6666666865348816,0.6666666865348816,0.8333333730697632
64,93,-1.8043402433395386,1.8247568607330322,0.6666666865348816,1.0,1.0
64,94,-12.389827728271484,22.141572952270508,0.25,0.75,1.0
64,95,-4.540678977966309,9.682686805725098,0.5,1.0,1.0
64,96,-8.968382835388184,9.413037300109863,0.5,0.75,1.0
64,97,-9.698881149291992,11.299068450927734,0.5,0.75,1.0
64,98,-21.344120025634766,8.452075958251953,0.4000000059604645,0.699999988079071,1.0
64,99,-8.057380676269531,14.669838905334473,0.3333333432674408,1.0,1.0
64,100,-6.785454750061035,29.746973037719727,0.0,1.0,1.0
64,101,-7.063758850097656,5.84706449508667,0.25,1.0,1.0
64,102,-1.8783745765686035,2.5579018592834473,1.0,1.0,1.0
64,103,-0.3510594367980957,1.1918773651123047,1.0,1.0,1.0
64,104,-4.024677276611328,1.9557613134384155,0.8333333730697632,1.0,1.0
64,105,-9.851167678833008,26.674888610839844,0.3333333432674408,0.6666666865348816,1.0
64,106,-4.419672012329102,9.114221572875977,0.5,0.5,1.0
64,107,-12.125694274902344,429.5968322753906,0.5,0.5,0.5
64,108,-6.761872291564941,29.398279190063477,0.5,0.5,1.0
64,109,-34.85334014892578,48.0668830871582,0.4444444477558136,0.5555555820465088,0.7777777910232544
64,110,-9.7388334274292,130.2449188232422,0.5,0.5,0.5
64,111,-14.439239501953125,17.954627990722656,0.4000000059604645,0.800000011920929,1.0
64,112,-2.1987216472625732,2.0811221599578857,0.6666666865348816,1.0,1.0
64,113,-1.8326988220214844,1.842087745666504,0.6666666865348816,1.0,1.0
64,114,-3.3858394622802734,29.542781829833984,0.0,1.0,1.0
64,115,-11.838424682617188,372.1184997558594,0.0,0.5,0.5
64,116,-2.585160970687866,3.6421730518341064,0.5,1.0,1.0
64,117,-10.674996376037598,2.273120641708374,0.8461538553237915,0.9230769872665405,1.0
64,118,-9.148569107055664,96.9586410522461,0.5,0.5,0.5
64,119,-2.7171132564544678,3.890573740005493,0.5,1.0,1.0
64,120,-21.386951446533203,14.488698959350586,0.625,0.75,0.875
64,121,-20.185359954833984,28.9111270904541,0.3333333432674408,0.6666666865348816,1.0
64,122,-7.461481094360352,3.4680075645446777,0.6666666865348816,1.0,1.0
64,123,-16.695070266723633,64.95973205566406,0.5,0.75,0.75
64,124,-10.946918487548828,8.929707527160645,0.6000000238418579,0.6000000238418579,1.0
64,125,-9.411967277526855,10.516987800598145,0.5,0.75,1.0
64,126,-16.105043411254883,56.050933837890625,0.5,0.75,0.75
64,127,-2.9282803535461426,2.6540677547454834,0.6666666865348816,1.0,1.0
64,128,-11.943241119384766,19.802541732788086,0.5,0.5,1.0
64,129,-2.982102870941162,19.729259490966797,0.0,1.0,1.0
64,130,-11.926753044128418,53.2812385559082,0.6666666865348816,0.6666666865348816,0.6666666865348816
64,131,-9.365429878234863,6.508350372314453,0.6000000238418579,1.0,1.0
64,132,-2.2168731689453125,9.17858600616455,0.0,1.0,1.0
64,133,-3.236421823501587,5.044057846069336,0.5,1.0,1.0
64,134,-12.526326179504395,524.8765869140625,0.0,0.0,1.0
64,135,-1.5070459842681885,1.6525981426239014,0.6666666865348816,1.0,1.0
64,136,-6.306515693664551,23.412214279174805,0.5,1.0,1.0
64,137,-13.629091262817383,911.0025024414062,0.5,0.5,0.5
64,138,-5.936976909637451,7.235448360443115,0.6666666865348816,0.6666666865348816,1.0
64,139,-5.514808654785156,3.0130767822265625,0.6000000238418579,1.0,1.0
64,140,-6.552011013031006,8.881793975830078,0.3333333432674408,1.0,1.0
64,141,-10.361464500427246,13.3346529006958,0.25,1.0,1.0
64,142,-15.162847518920898,20.75048065185547,0.20000000298023224,0.800000011920929,0.800000011920929
64,143,-11.94694709777832,392.8679504394531,0.0,0.5,1.0
64,144,-17.400985717773438,77.49755859375,0.5,0.75,0.75
64,145,-20.84701156616211,8.042186737060547,0.5,0.800000011920929,1.0
64,146,-12.173372268676758,57.84637451171875,0.0,0.6666666865348816,1.0
64,147,-2.357379913330078,3.2501137256622314,0.5,1.0,1.0
64,148,-10.344612121582031,176.3209686279297,0.5,0.5,0.5
65,0,-9.52772331237793,117.19763946533203,0.5,0.5,0.5
65,1,-11.444201469421387,4.180894374847412,0.75,0.875,1.0
65,2,-10.584237098693848,198.7640838623047,0.5,0.5,0.5
65,3,-5.242805480957031,189.20016479492188,0.0,1.0,1.0
65,4,-13.203985214233398,736.5614013671875,0.5,0.5,0.5
65,5,-0.44496840238571167,1.2491761445999146,1.0,1.0,1.0
65,6,-0.4249323904514313,1.1521666049957275,1.0,1.0,1.0
65,7,-4.793071746826172,10.98505687713623,0.5,0.5,1.0
65,8,-12.734149932861328,12.766569137573242,0.6000000238418579,0.800000011920929,0.800000011920929
65,9,-0.05002937838435173,1.0253301858901978,1.0,1.0,1.0
65,10,-14.401956558227539,121.58966827392578,0.6666666865348816,0.6666666865348816,0.6666666865348816
65,11,-10.243844985961914,30.405237197875977,0.0,0.6666666865348816,1.0
65,12,-0.9726425409317017,1.6263223886489868,1.0,1.0,1.0
65,13,-11.437939643859863,304.5909729003906,0.5,0.5,1.0
65,14,-3.6043922901153564,3.324981451034546,0.3333333432674408,1.0,1.0
65,15,-6.763710975646973,5.424510955810547,0.75,0.75,1.0
65,16,-5.3322272300720215,5.914512634277344,0.6666666865348816,0.6666666865348816,1.0
65,17,-4.830364227294922,5.003418922424316,0.6666666865348816,1.0,1.0
65,18,-3.3260152339935303,2.2967700958251953,0.5,1.0,1.0
65,19,-8.192499160766602,3.9173543453216553,0.6666666865348816,0.8333333730697632,1.0
65,20,-3.276874542236328,2.268726348876953,0.75,1.0,1.0
65,21,-5.707634925842285,6.702931880950928,0.3333333432674408,0.6666666865348816,1.0
65,22,-6.691582679748535,28.383026123046875,0.5,0.5,1.0
65,23,-12.4336519241333,7.942875862121582,0.5,0.8333333730697632,1.0
65,24,-1.9862582683563232,7.288212299346924,0.0,1.0,1.0
65,25,-30.57052993774414,6.757534980773926,0.375,0.875,1.0
65,26,-0.5891741514205933,1.3425718545913696,1.0,1.0,1.0
65,27,-6.062227249145508,4.551955223083496,0.75,1.0,1.0
65,28,-8.455906867980957,16.753976821899414,0.0,0.6666666865348816,1.0
65,29,-1.188225269317627,3.28125262260437,1.0,1.0,1.0
65,30,-10.048494338989258,152.0557403564453,0.5,0.5,0.5
65,31,-0.55967777967453,1.3229167461395264,1.0,1.0,1.0
65,32,-5.069904804229736,12.615830421447754,0.5,1.0,1.0
65,33,-1.3765538930892944,1.9902831315994263,1.0,1.0,1.0
65,34,-1.3178462982177734,3.735367774963379,1.0,1.0,1.0
65,35,-4.120205879211426,7.846777439117432,0.5,1.0,1.0
65,36,-5.324831008911133,3.7856125831604004,0.75,0.75,1.0
65,37,-4.411111354827881,4.350846290588379,0.6666666865348816,0.6666666865348816,1.0
65,38,-12.267061233520508,21.472333908081055,0.25,0.5,1.0
65,39,-2.741699695587158,3.9386963844299316,0.5,1.0,1.0
65,40,-16.28558921813965,227.81407165527344,0.0,0.3333333432674408,0.6666666865348816
65,41,-9.970479011535645,5.2685041427612305,0.6666666865348816,0.8333333730697632,1.0
65,42,-7.485343933105469,42.21062469482422,0.5,0.5,1.0
65,43,-4.802118301391602,2.6128032207489014,0.800000011920929,1.0,1.0
65,44,-7.983235836029053,54.142417907714844,0.0,0.5,1.0
65,45,-6.362509727478027,24.076948165893555,0.5,0.5,1.0
65,46,-19.257801055908203,11.103108406066895,0.5,0.625,1.0
65,47,-22.46063995361328,42.2430534362793,0.5,0.8333333730697632,0.8333333730697632
65,48,-4.98543119430542,146.26663208007812,0.0,0.0,1.0
65,49,-8.76095962524414,79.87635040283203,0.0,0.5,1.0
65,50,-5.180929183959961,13.335966110229492,0.5,1.0,1.0
65,51,-0.27252429723739624,1.145982265472412,1.0,1.0,1.0
65,52,-3.9249324798583984,3.699918508529663,0.6666666865348816,1.0,1.0
65,53,-23.28316307067871,27.831436157226562,0.2857142984867096,0.7142857313156128,1.0
65,54,-8.716985702514648,18.27733612060547,0.3333333432674408,0.6666666865348816,1.0
65,55,-10.164316177368164,161.1213836669922,0.5,0.5,1.0
65,56,-16.97188377380371,29.796077728271484,0.4000000059604645,0.6000000238418579,0.800000011920929
65,57,-1.7943941354751587,6.015828609466553,1.0,1.0,1.0
65,58,-10.885152816772461,4.735189914703369,0.5714285969734192,1.0,1.0
65,59,-5.507946014404297,15.704903602600098,0.0,1.0,1.0
65,60,-1.399588942527771,1.2213311195373535,1.0,1.0,1.0
65,61,-7.520932197570801,42.968448638916016,0.5,0.5,1.0
65,62,-4.395045280456543,81.04830932617188,0.0,1.0,1.0
65,63,-8.660531997680664,8.715761184692383,0.5,0.75,1.0
65,64,-0.6648297309875488,1.9441593885421753,1.0,1.0,1.0
65,65,-4.717403411865234,10.577210426330566,0.0,1.0,1.0
65,66,-6.912984848022461,3.9852375984191895,0.800000011920929,1.0,1.0
65,67,-11.234882354736328,9.459092140197754,0.800000011920929,0.800000011920929,0.800000011920929
65,68,-39.693626403808594,52.95077896118164,0.20000000298023224,0.699999988079071,0.800000011920929
65,69,-20.223220825195312,29.094141006469727,0.3333333432674408,0.6666666865348816,0.8333333730697632
65,70,-12.290372848510742,21.59783935546875,0.5,0.5,1.0
65,71,-6.90983772277832,31.65572166442871,0.5,0.5,1.0
65,72,-4.094336986541748,2.7831523418426514,0.5,1.0,1.0
65,73,-7.459702968597412,1736.632080078125,0.0,0.0,1.0
65,74,-15.739444732666016,51.15504837036133,0.5,0.75,0.75
65,75,-2.0389504432678223,2.771739959716797,1.0,1.0,1.0
65,76,-1.6949424743652344,1.7594139575958252,0.6666666865348816,1.0,1.0
65,77,-2.7060515880584717,1.5698946714401245,1.0,1.0,1.0
65,78,-12.960862159729004,25.53922462463379,0.75,0.75,0.75
65,79,-4.513554573059082,3.090672254562378,0.75,1.0,1.0
65,80,-6.110956192016602,7.667459964752197,0.6666666865348816,0.6666666865348816,1.0
65,81,-6.587170600891113,2.278224229812622,0.75,1.0,1.0
65,82,-11.163064956665039,41.306575775146484,0.3333333432674408,0.6666666865348816,0.6666666865348816
65,83,-3.7149243354797363,41.05548095703125,0.0,1.0,1.0
65,84,-12.103826522827148,11.254469871520996,0.4000000059604645,0.6000000238418579,1.0
65,85,-2.782195806503296,4.019260406494141,0.0,1.0,1.0
65,86,-26.411659240722656,14.029552459716797,0.6000000238418579,0.699999988079071,0.9000000357627869
65,87,-10.702486038208008,4.613222599029541,0.5714285969734192,0.8571429252624512,1.0
65,88,-3.6438612937927246,6.183785915374756,0.5,1.0,1.0
65,89,-39.504371643066406,2699.641357421875,0.20000000298023224,0.20000000298023224,0.6000000238418579
65,90,-10.73393440246582,5.983400821685791,0.5,1.0,1.0
65,91,-0.7766450047492981,1.4745053052902222,1.0,1.0,1.0
65,92,-23.229646682739258,48.01953125,0.6666666865348816,0.6666666865348816,0.8333333730697632
65,93,-1.8084794282913208,1.8272762298583984,0.6666666865348816,1.0,1.0
65,94,-12.274771690368652,21.513765335083008,0.25,0.75,1.0
65,95,-4.56888484954834,9.820209503173828,0.5,1.0,1.0
65,96,-9.051777839660645,9.611347198486328,0.5,0.75,1.0
65,97,-9.665047645568848,11.203899383544922,0.5,0.75,1.0
65,98,-21.43855094909668,8.532266616821289,0.4000000059604645,0.699999988079071,1.0
65,99,-8.193910598754883,15.352886199951172,0.3333333432674408,1.0,1.0
65,100,-6.872377872467041,31.068326950073242,0.0,1.0,1.0
65,101,-7.044366836547852,5.81878662109375,0.25,1.0,1.0
65,102,-1.8536322116851807,2.5264525413513184,1.0,1.0,1.0
65,103,-0.3429890275001526,1.1870776414871216,1.0,1.0,1.0
65,104,-4.045854568481445,1.9626764059066772,0.8333333730697632,1.0,1.0
65,105,-9.939092636108398,27.46825408935547,0.3333333432674408,0.3333333432674408,1.0
65,106,-4.354093074798584,8.820218086242676,0.5,0.5,1.0
65,107,-12.003458023071289,404.126953125,0.5,0.5,0.5
65,108,-6.74359130859375,29.13079071044922,0.5,0.5,1.0
65,109,-34.86284637451172,48.11767578125,0.4444444477558136,0.5555555820465088,0.7777777910232544
65,110,-9.74990463256836,130.96791076660156,0.5,0.5,0.5
65,111,-14.506135940551758,18.196462631225586,0.4000000059604645,0.800000011920929,1.0
65,112,-2.2188467979431152,2.09512996673584,0.6666666865348816,1.0,1.0
65,113,-1.8131417036056519,1.830118179321289,0.6666666865348816,1.0,1.0
65,114,-3.3831024169921875,29.462032318115234,0.0,1.0,1.0
65,115,-11.84740161895752,373.79248046875,0.0,0.5,0.5
65,116,-2.5978240966796875,3.665306806564331,0.5,1.0,1.0
65,117,-10.630327224731445,2.2653234004974365,0.8461538553237915,0.9230769872665405,1.0
65,118,-9.164977073669434,97.75736236572266,0.5,0.5,0.5
65,119,-2.663900136947632,3.788423776626587,0.5,1.0,1.0
65,120,-21.462661743164062,14.626466751098633,0.625,0.75,0.875
65,121,-20.269493103027344,29.319387435913086,0.3333333432674408,0.6666666865348816,1.0
65,122,-7.48661994934082,3.4825680255889893,0.6666666865348816,1.0,1.0
65,123,-16.684206008911133,64.78353118896484,0.5,0.75,0.75
65,124,-11.020160675048828,9.061477661132812,0.6000000238418579,0.6000000238418579,1.0
65,125,-9.455031394958496,10.63082504272461,0.5,0.75,1.0
65,126,-16.110416412353516,56.126277923583984,0.5,0.75,0.75
65,127,-2.907219409942627,2.635500431060791,0.6666666865348816,1.0,1.0
65,128,-12.116340637207031,20.678308486938477,0.5,0.5,1.0
65,129,-2.95658802986145,19.232240676879883,0.0,1.0,1.0
65,130,-11.926566123962402,53.277923583984375,0.6666666865348816,0.6666666865348816,0.6666666865348816
65,131,-9.397773742675781,6.5505876541137695,0.6000000238418579,0.800000011920929,1.0
65,132,-2.223478317260742,9.239413261413574,0.0,1.0,1.0
65,133,-3.256835699081421,5.095806121826172,0.5,1.0,1.0
65,134,-12.485846519470215,514.3599243164062,0.0,0.0,1.0
65,135,-1.4729664325714111,1.633931040763855,0.6666666865348816,1.0,1.0
65,136,-6.279779434204102,23.101318359375,0.5,1.0,1.0
65,137,-13.63460636138916,913.5181274414062,0.5,0.5,0.5
65,138,-5.996277809143066,7.379894256591797,0.6666666865348816,0.6666666865348816,1.0
65,139,-5.504555702209473,3.0069046020507812,0.6000000238418579,1.0,1.0
65,140,-6.571880340576172,8.940815925598145,0.3333333432674408,1.0,1.0
65,141,-10.367541313171387,13.354927062988281,0.25,1.0,1.0
65,142,-15.116329193115234,20.55832290649414,0.20000000298023224,0.800000011920929,0.800000011920929
65,143,-11.920672416687012,387.7404479980469,0.0,0.5,1.0
65,144,-17.41762924194336,77.82068634033203,0.5,0.75,0.75
65,145,-20.86762046813965,8.058778762817383,0.5,0.800000011920929,1.0
65,146,-12.156291961669922,57.517967224121094,0.0,0.6666666865348816,1.0
65,147,-2.409782648086548,3.3363964557647705,0.5,1.0,1.0
65,148,-10.396310806274414,180.93817138671875,0.5,0.5,0.5
66,0,-9.604439735412598,121.78044891357422,0.5,0.5,0.5
66,1,-11.390390396118164,4.152866363525391,0.75,0.875,1.0
66,2,-10.621009826660156,202.45242309570312,0.5,0.5,0.5
66,3,-5.230827808380127,186.94749450683594,0.0,1.0,1.0
66,4,-13.16430377960205,722.091552734375,0.5,0.5,0.5
66,5,-0.4235030710697174,1.2358407974243164,1.0,1.0,1.0
66,6,-0.38051602244377136,1.1352338790893555,1.0,1.0,1.0
66,7,-4.698323726654053,10.476785659790039,0.5,0.5,1.0
66,8,-12.67034912109375,12.604700088500977,0.6000000238418579,0.800000011920929,0.800000011920929
66,9,-0.05248691141605377,1.0265908241271973,1.0,1.0,1.0
66,10,-14.400459289550781,121.52904510498047,0.6666666865348816,0.6666666865348816,0.6666666865348816
66,11,-10.244134902954102,30.40818214416504,0.0,0.6666666865348816,1.0
66,12,-0.975558876991272,1.6286956071853638,1.0,1.0,1.0
66,13,-11.464842796325684,308.71588134765625,0.5,0.5,1.0
66,14,-3.5874528884887695,3.306259870529175,0.3333333432674408,1.0,1.0
66,15,-6.781759738922119,5.449042797088623,0.75,0.75,1.0
66,16,-5.4115424156188965,6.072968006134033,0.6666666865348816,0.6666666865348816,1.0
66,17,-4.8267822265625,4.997447967529297,0.6666666865348816,1.0,1.0
66,18,-3.3913543224334717,2.334595203399658,0.5,1.0,1.0
66,19,-8.270157814025879,3.968386650085449,0.6666666865348816,0.8333333730697632,1.0
66,20,-3.363582134246826,2.3184423446655273,0.75,1.0,1.0
66,21,-5.696412086486816,6.677903652191162,0.3333333432674408,0.6666666865348816,1.0
66,22,-6.6896748542785645,28.35596466064453,0.5,0.5,1.0
66,23,-12.379502296447754,7.8715128898620605,0.5,0.8333333730697632,1.0
66,24,-1.9715807437896729,7.182020664215088,0.0,1.0,1.0
66,25,-30.577720642089844,6.76057243347168,0.375,0.875,1.0
66,26,-0.5912055969238281,1.3439363241195679,1.0,1.0,1.0
66,27,-6.035665988922119,4.521828651428223,0.75,1.0,1.0
66,28,-8.430234909057617,16.61121940612793,0.0,0.6666666865348816,1.0
66,29,-1.1422902345657349,3.1339375972747803,1.0,1.0,1.0
66,30,-10.16997241973877,161.5777130126953,0.5,0.5,0.5
66,31,-0.5477546453475952,1.3150534629821777,1.0,1.0,1.0
66,32,-5.064561367034912,12.582169532775879,0.5,1.0,1.0
66,33,-1.3622472286224365,1.9760968685150146,1.0,1.0,1.0
66,34,-1.3486696481704712,3.852297306060791,1.0,1.0,1.0
66,35,-4.229106426239014,8.285882949829102,0.5,0.5,1.0
66,36,-5.350535869598389,3.810018301010132,0.75,0.75,1.0
66,37,-4.423430919647217,4.368750095367432,0.6666666865348816,0.6666666865348816,1.0
66,38,-12.180356979370117,21.011905670166016,0.25,0.5,1.0
66,39,-2.7269949913024902,3.909843921661377,0.5,1.0,1.0
66,40,-16.40682601928711,237.20913696289062,0.0,0.3333333432674408,0.6666666865348816
66,41,-10.497377395629883,5.7520880699157715,0.6666666865348816,0.8333333730697632,1.0
66,42,-7.409101486206055,40.63178634643555,0.5,0.5,1.0
66,43,-4.767516613006592,2.5947842597961426,0.800000011920929,1.0,1.0
66,44,-7.899258613586426,51.91611862182617,0.0,0.5,1.0
66,45,-6.3263773918151855,23.645875930786133,0.5,0.5,1.0
66,46,-19.29030990600586,11.148319244384766,0.5,0.625,1.0
66,47,-22.3302001953125,41.33460235595703,0.5,0.8333333730697632,0.8333333730697632
66,48,-5.023320198059082,151.91485595703125,0.0,0.0,1.0
66,49,-8.643123626708984,75.30615234375,0.0,0.5,1.0
66,50,-5.104616641998291,12.836701393127441,0.5,1.0,1.0
66,51,-0.27526724338531494,1.1475551128387451,1.0,1.0,1.0
66,52,-3.9102861881256104,3.681899309158325,0.6666666865348816,1.0,1.0
66,53,-23.233675003051758,27.635366439819336,0.2857142984867096,0.7142857313156128,1.0
66,54,-8.725460052490234,18.329038619995117,0.3333333432674408,0.6666666865348816,1.0
66,55,-10.168524742126465,161.46080017089844,0.5,0.5,0.5
66,56,-16.974626541137695,29.812427520751953,0.4000000059604645,0.6000000238418579,0.800000011920929
66,57,-1.7750533819198608,5.900596618652344,1.0,1.0,1.0
66,58,-10.873129844665527,4.72706413269043,0.5714285969734192,1.0,1.0
66,59,-5.575438499450684,16.243928909301758,0.0,1.0,1.0
66,60,-1.4028561115264893,1.2219011783599854,1.0,1.0,1.0
66,61,-7.502776145935059,42.580142974853516,0.5,0.5,1.0
66,62,-4.3821001052856445,80.00587463378906,0.0,1.0,1.0
66,63,-8.652105331420898,8.697419166564941,0.5,0.75,1.0
66,64,-0.6269009709358215,1.8718008995056152,1.0,1.0,1.0
66,65,-4.7347211837768555,10.669195175170898,0.0,1.0,1.0
66,66,-6.92817497253418,3.997363567352295,0.800000011920929,1.0,1.0
66,67,-11.277692794799805,9.54042911529541,0.800000011920929,0.800000011920929,0.800000011920929
66,68,-39.63652038574219,52.64925765991211,0.20000000298023224,0.699999988079071,0.800000011920929
66,69,-20.226947784423828,29.112215042114258,0.3333333432674408,0.6666666865348816,0.8333333730697632
66,70,-12.371875762939453,22.042423248291016,0.5,0.5,1.0
66,71,-6.953734397888184,32.358192443847656,0.5,0.5,1.0
66,72,-4.015639781951904,2.728930950164795,0.5,1.0,1.0
66,73,-7.5433759689331055,1888.1937255859375,0.0,0.0,1.0
66,74,-15.844968795776367,52.522525787353516,0.5,0.75,0.75
66,75,-2.035521984100342,2.7669925689697266,1.0,1.0,1.0
66,76,-1.7319773435592651,1.7812684774398804,0.6666666865348816,1.0,1.0
66,77,-2.740788459777832,1.579010009765625,1.0,1.0,1.0
66,78,-12.896842002868652,25.13372230529785,0.75,0.75,0.75
66,79,-4.5446648597717285,3.1148040294647217,0.75,1.0,1.0
66,80,-6.077557563781738,7.582571983337402,0.6666666865348816,0.6666666865348816,1.0
66,81,-6.523106098175049,2.2600529193878174,0.75,1.0,1.0
66,82,-11.155725479125977,41.20564651489258,0.3333333432674408,0.6666666865348816,0.6666666865348816
66,83,-3.715944766998291,41.09739685058594,0.0,1.0,1.0
66,84,-12.034132957458496,11.09868335723877,0.4000000059604645,0.6000000238418579,1.0
66,85,-2.7752504348754883,4.005327224731445,0.0,1.0,1.0
66,86,-26.351696014404297,13.945676803588867,0.6000000238418579,0.699999988079071,0.9000000357627869
66,87,-10.672067642211914,4.593218803405762,0.5714285969734192,0.8571429252624512,1.0
66,88,-3.625053644180298,6.1259074211120605,0.5,1.0,1.0
66,89,-39.50670623779297,2700.903076171875,0.20000000298023224,0.20000000298023224,0.6000000238418579
66,90,-10.741321563720703,5.990771770477295,0.5,1.0,1.0
66,91,-0.8070283532142639,1.497076392173767,1.0,1.0,1.0
66,92,-23.41298484802246,49.509483337402344,0.5,0.6666666865348816,0.8333333730697632
66,93,-1.8929451704025269,1.8794548511505127,0.6666666865348816,1.0,1.0
66,94,-12.202081680297852,21.1263370513916,0.25,0.75,1.0
66,95,-4.625124931335449,10.100273132324219,0.5,1.0,1.0
66,96,-9.064656257629395,9.642341613769531,0.5,0.75,1.0
66,97,-9.683696746826172,11.256258010864258,0.5,0.75,1.0
66,98,-21.31660270690918,8.428849220275879,0.4000000059604645,0.800000011920929,1.0
66,99,-8.132561683654785,15.042113304138184,0.3333333432674408,1.0,1.0
66,100,-6.828075408935547,30.387693405151367,0.0,1.0,1.0
66,101,-7.063309669494629,5.846407890319824,0.25,1.0,1.0
66,102,-1.9085755348205566,2.59682035446167,1.0,1.0,1.0
66,103,-0.340006560087204,1.185308814048767,1.0,1.0,1.0
66,104,-4.014803886413574,1.9525456428527832,0.8333333730697632,1.0,1.0
66,105,-9.852429389953613,26.68610954284668,0.3333333432674408,0.6666666865348816,1.0
66,106,-4.373658657073975,8.906927108764648,0.5,0.5,1.0
66,107,-12.091121673583984,422.2344970703125,0.5,0.5,0.5
66,108,-6.698154449462891,28.4764461517334,0.5,0.5,1.0
66,109,-34.748817443847656,47.51188278198242,0.4444444477558136,0.5555555820465088,0.7777777910232544
66,110,-9.798163414001465,134.16651916503906,0.5,0.5,0.5
66,111,-14.450211524963379,17.99407196044922,0.4000000059604645,0.800000011920929,1.0
66,112,-2.23185133934021,2.104231834411621,0.6666666865348816,1.0,1.0
66,113,-1.7905824184417725,1.8164079189300537,0.6666666865348816,1.0,1.0
66,114,-3.3418896198272705,28.27250099182129,0.0,1.0,1.0
66,115,-11.80672836303711,366.267578125,0.0,0.5,0.5
66,116,-2.617318868637085,3.7012085914611816,0.5,1.0,1.0
66,117,-10.612163543701172,2.262160539627075,0.8461538553237915,0.9230769872665405,1.0
66,118,-9.189398765563965,98.95838165283203,0.5,0.5,0.5
66,119,-2.702444076538086,3.862142324447632,0.5,1.0,1.0
66,120,-21.04621124267578,13.88454532623291,0.625,0.75,0.875
66,121,-20.225421905517578,29.104816436767578,0.3333333432674408,0.6666666865348816,1.0
66,122,-7.409741401672363,3.438230037689209,0.6666666865348816,1.0,1.0
66,123,-16.738231658935547,65.66446685791016,0.5,0.75,0.75
66,124,-11.030266761779785,9.079809188842773,0.6000000238418579,0.6000000238418579,1.0
66,125,-9.51609992980957,10.794373512268066,0.5,0.75,1.0
66,126,-15.927925109863281,53.623172760009766,0.5,0.75,0.75
66,127,-2.9036953449249268,2.63240647315979,0.6666666865348816,1.0,1.0
66,128,-12.003131866455078,20.10127067565918,0.5,0.5,1.0
66,129,-2.9621195793151855,19.338918685913086,0.0,1.0,1.0
66,130,-11.917304992675781,53.113704681396484,0.6666666865348816,0.6666666865348816,0.6666666865348816
66,131,-9.400676727294922,6.554391384124756,0.6000000238418579,1.0,1.0
66,132,-2.2395994663238525,9.389569282531738,0.0,1.0,1.0
66,133,-3.2075629234313965,4.971797466278076,0.5,1.0,1.0
66,134,-12.503212928771973,518.8456420898438,0.0,0.0,1.0
66,135,-1.494157314300537,1.6455135345458984,0.6666666865348816,1.0,1.0
66,136,-6.331043720245361,23.701108932495117,0.5,1.0,1.0
66,137,-13.645362854003906,918.4443969726562,0.5,0.5,0.5
66,138,-6.072633743286133,7.5701375007629395,0.6666666865348816,0.6666666865348816,1.0
66,139,-5.5412445068359375,3.029049873352051,0.6000000238418579,1.0,1.0
66,140,-6.58963680267334,8.993891716003418,0.3333333432674408,1.0,1.0
66,141,-10.367315292358398,13.354171752929688,0.25,1.0,1.0
66,142,-15.138113021850586,20.648088455200195,0.20000000298023224,0.800000011920929,0.800000011920929
66,143,-11.961690902709961,395.77484130859375,0.0,0.5,1.0
66,144,-17.467464447021484,78.79631042480469,0.5,0.75,0.75
66,145,-20.8555908203125,8.049091339111328,0.5,0.800000011920929,1.0
66,146,-12.207473754882812,58.50768280029297,0.0,0.6666666865348816,1.0
66,147,-2.2664263248443604,3.105619192123413,0.5,1.0,1.0
66,148,-10.36812973022461,178.4065399169922,0.5,0.5,0.5
67,0,-9.512192726135254,116.29107666015625,0.5,0.5,0.5
67,1,-11.437837600708008,4.17756986618042,0.75,0.875,1.0
67,2,-10.633183479309082,203.6884765625,0.5,0.5,0.5
67,3,-5.233624458312988,187.47105407714844,0.0,1.0,1.0
67,4,-13.061062812805176,685.7625122070312,0.5,0.5,0.5
67,5,-0.4472084045410156,1.2505759000778198,1.0,1.0,1.0
67,6,-0.39361557364463806,1.1402016878128052,1.0,1.0,1.0
67,7,-4.734335422515869,10.667137145996094,0.5,0.5,1.0
67,8,-12.798094749450684,12.930889129638672,0.6000000238418579,0.800000011920929,0.800000011920929
67,9,-0.047841768711805344,1.0242092609405518,1.0,1.0,1.0
67,10,-14.392213821411133,121.19548034667969,0.6666666865348816,0.6666666865348816,0.6666666865348816
67,11,-10.206523895263672,30.029333114624023,0.0,0.6666666865348816,1.0
67,12,-0.9944740533828735,1.644172191619873,1.0,1.0,1.0
67,13,-11.402013778686523,299.16845703125,0.5,0.5,1.0
67,14,-3.5855937004089355,3.3042118549346924,0.3333333432674408,1.0,1.0
67,15,-6.854104042053223,5.54849100112915,0.75,0.75,1.0
67,16,-5.391216278076172,6.031960487365723,0.6666666865348816,0.6666666865348816,1.0
67,17,-4.880387783050537,5.087547302246094,0.6666666865348816,1.0,1.0
67,18,-3.3254623413085938,2.296452760696411,0.5,1.0,1.0
67,19,-8.224695205688477,3.9384312629699707,0.6666666865348816,0.8333333730697632,1.0
67,20,-3.3329386711120605,2.3007490634918213,0.75,1.0,1.0
67,21,-5.697206020355225,6.679670810699463,0.3333333432674408,0.6666666865348816,1.0
67,22,-6.679401874542236,28.2106876373291,0.5,0.5,1.0
67,23,-12.496585845947266,8.026626586914062,0.5,0.8333333730697632,1.0
67,24,-2.0102572441101074,7.465238094329834,0.0,1.0,1.0
67,25,-30.442625045776367,6.70373010635376,0.375,0.875,1.0
67,26,-0.5933061242103577,1.3453484773635864,1.0,1.0,1.0
67,27,-6.011142253875732,4.494190692901611,0.75,1.0,1.0
67,28,-8.382572174072266,16.349390029907227,0.0,0.6666666865348816,1.0
67,29,-1.212345004081726,3.3613576889038086,1.0,1.0,1.0
67,30,-10.233002662658691,166.7509307861328,0.5,0.5,0.5
67,31,-0.5535068511962891,1.3188412189483643,1.0,1.0,1.0
67,32,-5.017269134521484,12.288140296936035,0.5,1.0,1.0
67,33,-1.4059022665023804,2.0197043418884277,1.0,1.0,1.0
67,34,-1.343501329421997,3.8324387073516846,1.0,1.0,1.0
67,35,-4.201104640960693,8.17068099975586,0.5,0.5,1.0
67,36,-5.310863971710205,3.7724173069000244,0.75,1.0,1.0
67,37,-4.489543914794922,4.466095924377441,0.6666666865348816,0.6666666865348816,1.0
67,38,-12.279304504394531,21.538158416748047,0.25,0.5,1.0
67,39,-2.7525949478149414,3.9602115154266357,0.5,1.0,1.0
67,40,-16.3975830078125,236.47933959960938,0.0,0.3333333432674408,0.6666666865348816
67,41,-10.581859588623047,5.833652496337891,0.6666666865348816,0.8333333730697632,1.0
67,42,-7.486796855926514,42.241302490234375,0.5,0.5,1.0
67,43,-4.814918518066406,2.6195006370544434,0.800000011920929,1.0,1.0
67,44,-7.997910022735596,54.5411262512207,0.0,0.5,1.0
67,45,-6.345203876495361,23.869510650634766,0.5,0.5,1.0
67,46,-19.328577041625977,11.201774597167969,0.5,0.625,1.0
67,47,-22.53241729736328,42.751434326171875,0.5,0.8333333730697632,0.8333333730697632
67,48,-5.006793975830078,149.42489624023438,0.0,0.0,1.0
67,49,-8.642183303833008,75.270751953125,0.0,0.5,1.0
67,50,-5.091021537780762,12.749738693237305,0.5,1.0,1.0
67,51,-0.2846362292766571,1.1529433727264404,1.0,1.0,1.0
67,52,-3.863004684448242,3.6243255138397217,0.6666666865348816,1.0,1.0
67,53,-23.077320098876953,27.024938583374023,0.2857142984867096,0.7142857313156128,1.0
67,54,-8.813310623168945,18.873714447021484,0.3333333432674408,0.6666666865348816,1.0
67,55,-10.253777503967285,168.49208068847656,0.5,0.5,0.5
67,56,-16.83937644958496,29.016809463500977,0.4000000059604645,0.6000000238418579,0.800000011920929
67,57,-1.818851351737976,6.164773464202881,1.0,1.0,1.0
67,58,-10.930581092834473,4.76602029800415,0.5714285969734192,1.0,1.0
67,59,-5.450408935546875,15.259533882141113,0.0,1.0,1.0
67,60,-1.4100253582000732,1.2231533527374268,1.0,1.0,1.0
67,61,-7.537446975708008,43.32472610473633,0.5,0.5,1.0
67,62,-4.390480041503906,80.67913818359375,0.0,1.0,1.0
67,63,-8.760274887084961,8.935827255249023,0.5,0.75,1.0
67,64,-0.6190704107284546,1.8572008609771729,1.0,1.0,1.0
67,65,-4.731207847595215,10.650468826293945,0.0,1.0,1.0
67,66,-7.01324462890625,4.065956115722656,0.800000011920929,1.0,1.0
67,67,-11.22707748413086,9.44433879852295,0.800000011920929,0.800000011920929,0.800000011920929
67,68,-39.509246826171875,51.9834098815918,0.20000000298023224,0.800000011920929,0.800000011920929
67,69,-20.197330474853516,28.9688663482666,0.3333333432674408,0.6666666865348816,0.8333333730697632
67,70,-12.302934646606445,21.665771484375,0.5,0.5,1.0
67,71,-7.006917953491211,33.23019790649414,0.5,0.5,1.0
67,72,-4.063294410705566,2.761636972427368,0.5,1.0,1.0
67,73,-7.499979019165039,1808.00439453125,0.0,0.0,1.0
67,74,-15.87342643737793,52.89752960205078,0.5,0.75,0.75
67,75,-2.0761513710021973,2.8237781524658203,1.0,1.0,1.0
67,76,-1.7546931505203247,1.7948073148727417,0.6666666865348816,1.0,1.0
67,77,-2.6423001289367676,1.553302526473999,1.0,1.0,1.0
67,78,-12.941225051879883,25.414154052734375,0.75,0.75,0.75
67,79,-4.505328178405762,3.084322452545166,0.75,1.0,1.0
67,80,-6.0947957038879395,7.626267910003662,0.6666666865348816,0.6666666865348816,1.0
67,81,-6.424821376800537,2.232456684112549,0.75,1.0,1.0
67,82,-11.189672470092773,41.674556732177734,0.3333333432674408,0.6666666865348816,0.6666666865348816
67,83,-3.693026065826416,40.16621017456055,0.0,1.0,1.0
67,84,-12.045276641845703,11.12344741821289,0.4000000059604645,0.6000000238418579,1.0
67,85,-2.7738900184631348,4.002603530883789,0.0,1.0,1.0
67,86,-26.436460494995117,14.0643892288208,0.6000000238418579,0.699999988079071,0.9000000357627869
67,87,-10.68410873413086,4.6011271476745605,0.5714285969734192,0.8571429252624512,1.0
67,88,-3.6199734210968018,6.110366344451904,0.5,1.0,1.0
67,89,-39.61023712158203,2757.411376953125,0.20000000298023224,0.20000000298023224,0.6000000238418579
67,90,-10.832120895385742,6.0821213722229,0.5,1.0,1.0
67,91,-0.7892436385154724,1.4838229417800903,1.0,1.0,1.0
67,92,-23.241737365722656,48.116390228271484,0.6666666865348816,0.6666666865348816,0.8333333730697632
67,93,-1.8618378639221191,1.8600672483444214,0.6666666865348816,1.0,1.0
67,94,-12.123222351074219,20.713912963867188,0.25,0.75,1.0
67,95,-4.518887519836426,9.577759742736816,0.5,1.0,1.0
67,96,-8.991222381591797,9.466938972473145,0.5,0.75,1.0
67,97,-9.637133598327637,11.125985145568848,0.5,0.75,1.0
67,98,-21.234352111816406,8.359806060791016,0.4000000059604645,0.800000011920929,1.0
67,99,-8.115234375,14.955485343933105,0.3333333432674408,1.0,1.0
67,100,-6.8351240158081055,30.494976043701172,0.0,1.0,1.0
67,101,-6.9545745849609375,5.689621448516846,0.25,1.0,1.0
67,102,-1.8800239562988281,2.5600123405456543,1.0,1.0,1.0
67,103,-0.3506205081939697,1.1916158199310303,1.0,1.0,1.0
67,104,-4.064828872680664,1.968893051147461,0.8333333730697632,1.0,1.0
67,105,-9.845572471618652,26.62518310546875,0.3333333432674408,0.6666666865348816,1.0
67,106,-4.357614517211914,8.835761070251465,0.5,0.5,1.0
67,107,-12.000182151794434,403.4655456542969,0.5,0.5,0.5
67,108,-6.7871928215026855,29.77283477783203,0.5,0.5,1.0
67,109,-34.81410217285156,47.85778045654297,0.4444444477558136,0.5555555820465088,0.7777777910232544
67,110,-9.778586387634277,132.85963439941406,0.5,0.5,0.5
67,111,-14.496963500976562,18.163108825683594,0.4000000059604645,0.800000011920929,1.0
67,112,-2.218097686767578,2.094606876373291,0.6666666865348816,1.0,1.0
67,113,-1.801130771636963,1.8228057622909546,0.6666666865348816,1.0,1.0
67,114,-3.403392791748047,30.065935134887695,0.0,1.0,1.0
67,115,-11.760518074035645,357.90191650390625,0.0,0.5,0.5
67,116,-2.6012511253356934,3.6715927124023438,0.5,1.0,1.0
67,117,-10.48176383972168,2.2395827770233154,0.8461538553237915,0.9230769872665405,1.0
67,118,-9.175777435302734,98.28670501708984,0.5,0.5,0.5
67,119,-2.76967716217041,3.994180917739868,0.5,1.0,1.0
67,120,-21.10150909423828,13.980852127075195,0.625,0.75,0.875
67,121,-20.10354232788086,28.519569396972656,0.3333333432674408,0.6666666865348816,1.0
67,122,-7.542394638061523,3.515092372894287,0.6666666865348816,1.0,1.0
67,123,-16.655376434326172,64.31829833984375,0.5,0.75,0.75
67,124,-11.031362533569336,9.081801414489746,0.6000000238418579,0.6000000238418579,1.0
67,125,-9.441642761230469,10.595301628112793,0.5,0.75,1.0
67,126,-16.221622467041016,57.70856475830078,0.5,0.75,0.75
67,127,-2.930612087249756,2.6561315059661865,0.6666666865348816,1.0,1.0
67,128,-12.020597457885742,20.189231872558594,0.5,0.5,1.0
67,129,-2.9920601844787598,19.926692962646484,0.0,1.0,1.0
67,130,-11.906942367553711,52.9305534362793,0.6666666865348816,0.6666666865348816,0.6666666865348816
67,131,-9.444189071655273,6.611680507659912,0.6000000238418579,1.0,1.0
67,132,-2.1956162452697754,8.985536575317383,0.0,1.0,1.0
67,133,-3.2284204959869385,5.023918628692627,0.5,1.0,1.0
67,134,-12.569384574890137,536.2991943359375,0.0,0.0,1.0
67,135,-1.4848016500473022,1.6403898000717163,0.6666666865348816,1.0,1.0
67,136,-6.345952033996582,23.878440856933594,0.5,0.5,1.0
67,137,-13.706454277038574,946.931884765625,0.5,0.5,0.5
67,138,-6.041006088256836,7.490749359130859,0.6666666865348816,0.6666666865348816,1.0
67,139,-5.537030220031738,3.0264973640441895,0.6000000238418579,1.0,1.0
67,140,-6.588879585266113,8.991621017456055,0.3333333432674408,1.0,1.0
67,141,-10.330352783203125,13.231339454650879,0.25,1.0,1.0
67,142,-15.27352523803711,21.214929580688477,0.20000000298023224,0.800000011920929,0.800000011920929
67,143,-11.932300567626953,390.00140380859375,0.0,0.5,1.0
67,144,-17.42450714111328,77.9546127319336,0.5,0.75,0.75
67,145,-20.774494171142578,7.984078407287598,0.5,0.800000011920929,1.0
67,146,-12.264310836791992,59.62671661376953,0.0,0.6666666865348816,1.0
67,147,-2.405336380004883,3.3289873600006104,0.5,1.0,1.0
67,148,-10.354116439819336,177.16087341308594,0.5,0.5,0.5
68,0,-9.553582191467285,118.72277069091797,0.5,0.5,0.5
68,1,-11.477534294128418,4.19835090637207,0.75,0.875,1.0
68,2,-10.610883712768555,201.42999267578125,0.5,0.5,0.5
68,3,-5.197010040283203,180.73104858398438,0.0,1.0,1.0
68,4,-13.210935592651367,739.1255493164062,0.5,0.5,0.5
68,5,-0.43727174401283264,1.2443779706954956,1.0,1.0,1.0
68,6,-0.39593249559402466,1.1410826444625854,1.0,1.0,1.0
68,7,-4.722733974456787,10.605439186096191,0.5,0.5,1.0
68,8,-12.814191818237305,12.972585678100586,0.6000000238418579,0.800000011920929,0.800000011920929
68,9,-0.050995245575904846,1.0258255004882812,1.0,1.0,1.0
68,10,-14.444873809814453,123.3416519165039,0.6666666865348816,0.6666666865348816,0.6666666865348816
68,11,-10.209064483642578,30.05477523803711,0.0,0.6666666865348816,1.0
68,12,-1.0117961168289185,1.658474326133728,1.0,1.0,1.0
68,13,-11.437482833862305,304.52142333984375,0.5,0.5,1.0
68,14,-3.560114622116089,3.2762675285339355,0.3333333432674408,1.0,1.0
68,15,-6.805938720703125,5.482080459594727,0.75,0.75,1.0
68,16,-5.335033893585205,5.920048713684082,0.6666666865348816,0.6666666865348816,1.0
68,17,-4.852660179138184,5.04074239730835,0.6666666865348816,1.0,1.0
68,18,-3.3292770385742188,2.2986438274383545,0.5,1.0,1.0
68,19,-8.197312355041504,3.9204981327056885,0.6666666865348816,0.8333333730697632,1.0
68,20,-3.3650565147399902,2.3192970752716064,0.75,1.0,1.0
68,21,-5.7124481201171875,6.7136945724487305,0.3333333432674408,0.6666666865348816,1.0
68,22,-6.639841556549072,27.658159255981445,0.5,0.5,1.0
68,23,-12.48373031616211,8.00944709777832,0.5,0.8333333730697632,1.0
68,24,-1.997031807899475,7.367156982421875,0.0,1.0,1.0
68,25,-30.650434494018555,6.791367053985596,0.375,0.875,1.0
68,26,-0.5810239911079407,1.3371119499206543,1.0,1.0,1.0
68,27,-6.036959171295166,4.523290634155273,0.75,1.0,1.0
68,28,-8.41259765625,16.51384735107422,0.0,0.6666666865348816,1.0
68,29,-1.1776151657104492,3.2466225624084473,1.0,1.0,1.0
68,30,-10.05507755279541,152.55706787109375,0.5,0.5,0.5
68,31,-0.5459877848625183,1.3138922452926636,1.0,1.0,1.0
68,32,-5.059450149536133,12.550055503845215,0.5,1.0,1.0
68,33,-1.445928692817688,2.060532331466675,1.0,1.0,1.0
68,34,-1.3558201789855957,3.879941940307617,1.0,1.0,1.0
68,35,-4.204401969909668,8.184163093566895,0.5,0.5,1.0
68,36,-5.290248394012451,3.7530248165130615,0.75,0.75,1.0
68,37,-4.442677974700928,4.396868705749512,0.6666666865348816,0.6666666865348816,1.0
68,38,-12.208562850952148,21.160594940185547,0.25,0.5,1.0
68,39,-2.733776092529297,3.9231228828430176,0.5,1.0,1.0
68,40,-16.289501190185547,228.11135864257812,0.0,0.3333333432674408,0.6666666865348816
68,41,-10.301088333129883,5.566953659057617,0.6666666865348816,0.8333333730697632,1.0
68,42,-7.534847259521484,43.26844787597656,0.5,0.5,1.0
68,43,-4.859378814697266,2.642897367477417,0.800000011920929,1.0,1.0
68,44,-7.8841962814331055,51.52659606933594,0.0,0.5,1.0
68,45,-6.3575615882873535,24.017454147338867,0.5,0.5,1.0
68,46,-19.193347930908203,11.01401424407959,0.5,0.625,1.0
68,47,-22.69917869567871,43.956321716308594,0.5,0.8333333730697632,0.8333333730697632
68,48,-4.932690620422363,138.75234985351562,0.0,0.0,1.0
68,49,-8.625518798828125,74.64618682861328,0.0,0.5,1.0
68,50,-5.160242080688477,13.198736190795898,0.5,1.0,1.0
68,51,-0.26176151633262634,1.1398319005966187,1.0,1.0,1.0
68,52,-3.8629961013793945,3.624315023422241,0.6666666865348816,1.0,1.0
68,53,-23.23255157470703,27.630931854248047,0.2857142984867096,0.7142857313156128,1.0
68,54,-8.768052101135254,18.59111976623535,0.3333333432674408,0.6666666865348816,1.0
68,55,-10.154191970825195,160.30784606933594,0.5,0.5,0.5
68,56,-16.89824867248535,29.360483169555664,0.4000000059604645,0.6000000238418579,0.800000011920929
68,57,-1.760778546333313,5.816964626312256,1.0,1.0,1.0
68,58,-10.928815841674805,4.76481819152832,0.5714285969734192,1.0,1.0
68,59,-5.434849262237549,15.141278266906738,0.0,1.0,1.0
68,60,-1.4166994094848633,1.2243201732635498,1.0,1.0,1.0
68,61,-7.54180908203125,43.41931915283203,0.5,0.5,1.0
68,62,-4.345865726470947,77.15880584716797,0.0,1.0,1.0
68,63,-8.763162612915039,8.942279815673828,0.5,0.75,1.0
68,64,-0.6247614026069641,1.867800235748291,1.0,1.0,1.0
68,65,-4.7449140548706055,10.723709106445312,0.0,1.0,1.0
68,66,-6.946115970611572,4.011732578277588,0.800000011920929,1.0,1.0
68,67,-11.345273971557617,9.670256614685059,0.800000011920929,0.800000011920929,0.800000011920929
68,68,-39.40610122680664,51.44998550415039,0.20000000298023224,0.699999988079071,0.800000011920929
68,69,-20.319660186767578,29.565555572509766,0.3333333432674408,0.6666666865348816,0.8333333730697632
68,70,-12.354029655456543,21.944299697875977,0.5,0.5,1.0
68,71,-6.990031719207764,32.950809478759766,0.5,0.5,1.0
68,72,-4.021888256072998,2.7331972122192383,0.5,1.0,1.0
68,73,-7.534882068634033,1872.2235107421875,0.0,0.0,1.0
68,74,-15.842903137207031,52.49541473388672,0.5,0.75,0.75
68,75,-2.05130672454834,2.788917064666748,1.0,1.0,1.0
68,76,-1.6642102003097534,1.7414824962615967,0.6666666865348816,1.0,1.0
68,77,-2.712178945541382,1.5714987516403198,1.0,1.0,1.0
68,78,-12.97974967956543,25.660104751586914,0.75,0.75,0.75
68,79,-4.479896068572998,3.064774751663208,0.75,1.0,1.0
68,80,-6.163584232330322,7.803153991699219,0.6666666865348816,0.6666666865348816,1.0
68,81,-6.568665027618408,2.2729604244232178,0.75,1.0,1.0
68,82,-11.188884735107422,41.66361999511719,0.3333333432674408,0.6666666865348816,0.6666666865348816
68,83,-3.7488725185394287,42.47316360473633,0.0,1.0,1.0
68,84,-12.00507926940918,11.034379005432129,0.4000000059604645,0.6000000238418579,1.0
68,85,-2.7717511653900146,3.9983251094818115,0.0,1.0,1.0
68,86,-26.295394897460938,13.867383003234863,0.6000000238418579,0.699999988079071,0.9000000357627869
68,87,-10.697107315063477,4.609678745269775,0.5714285969734192,0.8571429252624512,1.0
68,88,-3.639918327331543,6.17160701751709,0.5,1.0,1.0
68,89,-39.383907318115234,2635.376953125,0.20000000298023224,0.20000000298023224,0.6000000238418579
68,90,-10.785146713256836,6.034689903259277,0.5,1.0,1.0
68,91,-0.7670491337776184,1.4674476385116577,1.0,1.0,1.0
68,92,-23.349700927734375,48.99003219604492,0.6666666865348816,0.6666666865348816,0.8333333730697632
68,93,-1.8087717294692993,1.8274544477462769,0.6666666865348816,1.0,1.0
68,94,-12.126047134399414,20.728546142578125,0.25,0.75,1.0
68,95,-4.48728084564209,9.427589416503906,0.5,1.0,1.0
68,96,-9.04886531829834,9.604351997375488,0.5,0.75,1.0
68,97,-9.662151336669922,11.19579029083252,0.5,0.75,1.0
68,98,-21.20647430419922,8.336533546447754,0.4000000059604645,0.800000011920929,1.0
68,99,-8.134126663208008,15.049962997436523,0.3333333432674408,1.0,1.0
68,100,-6.788844108581543,29.797426223754883,0.0,1.0,1.0
68,101,-7.019573211669922,5.782830715179443,0.25,1.0,1.0
68,102,-1.908715844154358,2.5970025062561035,1.0,1.0,1.0
68,103,-0.3412814736366272,1.1860644817352295,1.0,1.0,1.0
68,104,-4.0310869216918945,1.9578516483306885,0.8333333730697632,1.0,1.0
68,105,-9.835489273071289,26.535844802856445,0.3333333432674408,0.6666666865348816,1.0
68,106,-4.3698410987854,8.889942169189453,0.5,0.5,1.0
68,107,-12.029953002929688,409.5162048339844,0.5,0.5,0.5
68,108,-6.716486930847168,28.738664627075195,0.5,0.5,1.0
68,109,-34.74275207519531,47.4798698425293,0.4444444477558136,0.5555555820465088,0.7777777910232544
68,110,-9.699155807495117,127.68648529052734,0.5,0.5,0.5
68,111,-14.507085800170898,18.199922561645508,0.4000000059604645,0.800000011920929,1.0
68,112,-2.1967220306396484,2.079735517501831,0.6666666865348816,1.0,1.0
68,113,-1.76747727394104,1.8024719953536987,0.6666666865348816,1.0,1.0
68,114,-3.3839495182037354,29.48699951171875,0.0,1.0,1.0
68,115,-11.881837844848633,380.28424072265625,0.0,0.5,0.5
68,116,-2.552436113357544,3.5830631256103516,0.5,1.0,1.0
68,117,-10.699413299560547,2.2773938179016113,0.8461538553237915,0.9230769872665405,1.0
68,118,-9.119634628295898,95.5660171508789,0.5,0.5,0.5
68,119,-2.695650815963745,3.849046230316162,0.5,1.0,1.0
68,120,-21.303834915161133,14.338946342468262,0.625,0.75,0.875
68,121,-20.27465057373047,29.34459686279297,0.3333333432674408,0.6666666865348816,1.0
68,122,-7.567358493804932,3.529747724533081,0.6666666865348816,1.0,1.0
68,123,-16.687496185302734,64.83684539794922,0.5,0.75,0.75
68,124,-11.010953903198242,9.044807434082031,0.6000000238418579,0.6000000238418579,1.0
68,125,-9.462883949279785,10.651716232299805,0.5,0.75,1.0
68,126,-16.17099952697754,56.98282241821289,0.5,0.75,0.75
68,127,-2.973872184753418,2.6947104930877686,0.6666666865348816,1.0,1.0
68,128,-12.016538619995117,20.16875648498535,0.5,0.5,1.0
68,129,-2.9861011505126953,19.80830192565918,0.0,1.0,1.0
68,130,-11.94918441772461,53.68113327026367,0.6666666865348816,0.6666666865348816,0.6666666865348816
68,131,-9.255751609802246,6.3671393394470215,0.6000000238418579,1.0,1.0
68,132,-2.2455759048461914,9.445853233337402,0.0,1.0,1.0
68,133,-3.2411844730377197,5.056083679199219,0.5,1.0,1.0
68,134,-12.476248741149902,511.8974914550781,0.0,0.0,1.0
68,135,-1.5046075582504272,1.6512553691864014,0.6666666865348816,1.0,1.0
68,136,-6.291135787963867,23.232864379882812,0.5,0.5,1.0
68,137,-13.606852531433105,900.9288330078125,0.5,0.5,0.5
68,138,-5.999055862426758,7.3867316246032715,0.6666666865348816,0.6666666865348816,1.0
68,139,-5.515414714813232,3.013441801071167,0.6000000238418579,1.0,1.0
68,140,-6.529071807861328,8.814139366149902,0.3333333432674408,1.0,1.0
68,141,-10.330328941345215,13.231261253356934,0.25,1.0,1.0
68,142,-15.356512069702148,21.569976806640625,0.20000000298023224,0.800000011920929,0.800000011920929
68,143,-11.990020751953125,401.42083740234375,0.0,0.5,1.0
68,144,-17.387723922729492,77.24104309082031,0.5,0.75,0.75
68,145,-20.862611770629883,8.054744720458984,0.5,0.800000011920929,1.0
68,146,-12.166526794433594,57.71453857421875,0.0,0.6666666865348816,1.0
68,147,-2.359513282775879,3.253582239151001,0.5,1.0,1.0
68,148,-10.352771759033203,177.04180908203125,0.5,0.5,0.5
69,0,-9.560389518737793,119.12754821777344,0.5,0.5,0.5
69,1,-11.424612998962402,4.170670032501221,0.75,0.875,1.0
69,2,-10.628044128417969,203.16574096679688,0.5,0.5,0.5
69,3,-5.247425556182861,190.0762939453125,0.0,1.0,1.0
69,4,-13.278848648071289,764.6547241210938,0.5,0.5,0.5
69,5,-0.44001346826553345,1.2460851669311523,1.0,1.0,1.0
69,6,-0.42540034651756287,1.1523462533950806,1.0,1.0,1.0
69,7,-4.753273010253906,10.768622398376465,0.5,0.5,1.0
69,8,-12.64288330078125,12.535650253295898,0.6000000238418579,0.800000011920929,0.800000011920929
69,9,-0.0527794174849987,1.0267410278320312,1.0,1.0,1.0
69,10,-14.381314277648926,120.75592041015625,0.6666666865348816,0.6666666865348816,0.6666666865348816
69,11,-10.18742561340332,29.838768005371094,0.0,0.6666666865348816,1.0
69,12,-0.9681814312934875,1.6226989030838013,1.0,1.0,1.0
69,13,-11.497138977050781,313.7415466308594,0.5,0.5,1.0
69,14,-3.5711171627044678,3.2883055210113525,0.3333333432674408,1.0,1.0
69,15,-6.77386474609375,5.438297748565674,0.75,0.75,1.0
69,16,-5.326935768127441,5.90408992767334,0.6666666865348816,0.6666666865348816,1.0
69,17,-4.831915378570557,5.006006717681885,0.6666666865348816,1.0,1.0
69,18,-3.3440494537353516,2.3071484565734863,0.5,1.0,1.0
69,19,-8.212953567504883,3.9307312965393066,0.6666666865348816,0.8333333730697632,1.0
69,20,-3.332392692565918,2.3004350662231445,0.75,1.0,1.0
69,21,-5.701992988586426,6.690337657928467,0.3333333432674408,0.6666666865348816,1.0
69,22,-6.689146041870117,28.348468780517578,0.5,0.5,1.0
69,23,-12.513008117675781,8.048626899719238,0.5,0.8333333730697632,1.0
69,24,-1.9711477756500244,7.1789116859436035,0.0,1.0,1.0
69,25,-30.371200561523438,6.67387056350708,0.375,0.875,1.0
69,26,-0.5936986804008484,1.345612645149231,1.0,1.0,1.0
69,27,-6.008910179138184,4.491683483123779,0.75,1.0,1.0
69,28,-8.413261413574219,16.517501831054688,0.0,0.6666666865348816,1.0
69,29,-1.2043744325637817,3.334672451019287,1.0,1.0,1.0
69,30,-10.116190910339355,157.29066467285156,0.5,0.5,0.5
69,31,-0.5697047114372253,1.3295657634735107,1.0,1.0,1.0
69,32,-5.062356948852539,12.56830883026123,0.5,1.0,1.0
69,33,-1.3384290933609009,1.9527028799057007,1.0,1.0,1.0
69,34,-1.3461358547210693,3.8425486087799072,1.0,1.0,1.0
69,35,-4.239045143127441,8.327160835266113,0.5,0.5,1.0
69,36,-5.268398761749268,3.7325801849365234,0.75,1.0,1.0
69,37,-4.424287796020508,4.369997978210449,0.6666666865348816,0.6666666865348816,1.0
69,38,-12.262655258178711,21.44869613647461,0.25,0.5,1.0
69,39,-2.735863208770752,3.9272191524505615,0.5,1.0,1.0
69,40,-16.385089874267578,235.4966278076172,0.0,0.3333333432674408,0.6666666865348816
69,41,-10.114498138427734,5.3964948654174805,0.6666666865348816,0.8333333730697632,1.0
69,42,-7.435330390930176,41.16816329956055,0.5,0.5,1.0
69,43,-4.8337273597717285,2.62937331199646,0.800000011920929,1.0,1.0
69,44,-7.942399024963379,53.048126220703125,0.0,0.5,1.0
69,45,-6.352672100067139,23.95880889892578,0.5,0.5,1.0
69,46,-19.23361587524414,11.06959342956543,0.5,0.625,1.0
69,47,-22.281021118164062,40.997196197509766,0.5,0.8333333730697632,0.8333333730697632
69,48,-5.0582170486450195,157.30979919433594,0.0,0.0,1.0
69,49,-8.59192943572998,73.40299224853516,0.0,0.5,1.0
69,50,-5.131144046783447,13.008097648620605,0.5,1.0,1.0
69,51,-0.2841433882713318,1.152659296989441,1.0,1.0,1.0
69,52,-3.9057164192199707,3.676295280456543,0.6666666865348816,1.0,1.0
69,53,-23.171655654907227,27.3916015625,0.2857142984867096,0.7142857313156128,1.0
69,54,-8.771957397460938,18.61533546447754,0.3333333432674408,0.6666666865348816,1.0
69,55,-10.038715362548828,151.3140869140625,0.5,0.5,1.0
69,56,-16.847095489501953,29.0616397857666,0.4000000059604645,0.6000000238418579,0.800000011920929
69,57,-1.8086936473846436,6.102470397949219,1.0,1.0,1.0
69,58,-10.976707458496094,4.797529220581055,0.5714285969734192,1.0,1.0
69,59,-5.563411712646484,16.146541595458984,0.0,1.0,1.0
69,60,-1.4114996194839478,1.223410964012146,1.0,1.0,1.0
69,61,-7.517360687255859,42.891788482666016,0.5,0.5,1.0
69,62,-4.355464935302734,77.90303802490234,0.0,1.0,1.0
69,63,-8.70006275177002,8.802323341369629,0.5,0.75,1.0
69,64,-0.6113070249557495,1.8428384065628052,1.0,1.0,1.0
69,65,-4.70461368560791,10.509786605834961,0.0,1.0,1.0
69,66,-6.923211574554443,3.9933974742889404,0.800000011920929,1.0,1.0
69,67,-11.31804084777832,9.617729187011719,0.800000011920929,0.800000011920929,0.800000011920929
69,68,-39.55645751953125,52.22941207885742,0.20000000298023224,0.699999988079071,0.800000011920929
69,69,-20.195810317993164,28.961532592773438,0.3333333432674408,0.6666666865348816,0.8333333730697632
69,70,-12.400690078735352,22.201780319213867,0.5,0.5,1.0
69,71,-6.945076942443848,32.21842575073242,0.5,0.5,1.0
69,72,-4.067037582397461,2.7642223834991455,0.5,1.0,1.0
69,73,-7.437986850738525,1699.3258056640625,0.0,0.0,1.0
69,74,-15.90589427947998,53.328643798828125,0.5,0.75,0.75
69,75,-2.0340347290039062,2.7649354934692383,1.0,1.0,1.0
69,76,-1.7232156991958618,1.776073932647705,0.6666666865348816,1.0,1.0
69,77,-2.7572927474975586,1.5833594799041748,1.0,1.0,1.0
69,78,-12.993246078491211,25.7468318939209,0.75,0.75,0.75
69,79,-4.559682369232178,3.1265199184417725,0.75,1.0,1.0
69,80,-6.1711745262146,7.8229217529296875,0.6666666865348816,0.6666666865348816,1.0
69,81,-6.445464611053467,2.238224744796753,0.75,1.0,1.0
69,82,-11.175604820251465,41.47959518432617,0.3333333432674408,0.6666666865348816,0.6666666865348816
69,83,-3.713207244873047,40.98504638671875,0.0,1.0,1.0
69,84,-12.136545181274414,11.328356742858887,0.4000000059604645,0.6000000238418579,1.0
69,85,-2.7797327041625977,4.014313220977783,0.0,1.0,1.0
69,86,-26.390687942504883,14.000161170959473,0.6000000238418579,0.699999988079071,0.9000000357627869
69,87,-10.69519329071045,4.6084184646606445,0.5714285969734192,0.8571429252624512,1.0
69,88,-3.653855562210083,6.214764595031738,0.5,1.0,1.0
69,89,-39.3349723815918,2609.7099609375,0.20000000298023224,0.20000000298023224,0.6000000238418579
69,90,-10.782800674438477,6.0323309898376465,0.5,1.0,1.0
69,91,-0.7823952436447144,1.4787507057189941,1.0,1.0,1.0
69,92,-23.352428436279297,49.01231002807617,0.5,0.6666666865348816,0.8333333730697632
69,93,-1.810329556465149,1.8284035921096802,0.6666666865348816,1.0,1.0
69,94,-12.244024276733398,21.34902572631836,0.25,0.75,1.0
69,95,-4.572961807250977,9.840248107910156,0.5,1.0,1.0
69,96,-9.023619651794434,9.543925285339355,0.5,0.75,1.0
69,97,-9.679742813110352,11.245136260986328,0.5,0.75,1.0
69,98,-21.43140411376953,8.52617073059082,0.5,0.800000011920929,1.0
69,99,-8.104959487915039,14.904351234436035,0.3333333432674408,1.0,1.0
69,100,-6.820549011230469,30.2735538482666,0.0,1.0,1.0
69,101,-7.088250160217285,5.882975101470947,0.25,1.0,1.0
69,102,-1.8859020471572876,2.56754732131958,1.0,1.0,1.0
69,103,-0.3486873507499695,1.1904646158218384,1.0,1.0,1.0
69,104,-4.037360191345215,1.9598997831344604,0.8333333730697632,1.0,1.0
69,105,-9.892148971557617,27.041780471801758,0.3333333432674408,0.3333333432674408,1.0
69,106,-4.339689254760742,8.756922721862793,0.5,0.5,1.0
69,107,-12.126681327819824,429.8088684082031,0.5,0.5,0.5
69,108,-6.739357948303223,29.06919288635254,0.5,0.5,1.0
69,109,-34.84654235839844,48.03059005737305,0.4444444477558136,0.5555555820465088,0.7777777910232544
69,110,-9.778186798095703,132.8330841064453,0.5,0.5,0.5
69,111,-14.52645206451416,18.27054786682129,0.4000000059604645,0.800000011920929,1.0
69,112,-2.221259117126465,2.096815347671509,0.6666666865348816,1.0,1.0
69,113,-1.8168402910232544,1.8323757648468018,0.6666666865348816,1.0,1.0
69,114,-3.3988630771636963,29.930051803588867,0.0,1.0,1.0
69,115,-11.76810073852539,359.2614440917969,0.0,0.5,0.5
69,116,-2.5931107997894287,3.6566789150238037,0.5,1.0,1.0
69,117,-10.562329292297363,2.253505229949951,0.8461538553237915,0.9230769872665405,1.0
69,118,-9.184925079345703,98.73727416992188,0.5,0.5,0.5
69,119,-2.734832525253296,3.9251956939697266,0.5,1.0,1.0
69,120,-21.017261505126953,13.834392547607422,0.625,0.75,0.875
69,121,-20.091533660888672,28.462541580200195,0.3333333432674408,0.6666666865348816,1.0
69,122,-7.485033988952637,3.4816479682922363,0.6666666865348816,1.0,1.0
69,123,-16.68830108642578,64.84989166259766,0.5,0.75,0.75
69,124,-11.031283378601074,9.081656455993652,0.6000000238418579,0.6000000238418579,1.0
69,125,-9.444557189941406,10.60302448272705,0.5,0.75,1.0
69,126,-16.013418197631836,54.781612396240234,0.5,0.75,0.75
69,127,-2.919548749923706,2.6463541984558105,0.6666666865348816,1.0,1.0
69,128,-12.027183532714844,20.22249984741211,0.5,0.5,1.0
69,129,-2.9578542709350586,19.256608963012695,0.0,1.0,1.0
69,130,-11.960445404052734,53.88300704956055,0.6666666865348816,0.6666666865348816,0.6666666865348816
69,131,-9.377449035644531,6.524013996124268,0.6000000238418579,1.0,1.0
69,132,-2.2410035133361816,9.402761459350586,0.0,1.0,1.0
69,133,-3.230290651321411,5.028618335723877,0.5,1.0,1.0
69,134,-12.508150100708008,520.1280517578125,0.0,0.0,1.0
69,135,-1.5236278772354126,1.6617578268051147,0.6666666865348816,1.0,1.0
69,136,-6.290541172027588,23.2259578704834,0.5,1.0,1.0
69,137,-13.644031524658203,917.833251953125,0.5,0.5,0.5
69,138,-5.974557399749756,7.326655387878418,0.6666666865348816,0.6666666865348816,1.0
69,139,-5.4771599769592285,2.9904744625091553,0.6000000238418579,1.0,1.0
69,140,-6.604133605957031,9.037457466125488,0.3333333432674408,1.0,1.0
69,141,-10.347522735595703,13.288256645202637,0.25,1.0,1.0
69,142,-15.079153060913086,20.406030654907227,0.20000000298023224,0.800000011920929,0.800000011920929
69,143,-11.989462852478027,401.3088684082031,0.0,0.5,1.0
69,144,-17.486175537109375,79.16576385498047,0.5,0.75,0.75
69,145,-20.653629302978516,7.888160705566406,0.5,0.800000011920929,1.0
69,146,-12.184623718261719,58.063724517822266,0.0,0.6666666865348816,1.0
69,147,-2.354976177215576,3.2462098598480225,0.5,1.0,1.0
69,148,-10.369543075561523,178.53265380859375,0.5,0.5,0.5
70,0,-9.536478996276855,117.71183013916016,0.5,0.5,0.5
70,1,-11.38771915435791,4.151480197906494,0.75,0.875,1.0
70,2,-10.693257331848145,209.8994598388672,0.5,0.5,0.5
70,3,-5.230092525482178,186.81008911132812,0.0,1.0,1.0
70,4,-13.275927543640137,763.5386962890625,0.5,0.5,0.5
70,5,-0.4463302493095398,1.2500269412994385,1.0,1.0,1.0
70,6,-0.4106101989746094,1.146679162979126,1.0,1.0,1.0
70,7,-4.741473197937012,10.705275535583496,0.5,0.5,1.0
70,8,-12.7011137008667,12.682494163513184,0.6000000238418579,0.800000011920929,0.800000011920929
70,9,-0.051178257912397385,1.0259193181991577,1.0,1.0,1.0
70,10,-14.421186447143555,122.37158966064453,0.6666666865348816,0.6666666865348816,0.6666666865348816
70,11,-10.193639755249023,29.900638580322266,0.0,0.6666666865348816,1.0
70,12,-0.9631967544555664,1.6186596155166626,1.0,1.0,1.0
70,13,-11.442558288574219,305.2951965332031,0.5,0.5,1.0
70,14,-3.5901687145233154,3.3092544078826904,0.3333333432674408,1.0,1.0
70,15,-6.803901672363281,5.479289531707764,0.75,0.75,1.0
70,16,-5.387222766876221,6.023936748504639,0.6666666865348816,0.6666666865348816,1.0
70,17,-4.835446357727051,5.01190185546875,0.6666666865348816,1.0,1.0
70,18,-3.313828468322754,2.289783239364624,0.5,1.0,1.0
70,19,-8.23399543762207,3.9445407390594482,0.6666666865348816,0.8333333730697632,1.0
70,20,-3.3497474193573,2.3104374408721924,0.75,1.0,1.0
70,21,-5.712164402008057,6.713058948516846,0.3333333432674408,0.6666666865348816,1.0
70,22,-6.714942455291748,28.716482162475586,0.5,0.5,1.0
70,23,-12.490720748901367,8.018784523010254,0.5,0.8333333730697632,1.0
70,24,-2.009312868118286,7.458190441131592,0.0,1.0,1.0
70,25,-30.46330451965332,6.712399959564209,0.375,0.875,1.0
70,26,-0.5871837139129639,1.3412363529205322,1.0,1.0,1.0
70,27,-6.070051193237305,4.5608673095703125,0.75,1.0,1.0
70,28,-8.399761199951172,16.443336486816406,0.0,0.6666666865348816,1.0
70,29,-1.1641197204589844,3.2031021118164062,1.0,1.0,1.0
70,30,-10.052547454833984,152.36419677734375,0.5,0.5,0.5
70,31,-0.5573596954345703,1.321384310722351,1.0,1.0,1.0
70,32,-5.036989688873291,12.409903526306152,0.5,1.0,1.0
70,33,-1.4178240299224854,2.0317795276641846,1.0,1.0,1.0
70,34,-1.336267113685608,3.804814100265503,1.0,1.0,1.0
70,35,-4.197147846221924,8.154532432556152,0.5,0.5,1.0
70,36,-5.3210930824279785,3.782076835632324,0.75,0.75,1.0
70,37,-4.481970310211182,4.454835414886475,0.6666666865348816,0.6666666865348816,1.0
70,38,-12.230669021606445,21.277862548828125,0.25,0.5,1.0
70,39,-2.711890935897827,3.880427837371826,0.5,1.0,1.0
70,40,-16.418659210205078,238.14663696289062,0.0,0.3333333432674408,0.6666666865348816
70,41,-10.485509872436523,5.740722179412842,0.6666666865348816,0.8333333730697632,1.0
70,42,-7.398803234100342,40.4231071472168,0.5,0.5,1.0
70,43,-4.811264991760254,2.6175873279571533,0.800000011920929,1.0,1.0
70,44,-7.905891418457031,52.08858108520508,0.0,0.5,1.0
70,45,-6.364810943603516,24.104665756225586,0.5,0.5,1.0
70,46,-19.24930191040039,11.09131908416748,0.5,0.625,1.0
70,47,-22.5136661529541,42.6180419921875,0.5,0.8333333730697632,0.8333333730697632
70,48,-4.9961090087890625,147.83680725097656,0.0,0.0,1.0
70,49,-8.740945816040039,79.08102416992188,0.0,0.5,1.0
70,50,-5.132034778594971,13.013893127441406,0.5,1.0,1.0
70,51,-0.2947757840156555,1.1588034629821777,1.0,1.0,1.0
70,52,-3.8303680419921875,3.5851104259490967,0.6666666865348816,1.0,1.0
70,53,-23.3772029876709,28.207849502563477,0.1428571492433548,0.7142857313156128,1.0
70,54,-8.775120735168457,18.634977340698242,0.3333333432674408,0.6666666865348816,1.0
70,55,-10.182872772216797,162.62327575683594,0.5,0.5,0.5
70,56,-16.88829803466797,29.30211067199707,0.4000000059604645,0.6000000238418579,0.800000011920929
70,57,-1.7899162769317627,5.988950729370117,1.0,1.0,1.0
70,58,-10.868470191955566,4.723918437957764,0.5714285969734192,1.0,1.0
70,59,-5.443360328674316,15.205848693847656,0.0,1.0,1.0
70,60,-1.4074867963790894,1.2227097749710083,1.0,1.0,1.0
70,61,-7.441444396972656,41.29420471191406,0.5,0.5,1.0
70,62,-4.379576206207275,79.80420684814453,0.0,1.0,1.0
70,63,-8.709854125976562,8.823896408081055,0.5,0.75,1.0
70,64,-0.6230200529098511,1.8645505905151367,1.0,1.0,1.0
70,65,-4.705976963043213,10.516952514648438,0.0,1.0,1.0
70,66,-6.897302627563477,3.9727580547332764,0.800000011920929,1.0,1.0
70,67,-11.26806926727295,9.522086143493652,0.800000011920929,0.800000011920929,0.800000011920929
70,68,-39.43789291381836,51.613807678222656,0.20000000298023224,0.800000011920929,0.800000011920929
70,69,-20.219764709472656,29.0773868560791,0.3333333432674408,0.6666666865348816,0.8333333730697632
70,70,-12.334171295166016,21.83562469482422,0.5,0.5,1.0
70,71,-7.039775848388672,33.780643463134766,0.5,0.5,1.0
70,72,-3.961609363555908,2.692317485809326,0.5,1.0,1.0
70,73,-7.480154991149902,1772.5155029296875,0.0,0.0,1.0
70,74,-15.770380020141602,51.55220413208008,0.5,0.75,0.75
70,75,-2.0488014221191406,2.7854256629943848,1.0,1.0,1.0
70,76,-1.7241243124008179,1.7766119241714478,0.6666666865348816,1.0,1.0
70,77,-2.7701992988586426,1.5867689847946167,1.0,1.0,1.0
70,78,-12.99409008026123,25.752262115478516,0.75,0.75,0.75
70,79,-4.539959907531738,3.11114239692688,0.75,1.0,1.0
70,80,-6.174063682556152,7.830460548400879,0.6666666865348816,0.6666666865348816,1.0
70,81,-6.385011196136475,2.221374988555908,0.75,1.0,1.0
70,82,-11.197769165039062,41.78718566894531,0.3333333432674408,0.6666666865348816,0.6666666865348816
70,83,-3.754004716873169,42.691707611083984,0.0,1.0,1.0
70,84,-12.008468627929688,11.041863441467285,0.4000000059604645,0.6000000238418579,1.0
70,85,-2.827301263809204,4.110935688018799,0.0,1.0,1.0
70,86,-26.340953826904297,13.930706024169922,0.6000000238418579,0.699999988079071,0.9000000357627869
70,87,-10.677270889282227,4.596634864807129,0.5714285969734192,0.8571429252624512,1.0
70,88,-3.6456797122955322,6.18941068649292,0.5,1.0,1.0
70,89,-39.61382293701172,2759.389892578125,0.20000000298023224,0.20000000298023224,0.6000000238418579
70,90,-10.779287338256836,6.028800010681152,0.5,1.0,1.0
70,91,-0.7822656631469727,1.4786549806594849,1.0,1.0,1.0
70,92,-23.419456481933594,49.56291198730469,0.5,0.6666666865348816,0.8333333730697632
70,93,-1.855993628501892,1.8564472198486328,0.6666666865348816,1.0,1.0
70,94,-12.387199401855469,22.127029418945312,0.25,0.75,1.0
70,95,-4.581531047821045,9.882499694824219,0.5,1.0,1.0
70,96,-9.091419219970703,9.707073211669922,0.5,0.75,1.0
70,97,-9.687751770019531,11.267674446105957,0.5,0.75,1.0
70,98,-21.438552856445312,8.532268524169922,0.4000000059604645,0.699999988079071,1.0
70,99,-8.103107452392578,14.895151138305664,0.3333333432674408,1.0,1.0
70,100,-6.864145278930664,30.940706253051758,0.0,1.0,1.0
70,101,-6.905669689178467,5.620481967926025,0.25,1.0,1.0
70,102,-1.8813893795013428,2.561760425567627,1.0,1.0,1.0
70,103,-0.34281572699546814,1.1869747638702393,1.0,1.0,1.0
70,104,-4.041628837585449,1.9612946510314941,0.8333333730697632,1.0,1.0
70,105,-9.847367286682129,26.64111328125,0.3333333432674408,0.6666666865348816,1.0
70,106,-4.380148410797119,8.93587589263916,0.5,0.5,1.0
70,107,-12.06469440460205,416.69195556640625,0.5,0.5,0.5
70,108,-6.779917240142822,29.66472625732422,0.5,0.5,1.0
70,109,-34.816917419433594,47.87274932861328,0.4444444477558136,0.5555555820465088,0.7777777910232544
70,110,-9.803112983703613,134.49896240234375,0.5,0.5,0.5
70,111,-14.497493743896484,18.165037155151367,0.4000000059604645,0.800000011920929,1.0
70,112,-2.1681432723999023,2.0600173473358154,0.6666666865348816,1.0,1.0
70,113,-1.8281376361846924,1.8392891883850098,0.6666666865348816,1.0,1.0
70,114,-3.3624188899993896,28.85891342163086,0.0,1.0,1.0
70,115,-11.80575942993164,366.0901794433594,0.0,0.5,0.5
70,116,-2.5728211402893066,3.6197702884674072,0.5,1.0,1.0
70,117,-10.59908390045166,2.259885549545288,0.8461538553237915,0.9230769872665405,1.0
70,118,-9.150853157043457,97.06944274902344,0.5,0.5,0.5
70,119,-2.7416388988494873,3.9385766983032227,0.5,1.0,1.0
70,120,-21.08840560913086,13.95797061920166,0.625,0.75,0.875
70,121,-20.26465606689453,29.295753479003906,0.3333333432674408,0.6666666865348816,1.0
70,122,-7.550886154174805,3.5200705528259277,0.6666666865348816,1.0,1.0
70,123,-16.667186737060547,64.50848388671875,0.5,0.75,0.75
70,124,-11.010992050170898,9.044876098632812,0.6000000238418579,0.6000000238418579,1.0
70,125,-9.48222541809082,10.70334529876709,0.5,0.75,1.0
70,126,-15.960183143615723,54.0573616027832,0.5,0.75,0.75
70,127,-2.960405111312866,2.682640790939331,0.6666666865348816,1.0,1.0
70,128,-12.00168228149414,20.09398651123047,0.5,0.5,1.0
70,129,-2.9427597522735596,18.968122482299805,0.0,1.0,1.0
70,130,-11.879286766052246,52.44485855102539,0.6666666865348816,0.6666666865348816,0.6666666865348816
70,131,-9.358875274658203,6.499824047088623,0.6000000238418579,1.0,1.0
70,132,-2.2497825622558594,9.485672950744629,0.0,1.0,1.0
70,133,-3.2572150230407715,5.09677267074585,0.5,1.0,1.0
70,134,-12.592952728271484,542.6564331054688,0.0,0.0,1.0
70,135,-1.5129361152648926,1.6558458805084229,0.6666666865348816,1.0,1.0
70,136,-6.261716842651367,22.89362335205078,0.5,1.0,1.0
70,137,-13.515508651733398,860.7070922851562,0.5,0.5,0.5
70,138,-6.012917995452881,7.420942783355713,0.6666666865348816,0.6666666865348816,1.0
70,139,-5.515824794769287,3.013688802719116,0.6000000238418579,1.0,1.0
70,140,-6.54520845413208,8.861679077148438,0.3333333432674408,1.0,1.0
70,141,-10.389391899108887,13.428079605102539,0.25,1.0,1.0
70,142,-15.145469665527344,20.678489685058594,0.20000000298023224,0.800000011920929,0.800000011920929
70,143,-11.924468040466309,388.4770202636719,0.0,0.5,1.0
70,144,-17.41286849975586,77.7281265258789,0.5,0.75,0.75
70,145,-20.8587703704834,8.05164909362793,0.5,0.800000011920929,1.0
70,146,-12.210795402526855,58.5724983215332,0.0,0.6666666865348816,1.0
70,147,-2.3466665744781494,3.232750177383423,0.5,1.0,1.0
70,148,-10.38904094696045,180.28167724609375,0.5,0.5,0.5
71,0,-9.608591079711914,122.03350067138672,0.5,0.5,0.5
71,1,-11.425104141235352,4.170926094055176,0.75,0.875,1.0
71,2,-10.678125381469727,208.31736755371094,0.5,0.5,0.5
71,3,-5.179462909698486,177.58740234375,0.0,1.0,1.0
71,4,-13.198762893676758,734.6406860351562,0.5,0.5,0.5
71,5,-0.4320099949836731,1.2411086559295654,1.0,1.0,1.0
71,6,-0.3915763199329376,1.1394269466400146,1.0,1.0,1.0
71,7,-4.701303958892822,10.492408752441406,0.5,0.5,1.0
71,8,-12.694585800170898,12.665947914123535,0.6000000238418579,0.800000011920929,0.800000011920929
71,9,-0.050611287355422974,1.0256285667419434,1.0,1.0,1.0
71,10,-14.404520034790039,121.69361114501953,0.6666666865348816,0.6666666865348816,0.6666666865348816
71,11,-10.197399139404297,29.938129425048828,0.0,0.6666666865348816,1.0
71,12,-0.9951386451721191,1.6447186470031738,1.0,1.0,1.0
71,13,-11.435606956481934,304.2359313964844,0.5,0.5,1.0
71,14,-3.58711576461792,3.3058886528015137,0.3333333432674408,1.0,1.0
71,15,-6.723245620727539,5.3699116706848145,0.75,0.75,1.0
71,16,-5.36789083480835,5.985243320465088,0.6666666865348816,0.6666666865348816,1.0
71,17,-4.84360408782959,5.025549411773682,0.6666666865348816,1.0,1.0
71,18,-3.2924423217773438,2.277573347091675,0.5,1.0,1.0
71,19,-8.264226913452148,3.964466094970703,0.6666666865348816,0.8333333730697632,1.0
71,20,-3.3145599365234375,2.2902019023895264,0.75,1.0,1.0
71,21,-5.6562676429748535,6.589138507843018,0.3333333432674408,0.6666666865348816,1.0
71,22,-6.699206352233887,28.491426467895508,0.5,0.5,1.0
71,23,-12.525924682617188,8.065971374511719,0.5,0.8333333730697632,1.0
71,24,-2.0068814754486084,7.4400787353515625,0.0,1.0,1.0
71,25,-30.46942710876465,6.714969158172607,0.375,0.9375,1.0
71,26,-0.5890195369720459,1.3424681425094604,1.0,1.0,1.0
71,27,-5.974066734313965,4.4527268409729,0.75,1.0,1.0
71,28,-8.452461242675781,16.734745025634766,0.0,0.6666666865348816,1.0
71,29,-1.1301618814468384,3.0961575508117676,1.0,1.0,1.0
71,30,-10.02042007446289,149.93621826171875,0.5,0.5,0.5
71,31,-0.5335901975631714,1.3057729005813599,1.0,1.0,1.0
71,32,-5.067573547363281,12.601133346557617,0.5,1.0,1.0
71,33,-1.367870569229126,1.9816607236862183,1.0,1.0,1.0
71,34,-1.355855107307434,3.8800771236419678,1.0,1.0,1.0
71,35,-4.145107746124268,7.945087909698486,0.5,0.5,1.0
71,36,-5.307785987854004,3.7695157527923584,0.75,1.0,1.0
71,37,-4.516348838806152,4.506179332733154,0.6666666865348816,0.6666666865348816,1.0
71,38,-12.203838348388672,21.135616302490234,0.25,0.5,1.0
71,39,-2.7616095542907715,3.9781014919281006,0.5,1.0,1.0
71,40,-16.41861343383789,238.1429901123047,0.0,0.3333333432674408,0.6666666865348816
71,41,-10.290183067321777,5.556845188140869,0.6666666865348816,0.8333333730697632,1.0
71,42,-7.38894510269165,40.22434997558594,0.5,0.5,1.0
71,43,-4.825220108032227,2.6249032020568848,0.800000011920929,1.0,1.0
71,44,-7.90529203414917,52.07297134399414,0.0,0.5,1.0
71,45,-6.40029764175415,24.536182403564453,0.5,0.5,1.0
71,46,-19.334733963012695,11.21039867401123,0.5,0.625,1.0
71,47,-22.4953556060791,42.48817825317383,0.5,0.8333333730697632,0.8333333730697632
71,48,-5.002573490142822,148.79559326171875,0.0,0.0,1.0
71,49,-8.620574951171875,74.4618911743164,0.0,0.5,1.0
71,50,-5.146797180175781,13.110304832458496,0.5,0.5,1.0
71,51,-0.26792556047439575,1.1433502435684204,1.0,1.0,1.0
71,52,-3.9126265048980713,3.6847727298736572,0.6666666865348816,1.0,1.0
71,53,-23.12508773803711,27.20998191833496,0.2857142984867096,0.7142857313156128,1.0
71,54,-8.745758056640625,18.453475952148438,0.3333333432674408,0.6666666865348816,1.0
71,55,-10.040793418884277,151.47137451171875,0.5,0.5,1.0
71,56,-16.852638244628906,29.093875885009766,0.4000000059604645,0.6000000238418579,0.800000011920929
71,57,-1.776838779449463,5.911140441894531,1.0,1.0,1.0
71,58,-10.898500442504883,4.744227409362793,0.5714285969734192,1.0,1.0
71,59,-5.433326244354248,15.129752159118652,0.0,1.0,1.0
71,60,-1.4051133394241333,1.2222954034805298,1.0,1.0,1.0
71,61,-7.518521785736084,42.91669464111328,0.5,0.5,1.0
71,62,-4.347481727600098,77.28359985351562,0.0,1.0,1.0
71,63,-8.697371482849121,8.796402931213379,0.5,0.75,1.0
71,64,-0.6185385584831238,1.8562133312225342,1.0,1.0,1.0
71,65,-4.722001075744629,10.601552963256836,0.0,1.0,1.0
71,66,-6.92662239074707,3.996122360229492,0.800000011920929,1.0,1.0
71,67,-11.339629173278809,9.659343719482422,0.800000011920929,0.800000011920929,0.800000011920929
71,68,-39.414127349853516,51.49129104614258,0.20000000298023224,0.699999988079071,0.800000011920929
71,69,-20.157379150390625,28.776615142822266,0.3333333432674408,0.6666666865348816,0.8333333730697632
71,70,-12.377902030944824,22.07565689086914,0.5,0.5,1.0
71,71,-6.977555751800537,32.74590301513672,0.5,0.5,1.0
71,72,-4.019453525543213,2.731534242630005,0.5,1.0,1.0
71,73,-7.492708206176758,1794.906494140625,0.0,0.0,1.0
71,74,-15.856828689575195,52.67848587036133,0.5,0.75,0.75
71,75,-2.0264360904693604,2.754450559616089,1.0,1.0,1.0
71,76,-1.8008575439453125,1.8226397037506104,0.6666666865348816,1.0,1.0
71,77,-2.826586961746216,1.601751685142517,1.0,1.0,1.0
71,78,-13.130437850952148,26.64521026611328,0.75,0.75,0.75
71,79,-4.485854148864746,3.069343090057373,0.75,1.0,1.0
71,80,-6.109329700469971,7.663304328918457,0.6666666865348816,0.6666666865348816,1.0
71,81,-6.38627290725708,2.2217254638671875,0.75,1.0,1.0
71,82,-11.192437171936035,41.71297836303711,0.3333333432674408,0.6666666865348816,0.6666666865348816
71,83,-3.7428574562072754,42.21845626831055,0.0,1.0,1.0
71,84,-11.982688903808594,10.985077857971191,0.4000000059604645,0.6000000238418579,1.0
71,85,-2.8784713745117188,4.217471122741699,0.0,1.0,1.0
71,86,-26.289352416992188,13.859006881713867,0.6000000238418579,0.699999988079071,0.9000000357627869
71,87,-10.697481155395508,4.609925270080566,0.5714285969734192,0.8571429252624512,1.0
71,88,-3.6573147773742676,6.225522994995117,0.5,1.0,1.0
71,89,-39.54412841796875,2721.193603515625,0.20000000298023224,0.20000000298023224,0.6000000238418579
71,90,-10.733314514160156,5.982782363891602,0.5,1.0,1.0
71,91,-0.7627586126327515,1.4643030166625977,1.0,1.0,1.0
71,92,-23.228906631469727,48.01361083984375,0.6666666865348816,0.6666666865348816,0.8333333730697632
71,93,-1.8088805675506592,1.8275206089019775,0.6666666865348816,1.0,1.0
71,94,-12.12366771697998,20.716218948364258,0.25,0.75,1.0
71,95,-4.5674333572387695,9.813084602355957,0.5,1.0,1.0
71,96,-8.96977710723877,9.416319847106934,0.5,0.75,1.0
71,97,-9.739913940429688,11.415573120117188,0.5,0.75,1.0
71,98,-21.442026138305664,8.535233497619629,0.4000000059604645,0.699999988079071,1.0
71,99,-8.04349136352539,14.60207748413086,0.3333333432674408,1.0,1.0
71,100,-6.826662063598633,30.366226196289062,0.0,1.0,1.0
71,101,-7.012021064758301,5.771923065185547,0.25,1.0,1.0
71,102,-1.8645974397659302,2.540341854095459,1.0,1.0,1.0
71,103,-0.35051703453063965,1.1915541887283325,1.0,1.0,1.0
71,104,-4.0416436195373535,1.9612995386123657,0.8333333730697632,1.0,1.0
71,105,-9.862544059753418,26.776233673095703,0.3333333432674408,0.6666666865348816,1.0
71,106,-4.330488681793213,8.716731071472168,0.5,0.5,1.0
71,107,-12.031319618225098,409.796142578125,0.5,0.5,0.5
71,108,-6.7054219245910645,28.580108642578125,0.5,0.5,1.0
71,109,-34.8109245300293,47.84088134765625,0.4444444477558136,0.5555555820465088,0.7777777910232544
71,110,-9.82213306427002,135.78414916992188,0.5,0.5,0.5
71,111,-14.50943374633789,18.208467483520508,0.4000000059604645,0.800000011920929,1.0
71,112,-2.1948678493499756,2.0784504413604736,0.6666666865348816,1.0,1.0
71,113,-1.848498821258545,1.851815104484558,0.6666666865348816,1.0,1.0
71,114,-3.329800605773926,27.932771682739258,0.0,1.0,1.0
71,115,-11.838644027709961,372.1593017578125,0.0,0.5,0.5
71,116,-2.5376806259155273,3.55672550201416,0.5,1.0,1.0
71,117,-10.697025299072266,2.276975631713867,0.8461538553237915,0.9230769872665405,1.0
71,118,-9.135738372802734,96.33860778808594,0.5,0.5,0.5
71,119,-2.6808083057403564,3.820587396621704,0.5,1.0,1.0
71,120,-21.164520263671875,14.091404914855957,0.625,0.75,0.875
71,121,-20.030506134033203,28.17451286315918,0.3333333432674408,0.6666666865348816,1.0
71,122,-7.484067916870117,3.4810869693756104,0.6666666865348816,1.0,1.0
71,123,-16.653432846069336,64.28704833984375,0.5,0.75,0.75
71,124,-11.002998352050781,9.030426979064941,0.6000000238418579,0.6000000238418579,1.0
71,125,-9.461997032165527,10.649353981018066,0.5,0.75,1.0
71,126,-15.975265502929688,54.26157760620117,0.5,0.75,0.75
71,127,-2.9205915927886963,2.6472742557525635,0.6666666865348816,1.0,1.0
71,128,-12.099002838134766,20.588871002197266,0.5,0.5,1.0
71,129,-2.989428758621216,19.874326705932617,0.0,1.0,1.0
71,130,-11.91600513458252,53.090702056884766,0.6666666865348816,0.6666666865348816,0.6666666865348816
71,131,-9.374105453491211,6.519652366638184,0.6000000238418579,1.0,1.0
71,132,-2.2342686653137207,9.339649200439453,0.0,1.0,1.0
71,133,-3.186891555786133,4.920675277709961,0.5,1.0,1.0
71,134,-12.431171417236328,500.4890441894531,0.0,0.0,1.0
71,135,-1.4901890754699707,1.6433382034301758,0.6666666865348816,1.0,1.0
71,136,-6.2649359703063965,22.930503845214844,0.5,1.0,1.0
71,137,-13.70853042602539,947.9153442382812,0.5,0.5,0.5
71,138,-6.002445220947266,7.395081520080566,0.6666666865348816,0.6666666865348816,1.0
71,139,-5.494204998016357,3.000685930252075,0.6000000238418579,1.0,1.0
71,140,-6.5661211013793945,8.923667907714844,0.3333333432674408,1.0,1.0
71,141,-10.281942367553711,13.072171211242676,0.25,1.0,1.0
71,142,-15.156553268432617,20.724376678466797,0.20000000298023224,0.800000011920929,0.800000011920929
71,143,-11.958641052246094,395.1717834472656,0.0,0.5,1.0
71,144,-17.41106414794922,77.69306945800781,0.5,0.75,0.75
71,145,-20.743520736694336,7.95938777923584,0.5,0.800000011920929,1.0
71,146,-12.221038818359375,58.7728157043457,0.0,0.6666666865348816,1.0
71,147,-2.3335349559783936,3.211594343185425,0.5,1.0,1.0
71,148,-10.391622543334961,180.5145263671875,0.5,0.5,0.5
72,0,-9.64397144317627,124.21149444580078,0.5,0.5,0.5
72,1,-11.386366844177246,4.150778293609619,0.75,0.875,1.0
72,2,-10.639107704162598,204.29270935058594,0.5,0.5,0.5
72,3,-5.225351333618164,185.92648315429688,0.0,1.0,1.0
72,4,-13.238204002380371,749.27197265625,0.5,0.5,0.5
72,5,-0.4463169574737549,1.2500187158584595,1.0,1.0,1.0
72,6,-0.4107348620891571,1.1467268466949463,1.0,1.0,1.0
72,7,-4.73894739151001,10.691763877868652,0.5,0.5,1.0
72,8,-12.750277519226074,12.807815551757812,0.6000000238418579,0.800000011920929,0.800000011920929
72,9,-0.050826407968997955,1.0257388353347778,1.0,1.0,1.0
72,10,-14.403385162353516,121.6476058959961,0.6666666865348816,0.6666666865348816,0.6666666865348816
72,11,-10.253557205200195,30.503835678100586,0.0,0.6666666865348816,1.0
72,12,-0.982638955116272,1.6344714164733887,1.0,1.0,1.0
72,13,-11.402608871459961,299.25750732421875,0.5,0.5,1.0
72,14,-3.5965077877044678,3.3162543773651123,0.3333333432674408,1.0,1.0
72,15,-6.784321308135986,5.45253324508667,0.75,0.75,1.0
72,16,-5.429443359375,6.10931396484375,0.6666666865348816,0.6666666865348816,1.0
72,17,-4.83211612701416,5.006341457366943,0.6666666865348816,1.0,1.0
72,18,-3.354299783706665,2.313068389892578,0.5,1.0,1.0
72,19,-8.10228157043457,3.8588926792144775,0.6666666865348816,1.0,1.0
72,20,-3.3310365676879883,2.2996551990509033,0.75,1.0,1.0
72,21,-5.663056373596191,6.604065418243408,0.3333333432674408,0.6666666865348816,1.0
72,22,-6.647062301635742,27.758195877075195,0.5,0.5,1.0
72,23,-12.424057006835938,7.930182933807373,0.5,0.8333333730697632,1.0
72,24,-1.9903159141540527,7.317845344543457,0.0,1.0,1.0
72,25,-30.509075164794922,6.731629371643066,0.375,0.9375,1.0
72,26,-0.6059541702270508,1.3538835048675537,1.0,1.0,1.0
72,27,-5.9842424392700195,4.464068412780762,0.75,1.0,1.0
72,28,-8.396711349487305,16.42662811279297,0.0,0.6666666865348816,1.0
72,29,-1.1617693901062012,3.195582628250122,1.0,1.0,1.0
72,30,-10.065515518188477,153.3553466796875,0.5,0.5,0.5
72,31,-0.533484935760498,1.305704116821289,1.0,1.0,1.0
72,32,-5.070565700531006,12.619999885559082,0.5,1.0,1.0
72,33,-1.3597886562347412,1.973669171333313,1.0,1.0,1.0
72,34,-1.3219813108444214,3.7508456707000732,1.0,1.0,1.0
72,35,-4.2005181312561035,8.168285369873047,0.5,0.5,1.0
72,36,-5.329599857330322,3.790128707885742,0.75,0.75,1.0
72,37,-4.45835018157959,4.419898986816406,0.6666666865348816,0.6666666865348816,1.0
72,38,-12.283492088317871,21.560718536376953,0.25,0.5,1.0
72,39,-2.755105495452881,3.9651858806610107,0.5,1.0,1.0
72,40,-16.342376708984375,232.16741943359375,0.0,0.3333333432674408,0.6666666865348816
72,41,-10.53533935546875,5.7885966300964355,0.6666666865348816,0.8333333730697632,1.0
72,42,-7.436664581298828,41.19563293457031,0.5,0.5,1.0
72,43,-4.724620819091797,2.572618246078491,0.800000011920929,1.0,1.0
72,44,-7.884491920471191,51.53421401977539,0.0,0.5,1.0
72,45,-6.376763820648193,24.249156951904297,0.5,0.5,1.0
72,46,-19.150470733642578,10.955141067504883,0.5,0.625,1.0
72,47,-22.52727508544922,42.714820861816406,0.5,0.8333333730697632,0.8333333730697632
72,48,-5.00395393371582,149.0011444091797,0.0,0.0,1.0
72,49,-8.632527351379395,74.9082260131836,0.0,0.5,1.0
72,50,-5.122406959533691,12.951395034790039,0.5,1.0,1.0
72,51,-0.26376181840896606,1.140972375869751,1.0,1.0,1.0
72,52,-3.9120287895202637,3.6840384006500244,0.6666666865348816,1.0,1.0
72,53,-23.117877960205078,27.181970596313477,0.2857142984867096,0.7142857313156128,1.0
72,54,-8.766149520874023,18.579330444335938,0.3333333432674408,0.6666666865348816,1.0
72,55,-10.106948852539062,156.5655059814453,0.5,0.5,1.0
72,56,-16.76688003540039,28.599119186401367,0.4000000059604645,0.6000000238418579,0.800000011920929
72,57,-1.772624135017395,5.886279582977295,1.0,1.0,1.0
72,58,-10.911294937133789,4.7529072761535645,0.5714285969734192,1.0,1.0
72,59,-5.511492729187012,15.732778549194336,0.0,1.0,1.0
72,60,-1.4055246114730835,1.2223671674728394,1.0,1.0,1.0
72,61,-7.523182392120361,43.01681900024414,0.5,0.5,1.0
72,62,-4.394321441650391,80.98966217041016,0.0,1.0,1.0
72,63,-8.685687065124512,8.770745277404785,0.5,0.75,1.0
72,64,-0.6283279061317444,1.8744736909866333,1.0,1.0,1.0
72,65,-4.7278056144714355,10.632367134094238,0.0,1.0,1.0
72,66,-6.941958427429199,4.008398056030273,0.800000011920929,1.0,1.0
72,67,-11.25658893585205,9.500246047973633,0.800000011920929,0.800000011920929,0.800000011920929
72,68,-39.68601989746094,52.9105110168457,0.20000000298023224,0.699999988079071,0.800000011920929
72,69,-20.147336959838867,28.72849464416504,0.3333333432674408,0.6666666865348816,0.8333333730697632
72,70,-12.33425235748291,21.836069107055664,0.5,0.5,1.0
72,71,-7.014807224273682,33.36153793334961,0.5,0.5,1.0
72,72,-3.893651008605957,2.6469626426696777,0.5,1.0,1.0
72,73,-7.479371547698975,1771.12744140625,0.0,0.0,1.0
72,74,-15.786513328552246,51.76055145263672,0.5,0.75,0.75
72,75,-2.0806446075439453,2.8301289081573486,1.0,1.0,1.0
72,76,-1.7183544635772705,1.7731982469558716,0.6666666865348816,1.0,1.0
72,77,-2.7295804023742676,1.5760632753372192,1.0,1.0,1.0
72,78,-12.96054458618164,25.537199020385742,0.75,0.75,0.75
72,79,-4.538548946380615,3.1100451946258545,0.75,1.0,1.0
72,80,-6.120322227478027,7.691435813903809,0.6666666865348816,0.6666666865348816,1.0
72,81,-6.499960422515869,2.253523826599121,0.75,1.0,1.0
72,82,-11.169336318969727,41.39301681518555,0.3333333432674408,0.6666666865348816,0.6666666865348816
72,83,-3.6937255859375,40.19431686401367,0.0,1.0,1.0
72,84,-12.172152519226074,11.409320831298828,0.4000000059604645,0.6000000238418579,1.0
72,85,-2.807041645050049,4.069502830505371,0.0,1.0,1.0
72,86,-26.355262756347656,13.950651168823242,0.6000000238418579,0.699999988079071,0.9000000357627869
72,87,-10.67245864868164,4.593475818634033,0.5714285969734192,0.8571429252624512,1.0
72,88,-3.632242202758789,6.147964954376221,0.5,1.0,1.0
72,89,-39.60615158081055,2755.15869140625,0.20000000298023224,0.20000000298023224,0.6000000238418579
72,90,-10.807873725891113,6.057591915130615,0.5,1.0,1.0
72,91,-0.7677266001701355,1.4679447412490845,1.0,1.0,1.0
72,92,-23.351390838623047,49.00382995605469,0.5,0.6666666865348816,0.8333333730697632
72,93,-1.8166265487670898,1.8322453498840332,0.6666666865348816,1.0,1.0
72,94,-12.338313102722168,21.858247756958008,0.25,0.75,1.0
72,95,-4.601091384887695,9.979626655578613,0.5,1.0,1.0
72,96,-9.043309211730957,9.591020584106445,0.5,0.75,1.0
72,97,-9.684592247009277,11.258777618408203,0.5,0.75,1.0
72,98,-21.4094181060791,8.507447242736816,0.4000000059604645,0.800000011920929,1.0
72,99,-8.079923629760742,14.780487060546875,0.3333333432674408,1.0,1.0
72,100,-6.855398178100586,30.805679321289062,0.0,1.0,1.0
72,101,-6.968853950500488,5.7099690437316895,0.25,1.0,1.0
72,102,-1.88724684715271,2.5692741870880127,1.0,1.0,1.0
72,103,-0.35161131620407104,1.1922062635421753,1.0,1.0,1.0
72,104,-4.050422668457031,1.9641714096069336,0.8333333730697632,1.0,1.0
72,105,-9.894329071044922,27.061437606811523,0.3333333432674408,0.6666666865348816,1.0
72,106,-4.339069366455078,8.754209518432617,0.5,0.5,1.0
72,107,-11.999101638793945,403.2476501464844,0.5,0.5,0.5
72,108,-6.805535316467285,30.04714584350586,0.5,0.5,1.0
72,109,-34.85731506347656,48.08810806274414,0.4444444477558136,0.5555555820465088,0.7777777910232544
72,110,-9.777938842773438,132.81661987304688,0.5,0.5,0.5
72,111,-14.457136154174805,18.019010543823242,0.4000000059604645,0.800000011920929,1.0
72,112,-2.219905138015747,2.095869302749634,0.6666666865348816,1.0,1.0
72,113,-1.863080620765686,1.8608378171920776,0.6666666865348816,1.0,1.0
72,114,-3.400832414627075,29.98905372619629,0.0,1.0,1.0
72,115,-11.804032325744629,365.774169921875,0.0,0.5,0.5
72,116,-2.5640690326690674,3.6039645671844482,0.5,1.0,1.0
72,117,-10.678682327270508,2.2737650871276855,0.8461538553237915,0.9230769872665405,1.0
72,118,-9.156668663024902,97.35210418701172,0.5,0.5,0.5
72,119,-2.701953649520874,3.8611955642700195,0.5,1.0,1.0
72,120,-21.084091186523438,13.950445175170898,0.625,0.75,0.875
72,121,-19.975759506225586,27.918603897094727,0.3333333432674408,0.6666666865348816,1.0
72,122,-7.484646320343018,3.4814229011535645,0.6666666865348816,1.0,1.0
72,123,-16.5926513671875,63.317569732666016,0.5,0.75,0.75
72,124,-11.0415678024292,9.10035514831543,0.6000000238418579,0.6000000238418579,1.0
72,125,-9.433199882507324,10.572961807250977,0.5,0.75,1.0
72,126,-16.080278396606445,55.704986572265625,0.5,0.75,0.75
72,127,-2.934863567352295,2.659898281097412,0.6666666865348816,1.0,1.0
72,128,-11.969322204589844,19.93208122253418,0.5,0.5,1.0
72,129,-2.929419994354248,18.716772079467773,0.0,1.0,1.0
72,130,-11.898122787475586,52.77517318725586,0.6666666865348816,0.6666666865348816,0.6666666865348816
72,131,-9.431403160095215,6.594795227050781,0.6000000238418579,1.0,1.0
72,132,-2.17923641204834,8.839553833007812,0.0,1.0,1.0
72,133,-3.2197604179382324,5.002212047576904,0.5,1.0,1.0
72,134,-12.587303161621094,541.125732421875,0.0,0.0,1.0
72,135,-1.491685152053833,1.6441580057144165,0.6666666865348816,1.0,1.0
72,136,-6.328402042388916,23.669824600219727,0.5,1.0,1.0
72,137,-13.667499542236328,928.6665649414062,0.5,0.5,0.5
72,138,-6.0277204513549805,7.457648277282715,0.6666666865348816,0.6666666865348816,1.0
72,139,-5.505484580993652,3.007462978363037,0.6000000238418579,1.0,1.0
72,140,-6.549619674682617,8.874717712402344,0.3333333432674408,1.0,1.0
72,141,-10.320734977722168,13.199563980102539,0.25,1.0,1.0
72,142,-15.1063232421875,20.517221450805664,0.20000000298023224,0.800000011920929,0.800000011920929
72,143,-11.935916900634766,390.7071838378906,0.0,0.5,1.0
72,144,-17.382427215576172,77.13883209228516,0.5,0.75,0.75
72,145,-20.843446731567383,8.039321899414062,0.5,0.800000011920929,1.0
72,146,-12.216205596923828,58.67822265625,0.0,0.6666666865348816,1.0
72,147,-2.317042112350464,3.1852190494537354,0.5,1.0,1.0
72,148,-10.354464530944824,177.19171142578125,0.5,0.5,0.5
73,0,-9.535906791687012,117.67816162109375,0.5,0.5,0.5
73,1,-11.409496307373047,4.162796497344971,0.75,0.875,1.0
73,2,-10.673659324645996,207.85272216796875,0.5,0.5,0.5
73,3,-5.208847522735596,182.8831787109375,0.0,1.0,1.0
73,4,-13.197324752807617,734.112548828125,0.5,0.5,0.5
73,5,-0.431453138589859,1.2407630681991577,1.0,1.0,1.0
73,6,-0.3654932975769043,1.1295632123947144,1.0,1.0,1.0
73,7,-4.668834686279297,10.323443412780762,0.5,0.5,1.0
73,8,-12.640936851501465,12.530770301818848,0.6000000238418579,0.800000011920929,0.800000011920929
73,9,-0.04739632457494736,1.0239812135696411,1.0,1.0,1.0
73,10,-14.407734870910645,121.82412719726562,0.6666666865348816,0.6666666865348816,0.6666666865348816
73,11,-10.179288864135742,29.757946014404297,0.0,0.6666666865348816,1.0
73,12,-0.9942072033882141,1.6439528465270996,1.0,1.0,1.0
73,13,-11.437491416931152,304.5227355957031,0.5,0.5,1.0
73,14,-3.546365737915039,3.261286973953247,0.3333333432674408,1.0,1.0
73,15,-6.8267412185668945,5.510664939880371,0.75,0.75,1.0
73,16,-5.383124828338623,6.015713691711426,0.6666666865348816,0.6666666865348816,1.0
73,17,-4.852548122406006,5.040554046630859,0.6666666865348816,1.0,1.0
73,18,-3.3114261627197266,2.2884085178375244,0.5,1.0,1.0
73,19,-8.268547058105469,3.9673213958740234,0.6666666865348816,0.8333333730697632,1.0
73,20,-3.3539133071899414,2.31284499168396,0.75,1.0,1.0
73,21,-5.7375946044921875,6.770206451416016,0.3333333432674408,0.6666666865348816,1.0
73,22,-6.6517181396484375,27.822891235351562,0.5,0.5,1.0
73,23,-12.468992233276367,7.9897966384887695,0.5,0.8333333730697632,1.0
73,24,-2.006937265396118,7.440494060516357,0.0,1.0,1.0
73,25,-30.52302360534668,6.737500190734863,0.375,0.9375,1.0
73,26,-0.5897315144538879,1.3429460525512695,1.0,1.0,1.0
73,27,-6.070647239685059,4.561546802520752,0.75,1.0,1.0
73,28,-8.388134002685547,16.379730224609375,0.0,0.6666666865348816,1.0
73,29,-1.2092782258987427,3.351064920425415,1.0,1.0,1.0
73,30,-10.043343544006348,151.6646270751953,0.5,0.5,0.5
73,31,-0.5564575791358948,1.3207883834838867,1.0,1.0,1.0
73,32,-5.054183483123779,12.517050743103027,0.5,1.0,1.0
73,33,-1.432629942893982,2.0468764305114746,1.0,1.0,1.0
73,34,-1.3452342748641968,3.839085817337036,1.0,1.0,1.0
73,35,-4.135448455810547,7.906808853149414,0.5,1.0,1.0
73,36,-5.338790416717529,3.798846960067749,0.75,0.75,1.0
73,37,-4.466625213623047,4.432106971740723,0.6666666865348816,0.6666666865348816,1.0
73,38,-12.201345443725586,21.122447967529297,0.25,0.5,1.0
73,39,-2.7143964767456055,3.8852920532226562,0.5,1.0,1.0
73,40,-16.34773063659668,232.5821533203125,0.0,0.3333333432674408,0.6666666865348816
73,41,-10.63648509979248,5.8870062828063965,0.6666666865348816,0.8333333730697632,1.0
73,42,-7.407968044281006,40.608768463134766,0.5,0.5,1.0
73,43,-4.793306827545166,2.6082026958465576,0.800000011920929,1.0,1.0
73,44,-7.948162078857422,53.20120620727539,0.0,0.5,1.0
73,45,-6.353301525115967,23.966350555419922,0.5,0.5,1.0
73,46,-19.211345672607422,11.03882122039795,0.5,0.625,1.0
73,47,-22.261249542236328,40.86231231689453,0.5,0.8333333730697632,0.8333333730697632
73,48,-5.008525848388672,149.6839141845703,0.0,0.0,1.0
73,49,-8.577608108520508,72.87925720214844,0.0,0.5,1.0
73,50,-5.169749736785889,13.261630058288574,0.5,1.0,1.0
73,51,-0.27054357528686523,1.1448478698730469,1.0,1.0,1.0
73,52,-3.8334717750549316,3.5888214111328125,0.6666666865348816,1.0,1.0
73,53,-23.047832489013672,26.911333084106445,0.2857142984867096,0.7142857313156128,1.0
73,54,-8.752195358276367,18.493114471435547,0.3333333432674408,0.6666666865348816,1.0
73,55,-10.142763137817383,159.39439392089844,0.5,0.5,1.0
73,56,-16.726497650146484,28.369070053100586,0.4000000059604645,0.6000000238418579,0.800000011920929
73,57,-1.7732996940612793,5.890257835388184,1.0,1.0,1.0
73,58,-10.876913070678711,4.72961950302124,0.5714285969734192,1.0,1.0
73,59,-5.543174743652344,15.983986854553223,0.0,1.0,1.0
73,60,-1.3771843910217285,1.217428207397461,1.0,1.0,1.0
73,61,-7.497665882110596,42.47148513793945,0.5,0.5,1.0
73,62,-4.380505561828613,79.87841033935547,0.0,1.0,1.0
73,63,-8.756258964538574,8.926859855651855,0.5,0.75,1.0
73,64,-0.6423206329345703,1.9008868932724,1.0,1.0,1.0
73,65,-4.738672256469727,10.690293312072754,0.0,1.0,1.0
73,66,-6.8448486328125,3.931298017501831,0.800000011920929,1.0,1.0
73,67,-11.213798522949219,9.419289588928223,0.800000011920929,0.800000011920929,0.800000011920929
73,68,-39.463539123535156,51.7463493347168,0.20000000298023224,0.800000011920929,0.800000011920929
73,69,-20.231462478637695,29.134130477905273,0.3333333432674408,0.6666666865348816,0.8333333730697632
73,70,-12.393660545349121,22.162797927856445,0.5,0.5,1.0
73,71,-7.029934406280518,33.61482620239258,0.5,0.5,1.0
73,72,-3.9747071266174316,2.7011477947235107,0.5,1.0,1.0
73,73,-7.492000102996826,1793.635986328125,0.0,0.0,1.0
73,74,-15.772039413452148,51.5735969543457,0.5,0.75,0.75
73,75,-2.059199094772339,2.7999444007873535,1.0,1.0,1.0
73,76,-1.7610918283462524,1.7986395359039307,0.6666666865348816,1.0,1.0
73,77,-2.7235195636749268,1.5744719505310059,1.0,1.0,1.0
73,78,-12.96347427368164,25.555910110473633,0.75,0.75,0.75
73,79,-4.48000431060791,3.0648574829101562,0.75,1.0,1.0
73,80,-6.10157585144043,7.643522262573242,0.6666666865348816,0.6666666865348816,1.0
73,81,-6.490082263946533,2.2507426738739014,0.75,1.0,1.0
73,82,-11.189051628112793,41.66593551635742,0.3333333432674408,0.6666666865348816,0.6666666865348816
73,83,-3.7568130493164062,42.811767578125,0.0,1.0,1.0
73,84,-12.220505714416504,11.520190238952637,0.4000000059604645,0.6000000238418579,1.0
73,85,-2.8328871726989746,4.122433662414551,0.0,1.0,1.0
73,86,-26.259349822998047,13.817489624023438,0.6000000238418579,0.699999988079071,0.9000000357627869
73,87,-10.645904541015625,4.576083660125732,0.5714285969734192,0.8571429252624512,1.0
73,88,-3.6482672691345215,6.197423934936523,0.5,1.0,1.0
73,89,-39.469688415527344,2680.979736328125,0.20000000298023224,0.20000000298023224,0.6000000238418579
73,90,-10.788506507873535,6.038069725036621,0.5,1.0,1.0
73,91,-0.7662314772605896,1.4668477773666382,1.0,1.0,1.0
73,92,-23.31051254272461,48.67109680175781,0.5,0.6666666865348816,0.8333333730697632
73,93,-1.8132163286209106,1.8301637172698975,0.6666666865348816,1.0,1.0
73,94,-12.240082740783691,21.327999114990234,0.25,0.75,1.0
73,95,-4.594097137451172,9.944787979125977,0.5,1.0,1.0
73,96,-9.003166198730469,9.495248794555664,0.5,0.75,1.0
73,97,-9.730348587036133,11.388307571411133,0.5,0.75,1.0
73,98,-21.423797607421875,8.519688606262207,0.4000000059604645,0.800000011920929,1.0
73,99,-8.074319839477539,14.75290298461914,0.3333333432674408,1.0,1.0
73,100,-6.8352837562561035,30.497413635253906,0.0,1.0,1.0
73,101,-7.0587358474731445,5.83972692489624,0.25,1.0,1.0
73,102,-1.8856306076049805,2.5671987533569336,1.0,1.0,1.0
73,103,-0.3361515998840332,1.1830263137817383,1.0,1.0,1.0
73,104,-4.07085657119751,1.970871925354004,0.8333333730697632,1.0,1.0
73,105,-9.873710632324219,26.87608528137207,0.3333333432674408,0.6666666865348816,1.0
73,106,-4.438096046447754,9.198570251464844,0.5,0.5,1.0
73,107,-12.125736236572266,429.6058044433594,0.5,0.5,0.5
73,108,-6.745254993438721,29.155031204223633,0.5,0.5,1.0
73,109,-34.88760757446289,48.250244140625,0.4444444477558136,0.5555555820465088,0.7777777910232544
73,110,-9.765400886535645,131.98660278320312,0.5,0.5,0.5
73,111,-14.554556846618652,18.37353515625,0.4000000059604645,0.800000011920929,1.0
73,112,-2.154252052307129,2.0505006313323975,0.6666666865348816,1.0,1.0
73,113,-1.8395882844924927,1.8463228940963745,0.6666666865348816,1.0,1.0
73,114,-3.3873391151428223,29.587120056152344,0.0,1.0,1.0
73,115,-11.850723266601562,374.413818359375,0.0,0.5,0.5
73,116,-2.540856122970581,3.5623772144317627,0.5,1.0,1.0
73,117,-10.606468200683594,2.26116943359375,0.8461538553237915,0.9230769872665405,1.0
73,118,-9.130075454711914,96.06622314453125,0.5,0.5,0.5
73,119,-2.759666681289673,3.9742391109466553,0.5,1.0,1.0
73,120,-21.118183135986328,14.010022163391113,0.625,0.75,0.875
73,121,-20.087547302246094,28.44363784790039,0.3333333432674408,0.6666666865348816,1.0
73,122,-7.486328125,3.482398509979248,0.6666666865348816,1.0,1.0
73,123,-16.72751235961914,65.48873138427734,0.5,0.75,0.75
73,124,-11.000875473022461,9.026593208312988,0.6000000238418579,0.6000000238418579,1.0
73,125,-9.46407413482666,10.654886245727539,0.5,0.75,1.0
73,126,-16.189105987548828,57.24134826660156,0.5,0.75,0.75
73,127,-2.9230852127075195,2.649475574493408,0.6666666865348816,1.0,1.0
73,128,-11.974176406860352,19.95628547668457,0.5,0.5,1.0
73,129,-2.945000171661377,19.010665893554688,0.0,1.0,1.0
73,130,-11.94505786895752,53.60733413696289,0.6666666865348816,0.6666666865348816,0.6666666865348816
73,131,-9.48756217956543,6.669283390045166,0.6000000238418579,0.800000011920929,1.0
73,132,-2.2512261867523193,9.49937629699707,0.0,1.0,1.0
73,133,-3.2499618530273438,5.078321933746338,0.5,1.0,1.0
73,134,-12.469383239746094,510.14324951171875,0.0,0.0,1.0
73,135,-1.506057620048523,1.652053713798523,0.6666666865348816,1.0,1.0
73,136,-6.356974124908447,24.010400772094727,0.5,0.5,1.0
73,137,-13.561992645263672,880.9459838867188,0.5,0.5,0.5
73,138,-5.961113452911377,7.293895721435547,0.6666666865348816,0.6666666865348816,1.0
73,139,-5.522695541381836,3.0178334712982178,0.6000000238418579,1.0,1.0
73,140,-6.560192108154297,8.906048774719238,0.3333333432674408,1.0,1.0
73,141,-10.368294715881348,13.357441902160645,0.25,1.0,1.0
73,142,-15.135855674743652,20.63876724243164,0.20000000298023224,0.800000011920929,0.800000011920929
73,143,-11.982752799987793,399.9647216796875,0.0,0.5,1.0
73,144,-17.467571258544922,78.79840850830078,0.5,0.75,0.75
73,145,-20.895923614501953,8.081621170043945,0.5,0.800000011920929,1.0
73,146,-12.214786529541016,58.650474548339844,0.0,0.6666666865348816,1.0
73,147,-2.2900290489196777,3.142487049102783,0.5,1.0,1.0
73,148,-10.402745246887207,181.52122497558594,0.5,0.5,0.5
74,0,-9.482208251953125,114.56062316894531,0.5,0.5,0.5
74,1,-11.417282104492188,4.166849613189697,0.75,0.875,1.0
74,2,-10.649317741394043,205.3383026123047,0.5,0.5,0.5
74,3,-5.246974945068359,189.9906768798828,0.0,1.0,1.0
74,4,-13.110631942749023,702.97119140625,0.5,0.5,0.5
74,5,-0.40586596727371216,1.2249903678894043,1.0,1.0,1.0
74,6,-0.36400920152664185,1.1290045976638794,1.0,1.0,1.0
74,7,-4.76698112487793,10.842683792114258,0.5,0.5,1.0
74,8,-12.747218132019043,12.799982070922852,0.6000000238418579,0.800000011920929,0.800000011920929
74,9,-0.05056224763393402,1.0256034135818481,1.0,1.0,1.0
74,10,-14.360962867736816,119.93954467773438,0.6666666865348816,0.6666666865348816,0.6666666865348816
74,11,-10.163354873657227,29.60031509399414,0.0,0.6666666865348816,1.0
74,12,-1.0063532590866089,1.6539669036865234,1.0,1.0,1.0
74,13,-11.4356689453125,304.245361328125,0.5,0.5,1.0
74,14,-3.562222957611084,3.2785708904266357,0.3333333432674408,1.0,1.0
74,15,-6.763075351715088,5.423649311065674,0.75,0.75,1.0
74,16,-5.4106035232543945,6.071067810058594,0.6666666865348816,0.6666666865348816,1.0
74,17,-4.803825855255127,4.959353446960449,0.6666666865348816,1.0,1.0
74,18,-3.3470821380615234,2.308898448944092,0.5,1.0,1.0
74,19,-8.284219741821289,3.97769832611084,0.6666666865348816,0.8333333730697632,1.0
74,20,-3.3531293869018555,2.312391757965088,0.75,1.0,1.0
74,21,-5.706799030303955,6.701064586639404,0.3333333432674408,0.6666666865348816,1.0
74,22,-6.674130916595459,28.136438369750977,0.5,0.5,1.0
74,23,-12.47658920288086,7.99992036819458,0.5,0.8333333730697632,1.0
74,24,-1.9923503398895264,7.3327484130859375,0.0,1.0,1.0
74,25,-30.507686614990234,6.731045246124268,0.375,0.875,1.0
74,26,-0.5871993899345398,1.3412469625473022,1.0,1.0,1.0
74,27,-5.963801860809326,4.441314697265625,0.75,1.0,1.0
74,28,-8.452075958251953,16.73259735107422,0.0,0.6666666865348816,1.0
74,29,-1.1542679071426392,3.1717004776000977,1.0,1.0,1.0
74,30,-10.081028938293457,154.54949951171875,0.5,0.5,0.5
74,31,-0.5557461977005005,1.320318579673767,1.0,1.0,1.0
74,32,-5.068120002746582,12.60457706451416,0.5,1.0,1.0
74,33,-1.3998775482177734,2.01362943649292,1.0,1.0,1.0
74,34,-1.3390545845031738,3.815434455871582,1.0,1.0,1.0
74,35,-4.217522621154785,8.238030433654785,0.5,0.5,1.0
74,36,-5.299056053161621,3.7612977027893066,0.75,1.0,1.0
74,37,-4.444756507873535,4.399916172027588,0.6666666865348816,0.6666666865348816,1.0
74,38,-12.254209518432617,21.40345573425293,0.25,0.5,1.0
74,39,-2.7694196701049805,3.993666887283325,0.5,1.0,1.0
74,40,-16.385080337524414,235.495849609375,0.0,0.3333333432674408,0.6666666865348816
74,41,-9.99167251586914,5.287147045135498,0.6666666865348816,0.8333333730697632,1.0
74,42,-7.5011115074157715,42.54471969604492,0.5,0.5,1.0
74,43,-4.804512977600098,2.6140549182891846,0.800000011920929,1.0,1.0
74,44,-7.895541191101074,51.81970977783203,0.0,0.5,1.0
74,45,-6.37945032119751,24.281753540039062,0.5,0.5,1.0
74,46,-19.319026947021484,11.188408851623535,0.5,0.625,1.0
74,47,-22.344722747802734,41.43476867675781,0.5,0.8333333730697632,0.8333333730697632
74,48,-4.977165222167969,145.0625762939453,0.0,0.0,1.0
74,49,-8.664306640625,76.10799407958984,0.0,0.5,1.0
74,50,-5.115451335906982,12.906431198120117,0.5,1.0,1.0
74,51,-0.2733263671398163,1.14644193649292,1.0,1.0,1.0
74,52,-3.920715570449829,3.694721221923828,0.6666666865348816,1.0,1.0
74,53,-22.82398223876953,26.06435775756836,0.2857142984867096,0.7142857313156128,1.0
74,54,-8.83653736114502,19.020408630371094,0.3333333432674408,0.6666666865348816,1.0
74,55,-10.137124061584473,158.9456024169922,0.5,0.5,1.0
74,56,-16.698650360107422,28.211509704589844,0.4000000059604645,0.6000000238418579,0.800000011920929
74,57,-1.8120622634887695,6.1230621337890625,1.0,1.0,1.0
74,58,-10.964629173278809,4.78925895690918,0.5714285969734192,1.0,1.0
74,59,-5.497338771820068,15.621830940246582,0.0,1.0,1.0
74,60,-1.4178407192230225,1.2245197296142578,1.0,1.0,1.0
74,61,-7.546072483062744,43.51197814941406,0.5,0.5,1.0
74,62,-4.372166633605957,79.21508026123047,0.0,1.0,1.0
74,63,-8.726579666137695,8.860870361328125,0.5,0.75,1.0
74,64,-0.6274070143699646,1.8727482557296753,1.0,1.0,1.0
74,65,-4.723060607910156,10.607171058654785,0.0,1.0,1.0
74,66,-6.952546119689941,4.016895294189453,0.800000011920929,1.0,1.0
74,67,-11.209692001342773,9.4115571975708,0.800000011920929,0.800000011920929,0.800000011920929
74,68,-39.502716064453125,51.9494743347168,0.20000000298023224,0.800000011920929,0.800000011920929
74,69,-20.08298110961914,28.421998977661133,0.3333333432674408,0.6666666865348816,0.8333333730697632
74,70,-12.329601287841797,21.810693740844727,0.5,0.5,1.0
74,71,-7.059352397918701,34.11292266845703,0.5,0.5,1.0
74,72,-4.2141265869140625,2.8677613735198975,0.5,1.0,1.0
74,73,-7.541866302490234,1885.3453369140625,0.0,0.0,1.0
74,74,-15.802953720092773,51.973731994628906,0.5,0.75,0.75
74,75,-2.059260368347168,2.800029993057251,1.0,1.0,1.0
74,76,-1.7297735214233398,1.7799605131149292,0.6666666865348816,1.0,1.0
74,77,-2.6171960830688477,1.5468171834945679,1.0,1.0,1.0
74,78,-13.038697242736816,26.041053771972656,0.75,0.75,0.75
74,79,-4.495278358459473,3.07658314704895,0.75,1.0,1.0
74,80,-6.118042945861816,7.685593605041504,0.6666666865348816,0.6666666865348816,1.0
74,81,-6.477692127227783,2.2472596168518066,0.75,1.0,1.0
74,82,-11.162622451782227,41.30047607421875,0.3333333432674408,0.6666666865348816,0.6666666865348816
74,83,-3.7160751819610596,41.10275650024414,0.0,1.0,1.0
74,84,-12.115585327148438,11.280969619750977,0.4000000059604645,0.6000000238418579,1.0
74,85,-2.747208833694458,3.9495608806610107,0.0,1.0,1.0
74,86,-26.42110824584961,14.042814254760742,0.6000000238418579,0.699999988079071,0.9000000357627869
74,87,-10.690248489379883,4.605164527893066,0.5714285969734192,0.8571429252624512,1.0
74,88,-3.6365904808044434,6.161345958709717,0.5,1.0,1.0
74,89,-39.66196060180664,2786.08349609375,0.20000000298023224,0.20000000298023224,0.6000000238418579
74,90,-10.814504623413086,6.064289569854736,0.5,1.0,1.0
74,91,-0.7918068170547485,1.4857257604599,1.0,1.0,1.0
74,92,-23.216960906982422,47.91810989379883,0.6666666865348816,0.6666666865348816,0.8333333730697632
74,93,-1.859320878982544,1.8585072755813599,0.6666666865348816,1.0,1.0
74,94,-12.208780288696289,21.161745071411133,0.25,0.75,1.0
74,95,-4.561749458312988,9.785236358642578,0.5,1.0,1.0
74,96,-8.98054027557373,9.441690444946289,0.5,0.75,1.0
74,97,-9.636754035949707,11.124929428100586,0.5,0.75,1.0
74,98,-21.37433624267578,8.477651596069336,0.4000000059604645,0.800000011920929,1.0
74,99,-8.113710403442383,14.947888374328613,0.3333333432674408,1.0,1.0
74,100,-6.734131336212158,28.993324279785156,0.0,1.0,1.0
74,101,-6.97575569152832,5.719829082489014,0.25,1.0,1.0
74,102,-1.8889012336730957,2.5714004039764404,1.0,1.0,1.0
74,103,-0.3489150404930115,1.1906001567840576,1.0,1.0,1.0
74,104,-4.045954704284668,1.9627091884613037,0.8333333730697632,1.0,1.0
74,105,-9.764298439025879,25.913557052612305,0.3333333432674408,0.6666666865348816,1.0
74,106,-4.43855619430542,9.20068645477295,0.5,0.5,1.0
74,107,-12.00177001953125,403.7859802246094,0.5,0.5,0.5
74,108,-6.77796745300293,29.635818481445312,0.5,0.5,1.0
74,109,-34.80197525024414,47.793331146240234,0.4444444477558136,0.5555555820465088,0.7777777910232544
74,110,-9.760649681091309,131.67343139648438,0.5,0.5,0.5
74,111,-14.597503662109375,18.53203582763672,0.4000000059604645,0.800000011920929,1.0
74,112,-2.1984446048736572,2.08092999458313,0.6666666865348816,1.0,1.0
74,113,-1.7730730772018433,1.8058372735977173,0.6666666865348816,1.0,1.0
74,114,-3.389146327972412,29.64063835144043,0.0,1.0,1.0
74,115,-11.752754211425781,356.5152587890625,0.0,0.5,0.5
74,116,-2.5362818241119385,3.55423903465271,0.5,1.0,1.0
74,117,-10.619733810424805,2.2634780406951904,0.8461538553237915,0.9230769872665405,1.0
74,118,-9.109269142150879,95.07200622558594,0.5,0.5,0.5
74,119,-2.7031078338623047,3.86342453956604,0.5,1.0,1.0
74,120,-21.13159942626953,14.033535957336426,0.625,0.75,0.875
74,121,-20.237775802612305,29.164806365966797,0.3333333432674408,0.6666666865348816,1.0
74,122,-7.672136306762695,3.5919289588928223,0.6666666865348816,1.0,1.0
74,123,-16.637359619140625,64.02924346923828,0.5,0.75,0.75
74,124,-10.98885726928711,9.004923820495605,0.6000000238418579,0.6000000238418579,1.0
74,125,-9.483160972595215,10.705849647521973,0.5,0.75,1.0
74,126,-16.19354820251465,57.30495071411133,0.5,0.75,0.75
74,127,-2.92002534866333,2.6467745304107666,0.6666666865348816,1.0,1.0
74,128,-11.999712944030762,20.084096908569336,0.5,0.5,1.0
74,129,-2.991359233856201,19.912729263305664,0.0,1.0,1.0
74,130,-11.988160133361816,54.38309860229492,0.6666666865348816,0.6666666865348816,0.6666666865348816
74,131,-9.406645774841309,6.562221527099609,0.6000000238418579,1.0,1.0
74,132,-2.226015329360962,9.262883186340332,0.0,1.0,1.0
74,133,-3.2490789890289307,5.076081275939941,0.5,1.0,1.0
74,134,-12.516839981079102,522.3929443359375,0.0,0.0,1.0
74,135,-1.5261640548706055,1.6631633043289185,0.6666666865348816,1.0,1.0
74,136,-6.283160209655762,23.14040184020996,0.5,1.0,1.0
74,137,-13.615522384643555,904.8427734375,0.5,0.5,0.5
74,138,-6.02018928527832,7.438951015472412,0.6666666865348816,0.6666666865348816,1.0
74,139,-5.509052753448486,3.009610176086426,0.6000000238418579,1.0,1.0
74,140,-6.579205513000488,8.96267318725586,0.3333333432674408,1.0,1.0
74,141,-10.349196434020996,13.293817520141602,0.25,1.0,1.0
74,142,-15.125244140625,20.595008850097656,0.20000000298023224,0.800000011920929,0.800000011920929
74,143,-11.924928665161133,388.5664978027344,0.0,0.5,1.0
74,144,-17.456417083740234,78.5789794921875,0.5,0.75,0.75
74,145,-20.82781410217285,8.026762962341309,0.5,0.800000011920929,1.0
74,146,-12.262519836425781,59.591129302978516,0.0,0.6666666865348816,1.0
74,147,-2.270171642303467,3.111440658569336,0.5,1.0,1.0
74,148,-10.302777290344238,172.6710968017578,0.5,0.5,0.5
75,0,-9.579690933227539,120.28278350830078,0.5,0.5,0.5
75,1,-11.386245727539062,4.150715351104736,0.75,0.875,1.0
75,2,-10.58558177947998,198.89776611328125,0.5,0.5,0.5
75,3,-5.277682781219482,195.91537475585938,0.0,1.0,1.0
75,4,-13.16484260559082,722.2860717773438,0.5,0.5,0.5
75,5,-0.4431687593460083,1.2480525970458984,1.0,1.0,1.0
75,6,-0.38448193669319153,1.1367356777191162,1.0,1.0,1.0
75,7,-4.690402507781982,10.435373306274414,0.5,0.5,1.0
75,8,-12.766557693481445,12.84958553314209,0.6000000238418579,0.800000011920929,0.800000011920929
75,9,-0.05118792504072189,1.0259243249893188,1.0,1.0,1.0
75,10,-14.427755355834961,122.63982391357422,0.6666666865348816,0.6666666865348816,0.6666666865348816
75,11,-10.23757266998291,30.34173583984375,0.0,0.6666666865348816,1.0
75,12,-1.009084701538086,1.656227469444275,1.0,1.0,1.0
75,13,-11.443830490112305,305.48944091796875,0.5,0.5,1.0
75,14,-3.5645787715911865,3.28114652633667,0.3333333432674408,1.0,1.0
75,15,-6.744466304779053,5.398475646972656,0.75,0.75,1.0
75,16,-5.40791130065918,6.065621852874756,0.6666666865348816,0.6666666865348816,1.0
75,17,-4.855986595153809,5.046335220336914,0.6666666865348816,1.0,1.0
75,18,-3.3398823738098145,2.304746150970459,0.5,1.0,1.0
75,19,-8.258914947509766,3.9609577655792236,0.6666666865348816,0.8333333730697632,1.0
75,20,-3.350403070449829,2.3108160495758057,0.75,1.0,1.0
75,21,-5.65714693069458,6.591069221496582,0.3333333432674408,0.6666666865348816,1.0
75,22,-6.689462184906006,28.352951049804688,0.5,0.5,1.0
75,23,-12.410813331604004,7.912698268890381,0.5,0.8333333730697632,1.0
75,24,-2.022557258605957,7.557627201080322,0.0,1.0,1.0
75,25,-30.55933380126953,6.7528076171875,0.375,0.875,1.0
75,26,-0.5773112773895264,1.3346320390701294,1.0,1.0,1.0
75,27,-6.0348896980285645,4.520951271057129,0.75,1.0,1.0
75,28,-8.416055679321289,16.532894134521484,0.0,0.6666666865348816,1.0
75,29,-1.1639430522918701,3.2025363445281982,1.0,1.0,1.0
75,30,-10.127037048339844,158.14596557617188,0.5,0.5,0.5
75,31,-0.5465587377548218,1.3142673969268799,1.0,1.0,1.0
75,32,-5.039210319519043,12.423690795898438,0.5,1.0,1.0
75,33,-1.4030545949935913,2.0168306827545166,1.0,1.0,1.0
75,34,-1.3503464460372925,3.858762264251709,1.0,1.0,1.0
75,35,-4.190479755401611,8.127389907836914,0.5,0.5,1.0
75,36,-5.253550052642822,3.718749523162842,0.75,1.0,1.0
75,37,-4.500528335571289,4.482478141784668,0.6666666865348816,0.6666666865348816,1.0
75,38,-12.251384735107422,21.38834571838379,0.25,0.5,1.0
75,39,-2.7130722999572754,3.882720947265625,0.5,1.0,1.0
75,40,-16.417407989501953,238.04727172851562,0.0,0.3333333432674408,0.6666666865348816
75,41,-10.40107250213623,5.660499095916748,0.6666666865348816,0.8333333730697632,1.0
75,42,-7.393771171569824,40.321529388427734,0.5,0.5,1.0
75,43,-4.870453834533691,2.6487576961517334,0.800000011920929,1.0,1.0
75,44,-7.947821140289307,53.192138671875,0.0,0.5,1.0
75,45,-6.366451740264893,24.12445068359375,0.5,0.5,1.0
75,46,-19.228315353393555,11.062261581420898,0.5,0.625,1.0
75,47,-22.310302734375,41.197757720947266,0.5,0.8333333730697632,0.8333333730697632
75,48,-5.004561424255371,149.09169006347656,0.0,0.0,1.0
75,49,-8.62640380859375,74.6792221069336,0.0,0.5,1.0
75,50,-5.14076042175293,13.070793151855469,0.5,1.0,1.0
75,51,-0.2817904055118561,1.151304006576538,1.0,1.0,1.0
75,52,-3.9318127632141113,3.708413600921631,0.6666666865348816,1.0,1.0
75,53,-23.234407424926758,27.63825798034668,0.1428571492433548,0.7142857313156128,1.0
75,54,-8.714311599731445,18.26105499267578,0.3333333432674408,0.6666666865348816,1.0
75,55,-10.10946273803711,156.76242065429688,0.5,0.5,0.5
75,56,-16.932167053222656,29.560333251953125,0.4000000059604645,0.6000000238418579,0.800000011920929
75,57,-1.7982044219970703,6.03879451751709,1.0,1.0,1.0
75,58,-10.911120414733887,4.752788066864014,0.5714285969734192,1.0,1.0
75,59,-5.448461055755615,15.244678497314453,0.0,1.0,1.0
75,60,-1.4227699041366577,1.2253823280334473,1.0,1.0,1.0
75,61,-7.5601630210876465,43.81961441040039,0.5,0.5,1.0
75,62,-4.350587844848633,77.5240249633789,0.0,1.0,1.0
75,63,-8.72321891784668,8.85342788696289,0.5,0.75,1.0
75,64,-0.6509726047515869,1.9174047708511353,1.0,1.0,1.0
75,65,-4.741001129150391,10.70274829864502,0.0,1.0,1.0
75,66,-6.935523509979248,4.0032429695129395,0.800000011920929,1.0,1.0
75,67,-11.390802383422852,9.758713722229004,0.800000011920929,0.800000011920929,0.800000011920929
75,68,-39.58939743041992,52.401737213134766,0.20000000298023224,0.699999988079071,0.800000011920929
75,69,-20.176593780517578,28.868919372558594,0.3333333432674408,0.6666666865348816,0.8333333730697632
75,70,-12.35916805267334,21.97250747680664,0.5,0.5,1.0
75,71,-6.907063961029053,31.611846923828125,0.5,0.5,1.0
75,72,-3.9914352893829346,2.712467670440674,0.5,1.0,1.0
75,73,-7.509857654571533,1825.9537353515625,0.0,0.0,1.0
75,74,-15.792003631591797,51.83164978027344,0.5,0.75,0.75
75,75,-2.0112719535827637,2.733645439147949,1.0,1.0,1.0
75,76,-1.7188117504119873,1.7734686136245728,0.6666666865348816,1.0,1.0
75,77,-2.7102508544921875,1.5709937810897827,1.0,1.0,1.0
75,78,-12.851900100708008,24.852914810180664,0.75,0.75,0.75
75,79,-4.440055847167969,3.034400701522827,0.75,1.0,1.0
75,80,-6.114537239074707,7.676618576049805,0.6666666865348816,0.6666666865348816,1.0
75,81,-6.527078151702881,2.2611753940582275,0.75,1.0,1.0
75,82,-11.111299514770508,40.59994125366211,0.3333333432674408,0.6666666865348816,0.6666666865348816
75,83,-3.6997451782226562,40.43699645996094,0.0,1.0,1.0
75,84,-11.974214553833008,10.966474533081055,0.4000000059604645,0.6000000238418579,1.0
75,85,-2.823119640350342,4.102349281311035,0.0,1.0,1.0
75,86,-26.483993530273438,14.131401062011719,0.6000000238418579,0.699999988079071,0.9000000357627869
75,87,-10.67843246459961,4.597397804260254,0.5714285969734192,0.8571429252624512,1.0
75,88,-3.6785218715667725,6.291886329650879,0.5,1.0,1.0
75,89,-39.325740814208984,2604.89599609375,0.20000000298023224,0.20000000298023224,0.6000000238418579
75,90,-10.713512420654297,5.963069915771484,0.5,1.0,1.0
75,91,-0.8160615563392639,1.503853440284729,1.0,1.0,1.0
75,92,-23.460643768310547,49.9043083190918,0.5,0.6666666865348816,0.8333333730697632
75,93,-1.8069730997085571,1.8263591527938843,0.6666666865348816,1.0,1.0
75,94,-12.22635269165039,21.254915237426758,0.25,0.75,1.0
75,95,-4.559414386749268,9.773818016052246,0.5,1.0,1.0
75,96,-9.02579116821289,9.549108505249023,0.5,0.75,1.0
75,97,-9.727136611938477,11.379166603088379,0.5,0.75,1.0
75,98,-21.50945472717285,8.592978477478027,0.4000000059604645,0.699999988079071,1.0
75,99,-8.010229110717773,14.441072463989258,0.3333333432674408,1.0,1.0
75,100,-6.805474281311035,30.046228408813477,0.0,1.0,1.0
75,101,-7.09724235534668,5.896214962005615,0.25,1.0,1.0
75,102,-1.8904039859771729,2.5733330249786377,1.0,1.0,1.0
75,103,-0.3360131084918976,1.182944416999817,1.0,1.0,1.0
75,104,-4.047429084777832,1.9631915092468262,0.8333333730697632,1.0,1.0
75,105,-9.887260437011719,26.99774932861328,0.3333333432674408,0.6666666865348816,1.0
75,106,-4.4342122077941895,9.180724143981934,0.5,0.5,1.0
75,107,-12.063467979431152,416.4365234375,0.5,0.5,0.5
75,108,-6.732291221618652,28.966663360595703,0.5,0.5,1.0
75,109,-34.822025299072266,47.89992141723633,0.4444444477558136,0.5555555820465088,0.7777777910232544
75,110,-9.796272277832031,134.0397186279297,0.5,0.5,0.5
75,111,-14.471922874450684,18.072376251220703,0.4000000059604645,0.800000011920929,1.0
75,112,-2.1758220195770264,2.0652968883514404,0.6666666865348816,1.0,1.0
75,113,-1.8105206489562988,1.8285199403762817,0.6666666865348816,1.0,1.0
75,114,-3.2940802574157715,26.952611923217773,0.0,1.0,1.0
75,115,-11.865979194641113,377.28076171875,0.0,0.5,0.5
75,116,-2.5952892303466797,3.6606640815734863,0.5,1.0,1.0
75,117,-10.423627853393555,2.2295894622802734,0.8461538553237915,0.9230769872665405,1.0
75,118,-9.115042686462402,95.34685516357422,0.5,0.5,0.5
75,119,-2.681629180908203,3.822155714035034,0.5,1.0,1.0
75,120,-21.24941062927246,14.241728782653809,0.625,0.75,0.875
75,121,-20.091686248779297,28.46327018737793,0.3333333432674408,0.6666666865348816,1.0
75,122,-7.546090126037598,3.5172579288482666,0.6666666865348816,1.0,1.0
75,123,-16.643152236938477,64.12203216552734,0.5,0.75,0.75
75,124,-10.887683868408203,8.824542045593262,0.6000000238418579,0.6000000238418579,1.0
75,125,-9.495135307312012,10.737946510314941,0.5,0.75,1.0
75,126,-16.097030639648438,55.93876647949219,0.5,0.75,0.75
75,127,-2.9266676902770996,2.6526412963867188,0.6666666865348816,1.0,1.0
75,128,-12.015506744384766,20.16355323791504,0.5,0.5,1.0
75,129,-2.979982852935791,19.68747901916504,0.0,1.0,1.0
75,130,-11.959261894226074,53.861751556396484,0.6666666865348816,0.6666666865348816,0.6666666865348816
75,131,-9.491470336914062,6.674499034881592,0.6000000238418579,0.800000011920929,1.0
75,132,-2.2260448932647705,9.26315689086914,0.0,1.0,1.0
75,133,-3.2287745475769043,5.024807929992676,0.5,1.0,1.0
75,134,-12.540610313415527,528.638671875,0.0,0.0,1.0
75,135,-1.4697717428207397,1.6321921348571777,0.6666666865348816,1.0,1.0
75,136,-6.326614856719971,23.648683547973633,0.5,0.5,1.0
75,137,-13.63565444946289,913.9969482421875,0.5,0.5,0.5
75,138,-6.038574695587158,7.484679222106934,0.6666666865348816,0.6666666865348816,1.0
75,139,-5.490070343017578,2.9982059001922607,0.6000000238418579,1.0,1.0
75,140,-6.557027816772461,8.896659851074219,0.3333333432674408,1.0,1.0
75,141,-10.343591690063477,13.2752046585083,0.25,1.0,1.0
75,142,-15.132222175598145,20.6237735748291,0.20000000298023224,0.800000011920929,0.800000011920929
75,143,-11.939231872558594,391.3553466796875,0.0,0.5,1.0
75,144,-17.39887809753418,77.45673370361328,0.5,0.75,0.75
75,145,-20.987945556640625,8.156331062316895,0.5,0.800000011920929,1.0
75,146,-12.200675964355469,58.37525939941406,0.0,0.6666666865348816,1.0
75,147,-2.3704819679260254,3.271475076675415,0.5,1.0,1.0
75,148,-10.345890045166016,176.4336700439453,0.5,0.5,0.5
76,0,-9.535310745239258,117.6430892944336,0.5,0.5,0.5
76,1,-11.309446334838867,4.111059665679932,0.75,0.875,1.0
76,2,-10.62166690826416,202.51895141601562,0.5,0.5,0.5
76,3,-5.214663505554199,183.94992065429688,0.0,1.0,1.0
76,4,-13.287750244140625,768.0655517578125,0.5,0.5,0.5
76,5,-0.42341333627700806,1.2357853651046753,1.0,1.0,1.0
76,6,-0.38429898023605347,1.1366662979125977,1.0,1.0,1.0
76,7,-4.763004302978516,10.821146011352539,0.5,0.5,1.0
76,8,-12.662317276000977,12.584470748901367,0.6000000238418579,0.800000011920929,0.800000011920929
76,9,-0.052052274346351624,1.0263677835464478,1.0,1.0,1.0
76,10,-14.366467475891113,120.15982055664062,0.6666666865348816,0.6666666865348816,0.6666666865348816
76,11,-10.290910720825195,30.886016845703125,0.0,0.6666666865348816,1.0
76,12,-0.9943976998329163,1.6441093683242798,1.0,1.0,1.0
76,13,-11.494534492492676,313.333251953125,0.5,0.5,1.0
76,14,-3.5779294967651367,3.295780897140503,0.3333333432674408,1.0,1.0
76,15,-6.851799011230469,5.545294761657715,0.75,0.75,1.0
76,16,-5.356223106384277,5.962009906768799,0.6666666865348816,0.6666666865348816,1.0
76,17,-4.776784896850586,4.914852142333984,0.6666666865348816,1.0,1.0
76,18,-3.3254525661468506,2.2964470386505127,0.5,1.0,1.0
76,19,-8.244306564331055,3.9513254165649414,0.6666666865348816,0.8333333730697632,1.0
76,20,-3.2938365936279297,2.278367280960083,0.75,1.0,1.0
76,21,-5.726515293121338,6.745248794555664,0.3333333432674408,0.6666666865348816,1.0
76,22,-6.578322887420654,26.820363998413086,0.5,0.5,1.0
76,23,-12.467377662658691,7.9876484870910645,0.5,0.8333333730697632,1.0
76,24,-2.004290819168091,7.420829772949219,0.0,1.0,1.0
76,25,-30.541349411010742,6.7452216148376465,0.375,0.875,1.0
76,26,-0.5795628428459167,1.3361353874206543,1.0,1.0,1.0
76,27,-5.986562728881836,4.466658592224121,0.75,1.0,1.0
76,28,-8.472148895263672,16.84493064880371,0.0,0.6666666865348816,1.0
76,29,-1.2094379663467407,3.351600408554077,1.0,1.0,1.0
76,30,-9.993593215942383,147.93849182128906,0.5,0.5,0.5
76,31,-0.5539308786392212,1.3191208839416504,1.0,1.0,1.0
76,32,-5.055243968963623,12.523689270019531,0.5,1.0,1.0
76,33,-1.4099235534667969,2.0237691402435303,1.0,1.0,1.0
76,34,-1.341827392578125,3.82602858543396,1.0,1.0,1.0
76,35,-4.127455711364746,7.87527322769165,0.5,1.0,1.0
76,36,-5.3138933181762695,3.775275468826294,0.75,0.75,1.0
76,37,-4.453709602355957,4.413066864013672,0.6666666865348816,0.6666666865348816,1.0
76,38,-12.239259719848633,21.323610305786133,0.25,0.5,1.0
76,39,-2.7249844074249268,3.9059154987335205,0.5,1.0,1.0
76,40,-16.347801208496094,232.5876007080078,0.0,0.3333333432674408,0.6666666865348816
76,41,-10.489834785461426,5.744862079620361,0.6666666865348816,0.8333333730697632,1.0
76,42,-7.419567584991455,40.844974517822266,0.5,0.5,1.0
76,43,-4.806599140167236,2.615145683288574,0.800000011920929,1.0,1.0
76,44,-7.868656635284424,51.1277961730957,0.0,0.5,1.0
76,45,-6.3412933349609375,23.822885513305664,0.5,0.5,1.0
76,46,-19.301801681518555,11.164344787597656,0.5,0.625,1.0
76,47,-22.70853042602539,44.024879455566406,0.5,0.8333333730697632,0.8333333730697632
76,48,-5.028700828552246,152.7344512939453,0.0,0.0,1.0
76,49,-8.648441314697266,75.50664520263672,0.0,0.5,1.0
76,50,-5.111197471618652,12.879008293151855,0.5,1.0,1.0
76,51,-0.2821853458881378,1.151531457901001,1.0,1.0,1.0
76,52,-3.819417953491211,3.572049140930176,0.6666666865348816,1.0,1.0
76,53,-23.054832458496094,26.93825340270996,0.2857142984867096,0.7142857313156128,1.0
76,54,-8.789222717285156,18.7227783203125,0.3333333432674408,0.6666666865348816,1.0
76,55,-10.051130294799805,152.25628662109375,0.5,0.5,1.0
76,56,-16.817718505859375,28.89139175415039,0.4000000059604645,0.6000000238418579,0.800000011920929
76,57,-1.761263370513916,5.8197855949401855,1.0,1.0,1.0
76,58,-10.926885604858398,4.763504505157471,0.5714285969734192,1.0,1.0
76,59,-5.461646556854248,15.345516204833984,0.0,1.0,1.0
76,60,-1.4236366748809814,1.2255339622497559,1.0,1.0,1.0
76,61,-7.536325454711914,43.30043411254883,0.5,0.5,1.0
76,62,-4.390233039855957,80.65921783447266,0.0,1.0,1.0
76,63,-8.785028457641602,8.991296768188477,0.5,0.75,1.0
76,64,-0.628540575504303,1.8748723268508911,1.0,1.0,1.0
76,65,-4.740607261657715,10.700640678405762,0.0,1.0,1.0
76,66,-7.100767612457275,4.137755393981934,0.800000011920929,1.0,1.0
76,67,-11.31900405883789,9.619582176208496,0.800000011920929,0.800000011920929,0.800000011920929
76,68,-39.48677444458008,51.866729736328125,0.20000000298023224,0.699999988079071,0.800000011920929
76,69,-20.165538787841797,28.815776824951172,0.3333333432674408,0.6666666865348816,0.8333333730697632
76,70,-12.382208824157715,22.099437713623047,0.5,0.5,1.0
76,71,-6.939422130584717,32.12746047973633,0.5,0.5,1.0
76,72,-4.039679527282715,2.7453808784484863,0.5,1.0,1.0
76,73,-7.506982326507568,1820.7109375,0.0,0.0,1.0
76,74,-15.873101234436035,52.89323043823242,0.5,0.75,0.75
76,75,-2.085753917694092,2.8373682498931885,1.0,1.0,1.0
76,76,-1.7601033449172974,1.7980470657348633,0.6666666865348816,1.0,1.0
76,77,-2.6953365802764893,1.5670937299728394,1.0,1.0,1.0
76,78,-12.9103364944458,25.218660354614258,0.75,0.75,0.75
76,79,-4.495352745056152,3.0766403675079346,0.75,1.0,1.0
76,80,-6.125974655151367,7.7059407234191895,0.6666666865348816,0.6666666865348816,1.0
76,81,-6.397330284118652,2.2247982025146484,0.75,1.0,1.0
76,82,-11.294537544250488,43.15705490112305,0.3333333432674408,0.6666666865348816,0.6666666865348816
76,83,-3.6990389823913574,40.40845489501953,0.0,1.0,1.0
76,84,-12.000679016113281,11.024672508239746,0.4000000059604645,0.6000000238418579,1.0
76,85,-2.7620489597320557,3.978975772857666,0.5,1.0,1.0
76,86,-26.35409927368164,13.949028015136719,0.6000000238418579,0.699999988079071,0.9000000357627869
76,87,-10.64622688293457,4.576294422149658,0.5714285969734192,0.8571429252624512,1.0
76,88,-3.636854887008667,6.162160396575928,0.5,1.0,1.0
76,89,-39.43949890136719,2664.84130859375,0.20000000298023224,0.20000000298023224,0.6000000238418579
76,90,-10.849098205566406,6.099355697631836,0.5,1.0,1.0
76,91,-0.801236629486084,1.49274742603302,1.0,1.0,1.0
76,92,-23.385299682617188,49.28155517578125,0.6666666865348816,0.6666666865348816,0.8333333730697632
76,93,-1.8581618070602417,1.8577892780303955,0.6666666865348816,1.0,1.0
76,94,-12.191448211669922,21.070249557495117,0.25,0.75,1.0
76,95,-4.523685932159424,9.600767135620117,0.5,1.0,1.0
76,96,-8.9835844039917,9.448878288269043,0.5,0.75,1.0
76,97,-9.684718132019043,11.259132385253906,0.5,0.75,1.0
76,98,-21.399505615234375,8.499016761779785,0.4000000059604645,0.800000011920929,1.0
76,99,-8.063020706176758,14.697443008422852,0.3333333432674408,1.0,1.0
76,100,-6.750846862792969,29.236661911010742,0.0,1.0,1.0
76,101,-7.066467761993408,5.851025581359863,0.25,1.0,1.0
76,102,-1.8977985382080078,2.582864999771118,1.0,1.0,1.0
76,103,-0.3431411385536194,1.1871678829193115,1.0,1.0,1.0
76,104,-4.029660701751709,1.9573864936828613,0.8333333730697632,1.0,1.0
76,105,-9.89725112915039,27.087806701660156,0.3333333432674408,0.6666666865348816,1.0
76,106,-4.486937999725342,9.425972938537598,0.5,0.5,1.0
76,107,-12.06434440612793,416.6190185546875,0.5,0.5,0.5
76,108,-6.769613265991211,29.512285232543945,0.5,0.5,1.0
76,109,-34.814239501953125,47.8585090637207,0.4444444477558136,0.5555555820465088,0.7777777910232544
76,110,-9.76968765258789,132.26980590820312,0.5,0.5,0.5
76,111,-14.340437889099121,17.603321075439453,0.4000000059604645,0.800000011920929,1.0
76,112,-2.1355504989624023,2.0377578735351562,0.6666666865348816,1.0,1.0
76,113,-1.7884762287139893,1.815132975578308,0.6666666865348816,1.0,1.0
76,114,-3.400245428085327,29.971454620361328,0.0,1.0,1.0
76,115,-11.788522720336914,362.9486389160156,0.0,0.5,0.5
76,116,-2.5569963455200195,3.5912420749664307,0.5,1.0,1.0
76,117,-10.628218650817871,2.264955997467041,0.8461538553237915,0.9230769872665405,1.0
76,118,-9.071355819702148,93.28673553466797,0.5,0.5,0.5
76,119,-2.7006781101226807,3.858733654022217,0.5,1.0,1.0
76,120,-21.066314697265625,13.919480323791504,0.625,0.75,0.875
76,121,-20.08264923095703,28.420425415039062,0.3333333432674408,0.6666666865348816,1.0
76,122,-7.435612678527832,3.453087568283081,0.6666666865348816,1.0,1.0
76,123,-16.671831130981445,64.58342742919922,0.5,0.75,0.75
76,124,-11.016077995300293,9.054080963134766,0.6000000238418579,0.6000000238418579,1.0
76,125,-9.421998977661133,10.543396949768066,0.5,0.75,1.0
76,126,-16.045286178588867,55.21979904174805,0.5,0.75,0.75
76,127,-2.9297804832458496,2.655395269393921,0.6666666865348816,1.0,1.0
76,128,-11.930696487426758,19.740535736083984,0.5,0.5,1.0
76,129,-2.963510513305664,19.36583709716797,0.0,1.0,1.0
76,130,-11.949058532714844,53.67887878417969,0.6666666865348816,0.6666666865348816,0.6666666865348816
76,131,-9.450304985046387,6.619772434234619,0.6000000238418579,0.800000011920929,1.0
76,132,-2.2035341262817383,9.056964874267578,0.0,1.0,1.0
76,133,-3.228706121444702,5.024636268615723,0.5,1.0,1.0
76,134,-12.45926284790039,507.568359375,0.0,0.0,1.0
76,135,-1.4802896976470947,1.6379245519638062,0.6666666865348816,1.0,1.0
76,136,-6.3703837394714355,24.171926498413086,0.5,0.5,1.0
76,137,-13.62447452545166,908.9019775390625,0.5,0.5,0.5
76,138,-5.969159126281738,7.313484191894531,0.6666666865348816,0.6666666865348816,1.0
76,139,-5.507669925689697,3.0087780952453613,0.6000000238418579,1.0,1.0
76,140,-6.562340259552002,8.912429809570312,0.3333333432674408,1.0,1.0
76,141,-10.362478256225586,13.338032722473145,0.25,1.0,1.0
76,142,-15.146461486816406,20.682592391967773,0.20000000298023224,0.800000011920929,0.800000011920929
76,143,-11.959299087524414,395.3017883300781,0.0,0.5,1.0
76,144,-17.444154739379883,78.33846282958984,0.5,0.75,0.75
76,145,-20.730426788330078,7.948972225189209,0.5,0.800000011920929,1.0
76,146,-12.170124053955078,57.78376388549805,0.0,0.6666666865348816,1.0
76,147,-2.296105146408081,3.1520485877990723,0.5,1.0,1.0
76,148,-10.451244354248047,185.9768524169922,0.5,0.5,0.5
77,0,-9.5891752243042,120.85453796386719,0.5,0.5,0.5
77,1,-11.315810203552246,4.114331245422363,0.75,0.875,1.0
77,2,-10.597310066223145,200.0675506591797,0.5,0.5,0.5
77,3,-5.223712921142578,185.6221160888672,0.0,1.0,1.0
77,4,-13.204885482788086,736.89306640625,0.5,0.5,0.5
77,5,-0.4253709018230438,1.2369954586029053,1.0,1.0,1.0
77,6,-0.399148166179657,1.1423063278198242,1.0,1.0,1.0
77,7,-4.724841594696045,10.616621017456055,0.5,0.5,1.0
77,8,-12.720669746398926,12.732195854187012,0.6000000238418579,0.800000011920929,0.800000011920929
77,9,-0.051437970250844955,1.0260525941848755,1.0,1.0,1.0
77,10,-14.39056396484375,121.12881469726562,0.6666666865348816,0.6666666865348816,0.6666666865348816
77,11,-10.20887565612793,30.05288314819336,0.0,0.6666666865348816,1.0
77,12,-0.9934580326080322,1.6433371305465698,1.0,1.0,1.0
77,13,-11.430537223815918,303.4656982421875,0.5,0.5,1.0
77,14,-3.598403215408325,3.318350315093994,0.3333333432674408,1.0,1.0
77,15,-6.779980659484863,5.446619510650635,0.75,0.75,1.0
77,16,-5.385256767272949,6.019989967346191,0.6666666865348816,0.6666666865348816,1.0
77,17,-4.789543628692627,4.935798645019531,0.6666666865348816,1.0,1.0
77,18,-3.347255229949951,2.3089983463287354,0.5,1.0,1.0
77,19,-8.239206314086914,3.947967767715454,0.6666666865348816,0.8333333730697632,1.0
77,20,-3.286956310272217,2.274451971054077,0.75,1.0,1.0
77,21,-5.672502517700195,6.6248931884765625,0.3333333432674408,0.6666666865348816,1.0
77,22,-6.666044235229492,28.022903442382812,0.5,0.5,1.0
77,23,-12.490303039550781,8.018226623535156,0.5,0.8333333730697632,1.0
77,24,-2.005497455596924,7.4297895431518555,0.0,1.0,1.0
77,25,-30.604122161865234,6.771737098693848,0.375,0.875,1.0
77,26,-0.5973254442214966,1.3480550050735474,1.0,1.0,1.0
77,27,-6.067506313323975,4.557966709136963,0.75,1.0,1.0
77,28,-8.429402351379395,16.606609344482422,0.0,0.6666666865348816,1.0
77,29,-1.172654151916504,3.230555534362793,1.0,1.0,1.0
77,30,-10.107162475585938,156.58221435546875,0.5,0.5,0.5
77,31,-0.5573059320449829,1.3213486671447754,1.0,1.0,1.0
77,32,-5.062164306640625,12.567097663879395,0.5,1.0,1.0
77,33,-1.4133371114730835,2.027226448059082,1.0,1.0,1.0
77,34,-1.3587805032730103,3.891444683074951,1.0,1.0,1.0
77,35,-4.178622245788574,8.079347610473633,0.5,0.5,1.0
77,36,-5.333704948425293,3.794020414352417,0.75,0.75,1.0
77,37,-4.506948947906494,4.492082118988037,0.6666666865348816,0.6666666865348816,1.0
77,38,-12.248557090759277,21.373231887817383,0.25,0.5,1.0
77,39,-2.734635353088379,3.924808979034424,0.5,1.0,1.0
77,40,-16.30121612548828,229.00384521484375,0.0,0.3333333432674408,0.6666666865348816
77,41,-10.214978218078613,5.487629413604736,0.6666666865348816,0.8333333730697632,1.0
77,42,-7.394742012023926,40.34111022949219,0.5,0.5,1.0
77,43,-4.844327926635742,2.634953737258911,0.800000011920929,1.0,1.0
77,44,-7.907644748687744,52.13426208496094,0.0,0.5,1.0
77,45,-6.337692737579346,23.7800350189209,0.5,0.5,1.0
77,46,-19.356632232666016,11.241127014160156,0.5,0.625,1.0
77,47,-22.84300422668457,45.02272415161133,0.5,0.8333333730697632,0.8333333730697632
77,48,-4.994893550872803,147.6572265625,0.0,0.0,1.0
77,49,-8.653483390808105,75.6972427368164,0.0,0.5,1.0
77,50,-5.195499420166016,13.433475494384766,0.5,1.0,1.0
77,51,-0.28860318660736084,1.155232548713684,1.0,1.0,1.0
77,52,-3.8263375759124756,3.5802972316741943,0.6666666865348816,1.0,1.0
77,53,-23.232229232788086,27.629661560058594,0.2857142984867096,0.7142857313156128,1.0
77,54,-8.736004829406738,18.393579483032227,0.3333333432674408,0.6666666865348816,1.0
77,55,-10.16960620880127,161.54812622070312,0.5,0.5,1.0
77,56,-16.814119338989258,28.870607376098633,0.4000000059604645,0.6000000238418579,0.800000011920929
77,57,-1.773590326309204,5.891969680786133,1.0,1.0,1.0
77,58,-10.90053653717041,4.745607852935791,0.5714285969734192,1.0,1.0
77,59,-5.376414775848389,14.705291748046875,0.0,1.0,1.0
77,60,-1.4173983335494995,1.2244423627853394,1.0,1.0,1.0
77,61,-7.558412551879883,43.781280517578125,0.5,0.5,1.0
77,62,-4.399465084075928,81.40731048583984,0.0,1.0,1.0
77,63,-8.797191619873047,9.01867961883545,0.5,0.75,1.0
77,64,-0.6447993516921997,1.905604600906372,1.0,1.0,1.0
77,65,-4.748229026794434,10.741497993469238,0.0,1.0,1.0
77,66,-7.027493953704834,4.077559947967529,0.800000011920929,1.0,1.0
77,67,-11.328651428222656,9.638161659240723,0.800000011920929,0.800000011920929,0.800000011920929
77,68,-39.543190002441406,52.160160064697266,0.20000000298023224,0.800000011920929,0.800000011920929
77,69,-20.149051666259766,28.736705780029297,0.3333333432674408,0.6666666865348816,0.8333333730697632
77,70,-12.378175735473633,22.077167510986328,0.5,0.5,1.0
77,71,-6.979008197784424,32.769691467285156,0.5,0.5,1.0
77,72,-3.986225128173828,2.708936929702759,0.5,1.0,1.0
77,73,-7.473823070526123,1761.3275146484375,0.0,0.0,1.0
77,74,-15.829963684082031,52.325870513916016,0.5,0.75,0.75
77,75,-2.0118894577026367,2.7344894409179688,1.0,1.0,1.0
77,76,-1.7557529211044312,1.7954415082931519,0.6666666865348816,1.0,1.0
77,77,-2.655397891998291,1.556697130203247,1.0,1.0,1.0
77,78,-12.949910163879395,25.469396591186523,0.75,0.75,0.75
77,79,-4.540707111358643,3.1117236614227295,0.75,1.0,1.0
77,80,-6.1063032150268555,7.655578136444092,0.6666666865348816,0.6666666865348816,1.0
77,81,-6.557821750640869,2.2698817253112793,0.75,1.0,1.0
77,82,-11.133119583129883,40.89630889892578,0.3333333432674408,0.6666666865348816,0.6666666865348816
77,83,-3.701441526412964,40.505653381347656,0.0,1.0,1.0
77,84,-12.169658660888672,11.403631210327148,0.4000000059604645,0.6000000238418579,1.0
77,85,-2.794936180114746,4.044945240020752,0.0,1.0,1.0
77,86,-26.187278747558594,13.71826171875,0.6000000238418579,0.699999988079071,0.9000000357627869
77,87,-10.636521339416504,4.569953441619873,0.5714285969734192,0.8571429252624512,1.0
77,88,-3.651249647140503,6.206671714782715,0.5,1.0,1.0
77,89,-39.49800491333008,2696.206298828125,0.20000000298023224,0.20000000298023224,0.6000000238418579
77,90,-10.696224212646484,5.945912837982178,0.5,1.0,1.0
77,91,-0.7769342660903931,1.4747185707092285,1.0,1.0,1.0
77,92,-23.6357479095459,51.38216781616211,0.5,0.6666666865348816,0.8333333730697632
77,93,-1.8592054843902588,1.858435869216919,0.6666666865348816,1.0,1.0
77,94,-12.247350692749023,21.36678695678711,0.25,0.75,1.0
77,95,-4.54804801940918,9.718429565429688,0.5,1.0,1.0
77,96,-8.989144325256348,9.462021827697754,0.5,0.75,1.0
77,97,-9.682741165161133,11.253568649291992,0.5,0.75,1.0
77,98,-21.33909797668457,8.447830200195312,0.4000000059604645,0.800000011920929,1.0
77,99,-8.071374893188477,14.738429069519043,0.3333333432674408,1.0,1.0
77,100,-6.82036018371582,30.270694732666016,0.0,1.0,1.0
77,101,-7.12922477722168,5.943548202514648,0.25,1.0,1.0
77,102,-1.8836209774017334,2.5646204948425293,1.0,1.0,1.0
77,103,-0.35296630859375,1.19301438331604,1.0,1.0,1.0
77,104,-4.049313545227051,1.9638081789016724,0.8333333730697632,1.0,1.0
77,105,-9.947467803955078,27.545042037963867,0.3333333432674408,0.6666666865348816,1.0
77,106,-4.251230239868164,8.378049850463867,0.5,0.5,1.0
77,107,-12.062067985534668,416.14508056640625,0.5,0.5,0.5
77,108,-6.716597557067871,28.74025535583496,0.5,0.5,1.0
77,109,-34.82118225097656,47.89543533325195,0.4444444477558136,0.5555555820465088,0.7777777910232544
77,110,-9.742493629455566,130.48350524902344,0.5,0.5,0.5
77,111,-14.469491958618164,18.0635929107666,0.4000000059604645,0.800000011920929,1.0
77,112,-2.2233057022094727,2.0982463359832764,0.6666666865348816,1.0,1.0
77,113,-1.8400062322616577,1.8465802669525146,0.6666666865348816,1.0,1.0
77,114,-3.405437469482422,30.127473831176758,0.0,1.0,1.0
77,115,-11.888130187988281,381.4825439453125,0.0,0.5,0.5
77,116,-2.6014604568481445,3.6719770431518555,0.5,1.0,1.0
77,117,-10.732441902160645,2.2831873893737793,0.8461538553237915,0.9230769872665405,1.0
77,118,-9.067390441894531,93.10195922851562,0.5,0.5,0.5
77,119,-2.6941096782684326,3.846081495285034,0.5,1.0,1.0
77,120,-21.101818084716797,13.981391906738281,0.625,0.75,0.875
77,121,-20.054359436035156,28.286741256713867,0.3333333432674408,0.6666666865348816,1.0
77,122,-7.362373352050781,3.411193370819092,0.6666666865348816,1.0,1.0
77,123,-16.59955406188965,63.42692565917969,0.5,0.75,0.75
77,124,-11.050006866455078,9.115729331970215,0.6000000238418579,0.6000000238418579,1.0
77,125,-9.422262191772461,10.54409122467041,0.5,0.75,1.0
77,126,-15.982393264770508,54.35835266113281,0.5,0.75,0.75
77,127,-2.9333176612854004,2.6585278511047363,0.6666666865348816,1.0,1.0
77,128,-11.989267349243164,20.03171730041504,0.5,0.5,1.0
77,129,-2.984065532684326,19.768020629882812,0.0,1.0,1.0
77,130,-11.931463241577148,53.36496353149414,0.6666666865348816,0.6666666865348816,0.6666666865348816
77,131,-9.385976791381836,6.535150527954102,0.6000000238418579,1.0,1.0
77,132,-2.1839704513549805,8.881500244140625,0.0,1.0,1.0
77,133,-3.2539963722229004,5.088576793670654,0.5,1.0,1.0
77,134,-12.508136749267578,520.1245727539062,0.0,0.0,1.0
77,135,-1.5128368139266968,1.655791163444519,0.6666666865348816,1.0,1.0
77,136,-6.294782638549805,23.2752685546875,0.5,1.0,1.0
77,137,-13.557271003723145,878.8687133789062,0.5,0.5,0.5
77,138,-5.995420932769775,7.377786636352539,0.6666666865348816,0.6666666865348816,1.0
77,139,-5.509159564971924,3.009674310684204,0.6000000238418579,1.0,1.0
77,140,-6.616574287414551,9.075011253356934,0.3333333432674408,1.0,1.0
77,141,-10.376825332641602,13.38595962524414,0.25,1.0,1.0
77,142,-15.077486038208008,20.39923095703125,0.20000000298023224,0.800000011920929,0.800000011920929
77,143,-11.965851783752441,396.59906005859375,0.0,0.5,1.0
77,144,-17.434093475341797,78.14166259765625,0.5,0.75,0.75
77,145,-20.811885833740234,8.013989448547363,0.5,0.800000011920929,1.0
77,146,-12.249822616577148,59.339454650878906,0.0,0.6666666865348816,1.0
77,147,-2.374441146850586,3.2779576778411865,0.5,1.0,1.0
77,148,-10.405510902404785,181.7724151611328,0.5,0.5,0.5
78,0,-9.604486465454102,121.78329467773438,0.5,0.5,0.5
78,1,-11.476095199584961,4.197595596313477,0.75,0.875,1.0
78,2,-10.575170516967773,197.86505126953125,0.5,0.5,0.5
78,3,-5.215699195861816,184.14053344726562,0.0,1.0,1.0
78,4,-13.21992301940918,742.4544677734375,0.5,0.5,0.5
78,5,-0.4224641025066376,1.235198974609375,1.0,1.0,1.0
78,6,-0.39294809103012085,1.1399481296539307,1.0,1.0,1.0
78,7,-4.591184139251709,9.930314064025879,0.5,0.5,1.0
78,8,-12.67730712890625,12.622254371643066,0.6000000238418579,0.800000011920929,0.800000011920929
78,9,-0.049814894795417786,1.025220274925232,1.0,1.0,1.0
78,10,-14.440719604492188,123.17097473144531,0.6666666865348816,0.6666666865348816,0.6666666865348816
78,11,-10.172106742858887,29.686792373657227,0.0,0.6666666865348816,1.0
78,12,-1.0048017501831055,1.6526843309402466,1.0,1.0,1.0
78,13,-11.46741008758545,309.1124267578125,0.5,0.5,1.0
78,14,-3.5820717811584473,3.300334930419922,0.3333333432674408,1.0,1.0
78,15,-6.808943271636963,5.486199378967285,0.75,0.75,1.0
78,16,-5.3537116050720215,5.957021713256836,0.6666666865348816,0.6666666865348816,1.0
78,17,-4.869559288024902,5.069217681884766,0.6666666865348816,1.0,1.0
78,18,-3.3508973121643066,2.3111019134521484,0.5,1.0,1.0
78,19,-8.226661682128906,3.9397225379943848,0.6666666865348816,0.8333333730697632,1.0
78,20,-3.3945274353027344,2.3364481925964355,0.75,1.0,1.0
78,21,-5.7155656814575195,6.720674991607666,0.3333333432674408,0.6666666865348816,1.0
78,22,-6.675100803375244,28.15008544921875,0.5,0.5,1.0
78,23,-12.47876262664795,8.002817153930664,0.5,0.8333333730697632,1.0
78,24,-2.010526180267334,7.467245578765869,0.0,1.0,1.0
78,25,-30.529258728027344,6.740126609802246,0.375,0.875,1.0
78,26,-0.5785800218582153,1.3354790210723877,1.0,1.0,1.0
78,27,-6.039493083953857,4.526157379150391,0.75,1.0,1.0
78,28,-8.422463417053223,16.568241119384766,0.0,0.6666666865348816,1.0
78,29,-1.2188777923583984,3.3833887577056885,1.0,1.0,1.0
78,30,-10.068716049194336,153.6009521484375,0.5,0.5,0.5
78,31,-0.5469640493392944,1.3145338296890259,1.0,1.0,1.0
78,32,-5.0659942626953125,12.591187477111816,0.5,1.0,1.0
78,33,-1.4603781700134277,2.0754730701446533,1.0,1.0,1.0
78,34,-1.3455251455307007,3.840202569961548,1.0,1.0,1.0
78,35,-4.131962299346924,7.893038749694824,0.5,1.0,1.0
78,36,-5.298645973205566,3.7609119415283203,0.75,1.0,1.0
78,37,-4.458613872528076,4.420287132263184,0.6666666865348816,0.6666666865348816,1.0
78,38,-12.153695106506348,20.872316360473633,0.25,0.5,1.0
78,39,-2.7220616340637207,3.9002115726470947,0.5,1.0,1.0
78,40,-16.28270721435547,227.5952911376953,0.0,0.3333333432674408,0.6666666865348816
78,41,-10.144659996032715,5.423691749572754,0.6666666865348816,0.8333333730697632,1.0
78,42,-7.452489376068115,41.522884368896484,0.5,0.5,1.0
78,43,-4.881274700164795,2.654496192932129,0.800000011920929,1.0,1.0
78,44,-7.967561721801758,53.719757080078125,0.0,0.5,1.0
78,45,-6.365353584289551,24.111207962036133,0.5,0.5,1.0
78,46,-19.191272735595703,11.011157989501953,0.5,0.625,1.0
78,47,-22.62067413330078,43.38493347167969,0.5,0.8333333730697632,0.8333333730697632
78,48,-5.018370151519775,151.16473388671875,0.0,0.0,1.0
78,49,-8.652957916259766,75.67735290527344,0.0,0.5,1.0
78,50,-5.095513820648193,12.778409004211426,0.5,1.0,1.0
78,51,-0.2609921097755432,1.1393934488296509,1.0,1.0,1.0
78,52,-3.837571144104004,3.593729019165039,0.6666666865348816,1.0,1.0
78,53,-22.999765396118164,26.7271728515625,0.1428571492433548,0.7142857313156128,1.0
78,54,-8.749757766723633,18.47809410095215,0.3333333432674408,0.6666666865348816,1.0
78,55,-10.122025489807129,157.7501983642578,0.5,0.5,1.0
78,56,-17.056381225585938,30.303895950317383,0.4000000059604645,0.6000000238418579,0.800000011920929
78,57,-1.8175123929977417,6.156524658203125,1.0,1.0,1.0
78,58,-10.949475288391113,4.77890157699585,0.5714285969734192,1.0,1.0
78,59,-5.4851861000061035,15.527195930480957,0.0,1.0,1.0
78,60,-1.4018592834472656,1.2217272520065308,1.0,1.0,1.0
78,61,-7.53648042678833,43.30379104614258,0.5,0.5,1.0
78,62,-4.413628101348877,82.56848907470703,0.0,1.0,1.0
78,63,-8.645429611206055,8.682916641235352,0.5,0.75,1.0
78,64,-0.6058686375617981,1.832843542098999,1.0,1.0,1.0
78,65,-4.731553077697754,10.652307510375977,0.0,1.0,1.0
78,66,-6.869214057922363,3.950502634048462,0.800000011920929,1.0,1.0
78,67,-11.38137149810791,9.74032211303711,0.800000011920929,0.800000011920929,0.800000011920929
78,68,-39.43271255493164,51.587074279785156,0.20000000298023224,0.699999988079071,0.800000011920929
78,69,-20.122705459594727,28.610801696777344,0.3333333432674408,0.6666666865348816,0.8333333730697632
78,70,-12.339862823486328,21.866716384887695,0.5,0.5,1.0
78,71,-7.11012077331543,34.989933013916016,0.5,0.5,1.0
78,72,-3.9139857292175293,2.6604530811309814,0.5,1.0,1.0
78,73,-7.4770026206970215,1766.9366455078125,0.0,0.0,1.0
78,74,-15.916715621948242,53.47311019897461,0.5,0.75,0.75
78,75,-2.0312561988830566,2.7610971927642822,1.0,1.0,1.0
78,76,-1.7467610836029053,1.7900681495666504,0.6666666865348816,1.0,1.0
78,77,-2.7454371452331543,1.5802338123321533,1.0,1.0,1.0
78,78,-12.907511711120605,25.200855255126953,0.75,0.75,0.75
78,79,-4.461342811584473,3.0505921840667725,0.75,1.0,1.0
78,80,-6.116059303283691,7.680514335632324,0.6666666865348816,0.6666666865348816,1.0
78,81,-6.361569404602051,2.2148754596710205,0.75,1.0,1.0
78,82,-11.216500282287598,42.04890823364258,0.3333333432674408,0.6666666865348816,0.6666666865348816
78,83,-3.725231885910034,41.48085021972656,0.0,1.0,1.0
78,84,-12.069541931152344,11.177563667297363,0.4000000059604645,0.6000000238418579,1.0
78,85,-2.785661220550537,4.026230812072754,0.0,1.0,1.0
78,86,-26.39082145690918,14.000349044799805,0.6000000238418579,0.699999988079071,0.9000000357627869
78,87,-10.70882511138916,4.617401599884033,0.5714285969734192,0.8571429252624512,1.0
78,88,-3.656480073928833,6.222925186157227,0.5,1.0,1.0
78,89,-39.29566955566406,2589.276611328125,0.20000000298023224,0.20000000298023224,0.6000000238418579
78,90,-10.779317855834961,6.028830528259277,0.5,1.0,1.0
78,91,-0.8051199913024902,1.495648741722107,1.0,1.0,1.0
78,92,-23.402488708496094,49.42293930053711,0.5,0.6666666865348816,0.8333333730697632
78,93,-1.8598577976226807,1.8588398694992065,0.6666666865348816,1.0,1.0
78,94,-12.20030403137207,21.1169490814209,0.25,0.75,1.0
78,95,-4.5624260902404785,9.78854751586914,0.5,1.0,1.0
78,96,-9.061004638671875,9.633543968200684,0.5,0.75,1.0
78,97,-9.681740760803223,11.250754356384277,0.5,0.75,1.0
78,98,-21.304550170898438,8.418696403503418,0.4000000059604645,0.800000011920929,1.0
78,99,-8.078777313232422,14.774839401245117,0.3333333432674408,1.0,1.0
78,100,-6.811792373657227,30.14129638671875,0.0,1.0,1.0
78,101,-7.086538314819336,5.880457878112793,0.25,1.0,1.0
78,102,-1.8786826133728027,2.558295726776123,1.0,1.0,1.0
78,103,-0.34838050603866577,1.1902819871902466,1.0,1.0,1.0
78,104,-4.048548698425293,1.9635579586029053,0.8333333730697632,1.0,1.0
78,105,-9.878671646118164,26.92056655883789,0.3333333432674408,0.6666666865348816,1.0
78,106,-4.434199333190918,9.180665016174316,0.5,0.5,1.0
78,107,-12.154902458190918,435.9167175292969,0.5,0.5,0.5
78,108,-6.736624717712402,29.029495239257812,0.5,0.5,1.0
78,109,-34.972198486328125,48.70588684082031,0.4444444477558136,0.5555555820465088,0.7777777910232544
78,110,-9.810239791870117,134.97909545898438,0.5,0.5,0.5
78,111,-14.561739921569824,18.399951934814453,0.4000000059604645,0.800000011920929,1.0
78,112,-2.2026402950286865,2.0838422775268555,0.6666666865348816,1.0,1.0
78,113,-1.8047770261764526,1.8250226974487305,0.6666666865348816,1.0,1.0
78,114,-3.4034171104431152,30.066665649414062,0.0,1.0,1.0
78,115,-11.789426803588867,363.1127624511719,0.0,0.5,0.5
78,116,-2.5443668365478516,3.568635940551758,0.5,1.0,1.0
78,117,-10.591902732849121,2.2586374282836914,0.8461538553237915,0.9230769872665405,1.0
78,118,-9.106472969055176,94.93917846679688,0.5,0.5,0.5
78,119,-2.721339225769043,3.898803234100342,0.5,1.0,1.0
78,120,-21.219860076904297,14.18921947479248,0.625,0.75,0.875
78,121,-20.130617141723633,28.648548126220703,0.3333333432674408,0.6666666865348816,1.0
78,122,-7.537261486053467,3.5120861530303955,0.6666666865348816,1.0,1.0
78,123,-16.693809509277344,64.93925476074219,0.5,0.75,0.75
78,124,-11.105666160583496,9.21777057647705,0.6000000238418579,0.6000000238418579,1.0
78,125,-9.461267471313477,10.647412300109863,0.5,0.75,1.0
78,126,-16.14026641845703,56.54668426513672,0.5,0.75,0.75
78,127,-2.9351792335510254,2.6601781845092773,0.6666666865348816,1.0,1.0
78,128,-11.972395896911621,19.947402954101562,0.5,0.5,1.0
78,129,-2.9687600135803223,19.467763900756836,0.0,1.0,1.0
78,130,-11.917034149169922,53.10890579223633,0.6666666865348816,0.6666666865348816,0.6666666865348816
78,131,-9.475839614868164,6.653665542602539,0.6000000238418579,0.800000011920929,1.0
78,132,-2.1974072456359863,9.001644134521484,0.0,1.0,1.0
78,133,-3.2323315143585205,5.03375244140625,0.5,1.0,1.0
78,134,-12.539649963378906,528.3848876953125,0.0,0.0,1.0
78,135,-1.4994169473648071,1.6484007835388184,0.6666666865348816,1.0,1.0
78,136,-6.306065559387207,23.406944274902344,0.5,1.0,1.0
78,137,-13.60136890411377,898.4620971679688,0.5,0.5,0.5
78,138,-5.984648704528809,7.351342678070068,0.6666666865348816,0.6666666865348816,1.0
78,139,-5.501724720001221,3.005202293395996,0.6000000238418579,1.0,1.0
78,140,-6.527679443359375,8.810050010681152,0.3333333432674408,1.0,1.0
78,141,-10.396722793579102,13.452712059020996,0.25,1.0,1.0
78,142,-15.262086868286133,21.16644859313965,0.20000000298023224,0.800000011920929,0.800000011920929
78,143,-11.985315322875977,400.4775085449219,0.0,0.5,1.0
78,144,-17.39220428466797,77.32760620117188,0.5,0.75,0.75
78,145,-20.738004684448242,7.9549994468688965,0.5,0.800000011920929,1.0
78,146,-12.144721984863281,57.296566009521484,0.0,0.6666666865348816,1.0
78,147,-2.362401008605957,3.2582833766937256,0.5,1.0,1.0
78,148,-10.382383346557617,179.68255615234375,0.5,0.5,0.5
79,0,-9.57097053527832,119.75946807861328,0.5,0.5,0.5
79,1,-11.453298568725586,4.1856513023376465,0.75,0.875,1.0
79,2,-10.594681739807129,199.80479431152344,0.5,0.5,0.5
79,3,-5.195392608642578,180.43896484375,0.0,1.0,1.0
79,4,-13.110284805297852,702.8492431640625,0.5,0.5,0.5
79,5,-0.4097323417663574,1.2273608446121216,1.0,1.0,1.0
79,6,-0.4160136878490448,1.148746371269226,1.0,1.0,1.0
79,7,-4.751762866973877,10.760494232177734,0.5,0.5,1.0
79,8,-12.739067077636719,12.779129981994629,0.6000000238418579,0.800000011920929,0.800000011920929
79,9,-0.05161827430129051,1.026145100593567,1.0,1.0,1.0
79,10,-14.364738464355469,120.09056854248047,0.6666666865348816,0.6666666865348816,0.6666666865348816
79,11,-10.253372192382812,30.501953125,0.0,0.6666666865348816,1.0
79,12,-1.0144704580307007,1.6606934070587158,1.0,1.0,1.0
79,13,-11.434438705444336,304.05828857421875,0.5,0.5,1.0
79,14,-3.591370105743408,3.310580015182495,0.3333333432674408,1.0,1.0
79,15,-6.759568214416504,5.418895721435547,0.75,0.75,1.0
79,16,-5.3918776512146,6.033290863037109,0.6666666865348816,0.6666666865348816,1.0
79,17,-4.798799514770508,4.951050758361816,0.6666666865348816,1.0,1.0
79,18,-3.3551645278930664,2.313568592071533,0.5,1.0,1.0
79,19,-8.258332252502441,3.9605727195739746,0.6666666865348816,0.8333333730697632,1.0
79,20,-3.3622262477874756,2.3176565170288086,0.75,1.0,1.0
79,21,-5.68224573135376,6.646444320678711,0.3333333432674408,0.6666666865348816,1.0
79,22,-6.690182209014893,28.3631591796875,0.5,0.5,1.0
79,23,-12.50381851196289,8.036309242248535,0.5,0.8333333730697632,1.0
79,24,-1.9815616607666016,7.254062652587891,0.0,1.0,1.0
79,25,-30.518264770507812,6.735496997833252,0.375,0.875,1.0
79,26,-0.5810879468917847,1.3371546268463135,1.0,1.0,1.0
79,27,-6.013970375061035,4.497369289398193,0.75,1.0,1.0
79,28,-8.38182258605957,16.345306396484375,0.0,0.6666666865348816,1.0
79,29,-1.1268101930618286,3.0857975482940674,1.0,1.0,1.0
79,30,-10.061272621154785,153.0303497314453,0.5,0.5,0.5
79,31,-0.5571826696395874,1.3212673664093018,1.0,1.0,1.0
79,32,-5.065908908843994,12.590649604797363,0.5,1.0,1.0
79,33,-1.38729989528656,2.0010058879852295,1.0,1.0,1.0
79,34,-1.3613594770431519,3.901493549346924,1.0,1.0,1.0
79,35,-4.148465156555176,7.958436965942383,0.5,0.5,1.0
79,36,-5.345327377319336,3.8050601482391357,0.75,0.75,1.0
79,37,-4.4250664710998535,4.371132850646973,0.6666666865348816,0.6666666865348816,1.0
79,38,-12.209576606750488,21.165958404541016,0.25,0.5,1.0
79,39,-2.72506046295166,3.906064033508301,0.5,1.0,1.0
79,40,-16.290618896484375,228.1963348388672,0.0,0.3333333432674408,0.6666666865348816
79,41,-10.304783821105957,5.570383548736572,0.6666666865348816,0.8333333730697632,1.0
79,42,-7.416247844696045,40.7772331237793,0.5,0.5,1.0
79,43,-4.824475288391113,2.624512195587158,0.800000011920929,1.0,1.0
79,44,-7.924291133880615,52.56999588012695,0.0,0.5,1.0
79,45,-6.374529838562012,24.22208595275879,0.5,0.5,1.0
79,46,-19.264827728271484,11.11286449432373,0.5,0.625,1.0
79,47,-22.133228302001953,39.99967575073242,0.5,0.8333333730697632,0.8333333730697632
79,48,-4.962634086608887,142.96987915039062,0.0,0.0,1.0
79,49,-8.668973922729492,76.28580474853516,0.0,0.5,1.0
79,50,-5.174536228179932,13.293405532836914,0.5,1.0,1.0
79,51,-0.2703249752521515,1.1447227001190186,1.0,1.0,1.0
79,52,-3.8375377655029297,3.593688726425171,0.6666666865348816,1.0,1.0
79,53,-23.202978134155273,27.51444435119629,0.2857142984867096,0.7142857313156128,1.0
79,54,-8.79749584197998,18.774484634399414,0.3333333432674408,0.6666666865348816,1.0
79,55,-10.110725402832031,156.86141967773438,0.5,0.5,1.0
79,56,-16.81048011779785,28.849597930908203,0.4000000059604645,0.6000000238418579,0.800000011920929
79,57,-1.7962641716003418,6.027089595794678,1.0,1.0,1.0
79,58,-10.839107513427734,4.70414400100708,0.5714285969734192,1.0,1.0
79,59,-5.451930522918701,15.271147727966309,0.0,1.0,1.0
79,60,-1.4041887521743774,1.2221338748931885,1.0,1.0,1.0
79,61,-7.593969821929932,44.56660461425781,0.5,0.5,1.0
79,62,-4.365993022918701,78.7275390625,0.0,1.0,1.0
79,63,-8.767227172851562,8.951372146606445,0.5,0.75,1.0
79,64,-0.62543785572052,1.869064211845398,1.0,1.0,1.0
79,65,-4.745190620422363,10.725191116333008,0.0,1.0,1.0
79,66,-6.9665069580078125,4.0281267166137695,0.800000011920929,1.0,1.0
79,67,-11.323938369750977,9.629079818725586,0.800000011920929,0.800000011920929,0.800000011920929
79,68,-39.60647964477539,52.4913330078125,0.20000000298023224,0.699999988079071,0.800000011920929
79,69,-20.10723114013672,28.5371036529541,0.3333333432674408,0.6666666865348816,0.8333333730697632
79,70,-12.393914222717285,22.16420555114746,0.5,0.5,1.0
79,71,-6.988714694976807,32.92911911010742,0.5,0.5,1.0
79,72,-3.9798529148101807,2.704624891281128,0.5,1.0,1.0
79,73,-7.46964693069458,1753.9873046875,0.0,0.0,1.0
79,74,-15.850260734558105,52.592063903808594,0.5,0.75,0.75
79,75,-2.08914852142334,2.8421883583068848,1.0,1.0,1.0
79,76,-1.7681266069412231,1.8028621673583984,0.6666666865348816,1.0,1.0
79,77,-2.6624252796173096,1.5585213899612427,1.0,1.0,1.0
79,78,-12.857124328613281,24.885395050048828,0.75,0.75,0.75
79,79,-4.533042907714844,3.105767011642456,0.75,1.0,1.0
79,80,-6.112826824188232,7.672241687774658,0.6666666865348816,0.6666666865348816,1.0
79,81,-6.467587471008301,2.2444229125976562,0.75,1.0,1.0
79,82,-11.166253089904785,41.35049057006836,0.3333333432674408,0.6666666865348816,0.6666666865348816
79,83,-3.7228922843933105,41.383914947509766,0.0,1.0,1.0
79,84,-12.10094928741455,11.247994422912598,0.4000000059604645,0.6000000238418579,1.0
79,85,-2.829460620880127,4.1153764724731445,0.0,1.0,1.0
79,86,-26.196414947509766,13.730801582336426,0.6000000238418579,0.699999988079071,0.9000000357627869
79,87,-10.639852523803711,4.572128772735596,0.5714285969734192,0.8571429252624512,1.0
79,88,-3.6636157035827637,6.245166778564453,0.5,1.0,1.0
79,89,-39.646751403808594,2777.621826171875,0.20000000298023224,0.20000000298023224,0.6000000238418579
79,90,-10.736600875854492,5.98606014251709,0.5,1.0,1.0
79,91,-0.7752562761306763,1.4734817743301392,1.0,1.0,1.0
79,92,-23.516963958740234,50.374942779541016,0.5,0.6666666865348816,0.8333333730697632
79,93,-1.8506282567977905,1.8531298637390137,0.6666666865348816,1.0,1.0
79,94,-12.127885818481445,20.73807716369629,0.25,0.75,1.0
79,95,-4.580613613128662,9.877967834472656,0.5,1.0,1.0
79,96,-9.028278350830078,9.555047988891602,0.5,0.75,1.0
79,97,-9.644172668457031,11.145581245422363,0.5,0.75,1.0
79,98,-21.148513793945312,8.288354873657227,0.5,0.800000011920929,1.0
79,99,-8.029592514038086,14.53458309173584,0.3333333432674408,1.0,1.0
79,100,-6.772395610809326,29.553369522094727,0.0,1.0,1.0
79,101,-7.108945846557617,5.913491725921631,0.25,1.0,1.0
79,102,-1.8924920558929443,2.576021194458008,1.0,1.0,1.0
79,103,-0.3439938724040985,1.1876741647720337,1.0,1.0,1.0
79,104,-4.047214508056641,1.9631212949752808,0.8333333730697632,1.0,1.0
79,105,-9.91810417175293,27.27675437927246,0.3333333432674408,0.6666666865348816,1.0
79,106,-4.4561896324157715,9.28216552734375,0.5,0.5,1.0
79,107,-11.998931884765625,403.21337890625,0.5,0.5,0.5
79,108,-6.772732734680176,29.558351516723633,0.5,0.5,1.0
79,109,-34.83351516723633,47.96112060546875,0.4444444477558136,0.5555555820465088,0.7777777910232544
79,110,-9.766536712646484,132.06158447265625,0.5,0.5,0.5
79,111,-14.398265838623047,17.80809783935547,0.4000000059604645,0.800000011920929,1.0
79,112,-2.2309820652008057,2.1036221981048584,0.6666666865348816,1.0,1.0
79,113,-1.776732325553894,1.8080413341522217,0.6666666865348816,1.0,1.0
79,114,-3.37595272064209,29.252138137817383,0.0,1.0,1.0
79,115,-11.716461181640625,350.1041259765625,0.0,0.5,0.5
79,116,-2.558229446411133,3.5934572219848633,0.5,1.0,1.0
79,117,-10.590682983398438,2.25842547416687,0.8461538553237915,0.9230769872665405,1.0
79,118,-9.185239791870117,98.75281524658203,0.5,0.5,0.5
79,119,-2.7059149742126465,3.8688507080078125,0.5,1.0,1.0
79,120,-21.30227279663086,14.33614730834961,0.625,0.75,0.875
79,121,-20.160438537597656,28.791296005249023,0.3333333432674408,0.6666666865348816,1.0
79,122,-7.672413349151611,3.592094898223877,0.6666666865348816,1.0,1.0
79,123,-16.728097915649414,65.4983139038086,0.5,0.75,0.75
79,124,-11.027885437011719,9.07548713684082,0.6000000238418579,0.6000000238418579,1.0
79,125,-9.46029281616211,10.644818305969238,0.5,0.75,1.0
79,126,-16.034914016723633,55.0767936706543,0.5,0.75,0.75
79,127,-2.954312801361084,2.677198648452759,0.6666666865348816,1.0,1.0
79,128,-11.974735260009766,19.95907211303711,0.5,0.5,1.0
79,129,-2.9420511722564697,18.954687118530273,0.0,1.0,1.0
79,130,-11.93852424621582,53.490718841552734,0.6666666865348816,0.6666666865348816,0.6666666865348816
79,131,-9.41064453125,6.567471981048584,0.6000000238418579,1.0,1.0
79,132,-2.1822257041931152,8.86601734161377,0.0,1.0,1.0
79,133,-3.236539840698242,5.044355392456055,0.5,1.0,1.0
79,134,-12.532657623291016,526.540771484375,0.0,0.0,1.0
79,135,-1.5042965412139893,1.651084303855896,0.6666666865348816,1.0,1.0
79,136,-6.307918548583984,23.42864227294922,0.5,1.0,1.0
79,137,-13.680455207824707,934.701904296875,0.5,0.5,0.5
79,138,-6.03946590423584,7.486902713775635,0.6666666865348816,0.6666666865348816,1.0
79,139,-5.580026626586914,3.0526351928710938,0.6000000238418579,1.0,1.0
79,140,-6.552351951599121,8.882803916931152,0.3333333432674408,1.0,1.0
79,141,-10.283519744873047,13.077326774597168,0.25,1.0,1.0
79,142,-15.263419151306152,21.17209243774414,0.20000000298023224,0.800000011920929,0.800000011920929
79,143,-11.955434799194336,394.53875732421875,0.0,0.5,1.0
79,144,-17.470399856567383,78.8541488647461,0.5,0.75,0.75
79,145,-20.659439086914062,7.892744541168213,0.5,0.800000011920929,1.0
79,146,-12.224392890930176,58.83856964111328,0.0,0.6666666865348816,1.0
79,147,-2.316624402999878,3.184553861618042,0.5,1.0,1.0
79,148,-10.367347717285156,178.3367919921875,0.5,0.5,0.5
80,0,-9.573626518249512,119.91861724853516,0.5,0.5,0.5
80,1,-11.423041343688965,4.1698503494262695,0.75,0.875,1.0
80,2,-10.662875175476074,206.73497009277344,0.5,0.5,0.5
80,3,-5.234409332275391,187.61825561523438,0.0,1.0,1.0
80,4,-13.103952407836914,700.6273803710938,0.5,0.5,0.5
80,5,-0.43854573369026184,1.2451709508895874,1.0,1.0,1.0
80,6,-0.4129004180431366,1.147554874420166,1.0,1.0,1.0
80,7,-4.718979358673096,10.585548400878906,0.5,0.5,1.0
80,8,-12.801756858825684,12.940362930297852,0.6000000238418579,0.800000011920929,0.800000011920929
80,9,-0.05275062471628189,1.026726245880127,1.0,1.0,1.0
80,10,-14.46434211730957,124.1446533203125,0.6666666865348816,0.6666666865348816,0.6666666865348816
80,11,-10.245706558227539,30.424114227294922,0.0,0.6666666865348816,1.0
80,12,-1.0065085887908936,1.6540954113006592,1.0,1.0,1.0
80,13,-11.464825630187988,308.7132263183594,0.5,0.5,1.0
80,14,-3.5589096546173096,3.2749521732330322,0.3333333432674408,1.0,1.0
80,15,-6.843894004821777,5.534346580505371,0.75,0.75,1.0
80,16,-5.3728179931640625,5.995081424713135,0.6666666865348816,0.6666666865348816,1.0
80,17,-4.868949890136719,5.068188190460205,0.6666666865348816,1.0,1.0
80,18,-3.319179058074951,2.2928481101989746,0.5,1.0,1.0
80,19,-8.235912322998047,3.9458014965057373,0.6666666865348816,0.8333333730697632,1.0
80,20,-3.4040651321411133,2.3420257568359375,0.75,1.0,1.0
80,21,-5.7139058113098145,6.7169575691223145,0.3333333432674408,0.6666666865348816,1.0
80,22,-6.7017693519592285,28.52796173095703,0.5,0.5,1.0
80,23,-12.494718551635742,8.024127960205078,0.5,0.8333333730697632,1.0
80,24,-1.9844796657562256,7.275260925292969,0.0,1.0,1.0
80,25,-30.59507179260254,6.767908096313477,0.375,0.875,1.0
80,26,-0.5975050926208496,1.3481760025024414,1.0,1.0,1.0
80,27,-6.026176452636719,4.51111364364624,0.75,1.0,1.0
80,28,-8.354846000671387,16.198984146118164,0.0,0.6666666865348816,1.0
80,29,-1.1307318210601807,3.0979228019714355,1.0,1.0,1.0
80,30,-10.045634269714355,151.8384552001953,0.5,0.5,0.5
80,31,-0.5503115653991699,1.316735863685608,1.0,1.0,1.0
80,32,-5.056342124938965,12.53056812286377,0.5,1.0,1.0
80,33,-1.4324121475219727,2.0466537475585938,1.0,1.0,1.0
80,34,-1.3629734516143799,3.9077956676483154,1.0,1.0,1.0
80,35,-4.125927448272705,7.86925745010376,0.5,1.0,1.0
80,36,-5.305415153503418,3.767282247543335,0.75,0.75,1.0
80,37,-4.3951311111450195,4.327732563018799,0.6666666865348816,0.6666666865348816,1.0
80,38,-12.28681755065918,21.578649520874023,0.25,0.5,1.0
80,39,-2.7570972442626953,3.9691367149353027,0.5,1.0,1.0
80,40,-16.366371154785156,234.03184509277344,0.0,0.3333333432674408,0.6666666865348816
80,41,-10.21586799621582,5.488443374633789,0.6666666865348816,0.8333333730697632,1.0
80,42,-7.432154655456543,41.10284423828125,0.5,0.5,1.0
80,43,-4.855580806732178,2.640890598297119,0.800000011920929,1.0,1.0
80,44,-7.977843761444092,53.99664306640625,0.0,0.5,1.0
80,45,-6.3587822914123535,24.032115936279297,0.5,0.5,1.0
80,46,-19.150035858154297,10.954545974731445,0.5,0.625,1.0
80,47,-22.640602111816406,43.529273986816406,0.5,0.8333333730697632,0.8333333730697632
80,48,-4.998865127563477,148.2448272705078,0.0,0.0,1.0
80,49,-8.626949310302734,74.69959259033203,0.0,0.5,1.0
80,50,-5.068719387054443,12.608355522155762,0.5,1.0,1.0
80,51,-0.25402525067329407,1.1354312896728516,1.0,1.0,1.0
80,52,-3.878617763519287,3.6432368755340576,0.6666666865348816,1.0,1.0
80,53,-23.056533813476562,26.944805145263672,0.2857142984867096,0.7142857313156128,1.0
80,54,-8.765867233276367,18.577587127685547,0.3333333432674408,0.6666666865348816,1.0
80,55,-10.096505165100098,155.75006103515625,0.5,0.5,1.0
80,56,-16.76874542236328,28.609792709350586,0.4000000059604645,0.6000000238418579,0.800000011920929
80,57,-1.8232765197753906,6.192113876342773,1.0,1.0,1.0
80,58,-10.922467231750488,4.760499000549316,0.5714285969734192,1.0,1.0
80,59,-5.497949600219727,15.626603126525879,0.0,1.0,1.0
80,60,-1.3920176029205322,1.220010757446289,1.0,1.0,1.0
80,61,-7.511935234069824,42.77559280395508,0.5,0.5,1.0
80,62,-4.353265762329102,77.73190307617188,0.0,1.0,1.0
80,63,-8.673336029052734,8.743704795837402,0.5,0.75,1.0
80,64,-0.6259620189666748,1.8700441122055054,1.0,1.0,1.0
80,65,-4.695407390594482,10.461519241333008,0.0,1.0,1.0
80,66,-6.872503280639648,3.953101873397827,0.800000011920929,1.0,1.0
80,67,-11.257015228271484,9.501057624816895,0.800000011920929,0.800000011920929,0.800000011920929
80,68,-39.658634185791016,52.765811920166016,0.20000000298023224,0.800000011920929,0.800000011920929
80,69,-20.17776870727539,28.874576568603516,0.3333333432674408,0.6666666865348816,0.8333333730697632
80,70,-12.359891891479492,21.976482391357422,0.5,0.5,1.0
80,71,-6.9471235275268555,32.25141143798828,0.5,0.5,1.0
80,72,-4.1276750564575195,2.806445598602295,0.5,1.0,1.0
80,73,-7.395105838775635,1627.9971923828125,0.0,0.0,1.0
80,74,-15.72952938079834,51.02840042114258,0.5,0.75,0.75
80,75,-2.059577226638794,2.800473928451538,1.0,1.0,1.0
80,76,-1.7005741596221924,1.762719988822937,0.6666666865348816,1.0,1.0
80,77,-2.718221664428711,1.5730823278427124,1.0,1.0,1.0
80,78,-12.949105262756348,25.464269638061523,0.75,0.75,0.75
80,79,-4.526941776275635,3.1010334491729736,0.75,1.0,1.0
80,80,-6.098682880401611,7.6361565589904785,0.6666666865348816,0.6666666865348816,1.0
80,81,-6.52003288269043,2.2591848373413086,0.75,1.0,1.0
80,82,-11.149467468261719,41.11977005004883,0.3333333432674408,0.6666666865348816,0.6666666865348816
80,83,-3.7082505226135254,40.78239822387695,0.0,1.0,1.0
80,84,-12.052250862121582,11.138975143432617,0.4000000059604645,0.6000000238418579,1.0
80,85,-2.782057762145996,4.018983364105225,0.0,1.0,1.0
80,86,-26.30170440673828,13.876133918762207,0.6000000238418579,0.699999988079071,0.9000000357627869
80,87,-10.65416431427002,4.581486225128174,0.5714285969734192,0.8571429252624512,1.0
80,88,-3.6480231285095215,6.196666717529297,0.5,1.0,1.0
80,89,-39.384925842285156,2635.913330078125,0.20000000298023224,0.20000000298023224,0.6000000238418579
80,90,-10.721796035766602,5.971307754516602,0.5,1.0,1.0
80,91,-0.7957938313484192,1.4886906147003174,1.0,1.0,1.0
80,92,-23.40258026123047,49.42369079589844,0.6666666865348816,0.6666666865348816,0.8333333730697632
80,93,-1.85166597366333,1.8537712097167969,0.6666666865348816,1.0,1.0
80,94,-12.034051895141602,20.25725555419922,0.25,0.75,1.0
80,95,-4.556998252868652,9.762018203735352,0.5,1.0,1.0
80,96,-9.036820411682129,9.575474739074707,0.5,0.75,1.0
80,97,-9.666401863098145,11.207694053649902,0.5,0.75,1.0
80,98,-21.33409881591797,8.443611145019531,0.4000000059604645,0.800000011920929,1.0
80,99,-8.035469055175781,14.563081741333008,0.3333333432674408,1.0,1.0
80,100,-6.814791202545166,30.186525344848633,0.0,1.0,1.0
80,101,-7.002562046051025,5.7582902908325195,0.25,1.0,1.0
80,102,-1.9136552810668945,2.603424310684204,1.0,1.0,1.0
80,103,-0.3423236310482025,1.1866828203201294,1.0,1.0,1.0
80,104,-4.064067363739014,1.968643069267273,0.8333333730697632,1.0,1.0
80,105,-9.87786865234375,26.913360595703125,0.3333333432674408,0.6666666865348816,1.0
80,106,-4.274228572845459,8.474946022033691,0.5,0.5,1.0
80,107,-12.09458065032959,422.96539306640625,0.5,0.5,0.5
80,108,-6.739593982696533,29.0726261138916,0.5,0.5,1.0
80,109,-35.02009201049805,48.965763092041016,0.4444444477558136,0.5555555820465088,0.7777777910232544
80,110,-9.817138671875,135.44549560546875,0.5,0.5,0.5
80,111,-14.472373008728027,18.07400131225586,0.4000000059604645,0.800000011920929,1.0
80,112,-2.2146835327148438,2.092224597930908,0.6666666865348816,1.0,1.0
80,113,-1.8149309158325195,1.8312100172042847,0.6666666865348816,1.0,1.0
80,114,-3.379220724105835,29.347890853881836,0.0,1.0,1.0
80,115,-11.854788780212402,375.1756896972656,0.0,0.5,0.5
80,116,-2.5414016246795654,3.5633490085601807,0.5,1.0,1.0
80,117,-10.738819122314453,2.2843077182769775,0.8461538553237915,0.9230769872665405,1.0
80,118,-9.205714225769043,99.76895904541016,0.5,0.5,0.5
80,119,-2.7101898193359375,3.8771286010742188,0.5,1.0,1.0
80,120,-21.07611846923828,13.936549186706543,0.625,0.75,0.875
80,121,-20.076091766357422,28.38938331604004,0.3333333432674408,0.6666666865348816,1.0
80,122,-7.592541217803955,3.544593572616577,0.6666666865348816,1.0,1.0
80,123,-16.649585723876953,64.22525024414062,0.5,0.75,0.75
80,124,-10.978450775146484,8.986201286315918,0.6000000238418579,0.6000000238418579,1.0
80,125,-9.447065353393555,10.609675407409668,0.5,0.75,1.0
80,126,-16.062570571899414,55.458927154541016,0.5,0.75,0.75
80,127,-2.9646313190460205,2.68642258644104,0.6666666865348816,1.0,1.0
80,128,-12.034331321716309,20.258668899536133,0.5,0.5,1.0
80,129,-2.991504192352295,19.915616989135742,0.0,1.0,1.0
80,130,-11.920879364013672,53.17702102661133,0.6666666865348816,0.6666666865348816,0.6666666865348816
80,131,-9.309295654296875,6.435690402984619,0.6000000238418579,1.0,1.0
80,132,-2.2630248069763184,9.612119674682617,0.0,1.0,1.0
80,133,-3.2345030307769775,5.039220809936523,0.5,1.0,1.0
80,134,-12.509353637695312,520.441162109375,0.0,0.0,1.0
80,135,-1.5023188591003418,1.6499961614608765,0.6666666865348816,1.0,1.0
80,136,-6.272051811218262,23.012231826782227,0.5,1.0,1.0
80,137,-13.601064682006836,898.325439453125,0.5,0.5,0.5
80,138,-6.030323505401611,7.464121341705322,0.6666666865348816,0.6666666865348816,1.0
80,139,-5.526907920837402,3.020376682281494,0.6000000238418579,1.0,1.0
80,140,-6.564659118652344,8.919320106506348,0.3333333432674408,1.0,1.0
80,141,-10.279123306274414,13.062960624694824,0.25,1.0,1.0
80,142,-15.146836280822754,20.684141159057617,0.20000000298023224,0.800000011920929,0.800000011920929
80,143,-12.009315490722656,405.312255859375,0.0,0.5,1.0
80,144,-17.33236312866211,76.17938232421875,0.5,0.75,0.75
80,145,-20.715002059936523,7.936721324920654,0.5,0.800000011920929,1.0
80,146,-12.170506477355957,57.7911491394043,0.0,0.6666666865348816,1.0
80,147,-2.2736775875091553,3.1168997287750244,0.5,1.0,1.0
80,148,-10.368731498718262,178.46022033691406,0.5,0.5,0.5
81,0,-9.587841987609863,120.77400207519531,0.5,0.5,0.5
81,1,-11.454431533813477,4.186244010925293,0.75,0.875,1.0
81,2,-10.644685745239258,204.86329650878906,0.5,0.5,0.5
81,3,-5.260601997375488,192.59739685058594,0.0,1.0,1.0
81,4,-13.292354583740234,769.8358764648438,0.5,0.5,0.5
81,5,-0.44938206672668457,1.2519358396530151,1.0,1.0,1.0
81,6,-0.40030771493911743,1.1427479982376099,1.0,1.0,1.0
81,7,-4.7073445320129395,10.524147033691406,0.5,0.5,1.0
81,8,-12.594107627868652,12.413958549499512,0.6000000238418579,0.800000011920929,0.800000011920929
81,9,-0.04961736500263214,1.0251189470291138,1.0,1.0,1.0
81,10,-14.411737442016602,121.98677825927734,0.6666666865348816,0.6666666865348816,0.6666666865348816
81,11,-10.213428497314453,30.098526000976562,0.0,0.6666666865348816,1.0
81,12,-0.9994667768478394,1.6482818126678467,1.0,1.0,1.0
81,13,-11.436503410339355,304.372314453125,0.5,0.5,1.0
81,14,-3.589290142059326,3.308285713195801,0.3333333432674408,1.0,1.0
81,15,-6.788741111755371,5.458561420440674,0.75,0.75,1.0
81,16,-5.377941131591797,6.0053277015686035,0.6666666865348816,0.6666666865348816,1.0
81,17,-4.820176124572754,4.98645544052124,0.6666666865348816,1.0,1.0
81,18,-3.3403701782226562,2.3050272464752197,0.5,1.0,1.0
81,19,-8.208467483520508,3.9277937412261963,0.6666666865348816,0.8333333730697632,1.0
81,20,-3.3153152465820312,2.2906343936920166,0.75,1.0,1.0
81,21,-5.6995391845703125,6.684867858886719,0.3333333432674408,0.6666666865348816,1.0
81,22,-6.656041145324707,27.883094787597656,0.5,0.5,1.0
81,23,-12.48547077178955,8.011771202087402,0.5,0.8333333730697632,1.0
81,24,-1.9840582609176636,7.272195816040039,0.0,1.0,1.0
81,25,-30.507904052734375,6.731136798858643,0.375,0.875,1.0
81,26,-0.582099974155426,1.3378314971923828,1.0,1.0,1.0
81,27,-5.953917503356934,4.430353164672852,0.75,1.0,1.0
81,28,-8.412336349487305,16.512409210205078,0.0,0.6666666865348816,1.0
81,29,-1.1557728052139282,3.1764771938323975,1.0,1.0,1.0
81,30,-10.089694023132324,155.22055053710938,0.5,0.5,0.5
81,31,-0.5543559789657593,1.3194012641906738,1.0,1.0,1.0
81,32,-5.068995475769043,12.610095977783203,0.5,1.0,1.0
81,33,-1.4778122901916504,2.093644142150879,1.0,1.0,1.0
81,34,-1.3434630632400513,3.832291841506958,1.0,1.0,1.0
81,35,-4.272815704345703,8.468960762023926,0.5,0.5,1.0
81,36,-5.324572563171387,3.785367965698242,0.75,0.75,1.0
81,37,-4.504365921020508,4.488216400146484,0.6666666865348816,0.6666666865348816,1.0
81,38,-12.236340522766113,21.308053970336914,0.25,0.5,1.0
81,39,-2.7099151611328125,3.876596212387085,0.5,1.0,1.0
81,40,-16.383670806884766,235.38525390625,0.0,0.3333333432674408,0.6666666865348816
81,41,-10.721330642700195,5.9708452224731445,0.6666666865348816,0.8333333730697632,1.0
81,42,-7.480093479156494,42.09995651245117,0.5,0.5,1.0
81,43,-4.915539264678955,2.6727499961853027,0.800000011920929,1.0,1.0
81,44,-7.843306541442871,50.48383712768555,0.0,0.5,1.0
81,45,-6.342342853546143,23.835390090942383,0.5,0.5,1.0
81,46,-19.28277587890625,11.137825012207031,0.5,0.625,1.0
81,47,-22.455537796020508,42.207157135009766,0.5,0.8333333730697632,0.8333333730697632
81,48,-4.942513465881348,140.1219940185547,0.0,0.0,1.0
81,49,-8.711734771728516,77.93439483642578,0.0,0.5,1.0
81,50,-5.139955043792725,13.065530776977539,0.5,1.0,1.0
81,51,-0.2534399628639221,1.135099172592163,1.0,1.0,1.0
81,52,-3.8663368225097656,3.6283533573150635,0.6666666865348816,1.0,1.0
81,53,-23.07060432434082,26.9990234375,0.1428571492433548,0.7142857313156128,1.0
81,54,-8.757109642028809,18.523433685302734,0.3333333432674408,0.6666666865348816,1.0
81,55,-10.065402030944824,153.34664916992188,0.5,0.5,1.0
81,56,-16.982009887695312,29.856477737426758,0.4000000059604645,0.6000000238418579,0.800000011920929
81,57,-1.7797186374664307,5.928187847137451,1.0,1.0,1.0
81,58,-10.850554466247559,4.711843490600586,0.5714285969734192,1.0,1.0
81,59,-5.477789878845215,15.469881057739258,0.0,1.0,1.0
81,60,-1.4277251958847046,1.2262500524520874,1.0,1.0,1.0
81,61,-7.5119404792785645,42.775699615478516,0.5,0.5,1.0
81,62,-4.395104885101318,81.05313110351562,0.0,1.0,1.0
81,63,-8.728107452392578,8.86425495147705,0.5,0.75,1.0
81,64,-0.6233876943588257,1.8652361631393433,1.0,1.0,1.0
81,65,-4.761478424072266,10.81289291381836,0.0,1.0,1.0
81,66,-6.916684150695801,3.988187074661255,0.800000011920929,1.0,1.0
81,67,-11.293281555175781,9.570219993591309,0.800000011920929,0.800000011920929,0.800000011920929
81,68,-39.80546569824219,53.546287536621094,0.20000000298023224,0.800000011920929,0.800000011920929
81,69,-20.204055786132812,29.001358032226562,0.3333333432674408,0.6666666865348816,0.8333333730697632
81,70,-12.368839263916016,22.025697708129883,0.5,0.5,1.0
81,71,-7.003937721252441,33.18071365356445,0.5,0.5,1.0
81,72,-4.042057514190674,2.747013568878174,0.5,1.0,1.0
81,73,-7.518163204193115,1841.1822509765625,0.0,0.0,1.0
81,74,-15.893220901489258,53.15994644165039,0.5,0.75,0.75
81,75,-2.028963327407837,2.7579336166381836,1.0,1.0,1.0
81,76,-1.7035579681396484,1.7644740343093872,0.6666666865348816,1.0,1.0
81,77,-2.699540615081787,1.5681920051574707,1.0,1.0,1.0
81,78,-12.949978828430176,25.469831466674805,0.75,0.75,0.75
81,79,-4.4327921867370605,3.028895378112793,0.75,1.0,1.0
81,80,-6.122739791870117,7.69763708114624,0.6666666865348816,0.6666666865348816,1.0
81,81,-6.532601356506348,2.2627370357513428,0.75,1.0,1.0
81,82,-11.173791885375977,41.454532623291016,0.3333333432674408,0.6666666865348816,0.6666666865348816
81,83,-3.760993003845215,42.99109649658203,0.0,1.0,1.0
81,84,-12.060859680175781,11.158167839050293,0.4000000059604645,0.6000000238418579,1.0
81,85,-2.79207181930542,4.039156913757324,0.0,1.0,1.0
81,86,-26.258041381835938,13.815681457519531,0.6000000238418579,0.699999988079071,0.9000000357627869
81,87,-10.648962020874023,4.578083038330078,0.5714285969734192,0.8571429252624512,1.0
81,88,-3.625215768814087,6.12640380859375,0.5,1.0,1.0
81,89,-39.567283630371094,2733.82470703125,0.20000000298023224,0.20000000298023224,0.6000000238418579
81,90,-10.810505867004395,6.0602498054504395,0.5,1.0,1.0
81,91,-0.7967519164085388,1.4894038438796997,1.0,1.0,1.0
81,92,-23.434585571289062,49.688045501708984,0.5,0.6666666865348816,0.8333333730697632
81,93,-1.8205771446228027,1.8346598148345947,0.6666666865348816,1.0,1.0
81,94,-12.142674446105957,20.814889907836914,0.25,0.75,1.0
81,95,-4.542730331420898,9.692623138427734,0.5,1.0,1.0
81,96,-8.992111206054688,9.469042778015137,0.5,0.75,1.0
81,97,-9.643698692321777,11.144261360168457,0.5,0.75,1.0
81,98,-21.30860137939453,8.422107696533203,0.4000000059604645,0.699999988079071,1.0
81,99,-8.082597732543945,14.793668746948242,0.3333333432674408,1.0,1.0
81,100,-6.739898681640625,29.07705307006836,0.0,1.0,1.0
81,101,-6.946120738983154,5.677608966827393,0.25,1.0,1.0
81,102,-1.8857016563415527,2.5672898292541504,1.0,1.0,1.0
81,103,-0.3546794056892395,1.194036602973938,1.0,1.0,1.0
81,104,-4.009665489196777,1.9508740901947021,0.8333333730697632,1.0,1.0
81,105,-9.874292373657227,26.881296157836914,0.3333333432674408,0.6666666865348816,1.0
81,106,-4.432532787322998,9.173018455505371,0.5,0.5,1.0
81,107,-12.034676551818848,410.48455810546875,0.5,0.5,0.5
81,108,-6.681972503662109,28.246971130371094,0.5,0.5,1.0
81,109,-34.9160270690918,48.4028434753418,0.4444444477558136,0.5555555820465088,0.7777777910232544
81,110,-9.774883270263672,132.61386108398438,0.5,0.5,0.5
81,111,-14.49887466430664,18.17005729675293,0.4000000059604645,0.800000011920929,1.0
81,112,-2.207982301712036,2.0875563621520996,0.6666666865348816,1.0,1.0
81,113,-1.7987827062606812,1.8213796615600586,0.6666666865348816,1.0,1.0
81,114,-3.4031410217285156,30.058366775512695,0.0,1.0,1.0
81,115,-11.821908950805664,369.0582580566406,0.0,0.5,0.5
81,116,-2.6029958724975586,3.6747970581054688,0.5,1.0,1.0
81,117,-10.65456771850586,2.2695512771606445,0.8461538553237915,0.9230769872665405,1.0
81,118,-9.052058219909668,92.39095306396484,0.5,0.5,0.5
81,119,-2.738147735595703,3.9317076206207275,0.5,1.0,1.0
81,120,-21.31063461303711,14.351140022277832,0.625,0.75,0.875
81,121,-20.156856536865234,28.774112701416016,0.3333333432674408,0.6666666865348816,1.0
81,122,-7.379437446594238,3.4209084510803223,0.6666666865348816,1.0,1.0
81,123,-16.600366592407227,63.439815521240234,0.5,0.75,0.75
81,124,-10.905277252197266,8.8556489944458,0.6000000238418579,0.6000000238418579,1.0
81,125,-9.432900428771973,10.57217025756836,0.5,0.75,1.0
81,126,-16.131420135498047,56.42176818847656,0.5,0.75,0.75
81,127,-2.9388344287872314,2.663421392440796,0.6666666865348816,1.0,1.0
81,128,-11.992210388183594,20.04646110534668,0.5,0.5,1.0
81,129,-3.0040481090545654,20.167009353637695,0.0,1.0,1.0
81,130,-11.895071029663086,52.72152328491211,0.6666666865348816,0.6666666865348816,0.6666666865348816
81,131,-9.382055282592773,6.530026912689209,0.6000000238418579,1.0,1.0
81,132,-2.255819082260132,9.543106079101562,0.0,1.0,1.0
81,133,-3.2491328716278076,5.0762176513671875,0.5,1.0,1.0
81,134,-12.592514038085938,542.5374145507812,0.0,0.0,1.0
81,135,-1.5050612688064575,1.6515052318572998,0.6666666865348816,1.0,1.0
81,136,-6.29393196105957,23.265369415283203,0.5,1.0,1.0
81,137,-13.666044235229492,927.9910888671875,0.5,0.5,0.5
81,138,-6.036952972412109,7.480634689331055,0.6666666865348816,0.6666666865348816,1.0
81,139,-5.515718460083008,3.013625144958496,0.6000000238418579,1.0,1.0
81,140,-6.605562210083008,9.04176139831543,0.3333333432674408,1.0,1.0
81,141,-10.36192512512207,13.336189270019531,0.25,1.0,1.0
81,142,-15.148746490478516,20.692047119140625,0.20000000298023224,0.800000011920929,0.800000011920929
81,143,-11.946876525878906,392.8540954589844,0.0,0.5,1.0
81,144,-17.388534545898438,77.25669860839844,0.5,0.75,0.75
81,145,-20.825733184814453,8.025094032287598,0.5,0.800000011920929,1.0
81,146,-12.234594345092773,59.03898239135742,0.0,0.6666666865348816,1.0
81,147,-2.4117496013641357,3.33967924118042,0.5,1.0,1.0
81,148,-10.405205726623535,181.74468994140625,0.5,0.5,0.5
82,0,-9.645988464355469,124.33683013916016,0.5,0.5,0.5
82,1,-11.440573692321777,4.178998947143555,0.75,0.875,1.0
82,2,-10.590381622314453,199.37567138671875,0.5,0.5,0.5
82,3,-5.250685214996338,190.6968994140625,0.0,1.0,1.0
82,4,-13.130027770996094,709.8217163085938,0.5,0.5,0.5
82,5,-0.44272157549858093,1.24777352809906,1.0,1.0,1.0
82,6,-0.3804158866405487,1.1351959705352783,1.0,1.0,1.0
82,7,-4.743460178375244,10.71591567993164,0.5,0.5,1.0
82,8,-12.805684089660645,12.950531005859375,0.6000000238418579,0.800000011920929,0.800000011920929
82,9,-0.053867459297180176,1.0272997617721558,1.0,1.0,1.0
82,10,-14.480012893676758,124.79484558105469,0.6666666865348816,0.6666666865348816,0.6666666865348816
82,11,-10.164923667907715,29.615793228149414,0.0,0.6666666865348816,1.0
82,12,-1.003000020980835,1.6511962413787842,1.0,1.0,1.0
82,13,-11.43395709991455,303.98504638671875,0.5,0.5,1.0
82,14,-3.5851316452026367,3.3037028312683105,0.3333333432674408,1.0,1.0
82,15,-6.799762725830078,5.473622798919678,0.75,0.75,1.0
82,16,-5.323662757873535,5.8976521492004395,0.6666666865348816,0.6666666865348816,1.0
82,17,-4.85488224029541,5.044477939605713,0.6666666865348816,1.0,1.0
82,18,-3.370234251022339,2.322301149368286,0.5,1.0,1.0
82,19,-8.180681228637695,3.9096457958221436,0.6666666865348816,0.8333333730697632,1.0
82,20,-3.364821434020996,2.3191606998443604,0.75,1.0,1.0
82,21,-5.703855514526367,6.694492340087891,0.3333333432674408,0.6666666865348816,1.0
82,22,-6.6490864753723145,27.78630256652832,0.5,0.5,1.0
82,23,-12.454872131347656,7.971017360687256,0.5,0.8333333730697632,1.0
82,24,-2.0065367221832275,7.437514781951904,0.0,1.0,1.0
82,25,-30.57320785522461,6.758665561676025,0.375,0.9375,1.0
82,26,-0.577164351940155,1.3345340490341187,1.0,1.0,1.0
82,27,-5.996347427368164,4.477598190307617,0.75,1.0,1.0
82,28,-8.413942337036133,16.521249771118164,0.0,0.6666666865348816,1.0
82,29,-1.1447700262069702,3.141718626022339,1.0,1.0,1.0
82,30,-10.017180442810059,149.69354248046875,0.5,0.5,0.5
82,31,-0.546345591545105,1.3141273260116577,1.0,1.0,1.0
82,32,-5.070525169372559,12.619745254516602,0.5,1.0,1.0
82,33,-1.433062195777893,2.047318935394287,1.0,1.0,1.0
82,34,-1.351157784461975,3.861894369125366,1.0,1.0,1.0
82,35,-4.179758071899414,8.083937644958496,0.5,0.5,1.0
82,36,-5.280702590942383,3.7440786361694336,0.75,0.75,1.0
82,37,-4.483031749725342,4.456411838531494,0.6666666865348816,0.6666666865348816,1.0
82,38,-12.162829399108887,20.92003631591797,0.25,0.5,1.0
82,39,-2.7832303047180176,4.0213398933410645,0.5,1.0,1.0
82,40,-16.324642181396484,230.79904174804688,0.0,0.3333333432674408,0.6666666865348816
82,41,-10.016240119934082,5.308840274810791,0.6666666865348816,0.8333333730697632,1.0
82,42,-7.354343891143799,39.534427642822266,0.5,0.5,1.0
82,43,-4.8544392585754395,2.6402876377105713,0.800000011920929,1.0,1.0
82,44,-7.973227500915527,53.872154235839844,0.0,0.5,1.0
82,45,-6.358389854431152,24.027402877807617,0.5,0.5,1.0
82,46,-19.336637496948242,11.213066101074219,0.5,0.625,1.0
82,47,-22.69170379638672,43.90159606933594,0.5,0.8333333730697632,0.8333333730697632
82,48,-5.003579139709473,148.94529724121094,0.0,0.0,1.0
82,49,-8.626802444458008,74.6941146850586,0.0,0.5,1.0
82,50,-5.125951766967773,12.974370956420898,0.5,1.0,1.0
82,51,-0.2710473835468292,1.1451363563537598,1.0,1.0,1.0
82,52,-3.834386110305786,3.5899157524108887,0.6666666865348816,1.0,1.0
82,53,-23.187747955322266,27.45465087890625,0.2857142984867096,0.7142857313156128,1.0
82,54,-8.76744270324707,18.58734130859375,0.3333333432674408,0.6666666865348816,1.0
82,55,-10.143138885498047,159.42433166503906,0.5,0.5,1.0
82,56,-16.731767654418945,28.398988723754883,0.4000000059604645,0.6000000238418579,0.800000011920929
82,57,-1.767129898071289,5.85402774810791,1.0,1.0,1.0
82,58,-10.923952102661133,4.761508941650391,0.5714285969734192,1.0,1.0
82,59,-5.422337055206299,15.04684829711914,0.0,1.0,1.0
82,60,-1.3824074268341064,1.2183369398117065,1.0,1.0,1.0
82,61,-7.592416763305664,44.53201675415039,0.5,0.5,1.0
82,62,-4.4076642990112305,82.07752990722656,0.0,1.0,1.0
82,63,-8.746635437011719,8.90540885925293,0.5,0.75,1.0
82,64,-0.621866762638092,1.8624014854431152,1.0,1.0,1.0
82,65,-4.734996795654297,10.67066478729248,0.0,1.0,1.0
82,66,-6.983225345611572,4.0416178703308105,0.800000011920929,1.0,1.0
82,67,-11.36085319519043,9.700432777404785,0.800000011920929,0.800000011920929,0.800000011920929
82,68,-39.6138801574707,52.53019332885742,0.20000000298023224,0.699999988079071,0.800000011920929
82,69,-20.12958526611328,28.643625259399414,0.3333333432674408,0.6666666865348816,0.8333333730697632
82,70,-12.386198997497559,22.121496200561523,0.5,0.5,1.0
82,71,-6.975071430206299,32.70525360107422,0.5,0.5,1.0
82,72,-4.063033580780029,2.7614569664001465,0.5,1.0,1.0
82,73,-7.473659038543701,1761.0386962890625,0.0,0.0,1.0
82,74,-15.782598495483398,51.70991897583008,0.5,0.75,0.75
82,75,-2.0496749877929688,2.786642551422119,1.0,1.0,1.0
82,76,-1.7830369472503662,1.8118449449539185,0.6666666865348816,1.0,1.0
82,77,-2.6832451820373535,1.5639387369155884,1.0,1.0,1.0
82,78,-12.939793586730957,25.405059814453125,0.75,0.75,0.75
82,79,-4.493965148925781,3.075573205947876,0.75,1.0,1.0
82,80,-6.170942783355713,7.822317600250244,0.6666666865348816,0.6666666865348816,1.0
82,81,-6.431390762329102,2.234290599822998,0.75,1.0,1.0
82,82,-11.203417778015137,41.865936279296875,0.3333333432674408,0.6666666865348816,0.6666666865348816
82,83,-3.713808536529541,41.00969696044922,0.0,1.0,1.0
82,84,-12.059088706970215,11.154218673706055,0.4000000059604645,0.6000000238418579,1.0
82,85,-2.7684969902038574,3.9918248653411865,0.0,1.0,1.0
82,86,-26.384166717529297,13.991036415100098,0.6000000238418579,0.699999988079071,0.9000000357627869
82,87,-10.668298721313477,4.590746879577637,0.5714285969734192,0.8571429252624512,1.0
82,88,-3.6428134441375732,6.180546760559082,0.5,1.0,1.0
82,89,-39.45336151123047,2672.23974609375,0.20000000298023224,0.20000000298023224,0.6000000238418579
82,90,-10.780296325683594,6.029813766479492,0.5,1.0,1.0
82,91,-0.7812590003013611,1.4779107570648193,1.0,1.0,1.0
82,92,-23.301639556884766,48.59918212890625,0.5,0.6666666865348816,0.8333333730697632
82,93,-1.8534611463546753,1.8548805713653564,0.6666666865348816,1.0,1.0
82,94,-12.324203491210938,21.781278610229492,0.25,0.75,1.0
82,95,-4.533143997192383,9.646276473999023,0.5,1.0,1.0
82,96,-9.054474830627441,9.617830276489258,0.5,0.75,1.0
82,97,-9.688990592956543,11.271164894104004,0.5,0.75,1.0
82,98,-21.462499618530273,8.552724838256836,0.4000000059604645,0.699999988079071,1.0
82,99,-8.08427619934082,14.801946640014648,0.3333333432674408,1.0,1.0
82,100,-6.790062427520752,29.815584182739258,0.0,1.0,1.0
82,101,-6.982471942901611,5.729441165924072,0.25,1.0,1.0
82,102,-1.9026472568511963,2.589134693145752,1.0,1.0,1.0
82,103,-0.3324265480041504,1.180824875831604,1.0,1.0,1.0
82,104,-4.010194301605225,1.951046109199524,0.8333333730697632,1.0,1.0
82,105,-9.868185043334961,26.826629638671875,0.3333333432674408,0.6666666865348816,1.0
82,106,-4.3842363357543945,8.9541597366333,0.5,0.5,1.0
82,107,-12.155807495117188,436.1140441894531,0.5,0.5,0.5
82,108,-6.790717124938965,29.825345993041992,0.5,0.5,1.0
82,109,-34.94031524658203,48.53364181518555,0.4444444477558136,0.5555555820465088,0.7777777910232544
82,110,-9.727545738220215,129.5119171142578,0.5,0.5,0.5
82,111,-14.440364837646484,17.958669662475586,0.4000000059604645,0.800000011920929,1.0
82,112,-2.21740984916687,2.0941267013549805,0.6666666865348816,1.0,1.0
82,113,-1.8269249200820923,1.8385459184646606,0.6666666865348816,1.0,1.0
82,114,-3.3914945125579834,29.7103214263916,0.0,1.0,1.0
82,115,-11.878092765808105,379.5727844238281,0.0,0.5,0.5
82,116,-2.5974812507629395,3.6646783351898193,0.5,1.0,1.0
82,117,-10.574064254760742,2.255540370941162,0.8461538553237915,0.9230769872665405,1.0
82,118,-9.071545600891113,93.29558563232422,0.5,0.5,0.5
82,119,-2.7278249263763428,3.911466598510742,0.5,1.0,1.0
82,120,-21.1320743560791,14.034369468688965,0.625,0.75,0.875
82,121,-20.30691909790039,29.502836227416992,0.3333333432674408,0.6666666865348816,1.0
82,122,-7.548232078552246,3.5185136795043945,0.6666666865348816,1.0,1.0
82,123,-16.676002502441406,64.65081024169922,0.5,0.75,0.75
82,124,-10.95964241027832,8.952460289001465,0.6000000238418579,0.6000000238418579,1.0
82,125,-9.442825317382812,10.598434448242188,0.5,0.75,1.0
82,126,-16.05569076538086,55.363616943359375,0.5,0.75,0.75
82,127,-2.951350212097168,2.674556255340576,0.6666666865348816,1.0,1.0
82,128,-11.973611831665039,19.953466415405273,0.5,0.5,1.0
82,129,-2.972968578338623,19.549869537353516,0.0,1.0,1.0
82,130,-11.929224014282227,53.32514572143555,0.6666666865348816,0.6666666865348816,0.6666666865348816
82,131,-9.46130084991455,6.634346961975098,0.6000000238418579,0.800000011920929,1.0
82,132,-2.2000784873962402,9.025721549987793,0.0,1.0,1.0
82,133,-3.240147113800049,5.053462028503418,0.5,1.0,1.0
82,134,-12.521740913391113,523.6746215820312,0.0,0.0,1.0
82,135,-1.4852004051208496,1.6406078338623047,0.6666666865348816,1.0,1.0
82,136,-6.229290008544922,22.525432586669922,0.5,1.0,1.0
82,137,-13.616984367370605,905.50439453125,0.5,0.5,0.5
82,138,-6.014342308044434,7.424466133117676,0.6666666865348816,0.6666666865348816,1.0
82,139,-5.499894618988037,3.0041027069091797,0.6000000238418579,1.0,1.0
82,140,-6.534049034118652,8.828776359558105,0.3333333432674408,1.0,1.0
82,141,-10.424867630004883,13.547701835632324,0.25,1.0,1.0
82,142,-15.153352737426758,20.711116790771484,0.20000000298023224,0.800000011920929,0.800000011920929
82,143,-11.931260108947754,389.7985534667969,0.0,0.5,1.0
82,144,-17.43163299560547,78.09361267089844,0.5,0.75,0.75
82,145,-20.839906692504883,8.03647518157959,0.5,0.800000011920929,1.0
82,146,-12.220285415649414,58.75807571411133,0.0,0.6666666865348816,1.0
82,147,-2.34731125831604,3.233792543411255,0.5,1.0,1.0
82,148,-10.401444435119629,181.40321350097656,0.5,0.5,0.5
83,0,-9.628361701965332,123.24581909179688,0.5,0.5,0.5
83,1,-11.384828567504883,4.149980068206787,0.75,0.875,1.0
83,2,-10.640591621398926,204.44436645507812,0.5,0.5,0.5
83,3,-5.2144694328308105,183.91421508789062,0.0,1.0,1.0
83,4,-13.1558198928833,719.034912109375,0.5,0.5,0.5
83,5,-0.41755494475364685,1.232170820236206,1.0,1.0,1.0
83,6,-0.39642319083213806,1.141269326210022,1.0,1.0,1.0
83,7,-4.753793716430664,10.7714262008667,0.5,0.5,1.0
83,8,-12.788189888000488,12.905298233032227,0.6000000238418579,0.800000011920929,0.800000011920929
83,9,-0.052289027720689774,1.0264892578125,1.0,1.0,1.0
83,10,-14.465534210205078,124.1939697265625,0.6666666865348816,0.6666666865348816,0.6666666865348816
83,11,-10.260086059570312,30.570293426513672,0.0,0.6666666865348816,1.0
83,12,-0.9865347146987915,1.6376582384109497,1.0,1.0,1.0
83,13,-11.497672080993652,313.8251647949219,0.5,0.5,1.0
83,14,-3.539823055267334,3.2541823387145996,0.3333333432674408,1.0,1.0
83,15,-6.774757385253906,5.439511775970459,0.75,0.75,1.0
83,16,-5.344688415527344,5.939131259918213,0.6666666865348816,0.6666666865348816,1.0
83,17,-4.833823204040527,5.009190559387207,0.6666666865348816,1.0,1.0
83,18,-3.330550193786621,2.299375534057617,0.5,1.0,1.0
83,19,-8.175460815429688,3.9062459468841553,0.6666666865348816,0.8333333730697632,1.0
83,20,-3.391002655029297,2.3343899250030518,0.75,1.0,1.0
83,21,-5.705641746520996,6.698480129241943,0.3333333432674408,0.6666666865348816,1.0
83,22,-6.634751796722412,27.587862014770508,0.5,0.5,1.0
83,23,-12.491541862487793,8.019882202148438,0.5,0.8333333730697632,1.0
83,24,-1.989368200302124,7.310913562774658,0.0,1.0,1.0
83,25,-30.615764617919922,6.776666641235352,0.375,0.875,1.0
83,26,-0.6019790172576904,1.351195216178894,1.0,1.0,1.0
83,27,-6.004859924316406,4.487137317657471,0.75,1.0,1.0
83,28,-8.41685962677002,16.537324905395508,0.0,0.6666666865348816,1.0
83,29,-1.146161437034607,3.1460931301116943,1.0,1.0,1.0
83,30,-10.076457023620605,154.19662475585938,0.5,0.5,0.5
83,31,-0.5553717613220215,1.3200715780258179,1.0,1.0,1.0
83,32,-5.033632278442383,12.38908863067627,0.5,1.0,1.0
83,33,-1.3460962772369385,1.9602031707763672,1.0,1.0,1.0
83,34,-1.3400065898895264,3.819068670272827,1.0,1.0,1.0
83,35,-4.126585006713867,7.871845245361328,0.5,1.0,1.0
83,36,-5.290693283081055,3.7534422874450684,0.75,1.0,1.0
83,37,-4.382627964019775,4.3097333908081055,0.6666666865348816,0.6666666865348816,1.0
83,38,-12.240620613098145,21.33086585998535,0.25,0.5,1.0
83,39,-2.7756576538085938,4.006142616271973,0.5,1.0,1.0
83,40,-16.31098747253418,229.7509765625,0.0,0.3333333432674408,0.6666666865348816
83,41,-9.914219856262207,5.219335079193115,0.6666666865348816,0.8333333730697632,1.0
83,42,-7.38132381439209,40.07136154174805,0.5,0.5,1.0
83,43,-4.794009685516357,2.608569383621216,0.800000011920929,1.0,1.0
83,44,-7.920565605163574,52.472164154052734,0.0,0.5,1.0
83,45,-6.342115879058838,23.832685470581055,0.5,0.5,1.0
83,46,-19.352523803710938,11.235355377197266,0.5,0.625,1.0
83,47,-22.6864070892334,43.86285400390625,0.5,0.8333333730697632,0.8333333730697632
83,48,-4.979308605194092,145.37384033203125,0.0,0.0,1.0
83,49,-8.6485595703125,75.5111083984375,0.0,0.5,1.0
83,50,-5.16019868850708,13.19844913482666,0.5,1.0,1.0
83,51,-0.2734048366546631,1.1464869976043701,1.0,1.0,1.0
83,52,-3.8814117908477783,3.646631956100464,0.6666666865348816,1.0,1.0
83,53,-23.42989730834961,28.420997619628906,0.2857142984867096,0.7142857313156128,1.0
83,54,-8.816482543945312,18.893680572509766,0.3333333432674408,0.6666666865348816,1.0
83,55,-10.127768516540527,158.20382690429688,0.5,0.5,1.0
83,56,-17.010574340820312,30.027538299560547,0.4000000059604645,0.6000000238418579,0.800000011920929
83,57,-1.7886766195297241,5.981531620025635,1.0,1.0,1.0
83,58,-10.8457670211792,4.708622455596924,0.5714285969734192,1.0,1.0
83,59,-5.381187438964844,14.740425109863281,0.0,1.0,1.0
83,60,-1.4067939519882202,1.2225887775421143,1.0,1.0,1.0
83,61,-7.545633316040039,43.50242233276367,0.5,0.5,1.0
83,62,-4.412766456604004,82.49737548828125,0.0,1.0,1.0
83,63,-8.676103591918945,8.749756813049316,0.5,0.75,1.0
83,64,-0.6094024181365967,1.8393319845199585,1.0,1.0,1.0
83,65,-4.702320098876953,10.497740745544434,0.0,1.0,1.0
83,66,-6.9174699783325195,3.988814115524292,0.800000011920929,1.0,1.0
83,67,-11.343147277832031,9.666144371032715,0.800000011920929,0.800000011920929,0.800000011920929
83,68,-39.723201751708984,53.107601165771484,0.20000000298023224,0.699999988079071,0.800000011920929
83,69,-20.11553382873535,28.576622009277344,0.3333333432674408,0.6666666865348816,0.8333333730697632
83,70,-12.3250732421875,21.7860164642334,0.5,0.5,1.0
83,71,-6.946057319641113,32.234222412109375,0.5,0.5,1.0
83,72,-3.948883056640625,2.683765411376953,0.5,1.0,1.0
83,73,-7.466235637664795,1748.0140380859375,0.0,0.0,1.0
83,74,-15.827934265136719,52.29933166503906,0.5,0.75,0.75
83,75,-2.0614287853240967,2.803067684173584,1.0,1.0,1.0
83,76,-1.6759334802627563,1.7483011484146118,0.6666666865348816,1.0,1.0
83,77,-2.667367935180664,1.5598057508468628,1.0,1.0,1.0
83,78,-12.942129135131836,25.419898986816406,0.75,0.75,0.75
83,79,-4.455399513244629,3.046062707901001,0.75,1.0,1.0
83,80,-6.110758304595947,7.666954040527344,0.6666666865348816,0.6666666865348816,1.0
83,81,-6.385778427124023,2.221588134765625,0.75,1.0,1.0
83,82,-11.130170822143555,40.856136322021484,0.3333333432674408,0.6666666865348816,0.6666666865348816
83,83,-3.7139148712158203,41.01405715942383,0.0,1.0,1.0
83,84,-11.927828788757324,10.86520767211914,0.4000000059604645,0.6000000238418579,1.0
83,85,-2.761662006378174,3.978206157684326,0.5,1.0,1.0
83,86,-26.382041931152344,13.98806095123291,0.6000000238418579,0.699999988079071,0.9000000357627869
83,87,-10.702972412109375,4.6135430335998535,0.5714285969734192,0.8571429252624512,1.0
83,88,-3.643348455429077,6.1822004318237305,0.5,1.0,1.0
83,89,-39.3341178894043,2609.2646484375,0.20000000298023224,0.20000000298023224,0.6000000238418579
83,90,-10.75395393371582,6.0033979415893555,0.5,1.0,1.0
83,91,-0.7658394575119019,1.4665603637695312,1.0,1.0,1.0
83,92,-23.505706787109375,50.280521392822266,0.5,0.6666666865348816,0.8333333730697632
83,93,-1.8613770008087158,1.8597815036773682,0.6666666865348816,1.0,1.0
83,94,-12.309857368469238,21.703298568725586,0.25,0.75,1.0
83,95,-4.550844192504883,9.732026100158691,0.5,1.0,1.0
83,96,-8.923046112060547,9.306950569152832,0.5,0.75,1.0
83,97,-9.619388580322266,11.076736450195312,0.5,0.75,1.0
83,98,-21.261356353759766,8.382411003112793,0.4000000059604645,0.699999988079071,1.0
83,99,-8.086953163146973,14.81516170501709,0.3333333432674408,1.0,1.0
83,100,-6.775883674621582,29.604957580566406,0.0,1.0,1.0
83,101,-7.033984184265137,5.803702354431152,0.25,1.0,1.0
83,102,-1.913137674331665,2.602750539779663,1.0,1.0,1.0
83,103,-0.32227951288223267,1.1748491525650024,1.0,1.0,1.0
83,104,-3.9890685081481934,1.9441885948181152,0.8333333730697632,1.0,1.0
83,105,-9.895498275756836,27.071983337402344,0.3333333432674408,0.6666666865348816,1.0
83,106,-4.313035488128662,8.640995025634766,0.5,0.5,1.0
83,107,-12.123085021972656,429.0367431640625,0.5,0.5,0.5
83,108,-6.754769802093506,29.294063568115234,0.5,0.5,1.0
83,109,-34.8436393737793,48.015098571777344,0.4444444477558136,0.5555555820465088,0.7777777910232544
83,110,-9.761565208435059,131.7337188720703,0.5,0.5,0.5
83,111,-14.471513748168945,18.070899963378906,0.4000000059604645,0.800000011920929,1.0
83,112,-2.2286250591278076,2.1019699573516846,0.6666666865348816,1.0,1.0
83,113,-1.8443808555603027,1.8492748737335205,0.6666666865348816,1.0,1.0
83,114,-3.411407947540283,30.307886123657227,0.0,1.0,1.0
83,115,-11.86716365814209,377.5042724609375,0.0,0.5,0.5
83,116,-2.554075002670288,3.586000442504883,0.5,1.0,1.0
83,117,-10.412029266357422,2.2276010513305664,0.8461538553237915,0.9230769872665405,1.0
83,118,-9.192482948303223,99.1111068725586,0.5,0.5,0.5
83,119,-2.7108840942382812,3.8784751892089844,0.5,1.0,1.0
83,120,-21.28048324584961,14.297152519226074,0.625,0.75,0.875
83,121,-20.21489715576172,29.05380630493164,0.3333333432674408,0.6666666865348816,1.0
83,122,-7.4696855545043945,3.472752809524536,0.6666666865348816,1.0,1.0
83,123,-16.639312744140625,64.06051635742188,0.5,0.75,0.75
83,124,-10.967803955078125,8.967086791992188,0.6000000238418579,0.6000000238418579,1.0
83,125,-9.447622299194336,10.611152648925781,0.5,0.75,1.0
83,126,-16.14033317565918,56.54762649536133,0.5,0.75,0.75
83,127,-2.9228458404541016,2.649264335632324,0.6666666865348816,1.0,1.0
83,128,-12.048108100891113,20.32856559753418,0.5,0.5,1.0
83,129,-3.002288341522217,20.13155174255371,0.0,1.0,1.0
83,130,-11.975608825683594,54.15605163574219,0.6666666865348816,0.6666666865348816,0.6666666865348816
83,131,-9.399076461791992,6.552294731140137,0.6000000238418579,1.0,1.0
83,132,-2.248898506164551,9.477291107177734,0.0,1.0,1.0
83,133,-3.230936050415039,5.030241966247559,0.5,1.0,1.0
83,134,-12.542753219604492,529.2053833007812,0.0,0.0,1.0
83,135,-1.5000581741333008,1.64875328540802,0.6666666865348816,1.0,1.0
83,136,-6.31635856628418,23.527719497680664,0.5,1.0,1.0
83,137,-13.688261032104492,938.3570556640625,0.5,0.5,0.5
83,138,-6.01099967956543,7.416199207305908,0.6666666865348816,0.6666666865348816,1.0
83,139,-5.540174961090088,3.0284016132354736,0.6000000238418579,1.0,1.0
83,140,-6.593657970428467,9.00595474243164,0.3333333432674408,1.0,1.0
83,141,-10.363788604736328,13.342403411865234,0.25,1.0,1.0
83,142,-15.10689926147461,20.519588470458984,0.20000000298023224,0.800000011920929,0.800000011920929
83,143,-11.975303649902344,398.47784423828125,0.0,0.5,1.0
83,144,-17.442562103271484,78.3072738647461,0.5,0.75,0.75
83,145,-20.865219116210938,8.056843757629395,0.5,0.800000011920929,1.0
83,146,-12.231389045715332,58.9759521484375,0.0,0.6666666865348816,1.0
83,147,-2.3356966972351074,3.2150676250457764,0.5,1.0,1.0
83,148,-10.388310432434082,180.21583557128906,0.5,0.5,0.5
84,0,-9.56352710723877,119.31458282470703,0.5,0.5,0.5
84,1,-11.360264778137207,4.1372575759887695,0.75,0.875,1.0
84,2,-10.623930931091309,202.7483367919922,0.5,0.5,0.5
84,3,-5.197573661804199,180.83294677734375,0.0,1.0,1.0
84,4,-13.029027938842773,674.8659057617188,0.5,0.5,0.5
84,5,-0.4422691762447357,1.2474912405014038,1.0,1.0,1.0
84,6,-0.40322166681289673,1.143858551979065,1.0,1.0,1.0
84,7,-4.737215518951416,10.682509422302246,0.5,0.5,1.0
84,8,-12.64874267578125,12.550348281860352,0.6000000238418579,0.800000011920929,0.800000011920929
84,9,-0.052278995513916016,1.0264841318130493,1.0,1.0,1.0
84,10,-14.440621376037598,123.16692352294922,0.6666666865348816,0.6666666865348816,0.6666666865348816
84,11,-10.165332794189453,29.619834899902344,0.0,0.6666666865348816,1.0
84,12,-0.9690296053886414,1.6233872175216675,1.0,1.0,1.0
84,13,-11.435562133789062,304.2291259765625,0.5,0.5,1.0
84,14,-3.5561647415161133,3.2719566822052,0.3333333432674408,1.0,1.0
84,15,-6.828556060791016,5.5131659507751465,0.75,0.75,1.0
84,16,-5.373424530029297,5.996293067932129,0.6666666865348816,0.6666666865348816,1.0
84,17,-4.854499340057373,5.0438337326049805,0.6666666865348816,1.0,1.0
84,18,-3.351815938949585,2.3116326332092285,0.5,1.0,1.0
84,19,-8.12899398803711,3.876110792160034,0.6666666865348816,0.8333333730697632,1.0
84,20,-3.369812250137329,2.322056293487549,0.75,1.0,1.0
84,21,-5.68925142288208,6.661982536315918,0.3333333432674408,0.6666666865348816,1.0
84,22,-6.638431549072266,27.6386661529541,0.5,0.5,1.0
84,23,-12.47956371307373,8.003886222839355,0.5,0.8333333730697632,1.0
84,24,-1.996574878692627,7.363790988922119,0.0,1.0,1.0
84,25,-30.531469345092773,6.741057872772217,0.375,0.875,1.0
84,26,-0.5825767517089844,1.3381503820419312,1.0,1.0,1.0
84,27,-5.963944435119629,4.441473007202148,0.75,1.0,1.0
84,28,-8.429967880249023,16.609739303588867,0.0,0.6666666865348816,1.0
84,29,-1.118584394454956,3.060518503189087,1.0,1.0,1.0
84,30,-10.132761001586914,158.5992431640625,0.5,0.5,0.5
84,31,-0.5603283643722534,1.3233469724655151,1.0,1.0,1.0
84,32,-5.0579118728637695,12.540406227111816,0.5,1.0,1.0
84,33,-1.4415005445480347,2.0559751987457275,1.0,1.0,1.0
84,34,-1.3385907411575317,3.8136653900146484,1.0,1.0,1.0
84,35,-4.181471347808838,8.090865135192871,0.5,1.0,1.0
84,36,-5.258061408996582,3.7229459285736084,0.75,1.0,1.0
84,37,-4.465061664581299,4.429797172546387,0.6666666865348816,0.6666666865348816,1.0
84,38,-12.17204761505127,20.96830177307129,0.25,0.5,1.0
84,39,-2.741899251937866,3.939089298248291,0.5,1.0,1.0
84,40,-16.223167419433594,223.1228485107422,0.0,0.3333333432674408,0.6666666865348816
84,41,-10.037790298461914,5.327942371368408,0.6666666865348816,0.8333333730697632,1.0
84,42,-7.4261651039123535,40.97993469238281,0.5,0.5,1.0
84,43,-4.8044843673706055,2.614039897918701,0.800000011920929,1.0,1.0
84,44,-7.904748916625977,52.05883026123047,0.0,0.5,1.0
84,45,-6.352945327758789,23.962081909179688,0.5,0.5,1.0
84,46,-19.166419982910156,10.97700309753418,0.5,0.625,1.0
84,47,-22.804792404174805,44.73689651489258,0.5,0.8333333730697632,0.8333333730697632
84,48,-4.994071006774902,147.5358123779297,0.0,0.0,1.0
84,49,-8.576995849609375,72.85694885253906,0.0,0.5,1.0
84,50,-5.060733318328857,12.558109283447266,0.5,1.0,1.0
84,51,-0.2734735310077667,1.1465263366699219,1.0,1.0,1.0
84,52,-3.8650264739990234,3.6267688274383545,0.6666666865348816,1.0,1.0
84,53,-23.330659866333008,28.020919799804688,0.1428571492433548,0.7142857313156128,1.0
84,54,-8.733025550842285,18.375322341918945,0.3333333432674408,0.6666666865348816,1.0
84,55,-10.092416763305664,155.4320068359375,0.5,0.5,1.0
84,56,-16.854995727539062,29.107595443725586,0.4000000059604645,0.6000000238418579,0.800000011920929
84,57,-1.7850180864334106,5.95968770980835,1.0,1.0,1.0
84,58,-10.902256965637207,4.746774196624756,0.5714285969734192,1.0,1.0
84,59,-5.487619400024414,15.546097755432129,0.0,1.0,1.0
84,60,-1.398443579673767,1.2211312055587769,1.0,1.0,1.0
84,61,-7.5626935958862305,43.875091552734375,0.5,0.5,1.0
84,62,-4.3478264808654785,77.31024169921875,0.0,1.0,1.0
84,63,-8.676924705505371,8.75155258178711,0.5,0.75,1.0
84,64,-0.6305633187294006,1.8786685466766357,1.0,1.0,1.0
84,65,-4.724075794219971,10.612556457519531,0.0,1.0,1.0
84,66,-6.9028401374816895,3.9771599769592285,0.800000011920929,1.0,1.0
84,67,-11.217775344848633,9.42678451538086,0.800000011920929,0.800000011920929,0.800000011920929
84,68,-39.718902587890625,53.08477783203125,0.20000000298023224,0.699999988079071,0.800000011920929
84,69,-20.026123046875,28.15393829345703,0.3333333432674408,0.6666666865348816,0.8333333730697632
84,70,-12.377107620239258,22.071271896362305,0.5,0.5,1.0
84,71,-7.035228729248047,33.70392608642578,0.5,0.5,1.0
84,72,-4.023879528045654,2.734558343887329,0.5,1.0,1.0
84,73,-7.43543815612793,1695.000244140625,0.0,0.0,1.0
84,74,-15.804234504699707,51.990379333496094,0.5,0.75,0.75
84,75,-2.047934055328369,2.7842180728912354,1.0,1.0,1.0
84,76,-1.763878345489502,1.8003110885620117,0.6666666865348816,1.0,1.0
84,77,-2.6975150108337402,1.5676627159118652,1.0,1.0,1.0
84,78,-12.978669166564941,25.653173446655273,0.75,0.75,0.75
84,79,-4.480350971221924,3.0651230812072754,0.75,1.0,1.0
84,80,-6.113086700439453,7.672908306121826,0.6666666865348816,0.6666666865348816,1.0
84,81,-6.367109298706055,2.216409683227539,0.75,1.0,1.0
84,82,-11.122873306274414,40.75687026977539,0.3333333432674408,0.6666666865348816,0.6666666865348816
84,83,-3.7258806228637695,41.50777053833008,0.0,1.0,1.0
84,84,-12.055994987487793,11.147319793701172,0.4000000059604645,0.6000000238418579,1.0
84,85,-2.77522611618042,4.005278587341309,0.0,1.0,1.0
84,86,-26.2487735748291,13.80288314819336,0.6000000238418579,0.699999988079071,0.9000000357627869
84,87,-10.64875602722168,4.577947616577148,0.5714285969734192,0.8571429252624512,1.0
84,88,-3.64798641204834,6.1965532302856445,0.5,1.0,1.0
84,89,-39.59780502319336,2750.563232421875,0.20000000298023224,0.20000000298023224,0.6000000238418579
84,90,-10.705434799194336,5.955047607421875,0.5,1.0,1.0
84,91,-0.7635243535041809,1.464863657951355,1.0,1.0,1.0
84,92,-23.462322235107422,49.91826629638672,0.5,0.6666666865348816,0.8333333730697632
84,93,-1.8067247867584229,1.8262078762054443,0.6666666865348816,1.0,1.0
84,94,-12.217153549194336,21.20608901977539,0.25,0.75,1.0
84,95,-4.522895812988281,9.596975326538086,0.5,1.0,1.0
84,96,-8.970076560974121,9.417024612426758,0.5,0.75,1.0
84,97,-9.54915714263916,10.883951187133789,0.5,0.75,1.0
84,98,-21.2982177734375,8.41336727142334,0.4000000059604645,0.699999988079071,1.0
84,99,-8.020983695983887,14.492934226989746,0.3333333432674408,1.0,1.0
84,100,-6.789065361022949,29.800724029541016,0.0,1.0,1.0
84,101,-7.057916641235352,5.838530540466309,0.25,1.0,1.0
84,102,-1.8686213493347168,2.5454580783843994,1.0,1.0,1.0
84,103,-0.34777164459228516,1.1899197101593018,1.0,1.0,1.0
84,104,-4.013120174407959,1.9519977569580078,0.8333333730697632,1.0,1.0
84,105,-9.868890762329102,26.832937240600586,0.3333333432674408,0.3333333432674408,1.0
84,106,-4.364209175109863,8.864943504333496,0.5,0.5,1.0
84,107,-12.09317684173584,422.6685791015625,0.5,0.5,0.5
84,108,-6.7015252113342285,28.52448081970215,0.5,0.5,1.0
84,109,-35.021514892578125,48.973506927490234,0.4444444477558136,0.5555555820465088,0.7777777910232544
84,110,-9.810070037841797,134.96763610839844,0.5,0.5,0.5
84,111,-14.5098295211792,18.209909439086914,0.4000000059604645,0.800000011920929,1.0
84,112,-2.2032272815704346,2.0842502117156982,0.6666666865348816,1.0,1.0
84,113,-1.8266578912734985,1.8383821249008179,0.6666666865348816,1.0,1.0
84,114,-3.393488645553589,29.76962661743164,0.0,1.0,1.0
84,115,-11.818480491638184,368.4261474609375,0.0,0.5,0.5
84,116,-2.559373140335083,3.5955123901367188,0.5,1.0,1.0
84,117,-10.642145156860352,2.267383337020874,0.8461538553237915,0.9230769872665405,1.0
84,118,-9.180312156677246,98.50980377197266,0.5,0.5,0.5
84,119,-2.707059860229492,3.871066093444824,0.5,1.0,1.0
84,120,-21.062198638916016,13.912321090698242,0.625,0.75,0.875
84,121,-20.10918426513672,28.546398162841797,0.3333333432674408,0.6666666865348816,1.0
84,122,-7.647763729095459,3.5773680210113525,0.6666666865348816,1.0,1.0
84,123,-16.640037536621094,64.0721206665039,0.5,0.75,0.75
84,124,-10.989200592041016,9.005541801452637,0.6000000238418579,0.6000000238418579,1.0
84,125,-9.418466567993164,10.534090042114258,0.5,0.75,1.0
84,126,-15.928617477416992,53.63245391845703,0.5,0.75,0.75
84,127,-2.9453811645507812,2.6692399978637695,0.6666666865348816,1.0,1.0
84,128,-11.994355201721191,20.057212829589844,0.5,0.5,1.0
84,129,-2.9665884971618652,19.425535202026367,0.0,1.0,1.0
84,130,-11.933216094970703,53.39614486694336,0.6666666865348816,0.6666666865348816,0.6666666865348816
84,131,-9.362720489501953,6.504824161529541,0.6000000238418579,0.800000011920929,1.0
84,132,-2.2268030643463135,9.270182609558105,0.0,1.0,1.0
84,133,-3.245420455932617,5.066803932189941,0.5,1.0,1.0
84,134,-12.535582542419434,527.3114013671875,0.0,0.0,1.0
84,135,-1.4930394887924194,1.6449004411697388,0.6666666865348816,1.0,1.0
84,136,-6.2659196853637695,22.941783905029297,0.5,1.0,1.0
84,137,-13.686583518981934,937.5703125,0.5,0.5,0.5
84,138,-5.99561071395874,7.37825345993042,0.6666666865348816,0.6666666865348816,1.0
84,139,-5.496347427368164,3.0019724369049072,0.6000000238418579,1.0,1.0
84,140,-6.563194751739502,8.914966583251953,0.3333333432674408,1.0,1.0
84,141,-10.367023468017578,13.353198051452637,0.25,1.0,1.0
84,142,-15.160530090332031,20.74086570739746,0.20000000298023224,0.800000011920929,0.800000011920929
84,143,-11.952573776245117,393.97479248046875,0.0,0.5,1.0
84,144,-17.49120330810547,79.26533508300781,0.5,0.75,0.75
84,145,-20.658905029296875,7.8923234939575195,0.5,0.800000011920929,1.0
84,146,-12.138833999633789,57.18422317504883,0.0,0.6666666865348816,1.0
84,147,-2.3424243927001953,3.225900888442993,0.5,1.0,1.0
84,148,-10.322465896606445,174.3793182373047,0.5,0.5,0.5
85,0,-9.566476821899414,119.49068450927734,0.5,0.5,0.5
85,1,-11.39004135131836,4.152685165405273,0.75,0.875,1.0
85,2,-10.698582649230957,210.4591064453125,0.5,0.5,0.5
85,3,-5.277143955230713,195.80982971191406,0.0,1.0,1.0
85,4,-13.24077320098877,750.2350463867188,0.5,0.5,0.5
85,5,-0.4412806034088135,1.2468748092651367,1.0,1.0,1.0
85,6,-0.3926650285720825,1.1398404836654663,1.0,1.0,1.0
85,7,-4.703670501708984,10.504831314086914,0.5,0.5,1.0
85,8,-12.772642135620117,12.86523151397705,0.6000000238418579,0.800000011920929,0.800000011920929
85,9,-0.050923507660627365,1.02578866481781,1.0,1.0,1.0
85,10,-14.445502281188965,123.36746978759766,0.6666666865348816,0.6666666865348816,0.6666666865348816
85,11,-10.22640609741211,30.229007720947266,0.0,0.6666666865348816,1.0
85,12,-0.9917563199996948,1.6419395208358765,1.0,1.0,1.0
85,13,-11.474104881286621,310.1488952636719,0.5,0.5,1.0
85,14,-3.553656578063965,3.2692224979400635,0.3333333432674408,1.0,1.0
85,15,-6.777766227722168,5.443605422973633,0.75,0.75,1.0
85,16,-5.3202104568481445,5.890869617462158,0.6666666865348816,0.6666666865348816,1.0
85,17,-4.791965007781982,4.939784049987793,0.6666666865348816,1.0,1.0
85,18,-3.3259239196777344,2.296717643737793,0.5,1.0,1.0
85,19,-8.214008331298828,3.931422472000122,0.6666666865348816,0.8333333730697632,1.0
85,20,-3.3754770755767822,2.3253469467163086,0.75,1.0,1.0
85,21,-5.665638446807861,6.609752178192139,0.3333333432674408,0.6666666865348816,1.0
85,22,-6.623639106750488,27.434999465942383,0.5,0.5,1.0
85,23,-12.463953018188477,7.983090400695801,0.5,0.8333333730697632,1.0
85,24,-1.9798704385757446,7.241804599761963,0.0,1.0,1.0
85,25,-30.477317810058594,6.718281269073486,0.375,0.875,1.0
85,26,-0.5763794779777527,1.334010362625122,1.0,1.0,1.0
85,27,-6.0276007652282715,4.512720584869385,0.75,1.0,1.0
85,28,-8.376030921936035,16.31378173828125,0.0,0.6666666865348816,1.0
85,29,-1.1873263120651245,3.2783043384552,1.0,1.0,1.0
85,30,-10.026153564453125,150.36666870117188,0.5,0.5,0.5
85,31,-0.5566560626029968,1.3209195137023926,1.0,1.0,1.0
85,32,-5.071532249450684,12.626100540161133,0.5,1.0,1.0
85,33,-1.3941044807434082,2.0078253746032715,1.0,1.0,1.0
85,34,-1.3490052223205566,3.853590250015259,1.0,1.0,1.0
85,35,-4.195262432098389,8.146848678588867,0.5,0.5,1.0
85,36,-5.322546482086182,3.7834510803222656,0.75,0.75,1.0
85,37,-4.441997051239014,4.395870685577393,0.6666666865348816,0.6666666865348816,1.0
85,38,-12.198576927185059,21.107833862304688,0.25,0.5,1.0
85,39,-2.7242355346679688,3.9044530391693115,0.5,1.0,1.0
85,40,-16.425935745239258,238.72488403320312,0.0,0.3333333432674408,0.6666666865348816
85,41,-10.07242488861084,5.358786106109619,0.6666666865348816,0.8333333730697632,1.0
85,42,-7.496626853942871,42.449424743652344,0.5,0.5,1.0
85,43,-4.808060169219971,2.615910053253174,0.800000011920929,1.0,1.0
85,44,-7.918187141418457,52.40979766845703,0.0,0.5,1.0
85,45,-6.370200157165527,24.169708251953125,0.5,0.5,1.0
85,46,-19.162555694580078,10.971702575683594,0.5,0.625,1.0
85,47,-22.763885498046875,44.432926177978516,0.5,0.8333333730697632,0.8333333730697632
85,48,-4.969785690307617,143.99603271484375,0.0,0.0,1.0
85,49,-8.590599060058594,73.35418701171875,0.0,0.5,1.0
85,50,-5.101926326751709,12.819445610046387,0.5,1.0,1.0
85,51,-0.26544129848480225,1.1419309377670288,1.0,1.0,1.0
85,52,-3.9114952087402344,3.6833832263946533,0.6666666865348816,1.0,1.0
85,53,-22.96377182006836,26.59009552001953,0.2857142984867096,0.7142857313156128,1.0
85,54,-8.758272171020508,18.53061294555664,0.3333333432674408,0.6666666865348816,1.0
85,55,-10.038671493530273,151.31076049804688,0.5,0.5,1.0
85,56,-16.77358055114746,28.63747215270996,0.4000000059604645,0.6000000238418579,0.800000011920929
85,57,-1.7802577018737793,5.931384563446045,1.0,1.0,1.0
85,58,-10.947402000427246,4.777486324310303,0.5714285969734192,1.0,1.0
85,59,-5.507384300231934,15.700493812561035,0.0,1.0,1.0
85,60,-1.4076426029205322,1.2227369546890259,1.0,1.0,1.0
85,61,-7.555421829223633,43.71585464477539,0.5,0.5,1.0
85,62,-4.385499954223633,80.27835083007812,0.0,1.0,1.0
85,63,-8.7344970703125,8.878425598144531,0.5,0.75,1.0
85,64,-0.6232242584228516,1.864931344985962,1.0,1.0,1.0
85,65,-4.6997151374816895,10.484075546264648,0.0,1.0,1.0
85,66,-6.9303083419799805,3.9990692138671875,0.800000011920929,1.0,1.0
85,67,-11.285544395446777,9.555423736572266,0.800000011920929,0.800000011920929,0.800000011920929
85,68,-39.88929748535156,53.997066497802734,0.20000000298023224,0.699999988079071,0.800000011920929
85,69,-20.09593391418457,28.48342514038086,0.3333333432674408,0.6666666865348816,0.8333333730697632
85,70,-12.39407730102539,22.16510772705078,0.5,0.5,1.0
85,71,-7.0604166984558105,34.13107681274414,0.5,0.5,1.0
85,72,-3.9878604412078857,2.7100446224212646,0.5,1.0,1.0
85,73,-7.450321674346924,1720.4163818359375,0.0,0.0,1.0
85,74,-15.875386238098145,52.9234504699707,0.5,0.75,0.75
85,75,-2.024116039276123,2.7512571811676025,1.0,1.0,1.0
85,76,-1.7128589153289795,1.7699528932571411,0.6666666865348816,1.0,1.0
85,77,-2.655158519744873,1.5566350221633911,1.0,1.0,1.0
85,78,-12.888136863708496,25.079082489013672,0.75,0.75,0.75
85,79,-4.475379467010498,3.0613157749176025,0.75,1.0,1.0
85,80,-6.097929000854492,7.634237289428711,0.6666666865348816,0.6666666865348816,1.0
85,81,-6.437689781188965,2.236050605773926,0.75,1.0,1.0
85,82,-11.178794860839844,41.52372360229492,0.3333333432674408,0.6666666865348816,0.6666666865348816
85,83,-3.7632603645324707,43.08868408203125,0.0,1.0,1.0
85,84,-12.02187728881836,11.071515083312988,0.4000000059604645,0.6000000238418579,1.0
85,85,-2.7453866004943848,3.9459640979766846,0.0,1.0,1.0
85,86,-26.330766677856445,13.916521072387695,0.6000000238418579,0.699999988079071,0.9000000357627869
85,87,-10.67806625366211,4.597157001495361,0.5714285969734192,0.8571429252624512,1.0
85,88,-3.673421859741211,6.275862693786621,0.5,1.0,1.0
85,89,-39.52080154418945,2708.52783203125,0.20000000298023224,0.20000000298023224,0.6000000238418579
85,90,-10.841992378234863,6.092136383056641,0.5,1.0,1.0
85,91,-0.7827547788619995,1.4790165424346924,1.0,1.0,1.0
85,92,-23.413524627685547,49.51393508911133,0.6666666865348816,0.6666666865348816,0.8333333730697632
85,93,-1.9082893133163452,1.8890923261642456,0.6666666865348816,1.0,1.0
85,94,-12.200979232788086,21.120513916015625,0.25,0.75,1.0
85,95,-4.617863655090332,10.063669204711914,0.5,1.0,1.0
85,96,-9.013580322265625,9.520002365112305,0.5,0.75,1.0
85,97,-9.730557441711426,11.38890266418457,0.5,0.75,1.0
85,98,-21.24219512939453,8.366364479064941,0.4000000059604645,0.800000011920929,1.0
85,99,-8.11050796508789,14.931941986083984,0.3333333432674408,1.0,1.0
85,100,-6.834595680236816,30.486921310424805,0.0,1.0,1.0
85,101,-7.058890342712402,5.839951992034912,0.25,1.0,1.0
85,102,-1.886648416519165,2.5685055255889893,1.0,1.0,1.0
85,103,-0.3471534550189972,1.1895519495010376,1.0,1.0,1.0
85,104,-4.032773017883301,1.9584020376205444,0.8333333730697632,1.0,1.0
85,105,-9.914484024047852,27.243854522705078,0.3333333432674408,0.6666666865348816,1.0
85,106,-4.418868064880371,9.11055850982666,0.5,0.5,1.0
85,107,-12.033509254455566,410.24505615234375,0.5,0.5,0.5
85,108,-6.758401393890381,29.347305297851562,0.5,0.5,1.0
85,109,-35.00426483154297,48.87973403930664,0.4444444477558136,0.5555555820465088,0.7777777910232544
85,110,-9.752761840820312,131.15513610839844,0.5,0.5,0.5
85,111,-14.459297180175781,18.02680015563965,0.4000000059604645,0.800000011920929,1.0
85,112,-2.2265708446502686,2.1005311012268066,0.6666666865348816,1.0,1.0
85,113,-1.8029628992080688,1.8239192962646484,0.6666666865348816,1.0,1.0
85,114,-3.346292495727539,28.397254943847656,0.0,1.0,1.0
85,115,-11.846253395080566,373.57794189453125,0.0,0.5,0.5
85,116,-2.5960426330566406,3.662043333053589,0.5,1.0,1.0
85,117,-10.69104290008545,2.275928020477295,0.8461538553237915,0.9230769872665405,1.0
85,118,-9.144606590270996,96.76673126220703,0.5,0.5,0.5
85,119,-2.706329345703125,3.869652271270752,0.5,1.0,1.0
85,120,-21.10863494873047,13.99330997467041,0.625,0.75,0.875
85,121,-20.19162368774414,28.941328048706055,0.3333333432674408,0.6666666865348816,1.0
85,122,-7.343295574188232,3.4003641605377197,0.6666666865348816,1.0,1.0
85,123,-16.642717361450195,64.11506652832031,0.5,0.75,0.75
85,124,-11.03649616241455,9.091130256652832,0.6000000238418579,0.6000000238418579,1.0
85,125,-9.470457077026367,10.67190170288086,0.5,0.75,1.0
85,126,-16.080751419067383,55.711570739746094,0.5,0.75,0.75
85,127,-2.9715375900268555,2.6926143169403076,0.6666666865348816,1.0,1.0
85,128,-12.070915222167969,20.444805145263672,0.5,0.5,1.0
85,129,-2.978097915649414,19.65040397644043,0.0,1.0,1.0
85,130,-11.881120681762695,52.4769287109375,0.6666666865348816,0.6666666865348816,0.6666666865348816
85,131,-9.373716354370117,6.5191450119018555,0.6000000238418579,1.0,1.0
85,132,-2.220977544784546,9.216336250305176,0.0,1.0,1.0
85,133,-3.277230978012085,5.148036956787109,0.5,1.0,1.0
85,134,-12.52668571472168,524.9708862304688,0.0,0.0,1.0
85,135,-1.5074021816253662,1.652794361114502,0.6666666865348816,1.0,1.0
85,136,-6.28670072555542,23.1814022064209,0.5,1.0,1.0
85,137,-13.624229431152344,908.7905883789062,0.5,0.5,0.5
85,138,-5.9383955001831055,7.238870143890381,0.6666666865348816,0.6666666865348816,1.0
85,139,-5.50701379776001,3.008383274078369,0.6000000238418579,1.0,1.0
85,140,-6.564711570739746,8.919475555419922,0.3333333432674408,1.0,1.0
85,141,-10.315620422363281,13.182696342468262,0.25,1.0,1.0
85,142,-15.1867094039917,20.849748611450195,0.20000000298023224,0.800000011920929,0.800000011920929
85,143,-11.965932846069336,396.61517333984375,0.0,0.5,1.0
85,144,-17.410959243774414,77.69103240966797,0.5,0.75,0.75
85,145,-20.844749450683594,8.040369987487793,0.5,0.800000011920929,1.0
85,146,-12.231986999511719,58.987709045410156,0.0,0.6666666865348816,1.0
85,147,-2.3141796588897705,3.180663585662842,0.5,1.0,1.0
85,148,-10.457769393920898,186.5845947265625,0.5,0.5,0.5
86,0,-9.6134033203125,122.32747650146484,0.5,0.5,0.5
86,1,-11.495061874389648,4.207559108734131,0.75,0.875,1.0
86,2,-10.660265922546387,206.46542358398438,0.5,0.5,0.5
86,3,-5.2018914222717285,181.6154327392578,0.0,1.0,1.0
86,4,-13.18162727355957,728.3732299804688,0.5,0.5,0.5
86,5,-0.4471495449542999,1.2505391836166382,1.0,1.0,1.0
86,6,-0.4086083173751831,1.1459141969680786,1.0,1.0,1.0
86,7,-4.739550590515137,10.694989204406738,0.5,0.5,1.0
86,8,-12.810750007629395,12.96366024017334,0.6000000238418579,0.800000011920929,0.800000011920929
86,9,-0.05043651908636093,1.0255389213562012,1.0,1.0,1.0
86,10,-14.424312591552734,122.4991455078125,0.6666666865348816,0.6666666865348816,0.6666666865348816
86,11,-10.190044403076172,29.864830017089844,0.0,0.6666666865348816,1.0
86,12,-0.9770159721374512,1.629882574081421,1.0,1.0,1.0
86,13,-11.434921264648438,304.13165283203125,0.5,0.5,1.0
86,14,-3.5347537994384766,3.248688220977783,0.3333333432674408,1.0,1.0
86,15,-6.789616584777832,5.459755897521973,0.75,0.75,1.0
86,16,-5.372047424316406,5.993541717529297,0.6666666865348816,0.6666666865348816,1.0
86,17,-4.857305526733398,5.048554420471191,0.6666666865348816,1.0,1.0
86,18,-3.3483469486236572,2.309628486633301,0.5,1.0,1.0
86,19,-8.266424179077148,3.9659178256988525,0.6666666865348816,0.8333333730697632,1.0
86,20,-3.318258762359619,2.292320728302002,0.75,1.0,1.0
86,21,-5.673984527587891,6.628166675567627,0.3333333432674408,0.6666666865348816,1.0
86,22,-6.672452926635742,28.11284065246582,0.5,0.5,1.0
86,23,-12.422933578491211,7.928699016571045,0.5,0.8333333730697632,1.0
86,24,-1.9881153106689453,7.301759243011475,0.0,1.0,1.0
86,25,-30.45721435546875,6.709845542907715,0.375,0.9375,1.0
86,26,-0.5898004770278931,1.3429924249649048,1.0,1.0,1.0
86,27,-6.008036136627197,4.490702152252197,0.75,1.0,1.0
86,28,-8.428487777709961,16.601547241210938,0.0,0.6666666865348816,1.0
86,29,-1.1425306797027588,3.1346912384033203,1.0,1.0,1.0
86,30,-10.07505989074707,154.08892822265625,0.5,0.5,0.5
86,31,-0.5641305446624756,1.3258652687072754,1.0,1.0,1.0
86,32,-5.051804065704346,12.502166748046875,0.5,1.0,1.0
86,33,-1.407243013381958,2.0210587978363037,1.0,1.0,1.0
86,34,-1.346554160118103,3.844156503677368,1.0,1.0,1.0
86,35,-4.190462112426758,8.127318382263184,0.5,0.5,1.0
86,36,-5.299393653869629,3.761615037918091,0.75,1.0,1.0
86,37,-4.422479629516602,4.367364883422852,0.6666666865348816,0.6666666865348816,1.0
86,38,-12.191375732421875,21.069868087768555,0.25,0.5,1.0
86,39,-2.7281746864318848,3.9121510982513428,0.5,1.0,1.0
86,40,-16.37186050415039,234.46043395996094,0.0,0.3333333432674408,0.6666666865348816
86,41,-10.472031593322754,5.727840900421143,0.6666666865348816,0.8333333730697632,1.0
86,42,-7.4246015548706055,40.94791030883789,0.5,0.5,1.0
86,43,-4.870344161987305,2.6486995220184326,0.800000011920929,1.0,1.0
86,44,-7.952506065368652,53.3168830871582,0.0,0.5,1.0
86,45,-6.3390703201293945,23.79642105102539,0.5,0.5,1.0
86,46,-19.161775588989258,10.970632553100586,0.5,0.625,1.0
86,47,-22.65001678466797,43.597625732421875,0.5,0.8333333730697632,0.8333333730697632
86,48,-4.97581672668457,144.86708068847656,0.0,0.0,1.0
86,49,-8.57840347290039,72.90824127197266,0.0,0.5,1.0
86,50,-5.139764308929443,13.064285278320312,0.5,1.0,1.0
86,51,-0.254910409450531,1.1359339952468872,1.0,1.0,1.0
86,52,-3.8734164237976074,3.63692569732666,0.6666666865348816,1.0,1.0
86,53,-23.290773391723633,27.861711502075195,0.2857142984867096,0.7142857313156128,1.0
86,54,-8.750144958496094,18.480478286743164,0.3333333432674408,0.6666666865348816,1.0
86,55,-10.36508846282959,178.1354522705078,0.5,0.5,0.5
86,56,-16.87146759033203,29.203645706176758,0.4000000059604645,0.6000000238418579,0.800000011920929
86,57,-1.7621358633041382,5.824865341186523,1.0,1.0,1.0
86,58,-10.888487815856934,4.737446308135986,0.5714285969734192,1.0,1.0
86,59,-5.4171833992004395,15.008125305175781,0.0,1.0,1.0
86,60,-1.4244968891143799,1.225684642791748,1.0,1.0,1.0
86,61,-7.564528465270996,43.91536331176758,0.5,0.5,1.0
86,62,-4.386756420135498,80.37928009033203,0.0,1.0,1.0
86,63,-8.729649543762207,8.86767292022705,0.5,0.75,1.0
86,64,-0.590594470500946,1.8050612211227417,1.0,1.0,1.0
86,65,-4.735790252685547,10.67490005493164,0.0,1.0,1.0
86,66,-6.873931884765625,3.9542319774627686,0.800000011920929,1.0,1.0
86,67,-11.247769355773926,9.483504295349121,0.800000011920929,0.800000011920929,0.800000011920929
86,68,-39.699180603027344,52.980186462402344,0.20000000298023224,0.699999988079071,0.800000011920929
86,69,-20.17402458190918,28.85655975341797,0.3333333432674408,0.6666666865348816,0.8333333730697632
86,70,-12.312150955200195,21.715747833251953,0.5,0.5,1.0
86,71,-7.0274434089660645,33.57298278808594,0.5,0.5,1.0
86,72,-4.014155387878418,2.7279186248779297,0.5,1.0,1.0
86,73,-7.3954267501831055,1628.519775390625,0.0,0.0,1.0
86,74,-15.78039264678955,51.68141174316406,0.5,0.75,0.75
86,75,-2.034658908843994,2.765798568725586,1.0,1.0,1.0
86,76,-1.7365590333938599,1.7839909791946411,0.6666666865348816,1.0,1.0
86,77,-2.698265552520752,1.5678589344024658,1.0,1.0,1.0
86,78,-12.885706901550293,25.063852310180664,0.75,0.75,0.75
86,79,-4.490634918212891,3.0730137825012207,0.75,1.0,1.0
86,80,-6.126647472381592,7.707669734954834,0.6666666865348816,0.6666666865348816,1.0
86,81,-6.401526927947998,2.225965738296509,0.75,1.0,1.0
86,82,-11.11819076538086,40.693302154541016,0.3333333432674408,0.6666666865348816,0.6666666865348816
86,83,-3.684993267059326,39.844852447509766,0.0,1.0,1.0
86,84,-12.046948432922363,11.127168655395508,0.4000000059604645,0.6000000238418579,1.0
86,85,-2.8268206119537354,4.109947681427002,0.0,1.0,1.0
86,86,-26.346742630004883,13.938773155212402,0.6000000238418579,0.699999988079071,0.9000000357627869
86,87,-10.639244079589844,4.571731090545654,0.5714285969734192,0.8571429252624512,1.0
86,88,-3.6220016479492188,6.116566181182861,0.5,1.0,1.0
86,89,-39.50836181640625,2701.797119140625,0.20000000298023224,0.20000000298023224,0.6000000238418579
86,90,-10.715959548950195,5.9655022621154785,0.5,1.0,1.0
86,91,-0.7719974517822266,1.4710829257965088,1.0,1.0,1.0
86,92,-23.384294509887695,49.2733039855957,0.6666666865348816,0.6666666865348816,0.8333333730697632
86,93,-1.8193796873092651,1.8339276313781738,0.6666666865348816,1.0,1.0
86,94,-12.326440811157227,21.79346466064453,0.25,0.75,1.0
86,95,-4.4941558837890625,9.460052490234375,0.5,1.0,1.0
86,96,-8.98108959197998,9.442987442016602,0.5,0.75,1.0
86,97,-9.66443920135498,11.202195167541504,0.5,0.75,1.0
86,98,-21.35572052001953,8.461884498596191,0.4000000059604645,0.699999988079071,1.0
86,99,-8.112691879272461,14.942813873291016,0.3333333432674408,1.0,1.0
86,100,-6.881730079650879,31.213945388793945,0.0,1.0,1.0
86,101,-7.022641181945801,5.787268161773682,0.25,1.0,1.0
86,102,-1.8755605220794678,2.5543053150177,1.0,1.0,1.0
86,103,-0.3379170298576355,1.1840710639953613,1.0,1.0,1.0
86,104,-4.04594087600708,1.9627047777175903,0.8333333730697632,1.0,1.0
86,105,-9.869415283203125,26.83763313293457,0.3333333432674408,0.6666666865348816,1.0
86,106,-4.38546085357666,8.959643363952637,0.5,0.5,1.0
86,107,-12.096181869506836,423.30413818359375,0.5,0.5,0.5
86,108,-6.6981353759765625,28.476173400878906,0.5,0.5,1.0
86,109,-34.8134765625,47.85444641113281,0.4444444477558136,0.5555555820465088,0.7777777910232544
86,110,-9.817290306091309,135.4557647705078,0.5,0.5,0.5
86,111,-14.498483657836914,18.168636322021484,0.4000000059604645,0.800000011920929,1.0
86,112,-2.215938091278076,2.093099594116211,0.6666666865348816,1.0,1.0
86,113,-1.778409481048584,1.8090523481369019,0.6666666865348816,1.0,1.0
86,114,-3.3402881622314453,28.22726058959961,0.0,1.0,1.0
86,115,-11.83736515045166,371.9214172363281,0.0,0.5,0.5
86,116,-2.587094783782959,3.6456964015960693,0.5,1.0,1.0
86,117,-10.68084716796875,2.274143934249878,0.8461538553237915,0.9230769872665405,1.0
86,118,-9.125840187072754,95.86299133300781,0.5,0.5,0.5
86,119,-2.7593467235565186,3.9736034870147705,0.5,1.0,1.0
86,120,-21.271804809570312,14.281652450561523,0.625,0.75,0.875
86,121,-20.144058227539062,28.712797164916992,0.3333333432674408,0.6666666865348816,1.0
86,122,-7.430213451385498,3.449981451034546,0.6666666865348816,1.0,1.0
86,123,-16.64191246032715,64.10216522216797,0.5,0.75,0.75
86,124,-11.013357162475586,9.049156188964844,0.6000000238418579,0.6000000238418579,1.0
86,125,-9.499974250793457,10.750944137573242,0.5,0.75,1.0
86,126,-16.128705978393555,56.38349533081055,0.5,0.75,0.75
86,127,-2.920454502105713,2.647153377532959,0.6666666865348816,1.0,1.0
86,128,-12.066488265991211,20.422191619873047,0.5,0.5,1.0
86,129,-3.022193431854248,20.536287307739258,0.0,1.0,1.0
86,130,-11.945788383483887,53.620399475097656,0.6666666865348816,0.6666666865348816,0.6666666865348816
86,131,-9.38540267944336,6.53439998626709,0.6000000238418579,1.0,1.0
86,132,-2.2479143142700195,9.467967987060547,0.0,1.0,1.0
86,133,-3.219345808029175,5.0011749267578125,0.5,1.0,1.0
86,134,-12.5093994140625,520.4530639648438,0.0,0.0,1.0
86,135,-1.489639401435852,1.64303719997406,0.6666666865348816,1.0,1.0
86,136,-6.277769088745117,23.078109741210938,0.5,1.0,1.0
86,137,-13.561623573303223,880.7833862304688,0.5,0.5,0.5
86,138,-5.965931415557861,7.305619239807129,0.6666666865348816,0.6666666865348816,1.0
86,139,-5.493145942687988,3.0000507831573486,0.6000000238418579,1.0,1.0
86,140,-6.593456268310547,9.005349159240723,0.3333333432674408,1.0,1.0
86,141,-10.280403137207031,13.06714153289795,0.25,1.0,1.0
86,142,-15.166359901428223,20.765066146850586,0.20000000298023224,0.800000011920929,0.800000011920929
86,143,-11.956792831420898,394.8067626953125,0.0,0.5,1.0
86,144,-17.422462463378906,77.91477966308594,0.5,0.75,0.75
86,145,-20.819780349731445,8.020318031311035,0.5,0.800000011920929,1.0
86,146,-12.212394714355469,58.60373306274414,0.0,0.6666666865348816,1.0
86,147,-2.2709202766418457,3.112605571746826,0.5,1.0,1.0
86,148,-10.37761116027832,179.2543182373047,0.5,0.5,0.5
87,0,-9.588139533996582,120.7919692993164,0.5,0.5,0.5
87,1,-11.247539520263672,4.07936954498291,0.75,0.875,1.0
87,2,-10.653726577758789,205.7914581298828,0.5,0.5,0.5
87,3,-5.233670234680176,187.47962951660156,0.0,1.0,1.0
87,4,-13.217411041259766,741.5225219726562,0.5,0.5,0.5
87,5,-0.4256739318370819,1.2371829748153687,1.0,1.0,1.0
87,6,-0.39325079321861267,1.1400630474090576,1.0,1.0,1.0
87,7,-4.693104267120361,10.449479103088379,0.5,0.5,1.0
87,8,-12.64706802368164,12.546147346496582,0.6000000238418579,0.800000011920929,0.800000011920929
87,9,-0.04917635768651962,1.024893045425415,1.0,1.0,1.0
87,10,-14.412981033325195,122.03733825683594,0.6666666865348816,0.6666666865348816,0.6666666865348816
87,11,-10.272862434387207,30.700763702392578,0.0,0.6666666865348816,1.0
87,12,-0.9977552890777588,1.64687180519104,1.0,1.0,1.0
87,13,-11.434773445129395,304.1091613769531,0.5,0.5,1.0
87,14,-3.5596766471862793,3.275789260864258,0.3333333432674408,1.0,1.0
87,15,-6.768563270568848,5.431095123291016,0.75,0.75,1.0
87,16,-5.381861209869385,6.013180255889893,0.6666666865348816,0.6666666865348816,1.0
87,17,-4.864589214324951,5.060825824737549,0.6666666865348816,1.0,1.0
87,18,-3.3334813117980957,2.3010611534118652,0.5,1.0,1.0
87,19,-8.185832977294922,3.9130043983459473,0.6666666865348816,0.8333333730697632,1.0
87,20,-3.3212199211120605,2.294018268585205,0.75,1.0,1.0
87,21,-5.650285720825195,6.57601261138916,0.3333333432674408,0.6666666865348816,1.0
87,22,-6.649699687957764,27.794824600219727,0.5,0.5,1.0
87,23,-12.440515518188477,7.951967239379883,0.5,0.8333333730697632,1.0
87,24,-2.0442986488342285,7.7237396240234375,0.0,1.0,1.0
87,25,-30.72768783569336,6.824236869812012,0.375,0.875,1.0
87,26,-0.5944528579711914,1.3461201190948486,1.0,1.0,1.0
87,27,-6.017781734466553,4.501656532287598,0.75,1.0,1.0
87,28,-8.434825897216797,16.63665771484375,0.0,0.6666666865348816,1.0
87,29,-1.1644244194030762,3.204077959060669,1.0,1.0,1.0
87,30,-10.014580726623535,149.4990997314453,0.5,0.5,0.5
87,31,-0.5543871521949768,1.3194218873977661,1.0,1.0,1.0
87,32,-5.064172744750977,12.57972526550293,0.5,1.0,1.0
87,33,-1.4185620546340942,2.032529354095459,1.0,1.0,1.0
87,34,-1.3587466478347778,3.891313076019287,1.0,1.0,1.0
87,35,-4.1899614334106445,8.125284194946289,0.5,0.5,1.0
87,36,-5.262545585632324,3.7271218299865723,0.75,1.0,1.0
87,37,-4.472914218902588,4.441408157348633,0.6666666865348816,0.6666666865348816,1.0
87,38,-12.201151847839355,21.12142562866211,0.25,0.5,1.0
87,39,-2.7439143657684326,3.9430603981018066,0.5,1.0,1.0
87,40,-16.285114288330078,227.7779998779297,0.0,0.3333333432674408,0.6666666865348816
87,41,-10.42501163482666,5.68312931060791,0.6666666865348816,0.8333333730697632,1.0
87,42,-7.499120235443115,42.50238037109375,0.5,0.5,1.0
87,43,-4.754431247711182,2.5880022048950195,0.800000011920929,1.0,1.0
87,44,-7.99527645111084,54.46935272216797,0.0,0.5,1.0
87,45,-6.399628162384033,24.527971267700195,0.5,0.5,1.0
87,46,-19.151283264160156,10.956254005432129,0.5,0.625,1.0
87,47,-22.551393508911133,42.88686752319336,0.5,0.8333333730697632,0.8333333730697632
87,48,-5.0240349769592285,152.02346801757812,0.0,0.0,1.0
87,49,-8.618000030517578,74.3660888671875,0.0,0.5,1.0
87,50,-5.067155361175537,12.598499298095703,0.5,1.0,1.0
87,51,-0.2707812786102295,1.1449840068817139,1.0,1.0,1.0
87,52,-3.8676717281341553,3.6299681663513184,0.6666666865348816,1.0,1.0
87,53,-23.121675491333008,27.19672393798828,0.2857142984867096,0.7142857313156128,1.0
87,54,-8.702217102050781,18.187580108642578,0.3333333432674408,0.6666666865348816,1.0
87,55,-10.164133071899414,161.1066436767578,0.5,0.5,1.0
87,56,-17.064882278442383,30.3554630279541,0.4000000059604645,0.6000000238418579,0.800000011920929
87,57,-1.817004680633545,6.15339994430542,1.0,1.0,1.0
87,58,-10.950154304504395,4.779365539550781,0.5714285969734192,1.0,1.0
87,59,-5.439408779144287,15.175835609436035,0.0,1.0,1.0
87,60,-1.3887407779693604,1.2194397449493408,1.0,1.0,1.0
87,61,-7.60377311706543,44.78559494018555,0.5,0.5,1.0
87,62,-4.366462707519531,78.76451873779297,0.0,1.0,1.0
87,63,-8.752509117126465,8.918495178222656,0.5,0.75,1.0
87,64,-0.6291961669921875,1.8761018514633179,1.0,1.0,1.0
87,65,-4.706234931945801,10.518308639526367,0.0,1.0,1.0
87,66,-6.921270847320557,3.991847515106201,0.800000011920929,1.0,1.0
87,67,-11.343941688537598,9.667679786682129,0.800000011920929,0.800000011920929,0.800000011920929
87,68,-39.5010986328125,51.941078186035156,0.20000000298023224,0.699999988079071,0.800000011920929
87,69,-20.147905349731445,28.731220245361328,0.3333333432674408,0.6666666865348816,0.8333333730697632
87,70,-12.380962371826172,22.092554092407227,0.5,0.5,1.0
87,71,-7.040901184082031,33.79965591430664,0.5,0.5,1.0
87,72,-4.048365592956543,2.7513489723205566,0.5,1.0,1.0
87,73,-7.442956447601318,1707.791748046875,0.0,0.0,1.0
87,74,-15.890310287475586,53.12127685546875,0.5,0.75,0.75
87,75,-2.0430760383605957,2.77746319770813,1.0,1.0,1.0
87,76,-1.726636528968811,1.7781002521514893,0.6666666865348816,1.0,1.0
87,77,-2.6732447147369385,1.561334252357483,1.0,1.0,1.0
87,78,-13.062808990478516,26.198503494262695,0.75,0.75,0.75
87,79,-4.464540481567383,3.0530319213867188,0.75,1.0,1.0
87,80,-6.119218349456787,7.688605308532715,0.6666666865348816,0.6666666865348816,1.0
87,81,-6.569606781005859,2.2732279300689697,0.75,1.0,1.0
87,82,-11.212465286254883,41.992393493652344,0.3333333432674408,0.6666666865348816,0.6666666865348816
87,83,-3.6980676651000977,40.36922073364258,0.0,1.0,1.0
87,84,-11.926912307739258,10.863215446472168,0.4000000059604645,0.6000000238418579,1.0
87,85,-2.815802812576294,4.087368488311768,0.0,1.0,1.0
87,86,-26.322959899902344,13.905662536621094,0.6000000238418579,0.699999988079071,0.9000000357627869
87,87,-10.67990493774414,4.598364353179932,0.5714285969734192,0.8571429252624512,1.0
87,88,-3.677600622177124,6.288989067077637,0.5,1.0,1.0
87,89,-39.38206100463867,2634.404541015625,0.20000000298023224,0.20000000298023224,0.6000000238418579
87,90,-10.726729393005371,5.97622013092041,0.5,1.0,1.0
87,91,-0.7955784201622009,1.4885302782058716,1.0,1.0,1.0
87,92,-23.29785919189453,48.56856155395508,0.6666666865348816,0.6666666865348816,0.8333333730697632
87,93,-1.851073145866394,1.8534047603607178,0.6666666865348816,1.0,1.0
87,94,-12.32338809967041,21.776840209960938,0.25,0.75,1.0
87,95,-4.5885844230651855,9.917414665222168,0.5,1.0,1.0
87,96,-9.009564399719238,9.510449409484863,0.5,0.75,1.0
87,97,-9.669000625610352,11.214977264404297,0.5,0.75,1.0
87,98,-21.369890213012695,8.473885536193848,0.5,0.800000011920929,1.0
87,99,-7.998947620391846,14.38686752319336,0.3333333432674408,1.0,1.0
87,100,-6.800959587097168,29.978479385375977,0.0,1.0,1.0
87,101,-7.058294296264648,5.83908224105835,0.25,1.0,1.0
87,102,-1.8978240489959717,2.5828981399536133,1.0,1.0,1.0
87,103,-0.33616530895233154,1.1830344200134277,1.0,1.0,1.0
87,104,-4.029819488525391,1.9574382305145264,0.8333333730697632,1.0,1.0
87,105,-9.836479187011719,26.544605255126953,0.3333333432674408,0.6666666865348816,1.0
87,106,-4.4885149002075195,9.4334077835083,0.5,0.5,1.0
87,107,-12.094386100769043,422.92425537109375,0.5,0.5,0.5
87,108,-6.767375946044922,29.479290008544922,0.5,0.5,1.0
87,109,-34.972225189208984,48.706024169921875,0.4444444477558136,0.5555555820465088,0.7777777910232544
87,110,-9.743107795715332,130.52357482910156,0.5,0.5,0.5
87,111,-14.387396812438965,17.769426345825195,0.4000000059604645,0.800000011920929,1.0
87,112,-2.166210889816284,2.0586910247802734,0.6666666865348816,1.0,1.0
87,113,-1.8069876432418823,1.8263678550720215,0.6666666865348816,1.0,1.0
87,114,-3.41200590133667,30.326013565063477,0.0,1.0,1.0
87,115,-11.794072151184082,363.9571228027344,0.0,0.5,0.5
87,116,-2.5947635173797607,3.6597020626068115,0.5,1.0,1.0
87,117,-10.711786270141602,2.279562473297119,0.8461538553237915,0.9230769872665405,1.0
87,118,-9.16059398651123,97.5433578491211,0.5,0.5,0.5
87,119,-2.739461660385132,3.934291362762451,0.5,1.0,1.0
87,120,-21.168954849243164,14.099218368530273,0.625,0.75,0.875
87,121,-20.178794860839844,28.879512786865234,0.3333333432674408,0.6666666865348816,1.0
87,122,-7.629820346832275,3.566685676574707,0.6666666865348816,1.0,1.0
87,123,-16.740171432495117,65.6963119506836,0.5,0.75,0.75
87,124,-11.055269241333008,9.125328063964844,0.6000000238418579,0.6000000238418579,1.0
87,125,-9.434856414794922,10.57734203338623,0.5,0.75,1.0
87,126,-16.02444076538086,54.932777404785156,0.5,0.75,0.75
87,127,-2.9151992797851562,2.6425201892852783,0.6666666865348816,1.0,1.0
87,128,-11.942532539367676,19.799034118652344,0.5,0.5,1.0
87,129,-2.966980457305908,19.433151245117188,0.0,1.0,1.0
87,130,-11.975144386291504,54.14765548706055,0.6666666865348816,0.6666666865348816,0.6666666865348816
87,131,-9.427655220031738,6.589853286743164,0.6000000238418579,1.0,1.0
87,132,-2.220733880996704,9.214090347290039,0.0,1.0,1.0
87,133,-3.257889986038208,5.0984930992126465,0.5,1.0,1.0
87,134,-12.410873413085938,495.43524169921875,0.0,0.0,1.0
87,135,-1.4866454601287842,1.641398310661316,0.6666666865348816,1.0,1.0
87,136,-6.26118803024292,22.8875732421875,0.5,1.0,1.0
87,137,-13.711616516113281,949.379150390625,0.5,0.5,0.5
87,138,-6.019350528717041,7.43687105178833,0.6666666865348816,0.6666666865348816,1.0
87,139,-5.520856857299805,3.0167236328125,0.6000000238418579,1.0,1.0
87,140,-6.561882972717285,8.9110689163208,0.3333333432674408,1.0,1.0
87,141,-10.359991073608398,13.329741477966309,0.25,1.0,1.0
87,142,-15.161201477050781,20.743654251098633,0.20000000298023224,0.800000011920929,0.800000011920929
87,143,-11.905425071716309,384.7956848144531,0.0,0.5,1.0
87,144,-17.487337112426758,79.18875122070312,0.5,0.75,0.75
87,145,-20.90900421142578,8.092198371887207,0.5,0.800000011920929,1.0
87,146,-12.169000625610352,57.76213836669922,0.0,0.6666666865348816,1.0
87,147,-2.3473801612854004,3.2339038848876953,0.5,1.0,1.0
87,148,-10.37325668334961,178.8644561767578,0.5,0.5,0.5
88,0,-9.5979642868042,121.38680267333984,0.5,0.5,0.5
88,1,-11.45876693725586,4.188513278961182,0.75,0.875,1.0
88,2,-10.629310607910156,203.29443359375,0.5,0.5,0.5
88,3,-5.194465160369873,180.27169799804688,0.0,1.0,1.0
88,4,-13.13238525390625,710.658935546875,0.5,0.5,0.5
88,5,-0.4006657898426056,1.2218093872070312,1.0,1.0,1.0
88,6,-0.3678877651691437,1.1304652690887451,1.0,1.0,1.0
88,7,-4.73544454574585,10.673054695129395,0.5,0.5,1.0
88,8,-12.786653518676758,12.901331901550293,0.6000000238418579,0.800000011920929,0.800000011920929
88,9,-0.053595028817653656,1.0271598100662231,1.0,1.0,1.0
88,10,-14.43636703491211,122.99237823486328,0.6666666865348816,0.6666666865348816,0.6666666865348816
88,11,-10.215149879455566,30.115802764892578,0.0,0.6666666865348816,1.0
88,12,-0.9776487350463867,1.6303982734680176,1.0,1.0,1.0
88,13,-11.439129829406738,304.77227783203125,0.5,0.5,1.0
88,14,-3.569093942642212,3.286088466644287,0.3333333432674408,1.0,1.0
88,15,-6.829608917236328,5.514616966247559,0.75,0.75,1.0
88,16,-5.3885040283203125,6.026509761810303,0.6666666865348816,0.6666666865348816,1.0
88,17,-4.812488555908203,4.97369384765625,0.6666666865348816,1.0,1.0
88,18,-3.3631134033203125,2.3181707859039307,0.5,1.0,1.0
88,19,-8.246183395385742,3.952561616897583,0.6666666865348816,0.8333333730697632,1.0
88,20,-3.4399993419647217,2.3631601333618164,0.75,1.0,1.0
88,21,-5.6355814933776855,6.543859481811523,0.3333333432674408,0.6666666865348816,1.0
88,22,-6.666754722595215,28.032859802246094,0.5,0.5,1.0
88,23,-12.506996154785156,8.040565490722656,0.5,0.8333333730697632,1.0
88,24,-1.9738237857818604,7.198148250579834,0.0,1.0,1.0
88,25,-30.596967697143555,6.768710136413574,0.375,0.875,1.0
88,26,-0.5994533896446228,1.3494899272918701,1.0,1.0,1.0
88,27,-5.999935150146484,4.481616497039795,0.75,1.0,1.0
88,28,-8.420117378234863,16.55529022216797,0.0,0.6666666865348816,1.0
88,29,-1.1317477226257324,3.101071357727051,1.0,1.0,1.0
88,30,-10.083364486694336,154.73008728027344,0.5,0.5,0.5
88,31,-0.5570346713066101,1.3211694955825806,1.0,1.0,1.0
88,32,-5.063163757324219,12.573380470275879,0.5,1.0,1.0
88,33,-1.432831048965454,2.0470824241638184,1.0,1.0,1.0
88,34,-1.3254435062408447,3.7638542652130127,1.0,1.0,1.0
88,35,-4.2232160568237305,8.261515617370605,0.5,0.5,1.0
88,36,-5.308433532714844,3.7701258659362793,0.75,0.75,1.0
88,37,-4.451635837554932,4.410017490386963,0.6666666865348816,0.6666666865348816,1.0
88,38,-12.219870567321777,21.22049903869629,0.25,0.5,1.0
88,39,-2.7056853771209717,3.8684067726135254,0.5,1.0,1.0
88,40,-16.290353775024414,228.1761932373047,0.0,0.3333333432674408,0.6666666865348816
88,41,-10.708840370178223,5.958428382873535,0.6666666865348816,0.8333333730697632,1.0
88,42,-7.411748886108398,40.68560791015625,0.5,0.5,1.0
88,43,-4.740078926086426,2.5805842876434326,0.800000011920929,1.0,1.0
88,44,-7.966002464294434,53.677894592285156,0.0,0.5,1.0
88,45,-6.371777057647705,24.188772201538086,0.5,0.5,1.0
88,46,-19.22165298461914,11.053051948547363,0.5,0.625,1.0
88,47,-22.475147247314453,42.34532165527344,0.5,0.8333333730697632,0.8333333730697632
88,48,-4.950558185577393,141.2537841796875,0.0,0.0,1.0
88,49,-8.608229637145996,74.0036849975586,0.0,0.5,1.0
88,50,-5.1962056159973145,13.43821907043457,0.5,1.0,1.0
88,51,-0.2565392255783081,1.13685941696167,1.0,1.0,1.0
88,52,-3.904339075088501,3.674607276916504,0.6666666865348816,1.0,1.0
88,53,-23.21057891845703,27.544340133666992,0.2857142984867096,0.7142857313156128,1.0
88,54,-8.758672714233398,18.5330867767334,0.3333333432674408,0.6666666865348816,1.0
88,55,-10.093693733215332,155.53128051757812,0.5,0.5,1.0
88,56,-16.80887222290039,28.840320587158203,0.4000000059604645,0.6000000238418579,0.800000011920929
88,57,-1.7971386909484863,6.032362461090088,1.0,1.0,1.0
88,58,-10.969794273376465,4.7927937507629395,0.5714285969734192,1.0,1.0
88,59,-5.420604228973389,15.033817291259766,0.0,1.0,1.0
88,60,-1.4162299633026123,1.2242379188537598,1.0,1.0,1.0
88,61,-7.472598075866699,41.942474365234375,0.5,0.5,1.0
88,62,-4.369085788726807,78.97140502929688,0.0,1.0,1.0
88,63,-8.685511589050293,8.770359992980957,0.5,0.75,1.0
88,64,-0.6236743330955505,1.865770936012268,1.0,1.0,1.0
88,65,-4.700257301330566,10.486918449401855,0.0,1.0,1.0
88,66,-7.030392646789551,4.079925060272217,0.800000011920929,1.0,1.0
88,67,-11.311826705932617,9.605782508850098,0.800000011920929,0.800000011920929,0.800000011920929
88,68,-39.557621002197266,52.23548889160156,0.20000000298023224,0.699999988079071,0.800000011920929
88,69,-20.15348243713379,28.757932662963867,0.3333333432674408,0.6666666865348816,0.8333333730697632
88,70,-12.377549171447754,22.07370948791504,0.5,0.5,1.0
88,71,-6.97512149810791,32.70607376098633,0.5,0.5,1.0
88,72,-4.022177696228027,2.7333950996398926,0.5,1.0,1.0
88,73,-7.438379287719727,1699.9927978515625,0.0,0.0,1.0
88,74,-15.77934455871582,51.667869567871094,0.5,0.75,0.75
88,75,-2.075000762939453,2.8221538066864014,1.0,1.0,1.0
88,76,-1.732406497001648,1.7815234661102295,0.6666666865348816,1.0,1.0
88,77,-2.674029588699341,1.561538577079773,1.0,1.0,1.0
88,78,-12.97806167602539,25.649276733398438,0.75,0.75,0.75
88,79,-4.511215686798096,3.0888657569885254,0.75,1.0,1.0
88,80,-6.163563251495361,7.803099632263184,0.6666666865348816,0.6666666865348816,1.0
88,81,-6.638544082641602,2.2929015159606934,0.75,1.0,1.0
88,82,-11.16910171508789,41.38977813720703,0.3333333432674408,0.6666666865348816,0.6666666865348816
88,83,-3.714411735534668,41.03444290161133,0.0,1.0,1.0
88,84,-12.197311401367188,11.466872215270996,0.4000000059604645,0.6000000238418579,1.0
88,85,-2.8110485076904297,4.077663898468018,0.0,1.0,1.0
88,86,-26.338834762573242,13.927753448486328,0.6000000238418579,0.699999988079071,0.9000000357627869
88,87,-10.654644966125488,4.58180046081543,0.5714285969734192,0.8571429252624512,1.0
88,88,-3.637779474258423,6.16500997543335,0.5,1.0,1.0
88,89,-39.40679168701172,2647.4658203125,0.20000000298023224,0.20000000298023224,0.6000000238418579
88,90,-10.742864608764648,5.992312431335449,0.5,1.0,1.0
88,91,-0.7994188666343689,1.4913911819458008,1.0,1.0,1.0
88,92,-23.413158416748047,49.51091003417969,0.5,0.6666666865348816,0.8333333730697632
88,93,-1.803417682647705,1.8241958618164062,0.6666666865348816,1.0,1.0
88,94,-12.19230842590332,21.07478141784668,0.25,0.75,1.0
88,95,-4.582958221435547,9.889554023742676,0.5,1.0,1.0
88,96,-8.986961364746094,9.456859588623047,0.5,0.75,1.0
88,97,-9.639163970947266,11.131633758544922,0.5,0.75,1.0
88,98,-21.438949584960938,8.532607078552246,0.4000000059604645,0.699999988079071,1.0
88,99,-8.070180892944336,14.732564926147461,0.3333333432674408,1.0,1.0
88,100,-6.829225540161133,30.40517234802246,0.0,1.0,1.0
88,101,-7.071249008178711,5.858023643493652,0.25,1.0,1.0
88,102,-1.9062960147857666,2.593862295150757,1.0,1.0,1.0
88,103,-0.3415645956993103,1.186232566833496,1.0,1.0,1.0
88,104,-4.063382625579834,1.9684184789657593,0.8333333730697632,1.0,1.0
88,105,-9.897581100463867,27.090784072875977,0.3333333432674408,0.6666666865348816,1.0
88,106,-4.364950180053711,8.868228912353516,0.5,0.5,1.0
88,107,-12.185212135314941,442.57330322265625,0.5,0.5,0.5
88,108,-6.742279529571533,29.1116886138916,0.5,0.5,1.0
88,109,-34.96097946166992,48.64520263671875,0.4444444477558136,0.5555555820465088,0.7777777910232544
88,110,-9.7815580368042,133.05718994140625,0.5,0.5,0.5
88,111,-14.50764274597168,18.201948165893555,0.4000000059604645,0.800000011920929,1.0
88,112,-2.2489733695983887,2.1162757873535156,0.6666666865348816,1.0,1.0
88,113,-1.7896932363510132,1.8158694505691528,0.6666666865348816,1.0,1.0
88,114,-3.4130775928497314,30.358531951904297,0.0,1.0,1.0
88,115,-11.859006881713867,375.9677734375,0.0,0.5,0.5
88,116,-2.5974514484405518,3.664623737335205,0.5,1.0,1.0
88,117,-10.603395462036133,2.2606351375579834,0.8461538553237915,0.9230769872665405,1.0
88,118,-9.115880966186523,95.38682556152344,0.5,0.5,0.5
88,119,-2.732529878616333,3.9206790924072266,0.5,1.0,1.0
88,120,-21.034893035888672,13.86491584777832,0.625,0.75,0.875
88,121,-20.090805053710938,28.459091186523438,0.3333333432674408,0.6666666865348816,1.0
88,122,-7.5054121017456055,3.493492841720581,0.6666666865348816,1.0,1.0
88,123,-16.696414947509766,64.9815673828125,0.5,0.75,0.75
88,124,-11.023164749145508,9.066923141479492,0.6000000238418579,0.6000000238418579,1.0
88,125,-9.481672286987305,10.701866149902344,0.5,0.75,1.0
88,126,-16.183176040649414,57.15655517578125,0.5,0.75,0.75
88,127,-2.939326047897339,2.6638576984405518,0.6666666865348816,1.0,1.0
88,128,-11.913475036621094,19.65572738647461,0.5,0.5,1.0
88,129,-2.964686155319214,19.38861846923828,0.0,1.0,1.0
88,130,-11.899977684020996,52.80781936645508,0.6666666865348816,0.6666666865348816,0.6666666865348816
88,131,-9.433965682983398,6.598175525665283,0.6000000238418579,1.0,1.0
88,132,-2.1810269355773926,8.855395317077637,0.0,1.0,1.0
88,133,-3.2411997318267822,5.056122303009033,0.5,1.0,1.0
88,134,-12.564615249633789,535.0219116210938,0.0,0.0,1.0
88,135,-1.4788470268249512,1.6371370553970337,0.6666666865348816,1.0,1.0
88,136,-6.282175540924072,23.129013061523438,0.5,1.0,1.0
88,137,-13.60099983215332,898.2962646484375,0.5,0.5,0.5
88,138,-5.986120223999023,7.354948997497559,0.6666666865348816,0.6666666865348816,1.0
88,139,-5.519644737243652,3.0159924030303955,0.6000000238418579,1.0,1.0
88,140,-6.579534530639648,8.963655471801758,0.3333333432674408,1.0,1.0
88,141,-10.361888885498047,13.336068153381348,0.25,1.0,1.0
88,142,-15.114606857299805,20.551240921020508,0.20000000298023224,0.800000011920929,0.800000011920929
88,143,-11.909439086914062,385.5687561035156,0.0,0.5,1.0
88,144,-17.431533813476562,78.0916748046875,0.5,0.75,0.75
88,145,-20.667522430419922,7.899127006530762,0.5,0.800000011920929,1.0
88,146,-12.183782577514648,58.04744338989258,0.0,0.6666666865348816,1.0
88,147,-2.3753912448883057,3.279515266418457,0.5,1.0,1.0
88,148,-10.349071502685547,176.7145538330078,0.5,0.5,0.5
89,0,-9.588345527648926,120.80441284179688,0.5,0.5,0.5
89,1,-11.437996864318848,4.1776533126831055,0.75,0.875,1.0
89,2,-10.672863006591797,207.7699737548828,0.5,0.5,0.5
89,3,-5.185965538024902,178.74594116210938,0.0,1.0,1.0
89,4,-13.286203384399414,767.4717407226562,0.5,0.5,0.5
89,5,-0.4603899419307709,1.2588454484939575,1.0,1.0,1.0
89,6,-0.3990221321582794,1.1422584056854248,1.0,1.0,1.0
89,7,-4.6157989501953125,10.053285598754883,0.5,0.5,1.0
89,8,-12.688344955444336,12.650148391723633,0.6000000238418579,0.800000011920929,0.800000011920929
89,9,-0.05083370953798294,1.025742530822754,1.0,1.0,1.0
89,10,-14.4339017868042,122.89136505126953,0.6666666865348816,0.6666666865348816,0.6666666865348816
89,11,-10.201513290405273,29.979215621948242,0.0,0.6666666865348816,1.0
89,12,-1.0188069343566895,1.6642980575561523,1.0,1.0,1.0
89,13,-11.400261878967285,298.9065246582031,0.5,0.5,1.0
89,14,-3.5452332496643066,3.260056257247925,0.3333333432674408,1.0,1.0
89,15,-6.7350006103515625,5.385715484619141,0.75,0.75,1.0
89,16,-5.388731002807617,6.026966094970703,0.6666666865348816,0.6666666865348816,1.0
89,17,-4.889130592346191,5.102396011352539,0.6666666865348816,1.0,1.0
89,18,-3.3044910430908203,2.2844440937042236,0.5,1.0,1.0
89,19,-8.290990829467773,3.982189178466797,0.6666666865348816,0.8333333730697632,1.0
89,20,-3.404740571975708,2.342421293258667,0.75,1.0,1.0
89,21,-5.676602363586426,6.633953094482422,0.3333333432674408,0.6666666865348816,1.0
89,22,-6.679614067077637,28.213682174682617,0.5,0.5,1.0
89,23,-12.526933670043945,8.067327499389648,0.5,0.8333333730697632,1.0
89,24,-1.9801474809646606,7.243811130523682,0.0,1.0,1.0
89,25,-30.626754760742188,6.781322479248047,0.375,0.875,1.0
89,26,-0.6024662256240845,1.3515243530273438,1.0,1.0,1.0
89,27,-6.051688194274902,4.539977550506592,0.75,1.0,1.0
89,28,-8.452741622924805,16.73630714416504,0.0,0.6666666865348816,1.0
89,29,-1.205212950706482,3.3374698162078857,1.0,1.0,1.0
89,30,-10.209919929504395,164.83746337890625,0.5,0.5,0.5
89,31,-0.549122154712677,1.315953016281128,1.0,1.0,1.0
89,32,-5.03816556930542,12.41720199584961,0.5,1.0,1.0
89,33,-1.4265626668930054,2.0406763553619385,1.0,1.0,1.0
89,34,-1.360754370689392,3.8991334438323975,1.0,1.0,1.0
89,35,-4.220386028289795,8.249833106994629,0.5,0.5,1.0
89,36,-5.299797534942627,3.7619948387145996,0.75,1.0,1.0
89,37,-4.4024128913879395,4.338250160217285,0.6666666865348816,0.6666666865348816,1.0
89,38,-12.171879768371582,20.967422485351562,0.25,0.5,1.0
89,39,-2.6930837631225586,3.844109058380127,0.5,1.0,1.0
89,40,-16.35295867919922,232.98788452148438,0.0,0.3333333432674408,0.6666666865348816
89,41,-10.30546760559082,5.571018695831299,0.6666666865348816,0.8333333730697632,1.0
89,42,-7.392971038818359,40.30540084838867,0.5,0.5,1.0
89,43,-4.901128768920898,2.665057897567749,0.800000011920929,1.0,1.0
89,44,-7.95393180847168,53.35490417480469,0.0,0.5,1.0
89,45,-6.365509986877441,24.11309242248535,0.5,0.5,1.0
89,46,-19.22507095336914,11.057775497436523,0.5,0.625,1.0
89,47,-22.662612915039062,43.68925476074219,0.5,0.8333333730697632,0.8333333730697632
89,48,-5.023458480834961,151.9358673095703,0.0,0.0,1.0
89,49,-8.691410064697266,77.14640808105469,0.0,0.5,1.0
89,50,-5.1101789474487305,12.872451782226562,0.5,1.0,1.0
89,51,-0.26020878553390503,1.1389472484588623,1.0,1.0,1.0
89,52,-3.867133140563965,3.629316806793213,0.6666666865348816,1.0,1.0
89,53,-23.20014190673828,27.5033016204834,0.2857142984867096,0.7142857313156128,1.0
89,54,-8.736857414245605,18.398807525634766,0.3333333432674408,0.6666666865348816,1.0
89,55,-10.103056907653809,156.26112365722656,0.5,0.5,1.0
89,56,-16.793411254882812,28.751277923583984,0.4000000059604645,0.6000000238418579,0.800000011920929
89,57,-1.778053641319275,5.918325901031494,1.0,1.0,1.0
89,58,-10.872303009033203,4.726505756378174,0.5714285969734192,1.0,1.0
89,59,-5.3906707763671875,14.810484886169434,0.0,1.0,1.0
89,60,-1.3997211456298828,1.2213541269302368,1.0,1.0,1.0
89,61,-7.5283894538879395,43.128963470458984,0.5,0.5,1.0
89,62,-4.3743367195129395,79.38716888427734,0.0,1.0,1.0
89,63,-8.710026741027832,8.8242769241333,0.5,0.75,1.0
89,64,-0.6256766319274902,1.8695104122161865,1.0,1.0,1.0
89,65,-4.731503486633301,10.652043342590332,0.0,1.0,1.0
89,66,-6.91354513168335,3.9856841564178467,0.800000011920929,1.0,1.0
89,67,-11.248319625854492,9.484546661376953,0.800000011920929,0.800000011920929,0.800000011920929
89,68,-39.43077087402344,51.577064514160156,0.20000000298023224,0.699999988079071,0.800000011920929
89,69,-20.136234283447266,28.675384521484375,0.3333333432674408,0.6666666865348816,0.8333333730697632
89,70,-12.383922576904297,22.10890769958496,0.5,0.5,1.0
89,71,-6.972666263580322,32.66594696044922,0.5,0.5,1.0
89,72,-4.058170318603516,2.758101463317871,0.5,1.0,1.0
89,73,-7.423585891723633,1675.0291748046875,0.0,0.0,1.0
89,74,-15.885638236999512,53.059268951416016,0.5,0.75,0.75
89,75,-2.0555455684661865,2.7948341369628906,1.0,1.0,1.0
89,76,-1.7231483459472656,1.7760339975357056,0.6666666865348816,1.0,1.0
89,77,-2.70357608795166,1.5692471265792847,1.0,1.0,1.0
89,78,-12.922255516052246,25.293914794921875,0.75,0.75,0.75
89,79,-4.441630840301514,3.035595655441284,0.75,1.0,1.0
89,80,-6.172408580780029,7.826141357421875,0.6666666865348816,0.6666666865348816,1.0
89,81,-6.560978412628174,2.270777463912964,0.75,1.0,1.0
89,82,-11.164645195007324,41.32833480834961,0.3333333432674408,0.6666666865348816,0.6666666865348816
89,83,-3.675114154815674,39.45315933227539,0.0,1.0,1.0
89,84,-12.138810157775879,11.333489418029785,0.4000000059604645,0.6000000238418579,1.0
89,85,-2.805232524871826,4.065823078155518,0.0,1.0,1.0
89,86,-26.242507934570312,13.79423713684082,0.6000000238418579,0.699999988079071,0.9000000357627869
89,87,-10.72213363647461,4.6261887550354,0.5714285969734192,0.8571429252624512,1.0
89,88,-3.691586494445801,6.3331217765808105,0.5,1.0,1.0
89,89,-39.514835357666016,2705.297119140625,0.20000000298023224,0.20000000298023224,0.6000000238418579
89,90,-10.69734001159668,5.947018146514893,0.5,1.0,1.0
89,91,-0.7519267797470093,1.456393837928772,1.0,1.0,1.0
89,92,-23.351863861083984,49.007694244384766,0.6666666865348816,0.6666666865348816,0.8333333730697632
89,93,-1.8098127841949463,1.828088641166687,0.6666666865348816,1.0,1.0
89,94,-12.004151344299316,20.106393814086914,0.25,0.75,1.0
89,95,-4.550806045532227,9.731840133666992,0.5,1.0,1.0
89,96,-9.013742446899414,9.520387649536133,0.5,0.75,1.0
89,97,-9.65851879119873,11.185626983642578,0.5,0.75,1.0
89,98,-21.203903198242188,8.334390640258789,0.5,0.800000011920929,1.0
89,99,-8.082088470458984,14.791157722473145,0.3333333432674408,1.0,1.0
89,100,-6.811562538146973,30.137834548950195,0.0,1.0,1.0
89,101,-7.04880428314209,5.825244903564453,0.25,1.0,1.0
89,102,-1.887001633644104,2.5689589977264404,1.0,1.0,1.0
89,103,-0.33798062801361084,1.1841087341308594,1.0,1.0,1.0
89,104,-4.0502448081970215,1.9641129970550537,0.8333333730697632,1.0,1.0
89,105,-9.947532653808594,27.54564094543457,0.3333333432674408,0.3333333432674408,1.0
89,106,-4.304553031921387,8.604424476623535,0.5,0.5,1.0
89,107,-12.122408866882324,428.8916931152344,0.5,0.5,0.5
89,108,-6.74226713180542,29.111509323120117,0.5,0.5,1.0
89,109,-34.805999755859375,47.81471252441406,0.4444444477558136,0.5555555820465088,0.7777777910232544
89,110,-9.837706565856934,136.84559631347656,0.5,0.5,0.5
89,111,-14.459957122802734,18.029176712036133,0.4000000059604645,0.800000011920929,1.0
89,112,-2.2173619270324707,2.0940933227539062,0.6666666865348816,1.0,1.0
89,113,-1.8453716039657593,1.8498858213424683,0.6666666865348816,1.0,1.0
89,114,-3.394075870513916,29.787113189697266,0.0,1.0,1.0
89,115,-11.836274147033691,371.7185974121094,0.0,0.5,0.5
89,116,-2.5724940299987793,3.619178295135498,0.5,1.0,1.0
89,117,-10.383604049682617,2.22273588180542,0.8461538553237915,0.9230769872665405,1.0
89,118,-9.102862358093262,94.76793670654297,0.5,0.5,0.5
89,119,-2.7293529510498047,3.9144561290740967,0.5,1.0,1.0
89,120,-21.350881576538086,14.4235200881958,0.625,0.75,0.875
89,121,-20.123672485351562,28.615413665771484,0.3333333432674408,0.6666666865348816,1.0
89,122,-7.362259387969971,3.4111287593841553,0.6666666865348816,1.0,1.0
89,123,-16.678466796875,64.6906509399414,0.5,0.75,0.75
89,124,-11.127384185791016,9.257895469665527,0.6000000238418579,0.6000000238418579,1.0
89,125,-9.52093505859375,10.807429313659668,0.5,0.75,1.0
89,126,-16.181461334228516,57.132057189941406,0.5,0.75,0.75
89,127,-2.9589269161224365,2.68131947517395,0.6666666865348816,1.0,1.0
89,128,-12.056151390075684,20.369482040405273,0.5,0.5,1.0
89,129,-2.927565813064575,18.682100296020508,0.0,1.0,1.0
89,130,-11.914932250976562,53.07171630859375,0.6666666865348816,0.6666666865348816,0.6666666865348816
89,131,-9.422800064086914,6.5834574699401855,0.6000000238418579,1.0,1.0
89,132,-2.2650418281555176,9.6315279006958,0.0,1.0,1.0
89,133,-3.2821648120880127,5.160752296447754,0.5,1.0,1.0
89,134,-12.433771133422852,501.1400451660156,0.0,0.0,1.0
89,135,-1.4807881116867065,1.638196587562561,0.6666666865348816,1.0,1.0
89,136,-6.287233829498291,23.18758201599121,0.5,1.0,1.0
89,137,-13.659404754638672,924.9154663085938,0.5,0.5,0.5
89,138,-6.029517650604248,7.462117671966553,0.6666666865348816,0.6666666865348816,1.0
89,139,-5.5631208419799805,3.0423314571380615,0.6000000238418579,1.0,1.0
89,140,-6.536755561828613,8.836745262145996,0.3333333432674408,1.0,1.0
89,141,-10.386903762817383,13.419729232788086,0.25,1.0,1.0
89,142,-15.016639709472656,20.152488708496094,0.20000000298023224,0.800000011920929,0.800000011920929
89,143,-11.978233337402344,399.06195068359375,0.0,0.5,1.0
89,144,-17.38690948486328,77.2253189086914,0.5,0.75,0.75
89,145,-20.855287551879883,8.048847198486328,0.5,0.800000011920929,1.0
89,146,-12.207939147949219,58.51675033569336,0.0,0.6666666865348816,1.0
89,147,-2.3957653045654297,3.3130946159362793,0.5,1.0,1.0
89,148,-10.379423141479492,179.4167938232422,0.5,0.5,0.5
90,0,-9.569714546203613,119.68428039550781,0.5,0.5,0.5
90,1,-11.365293502807617,4.139858722686768,0.75,0.875,1.0
90,2,-10.609321594238281,201.27273559570312,0.5,0.5,0.5
90,3,-5.243348598480225,189.30294799804688,0.0,1.0,1.0
90,4,-13.161064147949219,720.9228515625,0.5,0.5,0.5
90,5,-0.42814764380455017,1.2387140989303589,1.0,1.0,1.0
90,6,-0.3763503432273865,1.133658528327942,1.0,1.0,1.0
90,7,-4.6604719161987305,10.280366897583008,0.5,0.5,1.0
90,8,-12.758316993713379,12.828425407409668,0.6000000238418579,0.800000011920929,0.800000011920929
90,9,-0.05249597132205963,1.0265954732894897,1.0,1.0,1.0
90,10,-14.381182670593262,120.75062561035156,0.6666666865348816,0.6666666865348816,0.6666666865348816
90,11,-10.25667953491211,30.53559684753418,0.0,0.6666666865348816,1.0
90,12,-0.998939037322998,1.6478468179702759,1.0,1.0,1.0
90,13,-11.471105575561523,309.6841125488281,0.5,0.5,1.0
90,14,-3.5786962509155273,3.296623468399048,0.3333333432674408,1.0,1.0
90,15,-6.852547645568848,5.546332836151123,0.75,0.75,1.0
90,16,-5.384082794189453,6.017634868621826,0.6666666865348816,0.6666666865348816,1.0
90,17,-4.898669242858887,5.118645191192627,0.6666666865348816,1.0,1.0
90,18,-3.3501832485198975,2.3106892108917236,0.5,1.0,1.0
90,19,-8.144115447998047,3.885892152786255,0.6666666865348816,1.0,1.0
90,20,-3.361131191253662,2.3170223236083984,0.75,1.0,1.0
90,21,-5.685894966125488,6.654533863067627,0.3333333432674408,0.6666666865348816,1.0
90,22,-6.626073360443115,27.468412399291992,0.5,0.5,1.0
90,23,-12.414163589477539,7.917117595672607,0.5,0.8333333730697632,1.0
90,24,-2.003912925720215,7.418025493621826,0.0,1.0,1.0
90,25,-30.607389450073242,6.773120403289795,0.375,0.875,1.0
90,26,-0.5772500038146973,1.3345911502838135,1.0,1.0,1.0
90,27,-5.969700336456299,4.447868824005127,0.75,1.0,1.0
90,28,-8.396696090698242,16.426546096801758,0.0,0.6666666865348816,1.0
90,29,-1.121469497680664,3.0693612098693848,1.0,1.0,1.0
90,30,-10.125473976135254,158.02243041992188,0.5,0.5,0.5
90,31,-0.5558187961578369,1.320366621017456,1.0,1.0,1.0
90,32,-5.022706031799316,12.321590423583984,0.5,1.0,1.0
90,33,-1.4718455076217651,2.087407350540161,1.0,1.0,1.0
90,34,-1.3366928100585938,3.806433916091919,1.0,1.0,1.0
90,35,-4.072916507720947,7.663419246673584,0.5,1.0,1.0
90,36,-5.296594619750977,3.758983850479126,0.75,0.75,1.0
90,37,-4.43521785736084,4.385948657989502,0.6666666865348816,0.6666666865348816,1.0
90,38,-12.191893577575684,21.072595596313477,0.25,0.5,1.0
90,39,-2.7514655590057373,3.9579758644104004,0.5,1.0,1.0
90,40,-16.347930908203125,232.59768676757812,0.0,0.3333333432674408,0.6666666865348816
90,41,-10.646806716918945,5.89714241027832,0.6666666865348816,0.8333333730697632,1.0
90,42,-7.433188438415527,41.12409591674805,0.5,0.5,1.0
90,43,-4.782409191131592,2.6025242805480957,0.800000011920929,1.0,1.0
90,44,-7.820947647094727,49.92259979248047,0.0,0.5,1.0
90,45,-6.362638473510742,24.0784969329834,0.5,0.5,1.0
90,46,-19.108930587768555,10.898404121398926,0.5,0.625,1.0
90,47,-22.627546310424805,43.434654235839844,0.5,0.8333333730697632,0.8333333730697632
90,48,-4.960409641265869,142.6522216796875,0.0,0.0,1.0
90,49,-8.65604019165039,75.79407501220703,0.0,0.5,1.0
90,50,-5.145806312561035,13.103812217712402,0.5,0.5,1.0
90,51,-0.28339797258377075,1.1522297859191895,1.0,1.0,1.0
90,52,-3.9303689002990723,3.706629514694214,0.6666666865348816,1.0,1.0
90,53,-23.255313873291016,27.720930099487305,0.1428571492433548,0.7142857313156128,1.0
90,54,-8.706704139709473,18.214807510375977,0.3333333432674408,0.6666666865348816,1.0
90,55,-10.202634811401367,164.23812866210938,0.5,0.5,1.0
90,56,-16.781070709228516,28.680402755737305,0.4000000059604645,0.6000000238418579,0.800000011920929
90,57,-1.8122670650482178,6.124316215515137,1.0,1.0,1.0
90,58,-10.961661338806152,4.787228107452393,0.5714285969734192,1.0,1.0
90,59,-5.373712539672852,14.685436248779297,0.0,1.0,1.0
90,60,-1.3983590602874756,1.2211164236068726,1.0,1.0,1.0
90,61,-7.528082847595215,43.122352600097656,0.5,0.5,1.0
90,62,-4.415976047515869,82.76258087158203,0.0,1.0,1.0
90,63,-8.605575561523438,8.596833229064941,0.5,0.75,1.0
90,64,-0.6358829140663147,1.8886890411376953,1.0,1.0,1.0
90,65,-4.708395957946777,10.529680252075195,0.0,1.0,1.0
90,66,-6.9649882316589355,4.02690315246582,0.800000011920929,1.0,1.0
90,67,-11.280649185180664,9.546072006225586,0.800000011920929,0.800000011920929,0.800000011920929
90,68,-39.852821350097656,53.80046844482422,0.20000000298023224,0.800000011920929,0.800000011920929
90,69,-20.136192321777344,28.67518424987793,0.3333333432674408,0.6666666865348816,0.8333333730697632
90,70,-12.352343559265137,21.93505096435547,0.5,0.5,1.0
90,71,-7.094624042510986,34.71986770629883,0.5,0.5,1.0
90,72,-4.122499465942383,2.80281662940979,0.5,1.0,1.0
90,73,-7.489029407501221,1788.3155517578125,0.0,0.0,1.0
90,74,-15.778642654418945,51.6588020324707,0.5,0.75,0.75
90,75,-2.0683069229125977,2.8127241134643555,1.0,1.0,1.0
90,76,-1.70266592502594,1.7639493942260742,0.6666666865348816,1.0,1.0
90,77,-2.6492135524749756,1.5550934076309204,1.0,1.0,1.0
90,78,-12.943208694458008,25.426759719848633,0.75,0.75,0.75
90,79,-4.487707138061523,3.0707650184631348,0.75,1.0,1.0
90,80,-6.144659042358398,7.754084587097168,0.6666666865348816,0.6666666865348816,1.0
90,81,-6.526223182678223,2.2609336376190186,0.75,1.0,1.0
90,82,-11.175333023071289,41.47583770751953,0.3333333432674408,0.6666666865348816,0.6666666865348816
90,83,-3.683347225189209,39.779319763183594,0.0,1.0,1.0
90,84,-11.998737335205078,11.020392417907715,0.4000000059604645,0.6000000238418579,1.0
90,85,-2.7656126022338867,3.986071825027466,0.0,1.0,1.0
90,86,-26.419708251953125,14.040848731994629,0.6000000238418579,0.699999988079071,0.9000000357627869
90,87,-10.650144577026367,4.578855991363525,0.5714285969734192,0.8571429252624512,1.0
90,88,-3.6411900520324707,6.175532341003418,0.5,1.0,1.0
90,89,-39.531036376953125,2714.07666015625,0.20000000298023224,0.20000000298023224,0.6000000238418579
90,90,-10.749626159667969,5.999069690704346,0.5,1.0,1.0
90,91,-0.8080011606216431,1.497804880142212,1.0,1.0,1.0
90,92,-23.52538299560547,50.4456901550293,0.6666666865348816,0.6666666865348816,0.8333333730697632
90,93,-1.8049649000167847,1.8251367807388306,0.6666666865348816,1.0,1.0
90,94,-12.19472885131836,21.08753776550293,0.25,0.75,1.0
90,95,-4.567721843719482,9.814499855041504,0.5,1.0,1.0
90,96,-8.984384536743164,9.45076847076416,0.5,0.75,1.0
90,97,-9.638443946838379,11.129630088806152,0.5,0.75,1.0
90,98,-21.338441848754883,8.447277069091797,0.4000000059604645,0.800000011920929,1.0
90,99,-8.148111343383789,15.120283126831055,0.3333333432674408,1.0,1.0
90,100,-6.859258651733398,30.865201950073242,0.0,1.0,1.0
90,101,-6.96933650970459,5.710657596588135,0.25,1.0,1.0
90,102,-1.8997197151184082,2.5853474140167236,1.0,1.0,1.0
90,103,-0.34373047947883606,1.1875178813934326,1.0,1.0,1.0
90,104,-4.010993480682373,1.9513061046600342,0.8333333730697632,1.0,1.0
90,105,-9.859777450561523,26.75155258178711,0.3333333432674408,0.6666666865348816,1.0
90,106,-4.350919723510742,8.806234359741211,0.5,0.5,1.0
90,107,-12.123016357421875,429.0220031738281,0.5,0.5,0.5
90,108,-6.729051113128662,28.919775009155273,0.5,0.5,1.0
90,109,-34.857818603515625,48.09080505371094,0.4444444477558136,0.5555555820465088,0.7777777910232544
90,110,-9.780766487121582,133.00453186035156,0.5,0.5,0.5
90,111,-14.358723640441895,17.667816162109375,0.4000000059604645,0.800000011920929,1.0
90,112,-2.217229127883911,2.0940005779266357,0.6666666865348816,1.0,1.0
90,113,-1.835098147392273,1.8435616493225098,0.6666666865348816,1.0,1.0
90,114,-3.490765333175659,32.81105041503906,0.0,1.0,1.0
90,115,-11.858440399169922,375.8612976074219,0.0,0.5,0.5
90,116,-2.59458589553833,3.659377098083496,0.5,1.0,1.0
90,117,-10.622931480407715,2.2640349864959717,0.8461538553237915,0.9230769872665405,1.0
90,118,-9.109590530395508,95.0872802734375,0.5,0.5,0.5
90,119,-2.6486785411834717,3.759700298309326,0.5,1.0,1.0
90,120,-21.276466369628906,14.289977073669434,0.625,0.75,0.875
90,121,-20.256149291992188,29.254253387451172,0.3333333432674408,0.6666666865348816,1.0
90,122,-7.4173903465271,3.4426162242889404,0.6666666865348816,1.0,1.0
90,123,-16.628406524658203,63.88608932495117,0.5,0.75,0.75
90,124,-11.043462753295898,9.103806495666504,0.6000000238418579,0.6000000238418579,1.0
90,125,-9.45295524597168,10.625308990478516,0.5,0.75,1.0
90,126,-16.094877243041992,55.908660888671875,0.5,0.75,0.75
90,127,-2.958723545074463,2.6811375617980957,0.6666666865348816,1.0,1.0
90,128,-11.956258773803711,19.86709213256836,0.5,0.5,1.0
90,129,-2.9606447219848633,19.31041717529297,0.0,1.0,1.0
90,130,-11.942453384399414,53.56081771850586,0.6666666865348816,0.6666666865348816,0.6666666865348816
90,131,-9.539579391479492,6.7390289306640625,0.6000000238418579,0.800000011920929,1.0
90,132,-2.1977593898773193,9.004814147949219,0.0,1.0,1.0
90,133,-3.2355804443359375,5.04193639755249,0.5,1.0,1.0
90,134,-12.482983589172363,513.6241455078125,0.0,0.0,1.0
90,135,-1.506151795387268,1.6521055698394775,0.6666666865348816,1.0,1.0
90,136,-6.276569366455078,23.064271926879883,0.5,1.0,1.0
90,137,-13.681718826293945,935.2926025390625,0.5,0.5,0.5
90,138,-5.9998345375061035,7.38864803314209,0.6666666865348816,0.6666666865348816,1.0
90,139,-5.498863697052002,3.0034830570220947,0.6000000238418579,1.0,1.0
90,140,-6.567504405975342,8.927783966064453,0.3333333432674408,1.0,1.0
90,141,-10.374751091003418,13.379019737243652,0.25,1.0,1.0
90,142,-15.114408493041992,20.55042839050293,0.20000000298023224,0.800000011920929,0.800000011920929
90,143,-11.958600044250488,395.1636657714844,0.0,0.5,1.0
90,144,-17.420528411865234,77.87711334228516,0.5,0.75,0.75
90,145,-20.783382415771484,7.991177558898926,0.5,0.800000011920929,1.0
90,146,-12.2025146484375,58.41103744506836,0.0,0.6666666865348816,1.0
90,147,-2.3516077995300293,3.2407472133636475,0.5,1.0,1.0
90,148,-10.384034156799316,179.83091735839844,0.5,0.5,0.5
91,0,-9.576864242553711,120.11289978027344,0.5,0.5,0.5
91,1,-11.424700736999512,4.170715808868408,0.75,0.875,1.0
91,2,-10.627004623413086,203.06016540527344,0.5,0.5,0.5
91,3,-5.193765163421631,180.1455535888672,0.0,1.0,1.0
91,4,-13.190587997436523,731.6439819335938,0.5,0.5,0.5
91,5,-0.42337679862976074,1.2357628345489502,1.0,1.0,1.0
91,6,-0.4161335825920105,1.1487923860549927,1.0,1.0,1.0
91,7,-4.777705669403076,10.900981903076172,0.5,0.5,1.0
91,8,-12.763720512390137,12.842296600341797,0.6000000238418579,0.800000011920929,0.800000011920929
91,9,-0.05124538019299507,1.025953769683838,1.0,1.0,1.0
91,10,-14.403172492980957,121.63896179199219,0.6666666865348816,0.6666666865348816,0.6666666865348816
91,11,-10.227052688598633,30.235525131225586,0.0,0.6666666865348816,1.0
91,12,-1.0137304067611694,1.660079002380371,1.0,1.0,1.0
91,13,-11.43199634552002,303.68719482421875,0.5,0.5,1.0
91,14,-3.5691676139831543,3.2861692905426025,0.3333333432674408,1.0,1.0
91,15,-6.812093257904053,5.4905219078063965,0.75,0.75,1.0
91,16,-5.3795952796936035,6.008640289306641,0.6666666865348816,0.6666666865348816,1.0
91,17,-4.839395999908447,5.018504619598389,0.6666666865348816,1.0,1.0
91,18,-3.347097396850586,2.3089072704315186,0.5,1.0,1.0
91,19,-8.216805458068848,3.933256149291992,0.6666666865348816,1.0,1.0
91,20,-3.3640992641448975,2.318742036819458,0.75,1.0,1.0
91,21,-5.643341541290283,6.5608086585998535,0.3333333432674408,0.6666666865348816,1.0
91,22,-6.685540199279785,28.297405242919922,0.5,0.5,1.0
91,23,-12.407405853271484,7.908205986022949,0.5,0.8333333730697632,1.0
91,24,-2.0156171321868896,7.5053582191467285,0.0,1.0,1.0
91,25,-30.56148910522461,6.753717422485352,0.375,0.875,1.0
91,26,-0.5902593731880188,1.3433005809783936,1.0,1.0,1.0
91,27,-6.003358840942383,4.485454082489014,0.75,1.0,1.0
91,28,-8.366233825683594,16.26059341430664,0.0,0.6666666865348816,1.0
91,29,-1.1720664501190186,3.2286577224731445,1.0,1.0,1.0
91,30,-10.118477821350098,157.4706268310547,0.5,0.5,0.5
91,31,-0.5604469776153564,1.323425531387329,1.0,1.0,1.0
91,32,-5.072507858276367,12.632261276245117,0.5,1.0,1.0
91,33,-1.414547324180603,2.0284533500671387,1.0,1.0,1.0
91,34,-1.3460713624954224,3.8423008918762207,1.0,1.0,1.0
91,35,-4.169513702392578,8.042635917663574,0.5,0.5,1.0
91,36,-5.316362380981445,3.77760648727417,0.75,1.0,1.0
91,37,-4.427280426025391,4.374359607696533,0.6666666865348816,0.6666666865348816,1.0
91,38,-12.27525520324707,21.51636505126953,0.25,0.5,1.0
91,39,-2.7313790321350098,3.918424129486084,0.5,1.0,1.0
91,40,-16.368146896362305,234.17037963867188,0.0,0.3333333432674408,0.6666666865348816
91,41,-9.892352104187012,5.200346946716309,0.6666666865348816,0.8333333730697632,1.0
91,42,-7.429945945739746,41.05747604370117,0.5,0.5,1.0
91,43,-4.823222637176514,2.623854875564575,0.800000011920929,1.0,1.0
91,44,-7.940521240234375,52.99834060668945,0.0,0.5,1.0
91,45,-6.387807369232178,24.383426666259766,0.5,0.5,1.0
91,46,-19.331369400024414,11.205684661865234,0.5,0.625,1.0
91,47,-22.539461135864258,42.80165481567383,0.5,0.8333333730697632,0.8333333730697632
91,48,-4.9864630699157715,146.4176483154297,0.0,0.0,1.0
91,49,-8.634703636169434,74.98977661132812,0.0,0.5,1.0
91,50,-5.1209397315979,12.941896438598633,0.5,1.0,1.0
91,51,-0.2643069326877594,1.1412835121154785,1.0,1.0,1.0
91,52,-3.9072675704956055,3.678196430206299,0.6666666865348816,1.0,1.0
91,53,-23.24415397644043,27.676767349243164,0.2857142984867096,0.7142857313156128,1.0
91,54,-8.724580764770508,18.323667526245117,0.3333333432674408,0.6666666865348816,1.0
91,55,-9.997591018676758,148.2344970703125,0.5,0.5,1.0
91,56,-16.830726623535156,28.966655731201172,0.4000000059604645,0.6000000238418579,0.800000011920929
91,57,-1.7854121923446655,5.962037086486816,1.0,1.0,1.0
91,58,-10.870594024658203,4.7253522872924805,0.5714285969734192,1.0,1.0
91,59,-5.413785934448242,14.982650756835938,0.0,1.0,1.0
91,60,-1.4282586574554443,1.2263435125350952,1.0,1.0,1.0
91,61,-7.5134196281433105,42.807350158691406,0.5,0.5,1.0
91,62,-4.386856555938721,80.3873291015625,0.0,1.0,1.0
91,63,-8.691832542419434,8.78423023223877,0.5,0.75,1.0
91,64,-0.618869960308075,1.8568285703659058,1.0,1.0,1.0
91,65,-4.729998588562012,10.644031524658203,0.0,1.0,1.0
91,66,-6.951167106628418,4.015787601470947,0.800000011920929,1.0,1.0
91,67,-11.245156288146973,9.478549003601074,0.800000011920929,0.800000011920929,0.800000011920929
91,68,-39.583168029785156,52.36910629272461,0.20000000298023224,0.800000011920929,0.800000011920929
91,69,-20.189849853515625,28.932771682739258,0.3333333432674408,0.6666666865348816,0.8333333730697632
91,70,-12.338330268859863,21.858341217041016,0.5,0.5,1.0
91,71,-6.928318500518799,31.949588775634766,0.5,0.5,1.0
91,72,-3.9867970943450928,2.709324359893799,0.5,1.0,1.0
91,73,-7.477422714233398,1767.6790771484375,0.0,0.0,1.0
91,74,-15.845956802368164,52.53550338745117,0.5,0.75,0.75
91,75,-2.0626940727233887,2.8048415184020996,1.0,1.0,1.0
91,76,-1.738041877746582,1.7848732471466064,0.6666666865348816,1.0,1.0
91,77,-2.678157329559326,1.5626132488250732,1.0,1.0,1.0
91,78,-12.861600875854492,24.91326141357422,0.75,0.75,0.75
91,79,-4.496587753295898,3.077590227127075,0.75,1.0,1.0
91,80,-6.11306095123291,7.672842025756836,0.6666666865348816,0.6666666865348816,1.0
91,81,-6.361281394958496,2.2147958278656006,0.75,1.0,1.0
91,82,-11.093114852905273,40.354583740234375,0.3333333432674408,0.6666666865348816,0.6666666865348816
91,83,-3.733189582824707,41.812259674072266,0.0,1.0,1.0
91,84,-11.98660659790039,10.99368667602539,0.4000000059604645,0.6000000238418579,1.0
91,85,-2.7390124797821045,3.933407783508301,0.5,1.0,1.0
91,86,-26.265830993652344,13.826445579528809,0.6000000238418579,0.699999988079071,0.9000000357627869
91,87,-10.653109550476074,4.580795764923096,0.5714285969734192,0.8571429252624512,1.0
91,88,-3.640148162841797,6.17231559753418,0.5,1.0,1.0
91,89,-39.387718200683594,2637.3857421875,0.20000000298023224,0.20000000298023224,0.6000000238418579
91,90,-10.693788528442383,5.94350004196167,0.5,1.0,1.0
91,91,-0.7595474720001221,1.4619537591934204,1.0,1.0,1.0
91,92,-23.372310638427734,49.174983978271484,0.5,0.6666666865348816,0.8333333730697632
91,93,-1.8123153448104858,1.8296141624450684,0.6666666865348816,1.0,1.0
91,94,-12.227010726928711,21.258413314819336,0.25,0.75,1.0
91,95,-4.559910774230957,9.776244163513184,0.5,1.0,1.0
91,96,-9.051206588745117,9.609975814819336,0.5,0.75,1.0
91,97,-9.679725646972656,11.245087623596191,0.5,0.75,1.0
91,98,-21.40658950805664,8.505040168762207,0.4000000059604645,0.699999988079071,1.0
91,99,-8.124683380126953,15.002665519714355,0.3333333432674408,1.0,1.0
91,100,-6.741997718811035,29.107587814331055,0.0,1.0,1.0
91,101,-7.158803462982178,5.987660884857178,0.25,1.0,1.0
91,102,-1.8734514713287354,2.5516130924224854,1.0,1.0,1.0
91,103,-0.35279640555381775,1.1929129362106323,1.0,1.0,1.0
91,104,-4.082009315490723,1.974538803100586,0.8333333730697632,1.0,1.0
91,105,-9.927789688110352,27.364957809448242,0.3333333432674408,0.6666666865348816,1.0
91,106,-4.367185115814209,8.878144264221191,0.5,0.5,1.0
91,107,-12.09142780303955,422.29913330078125,0.5,0.5,0.5
91,108,-6.742773056030273,29.118871688842773,0.5,0.5,1.0
91,109,-34.82141876220703,47.89669418334961,0.4444444477558136,0.5555555820465088,0.7777777910232544
91,110,-9.751301765441895,131.05943298339844,0.5,0.5,0.5
91,111,-14.51428508758545,18.226144790649414,0.4000000059604645,0.800000011920929,1.0
91,112,-2.2214159965515137,2.0969250202178955,0.6666666865348816,1.0,1.0
91,113,-1.8538050651550293,1.8550933599472046,0.6666666865348816,1.0,1.0
91,114,-3.3611998558044434,28.823753356933594,0.0,1.0,1.0
91,115,-11.760828018188477,357.9573974609375,0.0,0.5,0.5
91,116,-2.5621490478515625,3.600506544113159,0.5,1.0,1.0
91,117,-10.693342208862305,2.2763307094573975,0.8461538553237915,0.9230769872665405,1.0
91,118,-9.175447463989258,98.2704849243164,0.5,0.5,0.5
91,119,-2.63861346244812,3.7408270835876465,0.5,1.0,1.0
91,120,-21.16670036315918,14.095245361328125,0.625,0.75,0.875
91,121,-20.243816375732422,29.19417953491211,0.3333333432674408,0.6666666865348816,1.0
91,122,-7.395170211791992,3.4298906326293945,0.6666666865348816,1.0,1.0
91,123,-16.642169952392578,64.10629272460938,0.5,0.75,0.75
91,124,-10.949385643005371,8.934114456176758,0.6000000238418579,0.6000000238418579,1.0
91,125,-9.466188430786133,10.66051959991455,0.5,0.75,1.0
91,126,-15.96086597442627,54.06658935546875,0.5,0.75,0.75
91,127,-2.945786952972412,2.6696009635925293,0.6666666865348816,1.0,1.0
91,128,-11.928163528442383,19.728036880493164,0.5,0.5,1.0
91,129,-2.935213327407837,18.825519561767578,0.0,1.0,1.0
91,130,-11.90816879272461,52.952205657958984,0.6666666865348816,0.6666666865348816,0.6666666865348816
91,131,-9.465320587158203,6.639682769775391,0.6000000238418579,1.0,1.0
91,132,-2.2196335792541504,9.203957557678223,0.0,1.0,1.0
91,133,-3.2274110317230225,5.021383762359619,0.5,1.0,1.0
91,134,-12.485610961914062,514.2993774414062,0.0,0.0,1.0
91,135,-1.4964948892593384,1.6467959880828857,0.6666666865348816,1.0,1.0
91,136,-6.2743730545043945,23.038955688476562,0.5,1.0,1.0
91,137,-13.66400146484375,927.0437622070312,0.5,0.5,0.5
91,138,-5.986207008361816,7.355161666870117,0.6666666865348816,0.6666666865348816,1.0
91,139,-5.540233612060547,3.028437376022339,0.6000000238418579,1.0,1.0
91,140,-6.542553901672363,8.853839874267578,0.3333333432674408,1.0,1.0
91,141,-10.339685440063477,13.262246131896973,0.25,1.0,1.0
91,142,-15.04871940612793,20.28220558166504,0.20000000298023224,0.800000011920929,0.800000011920929
91,143,-11.992477416992188,401.91424560546875,0.0,0.5,1.0
91,144,-17.37548065185547,77.00498962402344,0.5,0.75,0.75
91,145,-20.815155029296875,8.016609191894531,0.5,0.800000011920929,1.0
91,146,-12.142021179199219,57.24500274658203,0.0,0.6666666865348816,1.0
91,147,-2.383296012878418,3.2925028800964355,0.5,1.0,1.0
91,148,-10.390425682067871,180.4065399169922,0.5,0.5,0.5
92,0,-9.617703437805176,122.59076690673828,0.5,0.5,0.5
92,1,-11.37150764465332,4.143075466156006,0.75,0.875,1.0
92,2,-10.62903118133545,203.26602172851562,0.5,0.5,0.5
92,3,-5.219453811645508,184.8332061767578,0.0,1.0,1.0
92,4,-13.102775573730469,700.2152709960938,0.5,0.5,0.5
92,5,-0.44514352083206177,1.2492854595184326,1.0,1.0,1.0
92,6,-0.3931339979171753,1.1400187015533447,1.0,1.0,1.0
92,7,-4.693226337432861,10.450117111206055,0.5,0.5,1.0
92,8,-12.737866401672363,12.776062965393066,0.6000000238418579,0.800000011920929,0.800000011920929
92,9,-0.050132013857364655,1.0253827571868896,1.0,1.0,1.0
92,10,-14.381810188293457,120.7759017944336,0.6666666865348816,0.6666666865348816,0.6666666865348816
92,11,-10.215171813964844,30.11602020263672,0.0,0.6666666865348816,1.0
92,12,-1.0227347612380981,1.667569875717163,1.0,1.0,1.0
92,13,-11.405387878417969,299.6736145019531,0.5,0.5,1.0
92,14,-3.574401378631592,3.29190731048584,0.3333333432674408,1.0,1.0
92,15,-6.742532253265381,5.3958659172058105,0.75,0.75,1.0
92,16,-5.410881996154785,6.071631908416748,0.6666666865348816,0.6666666865348816,1.0
92,17,-4.827455520629883,4.998569965362549,0.6666666865348816,1.0,1.0
92,18,-3.3306047916412354,2.2994070053100586,0.5,1.0,1.0
92,19,-8.190424919128418,3.9160003662109375,0.6666666865348816,0.8333333730697632,1.0
92,20,-3.336932897567749,2.3030476570129395,0.75,1.0,1.0
92,21,-5.691885471343994,6.667834281921387,0.3333333432674408,0.6666666865348816,1.0
92,22,-6.711669445037842,28.669525146484375,0.5,0.5,1.0
92,23,-12.484224319458008,8.010106086730957,0.5,0.8333333730697632,1.0
92,24,-2.0173792839050293,7.518595218658447,0.0,1.0,1.0
92,25,-30.599136352539062,6.769627094268799,0.375,0.875,1.0
92,26,-0.5833799839019775,1.3386878967285156,1.0,1.0,1.0
92,27,-5.995344638824463,4.476476192474365,0.75,1.0,1.0
92,28,-8.513303756713867,17.07760238647461,0.0,0.6666666865348816,1.0
92,29,-1.1467417478561401,3.1479194164276123,1.0,1.0,1.0
92,30,-10.071794509887695,153.83755493164062,0.5,0.5,0.5
92,31,-0.5739896297454834,1.3324172496795654,1.0,1.0,1.0
92,32,-5.039159774780273,12.42337703704834,0.5,1.0,1.0
92,33,-1.3564976453781128,1.9704241752624512,1.0,1.0,1.0
92,34,-1.3214887380599976,3.7489986419677734,1.0,1.0,1.0
92,35,-4.142279148101807,7.933859348297119,0.5,1.0,1.0
92,36,-5.246425628662109,3.712132215499878,0.75,1.0,1.0
92,37,-4.470211505889893,4.437407970428467,0.6666666865348816,0.6666666865348816,1.0
92,38,-12.230558395385742,21.27727508544922,0.25,0.5,1.0
92,39,-2.700777530670166,3.8589255809783936,0.5,1.0,1.0
92,40,-16.329483032226562,231.17176818847656,0.0,0.3333333432674408,0.6666666865348816
92,41,-10.410701751708984,5.669590950012207,0.6666666865348816,0.8333333730697632,1.0
92,42,-7.416315078735352,40.778602600097656,0.5,0.5,1.0
92,43,-4.776580810546875,2.599492311477661,0.800000011920929,1.0,1.0
92,44,-7.889743804931641,51.66971969604492,0.0,0.5,1.0
92,45,-6.353804588317871,23.972379684448242,0.5,0.5,1.0
92,46,-19.1788272857666,10.994041442871094,0.5,0.625,1.0
92,47,-22.36649513244629,41.58539962768555,0.5,0.8333333730697632,0.8333333730697632
92,48,-4.984701633453369,146.1599578857422,0.0,0.0,1.0
92,49,-8.648229598999023,75.49864959716797,0.0,0.5,1.0
92,50,-5.130954265594482,13.00686264038086,0.5,1.0,1.0
92,51,-0.2824142575263977,1.1516631841659546,1.0,1.0,1.0
92,52,-3.884275436401367,3.650114059448242,0.6666666865348816,1.0,1.0
92,53,-23.15148162841797,27.31277084350586,0.2857142984867096,0.7142857313156128,1.0
92,54,-8.756237983703613,18.51805305480957,0.3333333432674408,0.6666666865348816,1.0
92,55,-10.216323852539062,165.36611938476562,0.5,0.5,0.5
92,56,-16.94333267211914,29.62642478942871,0.4000000059604645,0.6000000238418579,0.800000011920929
92,57,-1.8028203248977661,6.0667338371276855,1.0,1.0,1.0
92,58,-10.997845649719238,4.812038898468018,0.5714285969734192,1.0,1.0
92,59,-5.4234113693237305,15.054933547973633,0.0,1.0,1.0
92,60,-1.4013936519622803,1.2216459512710571,1.0,1.0,1.0
92,61,-7.547089576721191,43.53411102294922,0.5,0.5,1.0
92,62,-4.3873372077941895,80.42597961425781,0.0,1.0,1.0
92,63,-8.672840118408203,8.742621421813965,0.5,0.75,1.0
92,64,-0.6463348269462585,1.9085328578948975,1.0,1.0,1.0
92,65,-4.714699745178223,10.562921524047852,0.0,1.0,1.0
92,66,-6.808516025543213,3.90283465385437,0.800000011920929,1.0,1.0
92,67,-11.290528297424316,9.564953804016113,0.800000011920929,0.800000011920929,0.800000011920929
92,68,-39.45307159423828,51.69221878051758,0.20000000298023224,0.800000011920929,0.800000011920929
92,69,-20.222442626953125,29.09036636352539,0.3333333432674408,0.6666666865348816,0.8333333730697632
92,70,-12.359880447387695,21.976421356201172,0.5,0.5,1.0
92,71,-6.894678115844727,31.41668128967285,0.5,0.5,1.0
92,72,-3.848193645477295,2.617051839828491,0.5,1.0,1.0
92,73,-7.490478515625,1790.9088134765625,0.0,0.0,1.0
92,74,-15.818151473999023,52.17157745361328,0.5,0.75,0.75
92,75,-2.031095504760742,2.7608752250671387,1.0,1.0,1.0
92,76,-1.7443760633468628,1.788645625114441,0.6666666865348816,1.0,1.0
92,77,-2.6893787384033203,1.5655384063720703,1.0,1.0,1.0
92,78,-12.83962631225586,24.776771545410156,0.75,0.75,0.75
92,79,-4.4494829177856445,3.041560411453247,0.75,1.0,1.0
92,80,-6.069997310638428,7.5634870529174805,0.6666666865348816,0.6666666865348816,1.0
92,81,-6.487640380859375,2.2500557899475098,0.75,1.0,1.0
92,82,-11.056682586669922,39.86747741699219,0.3333333432674408,0.6666666865348816,0.6666666865348816
92,83,-3.7072134017944336,40.74011993408203,0.0,1.0,1.0
92,84,-12.040478706359863,11.112780570983887,0.4000000059604645,0.6000000238418579,1.0
92,85,-2.863524913787842,4.186070442199707,0.0,1.0,1.0
92,86,-26.396730422973633,14.008623123168945,0.6000000238418579,0.699999988079071,0.9000000357627869
92,87,-10.654374122619629,4.5816240310668945,0.5714285969734192,0.8571429252624512,1.0
92,88,-3.622189521789551,6.117140769958496,0.5,1.0,1.0
92,89,-39.43879318237305,2664.46533203125,0.20000000298023224,0.20000000298023224,0.6000000238418579
92,90,-10.824745178222656,6.074649333953857,0.5,1.0,1.0
92,91,-0.8416470289230347,1.523215413093567,1.0,1.0,1.0
92,92,-23.308624267578125,48.65578079223633,0.5,0.6666666865348816,0.8333333730697632
92,93,-1.8659809827804565,1.8626377582550049,0.6666666865348816,1.0,1.0
92,94,-12.281328201293945,21.549057006835938,0.25,0.75,1.0
92,95,-4.559840679168701,9.775901794433594,0.5,1.0,1.0
92,96,-9.025688171386719,9.54886245727539,0.5,0.75,1.0
92,97,-9.715435981750488,11.345929145812988,0.5,0.75,1.0
92,98,-21.283964157104492,8.401384353637695,0.4000000059604645,0.699999988079071,1.0
92,99,-8.117542266845703,14.966996192932129,0.3333333432674408,1.0,1.0
92,100,-6.807007789611816,30.06927490234375,0.0,1.0,1.0
92,101,-7.116137504577637,5.924132823944092,0.25,1.0,1.0
92,102,-1.872823715209961,2.550812244415283,1.0,1.0,1.0
92,103,-0.3345186114311218,1.182060718536377,1.0,1.0,1.0
92,104,-4.003576755523682,1.9488955736160278,0.8333333730697632,1.0,1.0
92,105,-9.848289489746094,26.649309158325195,0.3333333432674408,0.6666666865348816,1.0
92,106,-4.456966400146484,9.285770416259766,0.5,0.5,1.0
92,107,-12.096837997436523,423.4430236816406,0.5,0.5,0.5
92,108,-6.726057052612305,28.87651252746582,0.5,0.5,1.0
92,109,-34.74587631225586,47.49635314941406,0.4444444477558136,0.5555555820465088,0.7777777910232544
92,110,-9.773797988891602,132.5419158935547,0.5,0.5,0.5
92,111,-14.403739929199219,17.827604293823242,0.4000000059604645,0.800000011920929,1.0
92,112,-2.1587636470794678,2.053586721420288,0.6666666865348816,1.0,1.0
92,113,-1.7955235242843628,1.8194019794464111,0.6666666865348816,1.0,1.0
92,114,-3.394526481628418,29.800539016723633,0.0,1.0,1.0
92,115,-11.815666198730469,367.9080810546875,0.0,0.5,0.5
92,116,-2.5811593532562256,3.6348929405212402,0.5,1.0,1.0
92,117,-10.602907180786133,2.260550022125244,0.8461538553237915,0.9230769872665405,1.0
92,118,-9.119053840637207,95.53826904296875,0.5,0.5,0.5
92,119,-2.725468873977661,3.9068617820739746,0.5,1.0,1.0
92,120,-21.04004669189453,13.873851776123047,0.625,0.75,0.875
92,121,-20.042091369628906,28.228961944580078,0.3333333432674408,0.6666666865348816,1.0
92,122,-7.551653861999512,3.5205209255218506,0.6666666865348816,1.0,1.0
92,123,-16.645566940307617,64.16075897216797,0.5,0.75,0.75
92,124,-10.991607666015625,9.009878158569336,0.6000000238418579,0.6000000238418579,1.0
92,125,-9.46434497833252,10.655607223510742,0.5,0.75,1.0
92,126,-16.065698623657227,55.50231170654297,0.5,0.75,0.75
92,127,-2.917750358581543,2.644768238067627,0.6666666865348816,1.0,1.0
92,128,-11.948715209960938,19.829660415649414,0.5,0.5,1.0
92,129,-3.0013561248779297,20.11279296875,0.0,1.0,1.0
92,130,-11.93170166015625,53.36920166015625,0.6666666865348816,0.6666666865348816,0.6666666865348816
92,131,-9.31535530090332,6.443495273590088,0.6000000238418579,1.0,1.0
92,132,-2.2366929054260254,9.36231803894043,0.0,1.0,1.0
92,133,-3.2613582611083984,5.10734224319458,0.5,1.0,1.0
92,134,-12.42167854309082,498.1191101074219,0.0,0.0,1.0
92,135,-1.5036834478378296,1.6507468223571777,0.6666666865348816,1.0,1.0
92,136,-6.311077117919922,23.46567153930664,0.5,1.0,1.0
92,137,-13.651655197143555,921.3385620117188,0.5,0.5,0.5
92,138,-5.908862113952637,7.167957305908203,0.6666666865348816,0.6666666865348816,1.0
92,139,-5.508621692657471,3.0093507766723633,0.6000000238418579,1.0,1.0
92,140,-6.538604736328125,8.842192649841309,0.3333333432674408,1.0,1.0
92,141,-10.343807220458984,13.275919914245605,0.25,1.0,1.0
92,142,-15.03944206237793,20.244604110717773,0.20000000298023224,0.800000011920929,0.800000011920929
92,143,-11.966885566711426,396.80413818359375,0.0,0.5,1.0
92,144,-17.39426040649414,77.36737060546875,0.5,0.75,0.75
92,145,-20.913211822509766,8.095603942871094,0.5,0.800000011920929,1.0
92,146,-12.243877410888672,59.22196960449219,0.0,0.6666666865348816,1.0
92,147,-2.3819234371185303,3.2902438640594482,0.5,1.0,1.0
92,148,-10.371683120727539,178.72378540039062,0.5,0.5,0.5
93,0,-9.503451347351074,115.7839126586914,0.5,0.5,0.5
93,1,-11.419767379760742,4.168144702911377,0.75,0.875,1.0
93,2,-10.606188774108887,200.95770263671875,0.5,0.5,0.5
93,3,-5.191041469573975,179.6555633544922,0.0,1.0,1.0
93,4,-13.196788787841797,733.9158935546875,0.5,0.5,0.5
93,5,-0.4366292953491211,1.2439783811569214,1.0,1.0,1.0
93,6,-0.4026603400707245,1.1436445713043213,1.0,1.0,1.0
93,7,-4.724456787109375,10.614579200744629,0.5,0.5,1.0
93,8,-12.75280475616455,12.814291000366211,0.6000000238418579,0.800000011920929,0.800000011920929
93,9,-0.050164204090833664,1.0253993272781372,1.0,1.0,1.0
93,10,-14.47193431854248,124.45919799804688,0.6666666865348816,0.6666666865348816,0.6666666865348816
93,11,-10.170735359191895,29.673227310180664,0.0,0.6666666865348816,1.0
93,12,-0.9891476631164551,1.6397993564605713,1.0,1.0,1.0
93,13,-11.433961868286133,303.98577880859375,0.5,0.5,1.0
93,14,-3.5382609367370605,3.252488374710083,0.3333333432674408,1.0,1.0
93,15,-6.771647930145264,5.4352850914001465,0.75,0.75,1.0
93,16,-5.387687683105469,6.024869918823242,0.6666666865348816,0.6666666865348816,1.0
93,17,-4.835995674133301,5.012819766998291,0.6666666865348816,1.0,1.0
93,18,-3.3402671813964844,2.3049681186676025,0.5,1.0,1.0
93,19,-8.190640449523926,3.9161407947540283,0.6666666865348816,0.8333333730697632,1.0
93,20,-3.3716139793395996,2.3231022357940674,0.75,1.0,1.0
93,21,-5.711073875427246,6.710619926452637,0.3333333432674408,0.6666666865348816,1.0
93,22,-6.631011962890625,27.53632354736328,0.5,0.5,1.0
93,23,-12.416181564331055,7.919781684875488,0.5,0.8333333730697632,1.0
93,24,-1.9976959228515625,7.372050762176514,0.0,1.0,1.0
93,25,-30.525022506713867,6.738341808319092,0.375,0.875,1.0
93,26,-0.5931088924407959,1.345215916633606,1.0,1.0,1.0
93,27,-5.992154121398926,4.472907066345215,0.75,1.0,1.0
93,28,-8.444072723388672,16.688016891479492,0.0,0.6666666865348816,1.0
93,29,-1.0894230604171753,2.9725587368011475,1.0,1.0,1.0
93,30,-10.172593116760254,161.78958129882812,0.5,0.5,0.5
93,31,-0.5519313216209412,1.3178026676177979,1.0,1.0,1.0
93,32,-5.070844650268555,12.621760368347168,0.5,1.0,1.0
93,33,-1.374966025352478,1.988703727722168,1.0,1.0,1.0
93,34,-1.3596805334091187,3.894948720932007,1.0,1.0,1.0
93,35,-4.13826847076416,7.917965412139893,0.5,1.0,1.0
93,36,-5.2979655265808105,3.760272264480591,0.75,0.75,1.0
93,37,-4.473217964172363,4.441857814788818,0.6666666865348816,0.6666666865348816,1.0
93,38,-12.23298454284668,21.290184020996094,0.25,0.5,1.0
93,39,-2.756863594055176,3.96867299079895,0.5,1.0,1.0
93,40,-16.321674346923828,230.57080078125,0.0,0.3333333432674408,0.6666666865348816
93,41,-10.109682083129883,5.392165660858154,0.6666666865348816,0.8333333730697632,1.0
93,42,-7.4040727615356445,40.529754638671875,0.5,0.5,1.0
93,43,-4.808542251586914,2.616162061691284,0.800000011920929,1.0,1.0
93,44,-7.864590167999268,51.023948669433594,0.0,0.5,1.0
93,45,-6.387589454650879,24.380769729614258,0.5,0.5,1.0
93,46,-19.116519927978516,10.908747673034668,0.5,0.625,1.0
93,47,-22.399677276611328,41.816017150878906,0.5,0.8333333730697632,0.8333333730697632
93,48,-4.96135139465332,142.78662109375,0.0,0.0,1.0
93,49,-8.753734588623047,79.58831787109375,0.0,0.5,1.0
93,50,-5.082824230194092,12.697589874267578,0.5,1.0,1.0
93,51,-0.27062734961509705,1.1448957920074463,1.0,1.0,1.0
93,52,-3.8657963275909424,3.627699851989746,0.6666666865348816,1.0,1.0
93,53,-23.02216339111328,26.812833786010742,0.2857142984867096,0.7142857313156128,1.0
93,54,-8.843917846679688,19.067256927490234,0.3333333432674408,0.6666666865348816,1.0
93,55,-10.031059265136719,150.73594665527344,0.5,0.5,1.0
93,56,-16.892589569091797,29.3272705078125,0.4000000059604645,0.6000000238418579,0.800000011920929
93,57,-1.8270976543426514,6.2158203125,1.0,1.0,1.0
93,58,-10.829127311706543,4.697442531585693,0.5714285969734192,1.0,1.0
93,59,-5.440406322479248,15.183406829833984,0.0,1.0,1.0
93,60,-1.4247502088546753,1.225728988647461,1.0,1.0,1.0
93,61,-7.55247688293457,43.65153503417969,0.5,0.5,1.0
93,62,-4.405200958251953,81.87560272216797,0.0,1.0,1.0
93,63,-8.724754333496094,8.856826782226562,0.5,0.75,1.0
93,64,-0.635417103767395,1.8878095149993896,1.0,1.0,1.0
93,65,-4.726528167724609,10.625577926635742,0.0,1.0,1.0
93,66,-6.9934234619140625,4.049869537353516,0.800000011920929,1.0,1.0
93,67,-11.326767921447754,9.634531021118164,0.800000011920929,0.800000011920929,0.800000011920929
93,68,-39.5418815612793,52.1533317565918,0.20000000298023224,0.699999988079071,0.800000011920929
93,69,-20.1611385345459,28.794652938842773,0.3333333432674408,0.6666666865348816,0.8333333730697632
93,70,-12.319808006286621,21.757356643676758,0.5,0.5,1.0
93,71,-6.913948059082031,31.720844268798828,0.5,0.5,1.0
93,72,-3.8876893520355225,2.6430203914642334,0.5,1.0,1.0
93,73,-7.396398544311523,1630.10302734375,0.0,0.0,1.0
93,74,-15.858712196350098,52.70330047607422,0.5,0.75,0.75
93,75,-2.055467128753662,2.794724464416504,1.0,1.0,1.0
93,76,-1.7345974445343018,1.782824993133545,0.6666666865348816,1.0,1.0
93,77,-2.7625479698181152,1.5847468376159668,1.0,1.0,1.0
93,78,-12.88546085357666,25.06231117248535,0.75,0.75,0.75
93,79,-4.553989887237549,3.1220736503601074,0.75,1.0,1.0
93,80,-6.102126121520996,7.644926071166992,0.6666666865348816,0.6666666865348816,1.0
93,81,-6.447847366333008,2.2388916015625,0.75,1.0,1.0
93,82,-11.180728912353516,41.55050277709961,0.3333333432674408,0.6666666865348816,0.6666666865348816
93,83,-3.7049407958984375,40.647640228271484,0.0,1.0,1.0
93,84,-12.124345779418945,11.300749778747559,0.4000000059604645,0.6000000238418579,1.0
93,85,-2.7964420318603516,4.04799222946167,0.0,1.0,1.0
93,86,-26.190410614013672,13.722557067871094,0.6000000238418579,0.699999988079071,0.9000000357627869
93,87,-10.6519775390625,4.5800557136535645,0.5714285969734192,0.8571429252624512,1.0
93,88,-3.664931297302246,6.249276638031006,0.5,1.0,1.0
93,89,-39.35480499267578,2620.082763671875,0.20000000298023224,0.20000000298023224,0.6000000238418579
93,90,-10.714466094970703,5.964017391204834,0.5,1.0,1.0
93,91,-0.8271663784980774,1.5122265815734863,1.0,1.0,1.0
93,92,-23.233396530151367,48.04954528808594,0.6666666865348816,0.6666666865348816,0.8333333730697632
93,93,-1.8237581253051758,1.8366062641143799,0.6666666865348816,1.0,1.0
93,94,-12.028491973876953,20.229116439819336,0.25,0.75,1.0
93,95,-4.539120197296143,9.675143241882324,0.5,1.0,1.0
93,96,-9.063467025756836,9.63947582244873,0.5,0.75,1.0
93,97,-9.673307418823242,11.227059364318848,0.5,0.75,1.0
93,98,-21.145336151123047,8.285720825195312,0.4000000059604645,0.800000011920929,1.0
93,99,-8.1362886428833,15.060812950134277,0.3333333432674408,1.0,1.0
93,100,-6.785433769226074,29.746662139892578,0.0,1.0,1.0
93,101,-7.073177337646484,5.860848426818848,0.25,1.0,1.0
93,102,-1.8336381912231445,2.501321315765381,1.0,1.0,1.0
93,103,-0.3492504954338074,1.1907999515533447,1.0,1.0,1.0
93,104,-4.050854682922363,1.9643127918243408,0.8333333730697632,1.0,1.0
93,105,-9.901641845703125,27.127483367919922,0.3333333432674408,0.6666666865348816,1.0
93,106,-4.454319000244141,9.273487091064453,0.5,0.5,1.0
93,107,-12.125892639160156,429.6394348144531,0.5,0.5,0.5
93,108,-6.7298760414123535,28.931703567504883,0.5,0.5,1.0
93,109,-34.752742767333984,47.5326042175293,0.4444444477558136,0.5555555820465088,0.7777777910232544
93,110,-9.76865005493164,132.20120239257812,0.5,0.5,0.5
93,111,-14.502434730529785,18.18299674987793,0.4000000059604645,0.800000011920929,1.0
93,112,-2.187159776687622,2.0731170177459717,0.6666666865348816,1.0,1.0
93,113,-1.8170089721679688,1.8324788808822632,0.6666666865348816,1.0,1.0
93,114,-3.3889381885528564,29.634469985961914,0.0,1.0,1.0
93,115,-11.806279182434082,366.1853332519531,0.0,0.5,0.5
93,116,-2.573702335357666,3.621365547180176,0.5,1.0,1.0
93,117,-10.535170555114746,2.248802423477173,0.8461538553237915,0.9230769872665405,1.0
93,118,-9.201342582702637,99.55111694335938,0.5,0.5,0.5
93,119,-2.6793406009674072,3.817784547805786,0.5,1.0,1.0
93,120,-21.270793914794922,14.279847145080566,0.5,0.75,0.875
93,121,-20.120075225830078,28.5982608795166,0.3333333432674408,0.6666666865348816,1.0
93,122,-7.468184471130371,3.471884250640869,0.6666666865348816,1.0,1.0
93,123,-16.62731170654297,63.86860656738281,0.5,0.75,0.75
93,124,-11.13612174987793,9.274088859558105,0.6000000238418579,0.6000000238418579,1.0
93,125,-9.436960220336914,10.582905769348145,0.5,0.75,1.0
93,126,-16.168302536010742,56.94441604614258,0.5,0.75,0.75
93,127,-2.9332189559936523,2.658440351486206,0.6666666865348816,1.0,1.0
93,128,-12.03759479522705,20.275205612182617,0.5,0.5,1.0
93,129,-2.9639220237731934,19.373807907104492,0.0,1.0,1.0
93,130,-11.931386947631836,53.36360549926758,0.6666666865348816,0.6666666865348816,0.6666666865348816
93,131,-9.333444595336914,6.466849327087402,0.6000000238418579,1.0,1.0
93,132,-2.200204372406006,9.02685832977295,0.0,1.0,1.0
93,133,-3.2572176456451416,5.096778869628906,0.5,1.0,1.0
93,134,-12.559993743896484,533.7869873046875,0.0,0.0,1.0
93,135,-1.5319433212280273,1.6663702726364136,0.6666666865348816,1.0,1.0
93,136,-6.291083812713623,23.232261657714844,0.5,1.0,1.0
93,137,-13.606062889099121,900.5731811523438,0.5,0.5,0.5
93,138,-5.985557556152344,7.353569507598877,0.6666666865348816,0.6666666865348816,1.0
93,139,-5.526695728302002,3.0202486515045166,0.6000000238418579,1.0,1.0
93,140,-6.57747745513916,8.957511901855469,0.3333333432674408,1.0,1.0
93,141,-10.393566131591797,13.442099571228027,0.25,1.0,1.0
93,142,-15.109702110290527,20.531091690063477,0.20000000298023224,0.800000011920929,0.800000011920929
93,143,-11.990915298461914,401.6004333496094,0.0,0.5,1.0
93,144,-17.457111358642578,78.5926284790039,0.5,0.75,0.75
93,145,-20.778278350830078,7.987102031707764,0.5,0.800000011920929,1.0
93,146,-12.214056968688965,58.63621139526367,0.0,0.6666666865348816,1.0
93,147,-2.3587334156036377,3.2523138523101807,0.5,1.0,1.0
93,148,-10.369566917419434,178.53477478027344,0.5,0.5,0.5
94,0,-9.586040496826172,120.66526794433594,0.5,0.5,0.5
94,1,-11.467713356018066,4.19320011138916,0.75,0.875,1.0
94,2,-10.635269165039062,203.9010009765625,0.5,0.5,0.5
94,3,-5.177863121032715,177.30352783203125,0.0,1.0,1.0
94,4,-13.205883979797363,737.2610473632812,0.5,0.5,0.5
94,5,-0.42723485827445984,1.2381489276885986,1.0,1.0,1.0
94,6,-0.40749213099479675,1.145487904548645,1.0,1.0,1.0
94,7,-4.749159812927246,10.746498107910156,0.5,0.5,1.0
94,8,-12.762239456176758,12.838492393493652,0.6000000238418579,0.800000011920929,0.800000011920929
94,9,-0.0511515811085701,1.0259056091308594,1.0,1.0,1.0
94,10,-14.480114936828613,124.79906463623047,0.6666666865348816,0.6666666865348816,0.6666666865348816
94,11,-10.191951751708984,29.883817672729492,0.0,0.6666666865348816,1.0
94,12,-0.9839299321174622,1.6355268955230713,1.0,1.0,1.0
94,13,-11.442357063293457,305.2644958496094,0.5,0.5,1.0
94,14,-3.5790598392486572,3.297023057937622,0.3333333432674408,1.0,1.0
94,15,-6.683384895324707,5.316664695739746,0.75,0.75,1.0
94,16,-5.329455852508545,5.909051418304443,0.6666666865348816,0.6666666865348816,1.0
94,17,-4.876964569091797,5.081745147705078,0.6666666865348816,1.0,1.0
94,18,-3.298067092895508,2.280778408050537,0.5,1.0,1.0
94,19,-8.144006729125977,3.885821580886841,0.6666666865348816,1.0,1.0
94,20,-3.3940861225128174,2.3361904621124268,0.75,1.0,1.0
94,21,-5.648434638977051,6.571956634521484,0.3333333432674408,0.6666666865348816,1.0
94,22,-6.62623405456543,27.470619201660156,0.5,0.5,1.0
94,23,-12.443155288696289,7.955465793609619,0.5,0.8333333730697632,1.0
94,24,-2.01867413520813,7.528337001800537,0.0,1.0,1.0
94,25,-30.590959548950195,6.766168594360352,0.375,0.875,1.0
94,26,-0.575066864490509,1.3331352472305298,1.0,1.0,1.0
94,27,-6.03413200378418,4.520094871520996,0.75,1.0,1.0
94,28,-8.414339065551758,16.523435592651367,0.0,0.6666666865348816,1.0
94,29,-1.1380653381347656,3.120724678039551,1.0,1.0,1.0
94,30,-10.14768123626709,159.78683471679688,0.5,0.5,0.5
94,31,-0.5614535808563232,1.3240917921066284,1.0,1.0,1.0
94,32,-5.057946681976318,12.540624618530273,0.5,1.0,1.0
94,33,-1.377310037612915,1.99103581905365,1.0,1.0,1.0
94,34,-1.3364429473876953,3.805483102798462,1.0,1.0,1.0
94,35,-4.19841194152832,8.159688949584961,0.5,0.5,1.0
94,36,-5.276112079620361,3.7397847175598145,0.75,0.75,1.0
94,37,-4.3695387840271,4.290970325469971,0.6666666865348816,0.6666666865348816,1.0
94,38,-12.183904647827148,21.030550003051758,0.25,0.5,1.0
94,39,-2.731830596923828,3.919308662414551,0.5,1.0,1.0
94,40,-16.293725967407227,228.4327850341797,0.0,0.3333333432674408,0.6666666865348816
94,41,-10.99960994720459,6.254293918609619,0.6666666865348816,0.8333333730697632,1.0
94,42,-7.380124568939209,40.047340393066406,0.5,0.5,1.0
94,43,-4.790010452270508,2.6064839363098145,0.800000011920929,1.0,1.0
94,44,-7.967255592346191,53.7115364074707,0.0,0.5,1.0
94,45,-6.373074054718018,24.2044620513916,0.5,0.5,1.0
94,46,-19.205692291259766,11.031022071838379,0.5,0.625,1.0
94,47,-22.53841781616211,42.79421615600586,0.5,0.8333333730697632,0.8333333730697632
94,48,-5.00352668762207,148.93748474121094,0.0,0.0,1.0
94,49,-8.702507019042969,77.57564544677734,0.0,0.5,1.0
94,50,-5.105069160461426,12.839606285095215,0.5,1.0,1.0
94,51,-0.2728478014469147,1.1461676359176636,1.0,1.0,1.0
94,52,-3.842677116394043,3.599850654602051,0.6666666865348816,1.0,1.0
94,53,-23.352951049804688,28.11029624938965,0.2857142984867096,0.7142857313156128,1.0
94,54,-8.737520217895508,18.402873992919922,0.3333333432674408,0.6666666865348816,1.0
94,55,-10.156076431274414,160.45896911621094,0.5,0.5,1.0
94,56,-16.905166625976562,29.401138305664062,0.4000000059604645,0.6000000238418579,0.800000011920929
94,57,-1.7904531955718994,5.9921674728393555,1.0,1.0,1.0
94,58,-10.928404808044434,4.764538764953613,0.5714285969734192,1.0,1.0
94,59,-5.411159992218018,14.962993621826172,0.0,1.0,1.0
94,60,-1.4156166315078735,1.2241307497024536,1.0,1.0,1.0
94,61,-7.54902982711792,43.57636642456055,0.5,0.5,1.0
94,62,-4.427375316619873,83.71141052246094,0.0,1.0,1.0
94,63,-8.688711166381836,8.777379035949707,0.5,0.75,1.0
94,64,-0.6286437511444092,1.875065803527832,1.0,1.0,1.0
94,65,-4.752362251281738,10.763718605041504,0.0,1.0,1.0
94,66,-6.902285099029541,3.9767186641693115,0.800000011920929,1.0,1.0
94,67,-11.160715103149414,9.319816589355469,0.800000011920929,0.800000011920929,0.800000011920929
94,68,-39.59135818481445,52.412010192871094,0.20000000298023224,0.699999988079071,0.800000011920929
94,69,-20.205522537231445,29.008447647094727,0.3333333432674408,0.6666666865348816,0.8333333730697632
94,70,-12.320950508117676,21.763572692871094,0.5,0.5,1.0
94,71,-6.999589920043945,33.10866165161133,0.5,0.5,1.0
94,72,-4.0269455909729,2.7366549968719482,0.5,1.0,1.0
94,73,-7.443297386169434,1708.3741455078125,0.0,0.0,1.0
94,74,-15.809640884399414,52.060691833496094,0.5,0.75,0.75
94,75,-2.0443196296691895,2.7791907787323,1.0,1.0,1.0
94,76,-1.7380263805389404,1.7848639488220215,0.6666666865348816,1.0,1.0
94,77,-2.7079596519470215,1.5703940391540527,1.0,1.0,1.0
94,78,-12.873333930969238,24.9864444732666,0.75,0.75,0.75
94,79,-4.514557838439941,3.091447591781616,0.75,1.0,1.0
94,80,-6.115943908691406,7.680217742919922,0.6666666865348816,0.6666666865348816,1.0
94,81,-6.3815178871154785,2.220405340194702,0.75,1.0,1.0
94,82,-11.177762985229492,41.50944137573242,0.3333333432674408,0.6666666865348816,0.6666666865348816
94,83,-3.6588335037231445,38.816036224365234,0.0,1.0,1.0
94,84,-12.120707511901855,11.292530059814453,0.4000000059604645,0.6000000238418579,1.0
94,85,-2.827256202697754,4.110843181610107,0.0,1.0,1.0
94,86,-26.362524032592773,13.960786819458008,0.6000000238418579,0.699999988079071,0.9000000357627869
94,87,-10.66267204284668,4.587058067321777,0.5714285969734192,0.8571429252624512,1.0
94,88,-3.632850408554077,6.149835109710693,0.5,1.0,1.0
94,89,-39.507266998291016,2701.205810546875,0.20000000298023224,0.20000000298023224,0.6000000238418579
94,90,-10.778144836425781,6.027652263641357,0.5,1.0,1.0
94,91,-0.7678040266036987,1.4680016040802002,1.0,1.0,1.0
94,92,-23.360450744628906,49.07788848876953,0.5,0.6666666865348816,0.8333333730697632
94,93,-1.8500123023986816,1.8527495861053467,0.6666666865348816,1.0,1.0
94,94,-12.182476043701172,21.023040771484375,0.25,0.75,1.0
94,95,-4.633325576782227,10.141772270202637,0.5,1.0,1.0
94,96,-8.968270301818848,9.412773132324219,0.5,0.75,1.0
94,97,-9.658500671386719,11.185576438903809,0.5,0.75,1.0
94,98,-21.32310676574707,8.434332847595215,0.4000000059604645,0.800000011920929,1.0
94,99,-8.097925186157227,14.869443893432617,0.3333333432674408,1.0,1.0
94,100,-6.823772430419922,30.322385787963867,0.0,1.0,1.0
94,101,-7.139112949371338,5.958258628845215,0.25,1.0,1.0
94,102,-1.886912226676941,2.5688443183898926,1.0,1.0,1.0
94,103,-0.33521953225135803,1.1824750900268555,1.0,1.0,1.0
94,104,-4.0290985107421875,1.9572030305862427,0.8333333730697632,1.0,1.0
94,105,-9.92691421508789,27.356971740722656,0.3333333432674408,0.6666666865348816,1.0
94,106,-4.402560710906982,9.036576271057129,0.5,0.5,1.0
94,107,-12.155277252197266,435.9984130859375,0.5,0.5,0.5
94,108,-6.713012218475342,28.68878173828125,0.5,0.5,1.0
94,109,-34.91789627075195,48.41289520263672,0.4444444477558136,0.5555555820465088,0.7777777910232544
94,110,-9.806564331054688,134.73126220703125,0.5,0.5,0.5
94,111,-14.537960052490234,18.31264877319336,0.4000000059604645,0.800000011920929,1.0
94,112,-2.218552589416504,2.0949244499206543,0.6666666865348816,1.0,1.0
94,113,-1.800779104232788,1.8225921392440796,0.6666666865348816,1.0,1.0
94,114,-3.3437070846557617,28.323930740356445,0.0,1.0,1.0
94,115,-11.873359680175781,378.6755676269531,0.0,0.5,0.5
94,116,-2.5597054958343506,3.5961103439331055,0.5,1.0,1.0
94,117,-10.802900314331055,2.295595645904541,0.8461538553237915,0.9230769872665405,1.0
94,118,-9.176651954650879,98.3296890258789,0.5,0.5,0.5
94,119,-2.717656135559082,3.891629934310913,0.5,1.0,1.0
94,120,-21.138351440429688,14.04538631439209,0.625,0.75,0.875
94,121,-20.118587493896484,28.591171264648438,0.3333333432674408,0.6666666865348816,1.0
94,122,-7.424853801727295,3.4469010829925537,0.6666666865348816,1.0,1.0
94,123,-16.659780502319336,64.38915252685547,0.5,0.75,0.75
94,124,-11.08148193359375,9.173294067382812,0.6000000238418579,0.6000000238418579,1.0
94,125,-9.462255477905273,10.650042533874512,0.5,0.75,1.0
94,126,-16.029788970947266,55.00627136230469,0.5,0.75,0.75
94,127,-2.92588472366333,2.651949167251587,0.6666666865348816,1.0,1.0
94,128,-12.037799835205078,20.276243209838867,0.5,0.5,1.0
94,129,-2.9637317657470703,19.3701229095459,0.0,1.0,1.0
94,130,-11.934481620788574,53.41868591308594,0.6666666865348816,0.6666666865348816,0.6666666865348816
94,131,-9.289766311645508,6.410603046417236,0.6000000238418579,1.0,1.0
94,132,-2.2055468559265137,9.075213432312012,0.0,1.0,1.0
94,133,-3.2253034114837646,5.01609468460083,0.5,1.0,1.0
94,134,-12.482872009277344,513.5955200195312,0.0,0.0,1.0
94,135,-1.4828217029571533,1.6393074989318848,0.6666666865348816,1.0,1.0
94,136,-6.280483722686768,23.10945701599121,0.5,1.0,1.0
94,137,-13.623246192932129,908.3439331054688,0.5,0.5,0.5
94,138,-5.993311405181885,7.372600555419922,0.6666666865348816,0.6666666865348816,1.0
94,139,-5.486690521240234,2.9961798191070557,0.6000000238418579,1.0,1.0
94,140,-6.562519073486328,8.912960052490234,0.3333333432674408,1.0,1.0
94,141,-10.36474323272705,13.345587730407715,0.25,1.0,1.0
94,142,-15.102993965148926,20.503568649291992,0.20000000298023224,0.800000011920929,0.800000011920929
94,143,-11.942808151245117,392.0557556152344,0.0,0.5,1.0
94,144,-17.4263916015625,77.99134826660156,0.5,0.75,0.75
94,145,-20.956310272216797,8.130570411682129,0.5,0.800000011920929,1.0
94,146,-12.226655960083008,58.882972717285156,0.0,0.6666666865348816,1.0
94,147,-2.330371856689453,3.2065188884735107,0.5,1.0,1.0
94,148,-10.353425979614258,177.0997314453125,0.5,0.5,0.5
95,0,-9.585123062133789,120.60992431640625,0.5,0.5,0.5
95,1,-11.492938995361328,4.206442832946777,0.75,0.875,1.0
95,2,-10.672030448913574,207.68348693847656,0.5,0.5,0.5
95,3,-5.263505458831787,193.15740966796875,0.0,1.0,1.0
95,4,-13.242172241210938,750.7600708007812,0.5,0.5,0.5
95,5,-0.42775648832321167,1.2384718656539917,1.0,1.0,1.0
95,6,-0.3983902633190155,1.1420178413391113,1.0,1.0,1.0
95,7,-4.663778305053711,10.29737663269043,0.5,0.5,1.0
95,8,-12.68172836303711,12.633420944213867,0.6000000238418579,0.800000011920929,0.800000011920929
95,9,-0.05274268612265587,1.0267221927642822,1.0,1.0,1.0
95,10,-14.408342361450195,121.84876251220703,0.6666666865348816,0.6666666865348816,0.6666666865348816
95,11,-10.258481979370117,30.5539493560791,0.0,0.6666666865348816,1.0
95,12,-1.0062696933746338,1.6538978815078735,1.0,1.0,1.0
95,13,-11.467329978942871,309.10003662109375,0.5,0.5,1.0
95,14,-3.5726027488708496,3.2899343967437744,0.3333333432674408,1.0,1.0
95,15,-6.794454574584961,5.466363906860352,0.75,0.75,1.0
95,16,-5.380435466766357,6.0103230476379395,0.6666666865348816,0.6666666865348816,1.0
95,17,-4.824560165405273,4.993747711181641,0.6666666865348816,1.0,1.0
95,18,-3.289973020553589,2.276167869567871,0.5,1.0,1.0
95,19,-8.158461570739746,3.8951942920684814,0.6666666865348816,0.8333333730697632,1.0
95,20,-3.4447479248046875,2.365967273712158,0.75,1.0,1.0
95,21,-5.676366329193115,6.633431434631348,0.3333333432674408,0.6666666865348816,1.0
95,22,-6.679842948913574,28.21691131591797,0.5,0.5,1.0
95,23,-12.434366226196289,7.943820953369141,0.5,0.8333333730697632,1.0
95,24,-2.0000152587890625,7.389169216156006,0.0,1.0,1.0
95,25,-30.536962509155273,6.743372440338135,0.375,0.875,1.0
95,26,-0.5853278636932373,1.3399924039840698,1.0,1.0,1.0
95,27,-6.061639785766602,4.551286697387695,0.75,1.0,1.0
95,28,-8.43931770324707,16.66158676147461,0.0,0.6666666865348816,1.0
95,29,-1.1262843608856201,3.0841755867004395,1.0,1.0,1.0
95,30,-10.094879150390625,155.6234893798828,0.5,0.5,0.5
95,31,-0.5507073402404785,1.316996455192566,1.0,1.0,1.0
95,32,-5.057809829711914,12.539766311645508,0.5,1.0,1.0
95,33,-1.3252606391906738,1.9398881196975708,1.0,1.0,1.0
95,34,-1.3421046733856201,3.827089786529541,1.0,1.0,1.0
95,35,-4.180359363555908,8.086368560791016,0.5,0.5,1.0
95,36,-5.366014003753662,3.824789524078369,0.75,0.75,1.0
95,37,-4.373703479766846,4.296931266784668,0.6666666865348816,0.6666666865348816,1.0
95,38,-12.195735931396484,21.09284782409668,0.25,0.5,1.0
95,39,-2.7406744956970215,3.936677932739258,0.5,1.0,1.0
95,40,-16.39138412475586,235.99124145507812,0.0,0.3333333432674408,0.6666666865348816
95,41,-10.064751625061035,5.351937294006348,0.6666666865348816,0.8333333730697632,1.0
95,42,-7.422883987426758,40.91276168823242,0.5,0.5,1.0
95,43,-4.809725284576416,2.616781234741211,0.800000011920929,1.0,1.0
95,44,-7.926959037780762,52.64017105102539,0.0,0.5,1.0
95,45,-6.33543062210083,23.753154754638672,0.5,0.5,1.0
95,46,-19.29914665222168,11.160639762878418,0.5,0.625,1.0
95,47,-22.616117477416992,43.35200119018555,0.5,0.8333333730697632,0.8333333730697632
95,48,-4.983011245727539,145.91310119628906,0.0,0.0,1.0
95,49,-8.645942687988281,75.41236877441406,0.0,0.5,1.0
95,50,-5.10837459564209,12.860843658447266,0.5,1.0,1.0
95,51,-0.2673276364803314,1.1430084705352783,1.0,1.0,1.0
95,52,-3.834195137023926,3.5896873474121094,0.6666666865348816,1.0,1.0
95,53,-23.095993041992188,27.097122192382812,0.1428571492433548,0.7142857313156128,1.0
95,54,-8.774641036987305,18.631996154785156,0.3333333432674408,0.6666666865348816,1.0
95,55,-10.170269012451172,161.60166931152344,0.5,0.5,1.0
95,56,-16.79847526550293,28.780410766601562,0.4000000059604645,0.6000000238418579,0.800000011920929
95,57,-1.7822508811950684,5.94321870803833,1.0,1.0,1.0
95,58,-10.947161674499512,4.777322292327881,0.5714285969734192,1.0,1.0
95,59,-5.485727310180664,15.531397819519043,0.0,1.0,1.0
95,60,-1.3897689580917358,1.2196189165115356,1.0,1.0,1.0
95,61,-7.497730255126953,42.47285079956055,0.5,0.5,1.0
95,62,-4.389702796936035,80.616455078125,0.0,1.0,1.0
95,63,-8.72891616821289,8.866046905517578,0.5,0.75,1.0
95,64,-0.6452299356460571,1.9064252376556396,1.0,1.0,1.0
95,65,-4.678104400634766,10.3714017868042,0.0,1.0,1.0
95,66,-6.876906871795654,3.956585168838501,0.800000011920929,1.0,1.0
95,67,-11.283197402954102,9.550938606262207,0.800000011920929,0.800000011920929,0.800000011920929
95,68,-39.736671447753906,53.17919158935547,0.20000000298023224,0.800000011920929,0.800000011920929
95,69,-20.192359924316406,28.944881439208984,0.3333333432674408,0.6666666865348816,0.8333333730697632
95,70,-12.295178413391113,21.62380027770996,0.5,0.5,1.0
95,71,-6.994525909423828,33.02493667602539,0.5,0.5,1.0
95,72,-3.966008186340332,2.695280075073242,0.5,1.0,1.0
95,73,-7.425772666931152,1678.6961669921875,0.0,0.0,1.0
95,74,-15.83409309387207,52.37991714477539,0.5,0.75,0.75
95,75,-2.0602352619171143,2.8013954162597656,1.0,1.0,1.0
95,76,-1.7217358350753784,1.775197982788086,0.6666666865348816,1.0,1.0
95,77,-2.7841579914093018,1.5904649496078491,1.0,1.0,1.0
95,78,-12.939632415771484,25.404037475585938,0.75,0.75,0.75
95,79,-4.529545783996582,3.103052854537964,0.75,1.0,1.0
95,80,-6.120262145996094,7.691282272338867,0.6666666865348816,0.6666666865348816,1.0
95,81,-6.426288604736328,2.2328662872314453,0.75,1.0,1.0
95,82,-11.19274616241455,41.71727752685547,0.3333333432674408,0.6666666865348816,0.6666666865348816
95,83,-3.665046215057373,39.05794143676758,0.0,1.0,1.0
95,84,-12.054728507995605,11.144495010375977,0.4000000059604645,0.6000000238418579,1.0
95,85,-2.8064746856689453,4.068349361419678,0.0,1.0,1.0
95,86,-26.269866943359375,13.832027435302734,0.6000000238418579,0.699999988079071,0.9000000357627869
95,87,-10.689722061157227,4.604818344116211,0.5714285969734192,0.8571429252624512,1.0
95,88,-3.6490485668182373,6.199845314025879,0.5,1.0,1.0
95,89,-39.45490264892578,2673.06396484375,0.20000000298023224,0.20000000298023224,0.6000000238418579
95,90,-10.636655807495117,5.887173652648926,0.5,1.0,1.0
95,91,-0.7657122015953064,1.466467022895813,1.0,1.0,1.0
95,92,-23.188358306884766,47.69021987915039,0.6666666865348816,0.6666666865348816,0.8333333730697632
95,93,-1.853021264076233,1.8546087741851807,0.6666666865348816,1.0,1.0
95,94,-12.173553466796875,20.976198196411133,0.25,0.75,1.0
95,95,-4.615697383880615,10.052774429321289,0.5,1.0,1.0
95,96,-9.010347366333008,9.512310981750488,0.5,0.75,1.0
95,97,-9.6890230178833,11.271256446838379,0.5,0.75,1.0
95,98,-21.481889724731445,8.56932544708252,0.4000000059604645,0.699999988079071,1.0
95,99,-8.075688362121582,14.759636878967285,0.3333333432674408,1.0,1.0
95,100,-6.864220142364502,30.941864013671875,0.0,1.0,1.0
95,101,-7.093692302703857,5.890984535217285,0.25,1.0,1.0
95,102,-1.878319501876831,2.5578315258026123,1.0,1.0,1.0
95,103,-0.3364682197570801,1.1832135915756226,1.0,1.0,1.0
95,104,-4.031598091125488,1.95801842212677,0.8333333730697632,1.0,1.0
95,105,-9.880037307739258,26.93282127380371,0.3333333432674408,0.6666666865348816,1.0
95,106,-4.436173439025879,9.18973159790039,0.5,0.5,1.0
95,107,-12.092253684997559,422.4735412597656,0.5,0.5,0.5
95,108,-6.732229709625244,28.96577262878418,0.5,0.5,1.0
95,109,-34.74660873413086,47.50021743774414,0.4444444477558136,0.5555555820465088,0.7777777910232544
95,110,-9.790820121765137,133.67481994628906,0.5,0.5,0.5
95,111,-14.457113265991211,18.01892852783203,0.4000000059604645,0.800000011920929,1.0
95,112,-2.2073142528533936,2.0870914459228516,0.6666666865348816,1.0,1.0
95,113,-1.8086638450622559,1.8273886442184448,0.6666666865348816,1.0,1.0
95,114,-3.4388766288757324,31.151941299438477,0.0,1.0,1.0
95,115,-11.880879402160645,380.1020202636719,0.0,0.5,0.5
95,116,-2.579231023788452,3.631389856338501,0.5,1.0,1.0
95,117,-10.62647819519043,2.2646524906158447,0.8461538553237915,0.9230769872665405,1.0
95,118,-9.118706703186035,95.52169036865234,0.5,0.5,0.5
95,119,-2.7149157524108887,3.886301279067993,0.5,1.0,1.0
95,120,-21.261455535888672,14.263188362121582,0.625,0.75,0.875
95,121,-20.192331314086914,28.944744110107422,0.3333333432674408,0.6666666865348816,1.0
95,122,-7.518184185028076,3.500936985015869,0.6666666865348816,1.0,1.0
95,123,-16.6250057220459,63.83179473876953,0.5,0.75,0.75
95,124,-11.03181266784668,9.082618713378906,0.6000000238418579,0.6000000238418579,1.0
95,125,-9.434555053710938,10.576544761657715,0.5,0.75,1.0
95,126,-16.001155853271484,54.61392593383789,0.5,0.75,0.75
95,127,-2.9353883266448975,2.6603634357452393,0.6666666865348816,1.0,1.0
95,128,-11.990785598754883,20.03931999206543,0.5,0.5,1.0
95,129,-2.9422049522399902,18.95760154724121,0.0,1.0,1.0
95,130,-11.99079704284668,54.430912017822266,0.6666666865348816,0.6666666865348816,0.6666666865348816
95,131,-9.43117904663086,6.594499111175537,0.6000000238418579,1.0,1.0
95,132,-2.217927932739258,9.188272476196289,0.0,1.0,1.0
95,133,-3.1995084285736084,4.951815128326416,0.5,1.0,1.0
95,134,-12.49946403503418,517.8740234375,0.0,0.0,1.0
95,135,-1.4980270862579346,1.6476372480392456,0.6666666865348816,1.0,1.0
95,136,-6.29677152633667,23.298425674438477,0.5,1.0,1.0
95,137,-13.607927322387695,901.4130859375,0.5,0.5,0.5
95,138,-5.959088325500488,7.288974285125732,0.6666666865348816,0.6666666865348816,1.0
95,139,-5.471451282501221,2.9870619773864746,0.6000000238418579,1.0,1.0
95,140,-6.565662384033203,8.92230224609375,0.3333333432674408,1.0,1.0
95,141,-10.314600944519043,13.179337501525879,0.25,1.0,1.0
95,142,-15.064298629760742,20.345500946044922,0.20000000298023224,0.800000011920929,0.800000011920929
95,143,-11.967684745788574,396.9627380371094,0.0,0.5,1.0
95,144,-17.39739990234375,77.42811584472656,0.5,0.75,0.75
95,145,-20.742189407348633,7.958328723907471,0.5,0.800000011920929,1.0
95,146,-12.246335983276367,59.270503997802734,0.0,0.6666666865348816,1.0
95,147,-2.278128147125244,3.123843193054199,0.5,1.0,1.0
95,148,-10.377237319946289,179.2208251953125,0.5,0.5,0.5
96,0,-9.594331741333008,121.1665267944336,0.5,0.5,0.5
96,1,-11.44093132019043,4.17918586730957,0.75,0.875,1.0
96,2,-10.604254722595215,200.76344299316406,0.5,0.5,0.5
96,3,-5.272258758544922,194.85560607910156,0.0,1.0,1.0
96,4,-13.23628044128418,748.5516357421875,0.5,0.5,0.5
96,5,-0.43761903047561646,1.2445942163467407,1.0,1.0,1.0
96,6,-0.367820143699646,1.1304397583007812,1.0,1.0,1.0
96,7,-4.721927642822266,10.601164817810059,0.5,0.5,1.0
96,8,-12.745685577392578,12.79605770111084,0.6000000238418579,0.800000011920929,0.800000011920929
96,9,-0.05107619985938072,1.025866985321045,1.0,1.0,1.0
96,10,-14.382667541503906,120.8104019165039,0.6666666865348816,0.6666666865348816,0.6666666865348816
96,11,-10.25517463684082,30.520282745361328,0.0,0.6666666865348816,1.0
96,12,-1.002756118774414,1.650994896888733,1.0,1.0,1.0
96,13,-11.461236953735352,308.1598205566406,0.5,0.5,1.0
96,14,-3.5827040672302246,3.3010306358337402,0.3333333432674408,1.0,1.0
96,15,-6.764659881591797,5.425797939300537,0.75,0.75,1.0
96,16,-5.416642189025879,6.083300590515137,0.6666666865348816,0.6666666865348816,1.0
96,17,-4.858448028564453,5.050476551055908,0.6666666865348816,1.0,1.0
96,18,-3.3272571563720703,2.297483205795288,0.5,1.0,1.0
96,19,-8.2199068069458,3.9352893829345703,0.6666666865348816,0.8333333730697632,1.0
96,20,-3.320040225982666,2.293341875076294,0.75,1.0,1.0
96,21,-5.691871166229248,6.667802333831787,0.3333333432674408,0.6666666865348816,1.0
96,22,-6.640578746795654,27.66835594177246,0.5,0.5,1.0
96,23,-12.53322982788086,8.075798034667969,0.5,0.8333333730697632,1.0
96,24,-2.0010318756103516,7.396684646606445,0.0,1.0,1.0
96,25,-30.547950744628906,6.748005390167236,0.375,0.875,1.0
96,26,-0.5782020092010498,1.3352266550064087,1.0,1.0,1.0
96,27,-6.030740261077881,4.516263961791992,0.75,1.0,1.0
96,28,-8.41528034210205,16.528621673583984,0.0,0.6666666865348816,1.0
96,29,-1.1646348237991333,3.2047524452209473,1.0,1.0,1.0
96,30,-10.040048599243164,151.41497802734375,0.5,0.5,0.5
96,31,-0.557691752910614,1.3216036558151245,1.0,1.0,1.0
96,32,-5.0381245613098145,12.416947364807129,0.5,1.0,1.0
96,33,-1.4514411687850952,2.0662193298339844,1.0,1.0,1.0
96,34,-1.3724350929260254,3.9449453353881836,1.0,1.0,1.0
96,35,-4.210858345031738,8.210625648498535,0.5,0.5,1.0
96,36,-5.324626922607422,3.785419464111328,0.75,1.0,1.0
96,37,-4.425117492675781,4.371206760406494,0.6666666865348816,0.6666666865348816,1.0
96,38,-12.191315650939941,21.069551467895508,0.25,0.5,1.0
96,39,-2.7341489791870117,3.9238545894622803,0.5,1.0,1.0
96,40,-16.42314910888672,238.5032501220703,0.0,0.3333333432674408,0.6666666865348816
96,41,-10.313607215881348,5.5785813331604,0.6666666865348816,0.8333333730697632,1.0
96,42,-7.339240074157715,39.236995697021484,0.5,0.5,1.0
96,43,-4.879801273345947,2.653714179992676,0.800000011920929,1.0,1.0
96,44,-7.882821083068848,51.491180419921875,0.0,0.5,1.0
96,45,-6.390390872955322,24.414945602416992,0.5,0.5,1.0
96,46,-19.20071792602539,11.024165153503418,0.5,0.625,1.0
96,47,-22.429370880126953,42.02348327636719,0.5,0.8333333730697632,0.8333333730697632
96,48,-5.02166223526001,151.66319274902344,0.0,0.0,1.0
96,49,-8.627742767333984,74.72924041748047,0.0,0.5,1.0
96,50,-5.143105983734131,13.086132049560547,0.5,1.0,1.0
96,51,-0.27654799818992615,1.1482901573181152,1.0,1.0,1.0
96,52,-3.854046106338501,3.6135189533233643,0.6666666865348816,1.0,1.0
96,53,-23.14391326904297,27.28325653076172,0.2857142984867096,0.7142857313156128,1.0
96,54,-8.757426261901855,18.525386810302734,0.3333333432674408,0.6666666865348816,1.0
96,55,-10.127848625183105,158.2101593017578,0.5,0.5,1.0
96,56,-17.085033416748047,30.47804832458496,0.4000000059604645,0.6000000238418579,0.800000011920929
96,57,-1.7800028324127197,5.929873466491699,1.0,1.0,1.0
96,58,-10.957603454589844,4.784453868865967,0.5714285969734192,1.0,1.0
96,59,-5.566009998321533,16.167531967163086,0.0,1.0,1.0
96,60,-1.4210150241851807,1.225075125694275,1.0,1.0,1.0
96,61,-7.552870273590088,43.66012191772461,0.5,0.5,1.0
96,62,-4.396615982055664,81.17571258544922,0.0,1.0,1.0
96,63,-8.690014839172363,8.780240058898926,0.5,0.75,1.0
96,64,-0.5898159146308899,1.8036564588546753,1.0,1.0,1.0
96,65,-4.772478103637695,10.872526168823242,0.0,1.0,1.0
96,66,-6.887617111206055,3.965069532394409,0.800000011920929,1.0,1.0
96,67,-11.244817733764648,9.47790813446045,0.800000011920929,0.800000011920929,0.800000011920929
96,68,-39.61016082763672,52.510658264160156,0.20000000298023224,0.699999988079071,0.800000011920929
96,69,-20.13031005859375,28.6470890045166,0.3333333432674408,0.6666666865348816,0.8333333730697632
96,70,-12.396098136901855,22.176307678222656,0.5,0.5,1.0
96,71,-7.091980934143066,34.674015045166016,0.5,0.5,1.0
96,72,-3.9028494358062744,2.6530563831329346,0.5,1.0,1.0
96,73,-7.404606819152832,1643.53857421875,0.0,0.0,1.0
96,74,-15.765457153320312,51.488800048828125,0.5,0.75,0.75
96,75,-2.041611671447754,2.775430202484131,1.0,1.0,1.0
96,76,-1.71426522731781,1.7707828283309937,0.6666666865348816,1.0,1.0
96,77,-2.752842664718628,1.5821855068206787,1.0,1.0,1.0
96,78,-12.97366714477539,25.62111473083496,0.75,0.75,0.75
96,79,-4.498280048370361,3.078892469406128,0.75,1.0,1.0
96,80,-6.154062747955322,7.778427600860596,0.6666666865348816,0.6666666865348816,1.0
96,81,-6.30501127243042,2.1992719173431396,0.75,1.0,1.0
96,82,-11.150814056396484,41.13823699951172,0.3333333432674408,0.6666666865348816,0.6666666865348816
96,83,-3.7144248485565186,41.03498077392578,0.0,1.0,1.0
96,84,-11.994742393493652,11.011590957641602,0.4000000059604645,0.6000000238418579,1.0
96,85,-2.780916213989258,4.016689777374268,0.0,1.0,1.0
96,86,-26.307146072387695,13.883688926696777,0.6000000238418579,0.699999988079071,0.9000000357627869
96,87,-10.670289993286133,4.592052936553955,0.5714285969734192,0.8571429252624512,1.0
96,88,-3.6624271869659424,6.241456985473633,0.5,1.0,1.0
96,89,-39.509857177734375,2702.604736328125,0.20000000298023224,0.20000000298023224,0.6000000238418579
96,90,-10.785419464111328,6.034964084625244,0.5,1.0,1.0
96,91,-0.7822109460830688,1.4786144495010376,1.0,1.0,1.0
96,92,-23.34218978881836,48.92873764038086,0.5,0.6666666865348816,0.8333333730697632
96,93,-1.8506907224655151,1.8531686067581177,0.6666666865348816,1.0,1.0
96,94,-12.036406517028809,20.269182205200195,0.25,0.75,1.0
96,95,-4.5587992668151855,9.77081298828125,0.5,1.0,1.0
96,96,-8.995951652526855,9.478137969970703,0.5,0.75,1.0
96,97,-9.633635520935059,11.116259574890137,0.5,0.75,1.0
96,98,-21.30767822265625,8.421330451965332,0.4000000059604645,0.800000011920929,1.0
96,99,-8.066020011901855,14.712143898010254,0.3333333432674408,1.0,1.0
96,100,-6.769050598144531,29.503982543945312,0.0,1.0,1.0
96,101,-7.085914611816406,5.879541397094727,0.25,1.0,1.0
96,102,-1.8824853897094727,2.563164710998535,1.0,1.0,1.0
96,103,-0.3347695469856262,1.1822090148925781,1.0,1.0,1.0
96,104,-4.042445659637451,1.9615615606307983,0.8333333730697632,1.0,1.0
96,105,-9.876935958862305,26.904993057250977,0.3333333432674408,0.6666666865348816,1.0
96,106,-4.50595235824585,9.51601505279541,0.5,0.5,1.0
96,107,-12.06086540222168,415.89495849609375,0.5,0.5,0.5
96,108,-6.682141304016113,28.249357223510742,0.5,0.5,1.0
96,109,-34.87894058227539,48.203792572021484,0.4444444477558136,0.5555555820465088,0.7777777910232544
96,110,-9.706336975097656,128.14578247070312,0.5,0.5,0.5
96,111,-14.533287048339844,18.295543670654297,0.4000000059604645,0.800000011920929,1.0
96,112,-2.165349245071411,2.0580997467041016,0.6666666865348816,1.0,1.0
96,113,-1.8325899839401245,1.8420209884643555,0.6666666865348816,1.0,1.0
96,114,-3.39455509185791,29.8013916015625,0.0,1.0,1.0
96,115,-11.809781074523926,366.82708740234375,0.0,0.5,0.5
96,116,-2.5163137912750244,3.5189297199249268,0.5,1.0,1.0
96,117,-10.755331039428711,2.2872109413146973,0.8461538553237915,0.9230769872665405,1.0
96,118,-9.178901672363281,98.44035339355469,0.5,0.5,0.5
96,119,-2.6842684745788574,3.8272030353546143,0.5,1.0,1.0
96,120,-21.179306030273438,14.117472648620605,0.625,0.75,0.875
96,121,-20.34674072265625,29.699302673339844,0.3333333432674408,0.6666666865348816,1.0
96,122,-7.583708763122559,3.539379358291626,0.6666666865348816,1.0,1.0
96,123,-16.717910766601562,65.33172607421875,0.5,0.75,0.75
96,124,-10.956948280334473,8.947637557983398,0.6000000238418579,0.6000000238418579,1.0
96,125,-9.460379600524902,10.645049095153809,0.5,0.75,1.0
96,126,-16.00992774963379,54.73382568359375,0.5,0.75,0.75
96,127,-2.940232276916504,2.6646625995635986,0.6666666865348816,1.0,1.0
96,128,-12.00110912322998,20.091108322143555,0.5,0.5,1.0
96,129,-2.9893388748168945,19.872539520263672,0.0,1.0,1.0
96,130,-12.004498481750488,54.68008804321289,0.6666666865348816,0.6666666865348816,0.6666666865348816
96,131,-9.417984008789062,6.57711935043335,0.6000000238418579,1.0,1.0
96,132,-2.1954257488250732,8.983824729919434,0.0,1.0,1.0
96,133,-3.2139108180999756,4.987602710723877,0.5,1.0,1.0
96,134,-12.458585739135742,507.3965759277344,0.0,0.0,1.0
96,135,-1.5058047771453857,1.6519144773483276,0.6666666865348816,1.0,1.0
96,136,-6.2849507331848145,23.161128997802734,0.5,1.0,1.0
96,137,-13.590764999389648,893.7110595703125,0.5,0.5,0.5
96,138,-6.061739444732666,7.542696952819824,0.6666666865348816,0.6666666865348816,1.0
96,139,-5.535220146179199,3.025402069091797,0.6000000238418579,1.0,1.0
96,140,-6.540689468383789,8.848340034484863,0.3333333432674408,1.0,1.0
96,141,-10.394798278808594,13.446240425109863,0.25,1.0,1.0
96,142,-15.179527282714844,20.8198184967041,0.20000000298023224,0.800000011920929,0.800000011920929
96,143,-11.962428092956543,395.9207458496094,0.0,0.5,1.0
96,144,-17.423477172851562,77.9345474243164,0.5,0.75,0.75
96,145,-20.779129028320312,7.98777961730957,0.5,0.800000011920929,1.0
96,146,-12.295760154724121,60.255062103271484,0.0,0.6666666865348816,1.0
96,147,-2.31335711479187,3.1793556213378906,0.5,1.0,1.0
96,148,-10.441822052001953,185.10275268554688,0.5,0.5,0.5
97,0,-9.619214057922363,122.68339538574219,0.5,0.5,0.5
97,1,-11.564640045166016,4.2443132400512695,0.75,0.875,1.0
97,2,-10.640886306762695,204.4744873046875,0.5,0.5,0.5
97,3,-5.2436604499816895,189.3619842529297,0.0,1.0,1.0
97,4,-13.175058364868164,725.98486328125,0.5,0.5,0.5
97,5,-0.4261915981769562,1.237503170967102,1.0,1.0,1.0
97,6,-0.3884178698062897,1.1382280588150024,1.0,1.0,1.0
97,7,-4.729127407073975,10.639395713806152,0.5,0.5,1.0
97,8,-12.71653938293457,12.721681594848633,0.6000000238418579,0.800000011920929,0.800000011920929
97,9,-0.053101200610399246,1.026906132698059,1.0,1.0,1.0
97,10,-14.390230178833008,121.11534881591797,0.6666666865348816,0.6666666865348816,0.6666666865348816
97,11,-10.24592113494873,30.426288604736328,0.0,0.6666666865348816,1.0
97,12,-0.9582266807556152,1.6146421432495117,1.0,1.0,1.0
97,13,-11.501169204711914,314.3743896484375,0.5,0.5,1.0
97,14,-3.5731403827667236,3.2905240058898926,0.3333333432674408,1.0,1.0
97,15,-6.82949686050415,5.514462471008301,0.75,0.75,1.0
97,16,-5.404015064239502,6.057749271392822,0.6666666865348816,0.6666666865348816,1.0
97,17,-4.86155891418457,5.0557169914245605,0.6666666865348816,1.0,1.0
97,18,-3.3252055644989014,2.2963051795959473,0.5,1.0,1.0
97,19,-8.10547161102295,3.860945224761963,0.6666666865348816,0.8333333730697632,1.0
97,20,-3.348989248275757,2.309999704360962,0.75,1.0,1.0
97,21,-5.723573207855225,6.738637447357178,0.3333333432674408,0.6666666865348816,1.0
97,22,-6.683295249938965,28.26565933227539,0.5,0.5,1.0
97,23,-12.47736930847168,8.000959396362305,0.5,0.8333333730697632,1.0
97,24,-2.019672393798828,7.535856246948242,0.0,1.0,1.0
97,25,-30.587894439697266,6.7648725509643555,0.375,0.875,1.0
97,26,-0.591844379901886,1.3443655967712402,1.0,1.0,1.0
97,27,-6.015949249267578,4.499594688415527,0.75,1.0,1.0
97,28,-8.472915649414062,16.84923553466797,0.0,0.6666666865348816,1.0
97,29,-1.1514298915863037,3.1627120971679688,1.0,1.0,1.0
97,30,-10.146809577941895,159.7172088623047,0.5,0.5,0.5
97,31,-0.5774130821228027,1.3346999883651733,1.0,1.0,1.0
97,32,-5.046527862548828,12.469229698181152,0.5,1.0,1.0
97,33,-1.374117136001587,1.9878597259521484,1.0,1.0,1.0
97,34,-1.3341014385223389,3.7965826988220215,1.0,1.0,1.0
97,35,-4.136364459991455,7.910430431365967,0.5,1.0,1.0
97,36,-5.286733627319336,3.7497284412384033,0.75,0.75,1.0
97,37,-4.40094518661499,4.336128234863281,0.6666666865348816,0.6666666865348816,1.0
97,38,-12.233633995056152,21.293642044067383,0.25,0.5,1.0
97,39,-2.7703604698181152,3.9955458641052246,0.5,1.0,1.0
97,40,-16.3577880859375,233.36325073242188,0.0,0.3333333432674408,0.6666666865348816
97,41,-10.03919792175293,5.329192161560059,0.6666666865348816,0.8333333730697632,1.0
97,42,-7.440454959869385,41.273780822753906,0.5,0.5,1.0
97,43,-4.838456153869629,2.6318612098693848,0.800000011920929,1.0,1.0
97,44,-7.904577255249023,52.05436706542969,0.0,0.5,1.0
97,45,-6.368750095367432,24.152191162109375,0.5,0.5,1.0
97,46,-19.277297973632812,11.13020133972168,0.5,0.625,1.0
97,47,-22.649555206298828,43.59428024291992,0.5,0.8333333730697632,0.8333333730697632
97,48,-4.9350152015686035,139.07525634765625,0.0,0.0,1.0
97,49,-8.542224884033203,71.60124206542969,0.0,0.5,1.0
97,50,-5.107777118682861,12.857002258300781,0.5,1.0,1.0
97,51,-0.2611806094646454,1.1395008563995361,1.0,1.0,1.0
97,52,-3.9005696773529053,3.6699931621551514,0.6666666865348816,1.0,1.0
97,53,-23.138526916503906,27.26227378845215,0.2857142984867096,0.7142857313156128,1.0
97,54,-8.746337890625,18.45704460144043,0.3333333432674408,0.6666666865348816,1.0
97,55,-10.119359970092773,157.54010009765625,0.5,0.5,1.0
97,56,-16.673078536987305,28.067594528198242,0.4000000059604645,0.6000000238418579,0.800000011920929
97,57,-1.803263783454895,6.069424629211426,1.0,1.0,1.0
97,58,-10.880488395690918,4.732036113739014,0.5714285969734192,1.0,1.0
97,59,-5.489902496337891,15.563854217529297,0.0,1.0,1.0
97,60,-1.4080599546432495,1.222809910774231,1.0,1.0,1.0
97,61,-7.5511651039123535,43.6229133605957,0.5,0.5,1.0
97,62,-4.364537239074707,78.6130142211914,0.0,1.0,1.0
97,63,-8.697805404663086,8.797357559204102,0.5,0.75,1.0
97,64,-0.6511473059654236,1.9177398681640625,1.0,1.0,1.0
97,65,-4.793905735015869,10.989638328552246,0.0,1.0,1.0
97,66,-6.978035926818848,4.037425518035889,0.800000011920929,1.0,1.0
97,67,-11.406585693359375,9.789566993713379,0.800000011920929,0.800000011920929,0.800000011920929
97,68,-39.817909240722656,53.61296844482422,0.20000000298023224,0.800000011920929,0.800000011920929
97,69,-20.171449661254883,28.844179153442383,0.3333333432674408,0.6666666865348816,0.8333333730697632
97,70,-12.387016296386719,22.12601661682129,0.5,0.5,1.0
97,71,-7.0012946128845215,33.13689422607422,0.5,0.5,1.0
97,72,-3.8888447284698486,2.6437840461730957,0.5,1.0,1.0
97,73,-7.472733497619629,1759.4095458984375,0.0,0.0,1.0
97,74,-15.84515380859375,52.52495574951172,0.5,0.75,0.75
97,75,-2.0277769565582275,2.756298065185547,1.0,1.0,1.0
97,76,-1.757358193397522,1.7964024543762207,0.6666666865348816,1.0,1.0
97,77,-2.674328327178955,1.5616161823272705,1.0,1.0,1.0
97,78,-12.9769287109375,25.64201545715332,0.75,0.75,0.75
97,79,-4.486931800842285,3.0701701641082764,0.75,1.0,1.0
97,80,-6.1040568351745605,7.649847030639648,0.6666666865348816,0.6666666865348816,1.0
97,81,-6.35342264175415,2.212620973587036,0.75,1.0,1.0
97,82,-11.15906810760498,41.25157928466797,0.3333333432674408,0.6666666865348816,0.6666666865348816
97,83,-3.7266082763671875,41.53798294067383,0.0,1.0,1.0
97,84,-12.068156242370605,11.174464225769043,0.4000000059604645,0.6000000238418579,1.0
97,85,-2.7913241386413574,4.037646770477295,0.0,1.0,1.0
97,86,-26.4190673828125,14.039948463439941,0.6000000238418579,0.699999988079071,0.9000000357627869
97,87,-10.695036888122559,4.608315944671631,0.5714285969734192,0.8571429252624512,1.0
97,88,-3.644179344177246,6.184769153594971,0.5,1.0,1.0
97,89,-39.4459228515625,2668.26708984375,0.20000000298023224,0.20000000298023224,0.6000000238418579
97,90,-10.815954208374023,6.065755367279053,0.5,1.0,1.0
97,91,-0.7955139875411987,1.4884823560714722,1.0,1.0,1.0
97,92,-23.41100311279297,49.493125915527344,0.5,0.6666666865348816,0.8333333730697632
97,93,-1.8078665733337402,1.8269031047821045,0.6666666865348816,1.0,1.0
97,94,-12.216443061828613,21.20232391357422,0.25,0.75,1.0
97,95,-4.560067653656006,9.777010917663574,0.5,1.0,1.0
97,96,-9.000240325927734,9.488306045532227,0.5,0.75,1.0
97,97,-9.746428489685059,11.43418025970459,0.5,0.75,1.0
97,98,-21.455591201782227,8.546817779541016,0.4000000059604645,0.699999988079071,1.0
97,99,-8.034199714660645,14.556921005249023,0.3333333432674408,1.0,1.0
97,100,-6.77315616607666,29.564611434936523,0.0,1.0,1.0
97,101,-6.9985833168029785,5.752565383911133,0.25,1.0,1.0
97,102,-1.880915880203247,2.5611541271209717,1.0,1.0,1.0
97,103,-0.34253770112991333,1.186809778213501,1.0,1.0,1.0
97,104,-4.02854585647583,1.9570226669311523,0.8333333730697632,1.0,1.0
97,105,-9.860244750976562,26.755718231201172,0.3333333432674408,0.6666666865348816,1.0
97,106,-4.392854690551758,8.992828369140625,0.5,0.5,1.0
97,107,-12.15472412109375,435.8778381347656,0.5,0.5,0.5
97,108,-6.811020374298096,30.12966537475586,0.5,0.5,1.0
97,109,-34.9540901184082,48.60798645019531,0.4444444477558136,0.5555555820465088,0.7777777910232544
97,110,-9.778026580810547,132.82244873046875,0.5,0.5,0.5
97,111,-14.569375991821289,18.428071975708008,0.4000000059604645,0.800000011920929,1.0
97,112,-2.1973578929901123,2.08017635345459,0.6666666865348816,1.0,1.0
97,113,-1.8223429918289185,1.835740089416504,0.6666666865348816,1.0,1.0
97,114,-3.3566083908081055,28.691713333129883,0.0,1.0,1.0
97,115,-11.746049880981445,355.3221740722656,0.0,0.5,0.5
97,116,-2.5789177417755127,3.6308212280273438,0.5,1.0,1.0
97,117,-10.63282299041748,2.2657582759857178,0.8461538553237915,0.9230769872665405,1.0
97,118,-9.187007904052734,98.84015655517578,0.5,0.5,0.5
97,119,-2.7639997005462646,3.982858657836914,0.5,1.0,1.0
97,120,-21.151203155517578,14.067968368530273,0.625,0.75,0.875
97,121,-20.269886016845703,29.321300506591797,0.3333333432674408,0.6666666865348816,1.0
97,122,-7.41516637802124,3.441340446472168,0.6666666865348816,1.0,1.0
97,123,-16.612621307373047,63.63446807861328,0.5,0.75,0.75
97,124,-11.027789115905762,9.075311660766602,0.6000000238418579,0.6000000238418579,1.0
97,125,-9.46724796295166,10.66334342956543,0.5,0.75,1.0
97,126,-16.036169052124023,55.09408187866211,0.5,0.75,0.75
97,127,-2.982059955596924,2.702075242996216,0.6666666865348816,1.0,1.0
97,128,-12.03059196472168,20.2397403717041,0.5,0.5,1.0
97,129,-2.978649616241455,19.66124725341797,0.0,1.0,1.0
97,130,-11.949493408203125,53.6866569519043,0.6666666865348816,0.6666666865348816,0.6666666865348816
97,131,-9.520394325256348,6.713221073150635,0.6000000238418579,0.800000011920929,1.0
97,132,-2.2504677772521973,9.492175102233887,0.0,1.0,1.0
97,133,-3.2055938243865967,4.966905117034912,0.5,1.0,1.0
97,134,-12.47614860534668,511.8718566894531,0.0,0.0,1.0
97,135,-1.5158934593200684,1.657479166984558,0.6666666865348816,1.0,1.0
97,136,-6.297253608703613,23.304040908813477,0.5,1.0,1.0
97,137,-13.624024391174316,908.6974487304688,0.5,0.5,0.5
97,138,-6.035595893859863,7.477252006530762,0.6666666865348816,0.6666666865348816,1.0
97,139,-5.525999069213867,3.0198278427124023,0.6000000238418579,1.0,1.0
97,140,-6.533093452453613,8.82596492767334,0.3333333432674408,1.0,1.0
97,141,-10.325887680053711,13.216577529907227,0.25,1.0,1.0
97,142,-15.21466064453125,20.96662712097168,0.20000000298023224,0.800000011920929,0.800000011920929
97,143,-11.915342330932617,386.7085266113281,0.0,0.5,1.0
97,144,-17.431148529052734,78.08415222167969,0.5,0.75,0.75
97,145,-20.863014221191406,8.05506706237793,0.5,0.800000011920929,1.0
97,146,-12.228235244750977,58.913978576660156,0.0,0.6666666865348816,1.0
97,147,-2.3118555545806885,3.176969528198242,0.5,1.0,1.0
97,148,-10.425000190734863,183.55239868164062,0.5,0.5,0.5
98,0,-9.58602237701416,120.66416931152344,0.5,0.5,0.5
98,1,-11.452776908874512,4.185378551483154,0.75,0.875,1.0
98,2,-10.627935409545898,203.15469360351562,0.5,0.5,0.5
98,3,-5.230292320251465,186.847412109375,0.0,1.0,1.0
98,4,-13.400177001953125,812.4777221679688,0.5,0.5,0.5
98,5,-0.4226326048374176,1.2353029251098633,1.0,1.0,1.0
98,6,-0.41007593274116516,1.1464749574661255,1.0,1.0,1.0
98,7,-4.724433422088623,10.61445426940918,0.5,0.5,1.0
98,8,-12.718668937683105,12.727104187011719,0.6000000238418579,0.800000011920929,0.800000011920929
98,9,-0.05390668287873268,1.0273197889328003,1.0,1.0,1.0
98,10,-14.421148300170898,122.37001037597656,0.6666666865348816,0.6666666865348816,0.6666666865348816
98,11,-10.184974670410156,29.814403533935547,0.0,0.6666666865348816,1.0
98,12,-0.9810310006141663,1.6331578493118286,1.0,1.0,1.0
98,13,-11.437328338623047,304.4978942871094,0.5,0.5,1.0
98,14,-3.564159870147705,3.2806882858276367,0.3333333432674408,1.0,1.0
98,15,-6.751017093658447,5.407323837280273,0.75,0.75,1.0
98,16,-5.402381420135498,6.0544514656066895,0.6666666865348816,0.6666666865348816,1.0
98,17,-4.875705242156982,5.079613208770752,0.6666666865348816,1.0,1.0
98,18,-3.3419814109802246,2.3059561252593994,0.5,1.0,1.0
98,19,-8.190162658691406,3.9158289432525635,0.6666666865348816,0.8333333730697632,1.0
98,20,-3.4096686840057373,2.345309019088745,0.75,1.0,1.0
98,21,-5.660123348236084,6.597612380981445,0.3333333432674408,0.6666666865348816,1.0
98,22,-6.674253463745117,28.138160705566406,0.5,0.5,1.0
98,23,-12.543975830078125,8.090274810791016,0.5,0.8333333730697632,1.0
98,24,-2.0189108848571777,7.530119895935059,0.0,1.0,1.0
98,25,-30.59964942932129,6.769844055175781,0.375,0.875,1.0
98,26,-0.5939567685127258,1.345786213874817,1.0,1.0,1.0
98,27,-5.973299026489258,4.4518723487854,0.75,1.0,1.0
98,28,-8.390769004821777,16.394123077392578,0.0,0.6666666865348816,1.0
98,29,-1.1839479207992554,3.2672476768493652,1.0,1.0,1.0
98,30,-10.019391059875488,149.85910034179688,0.5,0.5,0.5
98,31,-0.5444554090499878,1.3128859996795654,1.0,1.0,1.0
98,32,-5.052042484283447,12.503657341003418,0.5,1.0,1.0
98,33,-1.4402000904083252,2.0546388626098633,1.0,1.0,1.0
98,34,-1.3570401668548584,3.8846781253814697,1.0,1.0,1.0
98,35,-4.255076885223389,8.39417839050293,0.5,0.5,1.0
98,36,-5.3016815185546875,3.7637672424316406,0.75,0.75,1.0
98,37,-4.402595520019531,4.3385138511657715,0.6666666865348816,0.6666666865348816,1.0
98,38,-12.195206642150879,21.090057373046875,0.25,0.5,1.0
98,39,-2.762345314025879,3.9795656204223633,0.5,1.0,1.0
98,40,-16.38656234741211,235.61221313476562,0.0,0.3333333432674408,0.6666666865348816
98,41,-10.51762866973877,5.771535873413086,0.6666666865348816,0.8333333730697632,1.0
98,42,-7.412471294403076,40.7003059387207,0.5,0.5,1.0
98,43,-4.864693641662598,2.6457080841064453,0.800000011920929,1.0,1.0
98,44,-7.899006366729736,51.90957260131836,0.0,0.5,1.0
98,45,-6.367049694061279,24.131664276123047,0.5,0.5,1.0
98,46,-19.20526885986328,11.030439376831055,0.5,0.625,1.0
98,47,-22.501365661621094,42.530765533447266,0.5,0.8333333730697632,0.8333333730697632
98,48,-5.003740310668945,148.9693145751953,0.0,0.0,1.0
98,49,-8.628249168395996,74.74816131591797,0.0,0.5,1.0
98,50,-5.158857345581055,13.189600944519043,0.5,1.0,1.0
98,51,-0.2585733234882355,1.1380163431167603,1.0,1.0,1.0
98,52,-3.891566514968872,3.658996343612671,0.6666666865348816,1.0,1.0
98,53,-23.408475875854492,28.334157943725586,0.1428571492433548,0.7142857313156128,1.0
98,54,-8.73906421661377,18.412343978881836,0.3333333432674408,0.6666666865348816,1.0
98,55,-10.031225204467773,150.7484588623047,0.5,0.5,1.0
98,56,-16.981441497802734,29.853092193603516,0.4000000059604645,0.6000000238418579,0.800000011920929
98,57,-1.7937610149383545,6.012021541595459,1.0,1.0,1.0
98,58,-10.881322860717773,4.73259973526001,0.5714285969734192,1.0,1.0
98,59,-5.445143699645996,15.219413757324219,0.0,1.0,1.0
98,60,-1.404494285583496,1.2221871614456177,1.0,1.0,1.0
98,61,-7.44400691986084,41.34715270996094,0.5,0.5,1.0
98,62,-4.3463134765625,77.193359375,0.0,1.0,1.0
98,63,-8.713576316833496,8.832111358642578,0.5,0.75,1.0
98,64,-0.6353651881217957,1.8877114057540894,1.0,1.0,1.0
98,65,-4.747097015380859,10.735419273376465,0.0,1.0,1.0
98,66,-6.916128158569336,3.987744092941284,0.800000011920929,1.0,1.0
98,67,-11.302155494689941,9.587220191955566,0.800000011920929,0.800000011920929,0.800000011920929
98,68,-39.40693664550781,51.45427703857422,0.20000000298023224,0.699999988079071,0.800000011920929
98,69,-20.21029281616211,29.031522750854492,0.3333333432674408,0.6666666865348816,0.8333333730697632
98,70,-12.31079387664795,21.70838165283203,0.5,0.5,1.0
98,71,-7.0335893630981445,33.67631149291992,0.5,0.5,1.0
98,72,-4.060230255126953,2.7595224380493164,0.5,1.0,1.0
98,73,-7.4258503913879395,1678.82666015625,0.0,0.0,1.0
98,74,-15.924768447875977,53.580867767333984,0.5,0.75,0.75
98,75,-2.031459331512451,2.7613775730133057,1.0,1.0,1.0
98,76,-1.7454229593276978,1.7892699241638184,0.6666666865348816,1.0,1.0
98,77,-2.7075841426849365,1.570295810699463,1.0,1.0,1.0
98,78,-12.943851470947266,25.43084716796875,0.75,0.75,0.75
98,79,-4.493064880371094,3.0748813152313232,0.75,1.0,1.0
98,80,-6.069934368133545,7.563328742980957,0.6666666865348816,0.6666666865348816,1.0
98,81,-6.448183059692383,2.238985538482666,0.75,1.0,1.0
98,82,-11.199307441711426,41.80862045288086,0.3333333432674408,0.6666666865348816,0.6666666865348816
98,83,-3.709247350692749,40.82307052612305,0.0,1.0,1.0
98,84,-12.002416610717773,11.0285062789917,0.4000000059604645,0.6000000238418579,1.0
98,85,-2.8056068420410156,4.066584587097168,0.0,1.0,1.0
98,86,-26.276649475097656,13.841413497924805,0.6000000238418579,0.699999988079071,0.9000000357627869
98,87,-10.666610717773438,4.589640140533447,0.5714285969734192,0.8571429252624512,1.0
98,88,-3.6539082527160645,6.214928150177002,0.5,1.0,1.0
98,89,-39.42369842529297,2656.433837890625,0.20000000298023224,0.20000000298023224,0.6000000238418579
98,90,-10.731285095214844,5.980759143829346,0.5,1.0,1.0
98,91,-0.8163584470748901,1.5040767192840576,1.0,1.0,1.0
98,92,-23.22054672241211,47.94675827026367,0.6666666865348816,0.6666666865348816,0.8333333730697632
98,93,-1.8581361770629883,1.8577735424041748,0.6666666865348816,1.0,1.0
98,94,-12.034218788146973,20.258100509643555,0.25,0.75,1.0
98,95,-4.542729377746582,9.692618370056152,0.5,1.0,1.0
98,96,-9.0262451171875,9.550192832946777,0.5,0.75,1.0
98,97,-9.672646522521973,11.225204467773438,0.5,0.75,1.0
98,98,-21.316925048828125,8.429120063781738,0.4000000059604645,0.800000011920929,1.0
98,99,-8.08378791809082,14.799539566040039,0.3333333432674408,1.0,1.0
98,100,-6.780280113220215,29.670106887817383,0.0,1.0,1.0
98,101,-7.078415870666504,5.868529319763184,0.25,1.0,1.0
98,102,-1.8745012283325195,2.552952766418457,1.0,1.0,1.0
98,103,-0.35335180163383484,1.193244218826294,1.0,1.0,1.0
98,104,-4.064170837402344,1.9686771631240845,0.8333333730697632,1.0,1.0
98,105,-9.872654914855957,26.866628646850586,0.3333333432674408,0.6666666865348816,1.0
98,106,-4.396982669830322,9.011407852172852,0.5,0.5,1.0
98,107,-12.060790061950684,415.8793029785156,0.5,0.5,0.5
98,108,-6.705073356628418,28.57512855529785,0.5,0.5,1.0
98,109,-34.87923049926758,48.20535659790039,0.4444444477558136,0.5555555820465088,0.7777777910232544
98,110,-9.7319917678833,129.8001251220703,0.5,0.5,0.5
98,111,-14.488234519958496,18.13142967224121,0.4000000059604645,0.800000011920929,1.0
98,112,-2.1501145362854004,2.0476746559143066,0.6666666865348816,1.0,1.0
98,113,-1.779914379119873,1.809960126876831,0.6666666865348816,1.0,1.0
98,114,-3.3609471321105957,28.816471099853516,0.0,1.0,1.0
98,115,-11.763605117797852,358.4548034667969,0.0,0.5,0.5
98,116,-2.550548791885376,3.579683542251587,0.5,1.0,1.0
98,117,-10.563811302185059,2.2537620067596436,0.8461538553237915,0.9230769872665405,1.0
98,118,-9.157033920288086,97.36988067626953,0.5,0.5,0.5
98,119,-2.7235591411590576,3.9031331539154053,0.5,1.0,1.0
98,120,-21.17203140258789,14.10464096069336,0.625,0.75,0.875
98,121,-20.081710815429688,28.41598129272461,0.3333333432674408,0.6666666865348816,1.0
98,122,-7.401177406311035,3.433326244354248,0.6666666865348816,1.0,1.0
98,123,-16.6883544921875,64.85076141357422,0.5,0.75,0.75
98,124,-10.985614776611328,8.999086380004883,0.6000000238418579,0.6000000238418579,1.0
98,125,-9.456957817077637,10.635946273803711,0.5,0.75,1.0
98,126,-16.14720916748047,56.64491653442383,0.5,0.75,0.75
98,127,-2.9231302738189697,2.649515390396118,0.6666666865348816,1.0,1.0
98,128,-12.017206192016602,20.172121047973633,0.5,0.5,1.0
98,129,-2.99014949798584,19.888654708862305,0.0,1.0,1.0
98,130,-11.925548553466797,53.259849548339844,0.6666666865348816,0.6666666865348816,0.6666666865348816
98,131,-9.447183609008789,6.6156415939331055,0.6000000238418579,1.0,1.0
98,132,-2.1728768348693848,8.783515930175781,0.0,1.0,1.0
98,133,-3.24931001663208,5.076667308807373,0.5,1.0,1.0
98,134,-12.455862045288086,506.7060241699219,0.0,0.0,1.0
98,135,-1.5045504570007324,1.6512240171432495,0.6666666865348816,1.0,1.0
98,136,-6.2060699462890625,22.265422821044922,0.5,1.0,1.0
98,137,-13.621278762817383,907.4508056640625,0.5,0.5,0.5
98,138,-5.961953639984131,7.2959394454956055,0.6666666865348816,0.6666666865348816,1.0
98,139,-5.551103591918945,3.0350279808044434,0.6000000238418579,1.0,1.0
98,140,-6.568911552429199,8.931971549987793,0.3333333432674408,1.0,1.0
98,141,-10.256196975708008,12.988304138183594,0.25,1.0,1.0
98,142,-15.155611991882324,20.720476150512695,0.20000000298023224,0.800000011920929,0.800000011920929
98,143,-11.978041648864746,399.02374267578125,0.0,0.5,1.0
98,144,-17.366071701049805,76.82406616210938,0.5,0.75,0.75
98,145,-20.824581146240234,8.024168968200684,0.5,0.800000011920929,1.0
98,146,-12.24258041381836,59.19636535644531,0.0,0.6666666865348816,1.0
98,147,-2.3701791763305664,3.270979881286621,0.5,1.0,1.0
98,148,-10.390045166015625,180.37220764160156,0.5,0.5,0.5
99,0,-9.504776000976562,115.86063385009766,0.5,0.5,0.5
99,1,-11.467130661010742,4.19289493560791,0.75,0.875,1.0
99,2,-10.626412391662598,203.00006103515625,0.5,0.5,0.5
99,3,-5.246969223022461,189.9895782470703,0.0,1.0,1.0
99,4,-13.241294860839844,750.4307861328125,0.5,0.5,0.5
99,5,-0.4029058814048767,1.223178744316101,1.0,1.0,1.0
99,6,-0.4092288613319397,1.1461513042449951,1.0,1.0,1.0
99,7,-4.76059103012085,10.808096885681152,0.5,0.5,1.0
99,8,-12.667801856994629,12.59827995300293,0.6000000238418579,0.800000011920929,0.800000011920929
99,9,-0.048695869743824005,1.0246467590332031,1.0,1.0,1.0
99,10,-14.4600830078125,123.96854400634766,0.6666666865348816,0.6666666865348816,0.6666666865348816
99,11,-10.278298377990723,30.75644302368164,0.0,0.6666666865348816,1.0
99,12,-0.9859133362770081,1.6371495723724365,1.0,1.0,1.0
99,13,-11.438057899475098,304.6090087890625,0.5,0.5,1.0
99,14,-3.5848686695098877,3.303412914276123,0.3333333432674408,1.0,1.0
99,15,-6.771780967712402,5.4354658126831055,0.75,0.75,1.0
99,16,-5.347391128540039,5.944483757019043,0.6666666865348816,0.6666666865348816,1.0
99,17,-4.805970191955566,4.962899208068848,0.6666666865348816,1.0,1.0
99,18,-3.36517071723938,2.3193631172180176,0.5,1.0,1.0
99,19,-8.22373104095459,3.937798261642456,0.6666666865348816,0.8333333730697632,1.0
99,20,-3.3546483516693115,2.313270092010498,0.75,1.0,1.0
99,21,-5.724112510681152,6.739849090576172,0.3333333432674408,0.6666666865348816,1.0
99,22,-6.61154317855835,27.269573211669922,0.5,0.5,1.0
99,23,-12.45068359375,7.965454578399658,0.5,0.8333333730697632,1.0
99,24,-1.9967129230499268,7.364807605743408,0.0,1.0,1.0
99,25,-30.45525550842285,6.709024429321289,0.375,0.9375,1.0
99,26,-0.5743221640586853,1.3326388597488403,1.0,1.0,1.0
99,27,-6.055273056030273,4.544048309326172,0.75,1.0,1.0
99,28,-8.443855285644531,16.68680763244629,0.0,0.6666666865348816,1.0
99,29,-1.1359440088272095,3.114112138748169,1.0,1.0,1.0
99,30,-9.981660842895508,147.05850219726562,0.5,0.5,0.5
99,31,-0.5773640275001526,1.3346672058105469,1.0,1.0,1.0
99,32,-5.0816521644592285,12.690149307250977,0.5,1.0,1.0
99,33,-1.4193698167800903,2.0333502292633057,1.0,1.0,1.0
99,34,-1.3370591402053833,3.807828664779663,1.0,1.0,1.0
99,35,-4.197262287139893,8.154999732971191,0.5,0.5,1.0
99,36,-5.340789794921875,3.800746202468872,0.75,0.75,1.0
99,37,-4.505802631378174,4.490365982055664,0.6666666865348816,0.6666666865348816,1.0
99,38,-12.188122749328613,21.0527400970459,0.25,0.5,1.0
99,39,-2.7476325035095215,3.9503977298736572,0.5,1.0,1.0
99,40,-16.43980598449707,239.83116149902344,0.0,0.3333333432674408,0.6666666865348816
99,41,-10.599623680114746,5.850949764251709,0.6666666865348816,0.8333333730697632,1.0
99,42,-7.476029396057129,42.014495849609375,0.5,0.5,1.0
99,43,-4.753223896026611,2.5873775482177734,0.800000011920929,1.0,1.0
99,44,-7.93674898147583,52.898475646972656,0.0,0.5,1.0
99,45,-6.367722511291504,24.139781951904297,0.5,0.5,1.0
99,46,-19.197818756103516,11.020172119140625,0.5,0.625,1.0
99,47,-22.507705688476562,42.57572937011719,0.5,0.8333333730697632,0.8333333730697632
99,48,-4.983099937438965,145.92604064941406,0.0,0.0,1.0
99,49,-8.569632530212402,72.5892105102539,0.0,0.5,1.0
99,50,-5.112297058105469,12.886091232299805,0.5,1.0,1.0
99,51,-0.26171302795410156,1.1398042440414429,1.0,1.0,1.0
99,52,-3.885859966278076,3.652042865753174,0.6666666865348816,1.0,1.0
99,53,-23.259119033813477,27.736000061035156,0.2857142984867096,0.7142857313156128,1.0
99,54,-8.688634872436523,18.105424880981445,0.3333333432674408,0.6666666865348816,1.0
99,55,-10.018231391906738,149.77223205566406,0.5,0.5,1.0
99,56,-16.800630569458008,28.792818069458008,0.4000000059604645,0.6000000238418579,0.800000011920929
99,57,-1.7772490978240967,5.913566589355469,1.0,1.0,1.0
99,58,-10.904154777526855,4.748061656951904,0.5714285969734192,1.0,1.0
99,59,-5.5112457275390625,15.730836868286133,0.0,1.0,1.0
99,60,-1.3859877586364746,1.2189602851867676,1.0,1.0,1.0
99,61,-7.531408309936523,43.19411087036133,0.5,0.5,1.0
99,62,-4.368350982666016,78.91339874267578,0.0,1.0,1.0
99,63,-8.730775833129883,8.870169639587402,0.5,0.75,1.0
99,64,-0.6342509984970093,1.8856092691421509,1.0,1.0,1.0
99,65,-4.704278469085693,10.508025169372559,0.0,1.0,1.0
99,66,-6.917725086212158,3.989017963409424,0.800000011920929,1.0,1.0
99,67,-11.284492492675781,9.553412437438965,0.800000011920929,0.800000011920929,0.800000011920929
99,68,-39.55140686035156,52.203033447265625,0.20000000298023224,0.800000011920929,0.800000011920929
99,69,-20.19824981689453,28.973308563232422,0.3333333432674408,0.6666666865348816,0.8333333730697632
99,70,-12.344904899597168,21.894296646118164,0.5,0.5,1.0
99,71,-6.996920585632324,33.06450271606445,0.5,0.5,1.0
99,72,-3.9691433906555176,2.6973934173583984,0.5,1.0,1.0
99,73,-7.4128899574279785,1657.208740234375,0.0,0.0,1.0
99,74,-15.794916152954102,51.86940383911133,0.5,0.75,0.75
99,75,-2.0368103981018066,2.768775701522827,1.0,1.0,1.0
99,76,-1.7284728288650513,1.7791889905929565,0.6666666865348816,1.0,1.0
99,77,-2.7029807567596436,1.5690914392471313,1.0,1.0,1.0
99,78,-12.989843368530273,25.724939346313477,0.75,0.75,0.75
99,79,-4.47390079498291,3.0601844787597656,0.75,1.0,1.0
99,80,-6.116022109985352,7.680418968200684,0.6666666865348816,0.6666666865348816,1.0
99,81,-6.333273887634277,2.2070553302764893,0.75,1.0,1.0
99,82,-11.126063346862793,40.800235748291016,0.3333333432674408,0.6666666865348816,0.6666666865348816
99,83,-3.7494688034057617,42.49850082397461,0.0,1.0,1.0
99,84,-12.086864471435547,11.216354370117188,0.4000000059604645,0.6000000238418579,1.0
99,85,-2.8032188415527344,4.061731338500977,0.0,1.0,1.0
99,86,-26.302112579345703,13.876703262329102,0.6000000238418579,0.699999988079071,0.9000000357627869
99,87,-10.677508354187012,4.596790790557861,0.5714285969734192,0.8571429252624512,1.0
99,88,-3.669693946838379,6.2641754150390625,0.5,1.0,1.0
99,89,-39.425323486328125,2657.296630859375,0.20000000298023224,0.20000000298023224,0.6000000238418579
99,90,-10.694658279418945,5.944361209869385,0.5,1.0,1.0
99,91,-0.7508732080459595,1.4556268453598022,1.0,1.0,1.0
99,92,-23.42342758178711,49.595726013183594,0.5,0.6666666865348816,0.8333333730697632
99,93,-1.8557183742523193,1.8562767505645752,0.6666666865348816,1.0,1.0
99,94,-12.05735969543457,20.37563705444336,0.25,0.75,1.0
99,95,-4.566351890563965,9.807780265808105,0.5,1.0,1.0
99,96,-9.081761360168457,9.683664321899414,0.5,0.75,1.0
99,97,-9.694318771362305,11.286189079284668,0.5,0.75,1.0
99,98,-21.19260597229004,8.324978828430176,0.4000000059604645,0.800000011920929,1.0
99,99,-8.047752380371094,14.622831344604492,0.3333333432674408,1.0,1.0
99,100,-6.7927141189575195,29.855140686035156,0.0,1.0,1.0
99,101,-7.083127975463867,5.875446319580078,0.25,1.0,1.0
99,102,-1.8782119750976562,2.5576937198638916,1.0,1.0,1.0
99,103,-0.3522842228412628,1.1926075220108032,1.0,1.0,1.0
99,104,-4.000362873077393,1.9478517770767212,0.8333333730697632,1.0,1.0
99,105,-9.809420585632324,26.306259155273438,0.3333333432674408,0.6666666865348816,1.0
99,106,-4.327048301696777,8.701749801635742,0.5,0.5,1.0
99,107,-12.124765396118164,429.3973693847656,0.5,0.5,0.5
99,108,-6.7346367835998535,29.000654220581055,0.5,0.5,1.0
99,109,-34.86688995361328,48.1392936706543,0.4444444477558136,0.5555555820465088,0.7777777910232544
99,110,-9.782764434814453,133.13748168945312,0.5,0.5,0.5
99,111,-14.49937915802002,18.171890258789062,0.4000000059604645,0.800000011920929,1.0
99,112,-2.2048816680908203,2.085399627685547,0.6666666865348816,1.0,1.0
99,113,-1.8237226009368896,1.8365843296051025,0.6666666865348816,1.0,1.0
99,114,-3.4178433418273926,30.503557205200195,0.0,1.0,1.0
99,115,-11.702234268188477,347.62249755859375,0.0,0.5,0.5
99,116,-2.514042377471924,3.5149354934692383,0.5,1.0,1.0
99,117,-10.521443367004395,2.246428966522217,0.8461538553237915,0.9230769872665405,1.0
99,118,-9.039603233337402,91.8173828125,0.5,0.5,0.5
99,119,-2.7013039588928223,3.859941244125366,0.5,1.0,1.0
99,120,-21.221214294433594,14.191622734069824,0.5,0.75,0.875
99,121,-20.125202178955078,28.62270736694336,0.3333333432674408,0.6666666865348816,1.0
99,122,-7.543767929077148,3.515896797180176,0.6666666865348816,1.0,1.0
99,123,-16.752182006835938,65.89387512207031,0.5,0.75,0.75
99,124,-10.999998092651367,9.025009155273438,0.6000000238418579,0.6000000238418579,1.0
99,125,-9.461773872375488,10.648759841918945,0.5,0.75,1.0
99,126,-16.18211555480957,57.14139938354492,0.5,0.75,0.75
99,127,-2.910280704498291,2.6381914615631104,0.6666666865348816,1.0,1.0
99,128,-11.966815948486328,19.91959571838379,0.5,0.5,1.0
99,129,-2.935769557952881,18.83599281311035,0.0,1.0,1.0
99,130,-11.961421012878418,53.900535583496094,0.6666666865348816,0.6666666865348816,0.6666666865348816
99,131,-9.340734481811523,6.476284027099609,0.6000000238418579,1.0,1.0
99,132,-2.268150806427002,9.661518096923828,0.0,1.0,1.0
99,133,-3.2369139194488525,5.045299530029297,0.5,1.0,1.0
99,134,-12.51778793334961,522.6405639648438,0.0,0.0,1.0
99,135,-1.5039172172546387,1.6508755683898926,0.6666666865348816,1.0,1.0
99,136,-6.312623500823975,23.483821868896484,0.5,1.0,1.0
99,137,-13.570587158203125,884.7398071289062,0.5,0.5,0.5
99,138,-5.997062683105469,7.381824970245361,0.6666666865348816,0.6666666865348816,1.0
99,139,-5.495904922485352,3.00170636177063,0.6000000238418579,1.0,1.0
99,140,-6.5862884521484375,8.983859062194824,0.3333333432674408,1.0,1.0
99,141,-10.263505935668945,13.01205825805664,0.25,1.0,1.0
99,142,-15.137513160705566,20.645606994628906,0.20000000298023224,0.800000011920929,0.800000011920929
99,143,-11.96767807006836,396.9613952636719,0.0,0.5,1.0
99,144,-17.427860260009766,78.01998901367188,0.5,0.75,0.75
99,145,-20.814851760864258,8.016366958618164,0.5,0.800000011920929,1.0
99,146,-12.14225959777832,57.24956512451172,0.0,0.6666666865348816,1.0
99,147,-2.358393430709839,3.2517611980438232,0.5,1.0,1.0
99,148,-10.36551284790039,178.17324829101562,0.5,0.5,0.5
100,0,-9.580381393432617,120.3243179321289,0.5,0.5,0.5
100,1,-11.436702728271484,4.176977157592773,0.75,0.875,1.0
100,2,-10.609145164489746,201.25497436523438,0.5,0.5,0.5
100,3,-5.2503981590271,190.6421661376953,0.0,1.0,1.0
100,4,-13.270743370056152,761.5620727539062,0.5,0.5,0.5
100,5,-0.42791810631752014,1.2385720014572144,1.0,1.0,1.0
100,6,-0.38408419489860535,1.1365848779678345,1.0,1.0,1.0
100,7,-4.778719902038574,10.906511306762695,0.5,0.5,1.0
100,8,-12.75285530090332,12.81441879272461,0.6000000238418579,0.800000011920929,0.800000011920929
100,9,-0.04913566634058952,1.024872064590454,1.0,1.0,1.0
100,10,-14.403576850891113,121.6553726196289,0.6666666865348816,0.6666666865348816,0.6666666865348816
100,11,-10.210651397705078,30.0706729888916,0.0,0.6666666865348816,1.0
100,12,-0.9784433245658875,1.6310462951660156,1.0,1.0,1.0
100,13,-11.468481063842773,309.27801513671875,0.5,0.5,1.0
100,14,-3.577669143676758,3.295494794845581,0.3333333432674408,1.0,1.0
100,15,-6.826059818267822,5.509726047515869,0.75,0.75,1.0
100,16,-5.366971969604492,5.983409881591797,0.6666666865348816,0.6666666865348816,1.0
100,17,-4.875311374664307,5.078946113586426,0.6666666865348816,1.0,1.0
100,18,-3.379086971282959,2.327446460723877,0.5,1.0,1.0
100,19,-8.230204582214355,3.942049503326416,0.6666666865348816,0.8333333730697632,1.0
100,20,-3.350154161453247,2.3106722831726074,0.75,1.0,1.0
100,21,-5.706223011016846,6.699777603149414,0.3333333432674408,0.6666666865348816,1.0
100,22,-6.640739440917969,27.67057991027832,0.5,0.5,1.0
100,23,-12.410634994506836,7.912464141845703,0.5,0.8333333730697632,1.0
100,24,-2.0103254318237305,7.465746879577637,0.0,1.0,1.0
100,25,-30.364341735839844,6.671010494232178,0.375,0.875,1.0
100,26,-0.5873714685440063,1.3413623571395874,1.0,1.0,1.0
100,27,-5.976376533508301,4.455298900604248,0.75,1.0,1.0
100,28,-8.353462219238281,16.191516876220703,0.0,0.6666666865348816,1.0
100,29,-1.1455636024475098,3.1442129611968994,1.0,1.0,1.0
100,30,-10.030338287353516,150.68162536621094,0.5,0.5,0.5
100,31,-0.5773640275001526,1.3346672058105469,1.0,1.0,1.0
100,32,-5.069490432739258,12.613216400146484,0.5,1.0,1.0
100,33,-1.412475824356079,2.026353359222412,1.0,1.0,1.0
100,34,-1.3381682634353638,3.812054395675659,1.0,1.0,1.0
100,35,-4.163081645965576,8.01681137084961,0.5,0.5,1.0
100,36,-5.31373929977417,3.775130033493042,0.75,1.0,1.0
100,37,-4.434394836425781,4.3847455978393555,0.6666666865348816,0.6666666865348816,1.0
100,38,-12.257390022277832,21.420480728149414,0.25,0.5,1.0
100,39,-2.731006145477295,3.9176933765411377,0.5,1.0,1.0
100,40,-16.364803314208984,233.9095916748047,0.0,0.3333333432674408,0.6666666865348816
100,41,-10.479238510131836,5.734724521636963,0.6666666865348816,0.8333333730697632,1.0
100,42,-7.489792823791504,42.30462646484375,0.5,0.5,1.0
100,43,-4.779428958892822,2.60097336769104,0.800000011920929,1.0,1.0
100,44,-7.876676559448242,51.33323287963867,0.0,0.5,1.0
100,45,-6.382566928863525,24.319622039794922,0.5,0.5,1.0
100,46,-19.258102416992188,11.10352611541748,0.5,0.625,1.0
100,47,-22.444520950317383,42.12971878051758,0.5,0.8333333730697632,0.8333333730697632
100,48,-4.998175621032715,148.14263916015625,0.0,0.0,1.0
100,49,-8.571464538574219,72.65573120117188,0.0,0.5,1.0
100,50,-5.1352009773254395,13.034510612487793,0.5,1.0,1.0
100,51,-0.27233773469924927,1.1458754539489746,1.0,1.0,1.0
100,52,-3.929037570953369,3.7049849033355713,0.6666666865348816,1.0,1.0
100,53,-23.07067108154297,26.99928092956543,0.2857142984867096,0.7142857313156128,1.0
100,54,-8.707907676696777,18.22211265563965,0.3333333432674408,0.6666666865348816,1.0
100,55,-10.126255989074707,158.084228515625,0.5,0.5,1.0
100,56,-16.950210571289062,29.66720199584961,0.4000000059604645,0.6000000238418579,0.800000011920929
100,57,-1.8166773319244385,6.15138578414917,1.0,1.0,1.0
100,58,-10.958587646484375,4.785126686096191,0.5714285969734192,1.0,1.0
100,59,-5.451226711273193,15.26577377319336,0.0,1.0,1.0
100,60,-1.4291571378707886,1.2265009880065918,1.0,1.0,1.0
100,61,-7.511085033416748,42.757408142089844,0.5,0.5,1.0
100,62,-4.3818817138671875,79.9884033203125,0.0,1.0,1.0
100,63,-8.646186828613281,8.68455982208252,0.5,0.75,1.0
100,64,-0.6100966930389404,1.8406093120574951,1.0,1.0,1.0
100,65,-4.762393474578857,10.817841529846191,0.0,1.0,1.0
100,66,-6.870993137359619,3.951908588409424,0.800000011920929,1.0,1.0
100,67,-11.313898086547852,9.609764099121094,0.800000011920929,0.800000011920929,0.800000011920929
100,68,-39.4450798034668,51.65092468261719,0.20000000298023224,0.800000011920929,0.800000011920929
100,69,-20.19295883178711,28.947765350341797,0.3333333432674408,0.6666666865348816,0.8333333730697632
100,70,-12.292339324951172,21.60845947265625,0.5,0.5,1.0
100,71,-6.992534160614014,32.9920654296875,0.5,0.5,1.0
100,72,-3.9318227767944336,2.6723432540893555,0.5,1.0,1.0
100,73,-7.5026960372924805,1812.9234619140625,0.0,0.0,1.0
100,74,-15.790066719055176,51.80655288696289,0.5,0.75,0.75
100,75,-2.030398368835449,2.7599129676818848,1.0,1.0,1.0
100,76,-1.6990259885787964,1.761810541152954,0.6666666865348816,1.0,1.0
100,77,-2.6708784103393555,1.5607186555862427,1.0,1.0,1.0
100,78,-12.92049503326416,25.282787322998047,0.75,0.75,0.75
100,79,-4.445087909698486,3.0382204055786133,0.75,1.0,1.0
100,80,-6.092301368713379,7.619930267333984,0.6666666865348816,0.6666666865348816,1.0
100,81,-6.434564590454102,2.2351772785186768,0.75,1.0,1.0
100,82,-11.167367935180664,41.36586380004883,0.3333333432674408,0.6666666865348816,0.6666666865348816
100,83,-3.6649441719055176,39.053955078125,0.0,1.0,1.0
100,84,-12.139631271362305,11.33535099029541,0.4000000059604645,0.6000000238418579,1.0
100,85,-2.760989189147949,3.976868152618408,0.0,1.0,1.0
100,86,-26.401756286621094,14.015665054321289,0.6000000238418579,0.699999988079071,0.9000000357627869
100,87,-10.66183090209961,4.586507320404053,0.5714285969734192,0.8571429252624512,1.0
100,88,-3.705862283706665,6.378488540649414,0.5,1.0,1.0
100,89,-39.49089813232422,2692.37646484375,0.20000000298023224,0.20000000298023224,0.6000000238418579
100,90,-10.668706893920898,5.918705940246582,0.5,1.0,1.0
100,91,-0.7645891904830933,1.4656438827514648,1.0,1.0,1.0
100,92,-23.519309997558594,50.39464569091797,0.6666666865348816,0.6666666865348816,0.8333333730697632
100,93,-1.8131964206695557,1.8301516771316528,0.6666666865348816,1.0,1.0
100,94,-12.292362213134766,21.608583450317383,0.25,0.75,1.0
100,95,-4.554380893707275,9.749250411987305,0.5,1.0,1.0
100,96,-9.01912784576416,9.533214569091797,0.5,0.75,1.0
100,97,-9.661017417907715,11.192617416381836,0.5,0.75,1.0
100,98,-21.1705322265625,8.306623458862305,0.4000000059604645,0.699999988079071,1.0
100,99,-8.137805938720703,15.068431854248047,0.3333333432674408,1.0,1.0
100,100,-6.80941104888916,30.105430603027344,0.0,1.0,1.0
100,101,-7.068763732910156,5.8543853759765625,0.25,1.0,1.0
100,102,-1.9257360696792603,2.6191976070404053,1.0,1.0,1.0
100,103,-0.3531843423843384,1.19314444065094,1.0,1.0,1.0
100,104,-4.000302314758301,1.9478322267532349,0.8333333730697632,1.0,1.0
100,105,-9.887611389160156,27.00090980529785,0.3333333432674408,0.6666666865348816,1.0
100,106,-4.2117791175842285,8.214406967163086,0.5,0.5,1.0
100,107,-12.063216209411621,416.3840637207031,0.5,0.5,0.5
100,108,-6.712120532989502,28.675992965698242,0.5,0.5,1.0
100,109,-34.99229049682617,48.814735412597656,0.4444444477558136,0.5555555820465088,0.7777777910232544
100,110,-9.748003005981445,130.84344482421875,0.5,0.5,0.5
100,111,-14.433357238769531,17.93351936340332,0.4000000059604645,0.800000011920929,1.0
100,112,-2.179807186126709,2.068042039871216,0.6666666865348816,1.0,1.0
100,113,-1.8235280513763428,1.8364652395248413,0.6666666865348816,1.0,1.0
100,114,-3.39418888092041,29.79047966003418,0.0,1.0,1.0
100,115,-11.79312801361084,363.78533935546875,0.0,0.5,0.5
100,116,-2.6007096767425537,3.6705989837646484,0.5,1.0,1.0
100,117,-10.683693885803223,2.274641752243042,0.8461538553237915,0.9230769872665405,1.0
100,118,-9.184226989746094,98.70281982421875,0.5,0.5,0.5
100,119,-2.745929002761841,3.9470343589782715,0.5,1.0,1.0
100,120,-21.201126098632812,14.156031608581543,0.5,0.75,0.875
100,121,-20.27291488647461,29.336109161376953,0.3333333432674408,0.6666666865348816,1.0
100,122,-7.43991231918335,3.4555628299713135,0.6666666865348816,1.0,1.0
100,123,-16.68337631225586,64.77009582519531,0.5,0.75,0.75
100,124,-10.960738182067871,8.954423904418945,0.6000000238418579,0.6000000238418579,1.0
100,125,-9.4725980758667,10.67761516571045,0.5,0.75,1.0
100,126,-16.021196365356445,54.88823699951172,0.5,0.75,0.75
100,127,-2.941572666168213,2.665853500366211,0.6666666865348816,1.0,1.0
100,128,-12.029149055480957,20.232440948486328,0.5,0.5,1.0
100,129,-2.966174840927124,19.41750144958496,0.0,1.0,1.0
100,130,-11.886547088623047,52.571929931640625,0.6666666865348816,0.6666666865348816,0.6666666865348816
100,131,-9.327804565429688,6.459558010101318,0.6000000238418579,1.0,1.0
100,132,-2.2442166805267334,9.433023452758789,0.0,1.0,1.0
100,133,-3.237093687057495,5.04575252532959,0.5,1.0,1.0
100,134,-12.517545700073242,522.5772705078125,0.0,0.0,1.0
100,135,-1.5289959907531738,1.66473388671875,0.6666666865348816,1.0,1.0
100,136,-6.296863555908203,23.299497604370117,0.5,1.0,1.0
100,137,-13.60422134399414,899.744384765625,0.5,0.5,0.5
100,138,-5.997062683105469,7.381824970245361,0.6666666865348816,0.6666666865348816,1.0
100,139,-5.541839599609375,3.029409885406494,0.6000000238418579,1.0,1.0
100,140,-6.572807312011719,8.943578720092773,0.3333333432674408,1.0,1.0
100,141,-10.323270797729492,13.207934379577637,0.25,1.0,1.0
100,142,-15.1293363571167,20.611873626708984,0.20000000298023224,0.800000011920929,0.800000011920929
100,143,-11.965288162231445,396.4873352050781,0.0,0.5,1.0
100,144,-17.40739631652832,77.62185668945312,0.5,0.75,0.75
100,145,-20.72950553894043,7.948240756988525,0.5,0.800000011920929,1.0
100,146,-12.192562103271484,58.21759033203125,0.0,0.6666666865348816,1.0
100,147,-2.279938220977783,3.126671552658081,0.5,1.0,1.0
100,148,-10.379895210266113,179.4591522216797,0.5,0.5,0.5
