step,probe_index,log_prob,perplexity,hit_accuracy_at_1,hit_accuracy_at_10,hit_accuracy_at_100
0,0,-3.9923312664031982,2.222130298614502,0.800000011920929,1.0,1.0
0,1,-3.3655006885528564,3.070478916168213,0.6666666865348816,1.0,1.0
0,2,-3.510932683944702,5.7861456871032715,0.5,1.0,1.0
0,3,-12.362919807434082,5.8481855392456055,0.5714285969734192,0.7142857313156128,1.0
0,4,-6.290299415588379,23.2231502532959,0.5,0.5,1.0
0,5,-16.38384437561035,235.3988494873047,0.3333333432674408,0.3333333432674408,0.6666666865348816
0,6,-7.285647392272949,2.0721044540405273,0.800000011920929,1.0,1.0
0,7,-14.968704223632812,42.189697265625,0.25,0.75,1.0
0,8,-19.733739852905273,719.037353515625,0.3333333432674408,0.3333333432674408,0.3333333432674408
0,9,-7.877226829528809,51.347354888916016,0.5,0.5,1.0
0,10,-1.8575489521026611,6.408011436462402,1.0,1.0,1.0
0,11,-6.240621566772461,513.1774291992188,0.0,0.0,1.0
0,12,-12.835803985595703,24.75310707092285,0.5,0.5,0.75
0,13,-16.19524574279785,25.50945472717285,0.6000000238418579,0.800000011920929,0.800000011920929
0,14,-10.04955005645752,28.498456954956055,0.3333333432674408,0.6666666865348816,0.6666666865348816
0,15,-20.836076736450195,1038.3193359375,0.0,0.3333333432674408,0.6666666865348816
0,16,-12.728361129760742,24.097070693969727,0.5,0.5,1.0
0,17,-29.2651309967041,17240.97265625,0.0,0.0,0.0
0,18,-5.9375762939453125,379.0151672363281,0.0,0.0,1.0
0,19,-14.484060287475586,1396.9271240234375,0.0,0.0,0.5
0,20,-27.709379196166992,1019.7826538085938,0.25,0.25,0.5
0,21,-6.310332298278809,23.456933975219727,0.0,1.0,1.0
0,22,-20.69251251220703,176.4659881591797,0.25,0.5,0.5
0,23,-15.648781776428223,22.868410110473633,0.4000000059604645,0.6000000238418579,0.800000011920929
0,24,-10.971992492675781,241.28921508789062,0.0,0.0,1.0
0,25,-13.82201099395752,100.21691131591797,0.0,0.6666666865348816,0.6666666865348816
0,26,-7.798863410949707,13.458637237548828,0.3333333432674408,0.6666666865348816,1.0
0,27,-7.051681041717529,10.491448402404785,0.6666666865348816,0.6666666865348816,1.0
0,28,-20.443994522094727,911.111083984375,0.3333333432674408,0.3333333432674408,0.3333333432674408
0,29,-5.046722412109375,155.5119171142578,0.0,0.0,1.0
0,30,-11.7344388961792,18.795352935791016,0.75,0.75,0.75
0,31,-25.514991760253906,589.1895751953125,0.25,0.25,0.5
0,32,-2.472132682800293,11.847687721252441,0.0,1.0,1.0
0,33,-5.908863067626953,19.19080924987793,0.0,0.5,1.0
0,34,-8.603022575378418,17.59604263305664,0.3333333432674408,0.3333333432674408,1.0
0,35,-15.631710052490234,49.7956428527832,0.5,0.5,0.75
0,36,-17.588071823120117,6594.79443359375,0.0,0.0,0.0
0,37,-7.183030128479004,36.28901672363281,0.5,0.5,1.0
0,38,-13.054387092590332,683.4773559570312,0.0,0.0,0.5
0,39,-2.996619701385498,4.474120616912842,0.5,1.0,1.0
0,40,-19.118974685668945,585.8076782226562,0.3333333432674408,0.6666666865348816,0.6666666865348816
0,41,-19.56288719177246,26.06207275390625,0.5,0.5,0.8333333730697632
0,42,-6.595750331878662,9.012237548828125,0.6666666865348816,0.6666666865348816,1.0
0,43,-8.647905349731445,5.638291835784912,0.6000000238418579,0.800000011920929,1.0
1,0,-3.9923312664031982,2.222130298614502,0.800000011920929,1.0,1.0
1,1,-3.3655006885528564,3.070478916168213,0.6666666865348816,1.0,1.0
1,2,-3.510932683944702,5.7861456871032715,0.5,1.0,1.0
1,3,-12.362919807434082,5.8481855392456055,0.5714285969734192,0.7142857313156128,1.0
1,4,-6.290299415588379,23.2231502532959,0.5,0.5,1.0
1,5,-16.38384437561035,235.3988494873047,0.3333333432674408,0.3333333432674408,0.6666666865348816
1,6,-7.285647392272949,2.0721044540405273,0.800000011920929,1.0,1.0
1,7,-14.968704223632812,42.189697265625,0.25,0.75,1.0
1,8,-19.733739852905273,719.037353515625,0.3333333432674408,0.3333333432674408,0.3333333432674408
1,9,-7.877226829528809,51.347354888916016,0.5,0.5,1.0
1,10,-1.8575489521026611,6.408011436462402,1.0,1.0,1.0
1,11,-6.240621566772461,513.1774291992188,0.0,0.0,1.0
1,12,-12.835803985595703,24.75310707092285,0.5,0.5,0.75
1,13,-16.19524574279785,25.50945472717285,0.6000000238418579,0.800000011920929,0.800000011920929
1,14,-10.04955005645752,28.498456954956055,0.3333333432674408,0.6666666865348816,0.6666666865348816
1,15,-20.836076736450195,1038.3193359375,0.0,0.3333333432674408,0.6666666865348816
1,16,-12.728361129760742,24.097070693969727,0.5,0.5,1.0
1,17,-29.2651309967041,17240.97265625,0.0,0.0,0.0
1,18,-5.9375762939453125,379.0151672363281,0.0,0.0,1.0
1,19,-14.484060287475586,1396.9271240234375,0.0,0.0,0.5
1,20,-27.709379196166992,1019.7826538085938,0.25,0.25,0.5
1,21,-6.310332298278809,23.456933975219727,0.0,1.0,1.0
1,22,-20.69251251220703,176.4659881591797,0.25,0.5,0.5
1,23,-15.648781776428223,22.868410110473633,0.4000000059604645,0.6000000238418579,0.800000011920929
1,24,-10.971992492675781,241.28921508789062,0.0,0.0,1.0
1,25,-13.82201099395752,100.21691131591797,0.0,0.6666666865348816,0.6666666865348816
1,26,-7.798863410949707,13.458637237548828,0.3333333432674408,0.6666666865348816,1.0
1,27,-7.051681041717529,10.491448402404785,0.6666666865348816,0.6666666865348816,1.0
1,28,-20.443994522094727,911.111083984375,0.3333333432674408,0.3333333432674408,0.3333333432674408
1,29,-5.046722412109375,155.5119171142578,0.0,0.0,1.0
1,30,-11.7344388961792,18.795352935791016,0.75,0.75,0.75
1,31,-25.514991760253906,589.1895751953125,0.25,0.25,0.5
1,32,-2.472132682800293,11.847687721252441,0.0,1.0,1.0
1,33,-5.908863067626953,19.19080924987793,0.0,0.5,1.0
1,34,-8.603022575378418,17.59604263305664,0.3333333432674408,0.3333333432674408,1.0
1,35,-15.631710052490234,49.7956428527832,0.5,0.5,0.75
1,36,-17.588071823120117,6594.79443359375,0.0,0.0,0.0
1,37,-7.183030128479004,36.28901672363281,0.5,0.5,1.0
1,38,-13.054387092590332,683.4773559570312,0.0,0.0,0.5
1,39,-2.996619701385498,4.474120616912842,0.5,1.0,1.0
1,40,-19.118974685668945,585.8076782226562,0.3333333432674408,0.6666666865348816,0.6666666865348816
1,41,-19.56288719177246,26.06207275390625,0.5,0.5,0.8333333730697632
1,42,-6.595750331878662,9.012237548828125,0.6666666865348816,0.6666666865348816,1.0
1,43,-8.647905349731445,5.638291835784912,0.6000000238418579,0.800000011920929,1.0
2,0,-3.9782819747924805,2.215894937515259,0.800000011920929,1.0,1.0
2,1,-3.337069034576416,3.0415167808532715,0.6666666865348816,1.0,1.0
2,2,-3.5160322189331055,5.800917625427246,0.5,1.0,1.0
2,3,-12.361149787902832,5.846706867218018,0.5714285969734192,0.7142857313156128,1.0
2,4,-6.342134952545166,23.83291244506836,0.5,0.5,1.0
2,5,-16.39980697631836,236.65475463867188,0.3333333432674408,0.3333333432674408,0.6666666865348816
2,6,-7.270528793334961,2.068974018096924,0.800000011920929,1.0,1.0
2,7,-15.005423545837402,42.578773498535156,0.25,0.75,1.0
2,8,-19.74349594116211,721.3794555664062,0.3333333432674408,0.3333333432674408,0.3333333432674408
2,9,-7.843669891357422,50.493011474609375,0.5,0.5,1.0
2,10,-1.8482853174209595,6.348923683166504,1.0,1.0,1.0
2,11,-6.240030288696289,512.8740844726562,0.0,0.0,1.0
2,12,-12.787740707397461,24.45745849609375,0.5,0.5,0.75
2,13,-16.15842628479004,25.32229232788086,0.6000000238418579,0.800000011920929,0.800000011920929
2,14,-10.030706405639648,28.32001495361328,0.3333333432674408,0.6666666865348816,0.6666666865348816
2,15,-20.881086349487305,1054.0150146484375,0.0,0.3333333432674408,0.6666666865348816
2,16,-12.681404113769531,23.81584358215332,0.5,0.5,1.0
2,17,-29.2192440032959,16979.26171875,0.0,0.0,0.0
2,18,-5.956890106201172,386.4065856933594,0.0,0.0,1.0
2,19,-14.54422378540039,1439.5875244140625,0.0,0.0,0.5
2,20,-27.74875259399414,1029.870361328125,0.25,0.25,0.5
2,21,-6.3584442138671875,24.02805519104004,0.0,1.0,1.0
2,22,-20.719120025634766,177.6437225341797,0.25,0.5,0.5
2,23,-15.648645401000977,22.867782592773438,0.4000000059604645,0.6000000238418579,0.800000011920929
2,24,-10.99735164642334,244.36813354492188,0.0,0.0,1.0
2,25,-13.856374740600586,101.3714599609375,0.0,0.6666666865348816,0.6666666865348816
2,26,-7.805665016174316,13.489187240600586,0.3333333432674408,0.6666666865348816,1.0
2,27,-7.107593536376953,10.688814163208008,0.6666666865348816,0.6666666865348816,1.0
2,28,-20.476848602294922,921.14404296875,0.3333333432674408,0.3333333432674408,0.3333333432674408
2,29,-5.081356048583984,160.99221801757812,0.0,0.0,1.0
2,30,-11.639717102050781,18.355501174926758,0.75,0.75,0.75
2,31,-25.493724822998047,586.0653076171875,0.25,0.25,0.5
2,32,-2.4668006896972656,11.784684181213379,0.0,1.0,1.0
2,33,-5.910534858703613,19.206857681274414,0.0,0.5,1.0
2,34,-8.572555541992188,17.418249130249023,0.3333333432674408,0.6666666865348816,1.0
2,35,-15.559911727905273,48.90980911254883,0.5,0.5,0.75
2,36,-17.570098876953125,6535.79638671875,0.0,0.0,0.0
2,37,-7.142947196960449,35.5689697265625,0.5,0.5,1.0
2,38,-13.034307479858398,676.6497192382812,0.0,0.0,0.5
2,39,-2.983926296234131,4.445815086364746,0.5,1.0,1.0
2,40,-19.153541564941406,592.5965576171875,0.3333333432674408,0.6666666865348816,0.6666666865348816
2,41,-19.522306442260742,25.886398315429688,0.5,0.5,0.8333333730697632
2,42,-6.5734663009643555,8.94554328918457,0.6666666865348816,0.6666666865348816,1.0
2,43,-8.640016555786133,5.629402160644531,0.6000000238418579,0.800000011920929,1.0
3,0,-3.962822437286377,2.2090542316436768,0.800000011920929,1.0,1.0
3,1,-3.372911214828491,3.0780727863311768,0.6666666865348816,1.0,1.0
3,2,-3.5196423530578613,5.811398029327393,0.5,1.0,1.0
3,3,-12.294692993164062,5.791461944580078,0.5714285969734192,0.7142857313156128,1.0
3,4,-6.318388938903809,23.551616668701172,0.5,0.5,1.0
3,5,-16.34309959411621,232.2234344482422,0.3333333432674408,0.3333333432674408,0.6666666865348816
3,6,-7.274601459503174,2.069816827774048,0.800000011920929,1.0,1.0
3,7,-14.941496849060059,41.90370178222656,0.25,0.75,1.0
3,8,-19.69615364074707,710.0847778320312,0.3333333432674408,0.3333333432674408,0.3333333432674408
3,9,-7.8723249435424805,51.22166061401367,0.5,0.5,1.0
3,10,-1.848724365234375,6.351712226867676,1.0,1.0,1.0
3,11,-6.23068904876709,508.1054382324219,0.0,0.0,1.0
3,12,-12.777847290039062,24.39704132080078,0.5,0.5,0.75
3,13,-16.28949737548828,25.9948787689209,0.6000000238418579,0.800000011920929,0.800000011920929
3,14,-9.986352920532227,27.904396057128906,0.3333333432674408,0.6666666865348816,0.6666666865348816
3,15,-20.817855834960938,1032.0323486328125,0.0,0.3333333432674408,0.6666666865348816
3,16,-12.72188949584961,24.058116912841797,0.5,0.5,1.0
3,17,-29.20883560180664,16920.455078125,0.0,0.0,0.0
3,18,-5.928698539733887,375.665283203125,0.0,0.0,1.0
3,19,-14.470391273498535,1387.4122314453125,0.0,0.0,0.5
3,20,-27.679271697998047,1012.1356811523438,0.25,0.25,0.5
3,21,-6.352020263671875,23.95100212097168,0.0,1.0,1.0
3,22,-20.742591857910156,178.68919372558594,0.25,0.5,0.5
3,23,-15.63595199584961,22.809803009033203,0.4000000059604645,0.6000000238418579,0.800000011920929
3,24,-10.894243240356445,232.0891571044922,0.0,0.0,1.0
3,25,-13.758177757263184,98.1070327758789,0.0,0.6666666865348816,0.6666666865348816
3,26,-7.810224533081055,13.509702682495117,0.3333333432674408,0.6666666865348816,1.0
3,27,-7.079427719116211,10.5889310836792,0.6666666865348816,0.6666666865348816,1.0
3,28,-20.386131286621094,893.7063598632812,0.3333333432674408,0.3333333432674408,0.3333333432674408
3,29,-5.06177282333374,157.87014770507812,0.0,0.0,1.0
3,30,-11.690407752990723,18.5895938873291,0.75,0.75,0.75
3,31,-25.468704223632812,582.4108276367188,0.25,0.25,0.5
3,32,-2.4772653579711914,11.908653259277344,0.0,1.0,1.0
3,33,-5.953088283538818,19.619895935058594,0.0,0.5,1.0
3,34,-8.588505744934082,17.5111026763916,0.3333333432674408,0.6666666865348816,1.0
3,35,-15.62417221069336,49.7018928527832,0.5,0.5,0.75
3,36,-17.58521270751953,6585.37353515625,0.0,0.0,0.0
3,37,-7.160242080688477,35.87788391113281,0.5,0.5,1.0
3,38,-13.027766227722168,674.4402465820312,0.0,0.0,0.5
3,39,-2.9912455081939697,4.462114334106445,0.5,1.0,1.0
3,40,-19.045730590820312,571.6785888671875,0.3333333432674408,0.6666666865348816,0.6666666865348816
3,41,-19.479019165039062,25.7003116607666,0.5,0.5,0.8333333730697632
3,42,-6.5537261962890625,8.886874198913574,0.6666666865348816,0.6666666865348816,1.0
3,43,-8.652196884155273,5.643133163452148,0.6000000238418579,0.800000011920929,1.0
4,0,-3.979332685470581,2.216360569000244,0.800000011920929,1.0,1.0
4,1,-3.412175178527832,3.1186234951019287,0.6666666865348816,1.0,1.0
4,2,-3.5211799144744873,5.8158674240112305,0.5,1.0,1.0
4,3,-12.269196510314941,5.770406246185303,0.5714285969734192,0.7142857313156128,1.0
4,4,-6.299797534942627,23.333703994750977,0.5,0.5,1.0
4,5,-16.422401428222656,238.44387817382812,0.3333333432674408,0.3333333432674408,0.6666666865348816
4,6,-7.287566184997559,2.0725021362304688,0.800000011920929,1.0,1.0
4,7,-15.025228500366211,42.79011154174805,0.25,0.75,1.0
4,8,-19.671541213989258,704.2830810546875,0.3333333432674408,0.3333333432674408,0.3333333432674408
4,9,-7.849560260772705,50.64194107055664,0.5,0.5,1.0
4,10,-1.8563587665557861,6.400389194488525,1.0,1.0,1.0
4,11,-6.243574142456055,514.69482421875,0.0,0.0,1.0
4,12,-12.744763374328613,24.19608497619629,0.5,0.5,0.75
4,13,-16.251806259155273,25.79965591430664,0.6000000238418579,0.800000011920929,0.800000011920929
4,14,-9.950145721435547,27.56964111328125,0.3333333432674408,0.6666666865348816,0.6666666865348816
4,15,-20.842748641967773,1040.631103515625,0.0,0.3333333432674408,0.6666666865348816
4,16,-12.683364868164062,23.8275203704834,0.5,0.5,1.0
4,17,-29.256542205810547,17191.68359375,0.0,0.0,0.0
4,18,-5.924008846282959,373.90765380859375,0.0,0.0,1.0
4,19,-14.489229202270508,1400.5419921875,0.0,0.0,0.5
4,20,-27.59696388244629,991.5219116210938,0.25,0.25,0.5
4,21,-6.290826320648193,23.229270935058594,0.0,1.0,1.0
4,22,-20.721580505371094,177.75302124023438,0.25,0.5,0.5
4,23,-15.624353408813477,22.756956100463867,0.4000000059604645,0.6000000238418579,0.800000011920929
4,24,-10.89073371887207,231.68226623535156,0.0,0.0,1.0
4,25,-13.724576950073242,97.01436614990234,0.0,0.6666666865348816,0.6666666865348816
4,26,-7.822294235229492,13.564166069030762,0.3333333432674408,0.6666666865348816,1.0
4,27,-7.069337844848633,10.553378105163574,0.6666666865348816,0.6666666865348816,1.0
4,28,-20.432775497436523,907.7100830078125,0.3333333432674408,0.3333333432674408,0.3333333432674408
4,29,-5.037530422210693,154.08900451660156,0.0,0.0,1.0
4,30,-11.598991394042969,18.16956329345703,0.75,0.75,0.75
4,31,-25.43788719177246,577.9409790039062,0.25,0.25,0.5
4,32,-2.5006203651428223,12.190054893493652,0.0,1.0,1.0
4,33,-5.933430194854736,19.427995681762695,0.0,0.5,1.0
4,34,-8.536571502685547,17.2105712890625,0.3333333432674408,0.6666666865348816,1.0
4,35,-15.561882019042969,48.933902740478516,0.5,0.5,0.75
4,36,-17.454259872436523,6168.0,0.0,0.0,0.0
4,37,-7.168308734893799,36.022884368896484,0.5,0.5,1.0
4,38,-12.986072540283203,660.52587890625,0.0,0.0,0.5
4,39,-2.9948818683624268,4.4702348709106445,0.5,1.0,1.0
4,40,-19.097721099853516,581.6723022460938,0.3333333432674408,0.6666666865348816,0.6666666865348816
4,41,-19.424306869506836,25.467025756835938,0.5,0.5,0.8333333730697632
4,42,-6.57084846496582,8.937740325927734,0.6666666865348816,0.6666666865348816,1.0
4,43,-8.674788475036621,5.66868782043457,0.6000000238418579,0.800000011920929,1.0
5,0,-3.960517406463623,2.208036184310913,0.800000011920929,1.0,1.0
5,1,-3.429290771484375,3.1364667415618896,0.6666666865348816,1.0,1.0
5,2,-3.4960145950317383,5.743146896362305,0.5,1.0,1.0
5,3,-12.178892135620117,5.696442127227783,0.5714285969734192,0.7142857313156128,1.0
5,4,-6.312220573425293,23.47909164428711,0.5,0.5,1.0
5,5,-16.34332275390625,232.24073791503906,0.3333333432674408,0.3333333432674408,0.6666666865348816
5,6,-7.255131244659424,2.0657906532287598,0.800000011920929,1.0,1.0
5,7,-14.949292182922363,41.985443115234375,0.25,0.75,1.0
5,8,-19.588939666748047,685.1558837890625,0.3333333432674408,0.3333333432674408,0.3333333432674408
5,9,-7.849640846252441,50.643985748291016,0.5,0.5,1.0
5,10,-1.8665999174118042,6.466273307800293,1.0,1.0,1.0
5,11,-6.230916976928711,508.2212829589844,0.0,0.0,1.0
5,12,-12.730941772460938,24.11262321472168,0.5,0.5,0.75
5,13,-16.182506561279297,25.444541931152344,0.6000000238418579,0.800000011920929,0.800000011920929
5,14,-9.872421264648438,26.86453628540039,0.3333333432674408,0.6666666865348816,0.6666666865348816
5,15,-20.82415199279785,1034.200439453125,0.0,0.3333333432674408,0.6666666865348816
5,16,-12.658819198608398,23.681751251220703,0.5,0.5,1.0
5,17,-29.183813095092773,16779.912109375,0.0,0.0,0.0
5,18,-5.839384078979492,343.5676574707031,0.0,0.0,1.0
5,19,-14.456531524658203,1377.8309326171875,0.0,0.0,0.5
5,20,-27.53356170654297,975.9295654296875,0.25,0.25,0.5
5,21,-6.280669212341309,23.11159896850586,0.0,1.0,1.0
5,22,-20.58453369140625,171.7660675048828,0.25,0.5,0.5
5,23,-15.478815078735352,22.104097366333008,0.4000000059604645,0.6000000238418579,0.800000011920929
5,24,-10.757198333740234,216.71849060058594,0.0,0.0,1.0
5,25,-13.625448226928711,93.86111450195312,0.0,0.6666666865348816,0.6666666865348816
5,26,-7.788394927978516,13.411754608154297,0.3333333432674408,0.6666666865348816,1.0
5,27,-7.076444149017334,10.57840633392334,0.6666666865348816,0.6666666865348816,1.0
5,28,-20.285234451293945,864.1488037109375,0.3333333432674408,0.3333333432674408,0.3333333432674408
5,29,-5.0899224281311035,162.3772735595703,0.0,0.0,1.0
5,30,-11.618402481079102,18.257949829101562,0.75,0.75,0.75
5,31,-25.27768325805664,555.2513427734375,0.25,0.25,0.5
5,32,-2.4476566314697266,11.561223030090332,0.0,1.0,1.0
5,33,-5.95958137512207,19.683696746826172,0.0,0.5,1.0
5,34,-8.565825462341309,17.37921905517578,0.3333333432674408,0.6666666865348816,1.0
5,35,-15.531916618347168,48.56869125366211,0.5,0.5,0.75
5,36,-17.509183883666992,6339.73291015625,0.0,0.0,0.0
5,37,-7.193273067474365,36.475345611572266,0.5,0.5,1.0
5,38,-12.851127624511719,617.4288330078125,0.0,0.0,0.5
5,39,-3.006019353866577,4.495197772979736,0.5,1.0,1.0
5,40,-19.155607223510742,593.0047607421875,0.3333333432674408,0.6666666865348816,0.6666666865348816
5,41,-19.33551788330078,25.09293556213379,0.5,0.5,0.8333333730697632
5,42,-6.6166510581970215,9.075244903564453,0.6666666865348816,0.6666666865348816,1.0
5,43,-8.656645774841309,5.64815616607666,0.6000000238418579,0.800000011920929,1.0
6,0,-3.940213203430176,2.1990878582000732,0.800000011920929,1.0,1.0
6,1,-3.4591729640960693,3.1678645610809326,0.6666666865348816,1.0,1.0
6,2,-3.4876673221588135,5.719227313995361,0.5,1.0,1.0
6,3,-12.117756843566895,5.646907329559326,0.5714285969734192,0.7142857313156128,1.0
6,4,-6.337571620941162,23.778594970703125,0.5,0.5,1.0
6,5,-16.299530029296875,228.8751220703125,0.3333333432674408,0.3333333432674408,0.6666666865348816
6,6,-7.2745513916015625,2.0698063373565674,0.800000011920929,1.0,1.0
6,7,-15.027780532836914,42.81742477416992,0.25,0.75,1.0
6,8,-19.52841567993164,671.4717407226562,0.3333333432674408,0.3333333432674408,0.3333333432674408
6,9,-7.843008995056152,50.4763298034668,0.5,0.5,1.0
6,10,-1.8711165189743042,6.495544910430908,1.0,1.0,1.0
6,11,-6.233560562133789,509.56658935546875,0.0,0.0,1.0
6,12,-12.618271827697754,23.442907333374023,0.5,0.5,0.75
6,13,-16.193737030029297,25.50175666809082,0.6000000238418579,0.800000011920929,0.800000011920929
6,14,-9.889345169067383,27.01651954650879,0.3333333432674408,0.6666666865348816,0.6666666865348816
6,15,-20.831336975097656,1036.680419921875,0.0,0.3333333432674408,0.6666666865348816
6,16,-12.682178497314453,23.820453643798828,0.5,0.5,1.0
6,17,-28.999008178710938,15777.4365234375,0.0,0.0,0.0
6,18,-5.815930366516113,335.6034851074219,0.0,0.0,1.0
6,19,-14.370450973510742,1319.786865234375,0.0,0.0,0.5
6,20,-27.377653121948242,938.6224365234375,0.25,0.25,0.5
6,21,-6.2887444496154785,23.205102920532227,0.0,1.0,1.0
6,22,-20.5494384765625,170.26559448242188,0.25,0.5,0.5
6,23,-15.392499923706055,21.725788116455078,0.4000000059604645,0.6000000238418579,0.800000011920929
6,24,-10.629541397094727,203.31790161132812,0.0,0.0,1.0
6,25,-13.50075912475586,90.03992462158203,0.0,0.6666666865348816,0.6666666865348816
6,26,-7.737043380737305,13.184139251708984,0.3333333432674408,0.6666666865348816,1.0
6,27,-7.082544803619385,10.59993839263916,0.6666666865348816,0.6666666865348816,1.0
6,28,-20.198993682861328,839.6607055664062,0.3333333432674408,0.3333333432674408,0.3333333432674408
6,29,-5.1334710121154785,169.60479736328125,0.0,0.0,1.0
6,30,-11.520842552185059,17.818025588989258,0.75,0.75,0.75
6,31,-25.171524047851562,540.7088623046875,0.25,0.25,0.5
6,32,-2.459847927093506,11.703031539916992,0.0,1.0,1.0
6,33,-5.999205589294434,20.077560424804688,0.0,0.5,1.0
6,34,-8.50558090209961,17.03369903564453,0.3333333432674408,0.6666666865348816,1.0
6,35,-15.421998977661133,47.25222396850586,0.5,0.5,0.75
6,36,-17.432247161865234,6100.4853515625,0.0,0.0,0.0
6,37,-7.153739929199219,35.76143264770508,0.5,0.5,1.0
6,38,-12.781231880187988,596.2236938476562,0.0,0.5,0.5
6,39,-3.0011062622070312,4.484168529510498,0.5,1.0,1.0
6,40,-19.06191062927246,574.7700805664062,0.3333333432674408,0.6666666865348816,0.6666666865348816
6,41,-19.246723175048828,24.72431755065918,0.5,0.5,0.8333333730697632
6,42,-6.6119585037231445,9.061059951782227,0.6666666865348816,0.6666666865348816,1.0
6,43,-8.653351783752441,5.644436359405518,0.6000000238418579,0.800000011920929,1.0
7,0,-3.899078369140625,2.181070327758789,0.800000011920929,1.0,1.0
7,1,-3.514322280883789,3.226637840270996,0.6666666865348816,1.0,1.0
7,2,-3.5032386779785156,5.76392936706543,0.5,1.0,1.0
7,3,-11.88567066192627,5.462753772735596,0.5714285969734192,0.7142857313156128,1.0
7,4,-6.327474594116211,23.658849716186523,0.5,0.5,1.0
7,5,-16.220623016357422,222.93365478515625,0.3333333432674408,0.3333333432674408,0.6666666865348816
7,6,-7.257430553436279,2.066265821456909,0.800000011920929,1.0,1.0
7,7,-15.015525817871094,42.68644714355469,0.25,0.75,1.0
7,8,-19.325481414794922,627.552490234375,0.3333333432674408,0.3333333432674408,0.3333333432674408
7,9,-7.861112117767334,50.93529510498047,0.5,0.5,1.0
7,10,-1.8913352489471436,6.628212928771973,1.0,1.0,1.0
7,11,-6.297768592834473,543.3580932617188,0.0,0.0,1.0
7,12,-12.525031089782715,22.902767181396484,0.5,0.5,0.75
7,13,-16.259963989257812,25.84178352355957,0.6000000238418579,0.800000011920929,0.800000011920929
7,14,-9.76019287109375,25.87811851501465,0.3333333432674408,0.6666666865348816,1.0
7,15,-20.825475692749023,1034.6572265625,0.0,0.3333333432674408,0.6666666865348816
7,16,-12.650944709777832,23.635177612304688,0.5,0.5,1.0
7,17,-28.90737533569336,15302.8095703125,0.0,0.0,0.0
7,18,-5.712170600891113,302.52703857421875,0.0,0.0,1.0
7,19,-14.198728561401367,1211.19677734375,0.0,0.0,0.5
7,20,-27.40618896484375,945.3424072265625,0.25,0.25,0.5
7,21,-6.278472900390625,23.086233139038086,0.0,1.0,1.0
7,22,-20.460468292236328,166.52027893066406,0.25,0.5,0.5
7,23,-15.37043571472168,21.630128860473633,0.4000000059604645,0.6000000238418579,0.800000011920929
7,24,-10.296927452087402,172.16680908203125,0.0,0.0,1.0
7,25,-13.285490036010742,83.80535125732422,0.0,0.6666666865348816,0.6666666865348816
7,26,-7.709465026855469,13.063493728637695,0.3333333432674408,0.6666666865348816,1.0
7,27,-7.1178483963012695,10.725414276123047,0.6666666865348816,0.6666666865348816,1.0
7,28,-19.943511962890625,771.11474609375,0.3333333432674408,0.3333333432674408,0.3333333432674408
7,29,-5.167206287384033,175.424072265625,0.0,0.0,1.0
7,30,-11.470560073852539,17.595443725585938,0.75,0.75,0.75
7,31,-24.859363555908203,500.1164245605469,0.25,0.25,0.5
7,32,-2.4270975589752197,11.32596206665039,0.0,1.0,1.0
7,33,-6.035593032836914,20.446189880371094,0.0,0.5,1.0
7,34,-8.541732788085938,17.24020767211914,0.3333333432674408,0.3333333432674408,1.0
7,35,-15.263586044311523,45.41745376586914,0.5,0.5,0.75
7,36,-17.33258628845215,5803.94482421875,0.0,0.0,0.0
7,37,-7.162308216094971,35.91496658325195,0.5,0.5,1.0
7,38,-12.607702255249023,546.6731567382812,0.0,0.5,0.5
7,39,-2.9923975467681885,4.464685440063477,0.5,1.0,1.0
7,40,-19.154762268066406,592.8377075195312,0.3333333432674408,0.6666666865348816,0.6666666865348816
7,41,-19.024555206298828,23.8255672454834,0.5,0.5,0.8333333730697632
7,42,-6.626556396484375,9.105257987976074,0.6666666865348816,0.6666666865348816,1.0
7,43,-8.585786819458008,5.568675994873047,0.6000000238418579,0.800000011920929,1.0
8,0,-3.8684611320495605,2.167755365371704,0.800000011920929,1.0,1.0
8,1,-3.531309127807617,3.244960069656372,0.6666666865348816,1.0,1.0
8,2,-3.480668544769287,5.699248313903809,0.5,1.0,1.0
8,3,-11.6221923828125,5.260958671569824,0.5714285969734192,0.7142857313156128,1.0
8,4,-6.374595642089844,24.222885131835938,0.5,0.5,1.0
8,5,-16.178354263305664,219.81463623046875,0.3333333432674408,0.3333333432674408,0.6666666865348816
8,6,-7.251008033752441,2.064939260482788,0.800000011920929,1.0,1.0
8,7,-14.996335983276367,42.48215103149414,0.25,0.75,1.0
8,8,-19.146265029907227,591.160888671875,0.3333333432674408,0.3333333432674408,0.3333333432674408
8,9,-7.867660045623779,51.10232925415039,0.5,0.5,1.0
8,10,-1.884374737739563,6.582237720489502,1.0,1.0,1.0
8,11,-6.324212551116943,557.9183349609375,0.0,0.0,1.0
8,12,-12.388206481933594,22.132600784301758,0.5,0.5,1.0
8,13,-16.269689559936523,25.892101287841797,0.6000000238418579,0.800000011920929,0.800000011920929
8,14,-9.650567054748535,24.94955062866211,0.3333333432674408,0.6666666865348816,1.0
8,15,-20.79830551147461,1025.3284912109375,0.0,0.3333333432674408,0.6666666865348816
8,16,-12.674398422241211,23.774168014526367,0.5,0.5,1.0
8,17,-28.795486450195312,14742.583984375,0.0,0.0,0.0
8,18,-5.646702289581299,283.3554992675781,0.0,0.0,1.0
8,19,-14.097028732299805,1151.147216796875,0.0,0.0,0.5
8,20,-27.196163177490234,896.9865112304688,0.25,0.25,0.5
8,21,-6.2929840087890625,23.254344940185547,0.0,1.0,1.0
8,22,-20.286867141723633,159.44781494140625,0.25,0.5,0.5
8,23,-15.22949504852295,21.0289249420166,0.4000000059604645,0.6000000238418579,0.800000011920929
8,24,-10.039388656616211,151.36502075195312,0.0,0.0,1.0
8,25,-13.118209838867188,79.2602310180664,0.0,0.6666666865348816,0.6666666865348816
8,26,-7.660482883453369,12.851933479309082,0.3333333432674408,0.6666666865348816,1.0
8,27,-7.109989643096924,10.697355270385742,0.6666666865348816,0.6666666865348816,1.0
8,28,-19.7037353515625,711.881591796875,0.3333333432674408,0.3333333432674408,0.3333333432674408
8,29,-5.220912933349609,185.1031036376953,0.0,0.0,1.0
8,30,-11.375642776489258,17.182832717895508,0.75,0.75,0.75
8,31,-24.612567901611328,470.1924133300781,0.25,0.25,0.5
8,32,-2.4137818813323975,11.1761474609375,0.0,1.0,1.0
8,33,-6.108578681945801,21.20611000061035,0.0,0.5,1.0
8,34,-8.515569686889648,17.090505599975586,0.3333333432674408,0.6666666865348816,1.0
8,35,-15.235708236694336,45.10202407836914,0.5,0.5,0.75
8,36,-17.15725326538086,5316.79833984375,0.0,0.0,0.0
8,37,-7.162302017211914,35.91485595703125,0.5,0.5,1.0
8,38,-12.415575981140137,496.6015319824219,0.0,0.5,0.5
8,39,-3.013092041015625,4.511122703552246,0.5,1.0,1.0
8,40,-19.1273193359375,587.4393310546875,0.3333333432674408,0.6666666865348816,0.6666666865348816
8,41,-18.66040802001953,22.422569274902344,0.5,0.5,0.8333333730697632
8,42,-6.619799613952637,9.0847749710083,0.6666666865348816,0.6666666865348816,1.0
8,43,-8.573497772216797,5.5550055503845215,0.6000000238418579,0.800000011920929,1.0
9,0,-3.811094284057617,2.143026113510132,0.800000011920929,1.0,1.0
9,1,-3.534574031829834,3.2484934329986572,0.6666666865348816,1.0,1.0
9,2,-3.449819564819336,5.6120147705078125,0.5,1.0,1.0
9,3,-11.294727325439453,5.020514488220215,0.5714285969734192,0.7142857313156128,1.0
9,4,-6.363078594207764,24.083797454833984,0.5,0.5,1.0
9,5,-16.025680541992188,208.90792846679688,0.3333333432674408,0.3333333432674408,0.6666666865348816
9,6,-7.166990280151367,2.0476627349853516,0.800000011920929,1.0,1.0
9,7,-15.04098892211914,42.95904541015625,0.25,0.75,1.0
9,8,-18.985347747802734,560.2870483398438,0.3333333432674408,0.3333333432674408,0.3333333432674408
9,9,-7.893705368041992,51.77216720581055,0.5,0.5,1.0
9,10,-1.8942946195602417,6.647857666015625,1.0,1.0,1.0
9,11,-6.422767162322998,615.7045288085938,0.0,0.0,1.0
9,12,-12.287127494812012,21.580322265625,0.5,0.5,1.0
9,13,-16.40318489074707,26.592708587646484,0.6000000238418579,0.800000011920929,0.800000011920929
9,14,-9.45134449005127,23.346525192260742,0.3333333432674408,0.6666666865348816,1.0
9,15,-20.724504470825195,1000.4130859375,0.0,0.3333333432674408,0.6666666865348816
9,16,-12.645404815673828,23.602466583251953,0.5,0.5,1.0
9,17,-28.64208221435547,14007.6708984375,0.0,0.0,0.0
9,18,-5.541600227355957,255.08587646484375,0.0,0.0,1.0
9,19,-13.910636901855469,1048.71240234375,0.0,0.0,0.5
9,20,-27.062788009643555,867.5706787109375,0.25,0.25,0.5
9,21,-6.225448131561279,22.48220443725586,0.0,1.0,1.0
9,22,-20.072769165039062,151.13784790039062,0.25,0.5,0.5
9,23,-15.000364303588867,20.087003707885742,0.4000000059604645,0.6000000238418579,0.800000011920929
9,24,-9.708301544189453,128.27171325683594,0.0,0.0,1.0
9,25,-12.933935165405273,74.53820037841797,0.0,0.6666666865348816,1.0
9,26,-7.573841094970703,12.486069679260254,0.3333333432674408,0.6666666865348816,1.0
9,27,-7.0840630531311035,10.605304718017578,0.6666666865348816,0.6666666865348816,1.0
9,28,-19.543163299560547,674.7806396484375,0.3333333432674408,0.3333333432674408,0.3333333432674408
9,29,-5.255818843841553,191.67837524414062,0.0,0.0,1.0
9,30,-11.332025527954102,16.996482849121094,0.75,0.75,0.75
9,31,-24.276487350463867,432.3008728027344,0.25,0.25,0.5
9,32,-2.3783087730407715,10.786645889282227,0.0,1.0,1.0
9,33,-6.12533712387085,21.38454818725586,0.0,0.5,1.0
9,34,-8.406381607055664,16.479663848876953,0.3333333432674408,0.3333333432674408,1.0
9,35,-15.032600402832031,42.869049072265625,0.5,0.5,0.75
9,36,-17.039676666259766,5013.2431640625,0.0,0.0,0.0
9,37,-7.157430171966553,35.827476501464844,0.5,0.5,1.0
9,38,-12.142999649047852,433.3301086425781,0.0,0.5,0.5
9,39,-3.0489306449890137,4.592687606811523,0.5,1.0,1.0
9,40,-19.12415313720703,586.8197631835938,0.3333333432674408,0.6666666865348816,0.6666666865348816
9,41,-18.492259979248047,21.80290985107422,0.5,0.5,0.8333333730697632
9,42,-6.52064323425293,8.789411544799805,0.6666666865348816,0.6666666865348816,1.0
9,43,-8.5006103515625,5.474616050720215,0.6000000238418579,0.800000011920929,1.0
10,0,-3.7415621280670166,2.1134302616119385,0.800000011920929,1.0,1.0
10,1,-3.5739309787750244,3.291391134262085,0.6666666865348816,1.0,1.0
10,2,-3.462028980255127,5.646379470825195,0.5,1.0,1.0
10,3,-11.089873313903809,4.87571907043457,0.7142857313156128,0.7142857313156128,1.0
10,4,-6.364104270935059,24.09615135192871,0.5,0.5,1.0
10,5,-15.945590019226074,203.40447998046875,0.3333333432674408,0.3333333432674408,0.6666666865348816
10,6,-7.074275016784668,2.0287654399871826,0.800000011920929,1.0,1.0
10,7,-15.195086479187012,44.646305084228516,0.25,0.75,1.0
10,8,-18.760351181030273,519.8032836914062,0.3333333432674408,0.3333333432674408,0.3333333432674408
10,9,-7.919833660125732,52.452964782714844,0.5,0.5,1.0
10,10,-1.8695036172866821,6.485076904296875,1.0,1.0,1.0
10,11,-6.502347469329834,666.7048950195312,0.0,0.0,1.0
10,12,-12.060163497924805,20.389925003051758,0.5,0.5,1.0
10,13,-16.327054977416992,26.19087028503418,0.6000000238418579,0.800000011920929,0.800000011920929
10,14,-9.415305137634277,23.06774139404297,0.3333333432674408,0.6666666865348816,1.0
10,15,-20.636550903320312,971.5088500976562,0.0,0.3333333432674408,0.6666666865348816
10,16,-12.579124450683594,23.2145938873291,0.5,0.5,1.0
10,17,-28.535036087036133,13516.666015625,0.0,0.0,0.3333333432674408
10,18,-5.469899654388428,237.43637084960938,0.0,0.0,1.0
10,19,-13.668002128601074,928.8999633789062,0.0,0.0,0.5
10,20,-26.775693893432617,807.4841918945312,0.25,0.25,0.5
10,21,-6.176274299621582,21.936176300048828,0.0,1.0,1.0
10,22,-19.94317626953125,146.31971740722656,0.25,0.5,0.75
10,23,-14.844797134399414,19.47164535522461,0.4000000059604645,0.6000000238418579,0.800000011920929
10,24,-9.256303787231445,102.32478332519531,0.0,0.0,1.0
10,25,-12.660067558288574,68.03502655029297,0.0,0.6666666865348816,1.0
10,26,-7.478048801422119,12.093679428100586,0.3333333432674408,0.6666666865348816,1.0
10,27,-7.116645812988281,10.721116065979004,0.6666666865348816,0.6666666865348816,1.0
10,28,-19.24053382873535,610.0319213867188,0.3333333432674408,0.3333333432674408,0.3333333432674408
10,29,-5.234173774719238,187.57406616210938,0.0,0.0,1.0
10,30,-11.220908164978027,16.53082847595215,0.75,0.75,0.75
10,31,-24.037349700927734,407.2134094238281,0.25,0.25,0.5
10,32,-2.3543519973754883,10.531302452087402,0.0,1.0,1.0
10,33,-6.137583255767822,21.515888214111328,0.0,0.5,1.0
10,34,-8.34672737121582,16.155210494995117,0.3333333432674408,0.3333333432674408,1.0
10,35,-14.85807991027832,41.038883209228516,0.5,0.5,0.75
10,36,-16.842578887939453,4542.75732421875,0.0,0.0,0.0
10,37,-7.1760478019714355,36.16254425048828,0.5,0.5,1.0
10,38,-11.959245681762695,395.291259765625,0.0,0.5,0.5
10,39,-3.052502155303955,4.60089635848999,0.5,1.0,1.0
10,40,-19.120389938354492,586.083984375,0.3333333432674408,0.6666666865348816,0.6666666865348816
10,41,-18.195743560791016,20.751611709594727,0.5,0.5,0.8333333730697632
10,42,-6.34438943862915,8.287898063659668,0.6666666865348816,0.6666666865348816,1.0
10,43,-8.370739936828613,5.334248065948486,0.6000000238418579,0.800000011920929,1.0
11,0,-3.59059739112854,2.0505735874176025,0.800000011920929,1.0,1.0
11,1,-3.5154757499694824,3.227879047393799,0.6666666865348816,1.0,1.0
11,2,-3.412393093109131,5.507972240447998,0.5,1.0,1.0
11,3,-10.689947128295898,4.604966163635254,0.7142857313156128,0.8571429252624512,1.0
11,4,-6.240779399871826,22.65520668029785,0.5,0.5,1.0
11,5,-15.66763973236084,185.40574645996094,0.3333333432674408,0.3333333432674408,0.6666666865348816
11,6,-6.835655212402344,1.9809280633926392,0.800000011920929,1.0,1.0
11,7,-15.313796043395996,45.99114990234375,0.25,0.75,1.0
11,8,-18.333311080932617,450.8359375,0.3333333432674408,0.3333333432674408,0.3333333432674408
11,9,-7.9886579513549805,54.289398193359375,0.5,0.5,1.0
11,10,-1.8543014526367188,6.387235164642334,1.0,1.0,1.0
11,11,-6.490318775177002,658.7333374023438,0.0,0.0,1.0
11,12,-11.79793930053711,19.096113204956055,0.5,0.5,1.0
11,13,-16.29669952392578,26.032344818115234,0.6000000238418579,0.800000011920929,0.800000011920929
11,14,-9.201071739196777,21.477890014648438,0.3333333432674408,0.6666666865348816,1.0
11,15,-20.50644302368164,930.2758178710938,0.0,0.3333333432674408,0.6666666865348816
11,16,-12.59054946899414,23.280996322631836,0.5,0.5,1.0
11,17,-28.266035079956055,12357.4130859375,0.0,0.0,0.3333333432674408
11,18,-5.3575029373168945,212.19442749023438,0.0,0.0,1.0
11,19,-13.403341293334961,813.76416015625,0.0,0.0,0.5
11,20,-26.53743553161621,760.7911987304688,0.25,0.25,0.5
11,21,-5.9691972732543945,19.778562545776367,0.0,1.0,1.0
11,22,-19.694358825683594,137.4952850341797,0.25,0.5,0.75
11,23,-14.5197172164917,18.245956420898438,0.6000000238418579,0.6000000238418579,0.800000011920929
11,24,-8.556648254394531,72.11947631835938,0.0,0.0,1.0
11,25,-12.460165977478027,63.64931106567383,0.0,0.6666666865348816,1.0
11,26,-7.306180953979492,11.420312881469727,0.3333333432674408,0.6666666865348816,1.0
11,27,-7.1141743659973145,10.712288856506348,0.6666666865348816,0.6666666865348816,1.0
11,28,-18.89574432373047,543.800048828125,0.3333333432674408,0.3333333432674408,0.3333333432674408
11,29,-5.235416412353516,187.8072967529297,0.0,0.0,1.0
11,30,-11.33420467376709,17.00574493408203,0.75,0.75,0.75
11,31,-23.779319763183594,381.7744140625,0.25,0.25,0.5
11,32,-2.2787022590637207,9.76400089263916,0.0,1.0,1.0
11,33,-6.123678207397461,21.366817474365234,0.0,0.5,1.0
11,34,-8.26009750366211,15.6953706741333,0.3333333432674408,0.3333333432674408,1.0
11,35,-14.647541046142578,38.93467712402344,0.5,0.5,0.75
11,36,-16.535919189453125,3896.989501953125,0.0,0.0,0.0
11,37,-7.186101913452148,36.344791412353516,0.5,0.5,1.0
11,38,-11.581538200378418,327.2646484375,0.0,0.5,0.5
11,39,-3.1178183555603027,4.75363302230835,0.5,1.0,1.0
11,40,-19.03177261352539,569.0247802734375,0.3333333432674408,0.6666666865348816,0.6666666865348816
11,41,-17.82888412475586,19.520801544189453,0.5,0.5,0.8333333730697632
11,42,-6.112516403198242,7.671448230743408,0.6666666865348816,0.6666666865348816,1.0
11,43,-8.145201683044434,5.0989789962768555,0.6000000238418579,0.800000011920929,1.0
12,0,-3.4607157707214355,1.997992992401123,0.800000011920929,1.0,1.0
12,1,-3.470874309539795,3.1802446842193604,0.6666666865348816,1.0,1.0
12,2,-3.3943517208099365,5.458510398864746,0.5,1.0,1.0
12,3,-10.322714805603027,4.3696088790893555,0.7142857313156128,0.8571429252624512,1.0
12,4,-6.229942321777344,22.532779693603516,0.5,0.5,1.0
12,5,-15.583319664001465,180.2671356201172,0.3333333432674408,0.3333333432674408,0.6666666865348816
12,6,-6.69611930847168,1.9534790515899658,0.800000011920929,1.0,1.0
12,7,-15.363429069519043,46.56537628173828,0.25,0.75,1.0
12,8,-18.02804183959961,407.2174987792969,0.3333333432674408,0.3333333432674408,0.3333333432674408
12,9,-8.06159782409668,56.305877685546875,0.5,0.5,0.5
12,10,-1.8319166898727417,6.245846748352051,1.0,1.0,1.0
12,11,-6.534595489501953,688.5552368164062,0.0,0.0,1.0
12,12,-11.641279220581055,18.3626708984375,0.5,0.5,1.0
12,13,-16.34345054626465,26.27689552307129,0.6000000238418579,0.800000011920929,0.800000011920929
12,14,-9.04951286315918,20.419784545898438,0.3333333432674408,0.6666666865348816,1.0
12,15,-20.415985107421875,902.6441040039062,0.0,0.3333333432674408,0.6666666865348816
12,16,-12.668009757995605,23.73622703552246,0.5,0.5,1.0
12,17,-28.078527450561523,11608.6923828125,0.0,0.0,0.3333333432674408
12,18,-5.340701103210449,208.65895080566406,0.0,0.0,1.0
12,19,-13.113106727600098,703.8416137695312,0.0,0.0,0.5
12,20,-26.180681228637695,695.8751220703125,0.25,0.25,0.5
12,21,-5.779420852661133,17.988100051879883,0.0,1.0,1.0
12,22,-19.569555282592773,133.2715606689453,0.25,0.5,0.75
12,23,-14.232537269592285,17.227510452270508,0.6000000238418579,0.6000000238418579,0.800000011920929
12,24,-8.031990051269531,55.47846984863281,0.0,0.0,1.0
12,25,-12.1357421875,57.12532424926758,0.3333333432674408,0.6666666865348816,1.0
12,26,-7.155543327331543,10.861030578613281,0.3333333432674408,0.6666666865348816,1.0
12,27,-7.073719024658203,10.568800926208496,0.6666666865348816,0.6666666865348816,1.0
12,28,-18.52188491821289,480.08428955078125,0.3333333432674408,0.3333333432674408,0.6666666865348816
12,29,-5.209712505340576,183.0414276123047,0.0,0.0,1.0
12,30,-11.18828010559082,16.396533966064453,0.75,0.75,0.75
12,31,-23.592599868774414,364.3627624511719,0.25,0.25,0.5
12,32,-2.2405121326446533,9.39814281463623,0.0,1.0,1.0
12,33,-6.0673441886901855,20.773374557495117,0.0,0.5,1.0
12,34,-8.253181457519531,15.65923023223877,0.3333333432674408,0.3333333432674408,1.0
12,35,-14.460208892822266,37.15328598022461,0.5,0.5,0.75
12,36,-16.218059539794922,3324.351318359375,0.0,0.0,0.0
12,37,-7.198381423950195,36.56863021850586,0.5,0.5,1.0
12,38,-11.328899383544922,288.42919921875,0.0,0.5,0.5
12,39,-3.1414220333099365,4.8100666999816895,0.5,1.0,1.0
12,40,-18.995014190673828,562.0951538085938,0.3333333432674408,0.6666666865348816,0.6666666865348816
12,41,-17.598804473876953,18.786415100097656,0.5,0.6666666865348816,0.8333333730697632
12,42,-5.939314842224121,7.2410888671875,0.6666666865348816,0.6666666865348816,1.0
12,43,-7.946660041809082,4.9004740715026855,0.6000000238418579,0.800000011920929,1.0
13,0,-3.2849130630493164,1.9289631843566895,0.800000011920929,1.0,1.0
13,1,-3.378227710723877,3.0835323333740234,0.6666666865348816,1.0,1.0
13,2,-3.354353189468384,5.350428104400635,0.5,1.0,1.0
13,3,-9.983903884887695,4.163149833679199,0.7142857313156128,0.8571429252624512,1.0
13,4,-6.105208396911621,21.1704044342041,0.5,0.5,1.0
13,5,-15.298734664916992,163.95277404785156,0.3333333432674408,0.3333333432674408,0.6666666865348816
13,6,-6.471561908721924,1.910101056098938,0.800000011920929,1.0,1.0
13,7,-15.476675033569336,47.902549743652344,0.25,0.75,1.0
13,8,-17.591712951660156,352.0962219238281,0.3333333432674408,0.3333333432674408,0.3333333432674408
13,9,-8.166099548339844,59.32612228393555,0.5,0.5,0.5
13,10,-1.801053762435913,6.056025505065918,1.0,1.0,1.0
13,11,-6.495471000671387,662.1360473632812,0.0,0.0,1.0
13,12,-11.36199951171875,17.12432289123535,0.5,0.5,1.0
13,13,-16.450946807861328,26.847946166992188,0.800000011920929,0.800000011920929,0.800000011920929
13,14,-8.849835395812988,19.104907989501953,0.6666666865348816,0.6666666865348816,1.0
13,15,-20.243488311767578,852.2069702148438,0.0,0.3333333432674408,0.6666666865348816
13,16,-12.62575912475586,23.48682975769043,0.5,0.5,1.0
13,17,-27.959630966186523,11157.6064453125,0.0,0.0,0.3333333432674408
13,18,-5.233002662658691,187.35452270507812,0.0,0.0,1.0
13,19,-12.791726112365723,599.3604125976562,0.0,0.0,0.5
13,20,-25.999866485595703,665.119384765625,0.25,0.25,0.5
13,21,-5.665143966674805,16.98910140991211,0.0,1.0,1.0
13,22,-19.368972778320312,126.75337219238281,0.25,0.5,0.75
13,23,-13.91914176940918,16.18084716796875,0.6000000238418579,0.6000000238418579,0.800000011920929
13,24,-7.560420036315918,43.82524490356445,0.0,1.0,1.0
13,25,-11.900331497192383,52.81404113769531,0.3333333432674408,0.6666666865348816,1.0
13,26,-7.113902568817139,10.711318016052246,0.3333333432674408,0.6666666865348816,1.0
13,27,-7.062936782836914,10.530882835388184,0.6666666865348816,0.6666666865348816,1.0
13,28,-17.995662689208984,402.8459777832031,0.3333333432674408,0.3333333432674408,0.6666666865348816
13,29,-5.19248104095459,179.91436767578125,0.0,0.0,1.0
13,30,-11.278225898742676,16.769411087036133,0.75,0.75,0.75
13,31,-23.31633949279785,340.0473327636719,0.25,0.25,0.5
13,32,-2.216517448425293,9.175321578979492,0.0,1.0,1.0
13,33,-6.018851280212402,20.2757511138916,0.0,0.5,1.0
13,34,-8.044045448303223,14.604776382446289,0.3333333432674408,0.6666666865348816,1.0
13,35,-14.42704963684082,36.84656524658203,0.5,0.5,0.75
13,36,-15.946789741516113,2902.695068359375,0.0,0.0,0.0
13,37,-7.174776554107666,36.139564514160156,0.5,0.5,1.0
13,38,-11.057037353515625,251.7706756591797,0.0,0.5,0.5
13,39,-3.216766595840454,4.994729518890381,0.5,1.0,1.0
13,40,-18.85383415222168,536.2557373046875,0.3333333432674408,0.6666666865348816,0.6666666865348816
13,41,-17.24207305908203,17.702022552490234,0.5,0.6666666865348816,0.8333333730697632
13,42,-5.733170509338379,6.76023006439209,0.6666666865348816,0.6666666865348816,1.0
13,43,-7.740006446838379,4.702062606811523,0.6000000238418579,1.0,1.0
14,0,-3.174248695373535,1.886738657951355,0.800000011920929,1.0,1.0
14,1,-3.316906452178955,3.021143674850464,0.6666666865348816,1.0,1.0
14,2,-3.3132669925689697,5.241635322570801,0.5,1.0,1.0
14,3,-9.768359184265137,4.036911487579346,0.7142857313156128,0.8571429252624512,1.0
14,4,-6.034398078918457,20.433977127075195,0.5,0.5,1.0
14,5,-15.166753768920898,156.8961944580078,0.3333333432674408,0.3333333432674408,0.6666666865348816
14,6,-6.300359725952148,1.8776781558990479,0.800000011920929,1.0,1.0
14,7,-15.631532669067383,49.79343795776367,0.25,0.75,1.0
14,8,-17.18167495727539,307.11578369140625,0.3333333432674408,0.3333333432674408,0.6666666865348816
14,9,-8.219943046569824,60.94498062133789,0.5,0.5,0.5
14,10,-1.7576930522918701,5.799043655395508,1.0,1.0,1.0
14,11,-6.464491844177246,641.9380493164062,0.0,0.0,1.0
14,12,-11.25132942199707,16.65703010559082,0.5,0.5,1.0
14,13,-16.405242919921875,26.603652954101562,0.800000011920929,0.800000011920929,0.800000011920929
14,14,-8.68647289276123,18.09238052368164,0.6666666865348816,0.6666666865348816,1.0
14,15,-20.02197265625,791.5481567382812,0.0,0.3333333432674408,0.6666666865348816
14,16,-12.694554328918457,23.894268035888672,0.5,0.5,1.0
14,17,-27.764392852783203,10454.60546875,0.0,0.0,0.3333333432674408
14,18,-5.22406005859375,185.68655395507812,0.0,0.0,1.0
14,19,-12.559965133666992,533.7793579101562,0.0,0.0,0.5
14,20,-25.759931564331055,626.3961181640625,0.25,0.25,0.5
14,21,-5.503838062286377,15.67267894744873,0.0,1.0,1.0
14,22,-19.2307186126709,122.44717407226562,0.25,0.5,0.75
14,23,-13.803436279296875,15.810707092285156,0.6000000238418579,0.6000000238418579,0.800000011920929
14,24,-7.133725166320801,35.405338287353516,0.0,1.0,1.0
14,25,-11.754268646240234,50.30425262451172,0.3333333432674408,0.6666666865348816,1.0
14,26,-7.027163982391357,10.406055450439453,0.3333333432674408,0.6666666865348816,1.0
14,27,-7.060811996459961,10.523428916931152,0.6666666865348816,0.6666666865348816,1.0
14,28,-17.672439575195312,361.6993713378906,0.3333333432674408,0.3333333432674408,0.6666666865348816
14,29,-5.21461296081543,183.9406280517578,0.0,0.0,1.0
14,30,-11.324915885925293,16.966299057006836,0.75,0.75,0.75
14,31,-23.1560115814209,326.6871337890625,0.25,0.5,0.5
14,32,-2.1599948406219482,8.671092987060547,0.0,1.0,1.0
14,33,-5.956417560577393,19.6525821685791,0.0,0.5,1.0
14,34,-8.057145118713379,14.668684959411621,0.3333333432674408,0.6666666865348816,1.0
14,35,-14.366155624389648,36.289878845214844,0.5,0.5,0.75
14,36,-15.616777420043945,2461.16162109375,0.0,0.0,0.5
14,37,-7.158544063568115,35.847434997558594,0.5,0.5,1.0
14,38,-10.854276657104492,227.497314453125,0.0,0.5,0.5
14,39,-3.2385265827178955,5.049368858337402,0.5,1.0,1.0
14,40,-18.914493560791016,547.2091064453125,0.3333333432674408,0.6666666865348816,0.6666666865348816
14,41,-17.096637725830078,17.27809715270996,0.5,0.6666666865348816,0.8333333730697632
14,42,-5.601078510284424,6.469030380249023,0.6666666865348816,0.6666666865348816,1.0
14,43,-7.5743489265441895,4.548829078674316,0.6000000238418579,1.0,1.0
15,0,-3.035149335861206,1.8349730968475342,0.800000011920929,1.0,1.0
15,1,-3.251558780670166,2.9560468196868896,0.6666666865348816,1.0,1.0
15,2,-3.279292583465576,5.153346538543701,0.5,1.0,1.0
15,3,-9.470487594604492,3.86873197555542,0.7142857313156128,0.8571429252624512,1.0
15,4,-5.9888916015625,19.974287033081055,0.5,0.5,1.0
15,5,-14.988127708435059,147.82701110839844,0.3333333432674408,0.3333333432674408,0.6666666865348816
15,6,-6.092078685760498,1.838974118232727,0.800000011920929,1.0,1.0
15,7,-15.686741828918457,50.48546600341797,0.25,0.75,1.0
15,8,-16.52759552001953,246.95315551757812,0.3333333432674408,0.3333333432674408,0.6666666865348816
15,9,-8.262970924377441,62.27035140991211,0.5,0.5,0.5
15,10,-1.712281346321106,5.541589260101318,1.0,1.0,1.0
15,11,-6.413741588592529,610.1724243164062,0.0,0.0,1.0
15,12,-11.10342788696289,16.052377700805664,0.5,0.5,1.0
15,13,-16.30136489868164,26.056650161743164,0.800000011920929,0.800000011920929,0.800000011920929
15,14,-8.514203071594238,17.082725524902344,0.6666666865348816,0.6666666865348816,1.0
15,15,-19.790637969970703,732.8048706054688,0.0,0.3333333432674408,0.6666666865348816
15,16,-12.717711448669434,24.033000946044922,0.5,0.5,1.0
15,17,-27.64664077758789,10052.1982421875,0.0,0.0,0.3333333432674408
15,18,-5.140292167663574,170.76565551757812,0.0,0.0,1.0
15,19,-12.286296844482422,465.51690673828125,0.0,0.0,1.0
15,20,-25.59331512451172,600.8400268554688,0.25,0.25,0.5
15,21,-5.330710411071777,14.373054504394531,0.0,1.0,1.0
15,22,-19.09290313720703,118.30023956298828,0.25,0.5,0.75
15,23,-13.740121841430664,15.611759185791016,0.6000000238418579,0.6000000238418579,0.800000011920929
15,24,-6.705139636993408,28.57607650756836,0.0,1.0,1.0
15,25,-11.569076538085938,47.29283142089844,0.3333333432674408,0.6666666865348816,1.0
15,26,-6.948803901672363,10.13776969909668,0.3333333432674408,0.6666666865348816,1.0
15,27,-7.048794746398926,10.481356620788574,0.6666666865348816,0.6666666865348816,1.0
15,28,-17.095548629760742,298.42431640625,0.3333333432674408,0.3333333432674408,0.6666666865348816
15,29,-5.227853775024414,186.392333984375,0.0,0.0,1.0
15,30,-11.369019508361816,17.154401779174805,0.75,0.75,0.75
15,31,-22.817663192749023,300.1900329589844,0.25,0.5,0.5
15,32,-2.1217923164367676,8.34608268737793,0.0,1.0,1.0
15,33,-5.880902290344238,18.92438316345215,0.0,0.5,1.0
15,34,-7.956763744354248,14.185986518859863,0.3333333432674408,0.6666666865348816,1.0
15,35,-14.347262382507324,36.11887741088867,0.5,0.5,0.75
15,36,-15.202900886535645,2001.09619140625,0.0,0.0,0.5
15,37,-7.150010108947754,35.694801330566406,0.5,0.5,1.0
15,38,-10.617180824279785,202.06521606445312,0.0,0.5,0.5
15,39,-3.293736696243286,5.190698623657227,0.5,1.0,1.0
15,40,-18.762561798095703,520.1863403320312,0.3333333432674408,0.6666666865348816,0.6666666865348816
15,41,-16.71446418762207,16.21187400817871,0.5,0.6666666865348816,0.8333333730697632
15,42,-5.553277015686035,6.3667707443237305,0.6666666865348816,0.6666666865348816,1.0
15,43,-7.403023719787598,4.395603179931641,0.6000000238418579,1.0,1.0
16,0,-2.9051711559295654,1.787886619567871,0.800000011920929,1.0,1.0
16,1,-3.1993656158447266,2.9050636291503906,0.6666666865348816,1.0,1.0
16,2,-3.2318642139434814,5.032576560974121,0.5,1.0,1.0
16,3,-9.28971004486084,3.7700998783111572,0.7142857313156128,0.8571429252624512,1.0
16,4,-5.868651866912842,18.808820724487305,0.5,0.5,1.0
16,5,-14.934764862060547,145.22071838378906,0.3333333432674408,0.3333333432674408,0.6666666865348816
16,6,-5.943541526794434,1.8118603229522705,0.800000011920929,1.0,1.0
16,7,-15.886959075927734,53.07678985595703,0.25,0.75,1.0
16,8,-16.134431838989258,216.6198272705078,0.3333333432674408,0.3333333432674408,0.6666666865348816
16,9,-8.324189186096191,64.20587158203125,0.5,0.5,0.5
16,10,-1.679183006286621,5.3611741065979,1.0,1.0,1.0
16,11,-6.375008583068848,586.990478515625,0.0,0.0,1.0
16,12,-10.96534538269043,15.507695198059082,0.5,0.5,1.0
16,13,-16.41543960571289,26.6579647064209,0.800000011920929,0.800000011920929,0.800000011920929
16,14,-8.327396392822266,16.051443099975586,0.6666666865348816,0.6666666865348816,1.0
16,15,-19.622310638427734,692.8198852539062,0.0,0.3333333432674408,0.6666666865348816
16,16,-12.748641967773438,24.219558715820312,0.5,0.5,1.0
16,17,-27.557825088500977,9758.9658203125,0.0,0.0,0.3333333432674408
16,18,-5.119886875152588,167.3164520263672,0.0,0.0,1.0
16,19,-12.084798812866211,420.9017639160156,0.0,0.0,1.0
16,20,-25.404911041259766,573.1959838867188,0.25,0.25,0.5
16,21,-5.253576278686523,13.8292818069458,0.0,1.0,1.0
16,22,-18.925729751586914,113.45796966552734,0.25,0.5,0.75
16,23,-13.69542407989502,15.472817420959473,0.6000000238418579,0.6000000238418579,0.800000011920929
16,24,-6.35320520401001,23.96519660949707,0.0,1.0,1.0
16,25,-11.342723846435547,43.855838775634766,0.3333333432674408,0.6666666865348816,1.0
16,26,-6.811997413635254,9.685848236083984,0.3333333432674408,0.6666666865348816,1.0
16,27,-7.01807975769043,10.374594688415527,0.6666666865348816,0.6666666865348816,1.0
16,28,-16.704116821289062,261.9199523925781,0.3333333432674408,0.3333333432674408,0.6666666865348816
16,29,-5.250725746154785,190.7046356201172,0.0,0.0,1.0
16,30,-11.33454704284668,17.007200241088867,0.75,0.75,0.75
16,31,-22.57803726196289,282.7347717285156,0.25,0.5,0.5
16,32,-2.098006248474121,8.149904251098633,0.0,1.0,1.0
16,33,-5.8530473709106445,18.662641525268555,0.0,0.5,1.0
16,34,-7.9248785972595215,14.036009788513184,0.3333333432674408,0.6666666865348816,1.0
16,35,-14.248164176940918,35.23503875732422,0.5,0.5,0.75
16,36,-14.977965354919434,1788.23193359375,0.0,0.0,0.5
16,37,-7.185698509216309,36.33746337890625,0.5,0.5,1.0
16,38,-10.528882026672363,193.3382110595703,0.0,0.5,0.5
16,39,-3.339787244796753,5.311602592468262,0.5,1.0,1.0
16,40,-18.713558197021484,511.7583923339844,0.3333333432674408,0.6666666865348816,0.6666666865348816
16,41,-16.56814956665039,15.821317672729492,0.5,0.6666666865348816,1.0
16,42,-5.475292682647705,6.203400135040283,0.6666666865348816,0.6666666865348816,1.0
16,43,-7.241662979125977,4.256011962890625,0.6000000238418579,1.0,1.0
17,0,-2.815556287765503,1.7561277151107788,0.800000011920929,1.0,1.0
17,1,-3.1589412689208984,2.866180896759033,0.6666666865348816,1.0,1.0
17,2,-3.198199987411499,4.948576927185059,0.5,1.0,1.0
17,3,-9.015400886535645,3.6252176761627197,0.7142857313156128,0.8571429252624512,1.0
17,4,-5.883661270141602,18.95050621032715,0.5,0.5,1.0
17,5,-14.753461837768555,136.70433044433594,0.3333333432674408,0.3333333432674408,0.6666666865348816
17,6,-5.837563514709473,1.792759895324707,0.9000000357627869,1.0,1.0
17,7,-15.88839340209961,53.095829010009766,0.25,0.75,1.0
17,8,-15.398496627807617,169.4964599609375,0.3333333432674408,0.3333333432674408,0.6666666865348816
17,9,-8.376715660095215,65.91445922851562,0.5,0.5,0.5
17,10,-1.6363121271133423,5.136192798614502,1.0,1.0,1.0
17,11,-6.272342681884766,529.7168579101562,0.0,0.0,1.0
17,12,-10.90261459350586,15.266389846801758,0.5,0.5,1.0
17,13,-16.315778732299805,26.13187026977539,0.800000011920929,0.800000011920929,0.800000011920929
17,14,-8.11634635925293,14.961030960083008,0.6666666865348816,0.6666666865348816,1.0
17,15,-19.449634552001953,654.068115234375,0.0,0.3333333432674408,0.6666666865348816
17,16,-12.806622505187988,24.57318115234375,0.5,0.5,1.0
17,17,-27.41950798034668,9319.2392578125,0.0,0.0,0.3333333432674408
17,18,-5.1135406494140625,166.25796508789062,0.0,0.0,1.0
17,19,-11.805118560791016,365.972900390625,0.0,0.0,1.0
17,20,-25.294816970825195,557.634765625,0.25,0.25,0.5
17,21,-5.1375322341918945,13.049712181091309,0.0,1.0,1.0
17,22,-18.71971321105957,107.7623519897461,0.25,0.5,0.75
17,23,-13.624238967895508,15.254091262817383,0.6000000238418579,0.6000000238418579,0.800000011920929
17,24,-6.150462627410889,21.654890060424805,0.0,1.0,1.0
17,25,-11.20172119140625,41.84226608276367,0.3333333432674408,0.6666666865348816,1.0
17,26,-6.748983383178711,9.484522819519043,0.3333333432674408,0.6666666865348816,1.0
17,27,-6.951429843902588,10.146645545959473,0.6666666865348816,0.6666666865348816,1.0
17,28,-16.298786163330078,228.81837463378906,0.3333333432674408,0.3333333432674408,0.6666666865348816
17,29,-5.258760929107666,192.24314880371094,0.0,0.0,1.0
17,30,-11.459294319152832,17.545957565307617,0.75,0.75,0.75
17,31,-22.272907257080078,261.96917724609375,0.25,0.5,0.5
17,32,-2.0711464881896973,7.933913707733154,0.0,1.0,1.0
17,33,-5.806353569030762,18.23197364807129,0.0,0.5,1.0
17,34,-7.9453253746032715,14.131999969482422,0.3333333432674408,0.6666666865348816,1.0
17,35,-14.27690315246582,35.489105224609375,0.5,0.5,0.75
17,36,-14.603507995605469,1482.898681640625,0.0,0.0,0.5
17,37,-7.138118743896484,35.48320007324219,0.5,0.5,1.0
17,38,-10.45042896270752,185.9010467529297,0.0,0.5,0.5
17,39,-3.3601765632629395,5.366029739379883,0.5,1.0,1.0
17,40,-18.709909439086914,511.136474609375,0.3333333432674408,0.6666666865348816,0.6666666865348816
17,41,-16.24689483642578,14.99648666381836,0.5,0.6666666865348816,1.0
17,42,-5.50371789932251,6.262457370758057,0.6666666865348816,0.6666666865348816,1.0
17,43,-7.133621692657471,4.165033340454102,0.6000000238418579,1.0,1.0
18,0,-2.758232831954956,1.7361093759536743,0.800000011920929,1.0,1.0
18,1,-3.1582047939300537,2.8654773235321045,0.6666666865348816,1.0,1.0
18,2,-3.1466064453125,4.822551727294922,0.5,1.0,1.0
18,3,-8.771841049194336,3.501250743865967,0.7142857313156128,0.8571429252624512,1.0
18,4,-5.8038859367370605,18.209491729736328,0.5,0.5,1.0
18,5,-14.687877655029297,133.74827575683594,0.3333333432674408,0.6666666865348816,0.6666666865348816
18,6,-5.671456336975098,1.763226866722107,0.9000000357627869,1.0,1.0
18,7,-15.931907653808594,53.67658615112305,0.25,0.75,1.0
18,8,-14.837236404418945,140.5756072998047,0.3333333432674408,0.6666666865348816,0.6666666865348816
18,9,-8.401252746582031,66.72811126708984,0.5,0.5,0.5
18,10,-1.613316535949707,5.019430637359619,1.0,1.0,1.0
18,11,-6.236860752105713,511.2510681152344,0.0,0.0,1.0
18,12,-10.825037002563477,14.973159790039062,0.5,0.75,1.0
18,13,-16.166629791259766,25.363876342773438,0.800000011920929,0.800000011920929,0.800000011920929
18,14,-7.877678871154785,13.816905975341797,0.6666666865348816,0.6666666865348816,1.0
18,15,-19.373689651489258,637.7183227539062,0.0,0.3333333432674408,0.6666666865348816
18,16,-12.859999656677246,24.903291702270508,0.5,0.5,1.0
18,17,-27.321443557739258,9019.5361328125,0.0,0.0,0.3333333432674408
18,18,-5.055362701416016,156.86141967773438,0.0,0.0,1.0
18,19,-11.676748275756836,343.22088623046875,0.0,0.0,1.0
18,20,-25.282438278198242,555.9118041992188,0.25,0.25,0.5
18,21,-5.034911155700684,12.397013664245605,0.0,1.0,1.0
18,22,-18.73900604248047,108.28337097167969,0.25,0.5,0.75
18,23,-13.608484268188477,15.20610237121582,0.6000000238418579,0.6000000238418579,0.800000011920929
18,24,-5.913458824157715,19.234960556030273,0.0,1.0,1.0
18,25,-11.034252166748047,39.57051086425781,0.3333333432674408,0.6666666865348816,1.0
18,26,-6.661985397338867,9.213427543640137,0.3333333432674408,0.6666666865348816,1.0
18,27,-6.986292839050293,10.265247344970703,0.6666666865348816,0.6666666865348816,1.0
18,28,-15.830546379089355,195.75204467773438,0.3333333432674408,0.6666666865348816,0.6666666865348816
18,29,-5.246440410614014,189.88914489746094,0.0,0.0,1.0
18,30,-11.508329391479492,17.762372970581055,0.75,0.75,0.75
18,31,-22.05213737487793,247.9022216796875,0.25,0.5,0.75
18,32,-2.0150115489959717,7.500813961029053,0.0,1.0,1.0
18,33,-5.659974575042725,16.94524574279785,0.0,0.5,1.0
18,34,-7.9449639320373535,14.130298614501953,0.3333333432674408,0.6666666865348816,1.0
18,35,-14.10601806640625,34.00489807128906,0.5,0.5,0.75
18,36,-14.41873550415039,1352.0372314453125,0.0,0.0,0.5
18,37,-7.1602044105529785,35.8772087097168,0.5,0.5,1.0
18,38,-10.267253875732422,169.63124084472656,0.0,0.5,0.5
18,39,-3.397825002670288,5.467998027801514,0.5,1.0,1.0
18,40,-18.634260177612305,498.40850830078125,0.3333333432674408,0.6666666865348816,0.6666666865348816
18,41,-16.07818603515625,14.58068561553955,0.5,0.6666666865348816,1.0
18,42,-5.517148971557617,6.290557861328125,0.6666666865348816,0.6666666865348816,1.0
18,43,-7.045758247375488,4.092482089996338,0.6000000238418579,1.0,1.0
19,0,-2.692279577255249,1.7133591175079346,0.800000011920929,1.0,1.0
19,1,-3.148273229598999,2.8560068607330322,0.6666666865348816,1.0,1.0
19,2,-3.089240789413452,4.686192035675049,0.5,1.0,1.0
19,3,-8.506221771240234,3.370882272720337,0.7142857313156128,0.8571429252624512,1.0
19,4,-5.736361503601074,17.604961395263672,0.5,0.5,1.0
19,5,-14.616700172424316,130.6123046875,0.3333333432674408,0.6666666865348816,0.6666666865348816
19,6,-5.588303565979004,1.7486261129379272,0.9000000357627869,1.0,1.0
19,7,-15.84001636505127,52.457542419433594,0.25,0.75,1.0
19,8,-14.143671035766602,111.55941009521484,0.3333333432674408,0.6666666865348816,0.6666666865348816
19,9,-8.511404037475586,70.50629425048828,0.5,0.5,0.5
19,10,-1.5897974967956543,4.902756214141846,1.0,1.0,1.0
19,11,-6.147494792938232,467.5446472167969,0.0,0.0,1.0
19,12,-10.758386611938477,14.72573471069336,0.5,0.75,1.0
19,13,-16.208799362182617,25.57869529724121,0.800000011920929,0.800000011920929,0.800000011920929
19,14,-7.567476272583008,12.459609985351562,0.6666666865348816,0.6666666865348816,1.0
19,15,-19.028614044189453,568.426025390625,0.0,0.3333333432674408,0.6666666865348816
19,16,-12.851890563964844,24.852855682373047,0.5,0.5,1.0
19,17,-27.283842086791992,8907.189453125,0.0,0.0,0.3333333432674408
19,18,-5.026121616363525,152.3410186767578,0.0,0.0,1.0
19,19,-11.488180160522461,312.33929443359375,0.0,0.0,1.0
19,20,-25.30845069885254,559.5386962890625,0.25,0.25,0.5
19,21,-5.002000331878662,12.194684982299805,0.0,1.0,1.0
19,22,-18.531003952026367,102.79647064208984,0.25,0.5,0.75
19,23,-13.677640914916992,15.417885780334473,0.6000000238418579,0.6000000238418579,0.800000011920929
19,24,-5.743775367736816,17.67034339904785,0.0,1.0,1.0
19,25,-10.885605812072754,37.65761947631836,0.3333333432674408,0.6666666865348816,1.0
19,26,-6.698029041290283,9.324788093566895,0.3333333432674408,0.6666666865348816,1.0
19,27,-7.030704021453857,10.418344497680664,0.6666666865348816,0.6666666865348816,1.0
19,28,-15.459306716918945,172.96728515625,0.3333333432674408,0.6666666865348816,0.6666666865348816
19,29,-5.281475067138672,196.65975952148438,0.0,0.0,1.0
19,30,-11.460034370422363,17.549203872680664,0.75,0.75,0.75
19,31,-21.615816116333008,222.28359985351562,0.25,0.5,0.75
19,32,-1.9944332838058472,7.3480377197265625,0.0,1.0,1.0
19,33,-5.5754899978637695,16.244346618652344,0.0,0.5,1.0
19,34,-7.987044334411621,14.3298978805542,0.3333333432674408,0.6666666865348816,1.0
19,35,-14.011545181274414,33.2111701965332,0.5,0.5,0.75
19,36,-14.174798965454102,1196.79150390625,0.0,0.0,0.5
19,37,-7.108255386352539,34.957313537597656,0.5,0.5,1.0
19,38,-10.174903869628906,161.9766082763672,0.0,0.5,0.5
19,39,-3.433588743209839,5.566655158996582,0.5,1.0,1.0
19,40,-18.44135856628418,467.36920166015625,0.3333333432674408,0.6666666865348816,0.6666666865348816
19,41,-15.832155227661133,13.994895935058594,0.5,0.6666666865348816,1.0
19,42,-5.615358829498291,6.49989652633667,0.6666666865348816,0.6666666865348816,1.0
19,43,-7.017240524291992,4.069206714630127,0.6000000238418579,1.0,1.0
20,0,-2.6263959407806396,1.6909308433532715,0.800000011920929,1.0,1.0
20,1,-3.1142759323120117,2.823824167251587,0.6666666865348816,1.0,1.0
20,2,-3.0748002529144287,4.6524786949157715,0.5,1.0,1.0
20,3,-8.281868934631348,3.264557361602783,0.7142857313156128,0.8571429252624512,1.0
20,4,-5.6985979080200195,17.275667190551758,0.5,0.5,1.0
20,5,-14.473075866699219,124.5065689086914,0.3333333432674408,0.6666666865348816,0.6666666865348816
20,6,-5.5496416091918945,1.741878628730774,0.9000000357627869,1.0,1.0
20,7,-15.998217582702637,54.573822021484375,0.25,0.75,1.0
20,8,-13.496072769165039,89.89938354492188,0.3333333432674408,0.6666666865348816,0.6666666865348816
20,9,-8.601667404174805,73.76126861572266,0.5,0.5,0.5
20,10,-1.5634864568710327,4.775441646575928,1.0,1.0,1.0
20,11,-6.166276931762695,476.4090881347656,0.0,0.0,1.0
20,12,-10.694257736206055,14.491531372070312,0.5,0.75,1.0
20,13,-16.127370834350586,25.165502548217773,0.800000011920929,0.800000011920929,0.800000011920929
20,14,-7.330977916717529,11.515101432800293,0.6666666865348816,0.6666666865348816,1.0
20,15,-18.91691017150879,547.6502685546875,0.0,0.3333333432674408,0.6666666865348816
20,16,-12.907299995422363,25.199520111083984,0.5,0.5,1.0
20,17,-27.284889221191406,8910.298828125,0.0,0.0,0.3333333432674408
20,18,-5.057898044586182,157.25961303710938,0.0,0.0,1.0
20,19,-11.296893119812012,283.85015869140625,0.0,0.0,1.0
20,20,-25.264394760131836,553.4097290039062,0.25,0.25,0.5
20,21,-4.930205345153809,11.764690399169922,0.0,1.0,1.0
20,22,-18.51836585998535,102.4721908569336,0.25,0.5,0.75
20,23,-13.77316951751709,15.715286254882812,0.6000000238418579,0.6000000238418579,0.800000011920929
20,24,-5.58342981338501,16.308963775634766,0.5,1.0,1.0
20,25,-10.675575256347656,35.11137008666992,0.3333333432674408,0.6666666865348816,1.0
20,26,-6.611790180206299,9.060552597045898,0.3333333432674408,0.6666666865348816,1.0
20,27,-6.968715667724609,10.205281257629395,0.6666666865348816,0.6666666865348816,1.0
20,28,-15.0803804397583,152.44342041015625,0.3333333432674408,0.6666666865348816,0.6666666865348816
20,29,-5.258103370666504,192.1167755126953,0.0,0.0,1.0
20,30,-11.503942489624023,17.742902755737305,0.75,0.75,0.75
20,31,-21.373779296875,209.23223876953125,0.25,0.5,0.75
20,32,-2.0346553325653076,7.649615287780762,0.0,1.0,1.0
20,33,-5.538313865661621,15.945186614990234,0.0,0.5,1.0
20,34,-8.009736061096191,14.438699722290039,0.3333333432674408,0.6666666865348816,1.0
20,35,-13.973745346069336,32.898807525634766,0.5,0.5,0.75
20,36,-14.034811973571777,1115.88818359375,0.0,0.0,0.5
20,37,-7.170269966125488,36.0582275390625,0.5,0.5,1.0
20,38,-10.09623908996582,155.72933959960938,0.0,0.5,0.5
20,39,-3.461658239364624,5.645332336425781,0.5,1.0,1.0
20,40,-18.38140869140625,458.122314453125,0.3333333432674408,0.6666666865348816,0.6666666865348816
20,41,-15.656915664672852,13.592061042785645,0.5,0.6666666865348816,1.0
20,42,-5.67668342590332,6.634131908416748,0.6666666865348816,0.6666666865348816,1.0
20,43,-7.006488800048828,4.0604658126831055,0.6000000238418579,1.0,1.0
21,0,-2.550788640975952,1.6655538082122803,0.800000011920929,1.0,1.0
21,1,-3.105773448944092,2.8158321380615234,0.6666666865348816,1.0,1.0
21,2,-3.0244710445404053,4.536861419677734,0.5,1.0,1.0
21,3,-7.989994525909424,3.1312355995178223,0.7142857313156128,0.8571429252624512,1.0
21,4,-5.652918338775635,16.88556671142578,0.5,0.5,1.0
21,5,-14.434425354003906,122.9128189086914,0.3333333432674408,0.6666666865348816,0.6666666865348816
21,6,-5.494487762451172,1.7322980165481567,0.9000000357627869,1.0,1.0
21,7,-15.817205429077148,52.15924072265625,0.25,0.75,1.0
21,8,-12.905548095703125,73.83621978759766,0.3333333432674408,0.6666666865348816,0.6666666865348816
21,9,-8.685776710510254,76.9294204711914,0.5,0.5,0.5
21,10,-1.5474175214767456,4.6993184089660645,1.0,1.0,1.0
21,11,-6.053197383880615,425.47125244140625,0.0,0.0,1.0
21,12,-10.618910789489746,14.221114158630371,0.5,0.75,1.0
21,13,-16.08840560913086,24.970151901245117,0.800000011920929,0.800000011920929,0.800000011920929
21,14,-7.124865531921387,10.750532150268555,0.6666666865348816,0.6666666865348816,1.0
21,15,-18.78166961669922,523.5103149414062,0.0,0.3333333432674408,0.6666666865348816
21,16,-12.943807601928711,25.43056869506836,0.5,0.5,1.0
21,17,-27.16573143005371,8563.322265625,0.0,0.0,0.3333333432674408
21,18,-5.063348770141602,158.119140625,0.0,0.0,1.0
21,19,-11.187568664550781,268.750732421875,0.0,0.0,1.0
21,20,-25.134674072265625,535.75048828125,0.25,0.25,0.5
21,21,-4.852431297302246,11.315978050231934,0.0,1.0,1.0
21,22,-18.366409301757812,98.65237426757812,0.25,0.5,0.75
21,23,-13.619463920593262,15.239530563354492,0.6000000238418579,0.6000000238418579,0.800000011920929
21,24,-5.436495304107666,15.153743743896484,0.5,1.0,1.0
21,25,-10.543266296386719,33.59651184082031,0.3333333432674408,0.6666666865348816,1.0
21,26,-6.511764049530029,8.763435363769531,0.3333333432674408,0.6666666865348816,1.0
21,27,-6.9526495933532715,10.150774002075195,0.6666666865348816,0.6666666865348816,1.0
21,28,-14.666536331176758,132.80015563964844,0.3333333432674408,0.6666666865348816,0.6666666865348816
21,29,-5.267799377441406,193.9886016845703,0.0,0.0,1.0
21,30,-11.482169151306152,17.64658546447754,0.75,0.75,0.75
21,31,-21.088054656982422,194.80784606933594,0.25,0.5,0.75
21,32,-2.049663543701172,7.765288352966309,0.0,1.0,1.0
21,33,-5.592860221862793,16.386045455932617,0.0,0.5,1.0
21,34,-8.087650299072266,14.818605422973633,0.3333333432674408,0.6666666865348816,1.0
21,35,-13.734107971191406,30.985736846923828,0.5,0.5,0.75
21,36,-13.811542510986328,998.0178833007812,0.0,0.0,0.5
21,37,-7.095422744750977,34.733734130859375,0.5,0.5,1.0
21,38,-10.00324535369873,148.6541748046875,0.0,0.5,0.5
21,39,-3.4815585613250732,5.701785087585449,0.5,1.0,1.0
21,40,-18.2227783203125,434.5275573730469,0.3333333432674408,0.6666666865348816,0.6666666865348816
21,41,-15.556523323059082,13.366530418395996,0.5,0.6666666865348816,1.0
21,42,-5.8091864585876465,6.933713912963867,0.6666666865348816,0.6666666865348816,1.0
21,43,-6.894130706787109,3.970238447189331,0.6000000238418579,1.0,1.0
22,0,-2.5389275550842285,1.6616075038909912,0.800000011920929,1.0,1.0
22,1,-3.1556777954101562,2.863064765930176,0.6666666865348816,1.0,1.0
22,2,-3.0177130699157715,4.521557331085205,0.5,1.0,1.0
22,3,-7.842131614685059,3.0657875537872314,0.7142857313156128,0.8571429252624512,1.0
22,4,-5.677819728851318,17.097116470336914,0.5,0.5,1.0
22,5,-14.381338119506836,120.75689697265625,0.3333333432674408,0.6666666865348816,0.6666666865348816
22,6,-5.4806389808654785,1.7299004793167114,0.9000000357627869,1.0,1.0
22,7,-15.859203338623047,52.70977020263672,0.25,0.75,1.0
22,8,-12.315417289733887,60.65119171142578,0.3333333432674408,0.6666666865348816,0.6666666865348816
22,9,-8.736788749694824,78.91681671142578,0.5,0.5,0.5
22,10,-1.5249898433685303,4.595097064971924,1.0,1.0,1.0
22,11,-6.012843132019043,408.64349365234375,0.0,0.0,1.0
22,12,-10.490743637084961,13.772666931152344,0.5,0.75,1.0
22,13,-16.038448333740234,24.721906661987305,0.800000011920929,0.800000011920929,0.800000011920929
22,14,-6.848611831665039,9.804784774780273,0.6666666865348816,0.6666666865348816,1.0
22,15,-18.673595428466797,504.9864501953125,0.0,0.3333333432674408,0.6666666865348816
22,16,-13.015972137451172,25.893529891967773,0.5,0.5,1.0
22,17,-27.16346549987793,8556.8564453125,0.0,0.0,0.3333333432674408
22,18,-5.099659442901611,163.966064453125,0.0,0.0,1.0
22,19,-11.118732452392578,259.658203125,0.0,0.0,1.0
22,20,-25.009336471557617,519.2233276367188,0.25,0.25,0.5
22,21,-4.855727672576904,11.334643363952637,0.0,1.0,1.0
22,22,-18.39598274230957,99.38445281982422,0.25,0.5,0.75
22,23,-13.430113792419434,14.673201560974121,0.6000000238418579,0.6000000238418579,1.0
22,24,-5.319863319396973,14.295312881469727,0.5,1.0,1.0
22,25,-10.420523643493652,32.24967575073242,0.3333333432674408,0.6666666865348816,1.0
22,26,-6.4587860107421875,8.610036849975586,0.3333333432674408,1.0,1.0
22,27,-6.988154888153076,10.271623611450195,0.6666666865348816,0.6666666865348816,1.0
22,28,-14.194368362426758,113.4606704711914,0.3333333432674408,0.6666666865348816,0.6666666865348816
22,29,-5.261491298675537,192.76876831054688,0.0,0.0,1.0
22,30,-11.485319137573242,17.66048812866211,0.75,0.75,0.75
22,31,-20.563066482543945,170.84669494628906,0.25,0.5,0.75
22,32,-2.0431268215179443,7.714694499969482,0.0,1.0,1.0
22,33,-5.52346134185791,15.827210426330566,0.0,0.5,1.0
22,34,-8.1216459274292,14.987481117248535,0.3333333432674408,0.6666666865348816,1.0
22,35,-13.60428237915039,29.996196746826172,0.5,0.5,0.75
22,36,-13.704923629760742,946.2074584960938,0.0,0.0,0.5
22,37,-7.037956714630127,33.74993133544922,0.5,0.5,1.0
22,38,-9.916152954101562,142.3197784423828,0.0,0.5,0.5
22,39,-3.4924306869506836,5.732864856719971,0.5,1.0,1.0
22,40,-18.08342170715332,414.8044738769531,0.3333333432674408,0.6666666865348816,0.6666666865348816
22,41,-15.416644096374512,13.058517456054688,0.5,0.6666666865348816,1.0
22,42,-5.852180004119873,7.033796787261963,0.6666666865348816,0.6666666865348816,1.0
22,43,-6.934394359588623,4.002338409423828,0.6000000238418579,1.0,1.0
23,0,-2.508941173553467,1.6516722440719604,0.800000011920929,1.0,1.0
23,1,-3.1660823822021484,2.873011589050293,0.6666666865348816,1.0,1.0
23,2,-2.982356309890747,4.442326545715332,0.5,1.0,1.0
23,3,-7.705443382263184,3.006503105163574,0.7142857313156128,0.8571429252624512,1.0
23,4,-5.6050333976745605,16.486085891723633,0.5,0.5,1.0
23,5,-14.354917526245117,119.69808959960938,0.3333333432674408,0.6666666865348816,0.6666666865348816
23,6,-5.47300910949707,1.728581190109253,0.9000000357627869,1.0,1.0
23,7,-15.828084945678711,52.301300048828125,0.25,0.75,1.0
23,8,-11.906085014343262,52.915428161621094,0.6666666865348816,0.6666666865348816,0.6666666865348816
23,9,-8.767999649047852,80.15801239013672,0.5,0.5,0.5
23,10,-1.5276998281478882,4.6075663566589355,1.0,1.0,1.0
23,11,-6.032643795013428,416.8155517578125,0.0,0.0,1.0
23,12,-10.388450622558594,13.424920082092285,0.5,0.75,1.0
23,13,-15.990776062011719,24.48731231689453,0.800000011920929,0.800000011920929,0.800000011920929
23,14,-6.5395026206970215,8.844839096069336,0.6666666865348816,0.6666666865348816,1.0
23,15,-18.344858169555664,452.5745849609375,0.0,0.3333333432674408,0.6666666865348816
23,16,-13.022215843200684,25.933977127075195,0.5,0.5,1.0
23,17,-27.0678768157959,8288.5126953125,0.0,0.0,0.3333333432674408
23,18,-5.129879951477051,168.996826171875,0.0,0.0,1.0
23,19,-11.006601333618164,245.5009307861328,0.0,0.0,1.0
23,20,-24.969768524169922,514.1124877929688,0.25,0.25,0.75
23,21,-4.742236137390137,10.709359169006348,0.0,1.0,1.0
23,22,-18.232341766357422,95.4006576538086,0.25,0.5,0.75
23,23,-13.422407150268555,14.650601387023926,0.6000000238418579,0.6000000238418579,1.0
23,24,-5.21743106842041,13.581594467163086,0.5,1.0,1.0
23,25,-10.200529098510742,29.969383239746094,0.3333333432674408,0.6666666865348816,1.0
23,26,-6.381651401519775,8.391480445861816,0.3333333432674408,1.0,1.0
23,27,-7.054501533508301,10.501315116882324,0.6666666865348816,0.6666666865348816,1.0
23,28,-13.87331771850586,101.94558715820312,0.3333333432674408,0.6666666865348816,0.6666666865348816
23,29,-5.23814058303833,188.31961059570312,0.0,0.0,1.0
23,30,-11.341928482055664,17.038612365722656,0.75,0.75,0.75
23,31,-20.25030517578125,157.99703979492188,0.25,0.5,0.75
23,32,-2.07200026512146,7.940690517425537,0.0,1.0,1.0
23,33,-5.538819789886475,15.949219703674316,0.0,0.5,1.0
23,34,-8.110834121704102,14.933565139770508,0.3333333432674408,0.6666666865348816,1.0
23,35,-13.378046035766602,28.346723556518555,0.5,0.5,0.75
23,36,-13.561662673950195,880.8006591796875,0.0,0.0,0.5
23,37,-7.07649564743042,34.40658187866211,0.5,0.5,1.0
23,38,-9.864025115966797,138.65829467773438,0.0,0.5,0.5
23,39,-3.4897522926330566,5.725193023681641,0.5,1.0,1.0
23,40,-18.018815994262695,405.9670104980469,0.3333333432674408,0.6666666865348816,0.6666666865348816
23,41,-15.346857070922852,12.907513618469238,0.5,0.6666666865348816,1.0
23,42,-5.849789619445801,7.028194904327393,0.6666666865348816,0.6666666865348816,1.0
23,43,-6.900857925415039,3.975583553314209,0.6000000238418579,1.0,1.0
24,0,-2.495393753051758,1.6472030878067017,0.800000011920929,1.0,1.0
24,1,-3.1660687923431396,2.8729984760284424,0.6666666865348816,1.0,1.0
24,2,-2.9662938117980957,4.406791687011719,0.5,1.0,1.0
24,3,-7.55820369720459,2.9439239501953125,0.7142857313156128,1.0,1.0
24,4,-5.573324203491211,16.226764678955078,0.5,0.5,1.0
24,5,-14.270042419433594,116.35908508300781,0.3333333432674408,0.6666666865348816,0.6666666865348816
24,6,-5.466575622558594,1.7274694442749023,0.9000000357627869,1.0,1.0
24,7,-15.821584701538086,52.21637725830078,0.25,0.75,1.0
24,8,-11.470405578613281,45.76266098022461,0.6666666865348816,0.6666666865348816,0.6666666865348816
24,9,-8.769734382629395,80.22756958007812,0.5,0.5,0.5
24,10,-1.516081690788269,4.554344654083252,1.0,1.0,1.0
24,11,-6.094477653503418,443.4023742675781,0.0,0.0,1.0
24,12,-10.29114818572998,13.102290153503418,0.5,0.75,1.0
24,13,-16.069673538208008,24.87677574157715,0.6000000238418579,0.800000011920929,0.800000011920929
24,14,-6.300816535949707,8.1683931350708,0.6666666865348816,0.6666666865348816,1.0
24,15,-18.277603149414062,442.5416564941406,0.0,0.3333333432674408,0.6666666865348816
24,16,-13.069221496582031,26.240535736083984,0.5,0.5,1.0
24,17,-26.881494522094727,7789.234375,0.0,0.0,0.3333333432674408
24,18,-5.20451021194458,182.0916748046875,0.0,0.0,1.0
24,19,-11.002324104309082,244.97645568847656,0.0,0.0,1.0
24,20,-25.00633430480957,518.833740234375,0.25,0.25,0.75
24,21,-4.648131370544434,10.217129707336426,0.0,1.0,1.0
24,22,-18.25414276123047,95.92203521728516,0.25,0.5,0.75
24,23,-13.306896209716797,14.316021919250488,0.6000000238418579,0.6000000238418579,1.0
24,24,-5.162239074707031,13.211921691894531,0.5,1.0,1.0
24,25,-10.146069526672363,29.43025016784668,0.3333333432674408,0.6666666865348816,1.0
24,26,-6.362290859222412,8.337501525878906,0.3333333432674408,1.0,1.0
24,27,-7.035221576690674,10.434043884277344,0.6666666865348816,0.6666666865348816,1.0
24,28,-13.455059051513672,88.67869567871094,0.3333333432674408,0.6666666865348816,0.6666666865348816
24,29,-5.220505237579346,185.02764892578125,0.0,0.0,1.0
24,30,-11.198131561279297,16.436965942382812,0.75,0.75,0.75
24,31,-19.786279678344727,140.69155883789062,0.25,0.5,0.75
24,32,-2.0831027030944824,8.029343605041504,0.0,1.0,1.0
24,33,-5.537594795227051,15.939453125,0.0,0.5,1.0
24,34,-8.118123054504395,14.969893455505371,0.3333333432674408,0.6666666865348816,1.0
24,35,-13.312638282775879,27.88697052001953,0.5,0.5,0.75
24,36,-13.392538070678711,809.3804321289062,0.0,0.0,0.5
24,37,-7.079844951629639,34.46424865722656,0.5,0.5,1.0
24,38,-9.803421974182129,134.51974487304688,0.0,0.5,0.5
24,39,-3.5299243927001953,5.841351509094238,0.5,1.0,1.0
24,40,-17.960683822631836,398.17620849609375,0.3333333432674408,0.6666666865348816,0.6666666865348816
24,41,-15.233994483947754,12.666986465454102,0.5,0.6666666865348816,1.0
24,42,-5.927552223205566,7.2127532958984375,0.6666666865348816,0.6666666865348816,1.0
24,43,-6.8382568359375,3.9261186122894287,0.6000000238418579,1.0,1.0
25,0,-2.405550956726074,1.6178696155548096,0.800000011920929,1.0,1.0
25,1,-3.251293182373047,2.9557855129241943,0.6666666865348816,1.0,1.0
25,2,-2.9512898921966553,4.373856067657471,0.5,1.0,1.0
25,3,-7.40914249420166,2.881897449493408,0.7142857313156128,1.0,1.0
25,4,-5.444587230682373,15.215179443359375,0.5,0.5,1.0
25,5,-14.250467300415039,115.60231018066406,0.3333333432674408,0.6666666865348816,0.6666666865348816
25,6,-5.426959991455078,1.7206394672393799,0.9000000357627869,1.0,1.0
25,7,-15.833361625671387,52.370338439941406,0.25,0.5,1.0
25,8,-11.045646667480469,39.72108459472656,0.6666666865348816,0.6666666865348816,0.6666666865348816
25,9,-8.904155731201172,85.80504608154297,0.5,0.5,0.5
25,10,-1.514953374862671,4.549209117889404,1.0,1.0,1.0
25,11,-6.087985992431641,440.53326416015625,0.0,0.0,1.0
25,12,-10.263692855834961,13.012666702270508,0.5,0.75,1.0
25,13,-15.912275314331055,24.10586166381836,0.800000011920929,0.800000011920929,0.800000011920929
25,14,-6.03018856048584,7.463787078857422,0.6666666865348816,0.6666666865348816,1.0
25,15,-18.086261749267578,415.1972961425781,0.0,0.3333333432674408,0.6666666865348816
25,16,-12.981609344482422,25.67203712463379,0.5,0.5,1.0
25,17,-26.859519958496094,7732.39306640625,0.0,0.0,0.3333333432674408
25,18,-5.2222981452941895,185.35968017578125,0.0,0.0,1.0
25,19,-10.867956161499023,229.0586700439453,0.0,0.0,1.0
25,20,-24.87209129333496,501.71026611328125,0.25,0.25,0.75
25,21,-4.570322036743164,9.82726764678955,0.0,1.0,1.0
25,22,-18.25060272216797,95.83717346191406,0.25,0.5,0.75
25,23,-14.044208526611328,16.590688705444336,0.6000000238418579,0.6000000238418579,1.0
25,24,-4.986846923828125,12.102638244628906,0.5,1.0,1.0
25,25,-10.03991985321045,28.407121658325195,0.3333333432674408,0.6666666865348816,1.0
25,26,-6.323446750640869,8.230242729187012,0.3333333432674408,1.0,1.0
25,27,-7.080368518829346,10.592253684997559,0.6666666865348816,0.6666666865348816,1.0
25,28,-13.253479957580566,82.91588592529297,0.3333333432674408,0.6666666865348816,0.6666666865348816
25,29,-5.20828104019165,182.77960205078125,0.0,0.0,1.0
25,30,-11.193534851074219,16.418088912963867,0.75,0.75,0.75
25,31,-19.71824836730957,138.3189239501953,0.25,0.5,0.75
25,32,-2.0822088718414307,8.02216911315918,0.0,1.0,1.0
25,33,-5.538945198059082,15.950220108032227,0.0,0.5,1.0
25,34,-8.196949005126953,15.368443489074707,0.3333333432674408,0.6666666865348816,1.0
25,35,-13.290050506591797,27.72994041442871,0.5,0.5,0.75
25,36,-13.307573318481445,775.7161865234375,0.0,0.0,0.5
25,37,-7.048617839813232,33.93031692504883,0.5,0.5,1.0
25,38,-9.648557662963867,124.49665069580078,0.0,0.5,0.5
25,39,-3.5457231998443604,5.8876776695251465,0.5,1.0,1.0
25,40,-17.857934951782227,384.7696533203125,0.3333333432674408,0.6666666865348816,0.6666666865348816
25,41,-15.23619556427002,12.671634674072266,0.5,0.6666666865348816,1.0
25,42,-6.026609420776367,7.454887390136719,0.6666666865348816,0.6666666865348816,1.0
25,43,-6.884687423706055,3.962747097015381,0.6000000238418579,1.0,1.0
26,0,-2.331756591796875,1.5941669940948486,0.800000011920929,1.0,1.0
26,1,-3.278992176055908,2.9832026958465576,0.6666666865348816,1.0,1.0
26,2,-2.919562339782715,4.305017471313477,0.5,1.0,1.0
26,3,-7.395534992218018,2.876300573348999,0.7142857313156128,1.0,1.0
26,4,-5.528604507446289,15.867963790893555,0.5,0.5,1.0
26,5,-14.246132850646973,115.43540954589844,0.3333333432674408,0.6666666865348816,0.6666666865348816
26,6,-5.392017841339111,1.7146376371383667,0.9000000357627869,1.0,1.0
26,7,-15.937326431274414,53.749351501464844,0.25,0.5,1.0
26,8,-10.806114196777344,36.67290496826172,0.6666666865348816,0.6666666865348816,0.6666666865348816
26,9,-9.04297924041748,91.97249603271484,0.5,0.5,0.5
26,10,-1.51752769947052,4.560935020446777,1.0,1.0,1.0
26,11,-6.079545974731445,436.830810546875,0.0,0.0,1.0
26,12,-10.315914154052734,13.183664321899414,0.5,0.75,1.0
26,13,-15.922188758850098,24.153703689575195,0.800000011920929,0.800000011920929,0.800000011920929
26,14,-5.7690935134887695,6.841665267944336,0.6666666865348816,0.6666666865348816,1.0
26,15,-18.063764572143555,412.095458984375,0.0,0.3333333432674408,0.6666666865348816
26,16,-13.054741859436035,26.14571762084961,0.5,0.5,1.0
26,17,-26.876739501953125,7776.89794921875,0.0,0.0,0.3333333432674408
26,18,-5.297721862792969,199.8809356689453,0.0,0.0,1.0
26,19,-10.845742225646973,226.52857971191406,0.0,0.0,1.0
26,20,-25.09442138671875,530.3861694335938,0.25,0.25,0.75
26,21,-4.49443244934082,9.461360931396484,0.0,1.0,1.0
26,22,-18.479156494140625,101.4726333618164,0.25,0.5,0.75
26,23,-14.803646087646484,19.312047958374023,0.6000000238418579,0.6000000238418579,1.0
26,24,-4.946567535400391,11.861332893371582,0.5,1.0,1.0
26,25,-9.79485034942627,26.178802490234375,0.3333333432674408,0.6666666865348816,1.0
26,26,-6.176046371459961,7.835637092590332,0.3333333432674408,1.0,1.0
26,27,-7.008825778961182,10.342642784118652,0.6666666865348816,0.6666666865348816,1.0
26,28,-13.126164436340332,79.4706802368164,0.3333333432674408,0.6666666865348816,0.6666666865348816
26,29,-5.140198230743408,170.74961853027344,0.0,0.0,1.0
26,30,-11.119956970214844,16.11884880065918,0.75,0.75,0.75
26,31,-19.44652557373047,129.23486328125,0.25,0.5,0.75
26,32,-2.0692193508148193,7.918639183044434,0.0,1.0,1.0
26,33,-5.461781024932861,15.346548080444336,0.0,0.5,1.0
26,34,-8.23660945892334,15.572967529296875,0.3333333432674408,0.6666666865348816,1.0
26,35,-13.223064422607422,27.269424438476562,0.5,0.5,0.75
26,36,-13.324865341186523,782.4520263671875,0.0,0.0,0.5
26,37,-7.074456214904785,34.37151336669922,0.5,0.5,1.0
26,38,-9.589826583862305,120.89390563964844,0.0,0.5,0.5
26,39,-3.567176103591919,5.951171398162842,0.5,1.0,1.0
26,40,-17.733060836791992,369.0825500488281,0.3333333432674408,0.6666666865348816,0.6666666865348816
26,41,-15.277745246887207,12.759688377380371,0.5,0.6666666865348816,1.0
26,42,-6.060160160064697,7.538727283477783,0.6666666865348816,0.6666666865348816,1.0
26,43,-6.788154602050781,3.8869738578796387,0.6000000238418579,1.0,1.0
27,0,-2.3255903720855713,1.5922021865844727,0.800000011920929,1.0,1.0
27,1,-3.266117572784424,2.9704277515411377,0.6666666865348816,1.0,1.0
27,2,-2.8726582527160645,4.205230236053467,0.5,1.0,1.0
27,3,-7.2441182136535645,2.8147518634796143,0.7142857313156128,1.0,1.0
27,4,-5.369269847869873,14.652851104736328,0.5,0.5,1.0
27,5,-14.254197120666504,115.74610137939453,0.3333333432674408,0.6666666865348816,0.6666666865348816
27,6,-5.334921836853027,1.7048757076263428,0.9000000357627869,1.0,1.0
27,7,-15.963237762451172,54.09865951538086,0.25,0.5,1.0
27,8,-10.610163688659668,34.354095458984375,0.6666666865348816,0.6666666865348816,0.6666666865348816
27,9,-8.966753005981445,88.5331039428711,0.5,0.5,0.5
27,10,-1.4905006885528564,4.43931770324707,1.0,1.0,1.0
27,11,-6.177888870239258,481.973388671875,0.0,0.0,1.0
27,12,-10.096923828125,12.481293678283691,0.5,0.75,1.0
27,13,-15.910833358764648,24.098909378051758,0.6000000238418579,0.800000011920929,0.800000011920929
27,14,-5.577591419219971,6.418581485748291,0.6666666865348816,0.6666666865348816,1.0
27,15,-18.07183265686035,413.2052001953125,0.0,0.3333333432674408,0.6666666865348816
27,16,-13.053750038146973,26.13923454284668,0.5,0.5,1.0
27,17,-26.81581687927246,7620.56103515625,0.0,0.0,0.3333333432674408
27,18,-5.288692951202393,198.0843505859375,0.0,0.0,1.0
27,19,-10.83396053314209,225.19805908203125,0.0,0.0,1.0
27,20,-24.97385025024414,514.6373901367188,0.25,0.25,0.75
27,21,-4.451320171356201,9.25959300994873,0.0,1.0,1.0
27,22,-18.314762115478516,97.38678741455078,0.25,0.5,0.75
27,23,-14.379053115844727,17.739797592163086,0.6000000238418579,0.6000000238418579,1.0
27,24,-4.852295398712158,11.315208435058594,0.5,1.0,1.0
27,25,-9.708422660827637,25.435375213623047,0.3333333432674408,0.6666666865348816,1.0
27,26,-6.132469654083252,7.722642421722412,0.3333333432674408,1.0,1.0
27,27,-7.095661163330078,10.646383285522461,0.6666666865348816,0.6666666865348816,1.0
27,28,-12.773660659790039,70.66051483154297,0.3333333432674408,0.6666666865348816,0.6666666865348816
27,29,-5.087119102478027,161.92269897460938,0.0,0.0,1.0
27,30,-11.08028507232666,15.959771156311035,0.75,0.75,0.75
27,31,-19.09326934814453,118.31107330322266,0.25,0.5,0.75
27,32,-2.115482807159424,8.293588638305664,0.0,1.0,1.0
27,33,-5.463593006134033,15.360457420349121,0.0,0.5,1.0
27,34,-8.236010551452637,15.569855690002441,0.3333333432674408,0.6666666865348816,1.0
27,35,-13.205934524536133,27.15289306640625,0.5,0.5,0.75
27,36,-13.166068077087402,722.7288208007812,0.0,0.0,0.5
27,37,-7.050189018249512,33.95698165893555,0.5,0.5,1.0
27,38,-9.540885925292969,117.97148895263672,0.0,0.5,0.5
27,39,-3.539292573928833,5.868777275085449,0.5,1.0,1.0
27,40,-17.655128479003906,359.6181335449219,0.3333333432674408,0.6666666865348816,0.6666666865348816
27,41,-15.239425659179688,12.678458213806152,0.5,0.6666666865348816,1.0
27,42,-5.986795425415039,7.35660457611084,0.6666666865348816,0.6666666865348816,1.0
27,43,-6.79763126373291,3.894347906112671,0.6000000238418579,1.0,1.0
28,0,-2.2947869300842285,1.582423210144043,0.800000011920929,1.0,1.0
28,1,-3.272128105163574,2.976384401321411,0.6666666865348816,1.0,1.0
28,2,-2.9047369956970215,4.273223400115967,0.5,1.0,1.0
28,3,-7.187460422515869,2.7920608520507812,0.7142857313156128,1.0,1.0
28,4,-5.3140716552734375,14.253974914550781,0.5,0.5,1.0
28,5,-14.157011032104492,112.05655670166016,0.3333333432674408,0.6666666865348816,0.6666666865348816
28,6,-5.244113922119141,1.6894640922546387,0.9000000357627869,1.0,1.0
28,7,-16.024606704711914,54.935054779052734,0.25,0.5,1.0
28,8,-10.53499698638916,33.504024505615234,0.6666666865348816,0.6666666865348816,0.6666666865348816
28,9,-8.916976928710938,86.35688018798828,0.5,0.5,0.5
28,10,-1.462571144104004,4.317045211791992,1.0,1.0,1.0
28,11,-6.171256065368652,478.787109375,0.0,0.0,1.0
28,12,-9.902727127075195,11.889811515808105,0.5,0.75,1.0
28,13,-15.845760345458984,23.787303924560547,0.800000011920929,0.800000011920929,0.800000011920929
28,14,-5.399125576019287,6.047884464263916,0.6666666865348816,0.6666666865348816,1.0
28,15,-18.031360626220703,407.6682434082031,0.0,0.3333333432674408,0.6666666865348816
28,16,-13.08902359008789,26.37076187133789,0.5,0.5,1.0
28,17,-26.7320556640625,7410.740234375,0.0,0.0,0.3333333432674408
28,18,-5.319273948669434,204.2355499267578,0.0,0.0,1.0
28,19,-10.827143669128418,224.43179321289062,0.0,0.0,1.0
28,20,-24.944650650024414,510.8942565917969,0.25,0.25,0.75
28,21,-4.284811973571777,8.519911766052246,0.0,1.0,1.0
28,22,-18.216812133789062,95.03099060058594,0.25,0.5,0.75
28,23,-14.006528854370117,16.46613311767578,0.6000000238418579,0.6000000238418579,1.0
28,24,-4.761034965515137,10.81049633026123,0.5,1.0,1.0
28,25,-9.581707000732422,24.383392333984375,0.3333333432674408,0.6666666865348816,1.0
28,26,-5.9423065185546875,7.2483134269714355,0.3333333432674408,1.0,1.0
28,27,-7.079731464385986,10.590003967285156,0.6666666865348816,0.6666666865348816,1.0
28,28,-12.6796293258667,68.4800796508789,0.3333333432674408,0.6666666865348816,0.6666666865348816
28,29,-5.06180477142334,157.87518310546875,0.0,0.0,1.0
28,30,-11.028280258178711,15.753618240356445,0.75,0.75,0.75
28,31,-18.902328491210938,112.796142578125,0.25,0.5,0.75
28,32,-2.0817465782165527,8.018462181091309,0.0,1.0,1.0
28,33,-5.464710235595703,15.369041442871094,0.0,1.0,1.0
28,34,-8.2063627243042,15.416747093200684,0.3333333432674408,0.6666666865348816,1.0
28,35,-13.11088752746582,26.51529884338379,0.5,0.5,0.75
28,36,-13.12480354309082,707.9700317382812,0.0,0.0,0.5
28,37,-7.005242824554443,33.20237350463867,0.5,0.5,1.0
28,38,-9.490643501281738,115.0448226928711,0.0,0.5,0.5
28,39,-3.5618226528167725,5.935263156890869,0.5,1.0,1.0
28,40,-17.69948387145996,364.97467041015625,0.3333333432674408,0.6666666865348816,0.6666666865348816
28,41,-15.158402442932129,12.50839900970459,0.5,0.6666666865348816,1.0
28,42,-5.920475959777832,7.195760250091553,0.6666666865348816,0.6666666865348816,1.0
28,43,-6.739083290100098,3.849012851715088,0.6000000238418579,1.0,1.0
29,0,-2.2915468215942383,1.5813982486724854,0.800000011920929,1.0,1.0
29,1,-3.3296022415161133,3.033956289291382,0.6666666865348816,1.0,1.0
29,2,-2.8586058616638184,4.175787448883057,0.5,1.0,1.0
29,3,-7.109129428863525,2.7609918117523193,0.7142857313156128,1.0,1.0
29,4,-5.332849979400635,14.388439178466797,0.5,0.5,1.0
29,5,-14.163671493530273,112.30561828613281,0.3333333432674408,0.6666666865348816,0.6666666865348816
29,6,-5.271172046661377,1.6940417289733887,0.9000000357627869,1.0,1.0
29,7,-15.940694808959961,53.79463195800781,0.25,0.5,1.0
29,8,-10.445817947387695,32.52273178100586,0.6666666865348816,0.6666666865348816,0.6666666865348816
29,9,-8.911357879638672,86.1146011352539,0.5,0.5,0.5
29,10,-1.4394021034240723,4.218173027038574,1.0,1.0,1.0
29,11,-6.237844944000244,511.7544860839844,0.0,0.0,1.0
29,12,-9.709884643554688,11.330193519592285,0.5,0.75,1.0
29,13,-15.888662338256836,23.99228858947754,0.6000000238418579,0.800000011920929,0.800000011920929
29,14,-5.172158241271973,5.607207298278809,0.6666666865348816,0.6666666865348816,1.0
29,15,-18.126134872436523,420.7526550292969,0.0,0.3333333432674408,0.6666666865348816
29,16,-13.162595748901367,26.860288619995117,0.5,0.5,1.0
29,17,-26.688331604003906,7303.51171875,0.0,0.0,0.3333333432674408
29,18,-5.3224029541015625,204.8756103515625,0.0,0.0,1.0
29,19,-10.755899429321289,216.57777404785156,0.0,0.0,1.0
29,20,-24.879594802856445,502.65228271484375,0.25,0.25,0.75
29,21,-4.268955707550049,8.452631950378418,0.5,1.0,1.0
29,22,-18.322528839111328,97.57606506347656,0.25,0.5,0.75
29,23,-14.071941375732422,16.682968139648438,0.6000000238418579,0.6000000238418579,1.0
29,24,-4.7664690017700195,10.8399076461792,0.5,1.0,1.0
29,25,-9.62674331665039,24.7522029876709,0.3333333432674408,0.6666666865348816,1.0
29,26,-5.948135852813721,7.262411594390869,0.3333333432674408,1.0,1.0
29,27,-7.095232963562012,10.644865989685059,0.6666666865348816,0.6666666865348816,1.0
29,28,-12.535365104675293,65.26493072509766,0.3333333432674408,0.6666666865348816,0.6666666865348816
29,29,-5.011574745178223,150.14097595214844,0.0,0.0,1.0
29,30,-10.966137886047363,15.510767936706543,0.75,0.75,0.75
29,31,-18.653549194335938,105.99452209472656,0.25,0.5,0.75
29,32,-2.059169292449951,7.839454650878906,0.0,1.0,1.0
29,33,-5.4087724685668945,14.945140838623047,0.0,1.0,1.0
29,34,-8.240898132324219,15.595246315002441,0.3333333432674408,0.6666666865348816,1.0
29,35,-13.048934936523438,26.107789993286133,0.5,0.5,0.75
29,36,-12.926815032958984,641.2423706054688,0.0,0.0,0.5
29,37,-7.0134687423706055,33.33921432495117,0.5,0.5,1.0
29,38,-9.456249237060547,113.08329010009766,0.0,0.5,0.5
29,39,-3.5661470890045166,5.948110103607178,0.5,1.0,1.0
29,40,-17.595348358154297,352.5231018066406,0.3333333432674408,0.6666666865348816,0.6666666865348816
29,41,-15.090402603149414,12.367439270019531,0.5,0.6666666865348816,1.0
29,42,-5.843677520751953,7.013890743255615,0.6666666865348816,0.6666666865348816,1.0
29,43,-6.73988676071167,3.8496315479278564,0.6000000238418579,1.0,1.0
30,0,-2.2592086791992188,1.5712032318115234,0.800000011920929,1.0,1.0
30,1,-3.274038791656494,2.978281021118164,0.6666666865348816,1.0,1.0
30,2,-2.871703624725342,4.203223705291748,0.5,1.0,1.0
30,3,-7.072924613952637,2.746748208999634,0.7142857313156128,1.0,1.0
30,4,-5.318413734436035,14.284955978393555,0.5,0.5,1.0
30,5,-14.157757759094238,112.08445739746094,0.3333333432674408,0.6666666865348816,0.6666666865348816
30,6,-5.208439350128174,1.6834478378295898,0.9000000357627869,1.0,1.0
30,7,-15.979084014892578,54.31340408325195,0.25,0.5,1.0
30,8,-10.347606658935547,31.47527503967285,0.6666666865348816,0.6666666865348816,0.6666666865348816
30,9,-8.913023948669434,86.18637084960938,0.5,0.5,0.5
30,10,-1.4326673746109009,4.1898603439331055,1.0,1.0,1.0
30,11,-6.234490394592285,510.0406188964844,0.0,0.0,1.0
30,12,-9.541362762451172,10.862762451171875,0.5,0.75,1.0
30,13,-15.907817840576172,24.084383010864258,0.6000000238418579,0.800000011920929,0.800000011920929
30,14,-4.919581890106201,5.1544508934021,0.6666666865348816,0.6666666865348816,1.0
30,15,-18.0664005279541,412.45758056640625,0.0,0.3333333432674408,0.6666666865348816
30,16,-13.22443962097168,27.27880096435547,0.5,0.5,1.0
30,17,-26.683942794799805,7292.8349609375,0.0,0.0,0.3333333432674408
30,18,-5.346907615661621,209.95802307128906,0.0,0.0,1.0
30,19,-10.771026611328125,218.2220916748047,0.0,0.0,1.0
30,20,-24.877614974975586,502.403564453125,0.25,0.25,0.75
30,21,-4.1582231521606445,7.997361183166504,0.5,1.0,1.0
30,22,-18.252397537231445,95.88018798828125,0.25,0.5,0.75
30,23,-14.198678970336914,17.111242294311523,0.6000000238418579,0.6000000238418579,1.0
30,24,-4.676790714263916,10.364591598510742,0.5,1.0,1.0
30,25,-9.697465896606445,25.342647552490234,0.3333333432674408,0.6666666865348816,1.0
30,26,-5.910684108734131,7.172312259674072,0.3333333432674408,1.0,1.0
30,27,-7.091296195983887,10.63090705871582,0.6666666865348816,0.6666666865348816,1.0
30,28,-12.320318222045898,60.7503547668457,0.6666666865348816,0.6666666865348816,0.6666666865348816
30,29,-4.9911603927612305,147.10704040527344,0.0,0.0,1.0
30,30,-10.915729522705078,15.316526412963867,0.75,0.75,0.75
30,31,-18.591508865356445,104.36320495605469,0.25,0.5,0.75
30,32,-2.0364959239959717,7.663707733154297,0.0,1.0,1.0
30,33,-5.350179195404053,14.513649940490723,0.0,1.0,1.0
30,34,-8.301996231079102,15.916114807128906,0.3333333432674408,0.6666666865348816,1.0
30,35,-12.991296768188477,25.73428726196289,0.5,0.5,0.75
30,36,-12.850240707397461,617.155029296875,0.0,0.0,0.5
30,37,-6.972155570983887,32.65760803222656,0.5,0.5,1.0
30,38,-9.400351524353027,109.96649932861328,0.0,0.5,0.5
30,39,-3.552469491958618,5.907571315765381,0.5,1.0,1.0
30,40,-17.60391616821289,353.5312805175781,0.3333333432674408,0.6666666865348816,0.6666666865348816
30,41,-15.07054328918457,12.326570510864258,0.5,0.6666666865348816,1.0
30,42,-5.813192367553711,6.942978382110596,0.6666666865348816,0.6666666865348816,1.0
30,43,-6.7524871826171875,3.859344959259033,0.6000000238418579,1.0,1.0
31,0,-2.2081215381622314,1.5552314519882202,0.800000011920929,1.0,1.0
31,1,-3.289177656173706,2.9933481216430664,0.6666666865348816,1.0,1.0
31,2,-2.886674642562866,4.234805107116699,0.5,1.0,1.0
31,3,-6.954426288604736,2.7006418704986572,0.7142857313156128,1.0,1.0
31,4,-5.298477649688721,14.143268585205078,0.5,0.5,1.0
31,5,-14.149287223815918,111.76844787597656,0.3333333432674408,0.6666666865348816,0.6666666865348816
31,6,-5.168260097503662,1.6766973733901978,0.9000000357627869,1.0,1.0
31,7,-15.921781539916992,53.54087448120117,0.25,0.5,1.0
31,8,-10.29980182647705,30.977693557739258,0.6666666865348816,0.6666666865348816,0.6666666865348816
31,9,-8.887460708618164,85.0917739868164,0.5,0.5,0.5
31,10,-1.4184370040893555,4.130659103393555,1.0,1.0,1.0
31,11,-6.255951404571533,521.1049194335938,0.0,0.0,1.0
31,12,-9.337873458862305,10.323969841003418,0.5,0.75,1.0
31,13,-15.776046752929688,23.45794677734375,0.6000000238418579,0.800000011920929,0.800000011920929
31,14,-4.790308475494385,4.937057018280029,0.6666666865348816,0.6666666865348816,1.0
31,15,-18.157371520996094,425.156494140625,0.0,0.3333333432674408,0.6666666865348816
31,16,-13.257318496704102,27.503950119018555,0.5,0.5,1.0
31,17,-26.72457504272461,7392.28125,0.0,0.0,0.3333333432674408
31,18,-5.326634407043457,205.74436950683594,0.0,0.0,1.0
31,19,-10.758761405944824,216.88792419433594,0.0,0.0,1.0
31,20,-24.96706199645996,513.7647705078125,0.25,0.25,0.75
31,21,-4.142550468444824,7.934936046600342,0.5,1.0,1.0
31,22,-18.19332504272461,94.47461700439453,0.25,0.5,0.75
31,23,-13.91903305053711,16.180496215820312,0.6000000238418579,0.6000000238418579,1.0
31,24,-4.6183085441589355,10.065908432006836,0.5,1.0,1.0
31,25,-9.684324264526367,25.23187828063965,0.3333333432674408,0.6666666865348816,1.0
31,26,-5.803554534912109,6.920709133148193,0.3333333432674408,1.0,1.0
31,27,-7.1787004470825195,10.945191383361816,0.6666666865348816,0.6666666865348816,1.0
31,28,-12.279016494750977,59.91971969604492,0.6666666865348816,0.6666666865348816,0.6666666865348816
31,29,-5.027457237243652,152.5446319580078,0.0,0.0,1.0
31,30,-10.940381050109863,15.411211013793945,0.75,0.75,0.75
31,31,-18.538448333740234,102.98796081542969,0.25,0.5,0.75
31,32,-2.0357213020324707,7.657773971557617,0.0,1.0,1.0
31,33,-5.36918830871582,14.652254104614258,0.0,1.0,1.0
31,34,-8.295467376708984,15.881513595581055,0.3333333432674408,0.6666666865348816,1.0
31,35,-12.877001762390137,25.009366989135742,0.5,0.5,0.75
31,36,-12.754659652709961,588.3546142578125,0.0,0.0,0.5
31,37,-6.917421340942383,31.77597999572754,0.5,0.5,1.0
31,38,-9.356432914733887,107.57803344726562,0.0,0.5,0.5
31,39,-3.5403084754943848,5.871758937835693,0.5,1.0,1.0
31,40,-17.544897079467773,346.6442565917969,0.3333333432674408,0.6666666865348816,0.6666666865348816
31,41,-14.871481895446777,11.924322128295898,0.5,0.6666666865348816,1.0
31,42,-5.718303680419922,6.726810932159424,0.6666666865348816,0.6666666865348816,1.0
31,43,-6.715594291687012,3.8309731483459473,0.6000000238418579,1.0,1.0
32,0,-2.223479747772217,1.5600156784057617,0.800000011920929,1.0,1.0
32,1,-3.2470149993896484,2.951573133468628,0.6666666865348816,1.0,1.0
32,2,-2.9170660972595215,4.299647808074951,0.5,1.0,1.0
32,3,-6.915011882781982,2.6854782104492188,0.7142857313156128,1.0,1.0
32,4,-5.288751125335693,14.074653625488281,0.5,0.5,1.0
32,5,-14.232958793640137,114.9295654296875,0.3333333432674408,0.6666666865348816,0.6666666865348816
32,6,-5.121935844421387,1.6689480543136597,0.9000000357627869,1.0,1.0
32,7,-16.072803497314453,55.600982666015625,0.25,0.5,1.0
32,8,-10.317824363708496,31.164348602294922,0.6666666865348816,0.6666666865348816,0.6666666865348816
32,9,-8.950928688049316,87.83537292480469,0.5,0.5,0.5
32,10,-1.3963208198547363,4.040307521820068,1.0,1.0,1.0
32,11,-6.205956935882568,495.69305419921875,0.0,0.0,1.0
32,12,-9.199817657470703,9.973727226257324,0.5,0.75,1.0
32,13,-15.78762435913086,23.5123291015625,0.800000011920929,0.800000011920929,0.800000011920929
32,14,-4.640555381774902,4.69666051864624,0.6666666865348816,1.0,1.0
32,15,-18.24359703063965,437.5535888671875,0.0,0.3333333432674408,0.6666666865348816
32,16,-13.31060791015625,27.872819900512695,0.5,0.5,1.0
32,17,-26.586238861083984,7059.14794921875,0.0,0.0,0.3333333432674408
32,18,-5.3409743309021,208.71595764160156,0.0,0.0,1.0
32,19,-10.722210884094238,212.96023559570312,0.0,0.0,1.0
32,20,-25.032073974609375,522.1832275390625,0.25,0.25,0.75
32,21,-4.07023811340332,7.653163433074951,0.5,1.0,1.0
32,22,-18.216184616088867,95.01607513427734,0.25,0.5,0.75
32,23,-13.874858856201172,16.03817367553711,0.6000000238418579,0.6000000238418579,1.0
32,24,-4.5579094886779785,9.766467094421387,0.5,1.0,1.0
32,25,-9.653404235839844,24.97315216064453,0.3333333432674408,0.6666666865348816,1.0
32,26,-5.777864933013916,6.861698150634766,0.3333333432674408,1.0,1.0
32,27,-7.13979959487915,10.804181098937988,0.6666666865348816,0.6666666865348816,1.0
32,28,-12.139395713806152,57.19493865966797,0.6666666865348816,0.6666666865348816,0.6666666865348816
32,29,-5.026445388793945,152.39036560058594,0.0,0.0,1.0
32,30,-10.976882934570312,15.552490234375,0.75,0.75,0.75
32,31,-18.40695571899414,99.65746307373047,0.25,0.5,0.75
32,32,-2.0606045722961426,7.850714683532715,0.0,1.0,1.0
32,33,-5.298759937286377,14.145264625549316,0.0,1.0,1.0
32,34,-8.22876262664795,15.532285690307617,0.3333333432674408,0.6666666865348816,1.0
32,35,-12.857259750366211,24.88623809814453,0.5,0.5,0.75
32,36,-12.772172927856445,593.5292358398438,0.0,0.0,0.5
32,37,-6.876749515533447,31.136314392089844,0.5,0.5,1.0
32,38,-9.35922622680664,107.7283935546875,0.0,0.5,0.5
32,39,-3.5658984184265137,5.947371006011963,0.5,1.0,1.0
32,40,-17.542673110961914,346.3872985839844,0.3333333432674408,0.6666666865348816,0.6666666865348816
32,41,-14.820218086242676,11.8228759765625,0.5,0.6666666865348816,1.0
32,42,-5.674983501434326,6.630373954772949,0.6666666865348816,0.6666666865348816,1.0
32,43,-6.732880592346191,3.844240665435791,0.6000000238418579,1.0,1.0
33,0,-2.1787919998168945,1.5461353063583374,0.800000011920929,1.0,1.0
33,1,-3.253823757171631,2.958279609680176,0.6666666865348816,1.0,1.0
33,2,-2.8946967124938965,4.251825332641602,0.5,1.0,1.0
33,3,-6.882275104522705,2.6729485988616943,0.7142857313156128,1.0,1.0
33,4,-5.256037712097168,13.846311569213867,0.5,0.5,1.0
33,5,-14.223806381225586,114.57947540283203,0.3333333432674408,0.6666666865348816,0.6666666865348816
33,6,-5.062285423278809,1.659022569656372,0.9000000357627869,1.0,1.0
33,7,-15.959269523620605,54.04501724243164,0.25,0.5,1.0
33,8,-10.374632835388184,31.76010513305664,0.6666666865348816,0.6666666865348816,0.6666666865348816
33,9,-8.90327262878418,85.76717376708984,0.5,0.5,0.5
33,10,-1.3797991275787354,3.9741032123565674,1.0,1.0,1.0
33,11,-6.136064529418945,462.23089599609375,0.0,0.0,1.0
33,12,-9.066400527954102,9.6465482711792,0.5,0.75,1.0
33,13,-15.750556945800781,23.338665008544922,0.6000000238418579,0.800000011920929,0.800000011920929
33,14,-4.523688793182373,4.517218112945557,0.6666666865348816,1.0,1.0
33,15,-18.267860412597656,441.1067199707031,0.0,0.3333333432674408,0.6666666865348816
33,16,-13.36966323852539,28.28738021850586,0.5,0.5,1.0
33,17,-26.722612380981445,7387.44677734375,0.0,0.0,0.3333333432674408
33,18,-5.266258239746094,193.6898651123047,0.0,0.0,1.0
33,19,-10.667035102844238,207.16542053222656,0.0,0.0,1.0
33,20,-25.188310623168945,542.9828491210938,0.25,0.25,0.75
33,21,-3.985990285873413,7.337478160858154,0.5,1.0,1.0
33,22,-18.1812744140625,94.19043731689453,0.25,0.5,0.75
33,23,-14.013834953308105,16.49021339416504,0.6000000238418579,0.6000000238418579,1.0
33,24,-4.538463115692139,9.671965599060059,0.5,1.0,1.0
33,25,-9.656454086303711,24.998552322387695,0.3333333432674408,0.6666666865348816,1.0
33,26,-5.679625034332275,6.6406402587890625,0.3333333432674408,1.0,1.0
33,27,-7.180582523345947,10.952059745788574,0.6666666865348816,0.6666666865348816,0.6666666865348816
33,28,-12.17101764678955,57.800987243652344,0.6666666865348816,0.6666666865348816,0.6666666865348816
33,29,-4.974956512451172,144.74252319335938,0.0,0.0,1.0
33,30,-10.900261878967285,15.257412910461426,0.75,0.75,0.75
33,31,-18.32623291015625,97.66645812988281,0.25,0.5,0.75
33,32,-2.020332098007202,7.540828704833984,0.0,1.0,1.0
33,33,-5.333024978637695,14.389698028564453,0.0,1.0,1.0
33,34,-8.302268981933594,15.917559623718262,0.3333333432674408,0.6666666865348816,1.0
33,35,-12.773661613464355,24.371524810791016,0.5,0.5,0.75
33,36,-12.626809120178223,551.9207763671875,0.0,0.0,0.5
33,37,-6.885973930358887,31.280250549316406,0.5,0.5,1.0
33,38,-9.348678588867188,107.1617431640625,0.0,0.5,0.5
33,39,-3.5635740756988525,5.940463066101074,0.5,1.0,1.0
33,40,-17.563899993896484,348.84698486328125,0.3333333432674408,0.6666666865348816,0.6666666865348816
33,41,-14.819792747497559,11.822038650512695,0.5,0.6666666865348816,1.0
33,42,-5.699094295501709,6.683876991271973,0.6666666865348816,0.6666666865348816,1.0
33,43,-6.765918254852295,3.8697257041931152,0.6000000238418579,1.0,1.0
34,0,-2.1604044437408447,1.5404596328735352,0.800000011920929,1.0,1.0
34,1,-3.2729828357696533,2.9772326946258545,0.6666666865348816,1.0,1.0
34,2,-2.9059014320373535,4.275712013244629,0.5,1.0,1.0
34,3,-6.826308727264404,2.651662826538086,0.7142857313156128,1.0,1.0
34,4,-5.330000400543213,14.367953300476074,0.5,0.5,1.0
34,5,-14.279428482055664,116.72368621826172,0.3333333432674408,0.6666666865348816,0.6666666865348816
34,6,-5.106388092041016,1.6663553714752197,0.9000000357627869,1.0,1.0
34,7,-15.946357727050781,53.870845794677734,0.25,0.5,1.0
34,8,-10.302810668945312,31.008773803710938,0.6666666865348816,0.6666666865348816,0.6666666865348816
34,9,-8.889018058776855,85.1580581665039,0.5,0.5,0.5
34,10,-1.36656653881073,3.9218616485595703,1.0,1.0,1.0
34,11,-6.2295989990234375,507.5518798828125,0.0,0.0,1.0
34,12,-8.944218635559082,9.356344223022461,0.5,0.75,1.0
34,13,-15.800878524780273,23.574739456176758,0.6000000238418579,0.800000011920929,0.800000011920929
34,14,-4.393187999725342,4.324930191040039,0.6666666865348816,1.0,1.0
34,15,-18.249168395996094,438.3667907714844,0.0,0.3333333432674408,0.6666666865348816
34,16,-13.467815399169922,28.990083694458008,0.5,0.5,1.0
34,17,-26.625810623168945,7152.876953125,0.0,0.0,0.3333333432674408
34,18,-5.277594089508057,195.89801025390625,0.0,0.0,1.0
34,19,-10.730976104736328,213.89559936523438,0.0,0.0,1.0
34,20,-25.212949752807617,546.3378295898438,0.25,0.25,0.75
34,21,-3.953798770904541,7.220321178436279,0.5,1.0,1.0
34,22,-18.152305603027344,93.51074981689453,0.25,0.5,0.75
34,23,-14.006399154663086,16.46570587158203,0.6000000238418579,0.6000000238418579,1.0
34,24,-4.517427921295166,9.570773124694824,0.5,1.0,1.0
34,25,-9.575986862182617,24.336946487426758,0.3333333432674408,0.6666666865348816,1.0
34,26,-5.6254425048828125,6.521780490875244,0.3333333432674408,1.0,1.0
34,27,-7.117305755615234,10.723475456237793,0.6666666865348816,0.6666666865348816,1.0
34,28,-12.118439674377441,56.796783447265625,0.3333333432674408,0.6666666865348816,0.6666666865348816
34,29,-5.0252790451049805,152.2127227783203,0.0,0.0,1.0
34,30,-10.846848487854004,15.05502986907959,0.75,0.75,0.75
34,31,-18.147878646850586,93.40731048583984,0.25,0.75,0.75
34,32,-2.004880666732788,7.425207614898682,0.0,1.0,1.0
34,33,-5.3121490478515625,14.240279197692871,0.0,1.0,1.0
34,34,-8.316534042358398,15.993428230285645,0.3333333432674408,0.6666666865348816,1.0
34,35,-12.790609359741211,24.475004196166992,0.5,0.5,0.75
34,36,-12.673382759094238,564.924072265625,0.0,0.0,0.5
34,37,-6.896963119506836,31.45259666442871,0.5,0.5,1.0
34,38,-9.342313766479492,106.82125854492188,0.0,0.5,0.5
34,39,-3.553550958633423,5.9107666015625,0.5,1.0,1.0
34,40,-17.562341690063477,348.6658630371094,0.3333333432674408,0.6666666865348816,0.6666666865348816
34,41,-14.810410499572754,11.803565979003906,0.5,0.6666666865348816,1.0
34,42,-5.649783134460449,6.574911594390869,0.6666666865348816,0.6666666865348816,1.0
34,43,-6.779975891113281,3.8806209564208984,0.6000000238418579,1.0,1.0
35,0,-2.112776279449463,1.525855541229248,0.800000011920929,1.0,1.0
35,1,-3.2510898113250732,2.95558500289917,0.6666666865348816,1.0,1.0
35,2,-2.900339126586914,4.2638373374938965,0.5,1.0,1.0
35,3,-6.727522850036621,2.614504814147949,0.7142857313156128,1.0,1.0
35,4,-5.335027694702148,14.40411376953125,0.5,0.5,1.0
35,5,-14.323393821716309,118.44689178466797,0.3333333432674408,0.6666666865348816,0.6666666865348816
35,6,-5.062556266784668,1.6590673923492432,0.800000011920929,1.0,1.0
35,7,-16.014039993286133,54.79012680053711,0.25,0.5,1.0
35,8,-10.331938743591309,31.31131362915039,0.6666666865348816,0.6666666865348816,0.6666666865348816
35,9,-8.952071189880371,87.88556671142578,0.5,0.5,0.5
35,10,-1.3675893545150757,3.925875425338745,1.0,1.0,1.0
35,11,-6.259958267211914,523.1970825195312,0.0,0.0,1.0
35,12,-8.867156028747559,9.177814483642578,0.5,0.75,1.0
35,13,-15.715338706970215,23.174854278564453,0.800000011920929,0.800000011920929,0.800000011920929
35,14,-4.196865558624268,4.050965309143066,0.6666666865348816,1.0,1.0
35,15,-18.224822998046875,434.8239440917969,0.0,0.3333333432674408,0.6666666865348816
35,16,-13.470235824584961,29.007631301879883,0.5,0.5,1.0
35,17,-26.71869659423828,7377.80810546875,0.0,0.0,0.3333333432674408
35,18,-5.233067512512207,187.36666870117188,0.0,0.0,1.0
35,19,-10.647428512573242,205.14442443847656,0.0,0.0,1.0
35,20,-25.289718627929688,556.9244995117188,0.25,0.25,0.5
35,21,-3.844757556915283,6.837203025817871,0.5,1.0,1.0
35,22,-18.303272247314453,97.1074447631836,0.25,0.5,0.75
35,23,-14.346626281738281,17.625120162963867,0.6000000238418579,0.6000000238418579,1.0
35,24,-4.513834476470947,9.55359172821045,0.5,1.0,1.0
35,25,-9.52949333190918,23.96268081665039,0.3333333432674408,0.6666666865348816,1.0
35,26,-5.568880081176758,6.399970531463623,0.3333333432674408,1.0,1.0
35,27,-7.1334662437438965,10.781397819519043,0.6666666865348816,0.6666666865348816,1.0
35,28,-12.0030517578125,54.65370559692383,0.3333333432674408,0.6666666865348816,0.6666666865348816
35,29,-5.015191555023193,150.6850128173828,0.0,0.0,1.0
35,30,-10.903250694274902,15.268817901611328,0.75,0.75,0.75
35,31,-18.12129020690918,92.78848266601562,0.25,0.75,0.75
35,32,-1.9873348474502563,7.29606294631958,0.0,1.0,1.0
35,33,-5.169776916503906,13.261810302734375,0.0,1.0,1.0
35,34,-8.332735061645508,16.080034255981445,0.3333333432674408,0.6666666865348816,1.0
35,35,-12.78628921508789,24.448583602905273,0.5,0.5,0.75
35,36,-12.698500633239746,572.0636596679688,0.0,0.0,0.5
35,37,-6.804980278015137,30.038808822631836,0.5,0.5,1.0
35,38,-9.254814147949219,102.24859619140625,0.0,0.5,0.5
35,39,-3.568624258041382,5.955482006072998,0.5,1.0,1.0
35,40,-17.60211944580078,353.3196105957031,0.3333333432674408,0.6666666865348816,0.6666666865348816
35,41,-14.867202758789062,11.91582202911377,0.5,0.6666666865348816,1.0
35,42,-5.590909481048584,6.447139263153076,0.6666666865348816,0.6666666865348816,1.0
35,43,-6.744646072387695,3.853296995162964,0.6000000238418579,1.0,1.0
36,0,-2.0872395038604736,1.5180822610855103,0.800000011920929,1.0,1.0
36,1,-3.21211838722229,2.9174389839172363,0.6666666865348816,1.0,1.0
36,2,-2.8867580890655518,4.234982013702393,0.5,1.0,1.0
36,3,-6.678487300872803,2.5962538719177246,0.7142857313156128,1.0,1.0
36,4,-5.3772125244140625,14.71115779876709,0.5,0.5,1.0
36,5,-14.336470603942871,118.96428680419922,0.3333333432674408,0.6666666865348816,0.6666666865348816
36,6,-5.097775459289551,1.6649208068847656,0.800000011920929,1.0,1.0
36,7,-16.17584800720215,57.05193328857422,0.25,0.5,1.0
36,8,-10.272960662841797,30.70176887512207,0.6666666865348816,0.6666666865348816,0.6666666865348816
36,9,-9.009278297424316,90.43570709228516,0.5,0.5,0.5
36,10,-1.3609321117401123,3.8998265266418457,1.0,1.0,1.0
36,11,-6.291263580322266,539.8350830078125,0.0,0.0,1.0
36,12,-8.90827751159668,9.272651672363281,0.5,0.75,1.0
36,13,-15.714500427246094,23.17096519470215,0.6000000238418579,0.800000011920929,0.800000011920929
36,14,-4.02618932723999,3.826930522918701,0.6666666865348816,1.0,1.0
36,15,-18.255020141601562,439.2227478027344,0.0,0.3333333432674408,0.6666666865348816
36,16,-13.575949668884277,29.78447914123535,0.5,0.5,1.0
36,17,-26.8393611907959,7680.6083984375,0.0,0.0,0.3333333432674408
36,18,-5.288962364196777,198.13772583007812,0.0,0.0,1.0
36,19,-10.61450481414795,201.79502868652344,0.0,0.0,1.0
36,20,-25.33041763305664,562.6199951171875,0.25,0.25,0.5
36,21,-3.7722673416137695,6.593825817108154,0.5,1.0,1.0
36,22,-18.39733123779297,99.41796875,0.25,0.5,0.75
36,23,-14.858499526977539,19.525083541870117,0.6000000238418579,0.6000000238418579,1.0
36,24,-4.592172622680664,9.935223579406738,0.5,1.0,1.0
36,25,-9.491006851196289,23.6572322845459,0.3333333432674408,0.6666666865348816,1.0
36,26,-5.505106449127197,6.265356540679932,0.3333333432674408,1.0,1.0
36,27,-7.190272808074951,10.987492561340332,0.6666666865348816,0.6666666865348816,1.0
36,28,-12.049077987670898,55.49868392944336,0.3333333432674408,0.6666666865348816,0.6666666865348816
36,29,-4.896538734436035,133.82577514648438,0.0,0.0,1.0
36,30,-10.741519927978516,14.663772583007812,0.75,0.75,0.75
36,31,-18.133514404296875,93.07247924804688,0.25,0.75,0.75
36,32,-1.9595069885253906,7.095828056335449,0.0,1.0,1.0
36,33,-5.136035919189453,13.039953231811523,0.0,1.0,1.0
36,34,-8.280338287353516,15.801624298095703,0.3333333432674408,0.6666666865348816,1.0
36,35,-12.763504028320312,24.30971336364746,0.5,0.5,0.75
36,36,-12.821820259094238,608.4472045898438,0.0,0.0,0.5
36,37,-6.812899589538574,30.157987594604492,0.5,0.5,1.0
36,38,-9.158039093017578,97.41883087158203,0.0,0.5,0.5
36,39,-3.5634613037109375,5.940127849578857,0.5,1.0,1.0
36,40,-17.622095108032227,355.6800231933594,0.3333333432674408,0.6666666865348816,0.6666666865348816
36,41,-14.860184669494629,11.90189266204834,0.5,0.6666666865348816,1.0
36,42,-5.664071559906006,6.6063008308410645,0.6666666865348816,0.6666666865348816,1.0
36,43,-6.7878570556640625,3.886742115020752,0.6000000238418579,1.0,1.0
37,0,-2.09001088142395,1.5189239978790283,0.800000011920929,1.0,1.0
37,1,-3.199681043624878,2.9053688049316406,0.6666666865348816,1.0,1.0
37,2,-2.8924083709716797,4.246963024139404,0.5,1.0,1.0
37,3,-6.6036295890808105,2.5686376094818115,0.7142857313156128,1.0,1.0
37,4,-5.35771369934082,14.56843090057373,0.5,0.5,1.0
37,5,-14.341699600219727,119.17185974121094,0.3333333432674408,0.6666666865348816,0.6666666865348816
37,6,-5.087090492248535,1.6631428003311157,0.800000011920929,1.0,1.0
37,7,-15.999288558959961,54.58843994140625,0.25,0.5,1.0
37,8,-10.386617660522461,31.887239456176758,0.6666666865348816,0.6666666865348816,0.6666666865348816
37,9,-8.982190132141113,89.2190933227539,0.5,0.5,0.5
37,10,-1.3616334199905396,3.9025626182556152,1.0,1.0,1.0
37,11,-6.286931037902832,537.501220703125,0.0,0.0,1.0
37,12,-8.757532119750977,8.929701805114746,0.5,0.75,1.0
37,13,-15.825883865356445,23.692934036254883,0.6000000238418579,0.800000011920929,0.800000011920929
37,14,-3.950676202774048,3.731804847717285,0.6666666865348816,1.0,1.0
37,15,-18.309492111206055,447.27081298828125,0.0,0.3333333432674408,0.6666666865348816
37,16,-13.562575340270996,29.68505859375,0.5,0.5,1.0
37,17,-26.667007446289062,7251.7841796875,0.0,0.0,0.3333333432674408
37,18,-5.235076427459717,187.7434539794922,0.0,0.0,1.0
37,19,-10.58499526977539,198.83944702148438,0.0,0.0,1.0
37,20,-25.234500885009766,549.289306640625,0.25,0.25,0.5
37,21,-3.7811226844787598,6.6230854988098145,0.5,1.0,1.0
37,22,-18.15729522705078,93.6274642944336,0.25,0.5,0.75
37,23,-13.97575569152832,16.36510467529297,0.6000000238418579,0.6000000238418579,1.0
37,24,-4.543816566467285,9.69788932800293,0.5,1.0,1.0
37,25,-9.513320922851562,23.8338565826416,0.3333333432674408,0.6666666865348816,1.0
37,26,-5.506340026855469,6.267933368682861,0.3333333432674408,1.0,1.0
37,27,-7.207243919372559,11.049824714660645,0.6666666865348816,0.6666666865348816,0.6666666865348816
37,28,-11.997098922729492,54.54537582397461,0.3333333432674408,0.6666666865348816,0.6666666865348816
37,29,-4.912735462188721,136.01095581054688,0.0,0.0,1.0
37,30,-10.783595085144043,14.818831443786621,0.75,0.75,0.75
37,31,-17.809329986572266,85.826904296875,0.25,0.75,0.75
37,32,-1.964961051940918,7.134634971618652,0.0,1.0,1.0
37,33,-5.145503997802734,13.101831436157227,0.0,1.0,1.0
37,34,-8.238004684448242,15.580209732055664,0.3333333432674408,0.6666666865348816,1.0
37,35,-12.752703666687012,24.244163513183594,0.5,0.5,0.75
37,36,-12.65451431274414,559.6195068359375,0.0,0.0,0.5
37,37,-6.792303085327148,29.84900665283203,0.5,0.5,1.0
37,38,-9.185606956481934,98.77094268798828,0.0,0.5,0.5
37,39,-3.5597355365753174,5.929072380065918,0.5,1.0,1.0
37,40,-17.54880714416504,347.0962829589844,0.3333333432674408,0.6666666865348816,0.6666666865348816
37,41,-14.861950874328613,11.90539836883545,0.5,0.6666666865348816,1.0
37,42,-5.681227684020996,6.644188404083252,0.6666666865348816,0.6666666865348816,1.0
37,43,-6.7599287033081055,3.8650927543640137,0.6000000238418579,1.0,1.0
38,0,-2.118401050567627,1.5275731086730957,0.800000011920929,1.0,1.0
38,1,-3.2109038829803467,2.916257858276367,0.6666666865348816,1.0,1.0
38,2,-2.9129936695098877,4.290901184082031,0.5,1.0,1.0
38,3,-6.541201114654541,2.5458314418792725,0.7142857313156128,1.0,1.0
38,4,-5.33677864074707,14.416728973388672,0.5,0.5,1.0
38,5,-14.321529388427734,118.3733139038086,0.3333333432674408,0.6666666865348816,0.6666666865348816
38,6,-5.0934600830078125,1.6642024517059326,0.800000011920929,1.0,1.0
38,7,-15.842462539672852,52.48963165283203,0.25,0.5,1.0
38,8,-10.555910110473633,33.7384033203125,0.6666666865348816,0.6666666865348816,0.6666666865348816
38,9,-8.89770793914795,85.52886962890625,0.5,0.5,0.5
38,10,-1.3305331468582153,3.783059597015381,1.0,1.0,1.0
38,11,-6.232426643371582,508.9891052246094,0.0,0.0,1.0
38,12,-8.54351806640625,8.46448802947998,0.5,0.75,1.0
38,13,-15.814940452575684,23.64113426208496,0.6000000238418579,0.800000011920929,0.800000011920929
38,14,-3.93637752532959,3.7140607833862305,0.6666666865348816,1.0,1.0
38,15,-18.288476943969727,444.14849853515625,0.0,0.3333333432674408,0.6666666865348816
38,16,-13.591418266296387,29.899883270263672,0.5,0.5,1.0
38,17,-26.64443588256836,7197.42333984375,0.0,0.0,0.3333333432674408
38,18,-5.23626708984375,187.96713256835938,0.0,0.0,1.0
38,19,-10.52966022491455,193.4134521484375,0.0,0.0,1.0
38,20,-25.240346908569336,550.0926513671875,0.25,0.25,0.5
38,21,-3.763310432434082,6.564361572265625,0.5,1.0,1.0
38,22,-18.110443115234375,92.5372085571289,0.25,0.5,0.75
38,23,-13.24670124053955,14.144702911376953,0.6000000238418579,0.6000000238418579,1.0
38,24,-4.556833267211914,9.761212348937988,0.5,1.0,1.0
38,25,-9.52864933013916,23.95594024658203,0.3333333432674408,0.6666666865348816,1.0
38,26,-5.519845962524414,6.296215057373047,0.3333333432674408,1.0,1.0
38,27,-7.185613632202148,10.970441818237305,0.6666666865348816,0.6666666865348816,0.6666666865348816
38,28,-11.942337989807129,53.55876159667969,0.3333333432674408,0.6666666865348816,0.6666666865348816
38,29,-4.922002792358398,137.2772674560547,0.0,0.0,1.0
38,30,-10.744828224182129,14.675905227661133,0.75,0.75,0.75
38,31,-17.660118103027344,82.68428802490234,0.25,0.75,0.75
38,32,-1.9458751678466797,6.999755859375,0.0,1.0,1.0
38,33,-5.210429668426514,13.534132957458496,0.0,1.0,1.0
38,34,-8.29367733001709,15.872039794921875,0.3333333432674408,0.6666666865348816,1.0
38,35,-12.75212287902832,24.240642547607422,0.5,0.5,0.75
38,36,-12.627683639526367,552.1621704101562,0.0,0.0,0.5
38,37,-6.672519683837891,28.113779067993164,0.5,0.5,1.0
38,38,-9.179479598999023,98.46880340576172,0.0,0.5,0.5
38,39,-3.5516462326049805,5.905139923095703,0.5,1.0,1.0
38,40,-17.571340560913086,349.7132263183594,0.3333333432674408,0.6666666865348816,0.6666666865348816
38,41,-14.872515678405762,11.926379203796387,0.5,0.6666666865348816,1.0
38,42,-5.611332416534424,6.4911789894104,0.6666666865348816,0.6666666865348816,1.0
38,43,-6.7990570068359375,3.895458698272705,0.6000000238418579,1.0,1.0
39,0,-2.084078311920166,1.5171228647232056,0.800000011920929,1.0,1.0
39,1,-3.2099413871765137,2.9153225421905518,0.6666666865348816,1.0,1.0
39,2,-2.9102656841278076,4.28505277633667,0.5,1.0,1.0
39,3,-6.60236120223999,2.5681722164154053,0.7142857313156128,1.0,1.0
39,4,-5.358778476715088,14.576189041137695,0.5,0.5,1.0
39,5,-14.37055778503418,120.32373809814453,0.3333333432674408,0.6666666865348816,0.6666666865348816
39,6,-5.129598617553711,1.6702275276184082,0.800000011920929,1.0,1.0
39,7,-15.94157600402832,53.806480407714844,0.25,0.5,1.0
39,8,-10.487205505371094,32.97452163696289,0.6666666865348816,0.6666666865348816,0.6666666865348816
39,9,-8.9649019241333,88.45120239257812,0.5,0.5,0.5
39,10,-1.3263044357299805,3.7670960426330566,1.0,1.0,1.0
39,11,-6.30768346786499,548.772216796875,0.0,0.0,1.0
39,12,-8.514073371887207,8.4024076461792,0.5,0.75,1.0
39,13,-15.694133758544922,23.076778411865234,0.6000000238418579,0.800000011920929,0.800000011920929
39,14,-3.7686033248901367,3.512054204940796,0.6666666865348816,1.0,1.0
39,15,-18.326522827148438,449.8170471191406,0.0,0.3333333432674408,0.6666666865348816
39,16,-13.575044631958008,29.777740478515625,0.5,0.5,1.0
39,17,-26.6539306640625,7220.240234375,0.0,0.0,0.3333333432674408
39,18,-5.244834899902344,189.58450317382812,0.0,0.0,1.0
39,19,-10.466721534729004,187.421630859375,0.0,0.0,1.0
39,20,-25.284088134765625,556.14111328125,0.25,0.25,0.5
39,21,-3.7166342735290527,6.412935733795166,0.5,1.0,1.0
39,22,-18.18802833557129,94.34960174560547,0.25,0.5,0.75
39,23,-13.885400772094727,16.072023391723633,0.6000000238418579,0.6000000238418579,1.0
39,24,-4.552308082580566,9.739151954650879,0.5,1.0,1.0
39,25,-9.554746627807617,24.16524887084961,0.3333333432674408,0.6666666865348816,1.0
39,26,-5.486662864685059,6.226955890655518,0.3333333432674408,1.0,1.0
39,27,-7.214041709899902,11.074892044067383,0.6666666865348816,0.6666666865348816,0.6666666865348816
39,28,-11.941494941711426,53.54370880126953,0.3333333432674408,0.6666666865348816,0.6666666865348816
39,29,-4.855648040771484,128.46392822265625,0.0,0.0,1.0
39,30,-10.768291473388672,14.762245178222656,0.75,0.75,0.75
39,31,-17.753509521484375,84.63749694824219,0.25,0.75,0.75
39,32,-1.9137916564941406,6.778742790222168,0.0,1.0,1.0
39,33,-5.15578556060791,13.169358253479004,0.0,1.0,1.0
39,34,-8.304369926452637,15.92871379852295,0.3333333432674408,0.6666666865348816,1.0
39,35,-12.665075302124023,23.71881866455078,0.5,0.5,0.75
39,36,-12.626981735229492,551.9684448242188,0.0,0.0,0.5
39,37,-6.726387977600098,28.881290435791016,0.5,0.5,1.0
39,38,-9.150435447692871,97.04916381835938,0.0,0.5,1.0
39,39,-3.588498592376709,6.014957427978516,0.5,1.0,1.0
39,40,-17.568227767944336,349.35052490234375,0.3333333432674408,0.6666666865348816,0.6666666865348816
39,41,-14.982231140136719,12.146470069885254,0.5,0.6666666865348816,1.0
39,42,-5.651534080505371,6.578750133514404,0.6666666865348816,0.6666666865348816,1.0
39,43,-6.810074329376221,3.9040513038635254,0.6000000238418579,1.0,1.0
40,0,-2.06644868850708,1.5117830038070679,0.800000011920929,1.0,1.0
40,1,-3.174767255783081,2.881340980529785,0.6666666865348816,1.0,1.0
40,2,-2.8502068519592285,4.15828800201416,0.5,1.0,1.0
40,3,-6.547229766845703,2.548025131225586,0.7142857313156128,1.0,1.0
40,4,-5.390261173248291,14.807453155517578,0.5,0.5,1.0
40,5,-14.422550201416016,122.42720031738281,0.3333333432674408,0.6666666865348816,0.6666666865348816
40,6,-5.123774528503418,1.6692551374435425,0.800000011920929,1.0,1.0
40,7,-15.959486961364746,54.04795455932617,0.25,0.5,1.0
40,8,-10.428494453430176,32.335472106933594,0.6666666865348816,0.6666666865348816,0.6666666865348816
40,9,-8.981321334838867,89.18034362792969,0.5,0.5,0.5
40,10,-1.3207066059112549,3.7460672855377197,1.0,1.0,1.0
40,11,-6.317989349365234,554.45703125,0.0,0.0,1.0
40,12,-8.50976848602295,8.393369674682617,0.5,0.75,1.0
40,13,-15.777795791625977,23.466154098510742,0.6000000238418579,0.800000011920929,0.800000011920929
40,14,-3.7267885208129883,3.463441848754883,0.6666666865348816,1.0,1.0
40,15,-18.327747344970703,450.0007019042969,0.0,0.3333333432674408,0.6666666865348816
40,16,-13.565010070800781,29.70313262939453,0.5,0.5,1.0
40,17,-26.683353424072266,7291.40234375,0.0,0.0,0.3333333432674408
40,18,-5.220004558563232,184.93502807617188,0.0,0.0,1.0
40,19,-10.40024471282959,181.29441833496094,0.0,0.0,1.0
40,20,-25.262556076049805,553.1554565429688,0.25,0.25,0.5
40,21,-3.6289801597595215,6.137946128845215,1.0,1.0,1.0
40,22,-18.188030242919922,94.34965515136719,0.25,0.5,0.75
40,23,-14.375137329101562,17.725910186767578,0.6000000238418579,0.6000000238418579,1.0
40,24,-4.5794901847839355,9.872421264648438,0.5,1.0,1.0
40,25,-9.4271240234375,23.158798217773438,0.3333333432674408,0.6666666865348816,1.0
40,26,-5.404475212097168,6.05867862701416,0.3333333432674408,1.0,1.0
40,27,-7.206052303314209,11.04543685913086,0.6666666865348816,0.6666666865348816,1.0
40,28,-11.982669830322266,54.28366470336914,0.3333333432674408,0.6666666865348816,0.6666666865348816
40,29,-4.806467056274414,122.29878234863281,0.0,0.0,1.0
40,30,-10.800134658813477,14.880232810974121,0.75,0.75,0.75
40,31,-17.65337371826172,82.54498291015625,0.25,0.75,0.75
40,32,-1.9541895389556885,7.058196544647217,0.0,1.0,1.0
40,33,-5.06729793548584,12.599396705627441,0.0,1.0,1.0
40,34,-8.401541709899902,16.453102111816406,0.3333333432674408,0.6666666865348816,1.0
40,35,-12.716362953186035,24.024898529052734,0.5,0.5,0.75
40,36,-12.577823638916016,538.5669555664062,0.0,0.0,0.5
40,37,-6.719522476196289,28.782318115234375,0.5,0.5,1.0
40,38,-9.206298828125,99.79812622070312,0.0,0.5,0.5
40,39,-3.5800020694732666,5.9894585609436035,0.5,1.0,1.0
40,40,-17.508926391601562,342.51275634765625,0.3333333432674408,0.6666666865348816,0.6666666865348816
40,41,-15.02161693572998,12.22646427154541,0.5,0.6666666865348816,1.0
40,42,-5.72765588760376,6.747814655303955,0.6666666865348816,0.6666666865348816,1.0
40,43,-6.750975131988525,3.858177900314331,0.6000000238418579,1.0,1.0
41,0,-1.9671841859817505,1.4820656776428223,0.800000011920929,1.0,1.0
41,1,-3.211132764816284,2.916480541229248,0.6666666865348816,1.0,1.0
41,2,-2.852060556411743,4.162144184112549,0.5,1.0,1.0
41,3,-6.490908622741699,2.527606248855591,0.7142857313156128,1.0,1.0
41,4,-5.528779983520508,15.869356155395508,0.5,0.5,1.0
41,5,-14.384657859802246,120.89061737060547,0.3333333432674408,0.6666666865348816,0.6666666865348816
41,6,-5.175970077514648,1.6779906749725342,0.800000011920929,1.0,1.0
41,7,-16.099090576171875,55.967586517333984,0.25,0.5,1.0
41,8,-10.236029624938965,30.326135635375977,0.6666666865348816,0.6666666865348816,0.6666666865348816
41,9,-9.121400833129883,95.65045166015625,0.5,0.5,0.5
41,10,-1.338220477104187,3.812253475189209,1.0,1.0,1.0
41,11,-6.271084785461426,529.0509643554688,0.0,0.0,1.0
41,12,-8.49591064453125,8.36434268951416,0.5,0.75,1.0
41,13,-15.511146545410156,22.247493743896484,0.6000000238418579,0.800000011920929,0.800000011920929
41,14,-3.554394006729126,3.270026206970215,0.6666666865348816,1.0,1.0
41,15,-18.308170318603516,447.07379150390625,0.0,0.3333333432674408,0.6666666865348816
41,16,-13.560670852661133,29.670927047729492,0.5,0.5,1.0
41,17,-27.05133628845215,8242.935546875,0.0,0.0,0.3333333432674408
41,18,-5.343267440795898,209.19512939453125,0.0,0.0,1.0
41,19,-10.251991271972656,168.34165954589844,0.0,0.0,1.0
41,20,-25.444355010986328,578.8762817382812,0.25,0.25,0.5
41,21,-3.572542667388916,5.967161655426025,1.0,1.0,1.0
41,22,-18.49500274658203,101.87541961669922,0.25,0.5,0.75
41,23,-15.479345321655273,22.106441497802734,0.6000000238418579,0.6000000238418579,1.0
41,24,-4.573514938354492,9.84296989440918,0.5,1.0,1.0
41,25,-9.463701248168945,23.442886352539062,0.3333333432674408,0.6666666865348816,1.0
41,26,-5.3003764152526855,5.852051258087158,0.3333333432674408,1.0,1.0
41,27,-7.2283124923706055,11.12769889831543,0.6666666865348816,0.6666666865348816,0.6666666865348816
41,28,-12.033723831176758,55.21537399291992,0.3333333432674408,0.6666666865348816,0.6666666865348816
41,29,-4.773778438568115,118.36563110351562,0.0,0.0,1.0
41,30,-10.818254470825195,14.947792053222656,0.75,0.75,0.75
41,31,-17.87519073486328,87.25175476074219,0.25,0.75,0.75
41,32,-1.9963310956954956,7.361995697021484,0.0,1.0,1.0
41,33,-5.029548168182373,12.363815307617188,0.0,1.0,1.0
41,34,-8.492079734802246,16.957212448120117,0.3333333432674408,0.6666666865348816,1.0
41,35,-12.744217872619629,24.192785263061523,0.5,0.5,0.75
41,36,-12.55743408203125,533.1043090820312,0.0,0.0,0.5
41,37,-6.795412063598633,29.89544105529785,0.5,0.5,1.0
41,38,-9.210052490234375,99.98560333251953,0.0,0.5,1.0
41,39,-3.57586932182312,5.977094650268555,0.5,1.0,1.0
41,40,-17.538766860961914,345.93670654296875,0.3333333432674408,0.6666666865348816,0.6666666865348816
41,41,-15.134506225585938,12.458683013916016,0.5,0.6666666865348816,1.0
41,42,-5.744258880615234,6.785262584686279,0.6666666865348816,0.6666666865348816,1.0
41,43,-6.6938934326171875,3.814382314682007,0.6000000238418579,1.0,1.0
42,0,-1.8989713191986084,1.4619837999343872,0.800000011920929,1.0,1.0
42,1,-3.110111713409424,2.8199069499969482,0.6666666865348816,1.0,1.0
42,2,-2.8179214000701904,4.091700553894043,0.5,1.0,1.0
42,3,-6.638339042663574,2.5814058780670166,0.7142857313156128,1.0,1.0
42,4,-5.502847194671631,15.664916038513184,0.5,0.5,1.0
42,5,-14.390837669372559,121.13990020751953,0.3333333432674408,0.6666666865348816,0.6666666865348816
42,6,-5.1759209632873535,1.6779823303222656,0.800000011920929,1.0,1.0
42,7,-16.17473793029785,57.03610610961914,0.25,0.5,1.0
42,8,-10.01498794555664,28.172019958496094,0.6666666865348816,0.6666666865348816,0.6666666865348816
42,9,-9.1819486618042,98.59044647216797,0.5,0.5,0.5
42,10,-1.3391658067703247,3.815858840942383,1.0,1.0,1.0
42,11,-6.281996726989746,534.8555908203125,0.0,0.0,1.0
42,12,-8.557350158691406,8.49380874633789,0.5,0.75,1.0
42,13,-15.437718391418457,21.92316246032715,0.800000011920929,0.800000011920929,0.800000011920929
42,14,-3.430995225906372,3.138249158859253,0.6666666865348816,1.0,1.0
42,15,-18.33601951599121,451.2432861328125,0.0,0.3333333432674408,0.6666666865348816
42,16,-13.593456268310547,29.91512107849121,0.5,0.5,1.0
42,17,-27.395889282226562,9246.15234375,0.0,0.0,0.3333333432674408
42,18,-5.3292927742004395,206.2920379638672,0.0,0.0,1.0
42,19,-10.2715425491333,169.99537658691406,0.0,0.0,1.0
42,20,-25.559768676757812,595.8220825195312,0.25,0.25,0.5
42,21,-3.453754425048828,5.623066425323486,1.0,1.0,1.0
42,22,-18.867712020874023,111.82420349121094,0.25,0.5,0.75
42,23,-16.523143768310547,27.238428115844727,0.6000000238418579,0.6000000238418579,0.800000011920929
42,24,-4.579464435577393,9.872293472290039,0.5,1.0,1.0
42,25,-9.375038146972656,22.760183334350586,0.3333333432674408,0.6666666865348816,1.0
42,26,-5.23799991607666,5.731630325317383,0.3333333432674408,1.0,1.0
42,27,-7.25297212600708,11.219545364379883,0.6666666865348816,0.6666666865348816,1.0
42,28,-12.045522689819336,55.43296432495117,0.3333333432674408,0.6666666865348816,0.6666666865348816
42,29,-4.748827934265137,115.44889068603516,0.0,0.0,1.0
42,30,-10.899784088134766,15.255590438842773,0.75,0.75,0.75
42,31,-18.08094024658203,91.85719299316406,0.25,0.75,0.75
42,32,-2.023902177810669,7.567798137664795,0.0,1.0,1.0
42,33,-5.0885910987854,12.734253883361816,0.0,1.0,1.0
42,34,-8.64677619934082,17.85455322265625,0.3333333432674408,0.6666666865348816,1.0
42,35,-12.947359085083008,25.453155517578125,0.5,0.5,0.75
42,36,-12.711599349975586,575.8226318359375,0.0,0.0,0.5
42,37,-6.767947673797607,29.48771858215332,0.5,0.5,1.0
42,38,-9.208771705627441,99.92160034179688,0.0,0.5,1.0
42,39,-3.612975597381592,6.089024066925049,0.5,1.0,1.0
42,40,-17.526813507080078,344.5610656738281,0.3333333432674408,0.6666666865348816,0.6666666865348816
42,41,-15.203136444091797,12.602008819580078,0.5,0.6666666865348816,1.0
42,42,-5.877437114715576,7.093264579772949,0.6666666865348816,0.6666666865348816,1.0
42,43,-6.673702239990234,3.7990095615386963,0.6000000238418579,1.0,1.0
43,0,-1.8842885494232178,1.457696795463562,0.800000011920929,1.0,1.0
43,1,-3.1643264293670654,2.871330499649048,0.6666666865348816,1.0,1.0
43,2,-2.833483934402466,4.123663425445557,0.5,1.0,1.0
43,3,-6.579017162322998,2.559622049331665,0.7142857313156128,1.0,1.0
43,4,-5.520695209503174,15.805335998535156,0.5,0.5,1.0
43,5,-14.495006561279297,125.42009735107422,0.3333333432674408,0.6666666865348816,0.6666666865348816
43,6,-5.157810211181641,1.6749463081359863,0.800000011920929,1.0,1.0
43,7,-16.222518920898438,57.72150421142578,0.25,0.5,1.0
43,8,-10.109501838684082,29.073699951171875,0.6666666865348816,0.6666666865348816,0.6666666865348816
43,9,-9.213898658752441,100.17806243896484,0.5,0.5,0.5
43,10,-1.3415979146957397,3.825150966644287,1.0,1.0,1.0
43,11,-6.258098125457764,522.2247924804688,0.0,0.0,1.0
43,12,-8.43313980102539,8.23410701751709,0.5,0.75,1.0
43,13,-15.454192161560059,21.995512008666992,0.800000011920929,0.800000011920929,0.800000011920929
43,14,-3.4316718578338623,3.1389570236206055,0.6666666865348816,1.0,1.0
43,15,-18.35934066772461,454.7646484375,0.0,0.3333333432674408,0.6666666865348816
43,16,-13.620025634765625,30.11448860168457,0.5,0.5,1.0
43,17,-27.35814666748047,9130.5556640625,0.0,0.0,0.3333333432674408
43,18,-5.371483325958252,215.1818084716797,0.0,0.0,1.0
43,19,-10.228472709655762,166.37367248535156,0.0,0.0,1.0
43,20,-25.503690719604492,587.5272827148438,0.25,0.25,0.5
43,21,-3.5144970417022705,5.796466827392578,0.5,1.0,1.0
43,22,-18.847675323486328,111.26545715332031,0.25,0.5,0.75
43,23,-16.277557373046875,25.932878494262695,0.6000000238418579,0.6000000238418579,0.800000011920929
43,24,-4.596401214599609,9.95625114440918,0.5,1.0,1.0
43,25,-9.365525245666504,22.688125610351562,0.3333333432674408,0.6666666865348816,1.0
43,26,-5.242167949676514,5.739598751068115,0.3333333432674408,1.0,1.0
43,27,-7.244093894958496,11.186389923095703,0.6666666865348816,0.6666666865348816,1.0
43,28,-12.084115028381348,56.150665283203125,0.3333333432674408,0.6666666865348816,0.6666666865348816
43,29,-4.708719253540039,110.91002655029297,0.0,0.0,1.0
43,30,-10.68787670135498,14.468432426452637,0.75,0.75,0.75
43,31,-18.062450408935547,91.43356323242188,0.25,0.75,0.75
43,32,-2.0196449756622314,7.53564977645874,0.0,1.0,1.0
43,33,-5.0564117431640625,12.531003952026367,0.0,1.0,1.0
43,34,-8.60234260559082,17.592058181762695,0.3333333432674408,0.6666666865348816,1.0
43,35,-12.862600326538086,24.91948699951172,0.5,0.5,0.75
43,36,-12.655281066894531,559.8341064453125,0.0,0.0,0.5
43,37,-6.784862995147705,29.73817253112793,0.5,0.5,1.0
43,38,-9.245060920715332,101.75118255615234,0.0,0.5,1.0
43,39,-3.587892770767212,6.013136386871338,0.5,1.0,1.0
43,40,-17.575775146484375,350.23052978515625,0.3333333432674408,0.6666666865348816,0.6666666865348816
43,41,-15.176870346069336,12.546958923339844,0.5,0.6666666865348816,1.0
43,42,-5.874639987945557,7.086654186248779,0.6666666865348816,0.6666666865348816,1.0
43,43,-6.664761543273926,3.792222499847412,0.6000000238418579,1.0,1.0
44,0,-1.8898365497589111,1.459315299987793,0.800000011920929,1.0,1.0
44,1,-3.2229716777801514,2.9280126094818115,0.6666666865348816,1.0,1.0
44,2,-2.826132297515869,4.1085333824157715,0.5,1.0,1.0
44,3,-6.578217029571533,2.5593295097351074,0.7142857313156128,1.0,1.0
44,4,-5.496853828430176,15.61804485321045,0.5,0.5,1.0
44,5,-14.463372230529785,124.1045150756836,0.3333333432674408,0.6666666865348816,0.6666666865348816
44,6,-5.203760147094727,1.6826602220535278,0.800000011920929,1.0,1.0
44,7,-16.15209197998047,56.71410369873047,0.25,0.5,1.0
44,8,-10.103601455688477,29.01657485961914,0.6666666865348816,0.6666666865348816,0.6666666865348816
44,9,-9.147676467895508,96.91537475585938,0.5,0.5,0.5
44,10,-1.3476998805999756,3.8485631942749023,1.0,1.0,1.0
44,11,-6.326821327209473,559.375732421875,0.0,0.0,1.0
44,12,-8.440173149108887,8.248598098754883,0.5,0.75,1.0
44,13,-15.414304733276367,21.820741653442383,0.800000011920929,0.800000011920929,0.800000011920929
44,14,-3.3827528953552246,3.0881872177124023,0.6666666865348816,1.0,1.0
44,15,-18.336544036865234,451.3220520019531,0.0,0.3333333432674408,0.6666666865348816
44,16,-13.609107971191406,30.032405853271484,0.5,0.5,1.0
44,17,-27.245275497436523,8793.416015625,0.0,0.0,0.3333333432674408
44,18,-5.324485778808594,205.3027801513672,0.0,0.0,1.0
44,19,-10.148153305053711,159.82455444335938,0.0,0.0,1.0
44,20,-25.55447006225586,595.0333862304688,0.25,0.25,0.5
44,21,-3.4471487998962402,5.604525566101074,1.0,1.0,1.0
44,22,-18.819416046142578,110.4821548461914,0.25,0.5,0.75
44,23,-16.284502029418945,25.968917846679688,0.6000000238418579,0.6000000238418579,0.800000011920929
44,24,-4.6149067878723145,10.04880142211914,0.5,1.0,1.0
44,25,-9.470946311950684,23.49957275390625,0.3333333432674408,0.6666666865348816,1.0
44,26,-5.2347731590271,5.72546911239624,0.3333333432674408,1.0,1.0
44,27,-7.308289527893066,11.428342819213867,0.6666666865348816,0.6666666865348816,0.6666666865348816
44,28,-11.989070892333984,54.39960861206055,0.3333333432674408,0.6666666865348816,0.6666666865348816
44,29,-4.745602607727051,115.07713317871094,0.0,0.0,1.0
44,30,-10.788487434387207,14.836966514587402,0.75,0.75,0.75
44,31,-17.8094482421875,85.8294448852539,0.25,0.75,0.75
44,32,-2.013916254043579,7.492603302001953,0.0,1.0,1.0
44,33,-5.08500337600708,12.711431503295898,0.0,1.0,1.0
44,34,-8.643595695495605,17.83563804626465,0.3333333432674408,0.6666666865348816,1.0
44,35,-12.916935920715332,25.260299682617188,0.5,0.5,0.75
44,36,-12.641225814819336,555.9136352539062,0.0,0.0,0.5
44,37,-6.666048526763916,28.02296257019043,0.5,0.5,1.0
44,38,-9.256242752075195,102.32166290283203,0.0,0.5,0.5
44,39,-3.6166861057281494,6.1003313064575195,0.5,1.0,1.0
44,40,-17.506572723388672,342.2440490722656,0.3333333432674408,0.6666666865348816,0.6666666865348816
44,41,-15.241376876831055,12.682581901550293,0.5,0.6666666865348816,1.0
44,42,-5.864651679992676,7.063098907470703,0.6666666865348816,0.6666666865348816,1.0
44,43,-6.622868537902832,3.7605819702148438,0.6000000238418579,1.0,1.0
45,0,-1.9502453804016113,1.4770532846450806,0.800000011920929,1.0,1.0
45,1,-3.2356441020965576,2.9404070377349854,0.6666666865348816,1.0,1.0
45,2,-2.8568429946899414,4.1721086502075195,0.5,1.0,1.0
45,3,-6.415562152862549,2.5005452632904053,0.7142857313156128,1.0,1.0
45,4,-5.348670959472656,14.50270938873291,0.5,0.5,1.0
45,5,-14.449459075927734,123.53028869628906,0.3333333432674408,0.6666666865348816,0.6666666865348816
45,6,-5.1656389236450195,1.6762579679489136,0.800000011920929,1.0,1.0
45,7,-16.048681259155273,55.26668930053711,0.25,0.5,1.0
45,8,-10.081037521362305,28.799150466918945,0.6666666865348816,0.6666666865348816,0.6666666865348816
45,9,-9.05886173248291,92.70578002929688,0.5,0.5,0.5
45,10,-1.3152179718017578,3.7255630493164062,1.0,1.0,1.0
45,11,-6.255185604095459,520.7059936523438,0.0,0.0,1.0
45,12,-8.34393310546875,8.052505493164062,0.5,0.75,1.0
45,13,-15.523965835571289,22.304601669311523,0.6000000238418579,0.800000011920929,0.800000011920929
45,14,-3.3608360290527344,3.065708637237549,0.6666666865348816,1.0,1.0
45,15,-18.31962013244629,448.7833251953125,0.0,0.3333333432674408,0.6666666865348816
45,16,-13.605052947998047,30.00197410583496,0.5,0.5,1.0
45,17,-27.048336029052734,8234.701171875,0.0,0.0,0.3333333432674408
45,18,-5.305635452270508,201.468994140625,0.0,0.0,1.0
45,19,-10.260619163513184,169.06944274902344,0.0,0.0,1.0
45,20,-25.263389587402344,553.2706909179688,0.25,0.25,0.5
45,21,-3.4866676330566406,5.716369152069092,1.0,1.0,1.0
45,22,-18.42102813720703,100.00868225097656,0.25,0.5,0.75
45,23,-15.420782089233398,21.849029541015625,0.6000000238418579,0.6000000238418579,1.0
45,24,-4.630162239074707,10.125744819641113,0.5,1.0,1.0
45,25,-9.434228897094727,23.213708877563477,0.3333333432674408,0.6666666865348816,1.0
45,26,-5.24183464050293,5.738961696624756,0.3333333432674408,1.0,1.0
45,27,-7.304636478424072,11.414436340332031,0.6666666865348816,0.6666666865348816,0.6666666865348816
45,28,-11.908422470092773,52.95667266845703,0.3333333432674408,0.6666666865348816,0.6666666865348816
45,29,-4.7856926918029785,119.78430938720703,0.0,0.0,1.0
45,30,-10.679208755493164,14.437112808227539,0.75,0.75,0.75
45,31,-17.58202362060547,81.08563995361328,0.25,0.75,0.75
45,32,-1.9781360626220703,7.229255676269531,0.0,1.0,1.0
45,33,-5.056160926818848,12.52943229675293,0.0,1.0,1.0
45,34,-8.534379959106445,17.1980037689209,0.3333333432674408,0.6666666865348816,1.0
45,35,-12.909786224365234,25.215190887451172,0.5,0.5,0.75
45,36,-12.584031105041504,540.2411499023438,0.0,0.0,0.5
45,37,-6.731687068939209,28.957914352416992,0.5,0.5,1.0
45,38,-9.2163667678833,100.30177307128906,0.0,0.5,1.0
45,39,-3.5863988399505615,6.008646011352539,0.5,1.0,1.0
45,40,-17.514820098876953,343.18634033203125,0.3333333432674408,0.6666666865348816,0.6666666865348816
45,41,-15.14138412475586,12.47297191619873,0.5,0.6666666865348816,1.0
45,42,-5.814915657043457,6.946968078613281,0.6666666865348816,0.6666666865348816,1.0
45,43,-6.653268814086914,3.7835161685943604,0.6000000238418579,1.0,1.0
46,0,-2.003922939300537,1.4929956197738647,0.800000011920929,1.0,1.0
46,1,-3.245042562484741,2.9496335983276367,0.6666666865348816,1.0,1.0
46,2,-2.883090019226074,4.227221965789795,0.5,1.0,1.0
46,3,-6.378233432769775,2.48724627494812,0.7142857313156128,1.0,1.0
46,4,-5.330240726470947,14.36967945098877,0.5,0.5,1.0
46,5,-14.502214431762695,125.72181701660156,0.3333333432674408,0.6666666865348816,0.6666666865348816
46,6,-5.113914489746094,1.6676099300384521,0.800000011920929,1.0,1.0
46,7,-16.00064468383789,54.60694885253906,0.25,0.5,1.0
46,8,-10.257919311523438,30.5482234954834,0.6666666865348816,0.6666666865348816,0.6666666865348816
46,9,-9.033595085144043,91.5419692993164,0.5,0.5,0.5
46,10,-1.287225604057312,3.6227216720581055,1.0,1.0,1.0
46,11,-6.233370304107666,509.46966552734375,0.0,0.0,1.0
46,12,-8.24515438079834,7.856086254119873,0.5,0.75,1.0
46,13,-15.619512557983398,22.73493194580078,0.6000000238418579,0.800000011920929,0.800000011920929
46,14,-3.3416104316711426,3.0461244583129883,0.6666666865348816,1.0,1.0
46,15,-18.366268157958984,455.8160705566406,0.0,0.3333333432674408,0.6666666865348816
46,16,-13.632997512817383,30.21230697631836,0.5,0.5,1.0
46,17,-26.721721649169922,7385.255859375,0.0,0.0,0.3333333432674408
46,18,-5.250749588012695,190.70916748046875,0.0,0.0,1.0
46,19,-10.318111419677734,174.0000762939453,0.0,0.0,1.0
46,20,-25.26730728149414,553.8128662109375,0.25,0.25,0.5
46,21,-3.502906322479248,5.7629714012146,0.5,1.0,1.0
46,22,-18.286109924316406,96.69168853759766,0.25,0.5,0.75
46,23,-14.497479438781738,18.16498374938965,0.6000000238418579,0.6000000238418579,1.0
46,24,-4.646697044372559,10.209805488586426,0.5,1.0,1.0
46,25,-9.590248107910156,24.45291519165039,0.3333333432674408,0.6666666865348816,1.0
46,26,-5.275509834289551,5.803744316101074,0.3333333432674408,1.0,1.0
46,27,-7.332540035247803,11.521099090576172,0.6666666865348816,0.6666666865348816,0.6666666865348816
46,28,-11.841676712036133,51.791473388671875,0.3333333432674408,0.6666666865348816,0.6666666865348816
46,29,-4.810033798217773,122.73576354980469,0.0,0.0,1.0
46,30,-10.709817886352539,14.548014640808105,0.75,0.75,0.75
46,31,-17.22667694091797,74.19296264648438,0.25,0.75,0.75
46,32,-1.9499738216400146,7.02850341796875,0.0,1.0,1.0
46,33,-4.984231472015381,12.086821556091309,0.0,1.0,1.0
46,34,-8.544083595275879,17.25372314453125,0.3333333432674408,0.6666666865348816,1.0
46,35,-12.841390609741211,24.787702560424805,0.5,0.5,0.75
46,36,-12.553443908691406,532.041748046875,0.0,0.0,0.5
46,37,-6.6546101570129395,27.86315155029297,0.5,0.5,1.0
46,38,-9.215507507324219,100.2586898803711,0.0,0.5,1.0
46,39,-3.5862762928009033,6.008277893066406,0.5,1.0,1.0
46,40,-17.518815994262695,343.6437072753906,0.3333333432674408,0.6666666865348816,0.6666666865348816
46,41,-15.123945236206055,12.436771392822266,0.5,0.6666666865348816,1.0
46,42,-5.740273952484131,6.776255130767822,0.6666666865348816,0.6666666865348816,1.0
46,43,-6.660398483276367,3.788914680480957,0.6000000238418579,1.0,1.0
47,0,-1.9977853298187256,1.491163969039917,0.800000011920929,1.0,1.0
47,1,-3.210237503051758,2.9156105518341064,0.6666666865348816,1.0,1.0
47,2,-2.8800177574157715,4.220733642578125,0.5,1.0,1.0
47,3,-6.421740531921387,2.502753496170044,0.7142857313156128,1.0,1.0
47,4,-5.3682861328125,14.645646095275879,0.5,0.5,1.0
47,5,-14.517507553100586,126.36431121826172,0.3333333432674408,0.6666666865348816,0.6666666865348816
47,6,-5.114424705505371,1.6676950454711914,0.800000011920929,1.0,1.0
47,7,-15.952795028686523,53.957611083984375,0.25,0.5,1.0
47,8,-10.129585266113281,29.26898765563965,0.6666666865348816,0.6666666865348816,0.6666666865348816
47,9,-9.033519744873047,91.53852081298828,0.5,0.5,0.5
47,10,-1.2961708307266235,3.655273199081421,1.0,1.0,1.0
47,11,-6.31382942199707,552.1553344726562,0.0,0.0,1.0
47,12,-8.23449420928955,7.835177421569824,0.5,0.75,1.0
47,13,-15.664917945861816,22.942331314086914,0.6000000238418579,0.800000011920929,0.800000011920929
47,14,-3.365816593170166,3.0708022117614746,0.6666666865348816,1.0,1.0
47,15,-18.37173843383789,456.64801025390625,0.0,0.3333333432674408,0.6666666865348816
47,16,-13.617213249206543,30.09332275390625,0.5,0.5,1.0
47,17,-26.759361267089844,7478.49951171875,0.0,0.0,0.3333333432674408
47,18,-5.284162521362305,197.18896484375,0.0,0.0,1.0
47,19,-10.310419082641602,173.33212280273438,0.0,0.0,1.0
47,20,-25.35551643371582,566.1613159179688,0.25,0.25,0.5
47,21,-3.4662957191467285,5.658437728881836,1.0,1.0,1.0
47,22,-18.198854446411133,94.60530853271484,0.25,0.5,0.75
47,23,-14.650439262390137,18.72927474975586,0.6000000238418579,0.6000000238418579,1.0
47,24,-4.595372676849365,9.951131820678711,0.5,1.0,1.0
47,25,-9.411723136901855,23.04021453857422,0.3333333432674408,0.6666666865348816,1.0
47,26,-5.278745174407959,5.810006618499756,0.3333333432674408,1.0,1.0
47,27,-7.318780422210693,11.468379020690918,0.6666666865348816,0.6666666865348816,0.6666666865348816
47,28,-11.870428085327148,52.29021453857422,0.3333333432674408,0.6666666865348816,0.6666666865348816
47,29,-4.749762535095215,115.55683898925781,0.0,0.0,1.0
47,30,-10.70022964477539,14.513182640075684,0.75,0.75,0.75
47,31,-17.200458526611328,73.70824432373047,0.25,0.75,0.75
47,32,-1.9284839630126953,6.879073619842529,0.0,1.0,1.0
47,33,-5.019927978515625,12.304487228393555,0.0,1.0,1.0
47,34,-8.554563522338867,17.314102172851562,0.3333333432674408,0.6666666865348816,1.0
47,35,-12.96843147277832,25.587600708007812,0.5,0.5,0.75
47,36,-12.558708190917969,533.4439697265625,0.0,0.0,0.5
47,37,-6.609584331512451,27.242877960205078,0.5,0.5,1.0
47,38,-9.207365036010742,99.8513412475586,0.0,0.5,1.0
47,39,-3.602898597717285,6.058421611785889,0.5,1.0,1.0
47,40,-17.549755096435547,347.2060241699219,0.3333333432674408,0.6666666865348816,0.6666666865348816
47,41,-15.13808536529541,12.466117858886719,0.5,0.6666666865348816,1.0
47,42,-5.729736328125,6.752495288848877,0.6666666865348816,0.6666666865348816,1.0
47,43,-6.642038345336914,3.7750275135040283,0.6000000238418579,1.0,1.0
48,0,-1.9566895961761475,1.478958249092102,0.800000011920929,1.0,1.0
48,1,-3.2363486289978027,2.9410979747772217,0.6666666865348816,1.0,1.0
48,2,-2.876077175140381,4.212425708770752,0.5,1.0,1.0
48,3,-6.341520309448242,2.4742355346679688,0.7142857313156128,1.0,1.0
48,4,-5.356534004211426,14.559839248657227,0.5,0.5,1.0
48,5,-14.525110244750977,126.68496704101562,0.3333333432674408,0.6666666865348816,0.6666666865348816
48,6,-5.127627372741699,1.669898271560669,0.800000011920929,1.0,1.0
48,7,-15.87289810180664,52.890541076660156,0.25,0.5,1.0
48,8,-10.121463775634766,29.189857482910156,0.6666666865348816,0.6666666865348816,0.6666666865348816
48,9,-9.057713508605957,92.65257263183594,0.5,0.5,0.5
48,10,-1.3195953369140625,3.7419066429138184,1.0,1.0,1.0
48,11,-6.314377307891846,552.4579467773438,0.0,0.0,1.0
48,12,-8.177007675170898,7.723379135131836,0.5,0.75,1.0
48,13,-15.706045150756836,23.131820678710938,0.6000000238418579,0.800000011920929,0.800000011920929
48,14,-3.266162872314453,2.9704720973968506,0.6666666865348816,1.0,1.0
48,15,-18.37632942199707,457.3472595214844,0.0,0.3333333432674408,0.6666666865348816
48,16,-13.673513412475586,30.519882202148438,0.5,0.5,1.0
48,17,-26.83245849609375,7662.95361328125,0.0,0.0,0.3333333432674408
48,18,-5.308626651763916,202.07252502441406,0.0,0.0,1.0
48,19,-10.254404067993164,168.5448760986328,0.0,0.0,1.0
48,20,-25.326396942138672,562.0547485351562,0.25,0.25,0.5
48,21,-3.4568941593170166,5.631901264190674,1.0,1.0,1.0
48,22,-18.28218650817871,96.59689331054688,0.25,0.5,0.75
48,23,-14.8167085647583,19.362567901611328,0.6000000238418579,0.6000000238418579,1.0
48,24,-4.637548446655273,10.1632080078125,0.5,1.0,1.0
48,25,-9.447967529296875,23.320261001586914,0.3333333432674408,0.6666666865348816,1.0
48,26,-5.335389137268066,5.920749664306641,0.3333333432674408,1.0,1.0
48,27,-7.357570171356201,11.617626190185547,0.6666666865348816,0.6666666865348816,0.6666666865348816
48,28,-11.760459899902344,50.40817642211914,0.3333333432674408,0.6666666865348816,0.6666666865348816
48,29,-4.75423002243042,116.07424926757812,0.0,0.0,1.0
48,30,-10.673269271850586,14.415691375732422,0.75,0.75,0.75
48,31,-17.208784103393555,73.86181640625,0.25,0.75,0.75
48,32,-1.9598792791366577,7.098470211029053,0.0,1.0,1.0
48,33,-4.993516445159912,12.143064498901367,0.0,1.0,1.0
48,34,-8.634806632995605,17.783462524414062,0.3333333432674408,0.6666666865348816,1.0
48,35,-12.878345489501953,25.01776885986328,0.5,0.5,0.75
48,36,-12.552284240722656,531.7333374023438,0.0,0.0,0.5
48,37,-6.6557207107543945,27.87862777709961,0.5,0.5,1.0
48,38,-9.212182998657227,100.09217071533203,0.0,0.5,1.0
48,39,-3.609750747680664,6.079213619232178,0.5,1.0,1.0
48,40,-17.54012680053711,346.09344482421875,0.3333333432674408,0.6666666865348816,0.6666666865348816
48,41,-15.089363098144531,12.36529541015625,0.5,0.6666666865348816,1.0
48,42,-5.749486923217773,6.797097682952881,0.6666666865348816,0.6666666865348816,1.0
48,43,-6.67916202545166,3.8031599521636963,0.6000000238418579,1.0,1.0
49,0,-1.9176995754241943,1.4674701690673828,0.800000011920929,1.0,1.0
49,1,-3.277111291885376,2.981332540512085,0.6666666865348816,1.0,1.0
49,2,-2.850327968597412,4.158539772033691,0.5,1.0,1.0
49,3,-6.3301849365234375,2.4702322483062744,0.7142857313156128,1.0,1.0
49,4,-5.412853240966797,14.975666046142578,0.5,0.5,1.0
49,5,-14.441401481628418,123.19893646240234,0.3333333432674408,0.6666666865348816,0.6666666865348816
49,6,-5.162634372711182,1.675754427909851,0.800000011920929,1.0,1.0
49,7,-15.997293472290039,54.561222076416016,0.25,0.5,1.0
49,8,-10.103185653686523,29.012548446655273,0.6666666865348816,0.6666666865348816,0.6666666865348816
49,9,-9.111568450927734,95.1813735961914,0.5,0.5,0.5
49,10,-1.3046362400054932,3.686347723007202,1.0,1.0,1.0
49,11,-6.353588581085205,574.5508422851562,0.0,0.0,1.0
49,12,-8.21709156036377,7.801163673400879,0.5,0.75,1.0
49,13,-15.608135223388672,22.683258056640625,0.6000000238418579,0.800000011920929,0.800000011920929
49,14,-3.260965585708618,2.9653306007385254,0.6666666865348816,1.0,1.0
49,15,-18.445947647094727,468.0846862792969,0.0,0.3333333432674408,0.6666666865348816
49,16,-13.608116149902344,30.024959564208984,0.5,0.5,1.0
49,17,-26.989076614379883,8073.63330078125,0.0,0.0,0.3333333432674408
49,18,-5.38062858581543,217.1587371826172,0.0,0.0,1.0
49,19,-10.257650375366211,168.8186798095703,0.0,0.0,1.0
49,20,-25.448623657226562,579.4943237304688,0.25,0.25,0.5
49,21,-3.4690890312194824,5.666346549987793,1.0,1.0,1.0
49,22,-18.531713485717773,102.81470489501953,0.25,0.5,0.75
49,23,-15.475828170776367,22.090898513793945,0.6000000238418579,0.6000000238418579,1.0
49,24,-4.65190315246582,10.236416816711426,0.5,1.0,1.0
49,25,-9.237525939941406,21.740463256835938,0.3333333432674408,0.6666666865348816,1.0
49,26,-5.2867350578308105,5.825501441955566,0.3333333432674408,1.0,1.0
49,27,-7.354446887969971,11.605537414550781,0.6666666865348816,0.6666666865348816,0.6666666865348816
49,28,-11.826494216918945,51.530025482177734,0.3333333432674408,0.6666666865348816,0.6666666865348816
49,29,-4.694829940795898,109.38021087646484,0.0,0.0,1.0
49,30,-10.685464859008789,14.459710121154785,0.75,0.75,0.75
49,31,-17.263874053955078,74.88611602783203,0.25,0.75,0.75
49,32,-1.9815936088562012,7.254293918609619,0.0,1.0,1.0
49,33,-5.071941375732422,12.628683090209961,0.0,1.0,1.0
49,34,-8.63314437866211,17.77361297607422,0.3333333432674408,0.6666666865348816,1.0
49,35,-12.985596656799316,25.697641372680664,0.5,0.5,0.75
49,36,-12.618876457214355,549.7360229492188,0.0,0.0,0.5
49,37,-6.639459609985352,27.652877807617188,0.5,0.5,1.0
49,38,-9.290777206420898,104.10382080078125,0.0,0.5,0.5
49,39,-3.6058554649353027,6.067385196685791,0.5,1.0,1.0
49,40,-17.528060913085938,344.7043762207031,0.3333333432674408,0.6666666865348816,0.6666666865348816
49,41,-15.167502403259277,12.527386665344238,0.5,0.6666666865348816,1.0
49,42,-5.820074081420898,6.95892333984375,0.6666666865348816,0.6666666865348816,1.0
49,43,-6.6653594970703125,3.7926762104034424,0.6000000238418579,1.0,1.0
50,0,-1.9020910263061523,1.4628962278366089,0.800000011920929,1.0,1.0
50,1,-3.233227014541626,2.9380388259887695,0.6666666865348816,1.0,1.0
50,2,-2.799772024154663,4.054737567901611,0.5,1.0,1.0
50,3,-6.322443962097168,2.4675021171569824,0.7142857313156128,1.0,1.0
50,4,-5.504116535186768,15.674861907958984,0.5,0.5,1.0
50,5,-14.452056884765625,123.6373062133789,0.3333333432674408,0.6666666865348816,0.6666666865348816
50,6,-5.1474528312683105,1.6732122898101807,0.800000011920929,1.0,1.0
50,7,-16.064132690429688,55.480587005615234,0.25,0.5,1.0
50,8,-10.11784553527832,29.15467071533203,0.6666666865348816,0.6666666865348816,0.6666666865348816
50,9,-9.128743171691895,96.00224304199219,0.5,0.5,0.5
50,10,-1.314237356185913,3.7219114303588867,1.0,1.0,1.0
50,11,-6.367793083190918,582.770263671875,0.0,0.0,1.0
50,12,-8.280208587646484,7.925236701965332,0.5,0.75,1.0
50,13,-15.437530517578125,21.92233657836914,0.800000011920929,0.800000011920929,0.800000011920929
50,14,-3.215907096862793,2.921125650405884,0.6666666865348816,1.0,1.0
50,15,-18.334579467773438,451.02667236328125,0.0,0.3333333432674408,0.6666666865348816
50,16,-13.69110107421875,30.65437126159668,0.5,0.5,1.0
50,17,-27.13020133972168,8462.5068359375,0.0,0.0,0.3333333432674408
50,18,-5.3262763023376465,205.6707000732422,0.0,0.0,1.0
50,19,-10.230981826782227,166.58253479003906,0.0,0.0,1.0
50,20,-25.61385726928711,603.9336547851562,0.25,0.25,0.5
50,21,-3.436490535736084,5.574737548828125,1.0,1.0,1.0
50,22,-18.647476196289062,105.83370971679688,0.25,0.5,0.75
50,23,-15.957098007202148,24.32293128967285,0.6000000238418579,0.6000000238418579,0.800000011920929
50,24,-4.670132637023926,10.330145835876465,0.5,1.0,1.0
50,25,-9.40099811553955,22.957992553710938,0.3333333432674408,0.6666666865348816,1.0
50,26,-5.233773231506348,5.723560810089111,0.3333333432674408,1.0,1.0
50,27,-7.336963176727295,11.538098335266113,0.6666666865348816,0.6666666865348816,1.0
50,28,-11.816081047058105,51.35148239135742,0.3333333432674408,0.6666666865348816,0.6666666865348816
50,29,-4.6775970458984375,107.51142120361328,0.0,0.0,1.0
50,30,-10.655120849609375,14.350434303283691,0.75,0.75,0.75
50,31,-17.45052719116211,78.46336364746094,0.25,0.75,0.75
50,32,-1.96177077293396,7.11190938949585,0.0,1.0,1.0
50,33,-4.9628729820251465,11.958430290222168,0.0,1.0,1.0
50,34,-8.730484962463379,18.35976791381836,0.3333333432674408,0.6666666865348816,1.0
50,35,-12.932395935058594,25.35811996459961,0.5,0.5,0.75
50,36,-12.652168273925781,558.9635009765625,0.0,0.0,0.5
50,37,-6.684079170227051,28.27674102783203,0.5,0.5,1.0
50,38,-9.251656532287598,102.08729553222656,0.0,0.5,0.5
50,39,-3.6172866821289062,6.102163314819336,0.5,1.0,1.0
50,40,-17.527114868164062,344.5955810546875,0.3333333432674408,0.6666666865348816,0.6666666865348816
50,41,-15.217172622680664,12.631523132324219,0.5,0.6666666865348816,1.0
50,42,-5.8752899169921875,7.088189601898193,0.6666666865348816,0.6666666865348816,1.0
50,43,-6.666271686553955,3.793368101119995,0.6000000238418579,1.0,1.0
51,0,-1.8133624792099,1.4371651411056519,0.800000011920929,1.0,1.0
51,1,-3.2653682231903076,2.9696855545043945,0.6666666865348816,1.0,1.0
51,2,-2.8088583946228027,4.0732011795043945,0.5,1.0,1.0
51,3,-6.5418195724487305,2.5460562705993652,0.7142857313156128,1.0,1.0
51,4,-5.620279788970947,16.612241744995117,0.5,0.5,1.0
51,5,-14.506152153015137,125.88690185546875,0.3333333432674408,0.6666666865348816,0.6666666865348816
51,6,-5.185009002685547,1.6795079708099365,0.800000011920929,1.0,1.0
51,7,-16.217647552490234,57.651248931884766,0.25,0.5,1.0
51,8,-9.971029281616211,27.762226104736328,0.6666666865348816,0.6666666865348816,0.6666666865348816
51,9,-9.23464584350586,101.22269439697266,0.5,0.5,0.5
51,10,-1.3518812656402588,3.8646891117095947,1.0,1.0,1.0
51,11,-6.329385280609131,560.8117065429688,0.0,0.0,1.0
51,12,-8.320975303649902,8.006421089172363,0.5,0.75,1.0
51,13,-15.416826248168945,21.83174705505371,0.800000011920929,0.800000011920929,0.800000011920929
51,14,-3.130733013153076,2.8393571376800537,0.6666666865348816,1.0,1.0
51,15,-18.335235595703125,451.1253967285156,0.0,0.3333333432674408,0.6666666865348816
51,16,-13.700565338134766,30.726987838745117,0.5,0.5,1.0
51,17,-27.503904342651367,9585.125,0.0,0.0,0.3333333432674408
51,18,-5.400633811950684,221.54678344726562,0.0,0.0,1.0
51,19,-10.18361759185791,162.68385314941406,0.0,0.0,1.0
51,20,-25.760883331298828,626.545166015625,0.25,0.25,0.5
51,21,-3.38179349899292,5.424342632293701,0.5,1.0,1.0
51,22,-18.989696502685547,115.28693389892578,0.0,0.5,0.75
51,23,-16.886463165283203,29.29136085510254,0.6000000238418579,0.6000000238418579,0.800000011920929
51,24,-4.660841941833496,10.282269477844238,0.5,1.0,1.0
51,25,-9.253179550170898,21.854204177856445,0.3333333432674408,0.6666666865348816,1.0
51,26,-5.108606815338135,5.489674091339111,0.3333333432674408,1.0,1.0
51,27,-7.317285537719727,11.462665557861328,0.6666666865348816,0.6666666865348816,1.0
51,28,-11.718128204345703,49.701881408691406,0.3333333432674408,0.6666666865348816,0.6666666865348816
51,29,-4.61985445022583,101.47926330566406,0.0,1.0,1.0
51,30,-10.74941635131836,14.6927490234375,0.75,0.75,0.75
51,31,-17.806629180908203,85.76897430419922,0.25,0.75,0.75
51,32,-1.9059778451919556,6.72598123550415,0.0,1.0,1.0
51,33,-4.943723201751709,11.844475746154785,0.0,1.0,1.0
51,34,-8.81865119934082,18.907344818115234,0.3333333432674408,0.6666666865348816,1.0
51,35,-13.168843269348145,26.902273178100586,0.5,0.5,0.75
51,36,-12.739940643310547,584.0404663085938,0.0,0.0,0.5
51,37,-6.700586795806885,28.511098861694336,0.5,0.5,1.0
51,38,-9.283016204833984,103.70062255859375,0.0,0.5,1.0
51,39,-3.60953688621521,6.078563690185547,0.5,1.0,1.0
51,40,-17.535600662231445,345.5716857910156,0.3333333432674408,0.6666666865348816,0.6666666865348816
51,41,-15.32089614868164,12.851785659790039,0.5,0.6666666865348816,1.0
51,42,-5.971952438354492,7.320296287536621,0.6666666865348816,0.6666666865348816,1.0
51,43,-6.534599304199219,3.6947755813598633,0.6000000238418579,1.0,1.0
52,0,-1.771310567855835,1.425128698348999,0.800000011920929,1.0,1.0
52,1,-3.1982319355010986,2.903965711593628,0.6666666865348816,1.0,1.0
52,2,-2.8079183101654053,4.071286678314209,0.5,1.0,1.0
52,3,-6.77132511138916,2.6309163570404053,0.7142857313156128,1.0,1.0
52,4,-5.790027618408203,18.083751678466797,0.5,0.5,1.0
52,5,-14.5657958984375,128.41473388671875,0.3333333432674408,0.6666666865348816,0.6666666865348816
52,6,-5.184787750244141,1.6794707775115967,0.800000011920929,1.0,1.0
52,7,-16.43381690979004,60.852577209472656,0.25,0.5,1.0
52,8,-9.944900512695312,27.521484375,0.6666666865348816,0.6666666865348816,0.6666666865348816
52,9,-9.32567310333252,105.93614959716797,0.5,0.5,0.5
52,10,-1.3771270513534546,3.96349835395813,1.0,1.0,1.0
52,11,-6.376748085021973,588.012451171875,0.0,0.0,1.0
52,12,-8.397648811340332,8.161372184753418,0.5,0.75,1.0
52,13,-15.08758544921875,20.44047737121582,0.800000011920929,0.800000011920929,0.800000011920929
52,14,-3.0820746421813965,2.793675661087036,0.6666666865348816,1.0,1.0
52,15,-18.349834442138672,453.32598876953125,0.0,0.3333333432674408,0.6666666865348816
52,16,-13.819759368896484,31.65638542175293,0.5,0.5,1.0
52,17,-27.86151695251465,10798.6064453125,0.0,0.0,0.3333333432674408
52,18,-5.493710041046143,243.15765380859375,0.0,0.0,1.0
52,19,-10.145012855529785,159.57379150390625,0.0,0.0,1.0
52,20,-26.001075744628906,665.320556640625,0.25,0.25,0.5
52,21,-3.3157925605773926,5.248258113861084,0.5,1.0,1.0
52,22,-19.347009658813477,126.05929565429688,0.0,0.5,0.75
52,23,-17.54097557067871,33.38795471191406,0.6000000238418579,0.6000000238418579,0.800000011920929
52,24,-4.733184814453125,10.661002159118652,0.5,1.0,1.0
52,25,-9.254155158996582,21.861310958862305,0.3333333432674408,0.6666666865348816,1.0
52,26,-5.080933094024658,5.439267158508301,0.3333333432674408,1.0,1.0
52,27,-7.391683578491211,11.750486373901367,0.6666666865348816,0.6666666865348816,1.0
52,28,-11.886248588562012,52.56669998168945,0.3333333432674408,0.6666666865348816,0.6666666865348816
52,29,-4.611010551452637,100.58574676513672,0.0,1.0,1.0
52,30,-10.72726058959961,14.611592292785645,0.75,0.75,0.75
52,31,-18.040077209472656,90.92356872558594,0.25,0.75,0.75
52,32,-1.9419926404953003,6.972630977630615,0.0,1.0,1.0
52,33,-4.924629211425781,11.731934547424316,0.0,1.0,1.0
52,34,-8.887683868408203,19.347463607788086,0.3333333432674408,0.6666666865348816,1.0
52,35,-13.144773483276367,26.74087905883789,0.5,0.5,0.75
52,36,-12.88531494140625,628.0736694335938,0.0,0.0,0.5
52,37,-6.687995910644531,28.332170486450195,0.5,0.5,1.0
52,38,-9.367020606994629,108.14904022216797,0.0,0.5,0.5
52,39,-3.620913028717041,6.1132378578186035,0.5,1.0,1.0
52,40,-17.654281616210938,359.5166015625,0.3333333432674408,0.6666666865348816,0.6666666865348816
52,41,-15.40495491027832,13.033102989196777,0.5,0.6666666865348816,1.0
52,42,-6.091336727142334,7.6174798011779785,0.6666666865348816,0.6666666865348816,1.0
52,43,-6.543967247009277,3.701704502105713,0.6000000238418579,1.0,1.0
53,0,-1.7623014450073242,1.4225631952285767,0.800000011920929,1.0,1.0
53,1,-3.2676191329956055,2.971914529800415,0.6666666865348816,1.0,1.0
53,2,-2.7700486183166504,3.9949228763580322,0.5,1.0,1.0
53,3,-6.758495330810547,2.6260986328125,0.7142857313156128,1.0,1.0
53,4,-5.803275108337402,18.20393180847168,0.5,0.5,1.0
53,5,-14.556199073791504,128.004638671875,0.3333333432674408,0.6666666865348816,0.6666666865348816
53,6,-5.178088188171387,1.678346037864685,0.800000011920929,1.0,1.0
53,7,-16.40795135498047,60.46035385131836,0.25,0.5,1.0
53,8,-9.926976203918457,27.3575382232666,0.6666666865348816,0.6666666865348816,0.6666666865348816
53,9,-9.388603210449219,109.32243347167969,0.5,0.5,0.5
53,10,-1.3803929090499878,3.976463556289673,1.0,1.0,1.0
53,11,-6.452773094177246,634.4592895507812,0.0,0.0,1.0
53,12,-8.394438743591309,8.154824256896973,0.5,0.75,1.0
53,13,-15.072017669677734,20.376934051513672,0.800000011920929,0.800000011920929,0.800000011920929
53,14,-3.085322380065918,2.7967019081115723,0.6666666865348816,1.0,1.0
53,15,-18.380897521972656,458.0443420410156,0.0,0.3333333432674408,0.6666666865348816
53,16,-13.707677841186523,30.78167152404785,0.5,0.5,1.0
53,17,-27.80362892150879,10592.236328125,0.0,0.0,0.3333333432674408
53,18,-5.491205215454102,242.5493621826172,0.0,0.0,1.0
53,19,-10.043012619018555,151.63954162597656,0.0,0.0,1.0
53,20,-25.950586318969727,656.9754028320312,0.25,0.25,0.5
53,21,-3.349257469177246,5.336813449859619,0.5,1.0,1.0
53,22,-19.551836013793945,132.68247985839844,0.0,0.5,0.75
53,23,-17.66571617126465,34.23139572143555,0.6000000238418579,0.6000000238418579,0.800000011920929
53,24,-4.700473308563232,10.488051414489746,0.5,1.0,1.0
53,25,-9.134869575500488,21.00911521911621,0.3333333432674408,0.6666666865348816,1.0
53,26,-5.185727596282959,5.632626056671143,0.3333333432674408,1.0,1.0
53,27,-7.412281036376953,11.831439971923828,0.6666666865348816,0.6666666865348816,0.6666666865348816
53,28,-11.80974006652832,51.24304962158203,0.3333333432674408,0.6666666865348816,0.6666666865348816
53,29,-4.616581916809082,101.14771270751953,0.0,1.0,1.0
53,30,-10.752351760864258,14.703535079956055,0.75,0.75,0.75
53,31,-18.165884017944336,93.82872009277344,0.25,0.75,0.75
53,32,-1.8869950771331787,6.599508285522461,0.0,1.0,1.0
53,33,-4.920131206512451,11.70557975769043,0.0,1.0,1.0
53,34,-8.90766429901123,19.476749420166016,0.3333333432674408,0.6666666865348816,1.0
53,35,-13.282381057739258,27.676820755004883,0.5,0.5,0.75
53,36,-12.839563369750977,613.8690795898438,0.0,0.0,0.5
53,37,-6.714996337890625,28.717256546020508,0.5,0.5,1.0
53,38,-9.37968921661377,108.83626556396484,0.0,0.5,0.5
53,39,-3.6427602767944336,6.180382251739502,0.5,1.0,1.0
53,40,-17.533252716064453,345.3013610839844,0.3333333432674408,0.6666666865348816,0.6666666865348816
53,41,-15.340614318847656,12.89409065246582,0.5,0.6666666865348816,1.0
53,42,-6.095545291900635,7.628173351287842,0.6666666865348816,0.6666666865348816,1.0
53,43,-6.570614814758301,3.7214853763580322,0.6000000238418579,1.0,1.0
54,0,-1.7433847188949585,1.4171912670135498,0.800000011920929,1.0,1.0
54,1,-3.218365430831909,2.92352032661438,0.6666666865348816,1.0,1.0
54,2,-2.8107190132141113,4.076992511749268,0.5,1.0,1.0
54,3,-6.836271286010742,2.655439615249634,0.7142857313156128,1.0,1.0
54,4,-5.827002048492432,18.421178817749023,0.5,0.5,1.0
54,5,-14.551108360290527,127.78760528564453,0.3333333432674408,0.6666666865348816,0.6666666865348816
54,6,-5.19492244720459,1.6811739206314087,0.800000011920929,1.0,1.0
54,7,-16.472700119018555,61.446998596191406,0.25,0.5,1.0
54,8,-9.983713150024414,27.879858016967773,0.6666666865348816,0.6666666865348816,0.6666666865348816
54,9,-9.422401428222656,111.18558502197266,0.5,0.5,0.5
54,10,-1.3920207023620605,4.022971153259277,1.0,1.0,1.0
54,11,-6.42625617980957,617.8564453125,0.0,0.0,1.0
54,12,-8.407747268676758,8.182002067565918,0.5,0.75,1.0
54,13,-15.140325546264648,20.6572265625,0.800000011920929,0.800000011920929,0.800000011920929
54,14,-3.121687173843384,2.830808401107788,0.6666666865348816,1.0,1.0
54,15,-18.376697540283203,457.4035339355469,0.0,0.3333333432674408,0.6666666865348816
54,16,-13.798773765563965,31.490737915039062,0.5,0.5,1.0
54,17,-27.878734588623047,10860.759765625,0.0,0.0,0.3333333432674408
54,18,-5.53266716003418,252.81732177734375,0.0,0.0,1.0
54,19,-10.024794578552246,150.2645263671875,0.0,0.0,1.0
54,20,-26.00902557373047,666.6441040039062,0.25,0.25,0.5
54,21,-3.32351016998291,5.26854944229126,0.5,1.0,1.0
54,22,-19.642662048339844,135.72972106933594,0.0,0.5,0.75
54,23,-17.898365020751953,35.861812591552734,0.6000000238418579,0.6000000238418579,0.800000011920929
54,24,-4.743376731872559,10.715468406677246,0.5,1.0,1.0
54,25,-9.212576866149902,21.560415267944336,0.3333333432674408,0.6666666865348816,1.0
54,26,-5.145053863525391,5.556775093078613,0.3333333432674408,1.0,1.0
54,27,-7.41062068939209,11.824894905090332,0.6666666865348816,0.6666666865348816,1.0
54,28,-11.711902618408203,49.59885025024414,0.3333333432674408,0.6666666865348816,0.6666666865348816
54,29,-4.557065010070801,95.30335235595703,0.0,1.0,1.0
54,30,-10.708240509033203,14.542277336120605,0.75,0.75,0.75
54,31,-18.232215881347656,95.39765167236328,0.25,0.75,0.75
54,32,-1.9045932292938232,6.7166748046875,0.0,1.0,1.0
54,33,-5.009119033813477,12.238167762756348,0.0,1.0,1.0
54,34,-8.903258323669434,19.448163986206055,0.3333333432674408,0.6666666865348816,1.0
54,35,-13.217032432556152,27.228334426879883,0.5,0.5,0.75
54,36,-12.786344528198242,597.749755859375,0.0,0.0,0.5
54,37,-6.698457717895508,28.480764389038086,0.5,0.5,1.0
54,38,-9.38906478881836,109.34767150878906,0.0,0.5,0.5
54,39,-3.6482784748077393,6.197458744049072,0.5,1.0,1.0
54,40,-17.48493194580078,339.78411865234375,0.3333333432674408,0.6666666865348816,0.6666666865348816
54,41,-15.366180419921875,12.949150085449219,0.5,0.6666666865348816,1.0
54,42,-6.1625213623046875,7.800389766693115,0.6666666865348816,0.6666666865348816,1.0
54,43,-6.594783782958984,3.7395179271698,0.6000000238418579,1.0,1.0
55,0,-1.7630523443222046,1.4227768182754517,0.800000011920929,1.0,1.0
55,1,-3.2266974449157715,2.9316513538360596,0.6666666865348816,1.0,1.0
55,2,-2.812248706817627,4.080111503601074,0.5,1.0,1.0
55,3,-6.762127876281738,2.6274616718292236,0.7142857313156128,1.0,1.0
55,4,-5.834300518035889,18.488525390625,0.5,0.5,1.0
55,5,-14.50184154510498,125.70616912841797,0.3333333432674408,0.6666666865348816,0.6666666865348816
55,6,-5.192736625671387,1.6808063983917236,0.800000011920929,1.0,1.0
55,7,-16.326778411865234,59.24578094482422,0.25,0.5,1.0
55,8,-9.930420875549316,27.38896942138672,0.6666666865348816,0.6666666865348816,0.6666666865348816
55,9,-9.414162635803223,110.72850799560547,0.5,0.5,0.5
55,10,-1.3753464221954346,3.956446886062622,1.0,1.0,1.0
55,11,-6.447473526000977,631.1057739257812,0.0,0.0,1.0
55,12,-8.394427299499512,8.154801368713379,0.5,0.75,1.0
55,13,-15.051252365112305,20.2924861907959,0.800000011920929,0.800000011920929,0.800000011920929
55,14,-3.026515007019043,2.742413282394409,0.6666666865348816,1.0,1.0
55,15,-18.372228622436523,456.7226867675781,0.0,0.3333333432674408,0.6666666865348816
55,16,-13.724896430969238,30.91446304321289,0.5,0.5,1.0
55,17,-27.901813507080078,10944.63671875,0.0,0.0,0.3333333432674408
55,18,-5.544644355773926,255.8635711669922,0.0,0.0,1.0
55,19,-10.037677764892578,151.235595703125,0.0,0.0,1.0
55,20,-25.968549728393555,659.9324340820312,0.25,0.25,0.5
55,21,-3.3851065635681152,5.433335781097412,0.5,1.0,1.0
55,22,-19.53473663330078,132.1165008544922,0.0,0.5,0.75
55,23,-17.547677993774414,33.4327392578125,0.6000000238418579,0.6000000238418579,0.800000011920929
55,24,-4.718443870544434,10.582714080810547,0.5,1.0,1.0
55,25,-9.301020622253418,22.205503463745117,0.3333333432674408,0.6666666865348816,1.0
55,26,-5.178718090057373,5.619481086730957,0.3333333432674408,1.0,1.0
55,27,-7.446286678314209,11.966313362121582,0.6666666865348816,0.6666666865348816,0.6666666865348816
55,28,-11.683991432189941,49.139530181884766,0.3333333432674408,0.6666666865348816,0.6666666865348816
55,29,-4.547598838806152,94.40545654296875,0.0,1.0,1.0
55,30,-10.686665534973145,14.464052200317383,0.75,0.75,0.75
55,31,-17.96245574951172,89.17617797851562,0.25,0.75,0.75
55,32,-1.8779395818710327,6.540015697479248,0.0,1.0,1.0
55,33,-4.992922306060791,12.139458656311035,0.0,1.0,1.0
55,34,-8.935359001159668,19.657381057739258,0.3333333432674408,0.6666666865348816,1.0
55,35,-13.282719612121582,27.67916488647461,0.5,0.5,0.75
55,36,-12.743727684020996,585.1473999023438,0.0,0.0,0.5
55,37,-6.722805976867676,28.82961082458496,0.5,0.5,1.0
55,38,-9.29281234741211,104.20980072021484,0.0,0.5,1.0
55,39,-3.6452462673187256,6.1880693435668945,0.5,1.0,1.0
55,40,-17.510608673095703,342.70489501953125,0.3333333432674408,0.6666666865348816,0.6666666865348816
55,41,-15.426209449768066,13.079353332519531,0.5,0.6666666865348816,1.0
55,42,-6.1950225830078125,7.885356903076172,0.6666666865348816,0.6666666865348816,1.0
55,43,-6.589851379394531,3.7358310222625732,0.6000000238418579,1.0,1.0
56,0,-1.7579818964004517,1.4213347434997559,0.800000011920929,1.0,1.0
56,1,-3.264547109603882,2.968872547149658,0.6666666865348816,1.0,1.0
56,2,-2.807854652404785,4.071157455444336,0.5,1.0,1.0
56,3,-6.667672634124756,2.5922460556030273,0.7142857313156128,1.0,1.0
56,4,-5.81742000579834,18.333133697509766,0.5,0.5,1.0
56,5,-14.552643775939941,127.85299682617188,0.3333333432674408,0.6666666865348816,0.6666666865348816
56,6,-5.13869571685791,1.6717476844787598,0.800000011920929,1.0,1.0
56,7,-16.288118362426758,58.67593002319336,0.25,0.5,1.0
56,8,-9.984745025634766,27.88944435119629,0.6666666865348816,0.6666666865348816,0.6666666865348816
56,9,-9.407735824584961,110.37326049804688,0.5,0.5,0.5
56,10,-1.3622287511825562,3.9048867225646973,1.0,1.0,1.0
56,11,-6.370658874511719,584.4428100585938,0.0,0.0,1.0
56,12,-8.267935752868652,7.900957107543945,0.5,1.0,1.0
56,13,-15.198657035827637,20.89963150024414,0.800000011920929,0.800000011920929,0.800000011920929
56,14,-3.0469141006469727,2.7611243724823,0.6666666865348816,1.0,1.0
56,15,-18.292083740234375,444.6827392578125,0.0,0.3333333432674408,0.6666666865348816
56,16,-13.711252212524414,30.809192657470703,0.5,0.5,1.0
56,17,-27.831615447998047,10691.5126953125,0.0,0.0,0.3333333432674408
56,18,-5.510737419128418,247.33346557617188,0.0,0.0,1.0
56,19,-10.122416496276855,157.78103637695312,0.0,0.0,1.0
56,20,-25.914926528930664,651.14453125,0.25,0.25,0.5
56,21,-3.333564043045044,5.295100688934326,0.5,1.0,1.0
56,22,-19.457189559936523,129.57986450195312,0.0,0.5,0.75
56,23,-17.434438705444336,32.68406677246094,0.6000000238418579,0.6000000238418579,0.800000011920929
56,24,-4.734439849853516,10.667694091796875,0.5,1.0,1.0
56,25,-9.146647453308105,21.091760635375977,0.3333333432674408,0.6666666865348816,1.0
56,26,-5.229166030883789,5.71477746963501,0.3333333432674408,1.0,1.0
56,27,-7.372551441192627,11.675786972045898,0.6666666865348816,0.6666666865348816,1.0
56,28,-11.629318237304688,48.252098083496094,0.3333333432674408,0.6666666865348816,0.6666666865348816
56,29,-4.568157196044922,96.36636352539062,0.0,1.0,1.0
56,30,-10.633904457092285,14.274520874023438,0.75,0.75,0.75
56,31,-18.03086280822754,90.71436309814453,0.25,0.75,0.75
56,32,-1.9657262563705444,7.140096187591553,0.0,1.0,1.0
56,33,-4.970680236816406,12.005203247070312,0.0,1.0,1.0
56,34,-8.928248405456543,19.6108455657959,0.3333333432674408,0.6666666865348816,1.0
56,35,-13.22797966003418,27.302953720092773,0.5,0.5,0.75
56,36,-12.779993057250977,595.8545532226562,0.0,0.0,0.5
56,37,-6.72139835357666,28.809326171875,0.5,0.5,1.0
56,38,-9.402534484863281,110.08659362792969,0.0,0.5,0.5
56,39,-3.629268169403076,6.138829708099365,0.5,1.0,1.0
56,40,-17.543916702270508,346.5310363769531,0.3333333432674408,0.6666666865348816,0.6666666865348816
56,41,-15.323335647583008,12.857011795043945,0.5,0.6666666865348816,1.0
56,42,-6.092886447906494,7.621416091918945,0.6666666865348816,0.6666666865348816,1.0
56,43,-6.585587024688721,3.7326464653015137,0.6000000238418579,1.0,1.0
57,0,-1.7576931715011597,1.421252727508545,0.800000011920929,1.0,1.0
57,1,-3.2528769969940186,2.957345962524414,0.6666666865348816,1.0,1.0
57,2,-2.8268492221832275,4.110006332397461,0.5,1.0,1.0
57,3,-6.502406120300293,2.5317611694335938,0.7142857313156128,1.0,1.0
57,4,-5.735523223876953,17.597583770751953,0.5,0.5,1.0
57,5,-14.581207275390625,129.07615661621094,0.3333333432674408,0.6666666865348816,0.6666666865348816
57,6,-5.130401611328125,1.6703616380691528,0.800000011920929,1.0,1.0
57,7,-16.117773056030273,56.22959899902344,0.25,0.5,1.0
57,8,-9.938519477844238,27.463003158569336,0.6666666865348816,0.6666666865348816,0.6666666865348816
57,9,-9.356871604919434,107.60163879394531,0.5,0.5,0.5
57,10,-1.3509280681610107,3.86100697517395,1.0,1.0,1.0
57,11,-6.466739654541016,643.3826904296875,0.0,0.0,1.0
57,12,-8.31384563446045,7.992162704467773,0.5,0.75,1.0
57,13,-15.302129745483398,21.336645126342773,0.800000011920929,0.800000011920929,0.800000011920929
57,14,-3.0472681522369385,2.7614502906799316,0.6666666865348816,1.0,1.0
57,15,-18.373241424560547,456.8769226074219,0.0,0.3333333432674408,0.6666666865348816
57,16,-13.730245590209961,30.95583152770996,0.5,0.5,1.0
57,17,-27.69412612915039,10212.5810546875,0.0,0.0,0.3333333432674408
57,18,-5.546425819396973,256.3197937011719,0.0,0.0,1.0
57,19,-10.097919464111328,155.86024475097656,0.0,0.0,1.0
57,20,-25.822988510131836,636.3489990234375,0.25,0.25,0.5
57,21,-3.3417446613311768,5.316803932189941,0.5,1.0,1.0
57,22,-19.30547523498535,124.75712585449219,0.0,0.5,0.75
57,23,-17.27918815612793,31.6848201751709,0.6000000238418579,0.6000000238418579,0.800000011920929
57,24,-4.709500789642334,10.53549861907959,0.5,1.0,1.0
57,25,-9.127264022827148,20.955923080444336,0.3333333432674408,0.6666666865348816,1.0
57,26,-5.240386009216309,5.7361907958984375,0.3333333432674408,1.0,1.0
57,27,-7.406433582305908,11.808401107788086,0.6666666865348816,0.6666666865348816,0.6666666865348816
57,28,-11.791837692260742,50.938167572021484,0.3333333432674408,0.6666666865348816,0.6666666865348816
57,29,-4.587808609008789,98.27882385253906,0.0,0.0,1.0
57,30,-10.746904373168945,14.683525085449219,0.75,0.75,0.75
57,31,-17.670541763305664,82.90003204345703,0.25,0.75,0.75
57,32,-1.8243744373321533,6.198915958404541,0.0,1.0,1.0
57,33,-4.989800453186035,12.120523452758789,0.0,1.0,1.0
57,34,-8.954973220825195,19.786325454711914,0.3333333432674408,0.6666666865348816,1.0
57,35,-13.254261016845703,27.48293685913086,0.5,0.5,0.75
57,36,-12.671723365783691,564.45556640625,0.0,0.0,0.5
57,37,-6.738180637359619,29.052085876464844,0.5,0.5,1.0
57,38,-9.424774169921875,111.31757354736328,0.0,0.5,0.5
57,39,-3.6411871910095215,6.175523281097412,0.5,1.0,1.0
57,40,-17.559690475463867,348.3577575683594,0.3333333432674408,0.6666666865348816,0.6666666865348816
57,41,-15.16661262512207,12.525527954101562,0.5,0.6666666865348816,1.0
57,42,-6.104493141174316,7.6509599685668945,0.6666666865348816,0.6666666865348816,1.0
57,43,-6.547082424163818,3.7040116786956787,0.6000000238418579,1.0,1.0
58,0,-1.786583423614502,1.4294885396957397,0.800000011920929,1.0,1.0
58,1,-3.249967098236084,2.954479217529297,0.6666666865348816,1.0,1.0
58,2,-2.828700542449951,4.1138129234313965,0.5,1.0,1.0
58,3,-6.4922075271606445,2.5280754566192627,0.7142857313156128,1.0,1.0
58,4,-5.774363994598389,17.942676544189453,0.5,0.5,1.0
58,5,-14.548181533813477,127.66297912597656,0.3333333432674408,0.6666666865348816,0.6666666865348816
58,6,-5.11977481842041,1.6685874462127686,0.800000011920929,1.0,1.0
58,7,-16.125457763671875,56.33772659301758,0.25,0.5,1.0
58,8,-10.010332107543945,28.128334045410156,0.6666666865348816,0.6666666865348816,0.6666666865348816
58,9,-9.344231605529785,106.92373657226562,0.5,0.5,0.5
58,10,-1.3151637315750122,3.725360631942749,1.0,1.0,1.0
58,11,-6.3658061027526855,581.6134643554688,0.0,0.0,1.0
58,12,-8.191351890563965,7.751124858856201,0.5,0.75,1.0
58,13,-15.283973693847656,21.259302139282227,0.800000011920929,0.800000011920929,0.800000011920929
58,14,-3.073134183883667,2.785362482070923,0.6666666865348816,1.0,1.0
58,15,-18.350345611572266,453.4031677246094,0.0,0.3333333432674408,0.6666666865348816
58,16,-13.76461124420166,31.222930908203125,0.5,0.5,1.0
58,17,-27.63446807861328,10011.5,0.0,0.0,0.3333333432674408
58,18,-5.481675148010254,240.2488250732422,0.0,0.0,1.0
58,19,-10.084330558776855,154.80484008789062,0.0,0.0,1.0
58,20,-25.782819747924805,629.9906005859375,0.25,0.25,0.5
58,21,-3.2959632873535156,5.196480751037598,0.5,1.0,1.0
58,22,-19.252222061157227,123.10720825195312,0.0,0.5,0.75
58,23,-16.97637367248535,29.82284164428711,0.6000000238418579,0.6000000238418579,0.800000011920929
58,24,-4.710541725158691,10.540983200073242,0.5,1.0,1.0
58,25,-9.156896591186523,21.1639404296875,0.3333333432674408,0.6666666865348816,1.0
58,26,-5.251518726348877,5.757517337799072,0.3333333432674408,1.0,1.0
58,27,-7.473326206207275,12.074655532836914,0.6666666865348816,0.6666666865348816,0.6666666865348816
58,28,-11.712353706359863,49.606300354003906,0.3333333432674408,0.6666666865348816,0.6666666865348816
58,29,-4.599245548248291,99.40929412841797,0.0,0.0,1.0
58,30,-10.64710807800293,14.321717262268066,0.75,0.75,0.75
58,31,-17.65616798400879,82.60267639160156,0.25,0.75,0.75
58,32,-1.8617863655090332,6.435222625732422,0.0,1.0,1.0
58,33,-4.928846836090088,11.756702423095703,0.0,1.0,1.0
58,34,-8.853002548217773,19.125085830688477,0.3333333432674408,0.6666666865348816,1.0
58,35,-13.217092514038086,27.228740692138672,0.5,0.5,0.75
58,36,-12.683874130249023,567.895263671875,0.0,0.0,0.5
58,37,-6.672274112701416,28.110328674316406,0.5,0.5,1.0
58,38,-9.439802169799805,112.15716552734375,0.0,0.5,0.5
58,39,-3.6510727405548096,6.206123352050781,0.5,1.0,1.0
58,40,-17.52165412902832,343.9689636230469,0.3333333432674408,0.6666666865348816,0.6666666865348816
58,41,-15.220993995666504,12.639569282531738,0.5,0.6666666865348816,1.0
58,42,-6.082977771759033,7.596283912658691,0.6666666865348816,0.6666666865348816,1.0
58,43,-6.563996315002441,3.716562509536743,0.6000000238418579,1.0,1.0
59,0,-1.7975624799728394,1.4326308965682983,0.800000011920929,1.0,1.0
59,1,-3.286364793777466,2.9905428886413574,0.6666666865348816,1.0,1.0
59,2,-2.800391435623169,4.055993556976318,0.5,1.0,1.0
59,3,-6.411294937133789,2.499021530151367,0.7142857313156128,1.0,1.0
59,4,-5.690314292907715,17.204261779785156,0.5,0.5,1.0
59,5,-14.576861381530762,128.88931274414062,0.3333333432674408,0.6666666865348816,0.6666666865348816
59,6,-5.113613605499268,1.6675598621368408,0.800000011920929,1.0,1.0
59,7,-16.133460998535156,56.450557708740234,0.25,0.5,1.0
59,8,-9.88319206237793,26.96116065979004,0.6666666865348816,0.6666666865348816,0.6666666865348816
59,9,-9.260656356811523,102.54771423339844,0.5,0.5,0.5
59,10,-1.3323041200637817,3.7897653579711914,1.0,1.0,1.0
59,11,-6.348649978637695,571.7203369140625,0.0,0.0,1.0
59,12,-8.141030311584473,7.654223918914795,0.5,1.0,1.0
59,13,-15.229263305664062,21.027952194213867,0.800000011920929,0.800000011920929,0.800000011920929
59,14,-3.0419740676879883,2.7565815448760986,0.6666666865348816,1.0,1.0
59,15,-18.371360778808594,456.59051513671875,0.0,0.3333333432674408,0.6666666865348816
59,16,-13.742133140563965,31.047964096069336,0.5,0.5,1.0
59,17,-27.565711975097656,9784.658203125,0.0,0.0,0.3333333432674408
59,18,-5.470980644226074,237.69317626953125,0.0,0.0,1.0
59,19,-10.184850692749023,162.78419494628906,0.0,0.0,1.0
59,20,-25.685895919799805,614.9088134765625,0.25,0.25,0.5
59,21,-3.319324493408203,5.257534503936768,0.5,1.0,1.0
59,22,-19.22150421142578,122.16542053222656,0.0,0.5,0.75
59,23,-17.050552368164062,30.268587112426758,0.6000000238418579,0.6000000238418579,0.800000011920929
59,24,-4.707866668701172,10.526894569396973,0.5,1.0,1.0
59,25,-9.201498031616211,21.480941772460938,0.3333333432674408,0.6666666865348816,1.0
59,26,-5.278273582458496,5.809093952178955,0.3333333432674408,1.0,1.0
59,27,-7.427839279174805,11.892958641052246,0.6666666865348816,0.6666666865348816,0.6666666865348816
59,28,-11.615926742553711,48.03719711303711,0.3333333432674408,0.6666666865348816,0.6666666865348816
59,29,-4.514970302581787,91.37484741210938,0.0,1.0,1.0
59,30,-10.61696720123291,14.214204788208008,0.75,0.75,0.75
59,31,-17.67362403869629,82.96393585205078,0.25,0.75,0.75
59,32,-1.8815034627914429,6.563365459442139,0.0,1.0,1.0
59,33,-4.962346076965332,11.955280303955078,0.0,1.0,1.0
59,34,-8.876968383789062,19.278478622436523,0.3333333432674408,0.6666666865348816,1.0
59,35,-13.201047897338867,27.11974334716797,0.5,0.5,0.75
59,36,-12.667831420898438,563.3582153320312,0.0,0.0,0.5
59,37,-6.739906311035156,29.077163696289062,0.5,0.5,1.0
59,38,-9.325538635253906,105.92903900146484,0.0,0.5,0.5
59,39,-3.632725477218628,6.149450778961182,0.5,1.0,1.0
59,40,-17.48818588256836,340.1529235839844,0.3333333432674408,0.6666666865348816,0.6666666865348816
59,41,-15.199506759643555,12.594385147094727,0.5,0.6666666865348816,1.0
59,42,-6.039486408233643,7.486954689025879,0.6666666865348816,0.6666666865348816,1.0
59,43,-6.4302263259887695,3.618448257446289,0.6000000238418579,1.0,1.0
60,0,-1.805290937423706,1.4348469972610474,0.800000011920929,1.0,1.0
60,1,-3.2667927742004395,2.9710960388183594,0.6666666865348816,1.0,1.0
60,2,-2.833873748779297,4.124467372894287,0.5,1.0,1.0
60,3,-6.48691987991333,2.5261664390563965,0.7142857313156128,1.0,1.0
60,4,-5.75931453704834,17.808168411254883,0.5,0.5,1.0
60,5,-14.599563598632812,129.8683624267578,0.3333333432674408,0.6666666865348816,0.6666666865348816
60,6,-5.091174125671387,1.663822054862976,0.800000011920929,1.0,1.0
60,7,-16.064590454101562,55.4869384765625,0.25,0.5,1.0
60,8,-9.875171661376953,26.889179229736328,0.6666666865348816,0.6666666865348816,0.6666666865348816
60,9,-9.308679580688477,105.03985595703125,0.5,0.5,0.5
60,10,-1.3345725536346436,3.7983720302581787,1.0,1.0,1.0
60,11,-6.3584370613098145,577.3433227539062,0.0,0.0,1.0
60,12,-8.129171371459961,7.631564617156982,0.5,0.75,1.0
60,13,-15.275609016418457,21.223773956298828,0.800000011920929,0.800000011920929,0.800000011920929
60,14,-3.060636520385742,2.7737832069396973,0.6666666865348816,1.0,1.0
60,15,-18.405107498168945,461.7557373046875,0.0,0.3333333432674408,0.6666666865348816
60,16,-13.788923263549805,31.413280487060547,0.5,0.5,1.0
60,17,-27.702457427978516,10240.982421875,0.0,0.0,0.3333333432674408
60,18,-5.467339515686035,236.8292694091797,0.0,0.0,1.0
60,19,-10.05221939086914,152.33921813964844,0.0,0.0,1.0
60,20,-25.740997314453125,623.43798828125,0.25,0.25,0.5
60,21,-3.3235363960266113,5.268618583679199,0.5,1.0,1.0
60,22,-19.14888572692871,119.96756744384766,0.0,0.5,0.75
60,23,-16.89853286743164,29.36215591430664,0.6000000238418579,0.6000000238418579,0.800000011920929
60,24,-4.649542808532715,10.224343299865723,0.5,1.0,1.0
60,25,-9.244024276733398,21.78761100769043,0.3333333432674408,0.6666666865348816,1.0
60,26,-5.304355621337891,5.859817981719971,0.3333333432674408,1.0,1.0
60,27,-7.405032157897949,11.802885055541992,0.6666666865348816,0.6666666865348816,1.0
60,28,-11.63148021697998,48.28689193725586,0.3333333432674408,0.6666666865348816,0.6666666865348816
60,29,-4.559347152709961,95.5210952758789,0.0,1.0,1.0
60,30,-10.609077453613281,14.186195373535156,0.75,0.75,0.75
60,31,-17.620235443115234,81.86396789550781,0.25,0.75,0.75
60,32,-1.876051664352417,6.527680397033691,0.0,1.0,1.0
60,33,-4.8807806968688965,11.477520942687988,0.0,1.0,1.0
60,34,-8.910239219665527,19.493473052978516,0.3333333432674408,0.6666666865348816,1.0
60,35,-13.191725730895996,27.056612014770508,0.5,0.5,0.75
60,36,-12.669656753540039,563.8726196289062,0.0,0.0,0.5
60,37,-6.67219352722168,28.10919761657715,0.5,0.5,1.0
60,38,-9.340466499328613,106.72264099121094,0.0,0.5,0.5
60,39,-3.656615734100342,6.223347187042236,0.5,1.0,1.0
60,40,-17.544612884521484,346.6113586425781,0.3333333432674408,0.6666666865348816,0.6666666865348816
60,41,-15.275182723999023,12.754241943359375,0.5,0.6666666865348816,1.0
60,42,-6.043045520782471,7.495842456817627,0.6666666865348816,0.6666666865348816,1.0
60,43,-6.464629173278809,3.6434311866760254,0.6000000238418579,1.0,1.0
61,0,-1.8186616897583008,1.438689112663269,0.800000011920929,1.0,1.0
61,1,-3.285689115524292,2.9898693561553955,0.6666666865348816,1.0,1.0
61,2,-2.8385024070739746,4.134023666381836,0.5,1.0,1.0
61,3,-6.419884204864502,2.5020899772644043,0.7142857313156128,1.0,1.0
61,4,-5.656008243560791,16.911672592163086,0.5,0.5,1.0
61,5,-14.49704360961914,125.50528717041016,0.3333333432674408,0.6666666865348816,0.6666666865348816
61,6,-5.112489700317383,1.6673723459243774,0.800000011920929,1.0,1.0
61,7,-16.247961044311523,58.08980941772461,0.25,0.5,1.0
61,8,-9.824225425720215,26.4364013671875,0.6666666865348816,0.6666666865348816,0.6666666865348816
61,9,-9.338458061218262,106.61550903320312,0.5,0.5,0.5
61,10,-1.327963948249817,3.773352861404419,1.0,1.0,1.0
61,11,-6.405974388122559,605.4514770507812,0.0,0.0,1.0
61,12,-8.183637619018555,7.7361907958984375,0.5,1.0,1.0
61,13,-15.198114395141602,20.897357940673828,0.800000011920929,0.800000011920929,0.800000011920929
61,14,-3.0228188037872314,2.7390365600585938,0.6666666865348816,1.0,1.0
61,15,-18.48632049560547,474.4266357421875,0.0,0.3333333432674408,0.6666666865348816
61,16,-13.79390811920166,31.45245361328125,0.5,0.5,1.0
61,17,-27.745140075683594,10387.7216796875,0.0,0.0,0.3333333432674408
61,18,-5.4605393409729,235.2242431640625,0.0,0.0,1.0
61,19,-10.097488403320312,155.82666015625,0.0,0.0,1.0
61,20,-25.83253288269043,637.8692016601562,0.25,0.25,0.5
61,21,-3.3614253997802734,5.369381427764893,0.5,1.0,1.0
61,22,-19.35820198059082,126.41251373291016,0.0,0.5,0.75
61,23,-17.133323669433594,30.773836135864258,0.6000000238418579,0.6000000238418579,0.800000011920929
61,24,-4.707530975341797,10.525127410888672,0.5,1.0,1.0
61,25,-9.134185791015625,21.00432777404785,0.3333333432674408,0.6666666865348816,1.0
61,26,-5.355428218841553,5.960431098937988,0.3333333432674408,1.0,1.0
61,27,-7.414644241333008,11.840763092041016,0.6666666865348816,0.6666666865348816,0.6666666865348816
61,28,-11.595636367797852,47.71339797973633,0.3333333432674408,0.6666666865348816,0.6666666865348816
61,29,-4.471595287322998,87.4961929321289,0.0,1.0,1.0
61,30,-10.622986793518066,14.235611915588379,0.75,0.75,0.75
61,31,-17.750587463378906,84.57569122314453,0.25,0.75,0.75
61,32,-1.8014452457427979,6.058396816253662,0.0,1.0,1.0
61,33,-5.049283981323242,12.486424446105957,0.0,1.0,1.0
61,34,-8.91965103149414,19.55472755432129,0.3333333432674408,0.6666666865348816,1.0
61,35,-13.247434616088867,27.436073303222656,0.5,0.5,0.75
61,36,-12.691267013549805,569.9983520507812,0.0,0.0,0.5
61,37,-6.729957580566406,28.932884216308594,0.5,0.5,1.0
61,38,-9.419614791870117,111.03077697753906,0.0,0.5,0.5
61,39,-3.642580509185791,6.1798272132873535,0.5,1.0,1.0
61,40,-17.550186157226562,347.255859375,0.3333333432674408,0.6666666865348816,0.6666666865348816
61,41,-15.191247940063477,12.577061653137207,0.5,0.6666666865348816,1.0
61,42,-6.100171089172363,7.639944076538086,0.6666666865348816,0.6666666865348816,1.0
61,43,-6.5286784172058105,3.6904029846191406,0.6000000238418579,1.0,1.0
62,0,-1.7740933895111084,1.4259220361709595,0.800000011920929,1.0,1.0
62,1,-3.2756505012512207,2.979881525039673,0.6666666865348816,1.0,1.0
62,2,-2.8505964279174805,4.159098148345947,0.5,1.0,1.0
62,3,-6.492276668548584,2.5281002521514893,0.7142857313156128,1.0,1.0
62,4,-5.822486400604248,18.379634857177734,0.5,0.5,1.0
62,5,-14.497367858886719,125.51887512207031,0.3333333432674408,0.6666666865348816,0.6666666865348816
62,6,-5.116969108581543,1.6681194305419922,0.800000011920929,1.0,1.0
62,7,-16.10541534423828,56.056148529052734,0.25,0.5,1.0
62,8,-9.825651168823242,26.44896697998047,0.6666666865348816,0.6666666865348816,0.6666666865348816
62,9,-9.335474014282227,106.4565658569336,0.5,0.5,0.5
62,10,-1.3484810590744019,3.8515706062316895,1.0,1.0,1.0
62,11,-6.335319519042969,564.1495971679688,0.0,0.0,1.0
62,12,-8.173811912536621,7.71721076965332,0.5,1.0,1.0
62,13,-15.148733139038086,20.691987991333008,0.800000011920929,0.800000011920929,0.800000011920929
62,14,-3.0336530208587646,2.74894642829895,0.6666666865348816,1.0,1.0
62,15,-18.377864837646484,457.58154296875,0.0,0.3333333432674408,0.6666666865348816
62,16,-13.804176330566406,31.533296585083008,0.5,0.5,1.0
62,17,-27.9019832611084,10945.2529296875,0.0,0.0,0.3333333432674408
62,18,-5.4964118003845215,243.8155059814453,0.0,0.0,1.0
62,19,-10.084074974060059,154.78506469726562,0.0,0.0,1.0
62,20,-25.822851181030273,636.3270874023438,0.25,0.25,0.5
62,21,-3.3528032302856445,5.346283435821533,0.5,1.0,1.0
62,22,-19.400920867919922,127.7697982788086,0.0,0.5,0.75
62,23,-17.207469940185547,31.233585357666016,0.6000000238418579,0.6000000238418579,0.800000011920929
62,24,-4.738569736480713,10.689745903015137,0.5,1.0,1.0
62,25,-9.117722511291504,20.889379501342773,0.3333333432674408,0.6666666865348816,1.0
62,26,-5.3337602615356445,5.91753625869751,0.3333333432674408,1.0,1.0
62,27,-7.440560817718506,11.943496704101562,0.6666666865348816,0.6666666865348816,0.6666666865348816
62,28,-11.706137657165527,49.50362777709961,0.3333333432674408,0.6666666865348816,0.6666666865348816
62,29,-4.539425373077393,93.63697814941406,0.0,1.0,1.0
62,30,-10.586285591125488,14.10559368133545,0.75,0.75,0.75
62,31,-17.83323097229004,86.34127807617188,0.25,0.75,0.75
62,32,-1.7971570491790771,6.032473564147949,0.0,1.0,1.0
62,33,-4.965118408203125,11.971863746643066,0.0,1.0,1.0
62,34,-8.988458633422852,20.008413314819336,0.3333333432674408,0.6666666865348816,1.0
62,35,-13.284594535827637,27.692140579223633,0.5,0.5,0.75
62,36,-12.711272239685059,575.7284545898438,0.0,0.0,0.5
62,37,-6.718551158905029,28.768342971801758,0.5,0.5,1.0
62,38,-9.430171966552734,111.618408203125,0.0,0.5,0.5
62,39,-3.6255745887756348,6.127502918243408,0.5,1.0,1.0
62,40,-17.540218353271484,346.10400390625,0.3333333432674408,0.6666666865348816,0.6666666865348816
62,41,-15.207027435302734,12.610183715820312,0.5,0.6666666865348816,1.0
62,42,-6.06656551361084,7.554840087890625,0.6666666865348816,0.6666666865348816,1.0
62,43,-6.5182905197143555,3.682743787765503,0.6000000238418579,1.0,1.0
63,0,-1.7287602424621582,1.4130522012710571,0.800000011920929,1.0,1.0
63,1,-3.294752597808838,2.998915910720825,0.6666666865348816,1.0,1.0
63,2,-2.8277788162231445,4.111917018890381,0.5,1.0,1.0
63,3,-6.5278215408325195,2.5409700870513916,0.7142857313156128,1.0,1.0
63,4,-5.846972465515137,18.60603904724121,0.5,0.5,1.0
63,5,-14.640052795410156,131.6330108642578,0.3333333432674408,0.6666666865348816,0.6666666865348816
63,6,-5.137260437011719,1.671507716178894,0.800000011920929,1.0,1.0
63,7,-16.287193298339844,58.66236114501953,0.25,0.5,1.0
63,8,-9.820475578308105,26.40337562561035,0.6666666865348816,0.6666666865348816,0.6666666865348816
63,9,-9.414734840393066,110.76020050048828,0.5,0.5,0.5
63,10,-1.369208812713623,3.9322383403778076,1.0,1.0,1.0
63,11,-6.396222114562988,599.5756225585938,0.0,0.0,1.0
63,12,-8.169488906860352,7.7088751792907715,0.5,1.0,1.0
63,13,-15.15013599395752,20.697795867919922,0.800000011920929,0.800000011920929,0.800000011920929
63,14,-2.9857959747314453,2.705442190170288,0.6666666865348816,1.0,1.0
63,15,-18.441850662231445,467.44586181640625,0.0,0.3333333432674408,0.6666666865348816
63,16,-13.841583251953125,31.829572677612305,0.5,0.5,1.0
63,17,-27.955068588256836,11140.6572265625,0.0,0.0,0.3333333432674408
63,18,-5.537764549255371,254.1092987060547,0.0,0.0,1.0
63,19,-10.074098587036133,154.014892578125,0.0,0.0,1.0
63,20,-25.9047794342041,649.4948120117188,0.25,0.25,0.5
63,21,-3.3451156616210938,5.325772762298584,0.5,1.0,1.0
63,22,-19.60080909729004,134.3169403076172,0.0,0.5,0.75
63,23,-17.619796752929688,33.918460845947266,0.6000000238418579,0.6000000238418579,0.800000011920929
63,24,-4.764028549194336,10.826688766479492,0.5,1.0,1.0
63,25,-9.180350303649902,21.330047607421875,0.3333333432674408,0.6666666865348816,1.0
63,26,-5.3217363357543945,5.893865585327148,0.3333333432674408,1.0,1.0
63,27,-7.415199279785156,11.842954635620117,0.6666666865348816,0.6666666865348816,1.0
63,28,-11.590950012207031,47.638919830322266,0.3333333432674408,0.6666666865348816,0.6666666865348816
63,29,-4.470808982849121,87.42742156982422,0.0,1.0,1.0
63,30,-10.632237434387207,14.268571853637695,0.75,0.75,0.75
63,31,-17.871152877807617,87.1637191772461,0.25,0.75,0.75
63,32,-1.7993741035461426,6.045862197875977,0.0,1.0,1.0
63,33,-5.005568981170654,12.216463088989258,0.0,1.0,1.0
63,34,-8.992731094360352,20.036928176879883,0.3333333432674408,0.6666666865348816,1.0
63,35,-13.27159595489502,27.602296829223633,0.5,0.5,0.75
63,36,-12.761680603027344,590.4236450195312,0.0,0.0,0.5
63,37,-6.725707054138184,28.871458053588867,0.5,0.5,1.0
63,38,-9.479985237121582,114.43336486816406,0.0,0.5,0.5
63,39,-3.6449434757232666,6.187132358551025,0.5,1.0,1.0
63,40,-17.588905334472656,351.76678466796875,0.3333333432674408,0.6666666865348816,0.6666666865348816
63,41,-15.337276458740234,12.886918067932129,0.5,0.6666666865348816,1.0
63,42,-6.098886013031006,7.636673450469971,0.6666666865348816,0.6666666865348816,1.0
63,43,-6.506125450134277,3.6737945079803467,0.6000000238418579,1.0,1.0
64,0,-1.755101203918457,1.4205161333084106,0.800000011920929,1.0,1.0
64,1,-3.2725915908813477,2.976844310760498,0.6666666865348816,1.0,1.0
64,2,-2.8061788082122803,4.067747592926025,0.5,1.0,1.0
64,3,-6.5924458503723145,2.5645370483398438,0.7142857313156128,1.0,1.0
64,4,-5.92681884765625,19.363880157470703,0.5,0.5,1.0
64,5,-14.618644714355469,130.69696044921875,0.3333333432674408,0.6666666865348816,0.6666666865348816
64,6,-5.102261543273926,1.6656677722930908,0.800000011920929,1.0,1.0
64,7,-16.179725646972656,57.107269287109375,0.25,0.5,1.0
64,8,-9.899859428405762,27.111370086669922,0.6666666865348816,0.6666666865348816,0.6666666865348816
64,9,-9.472755432128906,114.02043914794922,0.5,0.5,0.5
64,10,-1.351321816444397,3.862527847290039,1.0,1.0,1.0
64,11,-6.398324966430664,600.8377685546875,0.0,0.0,1.0
64,12,-8.176155090332031,7.7217326164245605,0.5,1.0,1.0
64,13,-15.034477233886719,20.224515914916992,0.800000011920929,0.800000011920929,0.800000011920929
64,14,-2.9536213874816895,2.676581621170044,0.6666666865348816,1.0,1.0
64,15,-18.47046661376953,471.9259948730469,0.0,0.3333333432674408,0.6666666865348816
64,16,-13.841328620910645,31.827545166015625,0.5,0.5,1.0
64,17,-27.950551986694336,11123.8935546875,0.0,0.0,0.3333333432674408
64,18,-5.508189678192139,246.7041015625,0.0,0.0,1.0
64,19,-10.035738945007324,151.08905029296875,0.0,0.0,1.0
64,20,-25.936267852783203,654.6278686523438,0.25,0.25,0.5
64,21,-3.291012763977051,5.183634281158447,0.5,1.0,1.0
64,22,-19.687469482421875,137.25868225097656,0.0,0.5,0.75
64,23,-17.86383056640625,35.61497116088867,0.6000000238418579,0.6000000238418579,0.800000011920929
64,24,-4.73989725112915,10.696842193603516,0.5,1.0,1.0
64,25,-9.026473045349121,20.26356315612793,0.3333333432674408,0.6666666865348816,1.0
64,26,-5.301061630249023,5.853387832641602,0.3333333432674408,1.0,1.0
64,27,-7.359245300292969,11.624115943908691,0.6666666865348816,0.6666666865348816,1.0
64,28,-11.734040260314941,49.96619415283203,0.3333333432674408,0.6666666865348816,0.6666666865348816
64,29,-4.487164497375488,88.86909484863281,0.0,1.0,1.0
64,30,-10.586431503295898,14.106107711791992,0.75,0.75,0.75
64,31,-17.781925201416016,85.24089813232422,0.25,0.75,0.75
64,32,-1.8001668453216553,6.050657272338867,0.0,1.0,1.0
64,33,-4.935992240905762,11.798779487609863,0.0,1.0,1.0
64,34,-9.03801441192627,20.3416690826416,0.3333333432674408,0.6666666865348816,1.0
64,35,-13.349603652954102,28.1458797454834,0.5,0.5,0.75
64,36,-12.74942684173584,586.8171997070312,0.0,0.0,0.5
64,37,-6.703436851501465,28.551755905151367,0.5,0.5,1.0
64,38,-9.516594886779785,116.54733276367188,0.0,0.5,0.5
64,39,-3.6453399658203125,6.188359260559082,0.5,1.0,1.0
64,40,-17.53069305419922,345.0069580078125,0.3333333432674408,0.6666666865348816,0.6666666865348816
64,41,-15.26289176940918,12.728140830993652,0.5,0.6666666865348816,1.0
64,42,-6.174965858459473,7.832814693450928,0.6666666865348816,0.6666666865348816,1.0
64,43,-6.5227460861206055,3.6860270500183105,0.6000000238418579,1.0,1.0
65,0,-1.7587013244628906,1.421539306640625,0.800000011920929,1.0,1.0
65,1,-3.2248871326446533,2.929882764816284,0.6666666865348816,1.0,1.0
65,2,-2.840196371078491,4.137526512145996,0.5,1.0,1.0
65,3,-6.622992515563965,2.5757527351379395,0.7142857313156128,1.0,1.0
65,4,-5.886474609375,18.977182388305664,0.5,0.5,1.0
65,5,-14.543004035949707,127.44287109375,0.3333333432674408,0.6666666865348816,0.6666666865348816
65,6,-5.086390495300293,1.6630263328552246,0.800000011920929,1.0,1.0
65,7,-16.329208374023438,59.28178405761719,0.25,0.5,1.0
65,8,-9.893436431884766,27.053386688232422,0.6666666865348816,0.6666666865348816,0.6666666865348816
65,9,-9.442455291748047,112.30604553222656,0.5,0.5,0.5
65,10,-1.3600369691848755,3.8963372707366943,1.0,1.0,1.0
65,11,-6.371387958526611,584.8690185546875,0.0,0.0,1.0
65,12,-8.170805931091309,7.711413383483887,0.5,1.0,1.0
65,13,-15.06371784210205,20.3431339263916,0.800000011920929,0.800000011920929,0.800000011920929
65,14,-2.9909112453460693,2.7100589275360107,0.6666666865348816,1.0,1.0
65,15,-18.333513259887695,450.8664855957031,0.0,0.3333333432674408,0.6666666865348816
65,16,-13.822713851928711,31.679777145385742,0.5,0.5,1.0
65,17,-28.02071762084961,11387.134765625,0.0,0.0,0.3333333432674408
65,18,-5.556521415710449,258.92059326171875,0.0,0.0,1.0
65,19,-10.03557300567627,151.07652282714844,0.0,0.0,1.0
65,20,-25.986204147338867,662.8515625,0.25,0.25,0.5
65,21,-3.2913284301757812,5.184452056884766,0.5,1.0,1.0
65,22,-19.827354431152344,142.14370727539062,0.0,0.5,0.75
65,23,-18.011337280273438,36.68131637573242,0.6000000238418579,0.6000000238418579,0.800000011920929
65,24,-4.726922988891602,10.62767505645752,0.5,1.0,1.0
65,25,-9.114748001098633,20.868675231933594,0.3333333432674408,0.6666666865348816,1.0
65,26,-5.363705158233643,5.976898193359375,0.3333333432674408,1.0,1.0
65,27,-7.380190372467041,11.705554962158203,0.6666666865348816,0.6666666865348816,1.0
65,28,-11.721538543701172,49.75841522216797,0.3333333432674408,0.6666666865348816,0.6666666865348816
65,29,-4.3938798904418945,80.95390319824219,0.0,1.0,1.0
65,30,-10.554463386535645,13.993821144104004,0.75,0.75,0.75
65,31,-17.989370346069336,89.77823638916016,0.25,0.75,0.75
65,32,-1.8002631664276123,6.051239967346191,0.0,1.0,1.0
65,33,-5.0581464767456055,12.541877746582031,0.0,1.0,1.0
65,34,-9.029044151306152,20.28093910217285,0.3333333432674408,0.6666666865348816,1.0
65,35,-13.271941184997559,27.604679107666016,0.5,0.5,0.75
65,36,-12.64549446105957,557.1013793945312,0.0,0.0,0.5
65,37,-6.7729644775390625,29.561779022216797,0.5,0.5,1.0
65,38,-9.528629302978516,117.250732421875,0.0,0.5,0.5
65,39,-3.644656181335449,6.186244010925293,0.5,1.0,1.0
65,40,-17.58858299255371,351.72906494140625,0.3333333432674408,0.6666666865348816,0.6666666865348816
65,41,-15.354952812194824,12.924941062927246,0.5,0.6666666865348816,1.0
65,42,-6.149598598480225,7.766861915588379,0.6666666865348816,0.6666666865348816,1.0
65,43,-6.511196136474609,3.6775221824645996,0.6000000238418579,1.0,1.0
66,0,-1.7060638666152954,1.406652569770813,0.800000011920929,1.0,1.0
66,1,-3.240265369415283,2.9449403285980225,0.6666666865348816,1.0,1.0
66,2,-2.830110549926758,4.116714000701904,0.5,1.0,1.0
66,3,-6.585855484008789,2.5621237754821777,0.7142857313156128,1.0,1.0
66,4,-5.922374725341797,19.320899963378906,0.5,0.5,1.0
66,5,-14.579469680786133,129.00140380859375,0.3333333432674408,0.6666666865348816,0.6666666865348816
66,6,-5.084195137023926,1.6626613140106201,0.800000011920929,1.0,1.0
66,7,-16.280031204223633,58.55741882324219,0.25,0.5,1.0
66,8,-9.829744338989258,26.485078811645508,0.6666666865348816,0.6666666865348816,0.6666666865348816
66,9,-9.449740409851074,112.71586608886719,0.5,0.5,0.5
66,10,-1.3785263299942017,3.969048023223877,1.0,1.0,1.0
66,11,-6.370443820953369,584.3170776367188,0.0,0.0,1.0
66,12,-8.192550659179688,7.753448486328125,0.5,1.0,1.0
66,13,-14.895048141479492,19.66832733154297,0.800000011920929,0.800000011920929,0.800000011920929
66,14,-2.936753273010254,2.661574363708496,0.6666666865348816,1.0,1.0
66,15,-18.432628631591797,466.0110778808594,0.0,0.3333333432674408,0.6666666865348816
66,16,-13.863957405090332,32.008113861083984,0.5,0.5,1.0
66,17,-28.1102352142334,11732.03125,0.0,0.0,0.3333333432674408
66,18,-5.516465663909912,248.75430297851562,0.0,0.0,1.0
66,19,-10.000662803649902,148.4623565673828,0.0,0.0,1.0
66,20,-25.977642059326172,661.4342041015625,0.25,0.25,0.5
66,21,-3.3548498153686523,5.351757049560547,0.5,1.0,1.0
66,22,-19.944759368896484,146.3776397705078,0.0,0.5,0.75
66,23,-18.008066177368164,36.657325744628906,0.6000000238418579,0.6000000238418579,0.800000011920929
66,24,-4.815967559814453,11.11153507232666,0.5,1.0,1.0
66,25,-9.18802261352539,21.38467025756836,0.3333333432674408,0.6666666865348816,1.0
66,26,-5.329346656799316,5.908836364746094,0.3333333432674408,1.0,1.0
66,27,-7.4723920822143555,12.070897102355957,0.6666666865348816,0.6666666865348816,0.6666666865348816
66,28,-11.600260734558105,47.7869987487793,0.3333333432674408,0.6666666865348816,0.6666666865348816
66,29,-4.409290790557861,82.21114349365234,0.0,1.0,1.0
66,30,-10.604666709899902,14.170561790466309,0.75,0.75,0.75
66,31,-17.976905822753906,89.49890899658203,0.25,0.75,0.75
66,32,-1.8461493253707886,6.335377216339111,0.0,1.0,1.0
66,33,-5.174921035766602,13.295964241027832,0.0,1.0,1.0
66,34,-9.050150871276855,20.42412757873535,0.3333333432674408,0.6666666865348816,1.0
66,35,-13.381168365478516,28.368860244750977,0.5,0.5,0.75
66,36,-12.760519027709961,590.080810546875,0.0,0.0,0.5
66,37,-6.72909688949585,28.92043685913086,0.5,0.5,1.0
66,38,-9.541017532348633,117.979248046875,0.0,0.5,0.5
66,39,-3.639742851257324,6.171065330505371,0.5,1.0,1.0
66,40,-17.514896392822266,343.19500732421875,0.3333333432674408,0.6666666865348816,0.6666666865348816
66,41,-15.321761131286621,12.853636741638184,0.5,0.6666666865348816,1.0
66,42,-6.2078657150268555,7.919187068939209,0.6666666865348816,0.6666666865348816,1.0
66,43,-6.47605037689209,3.651763439178467,0.6000000238418579,1.0,1.0
67,0,-1.6897318363189697,1.4020652770996094,0.800000011920929,1.0,1.0
67,1,-3.227174997329712,2.9321179389953613,0.6666666865348816,1.0,1.0
67,2,-2.8386778831481934,4.1343865394592285,0.5,1.0,1.0
67,3,-6.688503742218018,2.5999715328216553,0.7142857313156128,1.0,1.0
67,4,-5.9460554122924805,19.551025390625,0.5,0.5,1.0
67,5,-14.596312522888184,129.72767639160156,0.3333333432674408,0.6666666865348816,0.6666666865348816
67,6,-5.1503424644470215,1.6736958026885986,0.800000011920929,1.0,1.0
67,7,-16.32719612121582,59.25197219848633,0.25,0.5,1.0
67,8,-9.826462745666504,26.456125259399414,0.6666666865348816,0.6666666865348816,0.6666666865348816
67,9,-9.483479499816895,114.63346862792969,0.5,0.5,0.5
67,10,-1.3707808256149292,3.938424825668335,1.0,1.0,1.0
67,11,-6.399706840515137,601.6686401367188,0.0,0.0,1.0
67,12,-8.195989608764648,7.760117053985596,0.5,1.0,1.0
67,13,-14.971158981323242,19.97001075744629,0.800000011920929,0.800000011920929,0.800000011920929
67,14,-2.9244306087493896,2.6506640911102295,0.6666666865348816,1.0,1.0
67,15,-18.384014129638672,458.52032470703125,0.0,0.3333333432674408,0.6666666865348816
67,16,-13.925531387329102,32.504638671875,0.5,0.5,1.0
67,17,-28.250097274780273,12291.9443359375,0.0,0.0,0.3333333432674408
67,18,-5.641582489013672,281.9084777832031,0.0,0.0,1.0
67,19,-9.95884895324707,145.3906707763672,0.0,0.0,1.0
67,20,-26.06088638305664,675.3436279296875,0.25,0.25,0.5
67,21,-3.390416145324707,5.447779178619385,0.5,1.0,1.0
67,22,-19.993633270263672,148.1771240234375,0.0,0.5,0.75
67,23,-18.311973571777344,38.95451736450195,0.6000000238418579,0.6000000238418579,0.800000011920929
67,24,-4.799180030822754,11.018658638000488,0.5,1.0,1.0
67,25,-9.14571762084961,21.08522605895996,0.3333333432674408,0.6666666865348816,1.0
67,26,-5.294974327087402,5.841521739959717,0.3333333432674408,1.0,1.0
67,27,-7.458177089691162,12.013834953308105,0.6666666865348816,0.6666666865348816,1.0
67,28,-11.621576309204102,48.12773895263672,0.3333333432674408,0.6666666865348816,0.6666666865348816
67,29,-4.3948140144348145,81.0295639038086,0.0,1.0,1.0
67,30,-10.595566749572754,14.138360023498535,0.75,0.75,0.75
67,31,-18.091596603393555,92.10223388671875,0.25,0.75,0.75
67,32,-1.7880125045776367,5.977560520172119,0.0,1.0,1.0
67,33,-5.187315940856934,13.378621101379395,0.0,1.0,1.0
67,34,-9.042867660522461,20.374601364135742,0.3333333432674408,0.6666666865348816,1.0
67,35,-13.372278213500977,28.305879592895508,0.5,0.5,0.75
67,36,-12.696996688842773,571.6336669921875,0.0,0.0,0.5
67,37,-6.759134769439697,29.358068466186523,0.5,0.5,1.0
67,38,-9.548133850097656,118.39979553222656,0.0,0.5,0.5
67,39,-3.637408971786499,6.163867950439453,0.5,1.0,1.0
67,40,-17.554244995117188,347.72613525390625,0.3333333432674408,0.6666666865348816,0.6666666865348816
67,41,-15.468901634216309,13.172749519348145,0.5,0.6666666865348816,1.0
67,42,-6.213465690612793,7.93398380279541,0.6666666865348816,0.6666666865348816,1.0
67,43,-6.5032758712768555,3.671701192855835,0.6000000238418579,1.0,1.0
68,0,-1.7382452487945557,1.4157352447509766,0.800000011920929,1.0,1.0
68,1,-3.2895476818084717,2.9937174320220947,0.6666666865348816,1.0,1.0
68,2,-2.80302095413208,4.0613298416137695,0.5,1.0,1.0
68,3,-6.499146938323975,2.5305826663970947,0.7142857313156128,1.0,1.0
68,4,-5.911052227020264,19.211828231811523,0.5,0.5,1.0
68,5,-14.548948287963867,127.69562530517578,0.3333333432674408,0.6666666865348816,0.6666666865348816
68,6,-5.104362487792969,1.6660178899765015,0.800000011920929,1.0,1.0
68,7,-16.31190299987793,59.0258674621582,0.25,0.5,1.0
68,8,-9.84519100189209,26.62179946899414,0.6666666865348816,0.6666666865348816,0.6666666865348816
68,9,-9.44250202178955,112.30867004394531,0.5,0.5,0.5
68,10,-1.3774056434631348,3.964602470397949,1.0,1.0,1.0
68,11,-6.3690996170043945,583.5321655273438,0.0,0.0,1.0
68,12,-8.120622634887695,7.61527156829834,0.5,1.0,1.0
68,13,-14.97998332977295,20.005290985107422,0.800000011920929,0.800000011920929,0.800000011920929
68,14,-2.982921600341797,2.7028512954711914,0.6666666865348816,1.0,1.0
68,15,-18.448318481445312,468.4546813964844,0.0,0.3333333432674408,0.6666666865348816
68,16,-13.877679824829102,32.118106842041016,0.5,0.5,1.0
68,17,-28.199743270874023,12087.3505859375,0.0,0.0,0.3333333432674408
68,18,-5.589784622192383,267.677978515625,0.0,0.0,1.0
68,19,-9.972424507141113,146.38092041015625,0.0,0.0,1.0
68,20,-26.065324783325195,676.0933837890625,0.25,0.25,0.5
68,21,-3.325800895690918,5.274587631225586,0.5,1.0,1.0
68,22,-20.04136848449707,149.95602416992188,0.0,0.5,0.75
68,23,-18.19609260559082,38.06208419799805,0.6000000238418579,0.6000000238418579,0.800000011920929
68,24,-4.799201011657715,11.018774032592773,0.5,1.0,1.0
68,25,-9.210725784301758,21.547115325927734,0.3333333432674408,0.6666666865348816,1.0
68,26,-5.346113681793213,5.941953182220459,0.3333333432674408,1.0,1.0
68,27,-7.408019542694092,11.814644813537598,0.6666666865348816,0.6666666865348816,1.0
68,28,-11.692028999328613,49.27135467529297,0.3333333432674408,0.6666666865348816,0.6666666865348816
68,29,-4.4917192459106445,89.2748031616211,0.0,1.0,1.0
68,30,-10.534480094909668,13.924084663391113,0.75,0.75,0.75
68,31,-18.1337947845459,93.07901000976562,0.25,0.75,0.75
68,32,-1.7845649719238281,5.956988334655762,0.0,1.0,1.0
68,33,-5.08304500579834,12.698991775512695,0.0,1.0,1.0
68,34,-9.015297889709473,20.188220977783203,0.3333333432674408,0.6666666865348816,1.0
68,35,-13.456775665283203,28.910184860229492,0.5,0.5,0.75
68,36,-12.771297454833984,593.26953125,0.0,0.0,0.5
68,37,-6.846569538116455,30.669992446899414,0.5,0.5,1.0
68,38,-9.502275466918945,115.71586608886719,0.0,0.5,0.5
68,39,-3.6412789821624756,6.175806522369385,0.5,1.0,1.0
68,40,-17.54228973388672,346.34307861328125,0.3333333432674408,0.6666666865348816,0.6666666865348816
68,41,-15.381406784057617,12.982053756713867,0.5,0.6666666865348816,1.0
68,42,-6.2151594161987305,7.938464641571045,0.6666666865348816,0.6666666865348816,1.0
68,43,-6.575605869293213,3.7252023220062256,0.6000000238418579,1.0,1.0
69,0,-1.7177304029464722,1.4099384546279907,0.800000011920929,1.0,1.0
69,1,-3.28989315032959,2.9940619468688965,0.6666666865348816,1.0,1.0
69,2,-2.835284948348999,4.127378463745117,0.5,1.0,1.0
69,3,-6.555482387542725,2.5510308742523193,0.7142857313156128,1.0,1.0
69,4,-5.970022678375244,19.786725997924805,0.5,0.5,1.0
69,5,-14.627875328063965,131.09974670410156,0.3333333432674408,0.6666666865348816,0.6666666865348816
69,6,-5.067530632019043,1.6598929166793823,0.800000011920929,1.0,1.0
69,7,-16.3610897064209,59.75616455078125,0.25,0.5,1.0
69,8,-9.978473663330078,27.83120346069336,0.6666666865348816,0.6666666865348816,0.6666666865348816
69,9,-9.384587287902832,109.10313415527344,0.5,0.5,0.5
69,10,-1.3609260320663452,3.8998029232025146,1.0,1.0,1.0
69,11,-6.394362926483154,598.4619140625,0.0,0.0,1.0
69,12,-8.128406524658203,7.630105495452881,0.5,1.0,1.0
69,13,-14.920506477355957,19.768728256225586,0.800000011920929,0.800000011920929,0.800000011920929
69,14,-3.014907121658325,2.7318227291107178,0.6666666865348816,1.0,1.0
69,15,-18.496482849121094,476.03643798828125,0.0,0.3333333432674408,0.6666666865348816
69,16,-13.826032638549805,31.706071853637695,0.5,0.5,1.0
69,17,-28.111495971679688,11736.966796875,0.0,0.0,0.3333333432674408
69,18,-5.553800106048584,258.2169494628906,0.0,0.0,1.0
69,19,-10.062286376953125,153.10794067382812,0.0,0.0,1.0
69,20,-25.986371994018555,662.87939453125,0.25,0.25,0.5
69,21,-3.306356906890869,5.223556041717529,0.5,1.0,1.0
69,22,-19.943084716796875,146.3163604736328,0.0,0.5,0.75
69,23,-18.281780242919922,38.719993591308594,0.6000000238418579,0.6000000238418579,0.800000011920929
69,24,-4.791537284851074,10.976632118225098,0.5,1.0,1.0
69,25,-9.180302619934082,21.3297061920166,0.3333333432674408,0.6666666865348816,1.0
69,26,-5.333915710449219,5.917842388153076,0.3333333432674408,1.0,1.0
69,27,-7.404358863830566,11.800237655639648,0.6666666865348816,0.6666666865348816,1.0
69,28,-11.61447525024414,48.01395034790039,0.3333333432674408,0.6666666865348816,0.6666666865348816
69,29,-4.452425479888916,85.83488464355469,0.0,1.0,1.0
69,30,-10.619955062866211,14.22482681274414,0.75,0.75,0.75
69,31,-18.206462860107422,94.78543090820312,0.25,0.75,0.75
69,32,-1.7961710691452026,6.026528358459473,0.0,1.0,1.0
69,33,-5.1778411865234375,13.315391540527344,0.0,1.0,1.0
69,34,-9.088863372802734,20.68939208984375,0.3333333432674408,0.6666666865348816,1.0
69,35,-13.482156753540039,29.09421157836914,0.5,0.5,0.75
69,36,-12.734740257263184,582.5238037109375,0.0,0.0,0.5
69,37,-6.779073238372803,29.65220832824707,0.5,0.5,1.0
69,38,-9.564583778381348,119.37763977050781,0.0,0.5,0.5
69,39,-3.6505980491638184,6.204650402069092,0.5,1.0,1.0
69,40,-17.52345085144043,344.1750183105469,0.3333333432674408,0.6666666865348816,0.6666666865348816
69,41,-15.351468086242676,12.917436599731445,0.5,0.6666666865348816,1.0
69,42,-6.170024871826172,7.819924831390381,0.6666666865348816,0.6666666865348816,1.0
69,43,-6.571651458740234,3.722257375717163,0.6000000238418579,1.0,1.0
70,0,-1.7153918743133545,1.409279227256775,0.800000011920929,1.0,1.0
70,1,-3.2380499839782715,2.942765951156616,0.6666666865348816,1.0,1.0
70,2,-2.815824270248413,4.087412357330322,0.5,1.0,1.0
70,3,-6.625095844268799,2.576526641845703,0.7142857313156128,1.0,1.0
70,4,-6.01446008682251,20.23128318786621,0.5,0.5,1.0
70,5,-14.538548469543457,127.25371551513672,0.3333333432674408,0.6666666865348816,0.6666666865348816
70,6,-5.082710266113281,1.6624144315719604,0.800000011920929,1.0,1.0
70,7,-16.38629722595215,60.133934020996094,0.25,0.5,1.0
70,8,-9.894121170043945,27.05956268310547,0.6666666865348816,0.6666666865348816,0.6666666865348816
70,9,-9.455660820007324,113.0500259399414,0.5,0.5,0.5
70,10,-1.3481022119522095,3.850111722946167,1.0,1.0,1.0
70,11,-6.39614200592041,599.527587890625,0.0,0.0,1.0
70,12,-8.117161750793457,7.608685493469238,0.5,1.0,1.0
70,13,-15.003501892089844,20.099611282348633,0.800000011920929,0.800000011920929,0.800000011920929
70,14,-2.9440112113952637,2.6680212020874023,0.6666666865348816,1.0,1.0
70,15,-18.42730712890625,465.1851806640625,0.0,0.3333333432674408,0.6666666865348816
70,16,-13.834748268127441,31.77522850036621,0.5,0.5,1.0
70,17,-28.37368392944336,12808.8837890625,0.0,0.0,0.3333333432674408
70,18,-5.627091407775879,277.852783203125,0.0,0.0,1.0
70,19,-10.027429580688477,150.46263122558594,0.0,0.0,1.0
70,20,-26.076263427734375,677.9447631835938,0.25,0.25,0.5
70,21,-3.2862985134124756,5.1714301109313965,0.5,1.0,1.0
70,22,-19.968061447143555,147.2328643798828,0.0,0.5,0.75
70,23,-18.27635383605957,38.67799377441406,0.6000000238418579,0.6000000238418579,0.800000011920929
70,24,-4.735936641693115,10.675680160522461,0.5,1.0,1.0
70,25,-9.191272735595703,21.407848358154297,0.3333333432674408,0.6666666865348816,1.0
70,26,-5.305651664733887,5.862349987030029,0.3333333432674408,1.0,1.0
70,27,-7.329708099365234,11.51023006439209,0.6666666865348816,0.6666666865348816,1.0
70,28,-11.550374031066895,46.99892044067383,0.3333333432674408,0.6666666865348816,0.6666666865348816
70,29,-4.475990295410156,87.881591796875,0.0,1.0,1.0
70,30,-10.595295906066895,14.13740348815918,0.75,0.75,0.75
70,31,-18.102458953857422,92.3526840209961,0.25,0.75,0.75
70,32,-1.880932092666626,6.5596160888671875,0.0,1.0,1.0
70,33,-5.137455463409424,13.049212455749512,0.0,1.0,1.0
70,34,-9.010971069335938,20.15912628173828,0.3333333432674408,0.6666666865348816,1.0
70,35,-13.377008438110352,28.339372634887695,0.5,0.5,0.75
70,36,-12.73452091217041,582.4599609375,0.0,0.0,0.5
70,37,-6.811343193054199,30.1345272064209,0.5,0.5,1.0
70,38,-9.578742027282715,120.2257308959961,0.0,0.5,0.5
70,39,-3.666240692138672,6.253368854522705,0.5,1.0,1.0
70,40,-17.463302612304688,337.3431701660156,0.3333333432674408,0.6666666865348816,0.6666666865348816
70,41,-15.352876663208008,12.920470237731934,0.5,0.6666666865348816,1.0
70,42,-6.2068772315979,7.9165778160095215,0.6666666865348816,0.6666666865348816,1.0
70,43,-6.494499206542969,3.665262222290039,0.6000000238418579,1.0,1.0
71,0,-1.71489679813385,1.4091397523880005,0.800000011920929,1.0,1.0
71,1,-3.2377407550811768,2.942462921142578,0.6666666865348816,1.0,1.0
71,2,-2.7959811687469482,4.047059535980225,0.5,1.0,1.0
71,3,-6.627881050109863,2.577552318572998,0.7142857313156128,1.0,1.0
71,4,-5.953275680541992,19.621734619140625,0.5,0.5,1.0
71,5,-14.572724342346191,128.71168518066406,0.3333333432674408,0.6666666865348816,0.6666666865348816
71,6,-5.09848690032959,1.6650391817092896,0.800000011920929,1.0,1.0
71,7,-16.310344696044922,59.00287628173828,0.25,0.5,1.0
71,8,-9.856307029724121,26.720623016357422,0.6666666865348816,0.6666666865348816,0.6666666865348816
71,9,-9.471967697143555,113.97554779052734,0.5,0.5,0.5
71,10,-1.3469948768615723,3.845850944519043,1.0,1.0,1.0
71,11,-6.344154357910156,569.1558837890625,0.0,0.0,1.0
71,12,-8.208436965942383,7.784302711486816,0.5,1.0,1.0
71,13,-14.949926376342773,19.885387420654297,0.800000011920929,0.800000011920929,0.800000011920929
71,14,-2.979628562927246,2.6998860836029053,0.6666666865348816,1.0,1.0
71,15,-18.38396644592285,458.5130615234375,0.0,0.3333333432674408,0.6666666865348816
71,16,-13.874839782714844,32.09531021118164,0.5,0.5,1.0
71,17,-28.426271438598633,13035.3974609375,0.0,0.0,0.3333333432674408
71,18,-5.536896705627441,253.88888549804688,0.0,0.0,1.0
71,19,-9.982154846191406,147.09481811523438,0.0,0.0,1.0
71,20,-26.007774353027344,666.4356689453125,0.25,0.25,0.5
71,21,-3.2898221015930176,5.180549144744873,0.5,1.0,1.0
71,22,-20.06494903564453,150.8426513671875,0.0,0.5,0.75
71,23,-18.357112884521484,39.307777404785156,0.6000000238418579,0.6000000238418579,0.800000011920929
71,24,-4.717873573303223,10.579697608947754,0.5,1.0,1.0
71,25,-9.319009780883789,22.33905601501465,0.3333333432674408,0.6666666865348816,1.0
71,26,-5.3341803550720215,5.91836404800415,0.3333333432674408,1.0,1.0
71,27,-7.4412689208984375,11.946316719055176,0.6666666865348816,0.6666666865348816,1.0
71,28,-11.542242050170898,46.87169647216797,0.3333333432674408,0.6666666865348816,0.6666666865348816
71,29,-4.419666767120361,83.068603515625,0.0,1.0,1.0
71,30,-10.499566078186035,13.80307674407959,0.75,0.75,0.75
71,31,-18.12639617919922,92.9070053100586,0.25,0.75,0.75
71,32,-1.8936699628829956,6.643706798553467,0.0,1.0,1.0
71,33,-5.196586608886719,13.440778732299805,0.0,1.0,1.0
71,34,-9.030464172363281,20.29054069519043,0.3333333432674408,0.6666666865348816,1.0
71,35,-13.366537094116211,28.265283584594727,0.5,0.5,0.75
71,36,-12.796699523925781,600.8526611328125,0.0,0.0,0.5
71,37,-6.72629976272583,28.880016326904297,0.5,0.5,1.0
71,38,-9.582290649414062,120.43923950195312,0.0,0.5,0.5
71,39,-3.6331348419189453,6.150709629058838,0.5,1.0,1.0
71,40,-17.5429744720459,346.42218017578125,0.3333333432674408,0.6666666865348816,0.6666666865348816
71,41,-15.361966133117676,12.940058708190918,0.5,0.6666666865348816,1.0
71,42,-6.217944145202637,7.945836544036865,0.6666666865348816,0.6666666865348816,1.0
71,43,-6.449863433837891,3.6326873302459717,0.6000000238418579,1.0,1.0
72,0,-1.6980998516082764,1.4044137001037598,0.800000011920929,1.0,1.0
72,1,-3.2429654598236084,2.947591781616211,0.6666666865348816,1.0,1.0
72,2,-2.8568830490112305,4.172192096710205,0.5,1.0,1.0
72,3,-6.537313461303711,2.5444178581237793,0.7142857313156128,1.0,1.0
72,4,-5.92543888092041,19.350522994995117,0.5,0.5,1.0
72,5,-14.54825210571289,127.66596984863281,0.3333333432674408,0.6666666865348816,0.6666666865348816
72,6,-5.127398490905762,1.6698600053787231,0.800000011920929,1.0,1.0
72,7,-16.26093292236328,58.278499603271484,0.25,0.5,1.0
72,8,-9.916059494018555,27.25816535949707,0.6666666865348816,0.6666666865348816,0.6666666865348816
72,9,-9.46537971496582,113.60072326660156,0.5,0.5,0.5
72,10,-1.375531792640686,3.9571807384490967,1.0,1.0,1.0
72,11,-6.337904453277588,565.6098022460938,0.0,0.0,1.0
72,12,-8.158327102661133,7.687393665313721,0.5,1.0,1.0
72,13,-15.042667388916016,20.25766944885254,0.800000011920929,0.800000011920929,0.800000011920929
72,14,-2.9421660900115967,2.6663808822631836,0.6666666865348816,1.0,1.0
72,15,-18.299894332885742,445.8420104980469,0.0,0.3333333432674408,0.6666666865348816
72,16,-13.879044532775879,32.12907028198242,0.5,0.5,1.0
72,17,-28.189102172851562,12044.544921875,0.0,0.0,0.3333333432674408
72,18,-5.542365550994873,255.2811737060547,0.0,0.0,1.0
72,19,-9.942804336547852,144.22898864746094,0.0,0.0,1.0
72,20,-25.96038246154785,658.5863037109375,0.25,0.25,0.5
72,21,-3.3297410011291504,5.284988880157471,0.5,1.0,1.0
72,22,-19.799283981323242,141.1497039794922,0.0,0.5,0.75
72,23,-18.301326751708984,38.87166213989258,0.6000000238418579,0.6000000238418579,0.800000011920929
72,24,-4.771928787231445,10.869540214538574,0.5,1.0,1.0
72,25,-9.115620613098145,20.87474822998047,0.3333333432674408,0.6666666865348816,1.0
72,26,-5.384868621826172,6.019211292266846,0.3333333432674408,1.0,1.0
72,27,-7.435628414154053,11.92387580871582,0.6666666865348816,0.6666666865348816,0.6666666865348816
72,28,-11.566718101501465,47.255672454833984,0.3333333432674408,0.6666666865348816,0.6666666865348816
72,29,-4.468637466430664,87.23777770996094,0.0,1.0,1.0
72,30,-10.472968101501465,13.71159839630127,0.75,0.75,0.75
72,31,-17.867233276367188,87.0783462524414,0.25,0.75,0.75
72,32,-1.8511279821395874,6.366997718811035,0.0,1.0,1.0
72,33,-5.076679706573486,12.658638000488281,0.0,1.0,1.0
72,34,-9.023641586303711,20.24444580078125,0.3333333432674408,0.6666666865348816,1.0
72,35,-13.392147064208984,28.44683265686035,0.5,0.5,0.75
72,36,-12.668079376220703,563.4281005859375,0.0,0.0,0.5
72,37,-6.727255344390869,28.893817901611328,0.5,0.5,1.0
72,38,-9.535244941711426,117.63922119140625,0.0,0.5,0.5
72,39,-3.6567556858062744,6.223783016204834,0.5,1.0,1.0
72,40,-17.510292053222656,342.66864013671875,0.3333333432674408,0.6666666865348816,0.6666666865348816
72,41,-15.41547966003418,13.05598258972168,0.5,0.6666666865348816,1.0
72,42,-6.207712650299072,7.918782711029053,0.6666666865348816,0.6666666865348816,1.0
72,43,-6.459258079528809,3.639519453048706,0.6000000238418579,1.0,1.0
73,0,-1.7258434295654297,1.4122281074523926,0.800000011920929,1.0,1.0
73,1,-3.3320751190185547,3.0364577770233154,0.6666666865348816,1.0,1.0
73,2,-2.835820198059082,4.128483295440674,0.5,1.0,1.0
73,3,-6.5467987060546875,2.547868013381958,0.7142857313156128,1.0,1.0
73,4,-5.899061679840088,19.09699249267578,0.5,0.5,1.0
73,5,-14.570721626281738,128.62579345703125,0.3333333432674408,0.6666666865348816,0.6666666865348816
73,6,-5.101329803466797,1.6655125617980957,0.800000011920929,1.0,1.0
73,7,-16.296768188476562,58.802947998046875,0.25,0.5,1.0
73,8,-9.737682342529297,25.684667587280273,0.6666666865348816,0.6666666865348816,0.6666666865348816
73,9,-9.414563179016113,110.75068664550781,0.5,0.5,0.5
73,10,-1.3725497722625732,3.9453978538513184,1.0,1.0,1.0
73,11,-6.315727233886719,553.2042236328125,0.0,0.0,1.0
73,12,-8.128714561462402,7.630692958831787,0.5,1.0,1.0
73,13,-15.025712966918945,20.189096450805664,0.800000011920929,0.800000011920929,0.800000011920929
73,14,-2.9813666343688965,2.701450824737549,0.6666666865348816,1.0,1.0
73,15,-18.338783264160156,451.6591796875,0.0,0.3333333432674408,0.6666666865348816
73,16,-13.850369453430176,31.899564743041992,0.5,0.5,1.0
73,17,-28.234439849853516,12227.9541015625,0.0,0.0,0.3333333432674408
73,18,-5.569008827209473,262.1741027832031,0.0,0.0,1.0
73,19,-9.952723503112793,144.94606018066406,0.0,0.0,1.0
73,20,-25.998048782348633,664.8172607421875,0.25,0.25,0.5
73,21,-3.2896201610565186,5.180026054382324,0.5,1.0,1.0
73,22,-19.974353790283203,147.4646453857422,0.0,0.5,0.75
73,23,-18.25440216064453,38.50855255126953,0.6000000238418579,0.6000000238418579,0.800000011920929
73,24,-4.742127895355225,10.708779335021973,0.5,1.0,1.0
73,25,-9.222505569458008,21.631887435913086,0.3333333432674408,0.6666666865348816,1.0
73,26,-5.4017486572265625,6.05317497253418,0.3333333432674408,1.0,1.0
73,27,-7.411596298217773,11.828740119934082,0.6666666865348816,0.6666666865348816,1.0
73,28,-11.55447769165039,47.06325912475586,0.3333333432674408,0.6666666865348816,0.6666666865348816
73,29,-4.481318473815918,88.35108184814453,0.0,1.0,1.0
73,30,-10.511297225952148,13.84361743927002,0.75,0.75,0.75
73,31,-18.000303268432617,90.02395629882812,0.25,0.75,0.75
73,32,-1.886108636856079,6.593660354614258,0.0,1.0,1.0
73,33,-5.0302348136901855,12.368061065673828,0.0,1.0,1.0
73,34,-8.965435028076172,19.855449676513672,0.3333333432674408,0.6666666865348816,1.0
73,35,-13.373815536499023,28.316761016845703,0.5,0.5,0.75
73,36,-12.741849899291992,584.5983276367188,0.0,0.0,0.5
73,37,-6.735924243927002,29.019329071044922,0.5,0.5,1.0
73,38,-9.581153869628906,120.37079620361328,0.0,0.5,0.5
73,39,-3.6501638889312744,6.203303337097168,0.5,1.0,1.0
73,40,-17.497997283935547,341.26727294921875,0.3333333432674408,0.6666666865348816,0.6666666865348816
73,41,-15.369622230529785,12.95658016204834,0.5,0.6666666865348816,1.0
73,42,-6.285271167755127,8.126174926757812,0.6666666865348816,0.6666666865348816,1.0
73,43,-6.3759307861328125,3.5793678760528564,0.6000000238418579,1.0,1.0
74,0,-1.750065565109253,1.4190860986709595,0.800000011920929,1.0,1.0
74,1,-3.2648017406463623,2.9691245555877686,0.6666666865348816,1.0,1.0
74,2,-2.8149635791778564,4.085653781890869,0.5,1.0,1.0
74,3,-6.502607822418213,2.531834363937378,0.7142857313156128,1.0,1.0
74,4,-5.864509105682373,18.769901275634766,0.5,0.5,1.0
74,5,-14.600574493408203,129.91209411621094,0.3333333432674408,0.6666666865348816,0.6666666865348816
74,6,-5.11671257019043,1.6680766344070435,0.800000011920929,1.0,1.0
74,7,-16.215160369873047,57.61540985107422,0.25,0.5,1.0
74,8,-9.86013412475586,26.75473403930664,0.6666666865348816,0.6666666865348816,0.6666666865348816
74,9,-9.409587860107422,110.47551727294922,0.5,0.5,0.5
74,10,-1.3562933206558228,3.8817780017852783,1.0,1.0,1.0
74,11,-6.324611663818359,558.1409912109375,0.0,0.0,1.0
74,12,-8.146626472473145,7.664939880371094,0.5,1.0,1.0
74,13,-14.989235877990723,20.042341232299805,0.800000011920929,0.800000011920929,0.800000011920929
74,14,-2.94862699508667,2.6721291542053223,0.6666666865348816,1.0,1.0
74,15,-18.485931396484375,474.3651123046875,0.0,0.3333333432674408,0.6666666865348816
74,16,-13.936877250671387,32.59696960449219,0.5,0.5,1.0
74,17,-28.27663803100586,12401.1650390625,0.0,0.0,0.3333333432674408
74,18,-5.531993865966797,252.6471710205078,0.0,0.0,1.0
74,19,-10.029327392578125,150.60548400878906,0.0,0.0,1.0
74,20,-26.05690574645996,674.671875,0.25,0.25,0.5
74,21,-3.2622578144073486,5.109639644622803,0.5,1.0,1.0
74,22,-19.925928115844727,145.6901397705078,0.0,0.5,0.75
74,23,-18.316192626953125,38.98740005493164,0.6000000238418579,0.6000000238418579,0.800000011920929
74,24,-4.725354194641113,10.619342803955078,0.5,1.0,1.0
74,25,-9.08534049987793,20.66511344909668,0.3333333432674408,0.6666666865348816,1.0
74,26,-5.35856819152832,5.966672420501709,0.3333333432674408,1.0,1.0
74,27,-7.42070198059082,11.86469554901123,0.6666666865348816,0.6666666865348816,1.0
74,28,-11.541672706604004,46.8628044128418,0.3333333432674408,0.6666666865348816,0.6666666865348816
74,29,-4.473872184753418,87.69564056396484,0.0,1.0,1.0
74,30,-10.614935874938965,14.206988334655762,0.75,0.75,0.75
74,31,-17.731971740722656,84.18299865722656,0.25,0.75,0.75
74,32,-1.8309123516082764,6.239576816558838,0.0,1.0,1.0
74,33,-5.145803451538086,13.103793144226074,0.0,1.0,1.0
74,34,-9.004976272583008,20.118881225585938,0.3333333432674408,0.6666666865348816,1.0
74,35,-13.44772720336914,28.844858169555664,0.5,0.5,0.75
74,36,-12.649104118347168,558.1077270507812,0.0,0.0,0.5
74,37,-6.716227054595947,28.73493194580078,0.5,0.5,1.0
74,38,-9.53490924835205,117.61947631835938,0.0,0.5,0.5
74,39,-3.629716157913208,6.140204906463623,0.5,1.0,1.0
74,40,-17.485815048217773,339.88427734375,0.3333333432674408,0.6666666865348816,0.6666666865348816
74,41,-15.445123672485352,13.120649337768555,0.5,0.6666666865348816,1.0
74,42,-6.2675347328186035,8.078274726867676,0.6666666865348816,0.6666666865348816,1.0
74,43,-6.47019624710083,3.6474897861480713,0.6000000238418579,1.0,1.0
75,0,-1.730689287185669,1.4135974645614624,0.800000011920929,1.0,1.0
75,1,-3.247319221496582,2.9518728256225586,0.6666666865348816,1.0,1.0
75,2,-2.8173036575317383,4.090436935424805,0.5,1.0,1.0
75,3,-6.5189948081970215,2.5377681255340576,0.7142857313156128,1.0,1.0
75,4,-5.892902851104736,19.03827476501465,0.5,0.5,1.0
75,5,-14.493741989135742,125.36724090576172,0.3333333432674408,0.6666666865348816,0.6666666865348816
75,6,-5.117846488952637,1.6682658195495605,0.800000011920929,1.0,1.0
75,7,-16.223173141479492,57.73094177246094,0.25,0.5,1.0
75,8,-9.814949035644531,26.354778289794922,0.6666666865348816,0.6666666865348816,0.6666666865348816
75,9,-9.34553337097168,106.99335479736328,0.5,0.5,0.5
75,10,-1.357831597328186,3.88775372505188,1.0,1.0,1.0
75,11,-6.422671318054199,615.6455078125,0.0,0.0,1.0
75,12,-8.067118644714355,7.514088153839111,0.5,1.0,1.0
75,13,-14.976944923400879,19.993135452270508,0.800000011920929,0.800000011920929,0.800000011920929
75,14,-2.9652259349823,2.686955213546753,0.6666666865348816,1.0,1.0
75,15,-18.347198486328125,452.9277648925781,0.0,0.3333333432674408,0.6666666865348816
75,16,-13.849138259887695,31.889747619628906,0.5,0.5,1.0
75,17,-28.34189796447754,12673.8876953125,0.0,0.0,0.3333333432674408
75,18,-5.572172164916992,263.0047607421875,0.0,0.0,1.0
75,19,-9.997541427612305,148.2308349609375,0.0,0.0,1.0
75,20,-25.9486083984375,656.650634765625,0.25,0.25,0.5
75,21,-3.295952320098877,5.1964521408081055,0.5,1.0,1.0
75,22,-19.93454360961914,146.0042724609375,0.0,0.5,0.75
75,23,-18.237789154052734,38.38081359863281,0.6000000238418579,0.6000000238418579,0.800000011920929
75,24,-4.735666751861572,10.674240112304688,0.5,1.0,1.0
75,25,-9.228095054626465,21.672229766845703,0.3333333432674408,0.6666666865348816,1.0
75,26,-5.338433265686035,5.926760196685791,0.3333333432674408,1.0,1.0
75,27,-7.357929706573486,11.619017601013184,0.6666666865348816,0.6666666865348816,1.0
75,28,-11.457025527954102,45.559017181396484,0.3333333432674408,0.6666666865348816,0.6666666865348816
75,29,-4.4215850830078125,83.22810363769531,0.0,1.0,1.0
75,30,-10.455906867980957,13.653238296508789,0.75,0.75,0.75
75,31,-17.95241355895996,88.95257568359375,0.25,0.75,0.75
75,32,-1.8528356552124023,6.3778791427612305,0.0,1.0,1.0
75,33,-5.096980571746826,12.7877836227417,0.0,1.0,1.0
75,34,-9.037548065185547,20.33850860595703,0.3333333432674408,0.6666666865348816,1.0
75,35,-13.422142028808594,28.660947799682617,0.5,0.5,0.75
75,36,-12.668649673461914,563.5887451171875,0.0,0.0,0.5
75,37,-6.702946186065674,28.54475212097168,0.5,0.5,1.0
75,38,-9.56888198852539,119.63446807861328,0.0,0.5,0.5
75,39,-3.6609816551208496,6.236947536468506,0.5,1.0,1.0
75,40,-17.65896987915039,360.0790100097656,0.3333333432674408,0.6666666865348816,0.6666666865348816
75,41,-15.444347381591797,13.118950843811035,0.5,0.6666666865348816,1.0
75,42,-6.223133087158203,7.959592342376709,0.6666666865348816,0.6666666865348816,1.0
75,43,-6.4490485191345215,3.6320953369140625,0.6000000238418579,1.0,1.0
76,0,-1.7353534698486328,1.414916753768921,0.800000011920929,1.0,1.0
76,1,-3.286665916442871,2.990842819213867,0.6666666865348816,1.0,1.0
76,2,-2.8361024856567383,4.129065990447998,0.5,1.0,1.0
76,3,-6.494129180908203,2.5287694931030273,0.7142857313156128,1.0,1.0
76,4,-5.848433971405029,18.61964225769043,0.5,0.5,1.0
76,5,-14.557825088500977,128.07400512695312,0.3333333432674408,0.6666666865348816,0.6666666865348816
76,6,-5.056252956390381,1.6580220460891724,0.800000011920929,1.0,1.0
76,7,-16.29297637939453,58.74723434448242,0.25,0.5,1.0
76,8,-9.84135627746582,26.587787628173828,0.6666666865348816,0.6666666865348816,0.6666666865348816
76,9,-9.459298133850098,113.25581359863281,0.5,0.5,0.5
76,10,-1.3660448789596558,3.919816493988037,1.0,1.0,1.0
76,11,-6.430912971496582,620.7404174804688,0.0,0.0,1.0
76,12,-8.05899429321289,7.498841762542725,0.5,1.0,1.0
76,13,-14.963878631591797,19.940956115722656,0.800000011920929,0.800000011920929,0.800000011920929
76,14,-2.968508720397949,2.689897060394287,0.6666666865348816,1.0,1.0
76,15,-18.448509216308594,468.4845886230469,0.0,0.3333333432674408,0.6666666865348816
76,16,-13.916385650634766,32.43040466308594,0.5,0.5,1.0
76,17,-28.264787673950195,12352.275390625,0.0,0.0,0.3333333432674408
76,18,-5.579252243041992,264.87347412109375,0.0,0.0,1.0
76,19,-9.991689682006836,147.79776000976562,0.0,0.0,1.0
76,20,-25.97943115234375,661.7301025390625,0.25,0.25,0.5
76,21,-3.3430490493774414,5.320272445678711,0.5,1.0,1.0
76,22,-20.078258514404297,151.34539794921875,0.0,0.5,0.75
76,23,-18.224594116210938,38.27967071533203,0.6000000238418579,0.6000000238418579,0.800000011920929
76,24,-4.692536354064941,10.446512222290039,0.5,1.0,1.0
76,25,-9.216718673706055,21.5902042388916,0.3333333432674408,0.6666666865348816,1.0
76,26,-5.327252388000488,5.904712677001953,0.3333333432674408,1.0,1.0
76,27,-7.4500603675842285,11.981375694274902,0.6666666865348816,0.6666666865348816,1.0
76,28,-11.552947998046875,47.03926467895508,0.3333333432674408,0.6666666865348816,0.6666666865348816
76,29,-4.447427272796631,85.40692901611328,0.0,1.0,1.0
76,30,-10.517834663391113,13.866262435913086,0.75,0.75,0.75
76,31,-17.957422256469727,89.06403350830078,0.25,0.75,0.75
76,32,-1.849289894104004,6.355305194854736,0.0,1.0,1.0
76,33,-5.198033809661865,13.450508117675781,0.0,1.0,1.0
76,34,-9.004189491271973,20.113605499267578,0.3333333432674408,0.6666666865348816,1.0
76,35,-13.383155822753906,28.382959365844727,0.5,0.5,0.75
76,36,-12.768142700195312,592.3344116210938,0.0,0.0,0.5
76,37,-6.74800443649292,29.195138931274414,0.5,0.5,1.0
76,38,-9.508724212646484,116.0895767211914,0.0,0.5,0.5
76,39,-3.6306557655334473,6.14309024810791,0.5,1.0,1.0
76,40,-17.560718536376953,348.4772033691406,0.3333333432674408,0.6666666865348816,0.6666666865348816
76,41,-15.443811416625977,13.117780685424805,0.5,0.6666666865348816,1.0
76,42,-6.253156661987305,8.039650917053223,0.6666666865348816,0.6666666865348816,1.0
76,43,-6.472174644470215,3.6489334106445312,0.6000000238418579,1.0,1.0
77,0,-1.704361081123352,1.406173586845398,0.800000011920929,1.0,1.0
77,1,-3.2473325729370117,2.95188570022583,0.6666666865348816,1.0,1.0
77,2,-2.83682918548584,4.130566596984863,0.5,1.0,1.0
77,3,-6.452080726623535,2.513624668121338,0.7142857313156128,1.0,1.0
77,4,-5.922116279602051,19.318403244018555,0.5,0.5,1.0
77,5,-14.567821502685547,128.50146484375,0.3333333432674408,0.6666666865348816,0.6666666865348816
77,6,-5.095869064331055,1.664603352546692,0.800000011920929,1.0,1.0
77,7,-16.245532989501953,58.05455780029297,0.25,0.5,1.0
77,8,-9.948548316955566,27.554967880249023,0.6666666865348816,0.6666666865348816,0.6666666865348816
77,9,-9.431367874145508,111.68517303466797,0.5,0.5,0.5
77,10,-1.3700357675552368,3.9354913234710693,1.0,1.0,1.0
77,11,-6.409210205078125,607.413818359375,0.0,0.0,1.0
77,12,-8.176738739013672,7.7228593826293945,0.5,1.0,1.0
77,13,-15.014352798461914,20.14327621459961,0.800000011920929,0.800000011920929,0.800000011920929
77,14,-2.9728291034698486,2.6937735080718994,0.6666666865348816,1.0,1.0
77,15,-18.436603546142578,466.6289978027344,0.0,0.3333333432674408,0.6666666865348816
77,16,-13.846476554870605,31.868534088134766,0.5,0.5,1.0
77,17,-28.300094604492188,12498.51171875,0.0,0.0,0.3333333432674408
77,18,-5.573306560516357,263.30328369140625,0.0,0.0,1.0
77,19,-9.981452941894531,147.043212890625,0.0,0.0,1.0
77,20,-25.963850021362305,659.1575317382812,0.25,0.25,0.5
77,21,-3.2474446296691895,5.071934700012207,0.5,1.0,1.0
77,22,-19.846477508544922,142.82489013671875,0.0,0.5,0.75
77,23,-18.210678100585938,38.173274993896484,0.6000000238418579,0.6000000238418579,0.800000011920929
77,24,-4.769044876098633,10.853878021240234,0.5,1.0,1.0
77,25,-9.16251277923584,21.203598022460938,0.3333333432674408,0.6666666865348816,1.0
77,26,-5.331479072570801,5.9130377769470215,0.3333333432674408,1.0,1.0
77,27,-7.419771671295166,11.861019134521484,0.6666666865348816,0.6666666865348816,1.0
77,28,-11.541314125061035,46.85720443725586,0.3333333432674408,0.6666666865348816,0.6666666865348816
77,29,-4.4804534912109375,88.27469635009766,0.0,1.0,1.0
77,30,-10.538043022155762,13.936492919921875,0.75,0.75,0.75
77,31,-18.047985076904297,91.10350799560547,0.25,0.75,0.75
77,32,-1.8705568313598633,6.491910934448242,0.0,1.0,1.0
77,33,-5.068706512451172,12.608274459838867,0.0,1.0,1.0
77,34,-9.04864501953125,20.41387939453125,0.3333333432674408,0.6666666865348816,1.0
77,35,-13.325546264648438,27.977108001708984,0.5,0.5,0.75
77,36,-12.76291275024414,590.7874755859375,0.0,0.0,0.5
77,37,-6.7704925537109375,29.5252628326416,0.5,0.5,1.0
77,38,-9.572465896606445,119.84903717041016,0.0,0.5,0.5
77,39,-3.6327767372131348,6.149608612060547,0.5,1.0,1.0
77,40,-17.535669326782227,345.57958984375,0.3333333432674408,0.6666666865348816,0.6666666865348816
77,41,-15.444377899169922,13.119019508361816,0.5,0.6666666865348816,1.0
77,42,-6.2064080238342285,7.915339469909668,0.6666666865348816,0.6666666865348816,1.0
77,43,-6.446232318878174,3.6300501823425293,0.6000000238418579,1.0,1.0
78,0,-1.7216981649398804,1.4110578298568726,0.800000011920929,1.0,1.0
78,1,-3.2433881759643555,2.948007345199585,0.6666666865348816,1.0,1.0
78,2,-2.8332836627960205,4.123250484466553,0.5,1.0,1.0
78,3,-6.4899091720581055,2.527245283126831,0.7142857313156128,1.0,1.0
78,4,-5.895255088806152,19.060680389404297,0.5,0.5,1.0
78,5,-14.59139347076416,129.51512145996094,0.3333333432674408,0.6666666865348816,0.6666666865348816
78,6,-5.059091567993164,1.6584926843643188,0.800000011920929,1.0,1.0
78,7,-16.213090896606445,57.58561325073242,0.25,0.5,1.0
78,8,-9.794892311096191,26.17917251586914,0.6666666865348816,0.6666666865348816,0.6666666865348816
78,9,-9.462533950805664,113.43919372558594,0.5,0.5,0.5
78,10,-1.3602867126464844,3.897310495376587,1.0,1.0,1.0
78,11,-6.432762622833252,621.8896484375,0.0,0.0,1.0
78,12,-8.077033996582031,7.532737731933594,0.5,1.0,1.0
78,13,-15.03772258758545,20.237646102905273,0.800000011920929,0.800000011920929,0.800000011920929
78,14,-2.982107400894165,2.702117919921875,0.6666666865348816,1.0,1.0
78,15,-18.343406677246094,452.35577392578125,0.0,0.3333333432674408,0.6666666865348816
78,16,-13.86158561706543,31.989137649536133,0.5,0.5,1.0
78,17,-28.265430450439453,12354.92578125,0.0,0.0,0.3333333432674408
78,18,-5.557092666625977,259.06854248046875,0.0,0.0,1.0
78,19,-9.96690845489502,145.97775268554688,0.0,0.0,1.0
78,20,-26.036441802978516,671.2290649414062,0.25,0.25,0.5
78,21,-3.3001351356506348,5.207331657409668,0.5,1.0,1.0
78,22,-19.87542152404785,143.8621368408203,0.0,0.5,0.75
78,23,-18.176584243774414,37.91386413574219,0.6000000238418579,0.6000000238418579,0.800000011920929
78,24,-4.748310089111328,10.74193286895752,0.5,1.0,1.0
78,25,-9.132682800292969,20.993810653686523,0.3333333432674408,0.6666666865348816,1.0
78,26,-5.415284156799316,6.080547332763672,0.3333333432674408,1.0,1.0
78,27,-7.44331693649292,11.954473495483398,0.6666666865348816,0.6666666865348816,1.0
78,28,-11.564618110656738,47.22260284423828,0.3333333432674408,0.6666666865348816,0.6666666865348816
78,29,-4.499051094055176,89.93175506591797,0.0,1.0,1.0
78,30,-10.488052368164062,13.763402938842773,0.75,0.75,0.75
78,31,-17.94818878173828,88.85867309570312,0.25,0.75,0.75
78,32,-1.8453174829483032,6.330109119415283,0.0,1.0,1.0
78,33,-5.1415019035339355,13.075639724731445,0.0,1.0,1.0
78,34,-8.966875076293945,19.864980697631836,0.3333333432674408,0.6666666865348816,1.0
78,35,-13.447572708129883,28.843746185302734,0.5,0.5,0.75
78,36,-12.730125427246094,581.1812744140625,0.0,0.0,0.5
78,37,-6.737551212310791,29.042943954467773,0.5,0.5,1.0
78,38,-9.58987808227539,120.89701080322266,0.0,0.5,0.5
78,39,-3.661431074142456,6.238348960876465,0.5,1.0,1.0
78,40,-17.5488224029541,347.0981140136719,0.3333333432674408,0.6666666865348816,0.6666666865348816
78,41,-15.387533187866211,12.99531364440918,0.5,0.6666666865348816,1.0
78,42,-6.293008804321289,8.147161483764648,0.6666666865348816,0.6666666865348816,1.0
78,43,-6.451711654663086,3.63403058052063,0.6000000238418579,1.0,1.0
79,0,-1.7314155101776123,1.4138027429580688,0.800000011920929,1.0,1.0
79,1,-3.2548046112060547,2.959246873855591,0.6666666865348816,1.0,1.0
79,2,-2.8254692554473877,4.107171535491943,0.5,1.0,1.0
79,3,-6.512140274047852,2.5352842807769775,0.7142857313156128,1.0,1.0
79,4,-5.932712078094482,19.4210205078125,0.5,0.5,1.0
79,5,-14.598718643188477,129.83177185058594,0.3333333432674408,0.6666666865348816,0.6666666865348816
79,6,-5.096927165985107,1.6647796630859375,0.800000011920929,1.0,1.0
79,7,-16.145244598388672,56.617103576660156,0.25,0.5,1.0
79,8,-9.815692901611328,26.36131477355957,0.6666666865348816,0.6666666865348816,0.6666666865348816
79,9,-9.466824531555176,113.68282318115234,0.5,0.5,0.5
79,10,-1.3588414192199707,3.891681671142578,1.0,1.0,1.0
79,11,-6.331573486328125,562.0402221679688,0.0,0.0,1.0
79,12,-8.12795639038086,7.629246711730957,0.5,1.0,1.0
79,13,-15.043051719665527,20.259225845336914,0.800000011920929,0.800000011920929,0.800000011920929
79,14,-2.962510585784912,2.6845242977142334,0.6666666865348816,1.0,1.0
79,15,-18.40169334411621,461.2304382324219,0.0,0.3333333432674408,0.6666666865348816
79,16,-13.863750457763672,32.0064582824707,0.5,0.5,1.0
79,17,-28.278593063354492,12409.2568359375,0.0,0.0,0.3333333432674408
79,18,-5.523855209350586,250.59930419921875,0.0,0.0,1.0
79,19,-10.029977798461914,150.6544647216797,0.0,0.0,1.0
79,20,-26.077966690063477,678.2335205078125,0.25,0.25,0.5
79,21,-3.314328193664551,5.2444167137146,0.5,1.0,1.0
79,22,-19.967153549194336,147.19944763183594,0.0,0.5,0.75
79,23,-18.12169647216797,37.49993896484375,0.6000000238418579,0.6000000238418579,0.800000011920929
79,24,-4.74326753616333,10.714882850646973,0.5,1.0,1.0
79,25,-9.167194366455078,21.236713409423828,0.3333333432674408,0.6666666865348816,1.0
79,26,-5.375513553619385,6.000470161437988,0.3333333432674408,1.0,1.0
79,27,-7.444681644439697,11.95991325378418,0.6666666865348816,0.6666666865348816,1.0
79,28,-11.560423851013184,47.15663146972656,0.3333333432674408,0.6666666865348816,0.6666666865348816
79,29,-4.367125511169434,78.8167495727539,0.0,1.0,1.0
79,30,-10.538284301757812,13.937333106994629,0.75,0.75,0.75
79,31,-17.802398681640625,85.67830657958984,0.25,0.75,0.75
79,32,-1.8115651607513428,6.12001895904541,0.0,1.0,1.0
79,33,-5.195924758911133,13.436331748962402,0.0,1.0,1.0
79,34,-9.022298812866211,20.235387802124023,0.3333333432674408,0.6666666865348816,1.0
79,35,-13.419951438903809,28.64525604248047,0.5,0.5,0.75
79,36,-12.658380508422852,560.702392578125,0.0,0.0,0.5
79,37,-6.745095729827881,29.1527099609375,0.5,0.5,1.0
79,38,-9.555377960205078,118.82942199707031,0.0,0.5,0.5
79,39,-3.6337168216705322,6.152499675750732,0.5,1.0,1.0
79,40,-17.483413696289062,339.6122741699219,0.3333333432674408,0.6666666865348816,0.6666666865348816
79,41,-15.411277770996094,13.046844482421875,0.5,0.6666666865348816,1.0
79,42,-6.2289323806762695,7.97499418258667,0.6666666865348816,0.6666666865348816,1.0
79,43,-6.420529842376709,3.6114377975463867,0.6000000238418579,1.0,1.0
80,0,-1.7149168252944946,1.4091453552246094,0.800000011920929,1.0,1.0
80,1,-3.267125129699707,2.9714252948760986,0.6666666865348816,1.0,1.0
80,2,-2.843548059463501,4.144466400146484,0.5,1.0,1.0
80,3,-6.543909549713135,2.54681658744812,0.7142857313156128,1.0,1.0
80,4,-5.917011260986328,19.269155502319336,0.5,0.5,1.0
80,5,-14.478278160095215,124.72268676757812,0.3333333432674408,0.6666666865348816,0.6666666865348816
80,6,-5.041512489318848,1.655579686164856,0.800000011920929,1.0,1.0
80,7,-16.242902755737305,58.016395568847656,0.25,0.5,1.0
80,8,-9.882272720336914,26.95290184020996,0.6666666865348816,0.6666666865348816,0.6666666865348816
80,9,-9.504049301147461,115.81854248046875,0.5,0.5,0.5
80,10,-1.3685227632522583,3.9295413494110107,1.0,1.0,1.0
80,11,-6.321049690246582,556.156494140625,0.0,0.0,1.0
80,12,-8.094035148620605,7.564821720123291,0.5,1.0,1.0
80,13,-15.040931701660156,20.250638961791992,0.800000011920929,0.800000011920929,0.800000011920929
80,14,-3.0038704872131348,2.7217912673950195,0.6666666865348816,1.0,1.0
80,15,-18.499462127685547,476.50927734375,0.0,0.3333333432674408,0.6666666865348816
80,16,-13.907737731933594,32.36036682128906,0.5,0.5,1.0
80,17,-28.257617950439453,12322.7900390625,0.0,0.0,0.3333333432674408
80,18,-5.563333988189697,260.6905212402344,0.0,0.0,1.0
80,19,-9.959030151367188,145.4038543701172,0.0,0.0,1.0
80,20,-26.1986026763916,699.0,0.25,0.25,0.5
80,21,-3.345637321472168,5.327162265777588,0.5,1.0,1.0
80,22,-19.928203582763672,145.77304077148438,0.0,0.5,0.75
80,23,-18.189706802368164,38.01350021362305,0.6000000238418579,0.6000000238418579,0.800000011920929
80,24,-4.7642292976379395,10.827775955200195,0.5,1.0,1.0
80,25,-9.113574981689453,20.860517501831055,0.3333333432674408,0.6666666865348816,1.0
80,26,-5.338079929351807,5.926062107086182,0.3333333432674408,1.0,1.0
80,27,-7.435978889465332,11.92526912689209,0.6666666865348816,0.6666666865348816,1.0
80,28,-11.497096061706543,46.1716194152832,0.3333333432674408,0.6666666865348816,0.6666666865348816
80,29,-4.478801250457764,88.12895965576172,0.0,1.0,1.0
80,30,-10.56652545928955,14.036083221435547,0.75,0.75,0.75
80,31,-17.743467330932617,84.42527770996094,0.25,0.75,0.75
80,32,-1.846090316772461,6.33500337600708,0.0,1.0,1.0
80,33,-5.1921796798706055,13.411194801330566,0.0,1.0,1.0
80,34,-9.056265830993652,20.46579933166504,0.3333333432674408,0.6666666865348816,1.0
80,35,-13.411781311035156,28.586807250976562,0.5,0.5,0.75
80,36,-12.705110549926758,573.9574584960938,0.0,0.0,0.5
80,37,-6.714076042175293,28.704044342041016,0.5,0.5,1.0
80,38,-9.528987884521484,117.27175903320312,0.0,0.5,0.5
80,39,-3.662663221359253,6.242193222045898,0.5,1.0,1.0
80,40,-17.635412216186523,357.2625427246094,0.3333333432674408,0.6666666865348816,0.6666666865348816
80,41,-15.356581687927246,12.928450584411621,0.5,0.6666666865348816,1.0
80,42,-6.161534309387207,7.797823905944824,0.6666666865348816,0.6666666865348816,1.0
80,43,-6.420074939727783,3.6111090183258057,0.6000000238418579,1.0,1.0
81,0,-1.7012237310409546,1.4052915573120117,0.800000011920929,1.0,1.0
81,1,-3.2883355617523193,2.9925079345703125,0.6666666865348816,1.0,1.0
81,2,-2.8177928924560547,4.091437816619873,0.5,1.0,1.0
81,3,-6.463674068450928,2.5177910327911377,0.7142857313156128,1.0,1.0
81,4,-5.957713603973389,19.66532325744629,0.5,0.5,1.0
81,5,-14.531167030334473,126.94099426269531,0.3333333432674408,0.6666666865348816,0.6666666865348816
81,6,-5.143704891204834,1.6725852489471436,0.800000011920929,1.0,1.0
81,7,-16.30284881591797,58.89241027832031,0.25,0.5,1.0
81,8,-9.869621276855469,26.8394775390625,0.6666666865348816,0.6666666865348816,0.6666666865348816
81,9,-9.379678726196289,108.83570098876953,0.5,0.5,0.5
81,10,-1.389360785484314,4.012284755706787,1.0,1.0,1.0
81,11,-6.361820220947266,579.2998046875,0.0,0.0,1.0
81,12,-8.083451271057129,7.544832229614258,0.5,1.0,1.0
81,13,-14.955617904663086,19.908039093017578,0.800000011920929,0.800000011920929,0.800000011920929
81,14,-2.9781737327575684,2.6985769271850586,0.6666666865348816,1.0,1.0
81,15,-18.45009994506836,468.7330627441406,0.0,0.3333333432674408,0.6666666865348816
81,16,-13.78071403503418,31.348878860473633,0.5,0.5,1.0
81,17,-28.208248138427734,12121.658203125,0.0,0.0,0.3333333432674408
81,18,-5.519255638122559,249.4492950439453,0.0,0.0,1.0
81,19,-10.006508827209473,148.89694213867188,0.0,0.0,1.0
81,20,-25.949567794799805,656.8081665039062,0.25,0.25,0.5
81,21,-3.2707836627960205,5.131468296051025,0.5,1.0,1.0
81,22,-19.956127166748047,146.7942352294922,0.0,0.5,0.75
81,23,-18.14381217956543,37.666175842285156,0.6000000238418579,0.6000000238418579,0.800000011920929
81,24,-4.784435272216797,10.937723159790039,0.5,1.0,1.0
81,25,-9.20401668548584,21.498981475830078,0.3333333432674408,0.6666666865348816,1.0
81,26,-5.343080520629883,5.935948848724365,0.3333333432674408,1.0,1.0
81,27,-7.445302963256836,11.962390899658203,0.6666666865348816,0.6666666865348816,1.0
81,28,-11.64726448059082,48.5416145324707,0.3333333432674408,0.6666666865348816,0.6666666865348816
81,29,-4.514210224151611,91.30542755126953,0.0,1.0,1.0
81,30,-10.54314136505127,13.954268455505371,0.75,0.75,0.75
81,31,-17.906219482421875,87.93121337890625,0.25,0.75,0.75
81,32,-1.8545609712600708,6.388893127441406,0.0,1.0,1.0
81,33,-5.146541118621826,13.108627319335938,0.0,1.0,1.0
81,34,-9.00628662109375,20.127670288085938,0.3333333432674408,0.6666666865348816,1.0
81,35,-13.435776710510254,28.758811950683594,0.5,0.5,0.75
81,36,-12.794801712036133,600.2827758789062,0.0,0.0,0.5
81,37,-6.717776298522949,28.757198333740234,0.5,0.5,1.0
81,38,-9.52889633178711,117.26639556884766,0.0,0.5,0.5
81,39,-3.652022361755371,6.209070205688477,0.5,1.0,1.0
81,40,-17.490798950195312,340.4493713378906,0.3333333432674408,0.6666666865348816,0.6666666865348816
81,41,-15.378965377807617,12.976771354675293,0.5,0.6666666865348816,1.0
81,42,-6.219514846801758,7.949997425079346,0.6666666865348816,0.6666666865348816,1.0
81,43,-6.523454189300537,3.686548948287964,0.6000000238418579,1.0,1.0
82,0,-1.6958645582199097,1.403786063194275,0.800000011920929,1.0,1.0
82,1,-3.2652745246887207,2.969592809677124,0.6666666865348816,1.0,1.0
82,2,-2.824216842651367,4.10460090637207,0.5,1.0,1.0
82,3,-6.554359436035156,2.550621509552002,0.7142857313156128,1.0,1.0
82,4,-5.942738056182861,19.51862335205078,0.5,0.5,1.0
82,5,-14.587692260742188,129.35545349121094,0.3333333432674408,0.6666666865348816,0.6666666865348816
82,6,-5.061890602111816,1.6589568853378296,0.800000011920929,1.0,1.0
82,7,-16.242462158203125,58.010005950927734,0.25,0.5,1.0
82,8,-9.850112915039062,26.665508270263672,0.6666666865348816,0.6666666865348816,0.6666666865348816
82,9,-9.393375396728516,109.58360290527344,0.5,0.5,0.5
82,10,-1.3681870698928833,3.928222417831421,1.0,1.0,1.0
82,11,-6.365165710449219,581.2411499023438,0.0,0.0,1.0
82,12,-8.079832077026367,7.538008689880371,0.5,1.0,1.0
82,13,-14.881891250610352,19.616640090942383,0.800000011920929,0.800000011920929,0.800000011920929
82,14,-2.949474334716797,2.672884225845337,0.6666666865348816,1.0,1.0
82,15,-18.442352294921875,467.5241394042969,0.0,0.3333333432674408,0.6666666865348816
82,16,-13.835773468017578,31.783374786376953,0.5,0.5,1.0
82,17,-28.374521255493164,12812.4638671875,0.0,0.0,0.3333333432674408
82,18,-5.573342323303223,263.3127136230469,0.0,0.0,1.0
82,19,-9.958630561828613,145.37481689453125,0.0,0.0,1.0
82,20,-26.12160301208496,685.6729125976562,0.25,0.25,0.5
82,21,-3.2974600791931152,5.200371265411377,0.5,1.0,1.0
82,22,-19.961259841918945,146.9827117919922,0.0,0.5,0.75
82,23,-18.575286865234375,41.060943603515625,0.6000000238418579,0.6000000238418579,0.800000011920929
82,24,-4.7101874351501465,10.539116859436035,0.5,1.0,1.0
82,25,-9.215815544128418,21.583703994750977,0.3333333432674408,0.6666666865348816,1.0
82,26,-5.330692291259766,5.911487579345703,0.3333333432674408,1.0,1.0
82,27,-7.422216892242432,11.870688438415527,0.6666666865348816,0.6666666865348816,1.0
82,28,-11.567258834838867,47.264190673828125,0.3333333432674408,0.6666666865348816,0.6666666865348816
82,29,-4.484881401062012,88.66643524169922,0.0,1.0,1.0
82,30,-10.564136505126953,14.027702331542969,0.75,0.75,0.75
82,31,-17.954071044921875,88.98944091796875,0.25,0.75,0.75
82,32,-1.8672327995300293,6.470366954803467,0.0,1.0,1.0
82,33,-5.213815689086914,13.557065963745117,0.0,1.0,1.0
82,34,-9.1015625,20.777158737182617,0.3333333432674408,0.6666666865348816,1.0
82,35,-13.41965103149414,28.643104553222656,0.5,0.5,0.75
82,36,-12.703032493591309,573.3614501953125,0.0,0.0,0.5
82,37,-6.774990558624268,29.59174156188965,0.5,0.5,1.0
82,38,-9.530086517333984,117.33619689941406,0.0,0.5,0.5
82,39,-3.6347289085388184,6.155613899230957,0.5,1.0,1.0
82,40,-17.510787963867188,342.7253112792969,0.3333333432674408,0.6666666865348816,0.6666666865348816
82,41,-15.396566390991211,13.014894485473633,0.5,0.6666666865348816,1.0
82,42,-6.175261497497559,7.8335862159729,0.6666666865348816,0.6666666865348816,1.0
82,43,-6.407344818115234,3.6019270420074463,0.6000000238418579,1.0,1.0
83,0,-1.7410633563995361,1.4165334701538086,0.800000011920929,1.0,1.0
83,1,-3.2421228885650635,2.9467642307281494,0.6666666865348816,1.0,1.0
83,2,-2.8152763843536377,4.0862932205200195,0.5,1.0,1.0
83,3,-6.5442023277282715,2.5469231605529785,0.7142857313156128,1.0,1.0
83,4,-5.892581939697266,19.035221099853516,0.5,0.5,1.0
83,5,-14.546289443969727,127.58247375488281,0.3333333432674408,0.6666666865348816,0.6666666865348816
83,6,-5.147587776184082,1.6732348203659058,0.800000011920929,1.0,1.0
83,7,-16.217803955078125,57.653499603271484,0.25,0.5,1.0
83,8,-9.800511360168457,26.22825050354004,0.6666666865348816,0.6666666865348816,0.6666666865348816
83,9,-9.444877624511719,112.44214630126953,0.5,0.5,0.5
83,10,-1.361783742904663,3.903149127960205,1.0,1.0,1.0
83,11,-6.338556289672852,565.9786376953125,0.0,0.0,1.0
83,12,-8.146341323852539,7.664392948150635,0.5,1.0,1.0
83,13,-14.985414505004883,20.02703094482422,0.800000011920929,0.800000011920929,0.800000011920929
83,14,-2.9123568534851074,2.6400177478790283,0.6666666865348816,1.0,1.0
83,15,-18.409862518310547,462.4881896972656,0.0,0.3333333432674408,0.6666666865348816
83,16,-13.913766860961914,32.4091796875,0.5,0.5,1.0
83,17,-28.30923080444336,12536.62890625,0.0,0.0,0.3333333432674408
83,18,-5.560415744781494,259.9308776855469,0.0,0.0,1.0
83,19,-10.048246383666992,152.03689575195312,0.0,0.0,1.0
83,20,-26.055988311767578,674.5171508789062,0.25,0.25,0.5
83,21,-3.3214073181152344,5.263012886047363,0.5,1.0,1.0
83,22,-20.05509376525879,150.47145080566406,0.0,0.5,0.75
83,23,-18.24632453918457,38.44639205932617,0.6000000238418579,0.6000000238418579,0.800000011920929
83,24,-4.73598575592041,10.675943374633789,0.5,1.0,1.0
83,25,-9.1785306930542,21.317113876342773,0.3333333432674408,0.6666666865348816,1.0
83,26,-5.348129749298096,5.945948123931885,0.3333333432674408,1.0,1.0
83,27,-7.393396377563477,11.757195472717285,0.6666666865348816,0.6666666865348816,1.0
83,28,-11.627392768859863,48.22114181518555,0.3333333432674408,0.6666666865348816,0.6666666865348816
83,29,-4.454922676086426,86.04949951171875,0.0,1.0,1.0
83,30,-10.452139854431152,13.640386581420898,0.75,0.75,0.75
83,31,-17.934465408325195,88.5543441772461,0.25,0.75,0.75
83,32,-1.777099847793579,5.912683963775635,0.0,1.0,1.0
83,33,-5.187470436096191,13.379653930664062,0.0,1.0,1.0
83,34,-9.049273490905762,20.418155670166016,0.3333333432674408,0.6666666865348816,1.0
83,35,-13.43582534790039,28.7591609954834,0.5,0.5,0.75
83,36,-12.609325408935547,547.1170043945312,0.0,0.0,0.5
83,37,-6.771729946136475,29.543535232543945,0.5,0.5,1.0
83,38,-9.602664947509766,121.67243194580078,0.0,0.5,0.5
83,39,-3.628758430480957,6.137265205383301,0.5,1.0,1.0
83,40,-17.510610580444336,342.705078125,0.3333333432674408,0.6666666865348816,0.6666666865348816
83,41,-15.322868347167969,12.856008529663086,0.5,0.6666666865348816,1.0
83,42,-6.258650302886963,8.054386138916016,0.6666666865348816,0.6666666865348816,1.0
83,43,-6.490215301513672,3.662122964859009,0.6000000238418579,1.0,1.0
84,0,-1.7340447902679443,1.4145464897155762,0.800000011920929,1.0,1.0
84,1,-3.3316256999969482,3.036003351211548,0.6666666865348816,1.0,1.0
84,2,-2.8244223594665527,4.105022430419922,0.5,1.0,1.0
84,3,-6.466477394104004,2.5187997817993164,0.7142857313156128,1.0,1.0
84,4,-5.968532085418701,19.77198600769043,0.5,0.5,1.0
84,5,-14.628166198730469,131.11244201660156,0.3333333432674408,0.6666666865348816,0.6666666865348816
84,6,-5.11775016784668,1.6682497262954712,0.800000011920929,1.0,1.0
84,7,-16.264917373657227,58.336578369140625,0.25,0.5,1.0
84,8,-9.878499031066895,26.919021606445312,0.6666666865348816,0.6666666865348816,0.6666666865348816
84,9,-9.461325645446777,113.37068939208984,0.5,0.5,0.5
84,10,-1.3714027404785156,3.9408748149871826,1.0,1.0,1.0
84,11,-6.274363994598389,530.7886962890625,0.0,0.0,1.0
84,12,-8.082942008972168,7.543871879577637,0.5,1.0,1.0
84,13,-14.969446182250977,19.96317481994629,0.800000011920929,0.800000011920929,0.800000011920929
84,14,-2.994752883911133,2.713531732559204,0.6666666865348816,1.0,1.0
84,15,-18.371768951416016,456.6525573730469,0.0,0.3333333432674408,0.6666666865348816
84,16,-13.851683616638184,31.91004753112793,0.5,0.5,1.0
84,17,-28.330005645751953,12623.75390625,0.0,0.0,0.3333333432674408
84,18,-5.535624980926514,253.5662078857422,0.0,0.0,1.0
84,19,-9.959667205810547,145.45016479492188,0.0,0.0,1.0
84,20,-26.035905838012695,671.1390991210938,0.25,0.25,0.5
84,21,-3.2580342292785645,5.098860740661621,0.5,1.0,1.0
84,22,-19.957252502441406,146.83554077148438,0.0,0.5,0.75
84,23,-18.391651153564453,39.58024978637695,0.6000000238418579,0.6000000238418579,0.800000011920929
84,24,-4.750533580780029,10.75388240814209,0.5,1.0,1.0
84,25,-9.164108276367188,21.21487808227539,0.3333333432674408,0.6666666865348816,1.0
84,26,-5.289959907531738,5.831766605377197,0.3333333432674408,1.0,1.0
84,27,-7.388042449951172,11.736231803894043,0.6666666865348816,0.6666666865348816,1.0
84,28,-11.573348999023438,47.3602409362793,0.3333333432674408,0.6666666865348816,0.6666666865348816
84,29,-4.544624328613281,94.12506103515625,0.0,1.0,1.0
84,30,-10.471240997314453,13.705678939819336,0.75,0.75,0.75
84,31,-17.989831924438477,89.7885971069336,0.25,0.75,0.75
84,32,-1.8168206214904785,6.152266979217529,0.0,1.0,1.0
84,33,-5.121923446655273,12.948264122009277,0.0,1.0,1.0
84,34,-9.041656494140625,20.366378784179688,0.3333333432674408,0.6666666865348816,1.0
84,35,-13.373172760009766,28.312210083007812,0.5,0.5,0.75
84,36,-12.686626434326172,568.6773681640625,0.0,0.0,0.5
84,37,-6.7388224601745605,29.061412811279297,0.5,0.5,1.0
84,38,-9.481487274169922,114.51934051513672,0.0,0.5,0.5
84,39,-3.6584713459014893,6.229124069213867,0.5,1.0,1.0
84,40,-17.509489059448242,342.57696533203125,0.3333333432674408,0.6666666865348816,0.6666666865348816
84,41,-15.339014053344727,12.89065170288086,0.5,0.6666666865348816,1.0
84,42,-6.256612777709961,8.048917770385742,0.6666666865348816,0.6666666865348816,1.0
84,43,-6.51341438293457,3.6791539192199707,0.6000000238418579,1.0,1.0
85,0,-1.726442575454712,1.4123972654342651,0.800000011920929,1.0,1.0
85,1,-3.238522529602051,2.9432296752929688,0.6666666865348816,1.0,1.0
85,2,-2.804504871368408,4.0643439292907715,0.5,1.0,1.0
85,3,-6.507925987243652,2.5337584018707275,0.7142857313156128,1.0,1.0
85,4,-5.771237373352051,17.914648056030273,0.5,0.5,1.0
85,5,-14.611150741577148,130.37094116210938,0.3333333432674408,0.6666666865348816,0.6666666865348816
85,6,-5.119655609130859,1.6685676574707031,0.800000011920929,1.0,1.0
85,7,-16.333755493164062,59.349212646484375,0.25,0.5,1.0
85,8,-9.811363220214844,26.32329750061035,0.6666666865348816,0.6666666865348816,0.6666666865348816
85,9,-9.475894927978516,114.19956970214844,0.5,0.5,0.5
85,10,-1.3607439994812012,3.8990931510925293,1.0,1.0,1.0
85,11,-6.319496154785156,555.2931518554688,0.0,0.0,1.0
85,12,-8.079689025878906,7.537738800048828,0.5,1.0,1.0
85,13,-14.974869728088379,19.984838485717773,0.800000011920929,0.800000011920929,0.800000011920929
85,14,-2.9699060916900635,2.691150426864624,0.6666666865348816,1.0,1.0
85,15,-18.338237762451172,451.5769348144531,0.0,0.3333333432674408,0.6666666865348816
85,16,-13.832139015197754,31.75450897216797,0.5,0.5,1.0
85,17,-28.530319213867188,13495.42578125,0.0,0.0,0.3333333432674408
85,18,-5.566718578338623,261.5743713378906,0.0,0.0,1.0
85,19,-10.002959251403809,148.63291931152344,0.0,0.0,1.0
85,20,-26.060726165771484,675.3165283203125,0.25,0.25,0.5
85,21,-3.3090758323669434,5.2306623458862305,0.5,1.0,1.0
85,22,-19.9440975189209,146.35342407226562,0.0,0.5,0.75
85,23,-18.239347457885742,38.392784118652344,0.6000000238418579,0.6000000238418579,0.800000011920929
85,24,-4.731279373168945,10.650850296020508,0.5,1.0,1.0
85,25,-9.150400161743164,21.1181640625,0.3333333432674408,0.6666666865348816,1.0
85,26,-5.424102306365967,6.098446846008301,0.3333333432674408,1.0,1.0
85,27,-7.396731376647949,11.770273208618164,0.6666666865348816,0.6666666865348816,1.0
85,28,-11.546680450439453,46.94109344482422,0.3333333432674408,0.6666666865348816,0.6666666865348816
85,29,-4.457669734954834,86.28620910644531,0.0,1.0,1.0
85,30,-10.574437141418457,14.063872337341309,0.75,0.75,0.75
85,31,-17.958255767822266,89.08259582519531,0.25,0.75,0.75
85,32,-1.8633711338043213,6.445428848266602,0.0,1.0,1.0
85,33,-5.163613319396973,13.221003532409668,0.0,1.0,1.0
85,34,-9.1078519821167,20.82076072692871,0.3333333432674408,0.6666666865348816,1.0
85,35,-13.38839340209961,28.420148849487305,0.5,0.5,0.75
85,36,-12.76108169555664,590.246826171875,0.0,0.0,0.5
85,37,-6.764467239379883,29.436447143554688,0.5,0.5,1.0
85,38,-9.570228576660156,119.71504211425781,0.0,0.5,0.5
85,39,-3.647965431213379,6.196488380432129,0.5,1.0,1.0
85,40,-17.573335647583008,349.9458923339844,0.3333333432674408,0.6666666865348816,0.6666666865348816
85,41,-15.315872192382812,12.84103012084961,0.5,0.6666666865348816,1.0
85,42,-6.2401580810546875,8.004890441894531,0.6666666865348816,0.6666666865348816,1.0
85,43,-6.485480308532715,3.658656597137451,0.6000000238418579,1.0,1.0
86,0,-1.7453336715698242,1.4177438020706177,0.800000011920929,1.0,1.0
86,1,-3.235213041305542,2.9399845600128174,0.6666666865348816,1.0,1.0
86,2,-2.8265302181243896,4.10935115814209,0.5,1.0,1.0
86,3,-6.4602885246276855,2.516573667526245,0.7142857313156128,1.0,1.0
86,4,-5.888632774353027,18.997671127319336,0.5,0.5,1.0
86,5,-14.536334991455078,127.15988159179688,0.3333333432674408,0.6666666865348816,0.6666666865348816
86,6,-5.077141761779785,1.6614888906478882,0.800000011920929,1.0,1.0
86,7,-16.158111572265625,56.799522399902344,0.25,0.5,1.0
86,8,-9.985664367675781,27.89799690246582,0.6666666865348816,0.6666666865348816,0.6666666865348816
86,9,-9.43071174621582,111.64854431152344,0.5,0.5,0.5
86,10,-1.3590927124023438,3.892659902572632,1.0,1.0,1.0
86,11,-6.324636936187744,558.1551513671875,0.0,0.0,1.0
86,12,-8.063360214233398,7.507031440734863,0.5,1.0,1.0
86,13,-14.955085754394531,19.90591812133789,0.800000011920929,0.800000011920929,0.800000011920929
86,14,-3.004538059234619,2.7223966121673584,0.6666666865348816,1.0,1.0
86,15,-18.354076385498047,453.9673767089844,0.0,0.3333333432674408,0.6666666865348816
86,16,-13.882427215576172,32.15625,0.5,0.5,1.0
86,17,-28.18419075012207,12024.849609375,0.0,0.0,0.3333333432674408
86,18,-5.579392910003662,264.9107360839844,0.0,0.0,1.0
86,19,-9.92303466796875,142.81031799316406,0.0,0.0,1.0
86,20,-26.035139083862305,671.010498046875,0.25,0.25,0.5
86,21,-3.2966136932373047,5.198171138763428,0.5,1.0,1.0
86,22,-19.982906341552734,147.78028869628906,0.0,0.5,0.75
86,23,-18.332347869873047,39.11357498168945,0.6000000238418579,0.6000000238418579,0.800000011920929
86,24,-4.719169616699219,10.586554527282715,0.5,1.0,1.0
86,25,-9.183380126953125,21.351600646972656,0.3333333432674408,0.6666666865348816,1.0
86,26,-5.313107013702393,5.876936912536621,0.3333333432674408,1.0,1.0
86,27,-7.401963710784912,11.79081916809082,0.6666666865348816,0.6666666865348816,1.0
86,28,-11.618170738220215,48.07313919067383,0.3333333432674408,0.6666666865348816,0.6666666865348816
86,29,-4.482485771179199,88.45427703857422,0.0,1.0,1.0
86,30,-10.575095176696777,14.06618595123291,0.75,0.75,0.75
86,31,-17.981266021728516,89.59651947021484,0.25,0.75,0.75
86,32,-1.8435624837875366,6.319009780883789,0.0,1.0,1.0
86,33,-5.149336814880371,13.12696361541748,0.0,1.0,1.0
86,34,-9.053047180175781,20.44385528564453,0.3333333432674408,0.6666666865348816,1.0
86,35,-13.435445785522461,28.756431579589844,0.5,0.5,0.75
86,36,-12.682648658752441,567.5474243164062,0.0,0.0,0.5
86,37,-6.73091459274292,28.946731567382812,0.5,0.5,1.0
86,38,-9.521894454956055,116.85657501220703,0.0,0.5,0.5
86,39,-3.6252660751342773,6.12655782699585,0.5,1.0,1.0
86,40,-17.601049423217773,353.193603515625,0.3333333432674408,0.6666666865348816,0.6666666865348816
86,41,-15.320947647094727,12.851896286010742,0.5,0.6666666865348816,1.0
86,42,-6.190442085266113,7.873326301574707,0.6666666865348816,0.6666666865348816,1.0
86,43,-6.429998397827148,3.618283271789551,0.6000000238418579,1.0,1.0
87,0,-1.6927709579467773,1.402917742729187,0.800000011920929,1.0,1.0
87,1,-3.2563769817352295,2.960798501968384,0.6666666865348816,1.0,1.0
87,2,-2.837015151977539,4.130950450897217,0.5,1.0,1.0
87,3,-6.527353763580322,2.540800094604492,0.7142857313156128,1.0,1.0
87,4,-5.923711776733398,19.333818435668945,0.5,0.5,1.0
87,5,-14.560373306274414,128.182861328125,0.3333333432674408,0.6666666865348816,0.6666666865348816
87,6,-5.046757698059082,1.6564483642578125,0.800000011920929,1.0,1.0
87,7,-16.111244201660156,56.13789367675781,0.25,0.5,1.0
87,8,-9.780128479003906,26.0506534576416,0.6666666865348816,0.6666666865348816,0.6666666865348816
87,9,-9.426216125488281,111.39785766601562,0.5,0.5,0.5
87,10,-1.352211833000183,3.865967035293579,1.0,1.0,1.0
87,11,-6.376335620880127,587.7699584960938,0.0,0.0,1.0
87,12,-8.082683563232422,7.543384552001953,0.5,1.0,1.0
87,13,-14.982827186584473,20.01666831970215,0.800000011920929,0.800000011920929,0.800000011920929
87,14,-3.002877712249756,2.720890522003174,0.6666666865348816,1.0,1.0
87,15,-18.40534210205078,461.79180908203125,0.0,0.3333333432674408,0.6666666865348816
87,16,-13.870086669921875,32.057193756103516,0.5,0.5,1.0
87,17,-28.36747932434082,12782.4287109375,0.0,0.0,0.3333333432674408
87,18,-5.577765464782715,264.4799499511719,0.0,0.0,1.0
87,19,-9.9893798828125,147.62716674804688,0.0,0.0,1.0
87,20,-26.032712936401367,670.6036376953125,0.25,0.25,0.5
87,21,-3.278549909591675,5.151432991027832,0.5,1.0,1.0
87,22,-19.858989715576172,143.27236938476562,0.0,0.5,0.75
87,23,-18.10978126525879,37.410682678222656,0.6000000238418579,0.6000000238418579,0.800000011920929
87,24,-4.714624881744385,10.56252670288086,0.5,1.0,1.0
87,25,-9.156389236450195,21.160362243652344,0.3333333432674408,0.6666666865348816,1.0
87,26,-5.363800525665283,5.97708797454834,0.3333333432674408,1.0,1.0
87,27,-7.439363479614258,11.93873119354248,0.6666666865348816,0.6666666865348816,1.0
87,28,-11.514607429504395,46.44192123413086,0.3333333432674408,0.6666666865348816,0.6666666865348816
87,29,-4.498944282531738,89.92214965820312,0.0,1.0,1.0
87,30,-10.452710151672363,13.642330169677734,0.75,0.75,0.75
87,31,-17.91454315185547,88.11438751220703,0.25,0.75,0.75
87,32,-1.8056696653366089,6.084044456481934,0.0,1.0,1.0
87,33,-5.19325590133667,13.418414115905762,0.0,1.0,1.0
87,34,-9.028576850891113,20.27777671813965,0.3333333432674408,0.6666666865348816,1.0
87,35,-13.386123657226562,28.40402603149414,0.5,0.5,0.75
87,36,-12.709199905395508,575.1322021484375,0.0,0.0,0.5
87,37,-6.679318904876709,28.209518432617188,0.5,0.5,1.0
87,38,-9.571004867553711,119.76152801513672,0.0,0.5,0.5
87,39,-3.649709701538086,6.201894760131836,0.5,1.0,1.0
87,40,-17.51578712463379,343.2969665527344,0.3333333432674408,0.6666666865348816,0.6666666865348816
87,41,-15.43580150604248,13.100278854370117,0.5,0.6666666865348816,1.0
87,42,-6.154128551483154,7.778597831726074,0.6666666865348816,0.6666666865348816,1.0
87,43,-6.455275058746338,3.6366209983825684,0.6000000238418579,1.0,1.0
88,0,-1.6881203651428223,1.401613473892212,0.800000011920929,1.0,1.0
88,1,-3.1951894760131836,2.90102219581604,0.6666666865348816,1.0,1.0
88,2,-2.829669952392578,4.115807056427002,0.5,1.0,1.0
88,3,-6.5362229347229,2.5440216064453125,0.7142857313156128,1.0,1.0
88,4,-5.963085651397705,19.718215942382812,0.5,0.5,1.0
88,5,-14.54316520690918,127.44967651367188,0.3333333432674408,0.6666666865348816,0.6666666865348816
88,6,-5.0592145919799805,1.658513069152832,0.800000011920929,1.0,1.0
88,7,-16.218242645263672,57.65982437133789,0.25,0.5,1.0
88,8,-9.858648300170898,26.741483688354492,0.6666666865348816,0.6666666865348816,0.6666666865348816
88,9,-9.420401573181152,111.074462890625,0.5,0.5,0.5
88,10,-1.3530242443084717,3.8691089153289795,1.0,1.0,1.0
88,11,-6.359821319580078,578.1430053710938,0.0,0.0,1.0
88,12,-8.0235595703125,7.432705402374268,0.5,1.0,1.0
88,13,-14.9424409866333,19.855642318725586,0.800000011920929,0.800000011920929,0.800000011920929
88,14,-2.969517707824707,2.6908018589019775,0.6666666865348816,1.0,1.0
88,15,-18.42886734008789,465.4272766113281,0.0,0.3333333432674408,0.6666666865348816
88,16,-13.871389389038086,32.0676383972168,0.5,0.5,1.0
88,17,-28.288570404052734,12450.591796875,0.0,0.0,0.3333333432674408
88,18,-5.521162033081055,249.92527770996094,0.0,0.0,1.0
88,19,-10.010430335998535,149.18917846679688,0.0,0.0,1.0
88,20,-26.117856979370117,685.0310668945312,0.25,0.25,0.5
88,21,-3.2933268547058105,5.189635276794434,0.5,1.0,1.0
88,22,-19.99056625366211,148.0635528564453,0.0,0.5,0.75
88,23,-18.20376968383789,38.120567321777344,0.6000000238418579,0.6000000238418579,0.800000011920929
88,24,-4.724604606628418,10.615363121032715,0.5,1.0,1.0
88,25,-9.131714820861816,20.98703956604004,0.3333333432674408,0.6666666865348816,1.0
88,26,-5.33713960647583,5.924205303192139,0.3333333432674408,1.0,1.0
88,27,-7.438617706298828,11.935762405395508,0.6666666865348816,0.6666666865348816,1.0
88,28,-11.527097702026367,46.63568115234375,0.3333333432674408,0.6666666865348816,0.6666666865348816
88,29,-4.473006248474121,87.61973571777344,0.0,1.0,1.0
88,30,-10.400261878967285,13.464619636535645,0.75,0.75,0.75
88,31,-18.029787063598633,90.6899642944336,0.25,0.75,0.75
88,32,-1.886875033378601,6.598715782165527,0.0,1.0,1.0
88,33,-5.203608512878418,13.488052368164062,0.0,1.0,1.0
88,34,-8.971501350402832,19.89563751220703,0.3333333432674408,0.6666666865348816,1.0
88,35,-13.388816833496094,28.423158645629883,0.5,0.5,0.75
88,36,-12.672804832458496,564.7608642578125,0.0,0.0,0.5
88,37,-6.768281936645508,29.492645263671875,0.5,0.5,1.0
88,38,-9.566160202026367,119.47177124023438,0.0,0.5,0.5
88,39,-3.653264045715332,6.212926864624023,0.5,1.0,1.0
88,40,-17.490774154663086,340.44647216796875,0.3333333432674408,0.6666666865348816,0.6666666865348816
88,41,-15.328078269958496,12.86717700958252,0.5,0.6666666865348816,1.0
88,42,-6.153242588043213,7.776302337646484,0.6666666865348816,0.6666666865348816,1.0
88,43,-6.488489151000977,3.6608588695526123,0.6000000238418579,1.0,1.0
89,0,-1.7173564434051514,1.4098330736160278,0.800000011920929,1.0,1.0
89,1,-3.202409029006958,2.9080121517181396,0.6666666865348816,1.0,1.0
89,2,-2.807400703430176,4.070233345031738,0.5,1.0,1.0
89,3,-6.512019157409668,2.535240411758423,0.7142857313156128,1.0,1.0
89,4,-5.955214023590088,19.64076042175293,0.5,0.5,1.0
89,5,-14.601814270019531,129.96580505371094,0.3333333432674408,0.6666666865348816,0.6666666865348816
89,6,-5.04416561126709,1.6560192108154297,0.800000011920929,1.0,1.0
89,7,-16.29560089111328,58.78579330444336,0.25,0.5,1.0
89,8,-9.86569595336914,26.80438232421875,0.6666666865348816,0.6666666865348816,0.6666666865348816
89,9,-9.466740608215332,113.67805480957031,0.5,0.5,0.5
89,10,-1.356128215789795,3.8811371326446533,1.0,1.0,1.0
89,11,-6.319821357727051,555.4738159179688,0.0,0.0,1.0
89,12,-8.133628845214844,7.640073299407959,0.5,1.0,1.0
89,13,-15.06019401550293,20.32880210876465,0.800000011920929,0.800000011920929,0.800000011920929
89,14,-2.9978346824645996,2.716320514678955,0.6666666865348816,1.0,1.0
89,15,-18.374103546142578,457.0080871582031,0.0,0.3333333432674408,0.6666666865348816
89,16,-13.908796310424805,32.36893081665039,0.5,0.5,1.0
89,17,-28.45122528076172,13144.27734375,0.0,0.0,0.3333333432674408
89,18,-5.528360843658447,251.73094177246094,0.0,0.0,1.0
89,19,-9.960869789123535,145.53765869140625,0.0,0.0,1.0
89,20,-25.98894500732422,663.305908203125,0.25,0.25,0.5
89,21,-3.341756820678711,5.316836357116699,0.5,1.0,1.0
89,22,-19.946977615356445,146.45883178710938,0.0,0.5,0.75
89,23,-18.20807456970215,38.15340042114258,0.6000000238418579,0.6000000238418579,0.800000011920929
89,24,-4.6836347579956055,10.40011978149414,0.5,1.0,1.0
89,25,-9.178043365478516,21.31365394592285,0.3333333432674408,0.6666666865348816,1.0
89,26,-5.302849769592285,5.85687780380249,0.3333333432674408,1.0,1.0
89,27,-7.376280784606934,11.690309524536133,0.6666666865348816,0.6666666865348816,1.0
89,28,-11.49632740020752,46.15979766845703,0.3333333432674408,0.6666666865348816,0.6666666865348816
89,29,-4.439441204071045,84.72758483886719,0.0,1.0,1.0
89,30,-10.567713737487793,14.040252685546875,0.75,0.75,0.75
89,31,-17.977148056030273,89.50432586669922,0.25,0.75,0.75
89,32,-1.8894239664077759,6.6155571937561035,0.0,1.0,1.0
89,33,-5.102423667907715,12.822633743286133,0.0,1.0,1.0
89,34,-9.093249320983887,20.719661712646484,0.3333333432674408,0.6666666865348816,1.0
89,35,-13.357416152954102,28.200904846191406,0.5,0.5,0.75
89,36,-12.764662742614746,591.3046264648438,0.0,0.0,0.5
89,37,-6.750763893127441,29.235448837280273,0.5,0.5,1.0
89,38,-9.59292984008789,121.08162689208984,0.0,0.5,0.5
89,39,-3.6634390354156494,6.24461555480957,0.5,1.0,1.0
89,40,-17.580488204956055,350.7812194824219,0.3333333432674408,0.6666666865348816,0.6666666865348816
89,41,-15.394669532775879,13.010781288146973,0.5,0.6666666865348816,1.0
89,42,-6.249026298522949,8.028589248657227,0.6666666865348816,0.6666666865348816,1.0
89,43,-6.455786228179932,3.636992931365967,0.6000000238418579,1.0,1.0
90,0,-1.7195683717727661,1.410456895828247,0.800000011920929,1.0,1.0
90,1,-3.2466371059417725,2.9512014389038086,0.6666666865348816,1.0,1.0
90,2,-2.8606231212615967,4.180001735687256,0.5,1.0,1.0
90,3,-6.492181777954102,2.5280659198760986,0.7142857313156128,1.0,1.0
90,4,-6.000365734100342,20.089210510253906,0.5,0.5,1.0
90,5,-14.597005844116211,129.7576904296875,0.3333333432674408,0.6666666865348816,0.6666666865348816
90,6,-5.130733966827393,1.6704171895980835,0.800000011920929,1.0,1.0
90,7,-16.137170791625977,56.50293731689453,0.25,0.5,1.0
90,8,-9.893510818481445,27.054058074951172,0.6666666865348816,0.6666666865348816,0.6666666865348816
90,9,-9.421299934387207,111.1243667602539,0.5,0.5,0.5
90,10,-1.3662444353103638,3.9205987453460693,1.0,1.0,1.0
90,11,-6.363584041595459,580.322509765625,0.0,0.0,1.0
90,12,-8.096418380737305,7.569330215454102,0.5,1.0,1.0
90,13,-14.951977729797363,19.8935489654541,0.800000011920929,0.800000011920929,0.800000011920929
90,14,-3.0104551315307617,2.727771759033203,0.6666666865348816,1.0,1.0
90,15,-18.457103729248047,469.82867431640625,0.0,0.3333333432674408,0.6666666865348816
90,16,-13.845840454101562,31.863466262817383,0.5,0.5,1.0
90,17,-28.37631607055664,12820.1279296875,0.0,0.0,0.3333333432674408
90,18,-5.546058177947998,256.2255554199219,0.0,0.0,1.0
90,19,-10.01976203918457,149.8868865966797,0.0,0.0,1.0
90,20,-26.013050079345703,667.3152465820312,0.25,0.25,0.5
90,21,-3.3006415367126465,5.208650588989258,0.5,1.0,1.0
90,22,-20.092153549194336,151.87205505371094,0.0,0.5,0.75
90,23,-18.49738883972168,40.42618179321289,0.6000000238418579,0.6000000238418579,0.800000011920929
90,24,-4.722903251647949,10.60633659362793,0.5,1.0,1.0
90,25,-9.23216724395752,21.7016658782959,0.3333333432674408,0.6666666865348816,1.0
90,26,-5.348832607269287,5.947340965270996,0.3333333432674408,1.0,1.0
90,27,-7.4661102294921875,12.045648574829102,0.6666666865348816,0.6666666865348816,0.6666666865348816
90,28,-11.614542007446289,48.01502990722656,0.3333333432674408,0.6666666865348816,0.6666666865348816
90,29,-4.430797576904297,83.99838256835938,0.0,1.0,1.0
90,30,-10.448555946350098,13.62817096710205,0.75,0.75,0.75
90,31,-18.003337860107422,90.09228515625,0.25,0.75,0.75
90,32,-1.8721548318862915,6.502293109893799,0.0,1.0,1.0
90,33,-5.1867499351501465,13.374835968017578,0.0,1.0,1.0
90,34,-8.966983795166016,19.86570167541504,0.3333333432674408,0.6666666865348816,1.0
90,35,-13.409330368041992,28.569297790527344,0.5,0.5,0.75
90,36,-12.733267784118652,582.0950927734375,0.0,0.0,0.5
90,37,-6.729159832000732,28.921344757080078,0.5,0.5,1.0
90,38,-9.591741561889648,121.00971984863281,0.0,0.5,0.5
90,39,-3.6595370769500732,6.2324442863464355,0.5,1.0,1.0
90,40,-17.54647445678711,346.82659912109375,0.3333333432674408,0.6666666865348816,0.6666666865348816
90,41,-15.439481735229492,13.108317375183105,0.5,0.6666666865348816,1.0
90,42,-6.205364227294922,7.912586688995361,0.6666666865348816,0.6666666865348816,1.0
90,43,-6.464476585388184,3.643319845199585,0.6000000238418579,1.0,1.0
91,0,-1.7053226232528687,1.4064440727233887,0.800000011920929,1.0,1.0
91,1,-3.264477014541626,2.9688031673431396,0.6666666865348816,1.0,1.0
91,2,-2.8312864303588867,4.119134902954102,0.5,1.0,1.0
91,3,-6.436951637268066,2.5081980228424072,0.7142857313156128,1.0,1.0
91,4,-6.078189849853516,20.88633155822754,0.5,0.5,1.0
91,5,-14.55081558227539,127.77510070800781,0.3333333432674408,0.6666666865348816,0.6666666865348816
91,6,-5.095154762268066,1.6644843816757202,0.800000011920929,1.0,1.0
91,7,-16.154664993286133,56.7505989074707,0.25,0.5,1.0
91,8,-9.847098350524902,26.63872528076172,0.6666666865348816,0.6666666865348816,0.6666666865348816
91,9,-9.431917190551758,111.71585845947266,0.5,0.5,0.5
91,10,-1.3391871452331543,3.8159401416778564,1.0,1.0,1.0
91,11,-6.325639724731445,558.7151489257812,0.0,0.0,1.0
91,12,-8.06392765045166,7.508096694946289,0.5,1.0,1.0
91,13,-15.016772270202637,20.15302848815918,0.800000011920929,0.800000011920929,0.800000011920929
91,14,-3.0100831985473633,2.727433681488037,0.6666666865348816,1.0,1.0
91,15,-18.303112030029297,446.3205871582031,0.0,0.3333333432674408,0.6666666865348816
91,16,-13.835441589355469,31.780738830566406,0.5,0.5,1.0
91,17,-28.206132888793945,12113.1181640625,0.0,0.0,0.3333333432674408
91,18,-5.566366195678711,261.4822082519531,0.0,0.0,1.0
91,19,-9.931901931762695,143.4449005126953,0.0,0.0,1.0
91,20,-26.07280158996582,677.3583374023438,0.25,0.25,0.5
91,21,-3.361410140991211,5.369340419769287,0.5,1.0,1.0
91,22,-19.873226165771484,143.78318786621094,0.0,0.5,0.75
91,23,-18.251914978027344,38.489402770996094,0.6000000238418579,0.6000000238418579,0.800000011920929
91,24,-4.743010520935059,10.713506698608398,0.5,1.0,1.0
91,25,-9.11001205444336,20.835758209228516,0.3333333432674408,0.6666666865348816,1.0
91,26,-5.3714599609375,5.992368221282959,0.3333333432674408,1.0,1.0
91,27,-7.370684623718262,11.668523788452148,0.6666666865348816,0.6666666865348816,1.0
91,28,-11.502766609191895,46.25897216796875,0.3333333432674408,0.6666666865348816,0.6666666865348816
91,29,-4.48442268371582,88.62577056884766,0.0,1.0,1.0
91,30,-10.458210945129395,13.661104202270508,0.75,0.75,0.75
91,31,-18.11958885192871,92.7490234375,0.25,0.75,0.75
91,32,-1.807039737701416,6.092385768890381,0.0,1.0,1.0
91,33,-5.203244686126709,13.48559856414795,0.0,1.0,1.0
91,34,-8.994223594665527,20.04690170288086,0.3333333432674408,0.6666666865348816,1.0
91,35,-13.376481056213379,28.33563804626465,0.5,0.5,0.75
91,36,-12.782510757446289,596.6051025390625,0.0,0.0,0.5
91,37,-6.717524528503418,28.75358009338379,0.5,0.5,1.0
91,38,-9.636877059936523,123.77167510986328,0.0,0.5,0.5
91,39,-3.6640000343322754,6.24636697769165,0.5,1.0,1.0
91,40,-17.52056121826172,343.8436584472656,0.3333333432674408,0.6666666865348816,0.6666666865348816
91,41,-15.437372207641602,13.103708267211914,0.5,0.6666666865348816,1.0
91,42,-6.225095272064209,7.964799404144287,0.6666666865348816,0.6666666865348816,1.0
91,43,-6.37423849105835,3.5781567096710205,0.6000000238418579,1.0,1.0
92,0,-1.724761724472046,1.4119226932525635,0.800000011920929,1.0,1.0
92,1,-3.2071614265441895,2.9126219749450684,0.6666666865348816,1.0,1.0
92,2,-2.8449673652648926,4.147408485412598,0.5,1.0,1.0
92,3,-6.577444553375244,2.559046983718872,0.7142857313156128,1.0,1.0
92,4,-5.876026630401611,18.87830352783203,0.5,0.5,1.0
92,5,-14.604101181030273,130.06494140625,0.3333333432674408,0.6666666865348816,0.6666666865348816
92,6,-5.069698333740234,1.6602526903152466,0.800000011920929,1.0,1.0
92,7,-16.231714248657227,57.85434341430664,0.25,0.5,1.0
92,8,-9.79491901397705,26.179401397705078,0.6666666865348816,0.6666666865348816,0.6666666865348816
92,9,-9.383147239685059,109.02460479736328,0.5,0.5,0.5
92,10,-1.359134554862976,3.892822742462158,1.0,1.0,1.0
92,11,-6.357542991638184,576.8273315429688,0.0,0.0,1.0
92,12,-8.076066970825195,7.530916690826416,0.5,1.0,1.0
92,13,-15.005425453186035,20.107343673706055,0.800000011920929,0.800000011920929,0.800000011920929
92,14,-2.935368776321411,2.660346031188965,0.6666666865348816,1.0,1.0
92,15,-18.45853042602539,470.0520935058594,0.0,0.3333333432674408,0.6666666865348816
92,16,-13.826088905334473,31.70651626586914,0.5,0.5,1.0
92,17,-28.283212661743164,12428.3720703125,0.0,0.0,0.3333333432674408
92,18,-5.568884372711182,262.1414794921875,0.0,0.0,1.0
92,19,-10.007772445678711,148.9910430908203,0.0,0.0,1.0
92,20,-25.912166595458984,650.6954345703125,0.25,0.25,0.5
92,21,-3.293440341949463,5.189929962158203,0.5,1.0,1.0
92,22,-19.949600219726562,146.5548858642578,0.0,0.5,0.75
92,23,-18.302745819091797,38.8826904296875,0.6000000238418579,0.6000000238418579,0.800000011920929
92,24,-4.765266418457031,10.833392143249512,0.5,1.0,1.0
92,25,-9.05294418334961,20.443153381347656,0.3333333432674408,0.6666666865348816,1.0
92,26,-5.36083459854126,5.971181869506836,0.3333333432674408,1.0,1.0
92,27,-7.4343695640563965,11.91887378692627,0.6666666865348816,0.6666666865348816,1.0
92,28,-11.542638778686523,46.877899169921875,0.3333333432674408,0.6666666865348816,0.6666666865348816
92,29,-4.487317085266113,88.88265991210938,0.0,1.0,1.0
92,30,-10.555135726928711,13.996173858642578,0.75,0.75,0.75
92,31,-18.02415657043457,90.5624008178711,0.25,0.75,0.75
92,32,-1.846582293510437,6.338120937347412,0.0,1.0,1.0
92,33,-5.143863201141357,13.091087341308594,0.0,1.0,1.0
92,34,-9.018682479858398,20.211009979248047,0.3333333432674408,0.6666666865348816,1.0
92,35,-13.416919708251953,28.623554229736328,0.5,0.5,0.75
92,36,-12.638046264648438,555.030517578125,0.0,0.0,0.5
92,37,-6.760493278503418,29.378015518188477,0.5,0.5,1.0
92,38,-9.584936141967773,120.59864807128906,0.0,0.5,0.5
92,39,-3.6614346504211426,6.2383599281311035,0.5,1.0,1.0
92,40,-17.509714126586914,342.60260009765625,0.3333333432674408,0.6666666865348816,0.6666666865348816
92,41,-15.448653221130371,13.128369331359863,0.5,0.6666666865348816,1.0
92,42,-6.231260299682617,7.9811835289001465,0.6666666865348816,0.6666666865348816,1.0
92,43,-6.465768814086914,3.644261598587036,0.6000000238418579,1.0,1.0
93,0,-1.7090836763381958,1.407502293586731,0.800000011920929,1.0,1.0
93,1,-3.271923780441284,2.976181983947754,0.6666666865348816,1.0,1.0
93,2,-2.8069422245025635,4.069300651550293,0.5,1.0,1.0
93,3,-6.5056939125061035,2.5329506397247314,0.7142857313156128,1.0,1.0
93,4,-5.904718399047852,19.151081085205078,0.5,0.5,1.0
93,5,-14.595487594604492,129.69198608398438,0.3333333432674408,0.6666666865348816,0.6666666865348816
93,6,-5.086888790130615,1.6631091833114624,0.800000011920929,1.0,1.0
93,7,-16.22201919555664,57.714290618896484,0.25,0.5,1.0
93,8,-9.908388137817383,27.188554763793945,0.6666666865348816,0.6666666865348816,0.6666666865348816
93,9,-9.441256523132324,112.2387466430664,0.5,0.5,0.5
93,10,-1.3695366382598877,3.9335274696350098,1.0,1.0,1.0
93,11,-6.377481937408447,588.4441528320312,0.0,0.0,1.0
93,12,-8.100846290588379,7.577713966369629,0.5,1.0,1.0
93,13,-15.06510066986084,20.3487606048584,0.800000011920929,0.800000011920929,0.800000011920929
93,14,-2.9291248321533203,2.6548147201538086,0.6666666865348816,1.0,1.0
93,15,-18.471752166748047,472.12835693359375,0.0,0.3333333432674408,0.6666666865348816
93,16,-13.870908737182617,32.063785552978516,0.5,0.5,1.0
93,17,-28.079566955566406,11612.7119140625,0.0,0.0,0.3333333432674408
93,18,-5.514449119567871,248.253173828125,0.0,0.0,1.0
93,19,-10.026817321777344,150.4165802001953,0.0,0.0,1.0
93,20,-26.001863479614258,665.4515380859375,0.25,0.25,0.5
93,21,-3.32356595993042,5.2686967849731445,0.5,1.0,1.0
93,22,-19.97275733947754,147.40579223632812,0.0,0.5,0.75
93,23,-18.024032592773438,36.774566650390625,0.6000000238418579,0.6000000238418579,0.800000011920929
93,24,-4.714844226837158,10.563684463500977,0.5,1.0,1.0
93,25,-9.13496208190918,21.009767532348633,0.3333333432674408,0.6666666865348816,1.0
93,26,-5.389657020568848,6.0288262367248535,0.3333333432674408,1.0,1.0
93,27,-7.436925888061523,11.929035186767578,0.6666666865348816,0.6666666865348816,1.0
93,28,-11.63984489440918,48.421714782714844,0.3333333432674408,0.6666666865348816,0.6666666865348816
93,29,-4.446417808532715,85.32075500488281,0.0,1.0,1.0
93,30,-10.45327377319336,13.644253730773926,0.75,0.75,0.75
93,31,-17.97768211364746,89.51628112792969,0.25,0.75,0.75
93,32,-1.84944486618042,6.356289863586426,0.0,1.0,1.0
93,33,-5.199548244476318,13.460697174072266,0.0,1.0,1.0
93,34,-9.025923728942871,20.25985336303711,0.3333333432674408,0.6666666865348816,1.0
93,35,-13.358165740966797,28.20619010925293,0.5,0.5,0.75
93,36,-12.701879501342773,573.0309448242188,0.0,0.0,0.5
93,37,-6.735886096954346,29.018775939941406,0.5,0.5,1.0
93,38,-9.586400985717773,120.68701171875,0.0,0.5,0.5
93,39,-3.6658928394317627,6.252281188964844,0.5,1.0,1.0
93,40,-17.50290298461914,341.8257141113281,0.3333333432674408,0.6666666865348816,0.6666666865348816
93,41,-15.365547180175781,12.947782516479492,0.5,0.6666666865348816,1.0
93,42,-6.235321044921875,7.991995334625244,0.6666666865348816,0.6666666865348816,1.0
93,43,-6.471072673797607,3.6481292247772217,0.6000000238418579,1.0,1.0
94,0,-1.7248895168304443,1.4119586944580078,0.800000011920929,1.0,1.0
94,1,-3.3082549571990967,3.012443780899048,0.6666666865348816,1.0,1.0
94,2,-2.817934513092041,4.091727256774902,0.5,1.0,1.0
94,3,-6.539233207702637,2.5451157093048096,0.7142857313156128,1.0,1.0
94,4,-5.939459800720215,19.48665428161621,0.5,0.5,1.0
94,5,-14.551849365234375,127.81916809082031,0.3333333432674408,0.6666666865348816,0.6666666865348816
94,6,-5.097229957580566,1.664829969406128,0.800000011920929,1.0,1.0
94,7,-16.120864868164062,56.273075103759766,0.25,0.5,1.0
94,8,-9.874369621276855,26.881988525390625,0.6666666865348816,0.6666666865348816,0.6666666865348816
94,9,-9.47786808013916,114.31229400634766,0.5,0.5,0.5
94,10,-1.3774511814117432,3.964783191680908,1.0,1.0,1.0
94,11,-6.269190311431885,528.0496215820312,0.0,0.0,1.0
94,12,-8.120139122009277,7.614351272583008,0.5,1.0,1.0
94,13,-14.962977409362793,19.937362670898438,0.800000011920929,0.800000011920929,0.800000011920929
94,14,-2.9459004402160645,2.6697018146514893,0.6666666865348816,1.0,1.0
94,15,-18.376739501953125,457.40985107421875,0.0,0.3333333432674408,0.6666666865348816
94,16,-13.848111152648926,31.881559371948242,0.5,0.5,1.0
94,17,-28.247024536132812,12279.3603515625,0.0,0.0,0.3333333432674408
94,18,-5.5433502197265625,255.53265380859375,0.0,0.0,1.0
94,19,-9.984554290771484,147.2714080810547,0.0,0.0,1.0
94,20,-26.091899871826172,680.6001586914062,0.25,0.25,0.5
94,21,-3.25661301612854,5.09523868560791,0.5,1.0,1.0
94,22,-19.991010665893555,148.0800018310547,0.0,0.5,0.75
94,23,-18.279542922973633,38.70267105102539,0.6000000238418579,0.6000000238418579,0.800000011920929
94,24,-4.718414306640625,10.582557678222656,0.5,1.0,1.0
94,25,-9.049201965332031,20.417667388916016,0.3333333432674408,0.6666666865348816,1.0
94,26,-5.369704246520996,5.988862037658691,0.3333333432674408,1.0,1.0
94,27,-7.437079429626465,11.929646492004395,0.6666666865348816,0.6666666865348816,1.0
94,28,-11.569969177246094,47.306907653808594,0.3333333432674408,0.6666666865348816,0.6666666865348816
94,29,-4.41826057434082,82.95187377929688,0.0,1.0,1.0
94,30,-10.433070182800293,13.575511932373047,0.75,0.75,0.75
94,31,-17.940231323242188,88.68208312988281,0.25,0.75,0.75
94,32,-1.849879264831543,6.3590521812438965,0.0,1.0,1.0
94,33,-5.1884074211120605,13.385924339294434,0.0,1.0,1.0
94,34,-9.006717681884766,20.130563735961914,0.3333333432674408,0.6666666865348816,1.0
94,35,-13.459638595581055,28.930883407592773,0.5,0.5,0.75
94,36,-12.59762191772461,543.9248046875,0.0,0.0,0.5
94,37,-6.763983249664307,29.429323196411133,0.5,0.5,1.0
94,38,-9.594491958618164,121.17623138427734,0.0,0.5,0.5
94,39,-3.647045135498047,6.193637847900391,0.5,1.0,1.0
94,40,-17.525436401367188,344.40289306640625,0.3333333432674408,0.6666666865348816,0.6666666865348816
94,41,-15.369634628295898,12.956604957580566,0.5,0.6666666865348816,1.0
94,42,-6.179580211639404,7.844871520996094,0.6666666865348816,0.6666666865348816,1.0
94,43,-6.4620819091796875,3.641575336456299,0.6000000238418579,1.0,1.0
95,0,-1.7009389400482178,1.4052114486694336,0.800000011920929,1.0,1.0
95,1,-3.31123948097229,3.015442132949829,0.6666666865348816,1.0,1.0
95,2,-2.801494836807251,4.058231830596924,0.5,1.0,1.0
95,3,-6.506269931793213,2.533159017562866,0.7142857313156128,1.0,1.0
95,4,-5.991945266723633,20.00480842590332,0.5,0.5,1.0
95,5,-14.5496826171875,127.72686004638672,0.3333333432674408,0.6666666865348816,0.6666666865348816
95,6,-5.068044662475586,1.6599781513214111,0.800000011920929,1.0,1.0
95,7,-16.18558120727539,57.19093322753906,0.25,0.5,1.0
95,8,-9.871539115905762,26.856637954711914,0.6666666865348816,0.6666666865348816,0.6666666865348816
95,9,-9.405487060546875,110.24923706054688,0.5,0.5,0.5
95,10,-1.3635987043380737,3.9102396965026855,1.0,1.0,1.0
95,11,-6.325770378112793,558.7881469726562,0.0,0.0,1.0
95,12,-8.079405784606934,7.537205219268799,0.5,1.0,1.0
95,13,-15.007499694824219,20.115686416625977,0.800000011920929,0.800000011920929,0.800000011920929
95,14,-2.9419684410095215,2.6662051677703857,0.6666666865348816,1.0,1.0
95,15,-18.393184661865234,459.92413330078125,0.0,0.3333333432674408,0.6666666865348816
95,16,-13.933850288391113,32.57231140136719,0.5,0.5,1.0
95,17,-28.235149383544922,12230.8466796875,0.0,0.0,0.3333333432674408
95,18,-5.56864070892334,262.07763671875,0.0,0.0,1.0
95,19,-10.041873931884766,151.55323791503906,0.0,0.0,1.0
95,20,-26.094385147094727,681.0231323242188,0.25,0.25,0.5
95,21,-3.288414716720581,5.176905155181885,0.5,1.0,1.0
95,22,-20.045984268188477,150.12916564941406,0.0,0.5,0.75
95,23,-18.356679916381836,39.304378509521484,0.6000000238418579,0.6000000238418579,0.800000011920929
95,24,-4.713169097900391,10.554841041564941,0.5,1.0,1.0
95,25,-9.175442695617676,21.295185089111328,0.3333333432674408,0.6666666865348816,1.0
95,26,-5.329567909240723,5.909272193908691,0.3333333432674408,1.0,1.0
95,27,-7.437607765197754,11.931744575500488,0.6666666865348816,0.6666666865348816,1.0
95,28,-11.523270606994629,46.57622528076172,0.3333333432674408,0.6666666865348816,0.6666666865348816
95,29,-4.42410945892334,83.43846893310547,0.0,1.0,1.0
95,30,-10.566123008728027,14.034671783447266,0.75,0.75,0.75
95,31,-18.153854370117188,93.54695892333984,0.25,0.75,0.75
95,32,-1.8237838745117188,6.195256233215332,0.0,1.0,1.0
95,33,-5.181695938110352,13.341079711914062,0.0,1.0,1.0
95,34,-9.037308692932129,20.336883544921875,0.3333333432674408,0.6666666865348816,1.0
95,35,-13.325305938720703,27.975427627563477,0.5,0.5,0.75
95,36,-12.66446304321289,562.4102172851562,0.0,0.0,0.5
95,37,-6.742271900177002,29.1115779876709,0.5,0.5,1.0
95,38,-9.560701370239258,119.14612579345703,0.0,0.5,0.5
95,39,-3.6642990112304688,6.247300624847412,0.5,1.0,1.0
95,40,-17.519887924194336,343.7664489746094,0.3333333432674408,0.6666666865348816,0.6666666865348816
95,41,-15.446423530578613,13.123493194580078,0.5,0.6666666865348816,1.0
95,42,-6.24125337600708,8.007814407348633,0.6666666865348816,0.6666666865348816,1.0
95,43,-6.462871551513672,3.642150402069092,0.6000000238418579,1.0,1.0
96,0,-1.708922266960144,1.407456874847412,0.800000011920929,1.0,1.0
96,1,-3.2386436462402344,2.9433484077453613,0.6666666865348816,1.0,1.0
96,2,-2.799952983856201,4.0551042556762695,0.5,1.0,1.0
96,3,-6.486701488494873,2.526087522506714,0.7142857313156128,1.0,1.0
96,4,-5.916903495788574,19.268117904663086,0.5,0.5,1.0
96,5,-14.550227165222168,127.75006866455078,0.3333333432674408,0.6666666865348816,0.6666666865348816
96,6,-5.126859188079834,1.6697700023651123,0.800000011920929,1.0,1.0
96,7,-16.25210952758789,58.15008544921875,0.25,0.5,1.0
96,8,-9.892654418945312,27.04633331298828,0.6666666865348816,0.6666666865348816,0.6666666865348816
96,9,-9.472894668579102,114.02838134765625,0.5,0.5,0.5
96,10,-1.347996473312378,3.8497049808502197,1.0,1.0,1.0
96,11,-6.351705551147461,573.469970703125,0.0,0.0,1.0
96,12,-8.126066207885742,7.6256422996521,0.5,1.0,1.0
96,13,-15.054615020751953,20.30613136291504,0.800000011920929,0.800000011920929,0.800000011920929
96,14,-2.9292774200439453,2.654949903488159,0.6666666865348816,1.0,1.0
96,15,-18.388715744018555,459.239501953125,0.0,0.3333333432674408,0.6666666865348816
96,16,-13.911596298217773,32.391597747802734,0.5,0.5,1.0
96,17,-28.335758209228516,12647.974609375,0.0,0.0,0.3333333432674408
96,18,-5.580108642578125,265.10040283203125,0.0,0.0,1.0
96,19,-10.016693115234375,149.65707397460938,0.0,0.0,1.0
96,20,-26.073877334594727,677.54052734375,0.25,0.25,0.5
96,21,-3.3425536155700684,5.3189544677734375,0.5,1.0,1.0
96,22,-19.976966857910156,147.56100463867188,0.0,0.5,0.75
96,23,-18.444080352783203,39.99746322631836,0.6000000238418579,0.6000000238418579,0.800000011920929
96,24,-4.7684526443481445,10.850664138793945,0.5,1.0,1.0
96,25,-9.224849700927734,21.648799896240234,0.3333333432674408,0.6666666865348816,1.0
96,26,-5.369529724121094,5.988513469696045,0.3333333432674408,1.0,1.0
96,27,-7.439136028289795,11.937825202941895,0.6666666865348816,0.6666666865348816,1.0
96,28,-11.456568717956543,45.55207824707031,0.3333333432674408,0.6666666865348816,0.6666666865348816
96,29,-4.459183692932129,86.41694641113281,0.0,1.0,1.0
96,30,-10.63166332244873,14.266524314880371,0.75,0.75,0.75
96,31,-17.91817283630371,88.19438171386719,0.25,0.75,0.75
96,32,-1.8426430225372314,6.313202381134033,0.0,1.0,1.0
96,33,-5.174103736877441,13.290532112121582,0.0,1.0,1.0
96,34,-9.036249160766602,20.32970428466797,0.3333333432674408,0.6666666865348816,1.0
96,35,-13.356842041015625,28.196857452392578,0.5,0.5,0.75
96,36,-12.761613845825195,590.4039306640625,0.0,0.0,0.5
96,37,-6.720364093780518,28.794431686401367,0.5,0.5,1.0
96,38,-9.541862487792969,118.02910614013672,0.0,0.5,0.5
96,39,-3.626784086227417,6.131209850311279,0.5,1.0,1.0
96,40,-17.58494758605957,351.302978515625,0.3333333432674408,0.6666666865348816,0.6666666865348816
96,41,-15.35334300994873,12.92147445678711,0.5,0.6666666865348816,1.0
96,42,-6.234092712402344,7.988722324371338,0.6666666865348816,0.6666666865348816,1.0
96,43,-6.496361255645752,3.6666274070739746,0.6000000238418579,1.0,1.0
97,0,-1.7107337713241577,1.4079668521881104,0.800000011920929,1.0,1.0
97,1,-3.2186710834503174,2.9238181114196777,0.6666666865348816,1.0,1.0
97,2,-2.825512647628784,4.107260704040527,0.5,1.0,1.0
97,3,-6.611475467681885,2.5715181827545166,0.7142857313156128,1.0,1.0
97,4,-5.936925888061523,19.46198272705078,0.5,0.5,1.0
97,5,-14.531187057495117,126.94184112548828,0.3333333432674408,0.6666666865348816,0.6666666865348816
97,6,-5.131869316101074,1.6706068515777588,0.800000011920929,1.0,1.0
97,7,-16.194137573242188,57.31339645385742,0.25,0.5,1.0
97,8,-9.833341598510742,26.516855239868164,0.6666666865348816,0.6666666865348816,0.6666666865348816
97,9,-9.43990707397461,112.16304779052734,0.5,0.5,0.5
97,10,-1.3502018451690674,3.8582043647766113,1.0,1.0,1.0
97,11,-6.415909767150879,611.496826171875,0.0,0.0,1.0
97,12,-8.01172161102295,7.410741329193115,0.5,1.0,1.0
97,13,-14.947334289550781,19.875083923339844,0.800000011920929,0.800000011920929,0.800000011920929
97,14,-3.032524347305298,2.7479124069213867,0.6666666865348816,1.0,1.0
97,15,-18.461326599121094,470.4904479980469,0.0,0.3333333432674408,0.6666666865348816
97,16,-13.91212272644043,32.39585876464844,0.5,0.5,1.0
97,17,-28.328123092651367,12615.8349609375,0.0,0.0,0.3333333432674408
97,18,-5.555510997772217,258.65911865234375,0.0,0.0,1.0
97,19,-9.967188835144043,145.9982147216797,0.0,0.0,1.0
97,20,-26.100746154785156,682.1069946289062,0.25,0.25,0.5
97,21,-3.302934408187866,5.214624881744385,0.5,1.0,1.0
97,22,-20.1981143951416,155.94894409179688,0.0,0.5,0.75
97,23,-18.20583152770996,38.136287689208984,0.6000000238418579,0.6000000238418579,0.800000011920929
97,24,-4.771002769470215,10.864508628845215,0.5,1.0,1.0
97,25,-9.08212661743164,20.642982482910156,0.3333333432674408,0.6666666865348816,1.0
97,26,-5.3513875007629395,5.952408313751221,0.3333333432674408,1.0,1.0
97,27,-7.480127334594727,12.10206127166748,0.6666666865348816,0.6666666865348816,0.6666666865348816
97,28,-11.482358932495117,45.94536209106445,0.3333333432674408,0.6666666865348816,0.6666666865348816
97,29,-4.550857067108154,94.71354675292969,0.0,0.0,1.0
97,30,-10.485472679138184,13.754528999328613,0.75,0.75,0.75
97,31,-18.099355697631836,92.28105926513672,0.25,0.75,0.75
97,32,-1.8194841146469116,6.168674945831299,0.0,1.0,1.0
97,33,-5.1191606521606445,12.930390357971191,0.0,1.0,1.0
97,34,-9.070074081420898,20.56022071838379,0.3333333432674408,0.6666666865348816,1.0
97,35,-13.454784393310547,28.895795822143555,0.5,0.5,0.75
97,36,-12.649469375610352,558.209716796875,0.0,0.0,0.5
97,37,-6.760600566864014,29.37959098815918,0.5,0.5,1.0
97,38,-9.593249320983887,121.10096740722656,0.0,0.5,0.5
97,39,-3.665870428085327,6.252211093902588,0.5,1.0,1.0
97,40,-17.486669540405273,339.9810485839844,0.3333333432674408,0.6666666865348816,0.6666666865348816
97,41,-15.34432601928711,12.902068138122559,0.5,0.6666666865348816,1.0
97,42,-6.223304748535156,7.960048198699951,0.6666666865348816,0.6666666865348816,1.0
97,43,-6.464766979217529,3.643531322479248,0.6000000238418579,1.0,1.0
98,0,-1.730503797531128,1.41354501247406,0.800000011920929,1.0,1.0
98,1,-3.2706289291381836,2.974897623062134,0.6666666865348816,1.0,1.0
98,2,-2.8309459686279297,4.118433952331543,0.5,1.0,1.0
98,3,-6.589022636413574,2.5632834434509277,0.7142857313156128,1.0,1.0
98,4,-5.9054341316223145,19.157936096191406,0.5,0.5,1.0
98,5,-14.550793647766113,127.7741928100586,0.3333333432674408,0.6666666865348816,0.6666666865348816
98,6,-5.138848304748535,1.671773076057434,0.800000011920929,1.0,1.0
98,7,-16.219945907592773,57.684383392333984,0.25,0.5,1.0
98,8,-9.869028091430664,26.834165573120117,0.6666666865348816,0.6666666865348816,0.6666666865348816
98,9,-9.475275039672852,114.16417694091797,0.5,0.5,0.5
98,10,-1.3577684164047241,3.8875081539154053,1.0,1.0,1.0
98,11,-6.358264923095703,577.243896484375,0.0,0.0,1.0
98,12,-8.081746101379395,7.541616439819336,0.5,1.0,1.0
98,13,-14.911673545837402,19.73383331298828,0.800000011920929,0.800000011920929,0.800000011920929
98,14,-2.9381773471832275,2.6628379821777344,0.6666666865348816,1.0,1.0
98,15,-18.405029296875,461.74359130859375,0.0,0.3333333432674408,0.6666666865348816
98,16,-13.864237785339355,32.01035690307617,0.5,0.5,1.0
98,17,-28.53957176208496,13537.1123046875,0.0,0.0,0.3333333432674408
98,18,-5.520018577575684,249.63967895507812,0.0,0.0,1.0
98,19,-9.996919631958008,148.18475341796875,0.0,0.0,1.0
98,20,-26.04966163635254,673.4511108398438,0.25,0.25,0.5
98,21,-3.2951250076293945,5.194303512573242,0.5,1.0,1.0
98,22,-19.938411712646484,146.14553833007812,0.0,0.5,0.75
98,23,-18.411943435668945,39.741214752197266,0.6000000238418579,0.6000000238418579,0.800000011920929
98,24,-4.75685453414917,10.787923812866211,0.5,1.0,1.0
98,25,-9.134360313415527,21.005550384521484,0.3333333432674408,0.6666666865348816,1.0
98,26,-5.344393730163574,5.938547611236572,0.3333333432674408,1.0,1.0
98,27,-7.449031829833984,11.97726821899414,0.6666666865348816,0.6666666865348816,1.0
98,28,-11.63033676147461,48.26848602294922,0.3333333432674408,0.6666666865348816,0.6666666865348816
98,29,-4.475098133087158,87.80321502685547,0.0,1.0,1.0
98,30,-10.520125389099121,13.874205589294434,0.75,0.75,0.75
98,31,-18.05776596069336,91.32655334472656,0.25,0.75,0.75
98,32,-1.8404943943023682,6.299652099609375,0.0,1.0,1.0
98,33,-5.146394729614258,13.107667922973633,0.0,1.0,1.0
98,34,-9.040526390075684,20.35870933532715,0.3333333432674408,0.6666666865348816,1.0
98,35,-13.430213928222656,28.718843460083008,0.5,0.5,0.75
98,36,-12.735197067260742,582.6569213867188,0.0,0.0,0.5
98,37,-6.791825294494629,29.841875076293945,0.5,0.5,1.0
98,38,-9.577709197998047,120.16365814208984,0.0,0.5,0.5
98,39,-3.642848491668701,6.180655002593994,0.5,1.0,1.0
98,40,-17.557842254638672,348.1431884765625,0.3333333432674408,0.6666666865348816,0.6666666865348816
98,41,-15.430442810058594,13.088582992553711,0.5,0.6666666865348816,1.0
98,42,-6.2842020988464355,8.123278617858887,0.6666666865348816,0.6666666865348816,1.0
98,43,-6.418928146362305,3.610280752182007,0.6000000238418579,1.0,1.0
99,0,-1.7209718227386475,1.4108529090881348,0.800000011920929,1.0,1.0
99,1,-3.181109666824341,2.8874387741088867,0.6666666865348816,1.0,1.0
99,2,-2.7972326278686523,4.0495924949646,0.5,1.0,1.0
99,3,-6.481695175170898,2.5242815017700195,0.7142857313156128,1.0,1.0
99,4,-5.902795791625977,19.132680892944336,0.5,0.5,1.0
99,5,-14.605976104736328,130.14620971679688,0.3333333432674408,0.6666666865348816,0.6666666865348816
99,6,-5.114267826080322,1.6676689386367798,0.800000011920929,1.0,1.0
99,7,-16.283809661865234,58.61275863647461,0.25,0.5,1.0
99,8,-9.838017463684082,26.55821418762207,0.6666666865348816,0.6666666865348816,0.6666666865348816
99,9,-9.488408088684082,114.91630554199219,0.5,0.5,0.5
99,10,-1.370003342628479,3.935363531112671,1.0,1.0,1.0
99,11,-6.3865203857421875,593.786865234375,0.0,0.0,1.0
99,12,-8.06301212310791,7.506378173828125,0.5,1.0,1.0
99,13,-14.99547004699707,20.06734848022461,0.800000011920929,0.800000011920929,0.800000011920929
99,14,-2.948969602584839,2.6724345684051514,0.6666666865348816,1.0,1.0
99,15,-18.46691131591797,471.3671569824219,0.0,0.3333333432674408,0.6666666865348816
99,16,-13.815906524658203,31.62590789794922,0.5,0.5,1.0
99,17,-28.253589630126953,12306.2548828125,0.0,0.0,0.3333333432674408
99,18,-5.5176239013671875,249.04257202148438,0.0,0.0,1.0
99,19,-9.937002182006836,143.81117248535156,0.0,0.0,1.0
99,20,-25.973751068115234,660.7911376953125,0.25,0.25,0.5
99,21,-3.256411075592041,5.094724178314209,0.5,1.0,1.0
99,22,-20.06066131591797,150.68104553222656,0.0,0.5,0.75
99,23,-18.261932373046875,38.566593170166016,0.6000000238418579,0.6000000238418579,0.800000011920929
99,24,-4.766773223876953,10.841557502746582,0.5,1.0,1.0
99,25,-9.136913299560547,21.0234375,0.3333333432674408,0.6666666865348816,1.0
99,26,-5.354044437408447,5.957681655883789,0.3333333432674408,1.0,1.0
99,27,-7.457311630249023,12.010370254516602,0.6666666865348816,0.6666666865348816,1.0
99,28,-11.579713821411133,47.460819244384766,0.3333333432674408,0.6666666865348816,0.6666666865348816
99,29,-4.527027130126953,92.48321533203125,0.0,1.0,1.0
99,30,-10.519447326660156,13.871853828430176,0.75,0.75,0.75
99,31,-18.059762954711914,91.37215423583984,0.25,0.75,0.75
99,32,-1.833039402961731,6.252862453460693,0.0,1.0,1.0
99,33,-5.222499370574951,13.616056442260742,0.0,1.0,1.0
99,34,-9.00551700592041,20.122507095336914,0.3333333432674408,0.6666666865348816,1.0
99,35,-13.403039932250977,28.524404525756836,0.5,0.5,0.75
99,36,-12.722196578979492,578.8817749023438,0.0,0.0,0.5
99,37,-6.733028888702393,28.97734832763672,0.5,0.5,1.0
99,38,-9.592498779296875,121.0555419921875,0.0,0.5,0.5
99,39,-3.6183345317840576,6.105361461639404,0.5,1.0,1.0
99,40,-17.53950309753418,346.021484375,0.3333333432674408,0.6666666865348816,0.6666666865348816
99,41,-15.444840431213379,13.120030403137207,0.5,0.6666666865348816,1.0
99,42,-6.20538330078125,7.912637710571289,0.6666666865348816,0.6666666865348816,1.0
99,43,-6.516526222229004,3.6814446449279785,0.6000000238418579,1.0,1.0
