step,probe_index,log_prob,perplexity,hit_accuracy_at_1,hit_accuracy_at_10,hit_accuracy_at_100
0,0,-8.119837760925293,5.073178768157959,0.800000011920929,0.800000011920929,1.0
0,1,-4.099716663360596,7.766800880432129,0.5,1.0,1.0
0,2,-33.65700149536133,838.3204956054688,0.20000000298023224,0.4000000059604645,0.6000000238418579
0,3,-10.987895011901855,38.963748931884766,0.0,0.3333333432674408,1.0
0,4,-15.003963470458984,1811.6290283203125,0.0,0.5,0.5
0,5,-9.49458122253418,23.68543815612793,0.3333333432674408,0.6666666865348816,1.0
0,6,-28.186307907104492,280.69293212890625,0.20000000298023224,0.4000000059604645,0.6000000238418579
0,7,-22.085145950317383,249.95640563964844,0.0,0.25,1.0
0,8,-13.728084564208984,97.12786865234375,0.3333333432674408,0.3333333432674408,1.0
0,9,-6.417154312133789,24.743854522705078,0.5,0.5,1.0
0,10,-13.752653121948242,97.9265365600586,0.3333333432674408,0.3333333432674408,0.6666666865348816
0,11,-12.406254768371582,494.2925109863281,0.5,0.5,0.5
0,12,-10.991415977478027,39.00950241088867,0.3333333432674408,0.6666666865348816,1.0
0,13,-21.923254013061523,1491.818603515625,0.3333333432674408,0.3333333432674408,0.3333333432674408
0,14,-4.886019229888916,11.507623672485352,0.5,1.0,1.0
0,15,-5.485851287841797,15.532360076904297,0.5,0.5,1.0
0,16,-19.746400833129883,139.29586791992188,0.25,0.5,0.5
0,17,-9.189627647399902,21.396114349365234,0.3333333432674408,0.6666666865348816,1.0
0,18,-5.393219947814941,14.829375267028809,0.5,1.0,1.0
0,19,-14.82672119140625,140.08370971679688,0.0,0.0,1.0
0,20,-14.068105697631836,33.68411636352539,0.5,0.75,0.75
0,21,-14.892986297607422,143.21238708496094,0.0,0.6666666865348816,0.6666666865348816
0,22,-5.789060592651367,18.075008392333984,0.5,0.5,1.0
0,23,-16.60196304321289,63.46513748168945,0.25,0.5,1.0
0,24,-23.73073387145996,13.96771240234375,0.4444444477558136,0.7777777910232544,1.0
0,25,-12.454517364501953,506.3654479980469,0.0,0.5,0.5
0,26,-11.957235336303711,53.82538604736328,0.3333333432674408,0.3333333432674408,1.0
0,27,-8.654302597045898,75.72825622558594,0.5,0.5,1.0
0,28,-26.11954116821289,6042.1396484375,0.0,0.0,0.6666666865348816
0,29,-19.820093154907227,9.045185089111328,0.5555555820465088,0.7777777910232544,1.0
0,30,-17.31414222717285,31.907093048095703,0.6000000238418579,0.6000000238418579,0.800000011920929
0,31,-9.516216278076172,23.856868743896484,0.3333333432674408,1.0,1.0
0,32,-16.91282081604004,4705.13818359375,0.0,0.0,0.0
0,33,-10.357707977294922,31.58142852783203,0.0,1.0,1.0
0,34,-15.932333946228027,24.202760696411133,0.4000000059604645,0.6000000238418579,1.0
0,35,-20.616514205932617,173.1448516845703,0.0,0.5,1.0
0,36,-13.817392349243164,100.06272888183594,0.0,0.6666666865348816,1.0
0,37,-11.621695518493652,18.272987365722656,0.75,0.75,0.75
0,38,-5.129629611968994,3.6053085327148438,0.75,0.75,1.0
0,39,-6.3111467361450195,8.196569442749023,0.6666666865348816,0.6666666865348816,1.0
0,40,-14.381962776184082,120.78206634521484,0.0,0.0,1.0
0,41,-18.98821258544922,560.8224487304688,0.0,0.0,0.6666666865348816
0,42,-17.49612808227539,79.36298370361328,0.25,0.5,0.75
0,43,-36.637081146240234,448.6217956542969,0.1666666716337204,0.3333333432674408,0.6666666865348816
0,44,-9.821035385131836,135.70965576171875,0.0,0.5,0.5
0,45,-15.596023559570312,22.628376007080078,0.4000000059604645,0.6000000238418579,1.0
0,46,-19.63681983947754,135.5316162109375,0.25,0.5,0.5
1,0,-8.119837760925293,5.073178768157959,0.800000011920929,0.800000011920929,1.0
1,1,-4.099716663360596,7.766800880432129,0.5,1.0,1.0
1,2,-33.65700149536133,838.3204956054688,0.20000000298023224,0.4000000059604645,0.6000000238418579
1,3,-10.987895011901855,38.963748931884766,0.0,0.3333333432674408,1.0
1,4,-15.003963470458984,1811.6290283203125,0.0,0.5,0.5
1,5,-9.49458122253418,23.68543815612793,0.3333333432674408,0.6666666865348816,1.0
1,6,-28.186307907104492,280.69293212890625,0.20000000298023224,0.4000000059604645,0.6000000238418579
1,7,-22.085145950317383,249.95640563964844,0.0,0.25,1.0
1,8,-13.728084564208984,97.12786865234375,0.3333333432674408,0.3333333432674408,1.0
1,9,-6.417154312133789,24.743854522705078,0.5,0.5,1.0
1,10,-13.752653121948242,97.9265365600586,0.3333333432674408,0.3333333432674408,0.6666666865348816
1,11,-12.406254768371582,494.2925109863281,0.5,0.5,0.5
1,12,-10.991415977478027,39.00950241088867,0.3333333432674408,0.6666666865348816,1.0
1,13,-21.923254013061523,1491.818603515625,0.3333333432674408,0.3333333432674408,0.3333333432674408
1,14,-4.886019229888916,11.507623672485352,0.5,1.0,1.0
1,15,-5.485851287841797,15.532360076904297,0.5,0.5,1.0
1,16,-19.746400833129883,139.29586791992188,0.25,0.5,0.5
1,17,-9.189627647399902,21.396114349365234,0.3333333432674408,0.6666666865348816,1.0
1,18,-5.393219947814941,14.829375267028809,0.5,1.0,1.0
1,19,-14.82672119140625,140.08370971679688,0.0,0.0,1.0
1,20,-14.068105697631836,33.68411636352539,0.5,0.75,0.75
1,21,-14.892986297607422,143.21238708496094,0.0,0.6666666865348816,0.6666666865348816
1,22,-5.789060592651367,18.075008392333984,0.5,0.5,1.0
1,23,-16.60196304321289,63.46513748168945,0.25,0.5,1.0
1,24,-23.73073387145996,13.96771240234375,0.4444444477558136,0.7777777910232544,1.0
1,25,-12.454517364501953,506.3654479980469,0.0,0.5,0.5
1,26,-11.957235336303711,53.82538604736328,0.3333333432674408,0.3333333432674408,1.0
1,27,-8.654302597045898,75.72825622558594,0.5,0.5,1.0
1,28,-26.11954116821289,6042.1396484375,0.0,0.0,0.6666666865348816
1,29,-19.820093154907227,9.045185089111328,0.5555555820465088,0.7777777910232544,1.0
1,30,-17.31414222717285,31.907093048095703,0.6000000238418579,0.6000000238418579,0.800000011920929
1,31,-9.516216278076172,23.856868743896484,0.3333333432674408,1.0,1.0
1,32,-16.91282081604004,4705.13818359375,0.0,0.0,0.0
1,33,-10.357707977294922,31.58142852783203,0.0,1.0,1.0
1,34,-15.932333946228027,24.202760696411133,0.4000000059604645,0.6000000238418579,1.0
1,35,-20.616514205932617,173.1448516845703,0.0,0.5,1.0
1,36,-13.817392349243164,100.06272888183594,0.0,0.6666666865348816,1.0
1,37,-11.621695518493652,18.272987365722656,0.75,0.75,0.75
1,38,-5.129629611968994,3.6053085327148438,0.75,0.75,1.0
1,39,-6.3111467361450195,8.196569442749023,0.6666666865348816,0.6666666865348816,1.0
1,40,-14.381962776184082,120.78206634521484,0.0,0.0,1.0
1,41,-18.98821258544922,560.8224487304688,0.0,0.0,0.6666666865348816
1,42,-17.49612808227539,79.36298370361328,0.25,0.5,0.75
1,43,-36.637081146240234,448.6217956542969,0.1666666716337204,0.3333333432674408,0.6666666865348816
1,44,-9.821035385131836,135.70965576171875,0.0,0.5,0.5
1,45,-15.596023559570312,22.628376007080078,0.4000000059604645,0.6000000238418579,1.0
1,46,-19.63681983947754,135.5316162109375,0.25,0.5,0.5
2,0,-8.104168891906738,5.057305335998535,0.800000011920929,0.800000011920929,1.0
2,1,-4.0958404541015625,7.751762866973877,0.5,1.0,1.0
2,2,-33.627655029296875,833.4144897460938,0.20000000298023224,0.4000000059604645,0.6000000238418579
2,3,-11.013466835021973,39.29729461669922,0.0,0.3333333432674408,1.0
2,4,-15.022974014282227,1828.93115234375,0.0,0.5,0.5
2,5,-9.504732131958008,23.765718460083008,0.3333333432674408,0.6666666865348816,1.0
2,6,-28.140972137451172,278.159423828125,0.20000000298023224,0.4000000059604645,0.6000000238418579
2,7,-22.104738235473633,251.18370056152344,0.0,0.25,1.0
2,8,-13.636443138122559,94.20575714111328,0.3333333432674408,0.3333333432674408,1.0
2,9,-6.428160190582275,24.880393981933594,0.5,0.5,1.0
2,10,-13.747644424438477,97.76319122314453,0.3333333432674408,0.3333333432674408,0.6666666865348816
2,11,-12.330753326416016,475.98040771484375,0.5,0.5,0.5
2,12,-11.040918350219727,39.65853500366211,0.3333333432674408,0.6666666865348816,1.0
2,13,-21.836444854736328,1449.269287109375,0.3333333432674408,0.3333333432674408,0.3333333432674408
2,14,-4.9525675773620605,11.896970748901367,0.5,1.0,1.0
2,15,-5.503900527954102,15.673169136047363,0.5,0.5,1.0
2,16,-19.814472198486328,141.68667602539062,0.25,0.5,0.5
2,17,-9.185259819030762,21.36498260498047,0.3333333432674408,0.6666666865348816,1.0
2,18,-5.459770202636719,15.33112621307373,0.5,1.0,1.0
2,19,-14.812121391296387,139.4036407470703,0.0,0.0,1.0
2,20,-14.05426025390625,33.567726135253906,0.5,0.75,0.75
2,21,-14.85832405090332,141.56719970703125,0.0,0.6666666865348816,0.6666666865348816
2,22,-5.75269079208374,17.74928855895996,0.5,0.5,1.0
2,23,-16.559141159057617,62.789337158203125,0.25,0.5,1.0
2,24,-23.71161651611328,13.938071250915527,0.4444444477558136,0.7777777910232544,1.0
2,25,-12.391404151916504,490.63580322265625,0.0,0.5,0.5
2,26,-11.955918312072754,53.80175018310547,0.3333333432674408,0.3333333432674408,1.0
2,27,-8.652520179748535,75.6607894897461,0.5,0.5,1.0
2,28,-26.067182540893555,5937.60498046875,0.0,0.0,0.6666666865348816
2,29,-19.823410034179688,9.0485200881958,0.5555555820465088,0.7777777910232544,1.0
2,30,-17.339279174804688,32.06791305541992,0.6000000238418579,0.6000000238418579,0.800000011920929
2,31,-9.489502906799316,23.6453800201416,0.3333333432674408,1.0,1.0
2,32,-16.96207046508789,4822.43994140625,0.0,0.0,0.0
2,33,-10.350784301757812,31.50862693786621,0.0,1.0,1.0
2,34,-15.947677612304688,24.277151107788086,0.4000000059604645,0.6000000238418579,1.0
2,35,-20.597877502441406,172.34002685546875,0.0,0.5,1.0
2,36,-13.77472972869873,98.64983367919922,0.0,0.6666666865348816,1.0
2,37,-11.639780044555664,18.355789184570312,0.75,0.75,0.75
2,38,-5.149330139160156,3.6231088638305664,0.75,0.75,1.0
2,39,-6.321566581726074,8.22508716583252,0.6666666865348816,0.6666666865348816,1.0
2,40,-14.440570831298828,123.16487121582031,0.0,0.0,1.0
2,41,-18.89618492126465,543.8799438476562,0.0,0.0,0.6666666865348816
2,42,-17.526535034179688,79.96858215332031,0.25,0.5,0.75
2,43,-36.487342834472656,437.564453125,0.1666666716337204,0.3333333432674408,0.6666666865348816
2,44,-9.830612182617188,136.3610382080078,0.0,0.5,0.5
2,45,-15.557798385620117,22.456039428710938,0.4000000059604645,0.6000000238418579,1.0
2,46,-19.710538864135742,138.05259704589844,0.25,0.5,0.5
3,0,-8.109518051147461,5.062718868255615,0.800000011920929,0.800000011920929,1.0
3,1,-4.070451736450195,7.6539812088012695,0.5,1.0,1.0
3,2,-33.514286041259766,814.730224609375,0.20000000298023224,0.4000000059604645,0.6000000238418579
3,3,-10.98878002166748,38.975242614746094,0.0,0.3333333432674408,1.0
3,4,-15.012833595275879,1819.681640625,0.0,0.5,0.5
3,5,-9.441314697265625,23.268604278564453,0.3333333432674408,0.6666666865348816,1.0
3,6,-28.198875427246094,281.39947509765625,0.20000000298023224,0.4000000059604645,0.6000000238418579
3,7,-22.02983856201172,246.52407836914062,0.0,0.25,1.0
3,8,-13.66754150390625,95.18736267089844,0.3333333432674408,0.3333333432674408,1.0
3,9,-6.50092077255249,25.802217483520508,0.5,0.5,1.0
3,10,-13.710845947265625,96.57134246826172,0.3333333432674408,0.3333333432674408,0.6666666865348816
3,11,-12.443408966064453,503.560791015625,0.5,0.5,0.5
3,12,-10.99423599243164,39.04619216918945,0.3333333432674408,0.6666666865348816,1.0
3,13,-21.83618927001953,1449.1463623046875,0.3333333432674408,0.3333333432674408,0.3333333432674408
3,14,-4.929905414581299,11.76292610168457,0.5,1.0,1.0
3,15,-5.4904046058654785,15.567763328552246,0.5,0.5,1.0
3,16,-19.799678802490234,141.1636199951172,0.25,0.5,0.5
3,17,-9.116182327270508,20.878658294677734,0.3333333432674408,0.6666666865348816,1.0
3,18,-5.468573093414307,15.39875316619873,0.5,1.0,1.0
3,19,-14.800782203674316,138.87777709960938,0.0,0.0,1.0
3,20,-14.039121627807617,33.44092559814453,0.5,0.75,0.75
3,21,-14.91992473602295,144.50411987304688,0.0,0.6666666865348816,0.6666666865348816
3,22,-5.749527931213379,17.721240997314453,0.5,0.5,1.0
3,23,-16.541645050048828,62.515296936035156,0.25,0.5,1.0
3,24,-23.750629425048828,13.99862289428711,0.4444444477558136,0.7777777910232544,1.0
3,25,-12.338617324829102,477.85565185546875,0.0,0.5,0.5
3,26,-11.96989631652832,54.05302047729492,0.3333333432674408,0.3333333432674408,1.0
3,27,-8.622475624084473,74.5326919555664,0.5,0.5,1.0
3,28,-25.940624237060547,5692.3271484375,0.0,0.0,0.6666666865348816
3,29,-19.755786895751953,8.980786323547363,0.5555555820465088,0.7777777910232544,1.0
3,30,-17.350482940673828,32.13984680175781,0.6000000238418579,0.6000000238418579,0.800000011920929
3,31,-9.525298118591309,23.929197311401367,0.3333333432674408,1.0,1.0
3,32,-16.85824966430664,4578.4912109375,0.0,0.0,0.0
3,33,-10.406646728515625,32.10084533691406,0.0,1.0,1.0
3,34,-15.94568920135498,24.267498016357422,0.4000000059604645,0.6000000238418579,1.0
3,35,-20.625659942626953,173.5411834716797,0.0,0.5,1.0
3,36,-13.764012336730957,98.29804229736328,0.0,0.6666666865348816,1.0
3,37,-11.627017974853516,18.297317504882812,0.75,0.75,0.75
3,38,-5.181926250457764,3.652754783630371,0.75,0.75,1.0
3,39,-6.320615291595459,8.222479820251465,0.6666666865348816,0.6666666865348816,1.0
3,40,-14.421642303466797,122.39020538330078,0.0,0.0,1.0
3,41,-18.954425811767578,554.5416870117188,0.0,0.0,0.6666666865348816
3,42,-17.518985748291016,79.81779479980469,0.25,0.5,0.75
3,43,-36.53033447265625,440.7108154296875,0.1666666716337204,0.3333333432674408,0.6666666865348816
3,44,-9.866157531738281,138.80621337890625,0.0,0.5,0.5
3,45,-15.567728042602539,22.500682830810547,0.4000000059604645,0.6000000238418579,1.0
3,46,-19.625478744506836,135.14788818359375,0.25,0.5,0.5
4,0,-8.084507942199707,5.037458419799805,0.800000011920929,0.800000011920929,1.0
4,1,-4.100478172302246,7.769758701324463,0.5,1.0,1.0
4,2,-33.35854721069336,789.7445678710938,0.20000000298023224,0.4000000059604645,0.6000000238418579
4,3,-10.949484825134277,38.468055725097656,0.0,0.3333333432674408,1.0
4,4,-15.024001121520996,1829.87060546875,0.0,0.5,0.5
4,5,-9.434249877929688,23.213869094848633,0.3333333432674408,0.6666666865348816,1.0
4,6,-27.93985366821289,267.19287109375,0.20000000298023224,0.4000000059604645,0.6000000238418579
4,7,-22.127079010009766,252.5905303955078,0.0,0.25,1.0
4,8,-13.55722427368164,91.75067901611328,0.3333333432674408,0.3333333432674408,1.0
4,9,-6.5507330894470215,26.45292091369629,0.5,0.5,1.0
4,10,-13.618428230285645,93.64170837402344,0.3333333432674408,0.3333333432674408,0.6666666865348816
4,11,-12.414304733276367,496.2860107421875,0.5,0.5,0.5
4,12,-11.091245651245117,40.329444885253906,0.3333333432674408,0.6666666865348816,1.0
4,13,-21.672590255737305,1372.236083984375,0.3333333432674408,0.3333333432674408,0.3333333432674408
4,14,-4.959596633911133,11.93885612487793,0.5,1.0,1.0
4,15,-5.450281620025635,15.258563041687012,0.5,0.5,1.0
4,16,-19.706279754638672,137.90567016601562,0.25,0.5,0.5
4,17,-9.101310729980469,20.775413513183594,0.3333333432674408,0.6666666865348816,1.0
4,18,-5.488776206970215,15.555092811584473,0.5,1.0,1.0
4,19,-14.80661392211914,139.14796447753906,0.0,0.0,1.0
4,20,-14.043684005737305,33.479087829589844,0.5,0.75,0.75
4,21,-14.842527389526367,140.8237762451172,0.0,0.6666666865348816,0.6666666865348816
4,22,-5.778361797332764,17.978578567504883,0.5,0.5,1.0
4,23,-16.28054428100586,58.5649299621582,0.25,0.5,1.0
4,24,-23.753524780273438,14.00312614440918,0.4444444477558136,0.7777777910232544,1.0
4,25,-12.181488990783691,441.75018310546875,0.0,0.5,0.5
4,26,-11.96197509765625,53.91048049926758,0.3333333432674408,0.3333333432674408,1.0
4,27,-8.601119995117188,73.74107360839844,0.5,0.5,1.0
4,28,-25.722858428955078,5293.77294921875,0.0,0.0,0.6666666865348816
4,29,-19.70111083984375,8.9263916015625,0.5555555820465088,0.7777777910232544,1.0
4,30,-17.309284210205078,31.87611198425293,0.6000000238418579,0.6000000238418579,0.800000011920929
4,31,-9.499589920043945,23.725013732910156,0.3333333432674408,1.0,1.0
4,32,-16.88897705078125,4649.376953125,0.0,0.0,0.0
4,33,-10.259675979614258,30.56611442565918,0.0,1.0,1.0
4,34,-15.887415885925293,23.98630714416504,0.4000000059604645,0.6000000238418579,1.0
4,35,-20.59800910949707,172.34568786621094,0.0,0.5,1.0
4,36,-13.697386741638184,96.13903045654297,0.0,0.6666666865348816,1.0
4,37,-11.646489143371582,18.3866024017334,0.75,0.75,0.75
4,38,-5.146575450897217,3.620614767074585,0.75,0.75,1.0
4,39,-6.3073954582214355,8.186326026916504,0.6666666865348816,0.6666666865348816,1.0
4,40,-14.42130184173584,122.37630462646484,0.0,0.0,1.0
4,41,-18.982925415039062,559.8348999023438,0.0,0.0,0.6666666865348816
4,42,-17.471284866333008,78.87159729003906,0.25,0.5,0.75
4,43,-36.41655731201172,432.4324035644531,0.1666666716337204,0.3333333432674408,0.6666666865348816
4,44,-9.832817077636719,136.51145935058594,0.0,0.5,0.5
4,45,-15.614096641540527,22.71031951904297,0.4000000059604645,0.6000000238418579,1.0
4,46,-19.636518478393555,135.5214080810547,0.25,0.5,0.5
5,0,-8.105472564697266,5.058623790740967,0.800000011920929,0.800000011920929,1.0
5,1,-4.102914333343506,7.779228210449219,0.5,1.0,1.0
5,2,-33.076961517333984,746.4974365234375,0.20000000298023224,0.4000000059604645,0.6000000238418579
5,3,-10.985431671142578,38.93177032470703,0.0,0.3333333432674408,1.0
5,4,-14.987518310546875,1796.7938232421875,0.0,0.5,0.5
5,5,-9.446571350097656,23.30940818786621,0.3333333432674408,0.6666666865348816,1.0
5,6,-27.909936904907227,265.59893798828125,0.20000000298023224,0.4000000059604645,0.6000000238418579
5,7,-22.051471710205078,247.86097717285156,0.0,0.25,1.0
5,8,-13.434526443481445,88.07384490966797,0.3333333432674408,0.3333333432674408,1.0
5,9,-6.600140571594238,27.114545822143555,0.5,0.5,1.0
5,10,-13.524295806884766,90.74910736083984,0.3333333432674408,0.3333333432674408,1.0
5,11,-12.363083839416504,483.7372741699219,0.5,0.5,0.5
5,12,-11.0652437210083,39.981407165527344,0.3333333432674408,0.6666666865348816,1.0
5,13,-21.597986221313477,1338.5322265625,0.3333333432674408,0.3333333432674408,0.3333333432674408
5,14,-5.000457286834717,12.185279846191406,0.5,1.0,1.0
5,15,-5.423086643218994,15.052489280700684,0.5,0.5,1.0
5,16,-19.5515193939209,132.67198181152344,0.25,0.5,0.5
5,17,-9.062785148620605,20.510324478149414,0.3333333432674408,0.6666666865348816,1.0
5,18,-5.497771263122559,15.62520980834961,0.5,1.0,1.0
5,19,-14.70090103149414,134.33013916015625,0.0,0.0,1.0
5,20,-14.069762229919434,33.69807052612305,0.5,0.75,0.75
5,21,-14.86316967010498,141.79608154296875,0.0,0.6666666865348816,0.6666666865348816
5,22,-5.7649970054626465,17.858837127685547,0.5,0.5,1.0
5,23,-15.952571868896484,53.9546012878418,0.25,0.5,1.0
5,24,-23.705833435058594,13.929119110107422,0.4444444477558136,0.7777777910232544,1.0
5,25,-11.984683990478516,400.35113525390625,0.0,0.5,0.5
5,26,-11.940901756286621,53.53312683105469,0.3333333432674408,0.3333333432674408,1.0
5,27,-8.605246543884277,73.89338684082031,0.5,0.5,1.0
5,28,-25.160741806030273,4389.2529296875,0.0,0.0,0.6666666865348816
5,29,-19.5858154296875,8.812769889831543,0.5555555820465088,0.7777777910232544,1.0
5,30,-17.412593841552734,32.54158020019531,0.6000000238418579,0.6000000238418579,0.800000011920929
5,31,-9.439287185668945,23.252880096435547,0.3333333432674408,1.0,1.0
5,32,-16.752065658569336,4341.75048828125,0.0,0.0,0.0
5,33,-10.196083068847656,29.924999237060547,0.0,1.0,1.0
5,34,-15.860137939453125,23.855804443359375,0.4000000059604645,0.6000000238418579,1.0
5,35,-20.55004119873047,170.291259765625,0.0,0.5,1.0
5,36,-13.594331741333008,92.8926010131836,0.0,0.6666666865348816,1.0
5,37,-11.648632049560547,18.396455764770508,0.75,0.75,0.75
5,38,-5.194540500640869,3.6642918586730957,0.75,0.75,1.0
5,39,-6.336411952972412,8.265889167785645,0.6666666865348816,0.6666666865348816,1.0
5,40,-14.444892883300781,123.34241485595703,0.0,0.0,1.0
5,41,-19.02318572998047,567.3986206054688,0.0,0.0,0.6666666865348816
5,42,-17.46920394897461,78.83057403564453,0.25,0.5,0.75
5,43,-36.068634033203125,408.0700378417969,0.1666666716337204,0.3333333432674408,0.6666666865348816
5,44,-9.838306427001953,136.8866424560547,0.0,0.5,0.5
5,45,-15.544981956481934,22.3985538482666,0.4000000059604645,0.6000000238418579,1.0
5,46,-19.599285125732422,134.26577758789062,0.25,0.5,0.5
6,0,-8.059280395507812,5.012105941772461,0.800000011920929,0.800000011920929,1.0
6,1,-4.102301597595215,7.776845932006836,0.5,1.0,1.0
6,2,-32.56646728515625,674.0426025390625,0.20000000298023224,0.4000000059604645,0.6000000238418579
6,3,-10.943158149719238,38.387020111083984,0.0,0.3333333432674408,1.0
6,4,-14.94791030883789,1761.56005859375,0.0,0.5,0.5
6,5,-9.369911193847656,22.7213191986084,0.3333333432674408,0.6666666865348816,1.0
6,6,-27.7415828704834,256.80487060546875,0.20000000298023224,0.4000000059604645,0.6000000238418579
6,7,-21.941823959350586,241.15890502929688,0.0,0.25,1.0
6,8,-13.191896438598633,81.23114776611328,0.3333333432674408,0.3333333432674408,1.0
6,9,-6.871548652648926,31.055450439453125,0.5,0.5,1.0
6,10,-13.273262023925781,83.46444702148438,0.3333333432674408,0.3333333432674408,1.0
6,11,-12.385265350341797,489.1321105957031,0.5,0.5,0.5
6,12,-11.146736145019531,41.082359313964844,0.3333333432674408,0.6666666865348816,1.0
6,13,-21.500324249267578,1295.6590576171875,0.3333333432674408,0.3333333432674408,0.3333333432674408
6,14,-5.104108810424805,12.833442687988281,0.5,1.0,1.0
6,15,-5.493016719818115,15.588109016418457,0.5,0.5,1.0
6,16,-19.462574005126953,129.75440979003906,0.25,0.5,0.5
6,17,-9.005157470703125,20.120098114013672,0.3333333432674408,0.6666666865348816,1.0
6,18,-5.579462051391602,16.276639938354492,0.5,1.0,1.0
6,19,-14.782955169677734,138.05496215820312,0.0,0.0,1.0
6,20,-14.127187728881836,34.185340881347656,0.5,0.75,0.75
6,21,-14.773683547973633,137.62892150878906,0.0,0.6666666865348816,0.6666666865348816
6,22,-5.8203630447387695,18.360132217407227,0.5,0.5,1.0
6,23,-15.575185775756836,49.096927642822266,0.25,0.5,1.0
6,24,-23.683837890625,13.895116806030273,0.4444444477558136,0.7777777910232544,1.0
6,25,-11.788966178894043,363.0291442871094,0.0,0.5,0.5
6,26,-11.921367645263672,53.1856803894043,0.3333333432674408,0.3333333432674408,1.0
6,27,-8.577693939208984,72.88238525390625,0.5,0.5,1.0
6,28,-24.645069122314453,3696.0615234375,0.0,0.0,0.6666666865348816
6,29,-19.39410972595215,8.627036094665527,0.5555555820465088,0.7777777910232544,1.0
6,30,-17.60944366455078,33.848297119140625,0.6000000238418579,0.6000000238418579,0.800000011920929
6,31,-9.432799339294434,23.202646255493164,0.3333333432674408,1.0,1.0
6,32,-16.738744735717773,4312.92822265625,0.0,0.0,0.0
6,33,-10.09091567993164,28.894136428833008,0.0,1.0,1.0
6,34,-15.789226531982422,23.51986312866211,0.4000000059604645,0.6000000238418579,1.0
6,35,-20.5114803314209,168.6575164794922,0.0,0.5,1.0
6,36,-13.449043273925781,88.50106811523438,0.0,0.6666666865348816,1.0
6,37,-11.674219131469727,18.514511108398438,0.75,0.75,0.75
6,38,-5.225705146789551,3.6929526329040527,0.75,0.75,1.0
6,39,-6.329540252685547,8.246977806091309,0.6666666865348816,0.6666666865348816,1.0
6,40,-14.496272087097168,125.47303009033203,0.0,0.0,1.0
6,41,-19.04115104675293,570.806396484375,0.0,0.0,0.6666666865348816
6,42,-17.365337371826172,76.8099594116211,0.25,0.75,0.75
6,43,-35.7628173828125,387.792236328125,0.1666666716337204,0.3333333432674408,0.6666666865348816
6,44,-9.821063041687012,135.71153259277344,0.0,0.5,0.5
6,45,-15.39122200012207,21.720237731933594,0.4000000059604645,0.6000000238418579,1.0
6,46,-19.47355842590332,130.11122131347656,0.25,0.5,0.5
7,0,-7.976753234863281,4.930057525634766,0.800000011920929,0.800000011920929,1.0
7,1,-4.1120147705078125,7.814706325531006,0.5,1.0,1.0
7,2,-31.977169036865234,599.1032104492188,0.20000000298023224,0.4000000059604645,0.6000000238418579
7,3,-10.917696952819824,38.06260681152344,0.0,0.6666666865348816,1.0
7,4,-14.875017166137695,1698.51318359375,0.0,0.5,0.5
7,5,-9.293645858764648,22.150985717773438,0.3333333432674408,0.6666666865348816,1.0
7,6,-27.558849334716797,247.5889129638672,0.20000000298023224,0.4000000059604645,0.6000000238418579
7,7,-21.958511352539062,242.1670684814453,0.0,0.25,0.75
7,8,-12.94204330444336,74.73992919921875,0.3333333432674408,0.3333333432674408,1.0
7,9,-7.150941848754883,35.71143341064453,0.5,0.5,1.0
7,10,-12.992776870727539,76.01460266113281,0.3333333432674408,0.3333333432674408,1.0
7,11,-12.370027542114258,485.4196472167969,0.5,0.5,0.5
7,12,-11.217750549316406,42.066436767578125,0.3333333432674408,0.6666666865348816,1.0
7,13,-21.5301570892334,1308.60791015625,0.3333333432674408,0.3333333432674408,0.3333333432674408
7,14,-5.205011367797852,13.497515678405762,0.5,1.0,1.0
7,15,-5.441463470458984,15.191433906555176,0.5,0.5,1.0
7,16,-19.136688232421875,119.602294921875,0.25,0.5,0.5
7,17,-8.91324234008789,19.512998580932617,0.3333333432674408,0.6666666865348816,1.0
7,18,-5.607564926147461,16.50696563720703,0.5,1.0,1.0
7,19,-14.777254104614258,137.79281616210938,0.0,0.0,1.0
7,20,-14.263128280639648,35.367103576660156,0.5,0.75,0.75
7,21,-14.682015419006348,133.48716735839844,0.0,0.6666666865348816,0.6666666865348816
7,22,-5.923746109008789,19.334152221679688,0.5,0.5,1.0
7,23,-15.021163940429688,42.74665832519531,0.25,1.0,1.0
7,24,-23.651451110839844,13.845205307006836,0.4444444477558136,0.7777777910232544,1.0
7,25,-11.63245964050293,335.7040100097656,0.0,0.5,0.5
7,26,-11.953298568725586,53.75479507446289,0.3333333432674408,0.3333333432674408,1.0
7,27,-8.530414581298828,71.17967224121094,0.5,0.5,1.0
7,28,-24.369647979736328,3371.845947265625,0.0,0.0,0.6666666865348816
7,29,-19.407772064208984,8.640142440795898,0.5555555820465088,0.7777777910232544,1.0
7,30,-17.703338623046875,34.48994064331055,0.6000000238418579,0.6000000238418579,0.800000011920929
7,31,-9.393725395202637,22.902402877807617,0.3333333432674408,1.0,1.0
7,32,-16.694974899291992,4219.56591796875,0.0,0.0,0.0
7,33,-9.99937629699707,28.02579689025879,0.0,1.0,1.0
7,34,-15.67530632019043,22.99004554748535,0.4000000059604645,0.6000000238418579,1.0
7,35,-20.409317016601562,164.40440368652344,0.0,0.5,1.0
7,36,-13.250616073608398,82.8367691040039,0.0,0.6666666865348816,1.0
7,37,-11.679980278015137,18.541196823120117,0.75,0.75,0.75
7,38,-5.2221903800964355,3.689708948135376,0.75,0.75,1.0
7,39,-6.309089183807373,8.190949440002441,0.6666666865348816,0.6666666865348816,1.0
7,40,-14.490178108215332,125.21842193603516,0.0,0.0,1.0
7,41,-19.13484764099121,588.9154663085938,0.0,0.0,0.6666666865348816
7,42,-17.361507415771484,76.7364501953125,0.25,0.75,0.75
7,43,-35.151588439941406,350.2328796386719,0.1666666716337204,0.3333333432674408,0.6666666865348816
7,44,-9.791790008544922,133.73965454101562,0.0,0.5,1.0
7,45,-15.261545181274414,21.16415786743164,0.4000000059604645,0.6000000238418579,1.0
7,46,-19.40979766845703,128.0536651611328,0.25,0.5,0.5
8,0,-7.955737590789795,4.909379482269287,0.800000011920929,0.800000011920929,1.0
8,1,-4.066251754760742,7.6379241943359375,0.5,1.0,1.0
8,2,-31.565244674682617,551.7244873046875,0.20000000298023224,0.4000000059604645,0.6000000238418579
8,3,-10.922012329101562,38.11739730834961,0.0,0.6666666865348816,1.0
8,4,-14.807718276977539,1642.3101806640625,0.0,0.5,0.5
8,5,-9.20943832397461,21.537870407104492,0.3333333432674408,0.6666666865348816,1.0
8,6,-26.802907943725586,212.84866333007812,0.20000000298023224,0.4000000059604645,0.800000011920929
8,7,-21.9019718170166,238.7681427001953,0.0,0.25,0.75
8,8,-12.604935646057129,66.796142578125,0.3333333432674408,0.3333333432674408,1.0
8,9,-7.467353343963623,41.8326301574707,0.5,0.5,1.0
8,10,-12.725976943969727,69.54627990722656,0.3333333432674408,0.3333333432674408,1.0
8,11,-12.403642654418945,493.6473083496094,0.0,0.5,0.5
8,12,-11.3790922164917,44.39073181152344,0.3333333432674408,0.6666666865348816,1.0
8,13,-21.3314151763916,1224.72509765625,0.3333333432674408,0.3333333432674408,0.3333333432674408
8,14,-5.305022239685059,14.18962574005127,0.0,1.0,1.0
8,15,-5.422358989715576,15.047013282775879,0.5,0.5,1.0
8,16,-18.870515823364258,111.90261840820312,0.25,0.5,0.5
8,17,-8.840028762817383,19.04255485534668,0.3333333432674408,0.6666666865348816,1.0
8,18,-5.736452102661133,17.605758666992188,0.0,1.0,1.0
8,19,-14.721259117126465,135.2447967529297,0.0,0.0,1.0
8,20,-14.339122772216797,36.04545211791992,0.5,0.75,0.75
8,21,-14.644857406616211,131.8439483642578,0.0,0.6666666865348816,0.6666666865348816
8,22,-5.991586208343506,20.001216888427734,0.5,0.5,1.0
8,23,-14.454055786132812,37.0961799621582,0.25,1.0,1.0
8,24,-23.585678100585938,13.744393348693848,0.4444444477558136,0.7777777910232544,1.0
8,25,-11.497424125671387,313.7862854003906,0.0,0.5,0.5
8,26,-12.009065628051758,54.76338195800781,0.3333333432674408,0.3333333432674408,1.0
8,27,-8.462095260620117,68.78926086425781,0.5,0.5,1.0
8,28,-24.143367767333984,3126.87548828125,0.0,0.0,0.6666666865348816
8,29,-19.15365982055664,8.399601936340332,0.5555555820465088,0.7777777910232544,1.0
8,30,-17.956207275390625,36.279083251953125,0.6000000238418579,0.6000000238418579,0.800000011920929
8,31,-9.385973930358887,22.843305587768555,0.3333333432674408,1.0,1.0
8,32,-16.57095718383789,3965.8623046875,0.0,0.0,0.0
8,33,-9.85948371887207,26.748931884765625,0.0,1.0,1.0
8,34,-15.57393741607666,22.528644561767578,0.4000000059604645,0.6000000238418579,1.0
8,35,-20.314355850219727,160.54736328125,0.0,0.25,1.0
8,36,-13.118204116821289,79.26007843017578,0.0,0.6666666865348816,1.0
8,37,-11.673327445983887,18.510385513305664,0.75,0.75,0.75
8,38,-5.248170375823975,3.713751792907715,0.75,0.75,1.0
8,39,-6.349269390106201,8.301390647888184,0.6666666865348816,0.6666666865348816,1.0
8,40,-14.49349594116211,125.3569564819336,0.0,0.0,1.0
8,41,-19.235485076904297,609.0062866210938,0.0,0.0,0.6666666865348816
8,42,-17.272212982177734,75.04239654541016,0.25,0.75,0.75
8,43,-34.43838882446289,310.9808349609375,0.1666666716337204,0.3333333432674408,0.6666666865348816
8,44,-9.741540908813477,130.42135620117188,0.0,0.5,1.0
8,45,-15.15121841430664,20.7022762298584,0.4000000059604645,0.6000000238418579,1.0
8,46,-19.29962921142578,124.57491302490234,0.25,0.5,0.5
9,0,-7.963959693908691,4.917459011077881,0.800000011920929,0.800000011920929,1.0
9,1,-4.025008678436279,7.482031345367432,0.5,1.0,1.0
9,2,-30.975332260131836,490.3240661621094,0.20000000298023224,0.4000000059604645,0.6000000238418579
9,3,-10.915205001831055,38.031005859375,0.0,0.6666666865348816,1.0
9,4,-14.843568801879883,1672.0142822265625,0.0,0.5,0.5
9,5,-9.135101318359375,21.010738372802734,0.3333333432674408,0.6666666865348816,1.0
9,6,-27.1578426361084,228.50741577148438,0.20000000298023224,0.4000000059604645,0.800000011920929
9,7,-21.88541030883789,237.78158569335938,0.0,0.25,0.75
9,8,-12.25069808959961,59.35676956176758,0.3333333432674408,0.3333333432674408,1.0
9,9,-7.808424949645996,49.610992431640625,0.5,0.5,1.0
9,10,-12.39583969116211,62.299072265625,0.3333333432674408,0.6666666865348816,1.0
9,11,-12.488102912902832,514.9405517578125,0.0,0.5,0.5
9,12,-11.363021850585938,44.1535758972168,0.3333333432674408,0.6666666865348816,1.0
9,13,-21.26784896850586,1199.0477294921875,0.3333333432674408,0.3333333432674408,0.3333333432674408
9,14,-5.347580909729004,14.494807243347168,0.0,1.0,1.0
9,15,-5.429480075836182,15.10068416595459,0.5,0.5,1.0
9,16,-18.68564224243164,106.84835815429688,0.25,0.5,0.5
9,17,-8.718117713928223,18.28423500061035,0.3333333432674408,0.6666666865348816,1.0
9,18,-5.813021659851074,18.29286003112793,0.0,1.0,1.0
9,19,-14.745016098022461,136.3200225830078,0.0,0.0,1.0
9,20,-14.519927978515625,37.71213912963867,0.5,0.75,0.75
9,21,-14.568367004394531,128.52487182617188,0.0,0.6666666865348816,0.6666666865348816
9,22,-6.112478256225586,21.247495651245117,0.5,0.5,1.0
9,23,-13.886249542236328,32.18699264526367,0.25,1.0,1.0
9,24,-23.515254974365234,13.637264251708984,0.4444444477558136,0.7777777910232544,1.0
9,25,-11.431553840637207,303.6199951171875,0.0,0.5,0.5
9,26,-12.04666805267334,55.45410919189453,0.3333333432674408,0.3333333432674408,1.0
9,27,-8.482629776000977,69.49917602539062,0.5,0.5,1.0
9,28,-24.048954010009766,3030.00146484375,0.0,0.0,0.6666666865348816
9,29,-19.09835433959961,8.34814453125,0.5555555820465088,0.7777777910232544,1.0
9,30,-17.994426727294922,36.55746078491211,0.6000000238418579,0.6000000238418579,0.800000011920929
9,31,-9.420197486877441,23.105388641357422,0.3333333432674408,1.0,1.0
9,32,-16.594417572021484,4012.656494140625,0.0,0.0,0.0
9,33,-9.702718734741211,25.387060165405273,0.0,1.0,1.0
9,34,-15.395472526550293,21.738706588745117,0.4000000059604645,0.6000000238418579,1.0
9,35,-20.210355758666992,156.42691040039062,0.0,0.25,1.0
9,36,-13.065292358398438,77.87440490722656,0.0,0.6666666865348816,1.0
9,37,-11.728458404541016,18.76727294921875,0.75,0.75,0.75
9,38,-5.316309452056885,3.7775564193725586,0.75,0.75,1.0
9,39,-6.328281402587891,8.243517875671387,0.6666666865348816,0.6666666865348816,1.0
9,40,-14.449321746826172,123.5246353149414,0.0,0.0,1.0
9,41,-19.388429641723633,640.859375,0.0,0.0,0.6666666865348816
9,42,-17.24803924560547,74.59024810791016,0.25,0.75,0.75
9,43,-33.86726379394531,282.74462890625,0.1666666716337204,0.3333333432674408,0.6666666865348816
9,44,-9.770950317382812,132.35333251953125,0.0,0.5,1.0
9,45,-15.015711784362793,20.148752212524414,0.4000000059604645,0.6000000238418579,1.0
9,46,-19.320898056030273,125.23907470703125,0.25,0.5,0.5
10,0,-7.902263641357422,4.85715389251709,0.800000011920929,0.800000011920929,1.0
10,1,-3.983658790588379,7.3289289474487305,0.5,1.0,1.0
10,2,-30.2006893157959,419.9508972167969,0.20000000298023224,0.4000000059604645,0.6000000238418579
10,3,-10.856663703918457,37.29606628417969,0.0,0.3333333432674408,1.0
10,4,-14.755115509033203,1599.6781005859375,0.0,0.5,0.5
10,5,-8.990257263183594,20.020414352416992,0.3333333432674408,0.6666666865348816,1.0
10,6,-27.04633140563965,223.46762084960938,0.20000000298023224,0.4000000059604645,0.800000011920929
10,7,-21.94290542602539,241.22410583496094,0.0,0.25,0.75
10,8,-11.889481544494629,52.62337875366211,0.3333333432674408,0.3333333432674408,1.0
10,9,-7.994932174682617,54.45997619628906,0.5,0.5,1.0
10,10,-12.061258316040039,55.72447967529297,0.3333333432674408,0.6666666865348816,1.0
10,11,-12.503427505493164,518.9013061523438,0.0,0.5,0.5
10,12,-11.418617248535156,44.97945022583008,0.3333333432674408,0.6666666865348816,1.0
10,13,-21.420486450195312,1261.6328125,0.3333333432674408,0.3333333432674408,0.3333333432674408
10,14,-5.42988395690918,15.103734016418457,0.0,1.0,1.0
10,15,-5.37976598739624,14.729951858520508,0.5,0.5,1.0
10,16,-18.322376251220703,97.57233428955078,0.25,0.5,0.5
10,17,-8.64041519165039,17.816740036010742,0.3333333432674408,0.6666666865348816,1.0
10,18,-5.89182186126709,19.02798843383789,0.0,1.0,1.0
10,19,-14.67089557647705,132.99325561523438,0.0,0.3333333432674408,1.0
10,20,-14.632357597351074,38.787166595458984,0.5,0.75,0.75
10,21,-14.506561279296875,125.9040756225586,0.0,0.6666666865348816,0.6666666865348816
10,22,-6.258115768432617,22.852439880371094,0.5,0.5,1.0
10,23,-13.350181579589844,28.149944305419922,0.25,0.75,1.0
10,24,-23.54266929626465,13.678868293762207,0.4444444477558136,0.7777777910232544,1.0
10,25,-11.374829292297363,295.1296081542969,0.0,0.5,0.5
10,26,-12.034441947937012,55.22859191894531,0.3333333432674408,0.3333333432674408,1.0
10,27,-8.434418678283691,67.8438949584961,0.5,0.5,1.0
10,28,-23.88726234436035,2871.014892578125,0.0,0.0,0.6666666865348816
10,29,-19.00799560546875,8.264750480651855,0.5555555820465088,0.7777777910232544,1.0
10,30,-18.04907989501953,36.95925521850586,0.6000000238418579,0.6000000238418579,0.800000011920929
10,31,-9.468494415283203,23.48037338256836,0.3333333432674408,1.0,1.0
10,32,-16.507902145385742,3842.779052734375,0.0,0.0,0.0
10,33,-9.522802352905273,23.909299850463867,0.0,1.0,1.0
10,34,-15.179496765136719,20.81969451904297,0.4000000059604645,0.6000000238418579,1.0
10,35,-20.03759765625,149.81472778320312,0.0,0.25,1.0
10,36,-12.935941696166992,74.58808135986328,0.0,0.6666666865348816,1.0
10,37,-11.751165390014648,18.874113082885742,0.75,0.75,0.75
10,38,-5.30742073059082,3.7691714763641357,0.75,0.75,1.0
10,39,-6.268340110778809,8.0804443359375,0.6666666865348816,0.6666666865348816,1.0
10,40,-14.234905242919922,115.00418090820312,0.0,0.0,1.0
10,41,-19.553651809692383,677.1438598632812,0.0,0.0,0.6666666865348816
10,42,-17.248844146728516,74.60526275634766,0.25,0.75,0.75
10,43,-33.217830657958984,253.7386932373047,0.1666666716337204,0.3333333432674408,0.6666666865348816
10,44,-9.737579345703125,130.16326904296875,0.0,0.5,1.0
10,45,-14.892480850219727,19.65822982788086,0.4000000059604645,0.6000000238418579,1.0
10,46,-19.2156982421875,121.98823547363281,0.25,0.5,0.5
11,0,-7.910806179046631,4.865459442138672,0.800000011920929,0.800000011920929,1.0
11,1,-3.901777982711792,7.034938812255859,0.5,1.0,1.0
11,2,-29.293498992919922,350.2684326171875,0.20000000298023224,0.4000000059604645,0.800000011920929
11,3,-10.889185905456543,37.70258331298828,0.0,0.3333333432674408,1.0
11,4,-14.73691177368164,1585.1842041015625,0.0,0.5,0.5
11,5,-8.859963417053223,19.169513702392578,0.3333333432674408,0.6666666865348816,1.0
11,6,-26.84895896911621,214.81817626953125,0.20000000298023224,0.4000000059604645,0.800000011920929
11,7,-21.858654022216797,236.1963653564453,0.0,0.25,0.75
11,8,-11.481254577636719,45.92845153808594,0.3333333432674408,0.3333333432674408,1.0
11,9,-8.002179145812988,54.65766906738281,0.5,0.5,1.0
11,10,-11.772327423095703,50.60797882080078,0.3333333432674408,0.6666666865348816,1.0
11,11,-12.711084365844727,575.6743774414062,0.0,0.5,0.5
11,12,-11.496759414672852,46.166446685791016,0.3333333432674408,0.6666666865348816,1.0
11,13,-21.519086837768555,1303.7877197265625,0.3333333432674408,0.3333333432674408,0.3333333432674408
11,14,-5.479160308837891,15.480484008789062,0.0,1.0,1.0
11,15,-5.32658052444458,14.343405723571777,0.5,0.5,1.0
11,16,-17.968748092651367,89.31657409667969,0.25,0.5,0.5
11,17,-8.54330062866211,17.24921989440918,0.3333333432674408,0.6666666865348816,1.0
11,18,-5.985227108001709,19.93772315979004,0.0,1.0,1.0
11,19,-14.690792083740234,133.87823486328125,0.0,0.3333333432674408,1.0
11,20,-14.783441543579102,40.280216217041016,0.5,0.75,0.75
11,21,-14.428449630737305,122.6681900024414,0.0,0.6666666865348816,0.6666666865348816
11,22,-6.389473915100098,24.40375328063965,0.5,0.5,1.0
11,23,-12.765423774719238,24.32138442993164,0.25,0.75,1.0
11,24,-23.38134002685547,13.43585205078125,0.4444444477558136,0.7777777910232544,1.0
11,25,-11.350172996520996,291.5135498046875,0.0,0.5,0.5
11,26,-12.10582447052002,56.558467864990234,0.3333333432674408,0.3333333432674408,1.0
11,27,-8.47593879699707,69.26705932617188,0.5,0.5,1.0
11,28,-23.851886749267578,2837.3583984375,0.0,0.0,0.6666666865348816
11,29,-18.849544525146484,8.120515823364258,0.5555555820465088,0.8888888955116272,1.0
11,30,-17.97760772705078,36.434696197509766,0.6000000238418579,0.6000000238418579,0.800000011920929
11,31,-9.584571838378906,24.406692504882812,0.3333333432674408,1.0,1.0
11,32,-16.51751136779785,3861.28662109375,0.0,0.0,0.0
11,33,-9.367805480957031,22.70537567138672,0.0,1.0,1.0
11,34,-14.964563369750977,19.943689346313477,0.4000000059604645,0.800000011920929,1.0
11,35,-19.96352767944336,147.06607055664062,0.0,0.25,1.0
11,36,-12.889830589294434,73.45040130615234,0.0,0.6666666865348816,1.0
11,37,-11.739309310913086,18.818252563476562,0.75,0.75,0.75
11,38,-5.333436965942383,3.7937660217285156,0.75,0.75,1.0
11,39,-6.222249507904053,7.957247257232666,0.6666666865348816,0.6666666865348816,1.0
11,40,-13.981698036193848,105.69587707519531,0.0,0.0,1.0
11,41,-19.667137145996094,703.2498168945312,0.0,0.0,0.6666666865348816
11,42,-17.030241012573242,70.63743591308594,0.25,0.75,0.75
11,43,-32.236572265625,215.4571990966797,0.1666666716337204,0.3333333432674408,0.6666666865348816
11,44,-9.707504272460938,128.22059631347656,0.0,0.5,1.0
11,45,-14.616740226745605,18.603466033935547,0.4000000059604645,0.6000000238418579,1.0
11,46,-19.207069396972656,121.72535705566406,0.25,0.5,0.5
12,0,-8.003515243530273,4.956515789031982,0.800000011920929,0.800000011920929,1.0
12,1,-3.787914276123047,6.6456146240234375,0.5,1.0,1.0
12,2,-28.437742233276367,295.169189453125,0.20000000298023224,0.4000000059604645,0.800000011920929
12,3,-10.845112800598145,37.15274429321289,0.0,0.3333333432674408,1.0
12,4,-14.667299270629883,1530.958984375,0.0,0.5,0.5
12,5,-8.677985191345215,18.04126739501953,0.3333333432674408,0.6666666865348816,1.0
12,6,-26.75720977783203,210.9121856689453,0.20000000298023224,0.4000000059604645,0.800000011920929
12,7,-21.938278198242188,240.94522094726562,0.0,0.25,0.75
12,8,-11.307727813720703,43.34721755981445,0.3333333432674408,0.3333333432674408,1.0
12,9,-7.902501106262207,52.00035858154297,0.5,0.5,1.0
12,10,-11.625831604003906,48.19606399536133,0.3333333432674408,0.6666666865348816,1.0
12,11,-12.804437637329102,603.181884765625,0.0,0.5,0.5
12,12,-11.580283164978027,47.469825744628906,0.3333333432674408,0.6666666865348816,1.0
12,13,-21.60810089111328,1343.05224609375,0.3333333432674408,0.3333333432674408,0.3333333432674408
12,14,-5.488117218017578,15.549968719482422,0.0,1.0,1.0
12,15,-5.309216022491455,14.21941089630127,0.5,0.5,1.0
12,16,-17.63850212097168,82.23866271972656,0.25,0.5,0.75
12,17,-8.482365608215332,16.902395248413086,0.3333333432674408,0.6666666865348816,1.0
12,18,-5.995849132537842,20.043893814086914,0.0,1.0,1.0
12,19,-14.636907577514648,131.49505615234375,0.0,0.3333333432674408,1.0
12,20,-14.853483200073242,40.99174880981445,0.5,0.75,0.75
12,21,-14.309926986694336,117.91637420654297,0.0,0.6666666865348816,0.6666666865348816
12,22,-6.521970748901367,26.075218200683594,0.5,0.5,1.0
12,23,-12.47063159942627,22.593402862548828,0.25,0.75,1.0
12,24,-23.451929092407227,13.541646957397461,0.4444444477558136,0.7777777910232544,1.0
12,25,-11.431514739990234,303.6140441894531,0.0,0.5,0.5
12,26,-12.032682418823242,55.19620895385742,0.3333333432674408,0.3333333432674408,1.0
12,27,-8.457550048828125,68.63311004638672,0.5,0.5,1.0
12,28,-23.982440948486328,2963.56103515625,0.0,0.0,0.6666666865348816
12,29,-18.805084228515625,8.080499649047852,0.5555555820465088,0.8888888955116272,1.0
12,30,-17.847850799560547,35.50132751464844,0.4000000059604645,0.6000000238418579,0.800000011920929
12,31,-9.7631196975708,25.903377532958984,0.3333333432674408,1.0,1.0
12,32,-16.556564331054688,3937.425048828125,0.0,0.0,0.0
12,33,-9.129589080810547,20.972171783447266,0.0,1.0,1.0
12,34,-14.700345993041992,18.91715431213379,0.4000000059604645,0.800000011920929,1.0
12,35,-19.873615264892578,143.79718017578125,0.0,0.5,1.0
12,36,-12.931068420410156,74.46700286865234,0.0,0.6666666865348816,1.0
12,37,-11.702433586120605,18.645566940307617,0.75,0.75,0.75
12,38,-5.283209323883057,3.7464261054992676,0.75,0.75,1.0
12,39,-6.177666664123535,7.839869976043701,0.6666666865348816,0.6666666865348816,1.0
12,40,-13.671030044555664,95.29812622070312,0.0,0.0,1.0
12,41,-19.997175216674805,785.0326538085938,0.0,0.0,0.6666666865348816
12,42,-16.916297912597656,68.6536636352539,0.25,0.75,0.75
12,43,-31.447315216064453,188.90025329589844,0.1666666716337204,0.3333333432674408,0.8333333730697632
12,44,-9.681111335754395,126.5396499633789,0.0,0.5,1.0
12,45,-14.417120933532715,17.875377655029297,0.4000000059604645,0.6000000238418579,1.0
12,46,-19.14997100830078,120.00012969970703,0.25,0.5,0.5
13,0,-8.065507888793945,5.018352031707764,0.800000011920929,0.800000011920929,1.0
13,1,-3.663020610809326,6.243309020996094,0.5,1.0,1.0
13,2,-27.7263240814209,256.0223388671875,0.20000000298023224,0.4000000059604645,0.800000011920929
13,3,-10.802521705627441,36.62901306152344,0.0,0.3333333432674408,1.0
13,4,-14.62755298614502,1500.83447265625,0.0,0.5,0.5
13,5,-8.527730941772461,17.159929275512695,0.3333333432674408,0.6666666865348816,1.0
13,6,-26.62588119506836,205.444580078125,0.20000000298023224,0.4000000059604645,0.6000000238418579
13,7,-21.987884521484375,243.951904296875,0.0,0.25,0.75
13,8,-11.236639976501465,42.33213806152344,0.3333333432674408,0.3333333432674408,1.0
13,9,-7.635931491851807,45.511531829833984,0.5,0.5,1.0
13,10,-11.554351806640625,47.061283111572266,0.3333333432674408,0.6666666865348816,1.0
13,11,-12.972434997558594,656.0371704101562,0.0,0.5,0.5
13,12,-11.556118965148926,47.08900833129883,0.3333333432674408,0.6666666865348816,1.0
13,13,-21.705154418945312,1387.21240234375,0.3333333432674408,0.3333333432674408,0.3333333432674408
13,14,-5.479146480560303,15.480377197265625,0.0,1.0,1.0
13,15,-5.29364013671875,14.109101295471191,0.5,0.5,1.0
13,16,-17.33877182006836,76.30152130126953,0.25,0.5,0.75
13,17,-8.456575393676758,16.757707595825195,0.0,0.6666666865348816,1.0
13,18,-5.990546226501465,19.99081802368164,0.0,1.0,1.0
13,19,-14.59658145904541,129.73931884765625,0.0,0.3333333432674408,1.0
13,20,-14.896984100341797,41.439979553222656,0.5,0.75,0.75
13,21,-14.290789604187012,117.16656494140625,0.0,0.6666666865348816,0.6666666865348816
13,22,-6.684897422790527,28.288311004638672,0.5,0.5,1.0
13,23,-12.209341049194336,21.16471290588379,0.25,0.75,1.0
13,24,-23.409374237060547,13.477768898010254,0.4444444477558136,0.7777777910232544,1.0
13,25,-11.472649574279785,309.92327880859375,0.0,0.5,0.5
13,26,-12.064321517944336,55.781402587890625,0.3333333432674408,0.3333333432674408,1.0
13,27,-8.458784103393555,68.67546844482422,0.5,0.5,1.0
13,28,-24.08709144592285,3068.76611328125,0.0,0.0,0.6666666865348816
13,29,-18.732465744018555,8.01556396484375,0.5555555820465088,0.8888888955116272,1.0
13,30,-17.51039695739746,33.18438720703125,0.4000000059604645,0.6000000238418579,0.800000011920929
13,31,-9.858323097229004,26.738588333129883,0.3333333432674408,1.0,1.0
13,32,-16.53294563293457,3891.19970703125,0.0,0.0,0.0
13,33,-8.971967697143555,19.89872932434082,0.0,1.0,1.0
13,34,-14.467723846435547,18.05720329284668,0.4000000059604645,0.800000011920929,1.0
13,35,-19.738435745239258,139.01876831054688,0.0,0.5,1.0
13,36,-12.940191268920898,74.69378662109375,0.0,0.6666666865348816,1.0
13,37,-11.731980323791504,18.78380584716797,0.75,0.75,0.75
13,38,-5.30246114730835,3.764500856399536,0.75,0.75,1.0
13,39,-6.131938934326172,7.72127628326416,0.6666666865348816,0.6666666865348816,1.0
13,40,-13.305957794189453,84.37907409667969,0.0,0.3333333432674408,1.0
13,41,-20.178024291992188,833.8119506835938,0.0,0.0,0.6666666865348816
13,42,-16.78864097595215,66.49722290039062,0.25,0.75,0.75
13,43,-30.798213958740234,169.53097534179688,0.1666666716337204,0.5,0.8333333730697632
13,44,-9.714900970458984,128.6956787109375,0.0,0.5,1.0
13,45,-14.238790512084961,17.249067306518555,0.4000000059604645,0.6000000238418579,1.0
13,46,-19.11847686767578,119.05901336669922,0.25,0.5,0.5
14,0,-8.105486869812012,5.058638572692871,0.6000000238418579,0.800000011920929,1.0
14,1,-3.5477895736694336,5.893764019012451,0.5,1.0,1.0
14,2,-26.924644470214844,218.0945587158203,0.20000000298023224,0.4000000059604645,0.800000011920929
14,3,-10.787252426147461,36.443050384521484,0.0,0.6666666865348816,1.0
14,4,-14.631281852722168,1503.6351318359375,0.0,0.5,0.5
14,5,-8.392081260681152,16.401296615600586,0.3333333432674408,0.6666666865348816,1.0
14,6,-26.426584243774414,197.416748046875,0.20000000298023224,0.4000000059604645,0.6000000238418579
14,7,-22.080881118774414,249.69003295898438,0.0,0.25,0.75
14,8,-11.223333358764648,42.1447868347168,0.3333333432674408,0.3333333432674408,1.0
14,9,-7.275063514709473,37.99793243408203,0.5,0.5,1.0
14,10,-11.531476974487305,46.70380401611328,0.3333333432674408,0.6666666865348816,1.0
14,11,-13.112841606140137,703.748291015625,0.0,0.5,0.5
14,12,-11.624361038208008,48.17243957519531,0.3333333432674408,0.6666666865348816,1.0
14,13,-21.979841232299805,1520.2254638671875,0.3333333432674408,0.3333333432674408,0.3333333432674408
14,14,-5.527780055999756,15.86142349243164,0.0,1.0,1.0
14,15,-5.294816017150879,14.117398262023926,0.5,0.5,1.0
14,16,-17.034765243530273,70.71737670898438,0.25,0.5,0.75
14,17,-8.385259628295898,16.364046096801758,0.0,0.6666666865348816,1.0
14,18,-6.086089134216309,20.96898651123047,0.0,1.0,1.0
14,19,-14.468009948730469,124.29651641845703,0.0,0.3333333432674408,1.0
14,20,-14.933353424072266,41.8184814453125,0.5,0.75,0.75
14,21,-14.264410018920898,116.14079284667969,0.0,0.6666666865348816,0.6666666865348816
14,22,-6.772178649902344,29.5501651763916,0.5,0.5,1.0
14,23,-12.04471492767334,20.31132698059082,0.5,0.75,1.0
14,24,-23.30842399597168,13.327437400817871,0.4444444477558136,0.7777777910232544,1.0
14,25,-11.47529411315918,310.3333435058594,0.0,0.5,0.5
14,26,-12.057306289672852,55.65111541748047,0.3333333432674408,0.3333333432674408,1.0
14,27,-8.490407943725586,69.76998901367188,0.0,0.5,1.0
14,28,-24.155242919921875,3139.275634765625,0.0,0.0,0.6666666865348816
14,29,-18.639129638671875,7.932866096496582,0.5555555820465088,0.8888888955116272,1.0
14,30,-17.209938049316406,31.249004364013672,0.4000000059604645,0.6000000238418579,0.800000011920929
14,31,-9.968152046203613,27.735618591308594,0.3333333432674408,1.0,1.0
14,32,-16.600582122802734,4025.0439453125,0.0,0.0,0.0
14,33,-8.843696594238281,19.065853118896484,0.0,1.0,1.0
14,34,-14.253544807434082,17.3000431060791,0.4000000059604645,0.800000011920929,1.0
14,35,-19.589794158935547,133.9475860595703,0.0,0.5,1.0
14,36,-12.888101577758789,73.40806579589844,0.0,0.6666666865348816,1.0
14,37,-11.720727920532227,18.73103904724121,0.75,0.75,0.75
14,38,-5.244750499725342,3.710577964782715,0.75,0.75,1.0
14,39,-6.122674465179443,7.697467803955078,0.6666666865348816,0.6666666865348816,1.0
14,40,-13.015758514404297,76.59917449951172,0.0,0.3333333432674408,1.0
14,41,-20.43373680114746,908.0009765625,0.0,0.0,0.6666666865348816
14,42,-16.616365432739258,63.694061279296875,0.25,0.75,0.75
14,43,-30.16033172607422,152.43251037597656,0.1666666716337204,0.5,0.8333333730697632
14,44,-9.697322845458984,127.56951904296875,0.0,0.5,1.0
14,45,-14.075325012207031,16.694259643554688,0.4000000059604645,0.6000000238418579,1.0
14,46,-19.07091522216797,117.6517333984375,0.25,0.5,0.75
15,0,-8.119251251220703,5.0725836753845215,0.6000000238418579,0.800000011920929,1.0
15,1,-3.4596078395843506,5.639547824859619,0.5,1.0,1.0
15,2,-26.168256759643555,187.47607421875,0.20000000298023224,0.4000000059604645,0.800000011920929
15,3,-10.738588333129883,35.856666564941406,0.0,0.6666666865348816,1.0
15,4,-14.609854698181152,1487.61181640625,0.0,0.5,0.5
15,5,-8.265305519104004,15.72264289855957,0.3333333432674408,0.6666666865348816,1.0
15,6,-26.540565490722656,201.96878051757812,0.20000000298023224,0.4000000059604645,0.6000000238418579
15,7,-22.209930419921875,257.8769836425781,0.0,0.25,0.75
15,8,-11.191338539123535,41.69770431518555,0.3333333432674408,0.3333333432674408,1.0
15,9,-6.8477373123168945,30.687908172607422,0.5,0.5,1.0
15,10,-11.491586685180664,46.086910247802734,0.3333333432674408,0.6666666865348816,1.0
15,11,-13.166099548339844,722.7401733398438,0.0,0.5,0.5
15,12,-11.72110366821289,49.75120544433594,0.3333333432674408,0.6666666865348816,1.0
15,13,-22.218475341796875,1646.0906982421875,0.3333333432674408,0.3333333432674408,0.3333333432674408
15,14,-5.480424880981445,15.490275382995605,0.0,1.0,1.0
15,15,-5.302798748016357,14.173859596252441,0.5,0.5,1.0
15,16,-16.79941177368164,66.67652893066406,0.25,0.5,0.75
15,17,-8.299110412597656,15.900809288024902,0.0,0.6666666865348816,1.0
15,18,-6.029117584228516,20.380098342895508,0.0,1.0,1.0
15,19,-14.330987930297852,118.74711608886719,0.0,0.3333333432674408,1.0
15,20,-14.929036140441895,41.77336883544922,0.5,0.75,0.75
15,21,-14.221334457397461,114.48509979248047,0.0,0.6666666865348816,0.6666666865348816
15,22,-6.887154579162598,31.298723220825195,0.0,0.5,1.0
15,23,-11.986433029174805,20.017528533935547,0.5,0.75,1.0
15,24,-23.312875747680664,13.334033012390137,0.4444444477558136,0.7777777910232544,1.0
15,25,-11.57552719116211,326.28253173828125,0.0,0.5,0.5
15,26,-11.988595962524414,54.39099884033203,0.3333333432674408,0.3333333432674408,1.0
15,27,-8.538311004638672,71.46125793457031,0.0,0.5,1.0
15,28,-24.27855110168457,3270.9990234375,0.0,0.3333333432674408,0.6666666865348816
15,29,-18.51546859741211,7.824613571166992,0.4444444477558136,0.8888888955116272,1.0
15,30,-16.87209129333496,29.20728874206543,0.4000000059604645,0.6000000238418579,0.800000011920929
15,31,-9.985822677612305,27.89946746826172,0.3333333432674408,1.0,1.0
15,32,-16.65216064453125,4130.19677734375,0.0,0.0,0.0
15,33,-8.688438415527344,18.104238510131836,0.0,1.0,1.0
15,34,-14.03866195678711,16.572296142578125,0.4000000059604645,0.800000011920929,1.0
15,35,-19.610546112060547,134.64430236816406,0.0,0.5,1.0
15,36,-12.978927612304688,75.66451263427734,0.0,0.6666666865348816,1.0
15,37,-11.658143043518066,18.440248489379883,0.75,0.75,0.75
15,38,-5.246174335479736,3.7118988037109375,0.75,0.75,1.0
15,39,-6.102567195892334,7.646048545837402,0.6666666865348816,0.6666666865348816,1.0
15,40,-12.747265815734863,70.04155731201172,0.0,0.3333333432674408,1.0
15,41,-20.669734954833984,982.3146362304688,0.0,0.0,0.6666666865348816
15,42,-16.550817489624023,62.658817291259766,0.25,0.75,0.75
15,43,-29.44693374633789,135.34432983398438,0.1666666716337204,0.5,0.8333333730697632
15,44,-9.779821395874023,132.9416961669922,0.0,0.5,1.0
15,45,-13.792206764221191,15.775238037109375,0.4000000059604645,0.800000011920929,1.0
15,46,-19.003280639648438,115.67912292480469,0.25,0.5,0.75
16,0,-8.077576637268066,5.030479907989502,0.6000000238418579,0.800000011920929,1.0
16,1,-3.339176654815674,5.309981346130371,0.5,1.0,1.0
16,2,-25.625164031982422,168.17967224121094,0.20000000298023224,0.4000000059604645,0.800000011920929
16,3,-10.747897148132324,35.96809768676758,0.0,0.6666666865348816,1.0
16,4,-14.67584228515625,1537.512451171875,0.0,0.5,0.5
16,5,-8.150603294372559,15.132847785949707,0.3333333432674408,0.6666666865348816,1.0
16,6,-26.42270278930664,197.2635498046875,0.20000000298023224,0.4000000059604645,0.6000000238418579
16,7,-22.36316680908203,267.94769287109375,0.0,0.25,0.75
16,8,-11.237464904785156,42.343788146972656,0.3333333432674408,0.3333333432674408,1.0
16,9,-6.555057525634766,26.51017951965332,0.5,0.5,1.0
16,10,-11.535449028015137,46.76568603515625,0.3333333432674408,0.6666666865348816,1.0
16,11,-13.323393821716309,781.8765869140625,0.0,0.5,0.5
16,12,-11.768644332885742,50.545875549316406,0.3333333432674408,0.6666666865348816,1.0
16,13,-22.409976959228516,1754.5928955078125,0.3333333432674408,0.3333333432674408,0.3333333432674408
16,14,-5.468503952026367,15.398221969604492,0.0,1.0,1.0
16,15,-5.348537921905518,14.501744270324707,0.5,0.5,1.0
16,16,-16.690589904785156,64.88700866699219,0.25,0.5,0.75
16,17,-8.247112274169922,15.627582550048828,0.0,0.6666666865348816,1.0
16,18,-5.946761131286621,19.557924270629883,0.0,1.0,1.0
16,19,-14.134540557861328,111.22037506103516,0.0,0.3333333432674408,1.0
16,20,-14.943345069885254,41.92306900024414,0.5,0.75,0.75
16,21,-14.225896835327148,114.65937805175781,0.0,0.6666666865348816,0.6666666865348816
16,22,-6.973022937774658,32.67177200317383,0.0,0.5,1.0
16,23,-11.948691368103027,19.82954216003418,0.5,0.75,1.0
16,24,-23.31060028076172,13.330660820007324,0.4444444477558136,0.7777777910232544,1.0
16,25,-11.639309883117676,336.8558044433594,0.0,0.5,0.5
16,26,-11.954232215881348,53.77152633666992,0.3333333432674408,0.3333333432674408,1.0
16,27,-8.599924087524414,73.6969985961914,0.0,0.5,1.0
16,28,-24.36313819885254,3364.53857421875,0.0,0.3333333432674408,0.6666666865348816
16,29,-18.340740203857422,7.674168586730957,0.4444444477558136,0.8888888955116272,1.0
16,30,-16.50343132019043,27.131256103515625,0.6000000238418579,0.6000000238418579,0.800000011920929
16,31,-9.956750869750977,27.630413055419922,0.3333333432674408,1.0,1.0
16,32,-16.64031219482422,4105.80078125,0.0,0.0,0.0
16,33,-8.69706916809082,18.15639877319336,0.0,1.0,1.0
16,34,-13.864681243896484,16.00556182861328,0.4000000059604645,0.800000011920929,1.0
16,35,-19.494762420654297,130.80276489257812,0.0,0.5,1.0
16,36,-13.008559226989746,76.41556549072266,0.0,0.6666666865348816,1.0
16,37,-11.575716972351074,18.06414794921875,0.75,0.75,0.75
16,38,-5.23193359375,3.698707103729248,0.75,1.0,1.0
16,39,-6.077097415924072,7.581409454345703,0.6666666865348816,0.6666666865348816,1.0
16,40,-12.518627166748047,64.9018325805664,0.0,0.3333333432674408,1.0
16,41,-20.974491119384766,1087.34814453125,0.0,0.0,0.6666666865348816
16,42,-16.470890045166016,61.4192008972168,0.25,0.75,0.75
16,43,-28.867740631103516,122.89007568359375,0.1666666716337204,0.5,0.8333333730697632
16,44,-9.831560134887695,136.4257049560547,0.0,0.5,1.0
16,45,-13.59119987487793,15.1536283493042,0.4000000059604645,0.800000011920929,1.0
16,46,-18.971105575561523,114.75235748291016,0.25,0.5,0.75
17,0,-8.061685562133789,5.014517307281494,0.6000000238418579,0.800000011920929,1.0
17,1,-3.236097812652588,5.043241024017334,0.5,1.0,1.0
17,2,-25.123762130737305,152.13262939453125,0.20000000298023224,0.4000000059604645,0.800000011920929
17,3,-10.703750610351562,35.442684173583984,0.0,0.6666666865348816,1.0
17,4,-14.633851051330566,1505.568115234375,0.0,0.5,0.5
17,5,-8.103012084960938,14.894678115844727,0.3333333432674408,0.6666666865348816,1.0
17,6,-26.54045295715332,201.96424865722656,0.20000000298023224,0.4000000059604645,0.6000000238418579
17,7,-22.4774112701416,275.7109069824219,0.0,0.25,0.75
17,8,-11.208810806274414,41.941261291503906,0.3333333432674408,0.3333333432674408,1.0
17,9,-6.3115973472595215,23.47177505493164,0.5,0.5,1.0
17,10,-11.537670135498047,46.80031967163086,0.3333333432674408,0.6666666865348816,1.0
17,11,-13.446196556091309,831.389404296875,0.0,0.5,0.5
17,12,-11.649147033691406,48.572086334228516,0.3333333432674408,0.6666666865348816,1.0
17,13,-22.61225700378418,1876.97900390625,0.3333333432674408,0.3333333432674408,0.3333333432674408
17,14,-5.437512397766113,15.161453247070312,0.0,1.0,1.0
17,15,-5.3926568031311035,14.825200080871582,0.5,0.5,1.0
17,16,-16.544376373291016,62.55799865722656,0.25,0.5,0.75
17,17,-8.111186027526855,14.935317993164062,0.0,0.6666666865348816,1.0
17,18,-5.849376678466797,18.628419876098633,0.0,1.0,1.0
17,19,-13.906678199768066,103.08557891845703,0.0,0.3333333432674408,1.0
17,20,-14.83626651763916,40.81569290161133,0.5,0.75,0.75
17,21,-14.222468376159668,114.52840423583984,0.0,0.6666666865348816,0.6666666865348816
17,22,-6.947047710418701,32.25019073486328,0.0,0.5,1.0
17,23,-11.919354438781738,19.68463897705078,0.5,0.75,1.0
17,24,-23.184648513793945,13.145401000976562,0.4444444477558136,0.7777777910232544,1.0
17,25,-11.706148147583008,348.3034362792969,0.0,0.5,0.5
17,26,-11.895273208618164,52.72506332397461,0.3333333432674408,0.3333333432674408,1.0
17,27,-8.64281177520752,75.29441833496094,0.0,0.5,1.0
17,28,-24.354263305664062,3354.599853515625,0.0,0.3333333432674408,0.6666666865348816
17,29,-18.15256690979004,7.515381813049316,0.4444444477558136,0.8888888955116272,1.0
17,30,-16.27443504333496,25.916688919067383,0.6000000238418579,0.6000000238418579,0.800000011920929
17,31,-9.959124565124512,27.652278900146484,0.3333333432674408,1.0,1.0
17,32,-16.741897583007812,4319.732421875,0.0,0.0,0.0
17,33,-8.57729721069336,17.445802688598633,0.0,1.0,1.0
17,34,-13.611125946044922,15.214138984680176,0.4000000059604645,0.800000011920929,1.0
17,35,-19.30374526977539,124.70317840576172,0.0,0.5,1.0
17,36,-13.066971778869629,77.91800689697266,0.0,0.6666666865348816,1.0
17,37,-11.567479133605957,18.02698516845703,0.75,0.75,0.75
17,38,-5.174920082092285,3.6463623046875,0.75,1.0,1.0
17,39,-6.119973659515381,7.6905412673950195,0.6666666865348816,0.6666666865348816,1.0
17,40,-12.389490127563477,62.1673469543457,0.0,0.3333333432674408,1.0
17,41,-21.126644134521484,1143.91845703125,0.0,0.0,0.6666666865348816
17,42,-16.45710563659668,61.20791244506836,0.25,0.75,0.75
17,43,-28.338043212890625,112.5060806274414,0.1666666716337204,0.5,0.8333333730697632
17,44,-9.82539176940918,136.00558471679688,0.0,0.5,1.0
17,45,-13.407508850097656,14.607014656066895,0.4000000059604645,0.800000011920929,1.0
17,46,-18.88296127319336,112.25132751464844,0.25,0.5,0.75
18,0,-8.102392196655273,5.055508136749268,0.6000000238418579,0.800000011920929,1.0
18,1,-3.151597023010254,4.834600448608398,0.5,1.0,1.0
18,2,-24.475749969482422,133.64007568359375,0.20000000298023224,0.4000000059604645,0.800000011920929
18,3,-10.685407638549805,35.22664260864258,0.0,0.6666666865348816,1.0
18,4,-14.582338333129883,1467.28515625,0.0,0.5,0.5
18,5,-8.025562286376953,14.515069961547852,0.3333333432674408,0.6666666865348816,1.0
18,6,-26.436689376831055,197.81610107421875,0.20000000298023224,0.4000000059604645,0.6000000238418579
18,7,-22.521814346313477,278.7885437011719,0.0,0.25,0.75
18,8,-11.306397438049316,43.32799530029297,0.3333333432674408,0.3333333432674408,1.0
18,9,-6.073802947998047,20.840566635131836,0.5,0.5,1.0
18,10,-11.638137817382812,48.3941650390625,0.3333333432674408,0.6666666865348816,1.0
18,11,-13.526641845703125,865.5117797851562,0.0,0.5,0.5
18,12,-11.670239448547363,48.91478729248047,0.3333333432674408,0.6666666865348816,1.0
18,13,-22.70138168334961,1933.57763671875,0.3333333432674408,0.3333333432674408,0.3333333432674408
18,14,-5.447742938995361,15.239206314086914,0.0,1.0,1.0
18,15,-5.360132694244385,14.586061477661133,0.5,0.5,1.0
18,16,-16.402008056640625,60.37058639526367,0.25,0.5,0.75
18,17,-8.069725036621094,14.730324745178223,0.0,0.6666666865348816,1.0
18,18,-5.744014739990234,17.672456741333008,0.0,1.0,1.0
18,19,-13.726776123046875,97.08549499511719,0.0,0.3333333432674408,1.0
18,20,-14.68535041809082,39.304443359375,0.5,0.75,0.75
18,21,-14.213495254516602,114.18633270263672,0.0,0.6666666865348816,0.6666666865348816
18,22,-7.021669387817383,33.476200103759766,0.0,0.5,1.0
18,23,-11.863300323486328,19.41071128845215,0.5,0.75,1.0
18,24,-23.219589233398438,13.19653606414795,0.4444444477558136,0.7777777910232544,1.0
18,25,-11.87365436553955,378.7313537597656,0.0,0.5,0.5
18,26,-11.856467247009277,52.04745101928711,0.3333333432674408,0.3333333432674408,1.0
18,27,-8.660043716430664,75.9459457397461,0.0,0.5,1.0
18,28,-24.304922103881836,3299.8779296875,0.0,0.3333333432674408,0.6666666865348816
18,29,-17.983491897583008,7.375515460968018,0.4444444477558136,0.8888888955116272,1.0
18,30,-15.93931770324707,24.23659324645996,0.6000000238418579,0.6000000238418579,0.800000011920929
18,31,-9.819562911987305,26.395343780517578,0.3333333432674408,1.0,1.0
18,32,-16.7273006439209,4288.31982421875,0.0,0.0,0.0
18,33,-8.455625534057617,16.752405166625977,0.0,1.0,1.0
18,34,-13.41707992553711,14.635000228881836,0.4000000059604645,0.800000011920929,1.0
18,35,-19.31502342224121,125.0552749633789,0.0,0.5,1.0
18,36,-13.098111152648926,78.73099517822266,0.0,0.3333333432674408,1.0
18,37,-11.548580169677734,17.942012786865234,0.75,0.75,0.75
18,38,-5.185274124145508,3.655813217163086,0.75,1.0,1.0
18,39,-5.998928070068359,7.386416435241699,0.6666666865348816,0.6666666865348816,1.0
18,40,-12.35414981842041,61.439327239990234,0.0,0.3333333432674408,1.0
18,41,-21.237064361572266,1186.806640625,0.0,0.0,0.6666666865348816
18,42,-16.465456008911133,61.335819244384766,0.25,0.75,0.75
18,43,-27.770599365234375,102.35357666015625,0.1666666716337204,0.5,0.8333333730697632
18,44,-9.869464874267578,139.0359344482422,0.0,0.5,1.0
18,45,-13.271248817443848,14.214317321777344,0.4000000059604645,0.800000011920929,1.0
18,46,-18.68771743774414,106.90380096435547,0.25,0.5,0.75
19,0,-8.058956146240234,5.011780738830566,0.6000000238418579,0.800000011920929,1.0
19,1,-3.0816285610198975,4.668390274047852,0.5,1.0,1.0
19,2,-23.98949432373047,121.25537109375,0.20000000298023224,0.6000000238418579,0.800000011920929
19,3,-10.69083309173584,35.290401458740234,0.0,0.6666666865348816,1.0
19,4,-14.612886428833008,1489.86865234375,0.0,0.5,0.5
19,5,-8.020570755004883,14.49094009399414,0.3333333432674408,0.6666666865348816,1.0
19,6,-26.352764129638672,194.5234375,0.20000000298023224,0.4000000059604645,0.6000000238418579
19,7,-22.645198822021484,287.5220947265625,0.0,0.25,0.75
19,8,-11.29710865020752,43.194061279296875,0.3333333432674408,0.3333333432674408,1.0
19,9,-5.935967445373535,19.45265769958496,0.5,0.5,1.0
19,10,-11.583883285522461,47.526832580566406,0.3333333432674408,0.6666666865348816,1.0
19,11,-13.534330368041992,868.845458984375,0.0,0.5,0.5
19,12,-11.568571090698242,47.284873962402344,0.3333333432674408,0.6666666865348816,1.0
19,13,-22.862560272216797,2040.3026123046875,0.3333333432674408,0.3333333432674408,0.3333333432674408
19,14,-5.409486770629883,14.950480461120605,0.0,1.0,1.0
19,15,-5.273420333862305,13.967179298400879,0.5,0.5,1.0
19,16,-16.357526779174805,59.702964782714844,0.25,0.5,0.75
19,17,-7.954606533050537,14.175788879394531,0.3333333432674408,0.6666666865348816,1.0
19,18,-5.530859470367432,15.885865211486816,0.0,1.0,1.0
19,19,-13.517352104187012,90.53929901123047,0.0,0.3333333432674408,1.0
19,20,-14.541000366210938,37.91133499145508,0.5,0.75,0.75
19,21,-14.171468734741211,112.597900390625,0.0,0.6666666865348816,0.6666666865348816
19,22,-7.016584873199463,33.39120101928711,0.0,0.5,1.0
19,23,-11.783175468444824,19.025760650634766,0.5,0.75,1.0
19,24,-23.127700805664062,13.062487602233887,0.4444444477558136,0.7777777910232544,1.0
19,25,-11.920720100402832,387.74969482421875,0.0,0.5,0.5
19,26,-11.76379680633545,50.46427536010742,0.3333333432674408,0.3333333432674408,1.0
19,27,-8.706772804260254,77.74127960205078,0.0,0.5,1.0
19,28,-24.108177185058594,3090.4111328125,0.0,0.3333333432674408,0.6666666865348816
19,29,-17.8876895904541,7.297421455383301,0.4444444477558136,0.7777777910232544,1.0
19,30,-15.733942985534668,23.26124382019043,0.6000000238418579,0.6000000238418579,0.800000011920929
19,31,-9.726903915405273,25.592548370361328,0.3333333432674408,1.0,1.0
19,32,-16.774158477783203,4389.9765625,0.0,0.0,0.0
19,33,-8.399618148803711,16.44255256652832,0.0,1.0,1.0
19,34,-13.200393676757812,14.01430892944336,0.4000000059604645,0.800000011920929,1.0
19,35,-19.137855529785156,119.63720703125,0.0,0.5,1.0
19,36,-12.99306869506836,76.02200317382812,0.0,0.3333333432674408,1.0
19,37,-11.543819427490234,17.920671463012695,0.75,0.75,0.75
19,38,-5.146387577056885,3.6204450130462646,0.75,1.0,1.0
19,39,-5.9491729736328125,7.264922618865967,0.6666666865348816,0.6666666865348816,1.0
19,40,-12.345584869384766,61.26414489746094,0.0,0.3333333432674408,1.0
19,41,-21.2930850982666,1209.176513671875,0.0,0.0,0.6666666865348816
19,42,-16.56897735595703,62.94392776489258,0.25,0.75,0.75
19,43,-27.377071380615234,95.85581970214844,0.1666666716337204,0.6666666865348816,0.8333333730697632
19,44,-9.820068359375,135.64405822753906,0.0,0.5,1.0
19,45,-13.117932319641113,13.785074234008789,0.4000000059604645,0.800000011920929,1.0
19,46,-18.592132568359375,104.37947845458984,0.25,0.5,0.75
20,0,-8.035598754882812,4.988422870635986,0.6000000238418579,0.800000011920929,1.0
20,1,-3.0450778007507324,4.583848476409912,0.5,1.0,1.0
20,2,-23.579084396362305,111.70003509521484,0.20000000298023224,0.6000000238418579,0.800000011920929
20,3,-10.711621284484863,35.53579330444336,0.0,0.6666666865348816,1.0
20,4,-14.575576782226562,1462.3330078125,0.0,0.5,0.5
20,5,-8.033565521240234,14.553845405578613,0.3333333432674408,0.6666666865348816,1.0
20,6,-26.360977172851562,194.84324645996094,0.20000000298023224,0.4000000059604645,0.6000000238418579
20,7,-22.691364288330078,290.8597106933594,0.0,0.25,0.75
20,8,-11.197229385375977,41.7796630859375,0.3333333432674408,0.3333333432674408,1.0
20,9,-5.872189521789551,18.842119216918945,0.5,0.5,1.0
20,10,-11.608709335327148,47.9217643737793,0.3333333432674408,0.6666666865348816,1.0
20,11,-13.544027328491211,873.0681762695312,0.0,0.5,0.5
20,12,-11.578802108764648,47.44640350341797,0.3333333432674408,0.6666666865348816,1.0
20,13,-23.027647018432617,2155.724853515625,0.3333333432674408,0.3333333432674408,0.3333333432674408
20,14,-5.42962646484375,15.101789474487305,0.0,1.0,1.0
20,15,-5.236730575561523,13.713287353515625,0.5,0.5,1.0
20,16,-16.249650955200195,58.114356994628906,0.25,0.5,1.0
20,17,-7.9090447425842285,13.962124824523926,0.3333333432674408,0.6666666865348816,1.0
20,18,-5.447175025939941,15.234879493713379,0.0,1.0,1.0
20,19,-13.355754852294922,85.79134368896484,0.0,0.3333333432674408,1.0
20,20,-14.324005126953125,35.909481048583984,0.5,0.75,0.75
20,21,-14.16518783569336,112.36239624023438,0.0,0.6666666865348816,0.6666666865348816
20,22,-6.98621129989624,32.8879280090332,0.0,0.5,1.0
20,23,-11.732830047607422,18.787796020507812,0.5,0.75,1.0
20,24,-23.112234115600586,13.040059089660645,0.4444444477558136,0.7777777910232544,1.0
20,25,-12.05823802947998,415.3489685058594,0.0,0.5,0.5
20,26,-11.706341743469238,49.50699234008789,0.3333333432674408,0.3333333432674408,1.0
20,27,-8.72610855102539,78.49652099609375,0.0,0.5,1.0
20,28,-24.011493682861328,2992.39990234375,0.0,0.3333333432674408,0.6666666865348816
20,29,-17.770891189575195,7.2033305168151855,0.4444444477558136,0.8888888955116272,1.0
20,30,-15.561546325683594,22.47287940979004,0.6000000238418579,0.6000000238418579,0.800000011920929
20,31,-9.538819313049316,24.03729248046875,0.3333333432674408,1.0,1.0
20,32,-16.76128387451172,4361.80810546875,0.0,0.0,0.0
20,33,-8.262557029724121,15.708243370056152,0.0,1.0,1.0
20,34,-13.090048789978027,13.708414077758789,0.6000000238418579,0.800000011920929,1.0
20,35,-19.09291648864746,118.3006362915039,0.0,0.5,1.0
20,36,-12.966512680053711,75.35202026367188,0.0,0.3333333432674408,1.0
20,37,-11.515021324157715,17.7921142578125,0.75,0.75,0.75
20,38,-5.106265068054199,3.584311008453369,0.75,1.0,1.0
20,39,-5.889683723449707,7.122279644012451,0.6666666865348816,0.6666666865348816,1.0
20,40,-12.464200973510742,63.7349853515625,0.0,0.3333333432674408,1.0
20,41,-21.375782012939453,1242.972412109375,0.0,0.0,0.6666666865348816
20,42,-16.611766815185547,63.620880126953125,0.25,0.75,0.75
20,43,-26.85474395751953,87.86402893066406,0.1666666716337204,0.6666666865348816,0.8333333730697632
20,44,-9.77197265625,132.42100524902344,0.0,0.5,1.0
20,45,-13.024548530578613,13.530003547668457,0.4000000059604645,0.800000011920929,1.0
20,46,-18.55170440673828,103.32982635498047,0.25,0.5,0.75
21,0,-8.069098472595215,5.0219573974609375,0.6000000238418579,0.800000011920929,1.0
21,1,-3.028468132019043,4.545938014984131,0.5,1.0,1.0
21,2,-23.12323570251465,101.96678924560547,0.20000000298023224,0.6000000238418579,0.800000011920929
21,3,-10.733428955078125,35.795047760009766,0.0,0.6666666865348816,1.0
21,4,-14.53441047668457,1432.541259765625,0.5,0.5,0.5
21,5,-8.016531944274902,14.471444129943848,0.3333333432674408,0.6666666865348816,1.0
21,6,-26.379880905151367,195.58131408691406,0.20000000298023224,0.4000000059604645,0.6000000238418579
21,7,-22.610963821411133,285.07177734375,0.0,0.25,0.75
21,8,-11.164850234985352,41.33116149902344,0.3333333432674408,0.3333333432674408,1.0
21,9,-5.82755184173584,18.426244735717773,0.5,0.5,1.0
21,10,-11.631786346435547,48.291812896728516,0.3333333432674408,0.6666666865348816,1.0
21,11,-13.509485244750977,858.1188354492188,0.0,0.5,0.5
21,12,-11.492402076721191,46.09944152832031,0.3333333432674408,0.6666666865348816,1.0
21,13,-23.143644332885742,2240.7099609375,0.3333333432674408,0.3333333432674408,0.3333333432674408
21,14,-5.374701976776123,14.692703247070312,0.0,1.0,1.0
21,15,-5.198220729827881,13.451766014099121,0.5,0.5,1.0
21,16,-16.201709747314453,57.421993255615234,0.25,0.5,1.0
21,17,-7.854851245880127,13.712170600891113,0.3333333432674408,0.6666666865348816,1.0
21,18,-5.262584209442139,13.891707420349121,0.5,1.0,1.0
21,19,-13.282502174377441,83.72190856933594,0.0,0.3333333432674408,1.0
21,20,-14.194992065429688,34.76976013183594,0.5,0.75,0.75
21,21,-14.194258689880371,113.45651245117188,0.0,0.6666666865348816,0.6666666865348816
21,22,-6.895801544189453,31.43433380126953,0.0,0.5,1.0
21,23,-11.690811157226562,18.591468811035156,0.5,0.75,1.0
21,24,-23.082904815673828,12.997632026672363,0.4444444477558136,0.7777777910232544,1.0
21,25,-12.21074390411377,448.2593688964844,0.0,0.5,0.5
21,26,-11.623371124267578,48.15654754638672,0.3333333432674408,0.3333333432674408,1.0
21,27,-8.715405464172363,78.07756042480469,0.0,0.5,1.0
21,28,-23.891693115234375,2875.258056640625,0.0,0.3333333432674408,0.6666666865348816
21,29,-17.686031341552734,7.135730743408203,0.4444444477558136,0.8888888955116272,1.0
21,30,-15.42508316040039,21.867834091186523,0.6000000238418579,0.6000000238418579,0.800000011920929
21,31,-9.46114444732666,23.422916412353516,0.3333333432674408,1.0,1.0
21,32,-16.780654907226562,4404.259765625,0.0,0.0,0.0
21,33,-8.177850723266602,15.270917892456055,0.0,1.0,1.0
21,34,-12.967900276184082,13.377577781677246,0.6000000238418579,0.800000011920929,1.0
21,35,-19.05636978149414,117.22468566894531,0.0,0.5,1.0
21,36,-12.802145004272461,71.3346176147461,0.0,0.3333333432674408,1.0
21,37,-11.498607635498047,17.719255447387695,0.75,0.75,0.75
21,38,-5.121152400970459,3.5976760387420654,0.75,1.0,1.0
21,39,-5.820435523986816,6.959761619567871,0.6666666865348816,1.0,1.0
21,40,-12.555669784545898,65.70816040039062,0.0,0.3333333432674408,1.0
21,41,-21.4326229095459,1266.7470703125,0.0,0.0,0.6666666865348816
21,42,-16.682876586914062,64.76200866699219,0.0,0.75,0.75
21,43,-26.591773986816406,84.0962905883789,0.1666666716337204,0.6666666865348816,0.8333333730697632
21,44,-9.735844612121582,130.05043029785156,0.0,0.5,1.0
21,45,-12.95189380645752,13.334821701049805,0.4000000059604645,0.800000011920929,1.0
21,46,-18.46881103515625,101.21052551269531,0.25,0.5,0.75
22,0,-8.057772636413574,5.010594367980957,0.6000000238418579,0.800000011920929,1.0
22,1,-3.003814697265625,4.490245342254639,0.5,1.0,1.0
22,2,-22.859031677246094,96.71866607666016,0.20000000298023224,0.6000000238418579,0.800000011920929
22,3,-10.800524711608887,36.604637145996094,0.0,0.6666666865348816,1.0
22,4,-14.590110778808594,1472.99853515625,0.5,0.5,0.5
22,5,-8.022923469543457,14.502307891845703,0.3333333432674408,0.6666666865348816,1.0
22,6,-26.332456588745117,193.7350311279297,0.20000000298023224,0.4000000059604645,0.6000000238418579
22,7,-22.63786506652832,286.99542236328125,0.0,0.25,0.75
22,8,-11.135929107666016,40.934627532958984,0.3333333432674408,0.3333333432674408,1.0
22,9,-5.823924541473389,18.39285659790039,0.5,0.5,1.0
22,10,-11.604134559631348,47.8487434387207,0.3333333432674408,0.6666666865348816,1.0
22,11,-13.566203117370605,882.8025512695312,0.0,0.5,0.5
22,12,-11.415017127990723,44.92551040649414,0.3333333432674408,0.6666666865348816,1.0
22,13,-23.272445678710938,2339.007568359375,0.3333333432674408,0.3333333432674408,0.3333333432674408
22,14,-5.37740421295166,14.712568283081055,0.0,1.0,1.0
22,15,-5.175034523010254,13.296717643737793,0.5,0.5,1.0
22,16,-16.188289642333984,57.22966766357422,0.25,0.5,1.0
22,17,-7.815781593322754,13.534751892089844,0.3333333432674408,0.6666666865348816,1.0
22,18,-5.213108062744141,13.55226993560791,0.5,1.0,1.0
22,19,-13.15866756439209,80.33636474609375,0.0,0.3333333432674408,1.0
22,20,-14.043685913085938,33.47910690307617,0.5,0.75,0.75
22,21,-14.250883102416992,115.61830139160156,0.0,0.6666666865348816,0.6666666865348816
22,22,-6.803555488586426,30.01741600036621,0.0,0.5,1.0
22,23,-11.583184242248535,18.097902297973633,0.5,0.75,1.0
22,24,-23.027496337890625,12.917858123779297,0.4444444477558136,0.7777777910232544,1.0
22,25,-12.379924774169922,487.8277587890625,0.0,0.5,0.5
22,26,-11.621047973632812,48.11927032470703,0.3333333432674408,0.3333333432674408,1.0
22,27,-8.69679069519043,77.35424041748047,0.0,0.5,1.0
22,28,-23.684494018554688,2683.37646484375,0.0,0.6666666865348816,0.6666666865348816
22,29,-17.536420822143555,7.018090724945068,0.4444444477558136,0.7777777910232544,1.0
22,30,-15.383688926696777,21.68754005432129,0.6000000238418579,0.6000000238418579,0.800000011920929
22,31,-9.43690013885498,23.23438835144043,0.3333333432674408,1.0,1.0
22,32,-16.828338623046875,4510.52734375,0.0,0.0,0.0
22,33,-8.14069938659668,15.08297348022461,0.0,1.0,1.0
22,34,-12.877525329589844,13.137950897216797,0.6000000238418579,0.800000011920929,1.0
22,35,-18.975385665893555,114.87521362304688,0.0,0.5,1.0
22,36,-12.80350112915039,71.36686706542969,0.0,0.3333333432674408,1.0
22,37,-11.565630912780762,18.018657684326172,0.75,0.75,0.75
22,38,-5.110877513885498,3.5884463787078857,0.75,1.0,1.0
22,39,-5.798327922821045,6.908661842346191,0.6666666865348816,1.0,1.0
22,40,-12.549182891845703,65.56625366210938,0.0,0.3333333432674408,1.0
22,41,-21.368087768554688,1239.788330078125,0.0,0.0,0.6666666865348816
22,42,-16.865867614746094,67.79354095458984,0.0,0.75,0.75
22,43,-26.203372955322266,78.82490539550781,0.1666666716337204,0.6666666865348816,0.8333333730697632
22,44,-9.732999801635742,129.86557006835938,0.0,0.5,1.0
22,45,-12.841585159301758,13.043851852416992,0.4000000059604645,0.800000011920929,1.0
22,46,-18.318849563598633,97.4863510131836,0.25,0.5,0.75
23,0,-8.087970733642578,5.040947437286377,0.6000000238418579,0.800000011920929,1.0
23,1,-2.9881019592285156,4.455106735229492,0.5,1.0,1.0
23,2,-22.539165496826172,90.7249984741211,0.20000000298023224,0.6000000238418579,0.800000011920929
23,3,-10.822765350341797,36.877017974853516,0.0,0.6666666865348816,1.0
23,4,-14.581520080566406,1466.68505859375,0.5,0.5,0.5
23,5,-7.996427536010742,14.374788284301758,0.3333333432674408,0.6666666865348816,1.0
23,6,-26.18337631225586,188.0438690185547,0.20000000298023224,0.4000000059604645,0.6000000238418579
23,7,-22.6622314453125,288.7490234375,0.0,0.25,0.75
23,8,-11.128016471862793,40.82680892944336,0.3333333432674408,0.3333333432674408,1.0
23,9,-5.822494983673096,18.37971305847168,0.5,0.5,1.0
23,10,-11.652000427246094,48.61830139160156,0.3333333432674408,0.6666666865348816,1.0
23,11,-13.588432312011719,892.6693115234375,0.0,0.5,0.5
23,12,-11.489502906799316,46.054901123046875,0.3333333432674408,0.6666666865348816,1.0
23,13,-23.177841186523438,2266.397705078125,0.3333333432674408,0.3333333432674408,0.3333333432674408
23,14,-5.338198661804199,14.426969528198242,0.0,1.0,1.0
23,15,-5.10749626159668,12.85519790649414,0.5,0.5,1.0
23,16,-16.040447235107422,55.15303421020508,0.25,0.5,1.0
23,17,-7.808795928955078,13.503271102905273,0.3333333432674408,0.6666666865348816,1.0
23,18,-5.192205429077148,13.411368370056152,0.0,1.0,1.0
23,19,-13.069904327392578,77.99420928955078,0.0,0.3333333432674408,1.0
23,20,-13.950525283813477,32.70838165283203,0.5,0.75,0.75
23,21,-14.283733367919922,116.89128875732422,0.0,0.6666666865348816,0.6666666865348816
23,22,-6.811947345733643,30.143630981445312,0.0,0.5,1.0
23,23,-11.58770751953125,18.118379592895508,0.5,0.75,1.0
23,24,-23.031068801879883,12.92298698425293,0.4444444477558136,0.7777777910232544,1.0
23,25,-12.534645080566406,527.0642700195312,0.0,0.5,0.5
23,26,-11.502074241638184,46.24829864501953,0.3333333432674408,0.3333333432674408,1.0
23,27,-8.716994285583496,78.13961791992188,0.0,0.5,1.0
23,28,-23.55260467529297,2567.962890625,0.0,0.6666666865348816,0.6666666865348816
23,29,-17.593517303466797,7.062755584716797,0.4444444477558136,0.7777777910232544,1.0
23,30,-15.328582763671875,21.449827194213867,0.6000000238418579,0.6000000238418579,0.800000011920929
23,31,-9.404449462890625,22.984416961669922,0.3333333432674408,1.0,1.0
23,32,-16.86160659790039,4586.1826171875,0.0,0.0,0.0
23,33,-7.997626304626465,14.380533218383789,0.0,1.0,1.0
23,34,-12.807027816772461,12.954012870788574,0.6000000238418579,0.800000011920929,1.0
23,35,-18.919240951538086,113.27406311035156,0.0,0.5,1.0
23,36,-12.711860656738281,69.21981048583984,0.0,0.3333333432674408,1.0
23,37,-11.588064193725586,18.1199951171875,0.75,0.75,0.75
23,38,-5.118528366088867,3.5953166484832764,0.75,1.0,1.0
23,39,-5.726042747497559,6.744186878204346,0.6666666865348816,1.0,1.0
23,40,-12.572476387023926,66.07731628417969,0.0,0.3333333432674408,1.0
23,41,-21.3675537109375,1239.5677490234375,0.0,0.0,0.6666666865348816
23,42,-17.026317596435547,70.56818389892578,0.0,0.75,0.75
23,43,-25.993492126464844,76.11524963378906,0.1666666716337204,0.6666666865348816,0.8333333730697632
23,44,-9.671749114990234,125.94868469238281,0.0,0.5,1.0
23,45,-12.812782287597656,12.9689302444458,0.4000000059604645,0.800000011920929,1.0
23,46,-18.279842376708984,96.5403060913086,0.25,0.5,0.75
24,0,-8.095565795898438,5.048611640930176,0.6000000238418579,0.800000011920929,1.0
24,1,-3.026151657104492,4.540675640106201,0.5,1.0,1.0
24,2,-22.202632904052734,84.819580078125,0.20000000298023224,0.6000000238418579,0.800000011920929
24,3,-10.835853576660156,37.03824996948242,0.0,0.6666666865348816,1.0
24,4,-14.58259391784668,1467.4727783203125,0.5,0.5,0.5
24,5,-8.02806568145752,14.527186393737793,0.3333333432674408,0.6666666865348816,1.0
24,6,-26.14580535888672,186.63619995117188,0.20000000298023224,0.4000000059604645,0.6000000238418579
24,7,-22.610219955444336,285.01873779296875,0.0,0.25,0.75
24,8,-11.103845596313477,40.499183654785156,0.3333333432674408,0.3333333432674408,1.0
24,9,-5.841312408447266,18.553457260131836,0.5,0.5,1.0
24,10,-11.647586822509766,48.546836853027344,0.3333333432674408,0.6666666865348816,1.0
24,11,-13.612689971923828,903.5621948242188,0.0,0.5,0.5
24,12,-11.368762969970703,44.2381591796875,0.3333333432674408,0.6666666865348816,1.0
24,13,-23.26920509338379,2336.481689453125,0.3333333432674408,0.3333333432674408,0.3333333432674408
24,14,-5.2955193519592285,14.122364044189453,0.0,1.0,1.0
24,15,-5.097787380218506,12.792943000793457,0.5,0.5,1.0
24,16,-16.121484756469727,56.28179931640625,0.25,0.5,0.75
24,17,-7.79564094543457,13.444189071655273,0.3333333432674408,0.6666666865348816,1.0
24,18,-5.237875938415527,13.72114372253418,0.0,1.0,1.0
24,19,-13.069656372070312,77.98777770996094,0.0,0.3333333432674408,1.0
24,20,-13.886752128601074,32.191036224365234,0.5,0.75,0.75
24,21,-14.296249389648438,117.38001251220703,0.0,0.6666666865348816,0.6666666865348816
24,22,-6.742516040802002,29.115131378173828,0.0,0.5,1.0
24,23,-11.662089347839355,18.458452224731445,0.5,0.75,1.0
24,24,-22.942913055419922,12.797021865844727,0.4444444477558136,0.7777777910232544,1.0
24,25,-12.687405586242676,568.89892578125,0.0,0.5,0.5
24,26,-11.41894245147705,44.98433303833008,0.3333333432674408,0.3333333432674408,1.0
24,27,-8.700395584106445,77.49378967285156,0.0,0.5,1.0
24,28,-23.451635360717773,2482.972412109375,0.0,0.6666666865348816,0.6666666865348816
24,29,-17.664207458496094,7.118448257446289,0.4444444477558136,0.7777777910232544,1.0
24,30,-15.327722549438477,21.446138381958008,0.6000000238418579,0.6000000238418579,0.800000011920929
24,31,-9.376348495483398,22.77012825012207,0.3333333432674408,1.0,1.0
24,32,-16.976299285888672,4856.87060546875,0.0,0.0,0.0
24,33,-7.930278778076172,14.061297416687012,0.0,1.0,1.0
24,34,-12.74239730834961,12.787646293640137,0.6000000238418579,0.800000011920929,1.0
24,35,-18.857261657714844,111.53244018554688,0.0,0.5,1.0
24,36,-12.644375801086426,67.6800765991211,0.0,0.3333333432674408,1.0
24,37,-11.628156661987305,18.302526473999023,0.75,0.75,0.75
24,38,-5.107958793640137,3.585829019546509,0.75,1.0,1.0
24,39,-5.634257793426514,6.54097318649292,0.6666666865348816,1.0,1.0
24,40,-12.683368682861328,68.56549072265625,0.0,0.3333333432674408,1.0
24,41,-21.348102569580078,1231.556396484375,0.0,0.0,0.6666666865348816
24,42,-17.266115188598633,74.92808532714844,0.0,0.75,0.75
24,43,-25.674814224243164,72.17803192138672,0.1666666716337204,0.6666666865348816,0.8333333730697632
24,44,-9.606021881103516,121.8768310546875,0.0,0.5,1.0
24,45,-12.833576202392578,13.022976875305176,0.4000000059604645,0.800000011920929,1.0
24,46,-18.176084518432617,94.06829833984375,0.25,0.5,0.75
25,0,-8.069306373596191,5.0221662521362305,0.6000000238418579,0.800000011920929,1.0
25,1,-3.0118296146392822,4.508275985717773,0.5,1.0,1.0
25,2,-21.960758209228516,80.81412506103516,0.20000000298023224,0.6000000238418579,0.800000011920929
25,3,-10.863981246948242,37.38715362548828,0.0,0.6666666865348816,1.0
25,4,-14.52202033996582,1423.6939697265625,0.5,0.5,0.5
25,5,-8.097795486450195,14.868803024291992,0.3333333432674408,0.6666666865348816,1.0
25,6,-26.06789779663086,183.7506561279297,0.20000000298023224,0.4000000059604645,0.6000000238418579
25,7,-22.653263092041016,288.10235595703125,0.0,0.25,0.75
25,8,-11.151556015014648,41.14841079711914,0.3333333432674408,0.3333333432674408,1.0
25,9,-5.955655574798584,19.645097732543945,0.5,0.5,1.0
25,10,-11.67999267578125,49.07406997680664,0.3333333432674408,0.6666666865348816,1.0
25,11,-13.6294527053833,911.1671142578125,0.0,0.5,0.5
25,12,-11.27560043334961,42.8854866027832,0.3333333432674408,0.6666666865348816,1.0
25,13,-23.279582977294922,2344.57861328125,0.3333333432674408,0.3333333432674408,0.3333333432674408
25,14,-5.270168781280518,13.944489479064941,0.0,1.0,1.0
25,15,-5.168928146362305,13.256182670593262,0.5,0.5,1.0
25,16,-15.951488494873047,53.93998718261719,0.25,0.5,1.0
25,17,-7.792232990264893,13.428923606872559,0.3333333432674408,0.6666666865348816,1.0
25,18,-5.285231590270996,14.049906730651855,0.0,1.0,1.0
25,19,-12.919429779052734,74.17866516113281,0.0,0.3333333432674408,1.0
25,20,-13.972719192504883,32.89036560058594,0.5,0.75,0.75
25,21,-14.272724151611328,116.4631118774414,0.0,0.6666666865348816,0.6666666865348816
25,22,-6.7238688468933105,28.844934463500977,0.0,0.5,1.0
25,23,-11.657317161560059,18.436443328857422,0.5,0.75,1.0
25,24,-22.802528381347656,12.598958969116211,0.4444444477558136,0.7777777910232544,1.0
25,25,-12.8025484085083,602.6123657226562,0.0,0.5,0.5
25,26,-11.425398826599121,45.08123779296875,0.3333333432674408,0.3333333432674408,1.0
25,27,-8.708097457885742,77.79278564453125,0.0,0.5,1.0
25,28,-23.300601959228516,2361.06298828125,0.0,0.6666666865348816,0.6666666865348816
25,29,-17.602636337280273,7.069914817810059,0.4444444477558136,0.7777777910232544,1.0
25,30,-15.30636215209961,21.354711532592773,0.6000000238418579,0.800000011920929,0.800000011920929
25,31,-9.291877746582031,22.137935638427734,0.3333333432674408,1.0,1.0
25,32,-17.050533294677734,5040.53076171875,0.0,0.0,0.0
25,33,-7.814203262329102,13.527632713317871,0.0,1.0,1.0
25,34,-12.748719215393066,12.803824424743652,0.6000000238418579,0.800000011920929,1.0
25,35,-18.759490966796875,108.8393325805664,0.0,0.5,1.0
25,36,-12.586282730102539,66.38209533691406,0.0,0.3333333432674408,1.0
25,37,-11.626426696777344,18.294612884521484,0.75,0.75,0.75
25,38,-5.105686187744141,3.583792209625244,0.75,1.0,1.0
25,39,-5.600910186767578,6.468667030334473,0.6666666865348816,1.0,1.0
25,40,-12.704858779907227,69.05842590332031,0.0,0.3333333432674408,1.0
25,41,-21.381328582763672,1245.2723388671875,0.0,0.0,0.6666666865348816
25,42,-17.31475067138672,75.84468841552734,0.0,0.75,0.75
25,43,-25.433164596557617,69.32881927490234,0.1666666716337204,0.6666666865348816,0.8333333730697632
25,44,-9.523565292358398,116.95423126220703,0.0,0.5,1.0
25,45,-12.776618003845215,12.875465393066406,0.4000000059604645,0.800000011920929,1.0
25,46,-18.220726013183594,95.1240234375,0.25,0.5,0.75
26,0,-8.083142280578613,5.036081790924072,0.6000000238418579,0.800000011920929,1.0
26,1,-3.0630898475646973,4.625317096710205,0.5,1.0,1.0
26,2,-21.697355270385742,76.66696166992188,0.4000000059604645,0.6000000238418579,0.800000011920929
26,3,-10.851441383361816,37.231201171875,0.0,0.6666666865348816,1.0
26,4,-14.509647369384766,1414.91357421875,0.5,0.5,0.5
26,5,-8.138751029968262,15.073182106018066,0.3333333432674408,0.6666666865348816,1.0
26,6,-26.046850204467773,182.97877502441406,0.20000000298023224,0.4000000059604645,0.6000000238418579
26,7,-22.73055076599121,293.72314453125,0.0,0.25,0.75
26,8,-11.111797332763672,40.6066780090332,0.3333333432674408,0.3333333432674408,1.0
26,9,-5.850565433502197,18.639493942260742,0.5,0.5,1.0
26,10,-11.619874954223633,48.100460052490234,0.3333333432674408,0.6666666865348816,1.0
26,11,-13.682670593261719,935.73779296875,0.0,0.5,0.5
26,12,-11.289773941040039,43.08858108520508,0.3333333432674408,0.6666666865348816,1.0
26,13,-23.370426177978516,2416.660888671875,0.3333333432674408,0.3333333432674408,0.3333333432674408
26,14,-5.202537536621094,13.480831146240234,0.0,1.0,1.0
26,15,-5.216993808746338,13.578625679016113,0.5,0.5,1.0
26,16,-16.028472900390625,54.98817825317383,0.25,0.5,1.0
26,17,-7.7908525466918945,13.422747611999512,0.3333333432674408,0.6666666865348816,1.0
26,18,-5.389104843139648,14.798893928527832,0.0,1.0,1.0
26,19,-12.856582641601562,72.640869140625,0.0,0.3333333432674408,1.0
26,20,-13.9540433883667,32.73716354370117,0.5,0.75,0.75
26,21,-14.315030097961426,118.11710357666016,0.0,0.6666666865348816,0.6666666865348816
26,22,-6.656847953796387,27.894346237182617,0.0,0.5,1.0
26,23,-11.733025550842285,18.788713455200195,0.5,0.75,1.0
26,24,-22.707500457763672,12.466631889343262,0.4444444477558136,0.7777777910232544,1.0
26,25,-12.960356712341309,652.0872802734375,0.0,0.5,0.5
26,26,-11.33230972290039,43.703861236572266,0.3333333432674408,0.3333333432674408,1.0
26,27,-8.693626403808594,77.23194885253906,0.0,0.5,1.0
26,28,-23.185993194580078,2272.56494140625,0.0,0.6666666865348816,0.6666666865348816
26,29,-17.775577545166016,7.207082271575928,0.4444444477558136,0.7777777910232544,1.0
26,30,-15.334728240966797,21.476205825805664,0.6000000238418579,0.800000011920929,0.800000011920929
26,31,-9.444413185119629,23.292648315429688,0.3333333432674408,1.0,1.0
26,32,-17.101778030395508,5171.35009765625,0.0,0.0,0.0
26,33,-7.691558837890625,12.985755920410156,0.0,1.0,1.0
26,34,-12.708134651184082,12.700316429138184,0.6000000238418579,0.800000011920929,1.0
26,35,-18.773544311523438,109.2223892211914,0.0,0.5,1.0
26,36,-12.507506370544434,64.66168975830078,0.0,0.3333333432674408,1.0
26,37,-11.686250686645508,18.57028579711914,0.75,0.75,0.75
26,38,-5.093925476074219,3.573270797729492,0.75,1.0,1.0
26,39,-5.538567543029785,6.335629463195801,0.6666666865348816,1.0,1.0
26,40,-12.764100074768066,70.43569946289062,0.0,0.3333333432674408,1.0
26,41,-21.476207733154297,1285.2850341796875,0.0,0.0,0.6666666865348816
26,42,-17.46358871459961,78.7199935913086,0.0,0.75,0.75
26,43,-25.200172424316406,66.68826293945312,0.3333333432674408,0.6666666865348816,0.8333333730697632
26,44,-9.44084358215332,112.21558380126953,0.0,0.5,1.0
26,45,-12.726248741149902,12.746411323547363,0.4000000059604645,0.800000011920929,1.0
26,46,-18.144115447998047,93.31947326660156,0.25,0.5,0.75
27,0,-8.050176620483398,5.002987861633301,0.6000000238418579,0.800000011920929,1.0
27,1,-3.0424132347106934,4.57774543762207,0.5,1.0,1.0
27,2,-21.53702163696289,74.24752807617188,0.4000000059604645,0.6000000238418579,0.800000011920929
27,3,-10.879413604736328,37.57997512817383,0.0,0.6666666865348816,1.0
27,4,-14.50460433959961,1411.350341796875,0.5,0.5,0.5
27,5,-8.192428588867188,15.345304489135742,0.3333333432674408,0.6666666865348816,1.0
27,6,-26.002723693847656,181.37103271484375,0.20000000298023224,0.6000000238418579,0.6000000238418579
27,7,-22.72115707397461,293.0341796875,0.0,0.25,0.75
27,8,-11.122547149658203,40.75244140625,0.3333333432674408,0.3333333432674408,1.0
27,9,-6.009952068328857,20.185731887817383,0.5,0.5,1.0
27,10,-11.652117729187012,48.62020492553711,0.3333333432674408,0.6666666865348816,1.0
27,11,-13.738733291625977,962.3388671875,0.0,0.5,0.5
27,12,-11.285030364990234,43.02050018310547,0.3333333432674408,0.6666666865348816,1.0
27,13,-23.38559341430664,2428.91015625,0.3333333432674408,0.3333333432674408,0.3333333432674408
27,14,-5.139558792114258,13.062942504882812,0.0,1.0,1.0
27,15,-5.3125457763671875,14.243104934692383,0.5,0.5,1.0
27,16,-15.863506317138672,52.766502380371094,0.25,0.5,1.0
27,17,-7.8501763343811035,13.690818786621094,0.3333333432674408,0.6666666865348816,1.0
27,18,-5.534239292144775,15.912734031677246,0.0,1.0,1.0
27,19,-12.813825607299805,71.61288452148438,0.0,0.3333333432674408,1.0
27,20,-14.076788902282715,33.75731658935547,0.25,0.75,0.75
27,21,-14.307901382446289,117.83678436279297,0.0,0.6666666865348816,0.6666666865348816
27,22,-6.674307823181152,28.138925552368164,0.0,0.5,1.0
27,23,-11.80581283569336,19.133739471435547,0.5,0.75,1.0
27,24,-22.776031494140625,12.561921119689941,0.4444444477558136,0.7777777910232544,1.0
27,25,-13.05802059173584,684.72021484375,0.0,0.5,0.5
27,26,-11.320487976074219,43.531982421875,0.3333333432674408,0.3333333432674408,1.0
27,27,-8.699403762817383,77.45536804199219,0.0,0.5,1.0
27,28,-23.170103073120117,2260.5595703125,0.0,0.6666666865348816,0.6666666865348816
27,29,-17.75890350341797,7.193742752075195,0.4444444477558136,0.7777777910232544,1.0
27,30,-15.545101165771484,22.39908790588379,0.6000000238418579,0.800000011920929,0.800000011920929
27,31,-9.389324188232422,22.86882972717285,0.3333333432674408,1.0,1.0
27,32,-17.26848602294922,5620.87744140625,0.0,0.0,0.0
27,33,-7.610843658447266,12.641032218933105,0.0,1.0,1.0
27,34,-12.695955276489258,12.669417381286621,0.6000000238418579,0.800000011920929,1.0
27,35,-18.73516273498535,108.17936706542969,0.0,0.5,1.0
27,36,-12.503938674926758,64.58484649658203,0.0,0.3333333432674408,1.0
27,37,-11.724944114685059,18.75079345703125,0.75,0.75,0.75
27,38,-5.131646633148193,3.6071271896362305,0.75,1.0,1.0
27,39,-5.460518836975098,6.1729254722595215,0.6666666865348816,1.0,1.0
27,40,-12.838743209838867,72.2101821899414,0.0,0.3333333432674408,1.0
27,41,-21.54568862915039,1315.400146484375,0.0,0.0,0.6666666865348816
27,42,-17.549474716186523,80.42851257324219,0.0,0.75,0.75
27,43,-24.99228286743164,64.41719055175781,0.3333333432674408,0.6666666865348816,0.8333333730697632
27,44,-9.369790077209473,108.29891204833984,0.0,0.5,1.0
27,45,-12.672056198120117,12.609004974365234,0.4000000059604645,0.800000011920929,1.0
27,46,-18.124162673950195,92.85514068603516,0.25,0.5,0.75
28,0,-8.116389274597168,5.069681167602539,0.6000000238418579,0.800000011920929,1.0
28,1,-3.080207347869873,4.665073871612549,0.5,1.0,1.0
28,2,-21.372827529907227,71.84893035888672,0.4000000059604645,0.6000000238418579,0.800000011920929
28,3,-10.900620460510254,37.846561431884766,0.0,0.6666666865348816,1.0
28,4,-14.493852615356445,1403.7833251953125,0.5,0.5,0.5
28,5,-8.267879486083984,15.736136436462402,0.3333333432674408,0.6666666865348816,1.0
28,6,-25.986961364746094,180.80018615722656,0.20000000298023224,0.6000000238418579,0.6000000238418579
28,7,-22.763797760009766,296.1746826171875,0.0,0.25,0.75
28,8,-11.176799774169922,41.496124267578125,0.3333333432674408,0.3333333432674408,1.0
28,9,-6.139889717102051,21.54071617126465,0.5,0.5,1.0
28,10,-11.635947227478027,48.35883712768555,0.3333333432674408,0.6666666865348816,1.0
28,11,-13.741129875183105,963.4927368164062,0.0,0.5,0.5
28,12,-11.233039855957031,42.2813720703125,0.3333333432674408,0.6666666865348816,1.0
28,13,-23.39168930053711,2433.850341796875,0.3333333432674408,0.3333333432674408,0.3333333432674408
28,14,-5.105642318725586,12.84328556060791,0.0,1.0,1.0
28,15,-5.3463921546936035,14.486194610595703,0.5,0.5,1.0
28,16,-15.881041526794434,52.998329162597656,0.25,0.5,1.0
28,17,-7.925601482391357,14.039393424987793,0.3333333432674408,0.6666666865348816,1.0
28,18,-5.658647060394287,16.934001922607422,0.0,1.0,1.0
28,19,-12.780144691467285,70.81340789794922,0.0,0.3333333432674408,1.0
28,20,-14.049715995788574,33.52961349487305,0.25,0.75,0.75
28,21,-14.313135147094727,118.04255676269531,0.0,0.6666666865348816,0.6666666865348816
28,22,-6.802882671356201,30.007320404052734,0.5,0.5,1.0
28,23,-11.933510780334473,19.75442886352539,0.5,0.75,1.0
28,24,-22.611597061157227,12.334493637084961,0.4444444477558136,0.7777777910232544,1.0
28,25,-13.12823486328125,709.1856689453125,0.0,0.5,0.5
28,26,-11.295598983764648,43.172325134277344,0.3333333432674408,0.3333333432674408,1.0
28,27,-8.762990951538086,79.95751953125,0.0,0.5,1.0
28,28,-23.263938903808594,2332.38427734375,0.0,0.6666666865348816,0.6666666865348816
28,29,-17.909914016723633,7.315464496612549,0.4444444477558136,0.7777777910232544,1.0
28,30,-15.526853561401367,22.317489624023438,0.6000000238418579,0.800000011920929,0.800000011920929
28,31,-9.353377342224121,22.596439361572266,0.3333333432674408,1.0,1.0
28,32,-17.33257484436035,5803.912109375,0.0,0.0,0.0
28,33,-7.43949031829834,11.93923568725586,0.3333333432674408,1.0,1.0
28,34,-12.683083534240723,12.636846542358398,0.6000000238418579,0.800000011920929,1.0
28,35,-18.731700897216797,108.08578491210938,0.0,0.5,1.0
28,36,-12.41901969909668,62.78229904174805,0.0,0.3333333432674408,1.0
28,37,-11.721883773803711,18.736452102661133,0.75,0.75,0.75
28,38,-5.17611026763916,3.647447347640991,0.75,1.0,1.0
28,39,-5.356318473815918,5.962199687957764,0.6666666865348816,1.0,1.0
28,40,-12.875544548034668,73.10144805908203,0.0,0.3333333432674408,1.0
28,41,-21.57622528076172,1328.858154296875,0.0,0.0,0.6666666865348816
28,42,-17.63425636291504,82.15141296386719,0.0,0.75,0.75
28,43,-24.69371795654297,61.290184020996094,0.3333333432674408,0.6666666865348816,0.8333333730697632
28,44,-9.365303039550781,108.05620574951172,0.0,0.5,1.0
28,45,-12.716520309448242,12.721633911132812,0.4000000059604645,0.800000011920929,1.0
28,46,-18.096982955932617,92.2263412475586,0.25,0.5,0.75
29,0,-8.094697952270508,5.047735214233398,0.6000000238418579,0.800000011920929,1.0
29,1,-3.0901432037353516,4.688307285308838,0.5,1.0,1.0
29,2,-21.04677963256836,67.31316375732422,0.4000000059604645,0.6000000238418579,0.800000011920929
29,3,-10.895330429077148,37.779884338378906,0.0,0.6666666865348816,1.0
29,4,-14.450562477111816,1373.7249755859375,0.5,0.5,0.5
29,5,-8.286304473876953,15.83307933807373,0.3333333432674408,0.6666666865348816,1.0
29,6,-25.877687454223633,176.8916778564453,0.20000000298023224,0.6000000238418579,0.6000000238418579
29,7,-22.73613739013672,294.1336975097656,0.0,0.25,0.75
29,8,-11.275636672973633,42.886009216308594,0.3333333432674408,0.3333333432674408,1.0
29,9,-6.158614158630371,21.743330001831055,0.5,0.5,1.0
29,10,-11.62388801574707,48.16483688354492,0.3333333432674408,0.6666666865348816,1.0
29,11,-13.775230407714844,980.0614013671875,0.0,0.5,0.5
29,12,-11.264405250549316,42.725746154785156,0.3333333432674408,0.6666666865348816,1.0
29,13,-23.4044246673584,2444.20458984375,0.3333333432674408,0.3333333432674408,0.3333333432674408
29,14,-5.056581497192383,12.53206729888916,0.0,1.0,1.0
29,15,-5.409849166870117,14.953189849853516,0.5,0.5,1.0
29,16,-15.866874694824219,52.81095504760742,0.25,0.5,1.0
29,17,-7.9599609375,14.201111793518066,0.0,0.6666666865348816,1.0
29,18,-5.748700141906738,17.71390724182129,0.0,1.0,1.0
29,19,-12.761991500854492,70.3862075805664,0.0,0.3333333432674408,1.0
29,20,-14.102781295776367,33.977394104003906,0.25,0.75,0.75
29,21,-14.304121017456055,117.68836975097656,0.0,0.6666666865348816,0.6666666865348816
29,22,-6.808387279510498,30.090023040771484,0.0,0.5,1.0
29,23,-12.027376174926758,20.223474502563477,0.5,0.75,1.0
29,24,-22.60544776916504,12.326068878173828,0.4444444477558136,0.7777777910232544,1.0
29,25,-13.27369213104248,762.6857299804688,0.0,0.5,0.5
29,26,-11.27095890045166,42.819190979003906,0.3333333432674408,0.3333333432674408,1.0
29,27,-8.721158981323242,78.30249786376953,0.0,0.5,1.0
29,28,-23.264251708984375,2332.627685546875,0.0,0.6666666865348816,0.6666666865348816
29,29,-18.032150268554688,7.415498733520508,0.4444444477558136,0.7777777910232544,1.0
29,30,-15.544083595275879,22.394527435302734,0.6000000238418579,0.800000011920929,0.800000011920929
29,31,-9.424558639526367,23.139001846313477,0.3333333432674408,1.0,1.0
29,32,-17.398326873779297,5997.892578125,0.0,0.0,0.0
29,33,-7.3232316970825195,11.485406875610352,0.3333333432674408,1.0,1.0
29,34,-12.707691192626953,12.699191093444824,0.6000000238418579,0.800000011920929,1.0
29,35,-18.7974853515625,109.87808227539062,0.0,0.5,1.0
29,36,-12.445634841918945,63.34175491333008,0.0,0.3333333432674408,1.0
29,37,-11.7180814743042,18.71864891052246,0.75,0.75,0.75
29,38,-5.168367862701416,3.6403942108154297,0.75,1.0,1.0
29,39,-5.356984615325928,5.963523864746094,0.6666666865348816,1.0,1.0
29,40,-12.924460411071777,74.30316925048828,0.0,0.3333333432674408,1.0
29,41,-21.692930221557617,1381.571044921875,0.0,0.0,0.6666666865348816
29,42,-17.675758361816406,83.00821685791016,0.0,0.75,0.75
29,43,-24.558876037597656,59.92811584472656,0.3333333432674408,0.6666666865348816,0.8333333730697632
29,44,-9.297298431396484,104.44380950927734,0.0,0.5,1.0
29,45,-12.682072639465332,12.634291648864746,0.4000000059604645,0.800000011920929,1.0
29,46,-18.230918884277344,95.36672973632812,0.25,0.5,0.75
30,0,-8.155994415283203,5.109997272491455,0.6000000238418579,0.800000011920929,1.0
30,1,-3.0964651107788086,4.703149795532227,0.5,1.0,1.0
30,2,-21.0379695892334,67.19467163085938,0.4000000059604645,0.6000000238418579,0.800000011920929
30,3,-10.891386032104492,37.73023986816406,0.0,0.6666666865348816,1.0
30,4,-14.39513111114502,1336.1739501953125,0.5,0.5,0.5
30,5,-8.336792945861816,16.101797103881836,0.3333333432674408,0.6666666865348816,1.0
30,6,-25.869993209838867,176.6197052001953,0.20000000298023224,0.6000000238418579,0.6000000238418579
30,7,-22.782501220703125,297.56280517578125,0.0,0.25,0.75
30,8,-11.22701644897461,42.19656753540039,0.3333333432674408,0.3333333432674408,1.0
30,9,-6.18843936920166,22.070011138916016,0.5,0.5,1.0
30,10,-11.591840744018555,47.65306091308594,0.3333333432674408,0.6666666865348816,1.0
30,11,-13.802258491516113,993.3958740234375,0.0,0.5,0.5
30,12,-11.262746810913086,42.70213317871094,0.3333333432674408,0.6666666865348816,1.0
30,13,-23.389406204223633,2431.998779296875,0.3333333432674408,0.3333333432674408,0.3333333432674408
30,14,-5.053937911987305,12.51551342010498,0.0,1.0,1.0
30,15,-5.47642707824707,15.459342956542969,0.5,0.5,1.0
30,16,-15.77996826171875,51.675926208496094,0.25,0.5,1.0
30,17,-7.920578956604004,14.015909194946289,0.0,0.6666666865348816,1.0
30,18,-5.787807464599609,18.06368637084961,0.0,1.0,1.0
30,19,-12.685802459716797,68.62116241455078,0.0,0.3333333432674408,1.0
30,20,-14.112249374389648,34.05791473388672,0.25,0.75,0.75
30,21,-14.292598724365234,117.23725891113281,0.0,0.6666666865348816,0.6666666865348816
30,22,-6.788209915161133,29.787979125976562,0.0,0.5,1.0
30,23,-12.07086181640625,20.44453239440918,0.5,0.75,1.0
30,24,-22.524919509887695,12.21627140045166,0.4444444477558136,0.7777777910232544,1.0
30,25,-13.401952743530273,813.1994018554688,0.0,0.5,0.5
30,26,-11.299917221069336,43.2345085144043,0.3333333432674408,0.3333333432674408,1.0
30,27,-8.689688682556152,77.08003997802734,0.0,0.5,1.0
30,28,-23.244651794433594,2317.43701171875,0.0,0.6666666865348816,0.6666666865348816
30,29,-18.1030216217041,7.474124431610107,0.4444444477558136,0.7777777910232544,1.0
30,30,-15.622167587280273,22.747005462646484,0.6000000238418579,0.6000000238418579,0.800000011920929
30,31,-9.452391624450684,23.35467529296875,0.3333333432674408,1.0,1.0
30,32,-17.473526000976562,6227.7041015625,0.0,0.0,0.0
30,33,-7.24860143661499,11.203210830688477,0.3333333432674408,1.0,1.0
30,34,-12.601917266845703,12.433362007141113,0.6000000238418579,0.800000011920929,1.0
30,35,-18.68134307861328,106.73357391357422,0.0,0.5,1.0
30,36,-12.338394165039062,61.117496490478516,0.0,0.3333333432674408,1.0
30,37,-11.749520301818848,18.86635398864746,0.75,0.75,0.75
30,38,-5.18187952041626,3.652711868286133,0.75,1.0,1.0
30,39,-5.32527494430542,5.900822162628174,0.6666666865348816,1.0,1.0
30,40,-12.96168327331543,75.23081970214844,0.0,0.3333333432674408,1.0
30,41,-21.597042083740234,1338.1109619140625,0.0,0.0,0.6666666865348816
30,42,-17.70502471923828,83.61778259277344,0.25,0.75,0.75
30,43,-24.470117568969727,59.04813003540039,0.5,0.6666666865348816,0.8333333730697632
30,44,-9.313396453857422,105.28787231445312,0.0,0.5,1.0
30,45,-12.689399719238281,12.65281867980957,0.4000000059604645,0.800000011920929,1.0
30,46,-18.17047119140625,93.93638610839844,0.25,0.5,0.75
31,0,-8.158576965332031,5.112637519836426,0.6000000238418579,0.800000011920929,1.0
31,1,-3.0802783966064453,4.6652398109436035,0.5,1.0,1.0
31,2,-20.74947738647461,63.4273796081543,0.4000000059604645,0.6000000238418579,0.800000011920929
31,3,-10.891605377197266,37.733001708984375,0.0,0.6666666865348816,1.0
31,4,-14.340656280517578,1300.271240234375,0.5,0.5,0.5
31,5,-8.34492015838623,16.145479202270508,0.3333333432674408,0.6666666865348816,1.0
31,6,-25.801193237304688,174.20603942871094,0.20000000298023224,0.6000000238418579,0.6000000238418579
31,7,-22.810449600219727,299.649169921875,0.0,0.25,0.75
31,8,-11.281933784484863,42.97611999511719,0.3333333432674408,0.3333333432674408,1.0
31,9,-6.247068405151367,22.726558685302734,0.5,0.5,1.0
31,10,-11.595495223999023,47.711143493652344,0.3333333432674408,0.6666666865348816,1.0
31,11,-13.859436988830566,1022.2062377929688,0.0,0.5,0.5
31,12,-11.319498062133789,43.51762008666992,0.3333333432674408,0.6666666865348816,1.0
31,13,-23.41683006286621,2454.332763671875,0.3333333432674408,0.3333333432674408,0.3333333432674408
31,14,-4.9829912185668945,12.079328536987305,0.0,1.0,1.0
31,15,-5.458846092224121,15.324043273925781,0.5,0.5,1.0
31,16,-15.673189163208008,50.314697265625,0.25,0.5,1.0
31,17,-7.960622787475586,14.204244613647461,0.0,0.6666666865348816,1.0
31,18,-5.7878875732421875,18.064411163330078,0.0,1.0,1.0
31,19,-12.64212417602539,67.6292953491211,0.0,0.3333333432674408,1.0
31,20,-14.153145790100098,34.40790939331055,0.25,0.5,0.75
31,21,-14.288504600524902,117.07737731933594,0.0,0.6666666865348816,0.6666666865348816
31,22,-6.733543395996094,28.984804153442383,0.5,0.5,1.0
31,23,-12.109970092773438,20.64539909362793,0.5,0.75,1.0
31,24,-22.49251365661621,12.172365188598633,0.4444444477558136,0.7777777910232544,1.0
31,25,-13.412029266357422,817.306884765625,0.0,0.5,0.5
31,26,-11.258212089538574,42.63763427734375,0.3333333432674408,0.3333333432674408,1.0
31,27,-8.728048324584961,78.57269287109375,0.0,0.5,1.0
31,28,-23.247495651245117,2319.634765625,0.0,0.6666666865348816,0.6666666865348816
31,29,-18.162776947021484,7.523913860321045,0.4444444477558136,0.7777777910232544,1.0
31,30,-15.660634994506836,22.922687530517578,0.6000000238418579,0.6000000238418579,0.800000011920929
31,31,-9.423650741577148,23.132001876831055,0.3333333432674408,1.0,1.0
31,32,-17.6368408203125,6757.58203125,0.0,0.0,0.0
31,33,-7.2343645095825195,11.150171279907227,0.3333333432674408,1.0,1.0
31,34,-12.584590911865234,12.390353202819824,0.6000000238418579,0.800000011920929,1.0
31,35,-18.823989868164062,110.60855865478516,0.0,0.5,1.0
31,36,-12.284021377563477,60.01974868774414,0.0,0.3333333432674408,1.0
31,37,-11.784650802612305,19.032779693603516,0.75,0.75,0.75
31,38,-5.16425085067749,3.6366493701934814,0.75,1.0,1.0
31,39,-5.275005340576172,5.802768707275391,0.6666666865348816,1.0,1.0
31,40,-12.995428085327148,76.08183288574219,0.0,0.3333333432674408,1.0
31,41,-21.653987884521484,1363.7535400390625,0.0,0.0,0.6666666865348816
31,42,-17.69709014892578,83.45207977294922,0.25,0.75,0.75
31,43,-24.315349578857422,57.544490814208984,0.3333333432674408,0.6666666865348816,0.8333333730697632
31,44,-9.337109565734863,106.54364776611328,0.0,0.5,1.0
31,45,-12.574586868286133,12.36558723449707,0.4000000059604645,0.800000011920929,1.0
31,46,-18.197429656982422,94.57161712646484,0.25,0.5,0.75
32,0,-8.145097732543945,5.098873138427734,0.6000000238418579,0.800000011920929,1.0
32,1,-3.1070988178253174,4.728222846984863,0.5,1.0,1.0
32,2,-20.67584228515625,62.500125885009766,0.4000000059604645,0.6000000238418579,0.800000011920929
32,3,-10.947822570800781,38.446746826171875,0.0,0.6666666865348816,1.0
32,4,-14.317200660705566,1285.1109619140625,0.5,0.5,0.5
32,5,-8.314478874206543,15.982478141784668,0.3333333432674408,0.6666666865348816,1.0
32,6,-25.76325225830078,172.88909912109375,0.20000000298023224,0.6000000238418579,0.6000000238418579
32,7,-22.79609489440918,298.57574462890625,0.0,0.25,0.75
32,8,-11.27322769165039,42.85158157348633,0.3333333432674408,0.3333333432674408,1.0
32,9,-6.213372707366943,22.34687042236328,0.5,0.5,1.0
32,10,-11.631569862365723,48.288326263427734,0.3333333432674408,0.6666666865348816,1.0
32,11,-13.800676345825195,992.6102905273438,0.0,0.5,0.5
32,12,-11.304360389709473,43.298587799072266,0.3333333432674408,0.6666666865348816,1.0
32,13,-23.46840476989746,2496.890869140625,0.3333333432674408,0.3333333432674408,0.3333333432674408
32,14,-4.87687349319458,11.455120086669922,0.0,1.0,1.0
32,15,-5.442099094390869,15.19626235961914,0.5,0.5,1.0
32,16,-15.635726928710938,49.84567642211914,0.25,0.5,1.0
32,17,-8.011393547058105,14.44667911529541,0.0,0.6666666865348816,1.0
32,18,-5.81378173828125,18.29981231689453,0.0,1.0,1.0
32,19,-12.619733810424805,67.12641906738281,0.0,0.3333333432674408,1.0
32,20,-14.14470100402832,34.33534622192383,0.25,0.75,0.75
32,21,-14.308145523071289,117.84638977050781,0.0,0.6666666865348816,0.6666666865348816
32,22,-6.797208309173584,29.922304153442383,0.5,0.5,1.0
32,23,-12.088071823120117,20.532684326171875,0.5,0.75,1.0
32,24,-22.45976448059082,12.128152847290039,0.4444444477558136,0.7777777910232544,1.0
32,25,-13.466269493103027,839.775634765625,0.0,0.5,0.5
32,26,-11.247217178344727,42.481651306152344,0.3333333432674408,0.3333333432674408,1.0
32,27,-8.72347354888916,78.3931655883789,0.0,0.5,1.0
32,28,-23.303930282592773,2363.68408203125,0.0,0.6666666865348816,0.6666666865348816
32,29,-18.129438400268555,7.496094226837158,0.4444444477558136,0.7777777910232544,1.0
32,30,-15.69888687133789,23.098726272583008,0.6000000238418579,0.6000000238418579,0.800000011920929
32,31,-9.411685943603516,23.039928436279297,0.3333333432674408,1.0,1.0
32,32,-17.558162689208984,6496.90625,0.0,0.0,0.0
32,33,-7.20556640625,11.043648719787598,0.0,1.0,1.0
32,34,-12.511486053466797,12.210511207580566,0.6000000238418579,0.800000011920929,1.0
32,35,-18.73261260986328,108.11042785644531,0.0,0.5,1.0
32,36,-12.30495834350586,60.44009017944336,0.0,0.3333333432674408,1.0
32,37,-11.720561981201172,18.730260848999023,0.75,0.75,0.75
32,38,-5.14190673828125,3.616391658782959,0.75,1.0,1.0
32,39,-5.2599663734436035,5.773752212524414,0.6666666865348816,1.0,1.0
32,40,-12.966591835021973,75.35403442382812,0.0,0.3333333432674408,1.0
32,41,-21.62485122680664,1350.5726318359375,0.0,0.0,0.6666666865348816
32,42,-17.72754669189453,84.08992004394531,0.25,0.75,0.75
32,43,-24.223777770996094,56.672908782958984,0.3333333432674408,0.6666666865348816,0.8333333730697632
32,44,-9.337650299072266,106.57245635986328,0.0,0.5,1.0
32,45,-12.581830978393555,12.383516311645508,0.4000000059604645,0.800000011920929,1.0
32,46,-18.282848358154297,96.61288452148438,0.25,0.5,0.75
33,0,-8.176984786987305,5.131494522094727,0.6000000238418579,0.800000011920929,1.0
33,1,-3.107517957687378,4.729213714599609,0.5,1.0,1.0
33,2,-20.54599380493164,60.897891998291016,0.4000000059604645,0.6000000238418579,0.800000011920929
33,3,-10.956130027770996,38.55336380004883,0.0,0.6666666865348816,1.0
33,4,-14.333259582519531,1295.47119140625,0.5,0.5,0.5
33,5,-8.326189041137695,16.044984817504883,0.3333333432674408,0.6666666865348816,1.0
33,6,-25.875452041625977,176.81259155273438,0.20000000298023224,0.6000000238418579,0.6000000238418579
33,7,-22.953388214111328,310.5506896972656,0.0,0.25,0.75
33,8,-11.2938232421875,43.14677429199219,0.3333333432674408,0.3333333432674408,1.0
33,9,-6.202223300933838,22.222640991210938,0.5,0.5,1.0
33,10,-11.584019660949707,47.528987884521484,0.3333333432674408,0.6666666865348816,1.0
33,11,-13.812812805175781,998.6520385742188,0.0,0.5,0.5
33,12,-11.286871910095215,43.04692077636719,0.3333333432674408,0.6666666865348816,1.0
33,13,-23.4293212890625,2464.5732421875,0.3333333432674408,0.3333333432674408,0.3333333432674408
33,14,-4.82476806640625,11.16053581237793,0.0,1.0,1.0
33,15,-5.439239025115967,15.174548149108887,0.5,0.5,1.0
33,16,-15.544755935668945,48.7248420715332,0.25,0.5,1.0
33,17,-7.989110469818115,14.339770317077637,0.0,0.6666666865348816,1.0
33,18,-5.772894859313965,17.929500579833984,0.0,1.0,1.0
33,19,-12.58890151977539,66.44007873535156,0.0,0.3333333432674408,1.0
33,20,-14.1091947555542,34.03191375732422,0.25,0.75,0.75
33,21,-14.315376281738281,118.13072967529297,0.0,0.6666666865348816,0.6666666865348816
33,22,-6.726157188415527,28.877958297729492,0.5,0.5,1.0
33,23,-12.081971168518066,20.501392364501953,0.5,0.75,1.0
33,24,-22.36618995666504,12.002707481384277,0.4444444477558136,0.7777777910232544,1.0
33,25,-13.525699615478516,865.1040649414062,0.0,0.5,0.5
33,26,-11.21316909790039,42.00224685668945,0.3333333432674408,0.3333333432674408,1.0
33,27,-8.682626724243164,76.808349609375,0.0,0.5,1.0
33,28,-23.370410919189453,2416.648193359375,0.0,0.6666666865348816,0.6666666865348816
33,29,-18.28823471069336,7.629528522491455,0.4444444477558136,0.7777777910232544,1.0
33,30,-15.644340515136719,22.848102569580078,0.6000000238418579,0.6000000238418579,0.800000011920929
33,31,-9.34928035736084,22.565603256225586,0.3333333432674408,1.0,1.0
33,32,-17.64947509765625,6800.40576171875,0.0,0.0,0.0
33,33,-7.181651592254639,10.955964088439941,0.0,1.0,1.0
33,34,-12.45791244506836,12.080376625061035,0.6000000238418579,0.800000011920929,1.0
33,35,-18.7491455078125,108.55819702148438,0.0,0.5,1.0
33,36,-12.312132835388184,60.58482360839844,0.0,0.3333333432674408,1.0
33,37,-11.72221851348877,18.738019943237305,0.75,0.75,0.75
33,38,-5.201797962188721,3.6709461212158203,0.75,1.0,1.0
33,39,-5.260112762451172,5.774034023284912,0.6666666865348816,1.0,1.0
33,40,-13.018857955932617,76.67832946777344,0.0,0.3333333432674408,1.0
33,41,-21.604042053222656,1341.236572265625,0.0,0.0,0.6666666865348816
33,42,-17.814998626708984,85.94862365722656,0.25,0.75,0.75
33,43,-24.12571907043457,55.75422668457031,0.3333333432674408,0.6666666865348816,0.8333333730697632
33,44,-9.414182662963867,110.72962188720703,0.0,0.5,1.0
33,45,-12.581575393676758,12.382881164550781,0.4000000059604645,0.800000011920929,1.0
33,46,-18.297801971435547,96.97473907470703,0.25,0.5,0.75
34,0,-8.163880348205566,5.118062973022461,0.6000000238418579,0.800000011920929,1.0
34,1,-3.145373821258545,4.819580554962158,0.5,1.0,1.0
34,2,-20.467063903808594,59.944122314453125,0.4000000059604645,0.6000000238418579,0.800000011920929
34,3,-10.992681503295898,39.02596664428711,0.0,0.6666666865348816,1.0
34,4,-14.249214172363281,1242.1600341796875,0.5,0.5,0.5
34,5,-8.373528480529785,16.30017852783203,0.3333333432674408,0.6666666865348816,1.0
34,6,-25.790668487548828,173.8396759033203,0.20000000298023224,0.6000000238418579,0.6000000238418579
34,7,-22.90534782409668,306.8432312011719,0.25,0.25,0.75
34,8,-11.314886093139648,43.45077133178711,0.3333333432674408,0.3333333432674408,1.0
34,9,-6.200401782989502,22.202411651611328,0.5,0.5,1.0
34,10,-11.601055145263672,47.799659729003906,0.3333333432674408,0.6666666865348816,1.0
34,11,-13.87869644165039,1032.0972900390625,0.0,0.5,0.5
34,12,-11.320220947265625,43.52811050415039,0.3333333432674408,0.6666666865348816,1.0
34,13,-23.47675323486328,2503.84912109375,0.3333333432674408,0.3333333432674408,0.3333333432674408
34,14,-4.814568519592285,11.103765487670898,0.0,1.0,1.0
34,15,-5.4664177894592285,15.38216781616211,0.5,0.5,1.0
34,16,-15.498907089233398,48.169532775878906,0.25,0.5,1.0
34,17,-8.03964900970459,14.58338737487793,0.0,0.6666666865348816,1.0
34,18,-5.850107192993164,18.635225296020508,0.0,1.0,1.0
34,19,-12.63888931274414,67.5564193725586,0.0,0.3333333432674408,1.0
34,20,-14.161397933959961,34.478965759277344,0.25,0.75,0.75
34,21,-14.253089904785156,115.70339965820312,0.0,0.6666666865348816,0.6666666865348816
34,22,-6.727413177490234,28.896099090576172,0.5,0.5,1.0
34,23,-12.074134826660156,20.461267471313477,0.5,0.75,1.0
34,24,-22.353092193603516,11.985251426696777,0.4444444477558136,0.7777777910232544,1.0
34,25,-13.565053939819336,882.29541015625,0.0,0.5,0.5
34,26,-11.204978942871094,41.88772964477539,0.3333333432674408,0.3333333432674408,1.0
34,27,-8.699920654296875,77.47538757324219,0.0,0.5,1.0
34,28,-23.32855987548828,2383.169189453125,0.0,0.6666666865348816,0.6666666865348816
34,29,-18.271631240844727,7.615466117858887,0.4444444477558136,0.7777777910232544,1.0
34,30,-15.670223236083984,22.966686248779297,0.6000000238418579,0.6000000238418579,0.800000011920929
34,31,-9.229910850524902,21.685352325439453,0.3333333432674408,1.0,1.0
34,32,-17.79474639892578,7312.73974609375,0.0,0.0,0.0
34,33,-7.182353973388672,10.958529472351074,0.0,1.0,1.0
34,34,-12.433348655700684,12.0211763381958,0.6000000238418579,0.800000011920929,1.0
34,35,-18.75904083251953,108.82708740234375,0.0,0.5,1.0
34,36,-12.253762245178223,59.41742706298828,0.0,0.6666666865348816,1.0
34,37,-11.787666320800781,19.04713249206543,0.75,0.75,0.75
34,38,-5.147217750549316,3.6211962699890137,0.75,1.0,1.0
34,39,-5.200769424438477,5.6609392166137695,0.6666666865348816,1.0,1.0
34,40,-13.11859130859375,79.27031707763672,0.0,0.3333333432674408,1.0
34,41,-21.60801887512207,1343.0157470703125,0.0,0.0,0.6666666865348816
34,42,-17.860713958740234,86.9365463256836,0.25,0.75,0.75
34,43,-24.013978958129883,54.725502014160156,0.3333333432674408,0.6666666865348816,0.8333333730697632
34,44,-9.45091438293457,112.78205108642578,0.0,0.5,1.0
34,45,-12.638924598693848,12.525728225708008,0.4000000059604645,0.800000011920929,1.0
34,46,-18.355186462402344,98.37596893310547,0.25,0.5,0.75
35,0,-8.157846450805664,5.1118903160095215,0.6000000238418579,0.800000011920929,1.0
35,1,-3.101839303970337,4.7158050537109375,0.5,1.0,1.0
35,2,-20.315792083740234,58.157711029052734,0.4000000059604645,0.6000000238418579,0.800000011920929
35,3,-10.985604286193848,38.93400573730469,0.0,0.6666666865348816,1.0
35,4,-14.235208511352539,1233.49169921875,0.5,0.5,0.5
35,5,-8.35245418548584,16.18607521057129,0.3333333432674408,0.6666666865348816,1.0
35,6,-25.76911163330078,173.09185791015625,0.20000000298023224,0.6000000238418579,0.6000000238418579
35,7,-22.93590545654297,309.1963195800781,0.25,0.25,0.75
35,8,-11.395198822021484,44.629703521728516,0.3333333432674408,0.3333333432674408,1.0
35,9,-6.17371129989624,21.908082962036133,0.5,0.5,1.0
35,10,-11.646916389465332,48.535980224609375,0.3333333432674408,0.6666666865348816,1.0
35,11,-13.830230712890625,1007.3872680664062,0.0,0.5,0.5
35,12,-11.391313552856445,44.57194137573242,0.3333333432674408,0.6666666865348816,1.0
35,13,-23.508665084838867,2530.625244140625,0.3333333432674408,0.3333333432674408,0.3333333432674408
35,14,-4.7920355796813965,10.97936725616455,0.0,1.0,1.0
35,15,-5.470894813537598,15.416640281677246,0.5,0.5,1.0
35,16,-15.420208930969238,47.231082916259766,0.25,0.5,1.0
35,17,-8.054929733276367,14.657857894897461,0.0,0.6666666865348816,1.0
35,18,-5.823251724243164,18.386669158935547,0.0,1.0,1.0
35,19,-12.53494644165039,65.25584411621094,0.0,0.3333333432674408,1.0
35,20,-14.157697677612305,34.447086334228516,0.25,0.75,0.75
35,21,-14.191035270690918,113.33468627929688,0.0,0.6666666865348816,0.6666666865348816
35,22,-6.729485988616943,28.926061630249023,0.5,0.5,1.0
35,23,-12.064640045166016,20.412755966186523,0.25,0.75,1.0
35,24,-22.306922912597656,11.923927307128906,0.4444444477558136,0.7777777910232544,1.0
35,25,-13.635860443115234,914.091064453125,0.0,0.5,0.5
35,26,-11.166834831237793,41.358516693115234,0.3333333432674408,0.3333333432674408,1.0
35,27,-8.70025634765625,77.48839569091797,0.0,0.5,1.0
35,28,-23.404584884643555,2444.335205078125,0.0,0.6666666865348816,0.6666666865348816
35,29,-18.218551635742188,7.57068395614624,0.4444444477558136,0.7777777910232544,1.0
35,30,-15.61941146850586,22.73447036743164,0.6000000238418579,0.6000000238418579,0.800000011920929
35,31,-9.274930000305176,22.013221740722656,0.3333333432674408,1.0,1.0
35,32,-17.87021255493164,7593.943359375,0.0,0.0,0.0
35,33,-7.180251121520996,10.950850486755371,0.0,1.0,1.0
35,34,-12.425647735595703,12.002676010131836,0.6000000238418579,0.800000011920929,1.0
35,35,-18.72986602783203,108.03621673583984,0.0,0.5,1.0
35,36,-12.26039981842041,59.54903793334961,0.0,0.3333333432674408,1.0
35,37,-11.780496597290039,19.013023376464844,0.75,0.75,0.75
35,38,-5.092543125152588,3.572036027908325,0.75,1.0,1.0
35,39,-5.139275550842285,5.546082496643066,0.6666666865348816,1.0,1.0
35,40,-13.052751541137695,77.54956817626953,0.0,0.3333333432674408,1.0
35,41,-21.628019332885742,1351.9991455078125,0.0,0.0,0.6666666865348816
35,42,-17.88705062866211,87.5108413696289,0.25,0.75,0.75
35,43,-23.952037811279297,54.163448333740234,0.3333333432674408,0.6666666865348816,0.8333333730697632
35,44,-9.488993644714355,114.949951171875,0.0,0.5,1.0
35,45,-12.698319435119629,12.675409317016602,0.4000000059604645,0.800000011920929,1.0
35,46,-18.420146942138672,99.98665618896484,0.25,0.5,0.75
36,0,-8.151046752929688,5.10494327545166,0.6000000238418579,0.800000011920929,1.0
36,1,-3.087394952774048,4.6818695068359375,0.5,1.0,1.0
36,2,-20.335941314697266,58.392547607421875,0.4000000059604645,0.6000000238418579,0.800000011920929
36,3,-11.029219627380371,39.50418472290039,0.0,0.6666666865348816,1.0
36,4,-14.23973274230957,1236.28515625,0.5,0.5,0.5
36,5,-8.317399978637695,15.998047828674316,0.3333333432674408,0.6666666865348816,1.0
36,6,-25.91847801208496,178.3406982421875,0.20000000298023224,0.6000000238418579,0.6000000238418579
36,7,-22.975391387939453,312.2636413574219,0.25,0.25,0.75
36,8,-11.448661804199219,45.43217468261719,0.3333333432674408,0.3333333432674408,1.0
36,9,-6.139954090118408,21.541410446166992,0.5,0.5,1.0
36,10,-11.64850902557373,48.5617561340332,0.3333333432674408,0.6666666865348816,1.0
36,11,-13.842174530029297,1013.4212646484375,0.0,0.5,0.5
36,12,-11.287763595581055,43.05971145629883,0.3333333432674408,0.6666666865348816,1.0
36,13,-23.422382354736328,2458.87890625,0.3333333432674408,0.3333333432674408,0.3333333432674408
36,14,-4.758282661437988,10.795629501342773,0.0,1.0,1.0
36,15,-5.476262092590332,15.458067893981934,0.5,0.5,1.0
36,16,-15.349225997924805,46.400325775146484,0.25,0.5,1.0
36,17,-8.021580696105957,14.495820045471191,0.0,0.6666666865348816,1.0
36,18,-5.799922466278076,18.17344093322754,0.0,1.0,1.0
36,19,-12.54586124420166,65.49369812011719,0.0,0.3333333432674408,1.0
36,20,-14.18852710723877,34.71360778808594,0.25,0.75,0.75
36,21,-14.087749481201172,109.49913024902344,0.0,0.6666666865348816,0.6666666865348816
36,22,-6.745092391967773,29.15266227722168,0.5,0.5,1.0
36,23,-12.109801292419434,20.644529342651367,0.25,0.75,1.0
36,24,-22.33983612060547,11.967611312866211,0.4444444477558136,0.7777777910232544,1.0
36,25,-13.69803237915039,942.9527587890625,0.0,0.5,0.5
36,26,-11.122627258300781,40.7535285949707,0.3333333432674408,0.3333333432674408,1.0
36,27,-8.781978607177734,80.7202377319336,0.0,0.5,1.0
36,28,-23.56658935546875,2579.961669921875,0.0,0.6666666865348816,0.6666666865348816
36,29,-18.13316535949707,7.499199867248535,0.4444444477558136,0.7777777910232544,1.0
36,30,-15.594568252563477,22.621789932250977,0.6000000238418579,0.6000000238418579,0.800000011920929
36,31,-9.220220565795898,21.615421295166016,0.3333333432674408,1.0,1.0
36,32,-18.00286865234375,8114.71484375,0.0,0.0,0.0
36,33,-7.1842756271362305,10.965548515319824,0.0,1.0,1.0
36,34,-12.343055725097656,11.80604076385498,0.6000000238418579,0.800000011920929,1.0
36,35,-18.751066207885742,108.61033630371094,0.0,0.5,1.0
36,36,-12.337833404541016,61.106075286865234,0.0,0.3333333432674408,1.0
36,37,-11.769462585449219,18.960647583007812,0.75,0.75,0.75
36,38,-5.115728855133057,3.592801332473755,0.75,1.0,1.0
36,39,-5.167314052581787,5.5981597900390625,0.6666666865348816,1.0,1.0
36,40,-13.18326473236084,80.99776458740234,0.0,0.3333333432674408,1.0
36,41,-21.634857177734375,1355.084228515625,0.0,0.0,0.6666666865348816
36,42,-17.907379150390625,87.95671081542969,0.25,0.75,0.75
36,43,-23.862590789794922,53.361976623535156,0.3333333432674408,0.6666666865348816,0.8333333730697632
36,44,-9.519386291503906,116.7101058959961,0.0,0.5,1.0
36,45,-12.62678050994873,12.495343208312988,0.4000000059604645,0.800000011920929,1.0
36,46,-18.418437957763672,99.94393920898438,0.25,0.5,0.75
37,0,-8.074633598327637,5.027519702911377,0.6000000238418579,0.800000011920929,1.0
37,1,-3.0762109756469727,4.65576171875,0.5,1.0,1.0
37,2,-20.162864685058594,56.40584182739258,0.4000000059604645,0.6000000238418579,0.800000011920929
37,3,-10.978717803955078,38.8447380065918,0.0,0.6666666865348816,1.0
37,4,-14.275666236877441,1258.697998046875,0.5,0.5,0.5
37,5,-8.26461124420166,15.719003677368164,0.3333333432674408,0.6666666865348816,1.0
37,6,-25.880008697509766,176.97377014160156,0.20000000298023224,0.6000000238418579,0.6000000238418579
37,7,-23.003131866455078,314.4367370605469,0.25,0.25,0.75
37,8,-11.457934379577637,45.57281494140625,0.3333333432674408,0.3333333432674408,1.0
37,9,-6.223734378814697,22.462947845458984,0.5,0.5,1.0
37,10,-11.735418319702148,49.98915481567383,0.3333333432674408,0.6666666865348816,1.0
37,11,-13.841926574707031,1013.2955932617188,0.0,0.5,0.5
37,12,-11.408524513244629,44.8283805847168,0.3333333432674408,0.6666666865348816,1.0
37,13,-23.518918991088867,2539.289794921875,0.3333333432674408,0.3333333432674408,0.3333333432674408
37,14,-4.74083948135376,10.701883316040039,0.0,1.0,1.0
37,15,-5.462679386138916,15.353443145751953,0.5,0.5,1.0
37,16,-15.329303741455078,46.169803619384766,0.25,0.5,1.0
37,17,-8.035867691040039,14.56501579284668,0.0,0.6666666865348816,1.0
37,18,-5.832087993621826,18.468082427978516,0.0,1.0,1.0
37,19,-12.528822898864746,65.12277221679688,0.0,0.3333333432674408,1.0
37,20,-14.195503234863281,34.77420425415039,0.25,0.75,0.75
37,21,-14.074848175048828,109.02923583984375,0.0,0.6666666865348816,0.6666666865348816
37,22,-6.697296142578125,28.46422576904297,0.5,0.5,1.0
37,23,-12.142541885375977,20.81420135498047,0.25,0.75,1.0
37,24,-22.356355667114258,11.989599227905273,0.4444444477558136,0.7777777910232544,1.0
37,25,-13.810855865478516,997.67529296875,0.0,0.5,0.5
37,26,-11.159629821777344,41.259300231933594,0.3333333432674408,0.3333333432674408,1.0
37,27,-8.761554718017578,79.90011596679688,0.0,0.5,1.0
37,28,-23.48250961303711,2508.657958984375,0.0,0.6666666865348816,0.6666666865348816
37,29,-18.087135314941406,7.460942268371582,0.4444444477558136,0.7777777910232544,1.0
37,30,-15.577340126037598,22.54397964477539,0.6000000238418579,0.800000011920929,0.800000011920929
37,31,-9.182355880737305,21.34431266784668,0.3333333432674408,1.0,1.0
37,32,-18.05366325378418,8323.4462890625,0.0,0.0,0.0
37,33,-7.13093376159668,10.772298812866211,0.0,1.0,1.0
37,34,-12.232080459594727,11.546890258789062,0.6000000238418579,0.800000011920929,1.0
37,35,-18.689462661743164,106.9504623413086,0.0,0.5,1.0
37,36,-12.300460815429688,60.34954833984375,0.0,0.3333333432674408,1.0
37,37,-11.777541160583496,18.998981475830078,0.75,0.75,0.75
37,38,-5.106964111328125,3.584937572479248,0.75,1.0,1.0
37,39,-5.140759468078613,5.548826217651367,0.6666666865348816,1.0,1.0
37,40,-13.2313232421875,82.30574798583984,0.0,0.3333333432674408,1.0
37,41,-21.580036163330078,1330.547119140625,0.0,0.0,0.6666666865348816
37,42,-17.84272575378418,86.54647064208984,0.25,0.75,0.75
37,43,-23.819032669067383,52.97599411010742,0.3333333432674408,0.6666666865348816,0.8333333730697632
37,44,-9.508281707763672,116.06388854980469,0.0,0.5,1.0
37,45,-12.696502685546875,12.670804977416992,0.4000000059604645,0.800000011920929,1.0
37,46,-18.38835906982422,99.1952133178711,0.25,0.5,0.75
38,0,-8.029945373535156,4.982785701751709,0.6000000238418579,0.800000011920929,1.0
38,1,-3.0174736976623535,4.5210161209106445,0.5,1.0,1.0
38,2,-20.016796112060547,54.78186798095703,0.4000000059604645,0.6000000238418579,0.800000011920929
38,3,-10.99205207824707,39.01778030395508,0.0,0.6666666865348816,1.0
38,4,-14.309652328491211,1280.2698974609375,0.5,0.5,0.5
38,5,-8.297723770141602,15.893464088439941,0.3333333432674408,0.6666666865348816,1.0
38,6,-25.90241241455078,177.76853942871094,0.20000000298023224,0.6000000238418579,0.6000000238418579
38,7,-22.977432250976562,312.4230041503906,0.25,0.25,0.75
38,8,-11.473287582397461,45.8066520690918,0.3333333432674408,0.3333333432674408,1.0
38,9,-6.184028625488281,22.021390914916992,0.5,0.5,1.0
38,10,-11.684551239013672,49.14870834350586,0.3333333432674408,0.6666666865348816,1.0
38,11,-13.900938987731934,1043.6395263671875,0.0,0.5,0.5
38,12,-11.25734806060791,42.6253547668457,0.3333333432674408,0.6666666865348816,1.0
38,13,-23.46839714050293,2496.885009765625,0.3333333432674408,0.3333333432674408,0.3333333432674408
38,14,-4.7328948974609375,10.659457206726074,0.0,1.0,1.0
38,15,-5.515242576599121,15.762304306030273,0.5,0.5,1.0
38,16,-15.224706649780273,44.978145599365234,0.25,0.5,1.0
38,17,-8.105890274047852,14.908975601196289,0.0,0.6666666865348816,1.0
38,18,-5.848008155822754,18.615676879882812,0.0,1.0,1.0
38,19,-12.521750450134277,64.96942901611328,0.0,0.3333333432674408,1.0
38,20,-14.193777084350586,34.75920104980469,0.25,0.75,0.75
38,21,-14.114768981933594,110.48979949951172,0.0,0.6666666865348816,0.6666666865348816
38,22,-6.7407097816467285,29.088848114013672,0.5,0.5,1.0
38,23,-12.097366333007812,20.5804500579834,0.25,0.75,1.0
38,24,-22.272106170654297,11.877887725830078,0.4444444477558136,0.7777777910232544,1.0
38,25,-13.900720596313477,1043.525634765625,0.0,0.5,0.5
38,26,-11.148984909057617,41.11316680908203,0.3333333432674408,0.3333333432674408,1.0
38,27,-8.77956771850586,80.62299346923828,0.0,0.5,1.0
38,28,-23.54492950439453,2561.40185546875,0.0,0.6666666865348816,0.6666666865348816
38,29,-18.118276596069336,7.48680305480957,0.4444444477558136,0.7777777910232544,1.0
38,30,-15.627462387084961,22.77111053466797,0.6000000238418579,0.6000000238418579,0.800000011920929
38,31,-9.210487365722656,21.5454044342041,0.3333333432674408,1.0,1.0
38,32,-18.03997230529785,8266.662109375,0.0,0.0,0.0
38,33,-7.116367340087891,10.720121383666992,0.0,1.0,1.0
38,34,-12.246757507324219,11.580835342407227,0.6000000238418579,0.800000011920929,1.0
38,35,-18.712324142456055,107.56346130371094,0.0,0.5,1.0
38,36,-12.360191345214844,61.56317138671875,0.0,0.3333333432674408,1.0
38,37,-11.803318977355957,19.12181282043457,0.75,0.75,0.75
38,38,-5.135160446166992,3.610297203063965,0.75,1.0,1.0
38,39,-5.150585651397705,5.567030429840088,0.6666666865348816,1.0,1.0
38,40,-13.162641525268555,80.44285583496094,0.0,0.3333333432674408,1.0
38,41,-21.510801315307617,1300.19189453125,0.0,0.0,0.6666666865348816
38,42,-17.842266082763672,86.5365219116211,0.25,0.75,0.75
38,43,-23.716411590576172,52.077613830566406,0.3333333432674408,0.6666666865348816,0.8333333730697632
38,44,-9.560867309570312,119.15601348876953,0.0,0.5,1.0
38,45,-12.635096549987793,12.516142845153809,0.4000000059604645,0.800000011920929,1.0
38,46,-18.525684356689453,102.65984344482422,0.25,0.5,0.75
39,0,-8.00632095336914,4.959298610687256,0.6000000238418579,0.800000011920929,1.0
39,1,-3.0642874240875244,4.628087520599365,0.5,1.0,1.0
39,2,-19.880666732788086,53.31050109863281,0.4000000059604645,0.6000000238418579,0.800000011920929
39,3,-11.042047500610352,39.673458099365234,0.0,0.6666666865348816,1.0
39,4,-14.284568786621094,1264.313232421875,0.5,0.5,0.5
39,5,-8.282838821411133,15.814802169799805,0.3333333432674408,0.6666666865348816,1.0
39,6,-25.872758865356445,176.71742248535156,0.20000000298023224,0.6000000238418579,0.6000000238418579
39,7,-23.08152198791504,320.65972900390625,0.25,0.25,0.5
39,8,-11.529559135437012,46.67395782470703,0.3333333432674408,0.3333333432674408,1.0
39,9,-6.197089672088623,22.165674209594727,0.5,0.5,1.0
39,10,-11.768381118774414,50.54144287109375,0.3333333432674408,0.6666666865348816,1.0
39,11,-13.9036226272583,1045.0408935546875,0.0,0.5,0.5
39,12,-11.2701416015625,42.80752182006836,0.3333333432674408,0.6666666865348816,1.0
39,13,-23.519195556640625,2539.5234375,0.3333333432674408,0.3333333432674408,0.3333333432674408
39,14,-4.700898170471191,10.490279197692871,0.0,1.0,1.0
39,15,-5.538388729095459,15.945782661437988,0.5,0.5,1.0
39,16,-15.221396446228027,44.94093704223633,0.25,0.5,1.0
39,17,-8.210110664367676,15.436018943786621,0.0,0.6666666865348816,1.0
39,18,-5.843520641326904,18.573955535888672,0.0,1.0,1.0
39,19,-12.52995491027832,65.1473388671875,0.0,0.3333333432674408,1.0
39,20,-14.21889877319336,34.978187561035156,0.25,0.75,0.75
39,21,-14.073179244995117,108.96858215332031,0.0,0.6666666865348816,0.6666666865348816
39,22,-6.741744041442871,29.10389518737793,0.5,0.5,1.0
39,23,-12.130450248718262,20.751375198364258,0.25,0.75,1.0
39,24,-22.239421844482422,11.834831237792969,0.4444444477558136,0.7777777910232544,1.0
39,25,-14.018458366394043,1106.801025390625,0.0,0.5,0.5
39,26,-11.128478050231934,40.83308792114258,0.3333333432674408,0.3333333432674408,1.0
39,27,-8.786100387573242,80.88676452636719,0.0,0.5,1.0
39,28,-23.550521850585938,2566.180908203125,0.0,0.6666666865348816,0.6666666865348816
39,29,-18.188220977783203,7.54521369934082,0.4444444477558136,0.7777777910232544,1.0
39,30,-15.670839309692383,22.96951675415039,0.6000000238418579,0.6000000238418579,0.800000011920929
39,31,-9.210382461547852,21.544649124145508,0.3333333432674408,1.0,1.0
39,32,-18.111831665039062,8569.08203125,0.0,0.0,0.0
39,33,-7.126655578613281,10.756949424743652,0.0,1.0,1.0
39,34,-12.23792839050293,11.560401916503906,0.6000000238418579,0.800000011920929,1.0
39,35,-18.73017120361328,108.0444564819336,0.0,0.5,1.0
39,36,-12.352424621582031,61.40400314331055,0.0,0.3333333432674408,1.0
39,37,-11.791963577270508,19.06760597229004,0.75,0.75,0.75
39,38,-5.083144664764404,3.5636532306671143,0.75,1.0,1.0
39,39,-5.110021591186523,5.4922637939453125,0.6666666865348816,1.0,1.0
39,40,-13.215352058410645,81.86876678466797,0.0,0.3333333432674408,1.0
39,41,-21.553882598876953,1318.9979248046875,0.0,0.0,0.6666666865348816
39,42,-17.9453067779541,88.794677734375,0.25,0.75,0.75
39,43,-23.579858779907227,50.90577697753906,0.3333333432674408,0.6666666865348816,0.8333333730697632
39,44,-9.582290649414062,120.43923950195312,0.0,0.5,1.0
39,45,-12.6356782913208,12.517599105834961,0.4000000059604645,0.800000011920929,1.0
39,46,-18.606204986572266,104.74735260009766,0.25,0.5,0.75
40,0,-7.9635009765625,4.917008399963379,0.6000000238418579,0.800000011920929,1.0
40,1,-3.0409107208251953,4.574307441711426,0.5,1.0,1.0
40,2,-19.753765106201172,51.974491119384766,0.4000000059604645,0.6000000238418579,0.800000011920929
40,3,-11.041356086730957,39.66432571411133,0.0,0.6666666865348816,1.0
40,4,-14.240812301635742,1236.9527587890625,0.5,0.5,0.5
40,5,-8.297623634338379,15.89293384552002,0.3333333432674408,0.6666666865348816,1.0
40,6,-25.858919143676758,176.2289276123047,0.20000000298023224,0.6000000238418579,0.6000000238418579
40,7,-23.105987548828125,322.62701416015625,0.25,0.25,0.5
40,8,-11.585960388183594,47.559749603271484,0.3333333432674408,0.3333333432674408,1.0
40,9,-6.236547470092773,22.607318878173828,0.5,0.5,1.0
40,10,-11.687569618225098,49.19818115234375,0.3333333432674408,0.6666666865348816,1.0
40,11,-13.922103881835938,1054.742431640625,0.0,0.5,0.5
40,12,-11.297154426574707,43.19471740722656,0.3333333432674408,0.6666666865348816,1.0
40,13,-23.605846405029297,2613.944580078125,0.3333333432674408,0.3333333432674408,0.3333333432674408
40,14,-4.649723052978516,10.225264549255371,0.0,1.0,1.0
40,15,-5.565884590148926,16.166519165039062,0.5,0.5,1.0
40,16,-15.166058540344238,44.323482513427734,0.25,0.5,1.0
40,17,-8.151067733764648,15.13519287109375,0.0,0.6666666865348816,1.0
40,18,-5.915558815002441,19.25516700744629,0.0,1.0,1.0
40,19,-12.400142669677734,62.38849639892578,0.0,0.3333333432674408,1.0
40,20,-14.127368927001953,34.1868896484375,0.25,0.75,0.75
40,21,-14.001028060913086,106.3791275024414,0.0,0.6666666865348816,0.6666666865348816
40,22,-6.7270283699035645,28.890541076660156,0.5,0.5,1.0
40,23,-12.193363189697266,21.080339431762695,0.25,0.75,1.0
40,24,-22.266572952270508,11.870587348937988,0.4444444477558136,0.7777777910232544,1.0
40,25,-14.060611724853516,1130.376220703125,0.0,0.5,0.5
40,26,-11.13111400604248,40.86897659301758,0.3333333432674408,0.3333333432674408,1.0
40,27,-8.788143157958984,80.96942901611328,0.0,0.5,1.0
40,28,-23.59832763671875,2607.4013671875,0.0,0.6666666865348816,0.6666666865348816
40,29,-18.217727661132812,7.569991111755371,0.4444444477558136,0.7777777910232544,1.0
40,30,-15.630134582519531,22.783279418945312,0.6000000238418579,0.6000000238418579,0.800000011920929
40,31,-9.205681800842285,21.51091766357422,0.3333333432674408,1.0,1.0
40,32,-18.205699920654297,8980.8505859375,0.0,0.0,0.0
40,33,-7.1435956954956055,10.817862510681152,0.0,1.0,1.0
40,34,-12.117894172668457,11.286177635192871,0.6000000238418579,0.800000011920929,1.0
40,35,-18.66140365600586,106.2028579711914,0.0,0.5,1.0
40,36,-12.413715362548828,62.67139434814453,0.0,0.3333333432674408,1.0
40,37,-11.792723655700684,19.071229934692383,0.75,0.75,0.75
40,38,-5.058933258056641,3.5421478748321533,0.75,1.0,1.0
40,39,-5.094677925109863,5.464244842529297,0.6666666865348816,1.0,1.0
40,40,-13.222612380981445,82.0671157836914,0.0,0.3333333432674408,1.0
40,41,-21.502532958984375,1296.6134033203125,0.0,0.0,0.6666666865348816
40,42,-17.860946655273438,86.94160461425781,0.25,0.75,0.75
40,43,-23.669727325439453,51.67399215698242,0.3333333432674408,0.6666666865348816,0.8333333730697632
40,44,-9.512690544128418,116.32003784179688,0.0,0.5,1.0
40,45,-12.580592155456543,12.380448341369629,0.4000000059604645,0.800000011920929,1.0
40,46,-18.572330474853516,103.86402893066406,0.25,0.5,0.75
41,0,-7.975869655609131,4.9291863441467285,0.6000000238418579,0.800000011920929,1.0
41,1,-3.038419723510742,4.5686140060424805,0.5,1.0,1.0
41,2,-19.710289001464844,51.5245246887207,0.4000000059604645,0.6000000238418579,0.800000011920929
41,3,-11.065470695495605,39.984432220458984,0.0,0.6666666865348816,1.0
41,4,-14.257808685302734,1247.5093994140625,0.5,0.5,0.5
41,5,-8.308829307556152,15.952406883239746,0.3333333432674408,0.6666666865348816,1.0
41,6,-25.86825942993164,176.5583953857422,0.20000000298023224,0.6000000238418579,0.6000000238418579
41,7,-23.090688705444336,321.3954162597656,0.25,0.25,0.5
41,8,-11.555134773254395,47.07356262207031,0.3333333432674408,0.3333333432674408,1.0
41,9,-6.242532253265381,22.675071716308594,0.5,0.5,1.0
41,10,-11.7987699508667,51.05601501464844,0.3333333432674408,0.6666666865348816,1.0
41,11,-13.939533233642578,1063.974365234375,0.0,0.5,0.5
41,12,-11.306804656982422,43.333885192871094,0.3333333432674408,0.6666666865348816,1.0
41,13,-23.599489212036133,2608.4111328125,0.3333333432674408,0.3333333432674408,0.3333333432674408
41,14,-4.664951324462891,10.303418159484863,0.0,1.0,1.0
41,15,-5.643407821655273,16.805461883544922,0.5,0.5,1.0
41,16,-15.133925437927246,43.968849182128906,0.25,0.5,1.0
41,17,-8.243891716003418,15.610814094543457,0.0,0.6666666865348816,1.0
41,18,-5.922469139099121,19.32181167602539,0.0,1.0,1.0
41,19,-12.422286987304688,62.85071563720703,0.0,0.3333333432674408,1.0
41,20,-14.199287414550781,34.8071174621582,0.25,0.75,0.75
41,21,-13.996576309204102,106.22138977050781,0.0,0.6666666865348816,0.6666666865348816
41,22,-6.736752986907959,29.031354904174805,0.5,0.5,1.0
41,23,-12.181625366210938,21.018569946289062,0.25,0.75,1.0
41,24,-22.24994468688965,11.848676681518555,0.4444444477558136,0.7777777910232544,1.0
41,25,-13.970235824584961,1080.433837890625,0.0,0.5,0.5
41,26,-11.105642318725586,40.52344512939453,0.3333333432674408,0.3333333432674408,1.0
41,27,-8.85403823852539,83.68159484863281,0.0,0.5,1.0
41,28,-23.631608963012695,2636.488037109375,0.0,0.6666666865348816,0.6666666865348816
41,29,-18.32514190673828,7.6608805656433105,0.4444444477558136,0.7777777910232544,1.0
41,30,-15.587248802185059,22.588699340820312,0.6000000238418579,0.6000000238418579,0.800000011920929
41,31,-9.237214088439941,21.738204956054688,0.3333333432674408,1.0,1.0
41,32,-18.244197845458984,9155.3974609375,0.0,0.0,0.0
41,33,-7.1292290687561035,10.766180992126465,0.0,1.0,1.0
41,34,-12.128079414367676,11.309191703796387,0.6000000238418579,0.800000011920929,1.0
41,35,-18.620956420898438,105.13435363769531,0.0,0.5,1.0
41,36,-12.421150207519531,62.8268928527832,0.0,0.3333333432674408,1.0
41,37,-11.810098648071289,19.154251098632812,0.75,0.75,0.75
41,38,-5.092502593994141,3.572000026702881,0.75,1.0,1.0
41,39,-5.078835964202881,5.435466289520264,0.6666666865348816,1.0,1.0
41,40,-13.291788101196289,83.9814453125,0.0,0.3333333432674408,1.0
41,41,-21.41347885131836,1258.6895751953125,0.0,0.0,0.6666666865348816
41,42,-17.927915573120117,88.40945434570312,0.25,0.75,0.75
41,43,-23.529224395751953,50.477989196777344,0.3333333432674408,0.6666666865348816,0.8333333730697632
41,44,-9.543179512023926,118.10685729980469,0.0,0.5,1.0
41,45,-12.45704460144043,12.07828140258789,0.4000000059604645,0.800000011920929,1.0
41,46,-18.68634796142578,106.8672103881836,0.25,0.5,0.75
42,0,-8.012754440307617,4.965683460235596,0.6000000238418579,0.800000011920929,1.0
42,1,-3.0301084518432617,4.549667835235596,0.5,1.0,1.0
42,2,-19.69049835205078,51.320980072021484,0.4000000059604645,0.6000000238418579,0.800000011920929
42,3,-11.03171157836914,39.53701400756836,0.0,0.6666666865348816,1.0
42,4,-14.284985542297363,1264.5767822265625,0.5,0.5,0.5
42,5,-8.295967102050781,15.884160995483398,0.3333333432674408,0.6666666865348816,1.0
42,6,-25.936107635498047,178.9705810546875,0.20000000298023224,0.6000000238418579,0.6000000238418579
42,7,-23.144107818603516,325.7163391113281,0.25,0.25,0.5
42,8,-11.517068862915039,46.48003387451172,0.3333333432674408,0.3333333432674408,1.0
42,9,-6.242755889892578,22.6776065826416,0.5,0.5,1.0
42,10,-11.826395034790039,51.52832794189453,0.3333333432674408,0.6666666865348816,1.0
42,11,-13.889212608337402,1037.5384521484375,0.0,0.5,0.5
42,12,-11.235734939575195,42.319374084472656,0.3333333432674408,0.6666666865348816,1.0
42,13,-23.52451515197754,2544.03076171875,0.3333333432674408,0.3333333432674408,0.3333333432674408
42,14,-4.669589996337891,10.327342987060547,0.0,1.0,1.0
42,15,-5.6434326171875,16.8056697845459,0.5,0.5,1.0
42,16,-15.17551040649414,44.428340911865234,0.25,0.5,1.0
42,17,-8.205775260925293,15.413725852966309,0.0,0.6666666865348816,1.0
42,18,-5.868080139160156,18.803443908691406,0.0,1.0,1.0
42,19,-12.390778541564941,62.19405746459961,0.0,0.3333333432674408,1.0
42,20,-14.178074836730957,34.623016357421875,0.25,0.75,0.75
42,21,-13.941347122192383,104.28376770019531,0.0,0.6666666865348816,0.6666666865348816
42,22,-6.76480770111084,29.441457748413086,0.5,0.5,1.0
42,23,-12.258420944213867,21.426002502441406,0.25,0.75,1.0
42,24,-22.220762252807617,11.810318946838379,0.4444444477558136,0.7777777910232544,1.0
42,25,-14.077312469482422,1139.8548583984375,0.0,0.5,0.5
42,26,-11.10066032409668,40.456207275390625,0.3333333432674408,0.3333333432674408,1.0
42,27,-8.87015151977539,84.3585205078125,0.0,0.5,1.0
42,28,-23.475719451904297,2502.986083984375,0.0,0.6666666865348816,0.6666666865348816
42,29,-18.232677459716797,7.582577228546143,0.4444444477558136,0.7777777910232544,1.0
42,30,-15.558511734008789,22.459247589111328,0.6000000238418579,0.6000000238418579,0.800000011920929
42,31,-9.266500473022461,21.951457977294922,0.3333333432674408,1.0,1.0
42,32,-18.32182502746582,9517.73828125,0.0,0.0,0.0
42,33,-7.139651298522949,10.803647994995117,0.0,1.0,1.0
42,34,-12.131839752197266,11.31770133972168,0.6000000238418579,0.800000011920929,1.0
42,35,-18.63321304321289,105.45699310302734,0.0,0.5,1.0
42,36,-12.432994842529297,63.075439453125,0.0,0.3333333432674408,1.0
42,37,-11.7828369140625,19.024150848388672,0.75,0.75,0.75
42,38,-5.064331531524658,3.546931505203247,0.75,1.0,1.0
42,39,-5.076298713684082,5.43087100982666,0.6666666865348816,1.0,1.0
42,40,-13.236618995666504,82.45116424560547,0.0,0.3333333432674408,1.0
42,41,-21.461328506469727,1278.92626953125,0.0,0.0,0.6666666865348816
42,42,-17.922975540161133,88.30033111572266,0.25,0.75,0.75
42,43,-23.485069274902344,50.107872009277344,0.3333333432674408,0.6666666865348816,0.8333333730697632
42,44,-9.479671478271484,114.41541290283203,0.0,0.5,1.0
42,45,-12.552656173706055,12.311468124389648,0.4000000059604645,0.800000011920929,1.0
42,46,-18.62706184387207,105.29496002197266,0.25,0.5,0.75
43,0,-8.005489349365234,4.958473205566406,0.6000000238418579,0.800000011920929,1.0
43,1,-3.012122631072998,4.508936882019043,0.5,1.0,1.0
43,2,-19.636173248291016,50.766395568847656,0.4000000059604645,0.6000000238418579,0.800000011920929
43,3,-11.072691917419434,40.08079528808594,0.0,0.6666666865348816,1.0
43,4,-14.2333984375,1232.3759765625,0.5,0.5,0.5
43,5,-8.303958892822266,15.926529884338379,0.3333333432674408,0.6666666865348816,1.0
43,6,-25.818456649780273,174.80857849121094,0.20000000298023224,0.6000000238418579,0.6000000238418579
43,7,-23.090911865234375,321.413330078125,0.25,0.25,0.5
43,8,-11.524266242980957,46.5916862487793,0.3333333432674408,0.3333333432674408,1.0
43,9,-6.267209053039551,22.956579208374023,0.5,0.5,1.0
43,10,-11.807823181152344,51.2103157043457,0.3333333432674408,0.6666666865348816,1.0
43,11,-13.871883392333984,1028.58740234375,0.0,0.5,0.5
43,12,-11.213882446289062,42.01223373413086,0.3333333432674408,0.6666666865348816,1.0
43,13,-23.537641525268555,2555.1865234375,0.3333333432674408,0.3333333432674408,0.3333333432674408
43,14,-4.6450347900390625,10.201322555541992,0.0,1.0,1.0
43,15,-5.668548107147217,17.018041610717773,0.5,0.5,1.0
43,16,-15.124614715576172,43.86662292480469,0.25,0.5,1.0
43,17,-8.220105171203613,15.487527847290039,0.0,0.6666666865348816,1.0
43,18,-5.907894134521484,19.181514739990234,0.0,1.0,1.0
43,19,-12.433639526367188,63.0890007019043,0.0,0.3333333432674408,1.0
43,20,-14.269171714782715,35.42057418823242,0.25,0.75,0.75
43,21,-13.953472137451172,104.70610809326172,0.0,0.6666666865348816,0.6666666865348816
43,22,-6.679573059082031,28.213104248046875,0.5,0.5,1.0
43,23,-12.222809791564941,21.236095428466797,0.25,0.75,1.0
43,24,-22.194387435913086,11.775757789611816,0.4444444477558136,0.7777777910232544,1.0
43,25,-14.159422874450684,1187.6258544921875,0.0,0.5,0.5
43,26,-11.116991996765137,40.67704391479492,0.3333333432674408,0.3333333432674408,1.0
43,27,-8.825124740600586,82.48053741455078,0.0,0.5,1.0
43,28,-23.557571411132812,2572.218017578125,0.0,0.6666666865348816,0.6666666865348816
43,29,-18.31212615966797,7.649808406829834,0.4444444477558136,0.7777777910232544,1.0
43,30,-15.532312393188477,22.341869354248047,0.6000000238418579,0.6000000238418579,0.800000011920929
43,31,-9.200492858886719,21.47374153137207,0.3333333432674408,1.0,1.0
43,32,-18.323671340942383,9526.5283203125,0.0,0.0,0.0
43,33,-7.121192455291748,10.737378120422363,0.0,1.0,1.0
43,34,-12.14927864074707,11.357245445251465,0.6000000238418579,0.800000011920929,1.0
43,35,-18.572084426879883,103.85765075683594,0.0,0.5,1.0
43,36,-12.413984298706055,62.6770133972168,0.0,0.3333333432674408,1.0
43,37,-11.808374404907227,19.14599609375,0.75,0.75,0.75
43,38,-5.061643123626709,3.544548511505127,0.75,1.0,1.0
43,39,-5.067455768585205,5.414886474609375,0.6666666865348816,1.0,1.0
43,40,-13.292383193969727,83.99810791015625,0.0,0.3333333432674408,1.0
43,41,-21.36847686767578,1239.9490966796875,0.0,0.0,0.6666666865348816
43,42,-18.048805236816406,91.12218475341797,0.25,0.75,0.75
43,43,-23.519304275512695,50.39459991455078,0.3333333432674408,0.6666666865348816,0.8333333730697632
43,44,-9.519806861877441,116.73465728759766,0.0,0.5,1.0
43,45,-12.50063419342041,12.184040069580078,0.4000000059604645,0.800000011920929,1.0
43,46,-18.779281616210938,109.37915802001953,0.25,0.5,0.75
44,0,-7.9569854736328125,4.910604476928711,0.6000000238418579,0.800000011920929,1.0
44,1,-3.0141401290893555,4.513487339019775,0.5,1.0,1.0
44,2,-19.63362693786621,50.74055099487305,0.4000000059604645,0.6000000238418579,0.800000011920929
44,3,-11.055235862731934,39.8482551574707,0.0,0.6666666865348816,1.0
44,4,-14.227665901184082,1228.8486328125,0.5,0.5,0.5
44,5,-8.30694580078125,15.94239616394043,0.3333333432674408,0.6666666865348816,1.0
44,6,-25.955341339111328,179.6603546142578,0.20000000298023224,0.6000000238418579,0.6000000238418579
44,7,-23.11768341064453,323.5717468261719,0.25,0.25,0.5
44,8,-11.545251846313477,46.91874313354492,0.3333333432674408,0.3333333432674408,1.0
44,9,-6.243099212646484,22.681499481201172,0.5,0.5,1.0
44,10,-11.877117156982422,52.40694046020508,0.3333333432674408,0.6666666865348816,1.0
44,11,-13.87210750579834,1028.70263671875,0.0,0.5,0.5
44,12,-11.312378883361816,43.41447448730469,0.3333333432674408,0.6666666865348816,1.0
44,13,-23.525068283081055,2544.500244140625,0.3333333432674408,0.3333333432674408,0.3333333432674408
44,14,-4.68710994720459,10.418207168579102,0.0,1.0,1.0
44,15,-5.705787181854248,17.33787727355957,0.5,0.5,1.0
44,16,-15.043434143066406,42.98531723022461,0.25,0.5,1.0
44,17,-8.252241134643555,15.654319763183594,0.0,0.6666666865348816,1.0
44,18,-5.914739608764648,19.247282028198242,0.0,1.0,1.0
44,19,-12.406652450561523,62.52403259277344,0.0,0.3333333432674408,1.0
44,20,-14.245095252990723,35.20801544189453,0.25,0.75,0.75
44,21,-13.963297843933105,105.04962158203125,0.0,0.6666666865348816,0.6666666865348816
44,22,-6.681662559509277,28.242595672607422,0.5,0.5,1.0
44,23,-12.227608680725098,21.2615909576416,0.25,0.75,1.0
44,24,-22.146320343017578,11.713033676147461,0.4444444477558136,0.7777777910232544,1.0
44,25,-14.175468444824219,1197.192138671875,0.0,0.5,0.5
44,26,-11.089627265930176,40.307701110839844,0.3333333432674408,0.3333333432674408,1.0
44,27,-8.911874771118164,86.13685607910156,0.0,0.5,1.0
44,28,-23.52951431274414,2548.274169921875,0.0,0.6666666865348816,0.6666666865348816
44,29,-18.336143493652344,7.670250415802002,0.4444444477558136,0.7777777910232544,1.0
44,30,-15.517532348632812,22.27592658996582,0.6000000238418579,0.6000000238418579,0.800000011920929
44,31,-9.228751182556152,21.67696762084961,0.3333333432674408,1.0,1.0
44,32,-18.27318000793457,9289.03515625,0.0,0.0,0.0
44,33,-7.143516540527344,10.817575454711914,0.0,1.0,1.0
44,34,-12.058603286743164,11.153136253356934,0.6000000238418579,0.800000011920929,1.0
44,35,-18.68838882446289,106.9217529296875,0.0,0.5,1.0
44,36,-12.467659950256348,63.80851364135742,0.0,0.3333333432674408,1.0
44,37,-11.775699615478516,18.990236282348633,0.75,0.75,0.75
44,38,-5.098869323730469,3.5776901245117188,0.75,1.0,1.0
44,39,-5.01559591293335,5.322086334228516,0.6666666865348816,1.0,1.0
44,40,-13.259260177612305,83.0758056640625,0.0,0.3333333432674408,1.0
44,41,-21.214588165283203,1177.9482421875,0.0,0.0,0.6666666865348816
44,42,-18.076547622680664,91.7563705444336,0.25,0.75,0.75
44,43,-23.452896118164062,49.83991241455078,0.3333333432674408,0.6666666865348816,0.8333333730697632
44,44,-9.482669830322266,114.58706665039062,0.0,0.5,1.0
44,45,-12.485373497009277,12.146907806396484,0.4000000059604645,0.800000011920929,1.0
44,46,-18.698617935180664,107.19552612304688,0.25,0.5,0.75
45,0,-7.925030708312988,4.879321575164795,0.6000000238418579,0.800000011920929,1.0
45,1,-2.984428644180298,4.4469313621521,0.5,1.0,1.0
45,2,-19.647502899169922,50.881561279296875,0.4000000059604645,0.6000000238418579,0.800000011920929
45,3,-11.099922180175781,40.44625473022461,0.0,0.6666666865348816,1.0
45,4,-14.188385009765625,1204.9490966796875,0.5,0.5,0.5
45,5,-8.27369499206543,15.766672134399414,0.3333333432674408,0.6666666865348816,1.0
45,6,-25.822690963745117,174.95668029785156,0.20000000298023224,0.6000000238418579,0.6000000238418579
45,7,-23.141332626342773,325.4904479980469,0.25,0.25,0.5
45,8,-11.525278091430664,46.60740661621094,0.3333333432674408,0.3333333432674408,1.0
45,9,-6.245522499084473,22.708999633789062,0.5,0.5,1.0
45,10,-11.921765327453613,53.19272994995117,0.3333333432674408,0.6666666865348816,1.0
45,11,-13.893254280090332,1039.63720703125,0.0,0.5,0.5
45,12,-11.259676933288574,42.6584587097168,0.3333333432674408,0.6666666865348816,1.0
45,13,-23.54953384399414,2565.335205078125,0.3333333432674408,0.3333333432674408,0.3333333432674408
45,14,-4.619935035705566,10.074097633361816,0.0,1.0,1.0
45,15,-5.760865211486816,17.82198143005371,0.5,0.5,1.0
45,16,-15.018200874328613,42.715003967285156,0.25,0.5,1.0
45,17,-8.271275520324707,15.753959655761719,0.0,0.6666666865348816,1.0
45,18,-5.976320266723633,19.849130630493164,0.0,1.0,1.0
45,19,-12.402589797973633,62.43941879272461,0.0,0.3333333432674408,1.0
45,20,-14.31950569152832,35.86910629272461,0.25,0.5,0.75
45,21,-13.943090438842773,104.34439849853516,0.0,0.6666666865348816,0.6666666865348816
45,22,-6.647275447845459,27.76115608215332,0.5,0.5,1.0
45,23,-12.244352340698242,21.35077667236328,0.25,0.75,1.0
45,24,-22.083402633666992,11.631437301635742,0.4444444477558136,0.7777777910232544,1.0
45,25,-14.31207275390625,1281.8201904296875,0.0,0.5,0.5
45,26,-11.06598949432373,39.99135208129883,0.3333333432674408,0.3333333432674408,1.0
45,27,-8.924470901489258,86.68106842041016,0.0,0.5,1.0
45,28,-23.440414428710938,2473.70263671875,0.0,0.6666666865348816,0.6666666865348816
45,29,-18.327301025390625,7.662717342376709,0.4444444477558136,0.7777777910232544,1.0
45,30,-15.487123489379883,22.140859603881836,0.6000000238418579,0.800000011920929,0.800000011920929
45,31,-9.277767181396484,22.034053802490234,0.3333333432674408,1.0,1.0
45,32,-18.403209686279297,9913.025390625,0.0,0.0,0.0
45,33,-7.101768493652344,10.668081283569336,0.0,1.0,1.0
45,34,-12.078045845031738,11.196588516235352,0.6000000238418579,0.800000011920929,1.0
45,35,-18.715288162231445,107.64320373535156,0.0,0.5,1.0
45,36,-12.510815620422363,64.73304748535156,0.0,0.3333333432674408,1.0
45,37,-11.760453224182129,18.91798973083496,0.75,0.75,0.75
45,38,-5.076700687408447,3.5579166412353516,0.75,1.0,1.0
45,39,-5.0135393142700195,5.318438529968262,0.6666666865348816,1.0,1.0
45,40,-13.368722915649414,86.16302490234375,0.0,0.3333333432674408,1.0
45,41,-21.294498443603516,1209.746337890625,0.0,0.0,0.6666666865348816
45,42,-18.159048080444336,93.66851043701172,0.25,0.75,0.75
45,43,-23.451568603515625,49.828887939453125,0.3333333432674408,0.6666666865348816,0.8333333730697632
45,44,-9.464218139648438,113.53475952148438,0.0,0.5,1.0
45,45,-12.519937515258789,12.231169700622559,0.4000000059604645,0.800000011920929,1.0
45,46,-18.81503677368164,110.36125946044922,0.25,0.5,0.75
46,0,-7.928153991699219,4.8823699951171875,0.6000000238418579,0.800000011920929,1.0
46,1,-2.9865612983703613,4.451675891876221,0.5,1.0,1.0
46,2,-19.646438598632812,50.8707275390625,0.4000000059604645,0.6000000238418579,0.800000011920929
46,3,-11.106520652770996,40.53531265258789,0.0,0.6666666865348816,1.0
46,4,-14.13249683380127,1171.743896484375,0.5,0.5,0.5
46,5,-8.26030158996582,15.696440696716309,0.3333333432674408,0.6666666865348816,1.0
46,6,-26.069625854492188,183.81419372558594,0.20000000298023224,0.6000000238418579,0.6000000238418579
46,7,-23.21368980407715,331.43194580078125,0.25,0.25,0.5
46,8,-11.577857971191406,47.43147659301758,0.3333333432674408,0.3333333432674408,1.0
46,9,-6.274380683898926,23.039045333862305,0.5,0.5,1.0
46,10,-11.892337799072266,52.67350387573242,0.3333333432674408,0.6666666865348816,1.0
46,11,-13.87795352935791,1031.7139892578125,0.0,0.5,0.5
46,12,-11.246803283691406,42.475799560546875,0.3333333432674408,0.6666666865348816,1.0
46,13,-23.550024032592773,2565.7548828125,0.3333333432674408,0.3333333432674408,0.3333333432674408
46,14,-4.656959533691406,10.2623291015625,0.0,1.0,1.0
46,15,-5.805485725402832,18.224061965942383,0.5,0.5,1.0
46,16,-15.011539459228516,42.64392852783203,0.25,0.5,1.0
46,17,-8.298901557922363,15.899703025817871,0.0,0.6666666865348816,1.0
46,18,-6.013537406921387,20.22195053100586,0.0,1.0,1.0
46,19,-12.402444839477539,62.436378479003906,0.0,0.3333333432674408,1.0
46,20,-14.265478134155273,35.38788604736328,0.25,0.75,0.75
46,21,-13.966906547546387,105.176025390625,0.0,0.6666666865348816,0.6666666865348816
46,22,-6.720004558563232,28.789257049560547,0.5,0.5,1.0
46,23,-12.224539756774902,21.245285034179688,0.25,0.75,1.0
46,24,-22.085817337036133,11.634557723999023,0.4444444477558136,0.7777777910232544,1.0
46,25,-14.4139986038208,1348.8387451171875,0.0,0.5,0.5
46,26,-11.060354232788086,39.91630172729492,0.3333333432674408,0.3333333432674408,1.0
46,27,-8.96756649017334,88.5691146850586,0.0,0.5,1.0
46,28,-23.493825912475586,2518.13916015625,0.0,0.6666666865348816,0.6666666865348816
46,29,-18.446975708007812,7.765291690826416,0.4444444477558136,0.7777777910232544,1.0
46,30,-15.498573303222656,22.191619873046875,0.6000000238418579,0.6000000238418579,0.800000011920929
46,31,-9.2455415725708,21.798629760742188,0.3333333432674408,1.0,1.0
46,32,-18.436050415039062,10077.1435546875,0.0,0.0,0.0
46,33,-7.087203025817871,10.616411209106445,0.0,1.0,1.0
46,34,-12.102286338806152,11.25100326538086,0.6000000238418579,0.800000011920929,1.0
46,35,-18.591476440429688,104.36236572265625,0.0,0.5,1.0
46,36,-12.47844123840332,64.03824615478516,0.0,0.3333333432674408,1.0
46,37,-11.743001937866211,18.835634231567383,0.75,0.75,0.75
46,38,-5.112479209899902,3.58988356590271,0.75,1.0,1.0
46,39,-5.0159196853637695,5.322659969329834,0.6666666865348816,1.0,1.0
46,40,-13.290943145751953,83.95781707763672,0.0,0.3333333432674408,1.0
46,41,-21.260639190673828,1196.1695556640625,0.0,0.0,0.6666666865348816
46,42,-18.317705154418945,97.45846557617188,0.25,0.75,0.75
46,43,-23.5125789642334,50.33815002441406,0.3333333432674408,0.6666666865348816,0.8333333730697632
46,44,-9.48686408996582,114.82762145996094,0.0,0.5,1.0
46,45,-12.412345886230469,11.970785140991211,0.4000000059604645,0.800000011920929,1.0
46,46,-18.895984649658203,112.61739349365234,0.25,0.5,0.75
47,0,-7.853844165802002,4.81034517288208,0.6000000238418579,0.800000011920929,1.0
47,1,-2.978618860244751,4.434032440185547,0.5,1.0,1.0
47,2,-19.54132080078125,49.812408447265625,0.4000000059604645,0.6000000238418579,0.800000011920929
47,3,-11.152192115783691,41.157142639160156,0.0,0.6666666865348816,1.0
47,4,-14.141697883605957,1177.14697265625,0.5,0.5,0.5
47,5,-8.339303970336914,16.11528205871582,0.3333333432674408,0.6666666865348816,1.0
47,6,-25.86561393737793,176.46505737304688,0.20000000298023224,0.6000000238418579,0.6000000238418579
47,7,-23.205245971679688,330.7330322265625,0.25,0.25,0.5
47,8,-11.587871551513672,47.59006118774414,0.3333333432674408,0.3333333432674408,1.0
47,9,-6.306591033935547,23.413097381591797,0.5,0.5,1.0
47,10,-11.995111465454102,54.50925064086914,0.3333333432674408,0.6666666865348816,1.0
47,11,-13.896096229553223,1041.1156005859375,0.0,0.5,0.5
47,12,-11.259655952453613,42.65816116333008,0.3333333432674408,0.6666666865348816,1.0
47,13,-23.620027542114258,2626.329345703125,0.3333333432674408,0.3333333432674408,0.3333333432674408
47,14,-4.657617568969727,10.265706062316895,0.0,1.0,1.0
47,15,-5.804102420806885,18.211462020874023,0.5,0.5,1.0
47,16,-14.889998435974121,41.36766815185547,0.25,0.5,1.0
47,17,-8.242335319519043,15.602718353271484,0.0,0.6666666865348816,1.0
47,18,-5.99069881439209,19.99234390258789,0.0,1.0,1.0
47,19,-12.302091598510742,60.382362365722656,0.0,0.3333333432674408,1.0
47,20,-14.30183219909668,35.71097183227539,0.25,0.5,0.75
47,21,-13.97297477722168,105.38898468017578,0.0,0.6666666865348816,0.6666666865348816
47,22,-6.690252304077148,28.364152908325195,0.5,0.5,1.0
47,23,-12.289482116699219,21.593029022216797,0.25,0.75,1.0
47,24,-22.047344207763672,11.584927558898926,0.4444444477558136,0.7777777910232544,1.0
47,25,-14.397326469421387,1337.6414794921875,0.0,0.5,0.5
47,26,-11.062570571899414,39.94580078125,0.3333333432674408,0.3333333432674408,1.0
47,27,-8.995049476623535,89.79459381103516,0.0,0.5,1.0
47,28,-23.476911544799805,2503.981689453125,0.0,0.6666666865348816,0.6666666865348816
47,29,-18.511655807495117,7.8212995529174805,0.4444444477558136,0.7777777910232544,1.0
47,30,-15.494773864746094,22.174758911132812,0.6000000238418579,0.6000000238418579,0.800000011920929
47,31,-9.258618354797363,21.89385986328125,0.3333333432674408,1.0,1.0
47,32,-18.40304183959961,9912.193359375,0.0,0.0,0.0
47,33,-7.0618696212768555,10.527137756347656,0.0,1.0,1.0
47,34,-12.085171699523926,11.212557792663574,0.6000000238418579,0.800000011920929,1.0
47,35,-18.698076248168945,107.1810073852539,0.0,0.5,1.0
47,36,-12.490663528442383,64.2996826171875,0.0,0.3333333432674408,1.0
47,37,-11.747270584106445,18.855745315551758,0.75,0.75,0.75
47,38,-5.106070041656494,3.5841362476348877,0.75,1.0,1.0
47,39,-5.001097202301025,5.296426773071289,0.6666666865348816,1.0,1.0
47,40,-13.288187026977539,83.88070678710938,0.0,0.3333333432674408,1.0
47,41,-21.150049209594727,1152.877685546875,0.0,0.0,0.6666666865348816
47,42,-18.261268615722656,96.09306335449219,0.25,0.75,0.75
47,43,-23.42786407470703,49.632408142089844,0.3333333432674408,0.6666666865348816,0.8333333730697632
47,44,-9.473041534423828,114.03675842285156,0.0,0.5,1.0
47,45,-12.481976509094238,12.138659477233887,0.4000000059604645,0.800000011920929,1.0
47,46,-18.888565063476562,112.40869903564453,0.25,0.5,0.75
48,0,-7.881852149963379,4.837366580963135,0.6000000238418579,0.800000011920929,1.0
48,1,-2.9824540615081787,4.4425435066223145,0.5,1.0,1.0
48,2,-19.513050079345703,49.531558990478516,0.4000000059604645,0.6000000238418579,0.800000011920929
48,3,-11.17791748046875,41.51158142089844,0.0,0.3333333432674408,1.0
48,4,-14.207413673400879,1216.468017578125,0.5,0.5,0.5
48,5,-8.327895164489746,16.05411148071289,0.3333333432674408,0.6666666865348816,1.0
48,6,-25.77078628540039,173.14981079101562,0.20000000298023224,0.6000000238418579,0.6000000238418579
48,7,-23.171539306640625,327.957763671875,0.25,0.25,0.5
48,8,-11.572505950927734,47.346927642822266,0.3333333432674408,0.3333333432674408,1.0
48,9,-6.337492942810059,23.777658462524414,0.5,0.5,1.0
48,10,-11.915655136108398,53.08449935913086,0.3333333432674408,0.6666666865348816,1.0
48,11,-13.905756950378418,1046.15673828125,0.0,0.5,0.5
48,12,-11.209798812866211,41.95508575439453,0.3333333432674408,0.6666666865348816,1.0
48,13,-23.657466888427734,2659.310791015625,0.3333333432674408,0.3333333432674408,0.3333333432674408
48,14,-4.6544880867004395,10.249655723571777,0.0,1.0,1.0
48,15,-5.84233283996582,18.56292724609375,0.5,0.5,1.0
48,16,-14.95301628112793,42.02455520629883,0.25,0.5,1.0
48,17,-8.272597312927246,15.760903358459473,0.0,0.6666666865348816,1.0
48,18,-5.942556381225586,19.516849517822266,0.0,1.0,1.0
48,19,-12.35562515258789,61.46953582763672,0.0,0.3333333432674408,1.0
48,20,-14.285473823547363,35.56522750854492,0.25,0.5,0.75
48,21,-13.975869178771973,105.49075317382812,0.0,0.6666666865348816,0.6666666865348816
48,22,-6.692661285400391,28.398338317871094,0.5,0.5,1.0
48,23,-12.292074203491211,21.607027053833008,0.25,0.75,1.0
48,24,-22.10417938232422,11.658317565917969,0.4444444477558136,0.7777777910232544,1.0
48,25,-14.375123023986816,1322.8734130859375,0.0,0.5,0.5
48,26,-10.97021198272705,38.73476028442383,0.3333333432674408,0.3333333432674408,1.0
48,27,-8.916182518005371,86.32258605957031,0.0,0.5,1.0
48,28,-23.398164749145508,2439.10986328125,0.0,0.6666666865348816,0.6666666865348816
48,29,-18.500890731811523,7.811949729919434,0.4444444477558136,0.7777777910232544,1.0
48,30,-15.471031188964844,22.06971549987793,0.4000000059604645,0.6000000238418579,0.800000011920929
48,31,-9.261394500732422,21.914125442504883,0.3333333432674408,1.0,1.0
48,32,-18.420711517333984,10000.1533203125,0.0,0.0,0.0
48,33,-7.095494270324707,10.645792961120605,0.0,1.0,1.0
48,34,-12.11417293548584,11.277783393859863,0.6000000238418579,0.800000011920929,1.0
48,35,-18.568397521972656,103.76195526123047,0.0,0.5,1.0
48,36,-12.470562934875488,63.87028121948242,0.0,0.3333333432674408,1.0
48,37,-11.752945899963379,18.882516860961914,0.75,0.75,0.75
48,38,-5.094669342041016,3.5739352703094482,0.75,1.0,1.0
48,39,-4.981815338134766,5.262494087219238,0.6666666865348816,1.0,1.0
48,40,-13.282882690429688,83.73252868652344,0.0,0.3333333432674408,1.0
48,41,-21.160886764526367,1157.0499267578125,0.0,0.0,0.6666666865348816
48,42,-18.282224655151367,96.59782409667969,0.25,0.75,0.75
48,43,-23.380970001220703,49.24601364135742,0.3333333432674408,0.6666666865348816,0.8333333730697632
48,44,-9.482402801513672,114.57177734375,0.0,0.5,1.0
48,45,-12.440814971923828,12.039139747619629,0.4000000059604645,0.800000011920929,1.0
48,46,-18.899147033691406,112.70645904541016,0.25,0.5,0.75
49,0,-7.895069122314453,4.850170612335205,0.6000000238418579,0.800000011920929,1.0
49,1,-2.973471164703369,4.422634601593018,0.5,1.0,1.0
49,2,-19.50990867614746,49.500450134277344,0.4000000059604645,0.6000000238418579,0.800000011920929
49,3,-11.13170051574707,40.87696838378906,0.0,0.3333333432674408,1.0
49,4,-14.121174812316895,1165.12939453125,0.5,0.5,0.5
49,5,-8.383527755737305,16.354598999023438,0.3333333432674408,0.6666666865348816,1.0
49,6,-25.908191680908203,177.97412109375,0.20000000298023224,0.6000000238418579,0.6000000238418579
49,7,-23.218780517578125,331.85400390625,0.25,0.25,0.5
49,8,-11.65178394317627,48.614803314208984,0.3333333432674408,0.3333333432674408,1.0
49,9,-6.362679481506348,24.07899284362793,0.5,0.5,1.0
49,10,-11.937796592712402,53.47773742675781,0.3333333432674408,0.6666666865348816,1.0
49,11,-13.892111778259277,1039.04345703125,0.0,0.5,0.5
49,12,-11.199438095092773,41.81043243408203,0.3333333432674408,0.6666666865348816,1.0
49,13,-23.574344635009766,2586.63916015625,0.3333333432674408,0.3333333432674408,0.3333333432674408
49,14,-4.622079849243164,10.084906578063965,0.0,1.0,1.0
49,15,-5.8285441398620605,18.435388565063477,0.5,0.5,1.0
49,16,-14.85472297668457,41.00445556640625,0.25,0.5,1.0
49,17,-8.261954307556152,15.705086708068848,0.0,0.6666666865348816,1.0
49,18,-6.002608299255371,20.11174774169922,0.0,1.0,1.0
49,19,-12.330068588256836,60.9481201171875,0.0,0.3333333432674408,1.0
49,20,-14.330842018127441,35.970909118652344,0.25,0.5,0.75
49,21,-13.99515438079834,106.17105865478516,0.0,0.6666666865348816,0.6666666865348816
49,22,-6.775222301483154,29.595169067382812,0.5,0.5,1.0
49,23,-12.358161926269531,21.96697998046875,0.25,0.75,1.0
49,24,-22.01371192932129,11.541715621948242,0.4444444477558136,0.7777777910232544,1.0
49,25,-14.518146514892578,1420.9390869140625,0.0,0.5,0.5
49,26,-10.973078727722168,38.77178955078125,0.3333333432674408,0.3333333432674408,1.0
49,27,-8.955007553100586,88.01469421386719,0.0,0.5,1.0
49,28,-23.338512420654297,2391.089111328125,0.0,0.6666666865348816,0.6666666865348816
49,29,-18.510019302368164,7.819876670837402,0.4444444477558136,0.7777777910232544,1.0
49,30,-15.541308403015137,22.38210105895996,0.4000000059604645,0.6000000238418579,0.800000011920929
49,31,-9.220803260803223,21.61961555480957,0.3333333432674408,1.0,1.0
49,32,-18.552391052246094,10680.7197265625,0.0,0.0,0.0
49,33,-7.074352264404297,10.57103157043457,0.0,1.0,1.0
49,34,-12.123190879821777,11.298142433166504,0.6000000238418579,0.800000011920929,1.0
49,35,-18.649303436279297,105.88206481933594,0.0,0.5,1.0
49,36,-12.47947883605957,64.06039428710938,0.0,0.3333333432674408,1.0
49,37,-11.761144638061523,18.921260833740234,0.75,0.75,0.75
49,38,-5.108250617980957,3.586090564727783,0.75,1.0,1.0
49,39,-5.007241725921631,5.307285785675049,0.6666666865348816,1.0,1.0
49,40,-13.312931060791016,84.57540893554688,0.0,0.3333333432674408,1.0
49,41,-21.095993041992188,1132.290283203125,0.0,0.0,0.6666666865348816
49,42,-18.288480758666992,96.74901580810547,0.25,0.75,0.75
49,43,-23.391357421875,49.33134078979492,0.3333333432674408,0.6666666865348816,0.8333333730697632
49,44,-9.468632698059082,113.78564453125,0.0,0.5,1.0
49,45,-12.41731071472168,11.982678413391113,0.4000000059604645,0.800000011920929,1.0
49,46,-18.991729736328125,115.3455581665039,0.25,0.5,0.75
50,0,-7.857192039489746,4.813567161560059,0.6000000238418579,0.800000011920929,1.0
50,1,-2.972844123840332,4.421247959136963,0.5,1.0,1.0
50,2,-19.49169158935547,49.32042694091797,0.4000000059604645,0.6000000238418579,0.800000011920929
50,3,-11.208442687988281,41.93612289428711,0.0,0.3333333432674408,1.0
50,4,-14.097864151000977,1151.6282958984375,0.0,0.5,0.5
50,5,-8.407790184020996,16.48740577697754,0.3333333432674408,0.6666666865348816,1.0
50,6,-25.873672485351562,176.74969482421875,0.20000000298023224,0.6000000238418579,0.6000000238418579
50,7,-23.226472854614258,332.4927978515625,0.25,0.25,0.5
50,8,-11.616902351379395,48.052818298339844,0.3333333432674408,0.3333333432674408,1.0
50,9,-6.4149699211120605,24.716842651367188,0.5,0.5,1.0
50,10,-11.9620361328125,53.91158676147461,0.3333333432674408,0.6666666865348816,1.0
50,11,-13.862850189208984,1023.9521484375,0.0,0.5,0.5
50,12,-11.180124282836914,41.54213333129883,0.3333333432674408,0.6666666865348816,1.0
50,13,-23.709562301635742,2705.89306640625,0.3333333432674408,0.3333333432674408,0.3333333432674408
50,14,-4.647256851196289,10.212663650512695,0.0,1.0,1.0
50,15,-5.883426189422607,18.948278427124023,0.5,0.5,1.0
50,16,-14.93536376953125,41.83950424194336,0.25,0.5,1.0
50,17,-8.299388885498047,15.902289390563965,0.0,0.6666666865348816,1.0
50,18,-6.0327959060668945,20.417613983154297,0.0,1.0,1.0
50,19,-12.394742965698242,62.27629089355469,0.0,0.3333333432674408,1.0
50,20,-14.308388710021973,35.769554138183594,0.25,0.5,0.75
50,21,-13.973273277282715,105.39949035644531,0.0,0.6666666865348816,0.6666666865348816
50,22,-6.6540446281433105,27.855274200439453,0.5,0.5,1.0
50,23,-12.315991401672363,21.736608505249023,0.25,0.75,1.0
50,24,-21.978546142578125,11.496708869934082,0.4444444477558136,0.7777777910232544,1.0
50,25,-14.374133110046387,1322.2188720703125,0.0,0.5,0.5
50,26,-11.03742790222168,39.61241912841797,0.3333333432674408,0.3333333432674408,1.0
50,27,-8.992610931396484,89.68517303466797,0.0,0.5,1.0
50,28,-23.276782989501953,2342.391845703125,0.0,0.6666666865348816,0.6666666865348816
50,29,-18.540809631347656,7.846676349639893,0.4444444477558136,0.7777777910232544,1.0
50,30,-15.525262832641602,22.310388565063477,0.6000000238418579,0.6000000238418579,0.800000011920929
50,31,-9.221086502075195,21.62165641784668,0.3333333432674408,1.0,1.0
50,32,-18.523488998413086,10527.482421875,0.0,0.0,0.0
50,33,-7.086074352264404,10.612418174743652,0.0,1.0,1.0
50,34,-12.044198036193848,11.121049880981445,0.6000000238418579,0.800000011920929,1.0
50,35,-18.630229949951172,105.37837982177734,0.0,0.5,1.0
50,36,-12.476425170898438,63.99521255493164,0.0,0.3333333432674408,1.0
50,37,-11.732574462890625,18.786596298217773,0.75,0.75,0.75
50,38,-5.127077579498291,3.6030092239379883,0.75,1.0,1.0
50,39,-4.945643901824951,5.199424743652344,0.6666666865348816,1.0,1.0
50,40,-13.307647705078125,84.42660522460938,0.0,0.3333333432674408,1.0
50,41,-21.16353988647461,1158.0738525390625,0.0,0.0,0.6666666865348816
50,42,-18.32868194580078,97.72628021240234,0.25,0.75,0.75
50,43,-23.358827590942383,49.06460952758789,0.3333333432674408,0.6666666865348816,0.8333333730697632
50,44,-9.483104705810547,114.61198425292969,0.0,0.5,1.0
50,45,-12.426563262939453,12.004873275756836,0.4000000059604645,0.800000011920929,1.0
50,46,-18.93500518798828,113.72137451171875,0.25,0.5,0.75
51,0,-7.855730056762695,4.812160015106201,0.6000000238418579,0.800000011920929,1.0
51,1,-2.9941651821136475,4.46863317489624,0.5,1.0,1.0
51,2,-19.46817398071289,49.088993072509766,0.4000000059604645,0.6000000238418579,0.800000011920929
51,3,-11.174762725830078,41.46795654296875,0.0,0.3333333432674408,1.0
51,4,-14.079126358032227,1140.88916015625,0.5,0.5,0.5
51,5,-8.408023834228516,16.48868751525879,0.3333333432674408,0.6666666865348816,1.0
51,6,-25.966514587402344,180.06234741210938,0.20000000298023224,0.6000000238418579,0.6000000238418579
51,7,-23.198820114135742,330.2021484375,0.25,0.25,0.5
51,8,-11.653753280639648,48.646724700927734,0.3333333432674408,0.3333333432674408,1.0
51,9,-6.40601921081543,24.606475830078125,0.5,0.5,1.0
51,10,-12.010951042175293,54.79780960083008,0.3333333432674408,0.6666666865348816,1.0
51,11,-13.874202728271484,1029.781005859375,0.0,0.5,0.5
51,12,-11.190396308898926,41.68461227416992,0.3333333432674408,0.6666666865348816,1.0
51,13,-23.672122955322266,2672.333984375,0.3333333432674408,0.3333333432674408,0.3333333432674408
51,14,-4.642483711242676,10.188318252563477,0.0,1.0,1.0
51,15,-5.865378379821777,18.778060913085938,0.5,0.5,1.0
51,16,-14.913658142089844,41.61307907104492,0.25,0.5,1.0
51,17,-8.264079093933105,15.716216087341309,0.0,0.6666666865348816,1.0
51,18,-6.005659103393555,20.1424503326416,0.0,1.0,1.0
51,19,-12.288154602050781,60.10251235961914,0.0,0.3333333432674408,1.0
51,20,-14.340086936950684,36.054141998291016,0.25,0.5,0.75
51,21,-13.930639266967773,103.9122314453125,0.0,0.6666666865348816,0.6666666865348816
51,22,-6.688207149505615,28.33516502380371,0.5,0.5,1.0
51,23,-12.205659866333008,21.14524269104004,0.25,0.75,1.0
51,24,-22.01003646850586,11.537003517150879,0.4444444477558136,0.7777777910232544,1.0
51,25,-14.472688674926758,1389.0069580078125,0.0,0.5,0.5
51,26,-10.956514358520508,38.55829620361328,0.3333333432674408,0.3333333432674408,1.0
51,27,-9.020135879516602,90.92799377441406,0.0,0.5,1.0
51,28,-23.32672119140625,2381.70947265625,0.0,0.6666666865348816,0.6666666865348816
51,29,-18.64102554321289,7.9345383644104,0.4444444477558136,0.7777777910232544,1.0
51,30,-15.53222370147705,22.341474533081055,0.4000000059604645,0.6000000238418579,0.800000011920929
51,31,-9.153778076171875,21.141950607299805,0.3333333432674408,1.0,1.0
51,32,-18.439062118530273,10092.3310546875,0.0,0.0,0.0
51,33,-7.101250171661377,10.666236877441406,0.0,1.0,1.0
51,34,-12.029156684875488,11.08764362335205,0.6000000238418579,0.800000011920929,1.0
51,35,-18.65155601501465,105.94171142578125,0.0,0.5,1.0
51,36,-12.559747695922852,65.79754638671875,0.0,0.3333333432674408,1.0
51,37,-11.709007263183594,18.67623519897461,0.75,0.75,0.75
51,38,-5.145195960998535,3.619366407394409,0.75,0.75,1.0
51,39,-4.940071105957031,5.189774990081787,0.6666666865348816,1.0,1.0
51,40,-13.258466720581055,83.05382537841797,0.0,0.3333333432674408,1.0
51,41,-20.884811401367188,1055.3245849609375,0.0,0.0,0.6666666865348816
51,42,-18.27817153930664,96.49998474121094,0.25,0.75,0.75
51,43,-23.383934020996094,49.270347595214844,0.3333333432674408,0.6666666865348816,0.8333333730697632
51,44,-9.439520835876465,112.1413803100586,0.0,0.5,1.0
51,45,-12.421854972839355,11.993573188781738,0.4000000059604645,0.800000011920929,1.0
51,46,-18.950618743896484,114.16614532470703,0.25,0.5,0.75
52,0,-7.8196868896484375,4.777595520019531,0.6000000238418579,0.800000011920929,1.0
52,1,-2.972524404525757,4.420541763305664,0.5,1.0,1.0
52,2,-19.389873504638672,48.32624435424805,0.4000000059604645,0.6000000238418579,0.800000011920929
52,3,-11.209440231323242,41.95006561279297,0.0,0.3333333432674408,1.0
52,4,-13.994674682617188,1093.717041015625,0.5,0.5,0.5
52,5,-8.443273544311523,16.68357276916504,0.3333333432674408,0.6666666865348816,1.0
52,6,-25.890899658203125,177.35968017578125,0.20000000298023224,0.6000000238418579,0.6000000238418579
52,7,-23.276762008666992,336.6993713378906,0.25,0.25,0.5
52,8,-11.602019309997559,47.81502151489258,0.3333333432674408,0.3333333432674408,1.0
52,9,-6.393595218658447,24.45409393310547,0.5,0.5,1.0
52,10,-12.012080192565918,54.818450927734375,0.3333333432674408,0.6666666865348816,1.0
52,11,-13.915777206420898,1051.4112548828125,0.0,0.5,0.5
52,12,-11.192145347595215,41.708919525146484,0.3333333432674408,0.6666666865348816,1.0
52,13,-23.654220581054688,2656.43505859375,0.3333333432674408,0.3333333432674408,0.3333333432674408
52,14,-4.603194236755371,9.990124702453613,0.0,1.0,1.0
52,15,-5.895509719848633,19.063106536865234,0.5,0.5,1.0
52,16,-14.875476837158203,41.21775817871094,0.25,0.5,1.0
52,17,-8.248201370239258,15.633255004882812,0.0,0.6666666865348816,1.0
52,18,-6.041101455688477,20.502580642700195,0.0,1.0,1.0
52,19,-12.219741821289062,58.747432708740234,0.0,0.3333333432674408,1.0
52,20,-14.353852272033691,36.178428649902344,0.25,0.5,0.75
52,21,-13.988353729248047,105.93064880371094,0.0,0.6666666865348816,0.6666666865348816
52,22,-6.684210777282715,28.278600692749023,0.5,0.5,1.0
52,23,-12.259946823120117,21.434175491333008,0.25,0.75,1.0
52,24,-21.993375778198242,11.515667915344238,0.4444444477558136,0.7777777910232544,1.0
52,25,-14.427141189575195,1357.7315673828125,0.0,0.5,0.5
52,26,-10.949204444885254,38.46446228027344,0.3333333432674408,0.3333333432674408,1.0
52,27,-9.025644302368164,91.17877960205078,0.0,0.5,1.0
52,28,-23.302631378173828,2362.6611328125,0.0,0.6666666865348816,0.6666666865348816
52,29,-18.709171295166016,7.994844436645508,0.4444444477558136,0.7777777910232544,1.0
52,30,-15.60590934753418,22.67316246032715,0.6000000238418579,0.6000000238418579,0.800000011920929
52,31,-9.249005317687988,21.823816299438477,0.3333333432674408,1.0,1.0
52,32,-18.519794464111328,10508.0537109375,0.0,0.0,0.0
52,33,-7.107260704040527,10.687630653381348,0.0,1.0,1.0
52,34,-12.02457046508789,11.077479362487793,0.6000000238418579,0.800000011920929,1.0
52,35,-18.621089935302734,105.13786315917969,0.0,0.5,1.0
52,36,-12.463920593261719,63.729026794433594,0.0,0.3333333432674408,1.0
52,37,-11.732503890991211,18.786264419555664,0.75,0.75,0.75
52,38,-5.108366966247559,3.5861947536468506,0.75,1.0,1.0
52,39,-4.935067653656006,5.181126594543457,0.6666666865348816,1.0,1.0
52,40,-13.31506061553955,84.63548278808594,0.0,0.3333333432674408,1.0
52,41,-21.00420379638672,1098.171142578125,0.0,0.0,0.6666666865348816
52,42,-18.36985206604004,98.73731994628906,0.25,0.75,0.75
52,43,-23.321950912475586,48.76396942138672,0.3333333432674408,0.6666666865348816,0.8333333730697632
52,44,-9.430949211120605,111.66180419921875,0.0,0.5,1.0
52,45,-12.451444625854492,12.064762115478516,0.4000000059604645,0.800000011920929,1.0
52,46,-18.993499755859375,115.3966064453125,0.25,0.5,0.75
53,0,-7.895417213439941,4.850507736206055,0.6000000238418579,0.800000011920929,1.0
53,1,-2.958754301071167,4.390210151672363,0.5,1.0,1.0
53,2,-19.3709716796875,48.143898010253906,0.4000000059604645,0.6000000238418579,0.800000011920929
53,3,-11.216928482055664,42.05491638183594,0.0,0.3333333432674408,1.0
53,4,-14.073060989379883,1137.4344482421875,0.5,0.5,0.5
53,5,-8.4197416305542,16.5532169342041,0.3333333432674408,0.6666666865348816,1.0
53,6,-25.923120498657227,178.50634765625,0.20000000298023224,0.6000000238418579,0.6000000238418579
53,7,-23.170019149780273,327.8331604003906,0.25,0.25,0.5
53,8,-11.613293647766113,47.99504852294922,0.3333333432674408,0.3333333432674408,1.0
53,9,-6.420968055725098,24.79108428955078,0.5,0.5,1.0
53,10,-12.008359909057617,54.75050735473633,0.3333333432674408,0.6666666865348816,1.0
53,11,-13.937092781066895,1062.6768798828125,0.0,0.5,0.5
53,12,-11.24819564819336,42.495513916015625,0.3333333432674408,0.6666666865348816,1.0
53,13,-23.68052101135254,2679.82568359375,0.3333333432674408,0.3333333432674408,0.3333333432674408
53,14,-4.634242534637451,10.14642333984375,0.0,1.0,1.0
53,15,-5.857203006744385,18.701457977294922,0.5,0.5,1.0
53,16,-14.8597412109375,41.05592727661133,0.25,0.5,1.0
53,17,-8.261357307434082,15.70196533203125,0.0,0.6666666865348816,1.0
53,18,-6.058441638946533,20.68111228942871,0.0,1.0,1.0
53,19,-12.265151977539062,59.643436431884766,0.0,0.3333333432674408,1.0
53,20,-14.35166072845459,36.15861129760742,0.25,0.5,0.75
53,21,-13.961471557617188,104.98567199707031,0.0,0.6666666865348816,0.6666666865348816
53,22,-6.694090843200684,28.418643951416016,0.5,0.5,1.0
53,23,-12.29139518737793,21.60335922241211,0.25,0.75,1.0
53,24,-21.91541290283203,11.416343688964844,0.4444444477558136,0.7777777910232544,1.0
53,25,-14.447120666503906,1371.36279296875,0.0,0.5,0.5
53,26,-10.949642181396484,38.47007751464844,0.3333333432674408,0.3333333432674408,1.0
53,27,-9.01027774810791,90.48091125488281,0.0,0.5,1.0
53,28,-23.250701904296875,2322.115966796875,0.0,0.6666666865348816,0.6666666865348816
53,29,-18.642969131469727,7.936250686645508,0.4444444477558136,0.7777777910232544,1.0
53,30,-15.586013793945312,22.58312225341797,0.4000000059604645,0.6000000238418579,0.800000011920929
53,31,-9.183913230895996,21.35539436340332,0.3333333432674408,1.0,1.0
53,32,-18.503768920898438,10424.19140625,0.0,0.0,0.0
53,33,-7.103423118591309,10.673965454101562,0.0,1.0,1.0
53,34,-12.037436485290527,11.1060209274292,0.6000000238418579,0.800000011920929,1.0
53,35,-18.662872314453125,106.24185180664062,0.0,0.5,1.0
53,36,-12.485637664794922,64.19203186035156,0.0,0.3333333432674408,1.0
53,37,-11.738911628723145,18.816383361816406,0.75,0.75,0.75
53,38,-5.131702899932861,3.607177734375,0.75,1.0,1.0
53,39,-4.92458963394165,5.163062572479248,0.6666666865348816,1.0,1.0
53,40,-13.375304222106934,86.35223388671875,0.0,0.3333333432674408,1.0
53,41,-21.000530242919922,1096.8271484375,0.0,0.0,0.6666666865348816
53,42,-18.38777732849121,99.1807861328125,0.25,0.75,0.75
53,43,-23.318971633911133,48.73977279663086,0.3333333432674408,0.6666666865348816,0.8333333730697632
53,44,-9.43466854095459,111.8696517944336,0.0,0.5,1.0
53,45,-12.323296546936035,11.75947380065918,0.4000000059604645,1.0,1.0
53,46,-19.033119201660156,116.54528045654297,0.25,0.5,0.75
54,0,-7.7940473556518555,4.753159523010254,0.6000000238418579,0.800000011920929,1.0
54,1,-2.988574504852295,4.4561591148376465,0.5,1.0,1.0
54,2,-19.335674285888672,47.80521774291992,0.4000000059604645,0.6000000238418579,0.800000011920929
54,3,-11.28368854522705,43.00126266479492,0.0,0.3333333432674408,1.0
54,4,-14.0420503616333,1119.9342041015625,0.5,0.5,0.5
54,5,-8.403470039367676,16.463680267333984,0.3333333432674408,0.6666666865348816,1.0
54,6,-25.838111877441406,175.4971160888672,0.20000000298023224,0.6000000238418579,0.6000000238418579
54,7,-23.203601837158203,330.5971374511719,0.25,0.25,0.5
54,8,-11.603890419006348,47.844852447509766,0.3333333432674408,0.3333333432674408,1.0
54,9,-6.412672996520996,24.688472747802734,0.5,0.5,1.0
54,10,-12.034904479980469,55.237098693847656,0.3333333432674408,0.6666666865348816,1.0
54,11,-13.94224739074707,1065.4193115234375,0.0,0.5,0.5
54,12,-11.228734970092773,42.220741271972656,0.3333333432674408,0.6666666865348816,1.0
54,13,-23.661052703857422,2662.49169921875,0.3333333432674408,0.3333333432674408,0.3333333432674408
54,14,-4.643763542175293,10.194841384887695,0.0,1.0,1.0
54,15,-5.9273681640625,19.369199752807617,0.5,0.5,1.0
54,16,-14.77696704864502,40.21506881713867,0.25,0.5,1.0
54,17,-8.301037788391113,15.911029815673828,0.0,0.6666666865348816,1.0
54,18,-6.007569313049316,20.161697387695312,0.0,1.0,1.0
54,19,-12.178674697875977,57.94871520996094,0.0,0.3333333432674408,1.0
54,20,-14.352781295776367,36.16874313354492,0.25,0.5,0.75
54,21,-13.969704627990723,105.274169921875,0.0,0.6666666865348816,0.6666666865348816
54,22,-6.648179054260254,27.773698806762695,0.5,0.5,1.0
54,23,-12.239048957824707,21.322486877441406,0.25,0.75,1.0
54,24,-21.984704971313477,11.50457763671875,0.4444444477558136,0.7777777910232544,1.0
54,25,-14.464945793151855,1383.639892578125,0.0,0.5,0.5
54,26,-10.989867210388184,38.9893684387207,0.3333333432674408,0.3333333432674408,1.0
54,27,-9.033308982849121,91.52887725830078,0.0,0.5,1.0
54,28,-23.21721076965332,2296.336669921875,0.0,0.6666666865348816,0.6666666865348816
54,29,-18.61859130859375,7.914783000946045,0.4444444477558136,0.7777777910232544,1.0
54,30,-15.616598129272461,22.721681594848633,0.4000000059604645,0.6000000238418579,0.800000011920929
54,31,-9.173636436462402,21.28236198425293,0.3333333432674408,1.0,1.0
54,32,-18.51909065246582,10504.3564453125,0.0,0.0,0.0
54,33,-7.0866546630859375,10.614470481872559,0.0,1.0,1.0
54,34,-12.046178817749023,11.125454902648926,0.6000000238418579,0.800000011920929,1.0
54,35,-18.592985153198242,104.4017333984375,0.0,0.5,1.0
54,36,-12.503551483154297,64.57649993896484,0.0,0.3333333432674408,1.0
54,37,-11.758840560913086,18.910364151000977,0.75,0.75,0.75
54,38,-5.157496452331543,3.6305134296417236,0.75,0.75,1.0
54,39,-4.91244649887085,5.142205715179443,0.6666666865348816,1.0,1.0
54,40,-13.335835456848145,85.22362518310547,0.0,0.3333333432674408,1.0
54,41,-20.936809539794922,1073.7760009765625,0.0,0.0,0.6666666865348816
54,42,-18.46086883544922,101.009765625,0.25,0.75,0.75
54,43,-23.272592544555664,48.364463806152344,0.3333333432674408,0.6666666865348816,0.8333333730697632
54,44,-9.48233413696289,114.56783294677734,0.0,0.5,1.0
54,45,-12.41937255859375,11.987621307373047,0.4000000059604645,0.800000011920929,1.0
54,46,-19.06391143798828,117.44590759277344,0.25,0.5,0.75
55,0,-7.7811126708984375,4.740879058837891,0.6000000238418579,0.800000011920929,1.0
55,1,-2.957738161087036,4.3879804611206055,0.5,1.0,1.0
55,2,-19.414762496948242,48.5673942565918,0.4000000059604645,0.6000000238418579,0.800000011920929
55,3,-11.245597839355469,42.4587287902832,0.0,0.3333333432674408,1.0
55,4,-14.032772064208984,1114.750732421875,0.5,0.5,0.5
55,5,-8.434907913208008,16.637113571166992,0.3333333432674408,0.6666666865348816,1.0
55,6,-25.84624481201172,175.7827911376953,0.20000000298023224,0.6000000238418579,0.6000000238418579
55,7,-23.203611373901367,330.597900390625,0.25,0.25,0.5
55,8,-11.573657989501953,47.36511993408203,0.3333333432674408,0.3333333432674408,1.0
55,9,-6.410989284515381,24.66769790649414,0.5,0.5,1.0
55,10,-12.059611320495605,55.693878173828125,0.3333333432674408,0.6666666865348816,1.0
55,11,-13.853105545043945,1018.9752197265625,0.0,0.5,0.5
55,12,-11.231180191040039,42.25517272949219,0.3333333432674408,0.6666666865348816,1.0
55,13,-23.55687713623047,2571.623046875,0.3333333432674408,0.3333333432674408,0.3333333432674408
55,14,-4.555027961730957,9.752405166625977,0.0,1.0,1.0
55,15,-5.83945894241333,18.536272048950195,0.5,0.5,1.0
55,16,-14.827593803405762,40.727294921875,0.25,0.5,1.0
55,17,-8.303987503051758,15.926682472229004,0.0,0.6666666865348816,1.0
55,18,-6.037193298339844,20.462556838989258,0.0,1.0,1.0
55,19,-12.196624755859375,58.29648208618164,0.0,0.3333333432674408,1.0
55,20,-14.336204528808594,36.0191650390625,0.25,0.5,0.75
55,21,-13.93900203704834,104.20230102539062,0.0,0.6666666865348816,0.6666666865348816
55,22,-6.607975006103516,27.220966339111328,0.5,0.5,1.0
55,23,-12.274998664855957,21.514986038208008,0.25,0.75,1.0
55,24,-21.966306686401367,11.481083869934082,0.4444444477558136,0.7777777910232544,1.0
55,25,-14.485700607299805,1398.0733642578125,0.0,0.5,0.5
55,26,-10.982680320739746,38.896080017089844,0.3333333432674408,0.3333333432674408,1.0
55,27,-9.01391315460205,90.64552307128906,0.0,0.5,1.0
55,28,-23.311782836914062,2369.87890625,0.0,0.6666666865348816,0.6666666865348816
55,29,-18.657798767089844,7.949337959289551,0.4444444477558136,0.7777777910232544,1.0
55,30,-15.576290130615234,22.53924560546875,0.4000000059604645,0.800000011920929,0.800000011920929
55,31,-9.160120010375977,21.18669319152832,0.3333333432674408,1.0,1.0
55,32,-18.497303009033203,10390.544921875,0.0,0.0,0.0
55,33,-7.036923408508301,10.439964294433594,0.0,1.0,1.0
55,34,-12.037410736083984,11.105962753295898,0.6000000238418579,0.800000011920929,1.0
55,35,-18.631832122802734,105.42059326171875,0.0,0.5,1.0
55,36,-12.47780704498291,64.02469635009766,0.0,0.3333333432674408,1.0
55,37,-11.717642784118652,18.716596603393555,0.75,0.75,0.75
55,38,-5.123053550720215,3.599386215209961,0.75,1.0,1.0
55,39,-4.873525619506836,5.075923919677734,0.6666666865348816,1.0,1.0
55,40,-13.39957332611084,87.05364990234375,0.0,0.3333333432674408,1.0
55,41,-20.969585418701172,1085.5716552734375,0.0,0.0,0.6666666865348816
55,42,-18.412220001220703,99.78870391845703,0.25,0.75,0.75
55,43,-23.3583984375,49.06109619140625,0.3333333432674408,0.6666666865348816,0.8333333730697632
55,44,-9.52448844909668,117.00822448730469,0.0,0.5,1.0
55,45,-12.424346923828125,11.999553680419922,0.4000000059604645,0.800000011920929,1.0
55,46,-19.031044006347656,116.48482513427734,0.25,0.5,0.75
56,0,-7.800055980682373,4.758874416351318,0.6000000238418579,0.800000011920929,1.0
56,1,-2.955676794052124,4.38346004486084,0.5,1.0,1.0
56,2,-19.290523529052734,47.3754768371582,0.4000000059604645,0.6000000238418579,0.800000011920929
56,3,-11.303523063659668,43.28651428222656,0.0,0.3333333432674408,1.0
56,4,-14.030265808105469,1113.3546142578125,0.5,0.5,0.5
56,5,-8.472557067871094,16.847219467163086,0.3333333432674408,0.6666666865348816,1.0
56,6,-25.908382415771484,177.98092651367188,0.20000000298023224,0.6000000238418579,0.6000000238418579
56,7,-23.2333927154541,333.0684814453125,0.25,0.25,0.5
56,8,-11.603097915649414,47.83221435546875,0.3333333432674408,0.3333333432674408,1.0
56,9,-6.370490074157715,24.17321014404297,0.5,0.5,1.0
56,10,-12.06606674194336,55.81386184692383,0.3333333432674408,0.6666666865348816,1.0
56,11,-13.866371154785156,1025.7564697265625,0.0,0.5,0.5
56,12,-11.33060073852539,43.678977966308594,0.3333333432674408,0.6666666865348816,1.0
56,13,-23.535524368286133,2553.384033203125,0.3333333432674408,0.3333333432674408,0.3333333432674408
56,14,-4.6286396980285645,10.118038177490234,0.0,1.0,1.0
56,15,-5.8521528244018555,18.654294967651367,0.5,0.5,1.0
56,16,-14.793702125549316,40.383670806884766,0.25,0.5,1.0
56,17,-8.246152877807617,15.622583389282227,0.0,0.6666666865348816,1.0
56,18,-6.007394790649414,20.15993881225586,0.0,1.0,1.0
56,19,-12.213460922241211,58.62455368041992,0.0,0.3333333432674408,1.0
56,20,-14.303901672363281,35.729454040527344,0.25,0.5,0.75
56,21,-13.993760108947754,106.1217041015625,0.0,0.6666666865348816,0.6666666865348816
56,22,-6.5880446434021,26.951051712036133,0.5,0.5,1.0
56,23,-12.289178848266602,21.591392517089844,0.25,0.75,1.0
56,24,-21.92890167236328,11.433465957641602,0.4444444477558136,0.7777777910232544,1.0
56,25,-14.493531227111816,1403.5577392578125,0.0,0.5,0.5
56,26,-10.911897659301758,37.98910140991211,0.3333333432674408,0.3333333432674408,1.0
56,27,-9.018363952636719,90.84747314453125,0.0,0.5,1.0
56,28,-23.290552139282227,2353.1669921875,0.0,0.6666666865348816,0.6666666865348816
56,29,-18.72455596923828,8.008522987365723,0.4444444477558136,0.7777777910232544,1.0
56,30,-15.58940601348877,22.59844970703125,0.4000000059604645,0.800000011920929,0.800000011920929
56,31,-9.136894226074219,21.02330207824707,0.3333333432674408,1.0,1.0
56,32,-18.49689483642578,10388.4248046875,0.0,0.0,0.0
56,33,-7.104961395263672,10.67944049835205,0.0,1.0,1.0
56,34,-12.044821739196777,11.1224365234375,0.6000000238418579,0.800000011920929,1.0
56,35,-18.654682159423828,106.0245361328125,0.0,0.5,1.0
56,36,-12.436361312866211,63.146278381347656,0.0,0.3333333432674408,1.0
56,37,-11.710992813110352,18.68550682067871,0.75,0.75,0.75
56,38,-5.125890254974365,3.6019399166107178,0.75,1.0,1.0
56,39,-4.848451137542725,5.033675193786621,0.6666666865348816,1.0,1.0
56,40,-13.384185791015625,86.60826873779297,0.0,0.3333333432674408,1.0
56,41,-20.948434829711914,1077.9447021484375,0.0,0.0,0.6666666865348816
56,42,-18.494556427001953,101.86404418945312,0.25,0.75,0.75
56,43,-23.372013092041016,49.172542572021484,0.3333333432674408,0.6666666865348816,0.8333333730697632
56,44,-9.44810676574707,112.62384033203125,0.0,0.5,1.0
56,45,-12.399429321289062,11.939901351928711,0.4000000059604645,0.800000011920929,1.0
56,46,-19.03531265258789,116.60919952392578,0.25,0.5,0.75
57,0,-7.776057243347168,4.736087799072266,0.6000000238418579,0.800000011920929,1.0
57,1,-2.9471328258514404,4.364774227142334,0.5,1.0,1.0
57,2,-19.29911994934082,47.456993103027344,0.4000000059604645,0.6000000238418579,0.800000011920929
57,3,-11.321414947509766,43.545433044433594,0.0,0.3333333432674408,1.0
57,4,-13.994710922241211,1093.7369384765625,0.5,0.5,0.5
57,5,-8.471665382385254,16.842214584350586,0.3333333432674408,0.6666666865348816,1.0
57,6,-25.89956283569336,177.66726684570312,0.20000000298023224,0.6000000238418579,0.6000000238418579
57,7,-23.21124267578125,331.2292175292969,0.25,0.25,0.5
57,8,-11.591835975646973,47.652984619140625,0.3333333432674408,0.3333333432674408,1.0
57,9,-6.404360294342041,24.58607292175293,0.5,0.5,1.0
57,10,-12.096396446228027,56.3809928894043,0.3333333432674408,0.6666666865348816,1.0
57,11,-13.877449989318848,1031.454345703125,0.0,0.5,0.5
57,12,-11.16366195678711,41.31480026245117,0.3333333432674408,0.6666666865348816,1.0
57,13,-23.558509826660156,2573.022705078125,0.3333333432674408,0.3333333432674408,0.3333333432674408
57,14,-4.579680442810059,9.873359680175781,0.0,1.0,1.0
57,15,-5.839249610900879,18.534332275390625,0.5,0.5,1.0
57,16,-14.718391418457031,39.630455017089844,0.25,0.5,1.0
57,17,-8.252286911010742,15.654559135437012,0.0,0.6666666865348816,1.0
57,18,-6.047972679138184,20.57314109802246,0.0,1.0,1.0
57,19,-12.174108505249023,57.86058044433594,0.0,0.3333333432674408,1.0
57,20,-14.359811782836914,36.23236846923828,0.25,0.5,0.75
57,21,-13.939608573913574,104.2233657836914,0.0,0.6666666865348816,0.6666666865348816
57,22,-6.632452964782715,27.556169509887695,0.5,0.5,1.0
57,23,-12.245782852172852,21.358413696289062,0.25,0.75,1.0
57,24,-21.865201950073242,11.352829933166504,0.4444444477558136,0.7777777910232544,1.0
57,25,-14.469331741333008,1386.677490234375,0.0,0.5,0.5
57,26,-10.891194343566895,37.72782897949219,0.3333333432674408,0.3333333432674408,1.0
57,27,-9.04271125793457,91.9601821899414,0.0,0.5,1.0
57,28,-23.239940643310547,2313.801025390625,0.0,0.6666666865348816,0.6666666865348816
57,29,-18.716869354248047,8.001684188842773,0.4444444477558136,0.7777777910232544,1.0
57,30,-15.571775436401367,22.518903732299805,0.4000000059604645,0.800000011920929,0.800000011920929
57,31,-9.185535430908203,21.366945266723633,0.3333333432674408,1.0,1.0
57,32,-18.576236724853516,10808.8271484375,0.0,0.0,0.0
57,33,-7.049142360687256,10.482571601867676,0.0,1.0,1.0
57,34,-12.023378372192383,11.074838638305664,0.6000000238418579,0.800000011920929,1.0
57,35,-18.628070831298828,105.3215103149414,0.0,0.5,1.0
57,36,-12.40182876586914,62.423580169677734,0.0,0.3333333432674408,1.0
57,37,-11.730719566345215,18.77788543701172,0.75,0.75,0.75
57,38,-5.106298923492432,3.584341287612915,0.75,1.0,1.0
57,39,-4.9368486404418945,5.184203147888184,0.6666666865348816,1.0,1.0
57,40,-13.353572845458984,85.7289810180664,0.0,0.3333333432674408,1.0
57,41,-20.92685317993164,1070.21826171875,0.0,0.0,0.6666666865348816
57,42,-18.462949752807617,101.06233215332031,0.25,0.75,0.75
57,43,-23.362953186035156,49.09835433959961,0.3333333432674408,0.6666666865348816,0.8333333730697632
57,44,-9.474407196044922,114.1146469116211,0.0,0.5,1.0
57,45,-12.403092384338379,11.948652267456055,0.4000000059604645,0.800000011920929,1.0
57,46,-19.08578109741211,118.08979034423828,0.25,0.5,0.75
58,0,-7.777785301208496,4.737724781036377,0.6000000238418579,0.800000011920929,1.0
58,1,-2.967439889907837,4.409317493438721,0.5,1.0,1.0
58,2,-19.364173889160156,48.0784797668457,0.4000000059604645,0.6000000238418579,0.800000011920929
58,3,-11.296806335449219,43.189701080322266,0.0,0.3333333432674408,1.0
58,4,-13.967132568359375,1078.7586669921875,0.5,0.5,0.5
58,5,-8.474796295166016,16.859800338745117,0.3333333432674408,0.6666666865348816,1.0
58,6,-25.793685913085938,173.9446563720703,0.20000000298023224,0.6000000238418579,0.6000000238418579
58,7,-23.21441650390625,331.4921569824219,0.25,0.25,0.5
58,8,-11.591421127319336,47.646392822265625,0.3333333432674408,0.3333333432674408,1.0
58,9,-6.387406826019287,24.378543853759766,0.5,0.5,1.0
58,10,-12.069202423095703,55.87223434448242,0.3333333432674408,0.6666666865348816,1.0
58,11,-13.93262004852295,1060.302978515625,0.0,0.5,0.5
58,12,-11.239343643188477,42.37030792236328,0.3333333432674408,0.6666666865348816,1.0
58,13,-23.570545196533203,2583.365234375,0.3333333432674408,0.3333333432674408,0.3333333432674408
58,14,-4.617490291595459,10.061790466308594,0.0,1.0,1.0
58,15,-5.810997009277344,18.274351119995117,0.5,0.5,1.0
58,16,-14.692117691040039,39.37099838256836,0.25,0.5,1.0
58,17,-8.249855041503906,15.641875267028809,0.0,0.6666666865348816,1.0
58,18,-6.074780464172363,20.85075569152832,0.0,1.0,1.0
58,19,-12.131912231445312,57.052425384521484,0.0,0.3333333432674408,1.0
58,20,-14.277101516723633,35.49086380004883,0.25,0.5,0.75
58,21,-13.972942352294922,105.38788604736328,0.0,0.6666666865348816,0.6666666865348816
58,22,-6.564828395843506,26.6400089263916,0.5,0.5,1.0
58,23,-12.308428764343262,21.6955509185791,0.25,0.75,1.0
58,24,-21.96828842163086,11.483611106872559,0.4444444477558136,0.7777777910232544,1.0
58,25,-14.517641067504883,1420.580078125,0.0,0.5,0.5
58,26,-10.932389259338379,38.24946975708008,0.3333333432674408,0.3333333432674408,1.0
58,27,-9.038049697875977,91.74608612060547,0.0,0.5,1.0
58,28,-23.223766326904297,2301.359619140625,0.0,0.6666666865348816,0.6666666865348816
58,29,-18.80542755126953,8.08080768585205,0.4444444477558136,0.7777777910232544,1.0
58,30,-15.549352645874023,22.41813850402832,0.4000000059604645,0.800000011920929,0.800000011920929
58,31,-9.187373161315918,21.380041122436523,0.3333333432674408,1.0,1.0
58,32,-18.519542694091797,10506.7314453125,0.0,0.0,0.0
58,33,-7.102329254150391,10.670075416564941,0.0,1.0,1.0
58,34,-12.050373077392578,11.134793281555176,0.6000000238418579,0.800000011920929,1.0
58,35,-18.603839874267578,104.68543243408203,0.0,0.5,1.0
58,36,-12.386924743652344,62.11421585083008,0.0,0.3333333432674408,1.0
58,37,-11.726621627807617,18.758657455444336,0.75,0.75,0.75
58,38,-5.087371826171875,3.5674209594726562,0.75,1.0,1.0
58,39,-4.874741554260254,5.077981472015381,0.6666666865348816,1.0,1.0
58,40,-13.444987297058105,88.3814697265625,0.0,0.3333333432674408,1.0
58,41,-20.846355438232422,1041.8834228515625,0.0,0.0,0.6666666865348816
58,42,-18.508100509643555,102.20955657958984,0.25,0.75,0.75
58,43,-23.346328735351562,48.96250915527344,0.3333333432674408,0.6666666865348816,0.8333333730697632
58,44,-9.509481430053711,116.13353729248047,0.0,0.5,1.0
58,45,-12.41314697265625,11.972702980041504,0.4000000059604645,0.800000011920929,1.0
58,46,-19.132354736328125,119.47279357910156,0.25,0.5,0.75
59,0,-7.769407272338867,4.729792594909668,0.6000000238418579,0.800000011920929,1.0
59,1,-2.9570209980010986,4.386407375335693,0.5,1.0,1.0
59,2,-19.213281631469727,46.649227142333984,0.4000000059604645,0.6000000238418579,0.800000011920929
59,3,-11.293509483337402,43.14227294921875,0.0,0.3333333432674408,1.0
59,4,-13.996023178100586,1094.454833984375,0.5,0.5,0.5
59,5,-8.420358657836914,16.556625366210938,0.3333333432674408,0.6666666865348816,1.0
59,6,-25.857908248901367,176.19329833984375,0.20000000298023224,0.6000000238418579,0.6000000238418579
59,7,-23.23201560974121,332.953857421875,0.25,0.25,0.5
59,8,-11.650846481323242,48.599605560302734,0.3333333432674408,0.3333333432674408,1.0
59,9,-6.402506351470947,24.56329345703125,0.5,0.5,1.0
59,10,-12.12205982208252,56.86537551879883,0.3333333432674408,0.6666666865348816,1.0
59,11,-13.939706802368164,1064.0667724609375,0.0,0.5,0.5
59,12,-11.27979850769043,42.94554138183594,0.3333333432674408,0.6666666865348816,1.0
59,13,-23.566974639892578,2580.29248046875,0.3333333432674408,0.3333333432674408,0.3333333432674408
59,14,-4.596065044403076,9.954577445983887,0.0,1.0,1.0
59,15,-5.814108371734619,18.30280303955078,0.5,0.5,1.0
59,16,-14.679803848266602,39.24998092651367,0.25,0.5,1.0
59,17,-8.279010772705078,15.794633865356445,0.0,0.6666666865348816,1.0
59,18,-6.061093330383301,20.70855140686035,0.0,1.0,1.0
59,19,-12.141862869262695,57.24197769165039,0.0,0.3333333432674408,1.0
59,20,-14.247906684875488,35.23277282714844,0.25,0.5,0.75
59,21,-13.98043441772461,105.65138244628906,0.0,0.6666666865348816,0.6666666865348816
59,22,-6.571773529052734,26.73267936706543,0.5,0.5,1.0
59,23,-12.206971168518066,21.152175903320312,0.25,0.75,1.0
59,24,-21.896406173706055,11.392258644104004,0.4444444477558136,0.7777777910232544,1.0
59,25,-14.568839073181152,1457.4149169921875,0.0,0.5,0.5
59,26,-10.885470390319824,37.655921936035156,0.3333333432674408,0.3333333432674408,1.0
59,27,-9.049257278442383,92.26166534423828,0.0,0.5,1.0
59,28,-23.25695037841797,2326.95751953125,0.0,0.6666666865348816,0.6666666865348816
59,29,-18.80756378173828,8.082727432250977,0.4444444477558136,0.7777777910232544,1.0
59,30,-15.57040786743164,22.512744903564453,0.4000000059604645,0.800000011920929,0.800000011920929
59,31,-9.203251838684082,21.49350357055664,0.3333333432674408,1.0,1.0
59,32,-18.57916259765625,10824.6513671875,0.0,0.0,0.0
59,33,-7.121952056884766,10.740097045898438,0.0,1.0,1.0
59,34,-12.014500617980957,11.055191993713379,0.6000000238418579,0.800000011920929,1.0
59,35,-18.728906631469727,108.01030731201172,0.0,0.5,1.0
59,36,-12.425370216369629,62.91533279418945,0.0,0.3333333432674408,1.0
59,37,-11.72732925415039,18.76197624206543,0.75,0.75,0.75
59,38,-5.107080936431885,3.5850419998168945,0.75,1.0,1.0
59,39,-4.853209018707275,5.0416646003723145,0.6666666865348816,1.0,1.0
59,40,-13.40019416809082,87.07166290283203,0.0,0.3333333432674408,1.0
59,41,-20.769102096557617,1015.396240234375,0.0,0.0,0.6666666865348816
59,42,-18.520896911621094,102.53705596923828,0.25,0.75,0.75
59,43,-23.310894012451172,48.6741943359375,0.3333333432674408,0.6666666865348816,0.8333333730697632
59,44,-9.43669319152832,111.98294830322266,0.0,0.5,1.0
59,45,-12.44870662689209,12.058156967163086,0.4000000059604645,0.800000011920929,1.0
59,46,-19.151607513427734,120.04922485351562,0.25,0.5,0.75
60,0,-7.714052200317383,4.677718162536621,0.6000000238418579,0.800000011920929,1.0
60,1,-2.9738717079162598,4.423520088195801,0.5,1.0,1.0
60,2,-19.264080047607422,47.125587463378906,0.4000000059604645,0.6000000238418579,0.800000011920929
60,3,-11.319719314575195,43.52083969116211,0.0,0.3333333432674408,1.0
60,4,-13.906170845031738,1046.373291015625,0.5,0.5,0.5
60,5,-8.471414566040039,16.84080696105957,0.3333333432674408,0.6666666865348816,1.0
60,6,-25.795494079589844,174.00753784179688,0.20000000298023224,0.6000000238418579,0.6000000238418579
60,7,-23.206214904785156,330.81317138671875,0.25,0.25,0.5
60,8,-11.62718391418457,48.2177848815918,0.3333333432674408,0.3333333432674408,1.0
60,9,-6.399489879608154,24.526273727416992,0.5,0.5,1.0
60,10,-12.178207397460938,57.93967819213867,0.3333333432674408,0.6666666865348816,1.0
60,11,-13.900327682495117,1043.3206787109375,0.0,0.5,0.5
60,12,-11.211092948913574,41.97318649291992,0.3333333432674408,0.6666666865348816,1.0
60,13,-23.699514389038086,2696.845458984375,0.3333333432674408,0.3333333432674408,0.3333333432674408
60,14,-4.623994827270508,10.09456729888916,0.0,1.0,1.0
60,15,-5.837761878967285,18.520551681518555,0.5,0.5,1.0
60,16,-14.70478630065918,39.495887756347656,0.25,0.5,1.0
60,17,-8.267294883728027,15.733071327209473,0.0,0.6666666865348816,1.0
60,18,-6.046602249145508,20.55904769897461,0.0,1.0,1.0
60,19,-12.147518157958984,57.349998474121094,0.0,0.3333333432674408,1.0
60,20,-14.312880516052246,35.809749603271484,0.25,0.5,0.75
60,21,-13.990848541259766,106.0187759399414,0.0,0.6666666865348816,0.6666666865348816
60,22,-6.596128463745117,27.060205459594727,0.5,0.5,1.0
60,23,-12.222339630126953,21.233600616455078,0.25,0.75,1.0
60,24,-21.89316177368164,11.388153076171875,0.4444444477558136,0.7777777910232544,1.0
60,25,-14.570292472839355,1458.474365234375,0.0,0.5,0.5
60,26,-10.852333068847656,37.24226760864258,0.3333333432674408,0.3333333432674408,1.0
60,27,-9.062726974487305,92.88512420654297,0.0,0.5,1.0
60,28,-23.248058319091797,2320.070556640625,0.0,0.6666666865348816,0.6666666865348816
60,29,-18.885833740234375,8.153326034545898,0.4444444477558136,0.7777777910232544,1.0
60,30,-15.528396606445312,22.324377059936523,0.4000000059604645,0.800000011920929,0.800000011920929
60,31,-9.205153465270996,21.50712776184082,0.3333333432674408,1.0,1.0
60,32,-18.54152488708496,10622.84765625,0.0,0.0,0.0
60,33,-7.103206634521484,10.673196792602539,0.0,1.0,1.0
60,34,-12.012744903564453,11.051310539245605,0.6000000238418579,0.800000011920929,1.0
60,35,-18.716947555541992,107.6878662109375,0.0,0.5,1.0
60,36,-12.41718578338623,62.743934631347656,0.0,0.3333333432674408,1.0
60,37,-11.737165451049805,18.808170318603516,0.75,0.75,0.75
60,38,-5.085351467132568,3.565619707107544,0.75,1.0,1.0
60,39,-4.834046840667725,5.009564399719238,0.6666666865348816,1.0,1.0
60,40,-13.4570894241333,88.73872375488281,0.0,0.3333333432674408,1.0
60,41,-20.788578033447266,1022.00927734375,0.0,0.0,0.6666666865348816
60,42,-18.575984954833984,103.95896911621094,0.25,0.75,0.75
60,43,-23.259000778198242,48.255035400390625,0.3333333432674408,0.6666666865348816,0.8333333730697632
60,44,-9.459376335144043,113.26023864746094,0.0,0.5,1.0
60,45,-12.389636993408203,11.91654109954834,0.4000000059604645,0.800000011920929,1.0
60,46,-19.203765869140625,121.62487030029297,0.25,0.5,0.75
61,0,-7.71256160736084,4.676323890686035,0.6000000238418579,0.800000011920929,1.0
61,1,-2.9356131553649902,4.339705944061279,0.5,1.0,1.0
61,2,-19.216829299926758,46.68233871459961,0.4000000059604645,0.6000000238418579,0.800000011920929
61,3,-11.31739616394043,43.48714828491211,0.0,0.3333333432674408,1.0
61,4,-13.935367584228516,1061.7606201171875,0.5,0.5,0.5
61,5,-8.470257759094238,16.834314346313477,0.3333333432674408,0.6666666865348816,1.0
61,6,-25.853200912475586,176.02745056152344,0.20000000298023224,0.6000000238418579,0.6000000238418579
61,7,-23.20041847229004,330.3341369628906,0.25,0.25,0.5
61,8,-11.609771728515625,47.9387321472168,0.3333333432674408,0.3333333432674408,1.0
61,9,-6.41225528717041,24.683319091796875,0.5,0.5,1.0
61,10,-12.142991065979004,57.26351547241211,0.3333333432674408,0.6666666865348816,1.0
61,11,-13.943564414978027,1066.12109375,0.0,0.5,0.5
61,12,-11.293597221374512,43.14352798461914,0.3333333432674408,0.6666666865348816,1.0
61,13,-23.519115447998047,2539.45556640625,0.3333333432674408,0.3333333432674408,0.3333333432674408
61,14,-4.567714691162109,9.814465522766113,0.0,1.0,1.0
61,15,-5.799444198608398,18.169095993041992,0.5,0.5,1.0
61,16,-14.723569869995117,39.681793212890625,0.25,0.5,1.0
61,17,-8.26354694366455,15.713428497314453,0.0,0.6666666865348816,1.0
61,18,-6.0557050704956055,20.652833938598633,0.0,1.0,1.0
61,19,-12.120767593383789,56.84089660644531,0.0,0.3333333432674408,1.0
61,20,-14.262309074401855,35.359859466552734,0.25,0.5,0.75
61,21,-13.912468910217285,103.28475189208984,0.0,0.6666666865348816,0.6666666865348816
61,22,-6.510671615600586,25.928319931030273,0.5,0.5,1.0
61,23,-12.254250526428223,21.403675079345703,0.25,0.75,1.0
61,24,-21.909574508666992,11.408940315246582,0.4444444477558136,0.7777777910232544,1.0
61,25,-14.508285522460938,1413.950439453125,0.0,0.5,0.5
61,26,-10.876274108886719,37.5406608581543,0.3333333432674408,0.3333333432674408,1.0
61,27,-9.06329345703125,92.91143798828125,0.0,0.5,1.0
61,28,-23.239639282226562,2313.568115234375,0.0,0.6666666865348816,0.6666666865348816
61,29,-18.84463119506836,8.116085052490234,0.4444444477558136,0.7777777910232544,1.0
61,30,-15.613525390625,22.707721710205078,0.4000000059604645,0.800000011920929,0.800000011920929
61,31,-9.215914726257324,21.58441925048828,0.3333333432674408,1.0,1.0
61,32,-18.581459045410156,10837.087890625,0.0,0.0,0.0
61,33,-7.114071369171143,10.711920738220215,0.0,1.0,1.0
61,34,-12.014966011047363,11.056221008300781,0.6000000238418579,0.800000011920929,1.0
61,35,-18.749290466308594,108.5621337890625,0.0,0.5,1.0
61,36,-12.348031997680664,61.314151763916016,0.0,0.3333333432674408,1.0
61,37,-11.78155517578125,19.018054962158203,0.75,0.75,0.75
61,38,-5.1245036125183105,3.600691318511963,0.75,0.75,1.0
61,39,-4.904336929321289,5.128324508666992,0.6666666865348816,1.0,1.0
61,40,-13.455194473266602,88.68270874023438,0.0,0.3333333432674408,1.0
61,41,-20.872657775878906,1051.057861328125,0.0,0.0,0.6666666865348816
61,42,-18.569293975830078,103.78521728515625,0.25,0.75,0.75
61,43,-23.21603012084961,47.91067123413086,0.3333333432674408,0.6666666865348816,0.8333333730697632
61,44,-9.44355583190918,112.36785888671875,0.0,0.5,1.0
61,45,-12.36405086517334,11.855717658996582,0.4000000059604645,0.800000011920929,1.0
61,46,-19.117835998535156,119.03993225097656,0.25,0.5,0.75
62,0,-7.73284387588501,4.695331573486328,0.6000000238418579,0.800000011920929,1.0
62,1,-2.95363712310791,4.378992080688477,0.5,1.0,1.0
62,2,-19.1606388092041,46.1606559753418,0.4000000059604645,0.6000000238418579,0.800000011920929
62,3,-11.29175853729248,43.117095947265625,0.0,0.3333333432674408,1.0
62,4,-13.929740905761719,1058.7777099609375,0.5,0.5,0.5
62,5,-8.451866149902344,16.73142433166504,0.3333333432674408,0.6666666865348816,1.0
62,6,-25.871212005615234,176.66273498535156,0.20000000298023224,0.6000000238418579,0.6000000238418579
62,7,-23.210966110229492,331.20635986328125,0.25,0.25,0.5
62,8,-11.637300491333008,48.38065719604492,0.3333333432674408,0.3333333432674408,1.0
62,9,-6.370981216430664,24.179147720336914,0.5,0.5,1.0
62,10,-12.155471801757812,57.50225067138672,0.3333333432674408,0.6666666865348816,1.0
62,11,-13.930170059204102,1059.0050048828125,0.0,0.5,0.5
62,12,-11.289891242980957,43.09026336669922,0.3333333432674408,0.6666666865348816,1.0
62,13,-23.55794334411621,2572.536865234375,0.3333333432674408,0.3333333432674408,0.3333333432674408
62,14,-4.608442306518555,10.016373634338379,0.0,1.0,1.0
62,15,-5.805290699005127,18.222286224365234,0.5,0.5,1.0
62,16,-14.695734024047852,39.4066047668457,0.25,0.5,1.0
62,17,-8.275690078735352,15.777159690856934,0.0,0.6666666865348816,1.0
62,18,-6.001498222351074,20.100589752197266,0.0,1.0,1.0
62,19,-12.125850677490234,56.93727493286133,0.0,0.3333333432674408,1.0
62,20,-14.262774467468262,35.36397171020508,0.25,0.5,0.75
62,21,-13.96243667602539,105.01947021484375,0.0,0.6666666865348816,0.6666666865348816
62,22,-6.58308219909668,26.88426399230957,0.5,0.5,1.0
62,23,-12.25958251953125,21.43222427368164,0.25,0.75,1.0
62,24,-21.88245964050293,11.374617576599121,0.4444444477558136,0.7777777910232544,1.0
62,25,-14.566375732421875,1455.6209716796875,0.0,0.5,0.5
62,26,-10.884462356567383,37.64326477050781,0.3333333432674408,0.3333333432674408,1.0
62,27,-9.027677536010742,91.27151489257812,0.0,0.5,1.0
62,28,-23.365882873535156,2413.003662109375,0.0,0.6666666865348816,0.6666666865348816
62,29,-18.82645034790039,8.099706649780273,0.4444444477558136,0.7777777910232544,1.0
62,30,-15.602163314819336,22.656177520751953,0.4000000059604645,0.800000011920929,0.800000011920929
62,31,-9.146068572998047,21.08769416809082,0.3333333432674408,1.0,1.0
62,32,-18.603858947753906,10959.14453125,0.0,0.0,0.0
62,33,-7.130071640014648,10.769205093383789,0.0,1.0,1.0
62,34,-11.942787170410156,10.897762298583984,0.6000000238418579,0.800000011920929,1.0
62,35,-18.63010597229004,105.37511444091797,0.0,0.5,1.0
62,36,-12.42660903930664,62.94131851196289,0.0,0.3333333432674408,1.0
62,37,-11.752395629882812,18.879919052124023,0.75,0.75,0.75
62,38,-5.1323065757751465,3.607722282409668,0.75,0.75,1.0
62,39,-4.814727783203125,4.977407932281494,0.6666666865348816,1.0,1.0
62,40,-13.408782958984375,87.32130432128906,0.0,0.0,1.0
62,41,-20.811641693115234,1029.8968505859375,0.0,0.0,0.6666666865348816
62,42,-18.452836990356445,100.80714416503906,0.25,0.75,0.75
62,43,-23.31989288330078,48.74725341796875,0.3333333432674408,0.6666666865348816,0.8333333730697632
62,44,-9.491996765136719,115.12268829345703,0.0,0.5,1.0
62,45,-12.372637748718262,11.87609577178955,0.4000000059604645,0.800000011920929,1.0
62,46,-19.161014556884766,120.33189392089844,0.25,0.5,0.75
63,0,-7.703680992126465,4.668025493621826,0.6000000238418579,0.800000011920929,1.0
63,1,-2.9792227745056152,4.435371398925781,0.5,1.0,1.0
63,2,-19.070741653442383,45.338130950927734,0.4000000059604645,0.6000000238418579,0.800000011920929
63,3,-11.338375091552734,43.79231262207031,0.0,0.3333333432674408,1.0
63,4,-13.92309856414795,1055.2672119140625,0.5,0.5,0.5
63,5,-8.479438781738281,16.88591194152832,0.3333333432674408,0.6666666865348816,1.0
63,6,-25.857616424560547,176.1829833984375,0.20000000298023224,0.6000000238418579,0.6000000238418579
63,7,-23.24489974975586,334.02801513671875,0.25,0.25,0.5
63,8,-11.621055603027344,48.119384765625,0.3333333432674408,0.3333333432674408,1.0
63,9,-6.37344217300415,24.20891761779785,0.5,0.5,1.0
63,10,-12.145915985107422,57.31938171386719,0.3333333432674408,0.6666666865348816,1.0
63,11,-13.87548828125,1030.443115234375,0.0,0.5,0.5
63,12,-11.284920692443848,43.0189323425293,0.3333333432674408,0.6666666865348816,1.0
63,13,-23.5362491607666,2554.00146484375,0.3333333432674408,0.3333333432674408,0.3333333432674408
63,14,-4.6143341064453125,10.04592514038086,0.0,1.0,1.0
63,15,-5.795053958892822,18.129255294799805,0.5,0.5,1.0
63,16,-14.641569137573242,38.876590728759766,0.25,0.5,1.0
63,17,-8.251668930053711,15.651334762573242,0.0,0.6666666865348816,1.0
63,18,-6.064857006072998,20.747556686401367,0.0,1.0,1.0
63,19,-12.093263626098633,56.322147369384766,0.0,0.3333333432674408,1.0
63,20,-14.313133239746094,35.812007904052734,0.25,0.5,0.75
63,21,-13.916735649108887,103.43172454833984,0.0,0.6666666865348816,0.6666666865348816
63,22,-6.54890251159668,26.42871856689453,0.5,0.5,1.0
63,23,-12.238700866699219,21.32063102722168,0.25,0.75,1.0
63,24,-21.90192985534668,11.399252891540527,0.4444444477558136,0.7777777910232544,1.0
63,25,-14.511112213134766,1415.9501953125,0.0,0.5,0.5
63,26,-10.892582893371582,37.745304107666016,0.3333333432674408,0.3333333432674408,1.0
63,27,-8.997661590576172,89.91194915771484,0.0,0.5,1.0
63,28,-23.239871978759766,2313.748046875,0.0,0.6666666865348816,0.6666666865348816
63,29,-18.86947250366211,8.138518333435059,0.4444444477558136,0.7777777910232544,1.0
63,30,-15.542055130004883,22.385446548461914,0.4000000059604645,0.800000011920929,0.800000011920929
63,31,-9.183609008789062,21.353229522705078,0.3333333432674408,1.0,1.0
63,32,-18.61167335510254,11002.0478515625,0.0,0.0,0.0
63,33,-7.132716178894043,10.778701782226562,0.0,1.0,1.0
63,34,-11.962434768676758,10.940670013427734,0.6000000238418579,0.800000011920929,1.0
63,35,-18.672576904296875,106.49992370605469,0.0,0.5,1.0
63,36,-12.411530494689941,62.62577819824219,0.0,0.3333333432674408,1.0
63,37,-11.771185874938965,18.96881675720215,0.75,0.75,0.75
63,38,-5.141830921173096,3.6163227558135986,0.75,0.75,1.0
63,39,-4.833700180053711,5.00898551940918,0.6666666865348816,1.0,1.0
63,40,-13.446126937866211,88.4150619506836,0.0,0.3333333432674408,1.0
63,41,-20.771299362182617,1016.1401977539062,0.0,0.0,0.6666666865348816
63,42,-18.572341918945312,103.86433410644531,0.25,0.75,0.75
63,43,-23.243228912353516,48.12835693359375,0.3333333432674408,0.6666666865348816,0.8333333730697632
63,44,-9.496621131896973,115.38917541503906,0.0,0.5,1.0
63,45,-12.304328918457031,11.714949607849121,0.4000000059604645,0.800000011920929,1.0
63,46,-19.199607849121094,121.4985122680664,0.25,0.5,0.75
64,0,-7.80435848236084,4.7629714012146,0.6000000238418579,0.800000011920929,1.0
64,1,-2.945176839828491,4.360507488250732,0.5,1.0,1.0
64,2,-19.134416580200195,45.9192008972168,0.4000000059604645,0.6000000238418579,0.800000011920929
64,3,-11.358148574829102,44.081912994384766,0.0,0.3333333432674408,1.0
64,4,-13.911478996276855,1049.154052734375,0.5,0.5,0.5
64,5,-8.463558197021484,16.79676055908203,0.3333333432674408,0.6666666865348816,1.0
64,6,-25.919178009033203,178.36561584472656,0.20000000298023224,0.6000000238418579,0.6000000238418579
64,7,-23.200746536254883,330.3612365722656,0.25,0.25,0.5
64,8,-11.592245101928711,47.659481048583984,0.3333333432674408,0.3333333432674408,1.0
64,9,-6.377029895782471,24.252384185791016,0.5,0.5,1.0
64,10,-12.099111557006836,56.432044982910156,0.3333333432674408,0.6666666865348816,1.0
64,11,-13.906330108642578,1046.4566650390625,0.0,0.5,0.5
64,12,-11.225662231445312,42.17751693725586,0.3333333432674408,0.6666666865348816,1.0
64,13,-23.55153465270996,2567.047119140625,0.3333333432674408,0.3333333432674408,0.3333333432674408
64,14,-4.580893516540527,9.879350662231445,0.0,1.0,1.0
64,15,-5.767584323883057,17.881956100463867,0.5,0.5,1.0
64,16,-14.626960754394531,38.734867095947266,0.25,0.5,1.0
64,17,-8.270223617553711,15.74843978881836,0.0,0.6666666865348816,1.0
64,18,-6.058587551116943,20.682621002197266,0.0,1.0,1.0
64,19,-12.084671020507812,56.16105270385742,0.0,0.3333333432674408,1.0
64,20,-14.25955581665039,35.33552932739258,0.25,0.5,0.75
64,21,-13.908869743347168,103.16091918945312,0.0,0.6666666865348816,0.6666666865348816
64,22,-6.602969169616699,27.15291976928711,0.5,0.5,1.0
64,23,-12.19612979888916,21.094924926757812,0.25,0.75,1.0
64,24,-21.92123031616211,11.423725128173828,0.4444444477558136,0.7777777910232544,1.0
64,25,-14.533299446105957,1431.74560546875,0.0,0.5,0.5
64,26,-10.883800506591797,37.63496398925781,0.3333333432674408,0.3333333432674408,1.0
64,27,-9.056009292602539,92.57366180419922,0.0,0.5,1.0
64,28,-23.261844635009766,2330.756591796875,0.0,0.6666666865348816,0.6666666865348816
64,29,-18.8608455657959,8.130719184875488,0.4444444477558136,0.7777777910232544,1.0
64,30,-15.610530853271484,22.69412612915039,0.4000000059604645,0.800000011920929,0.800000011920929
64,31,-9.18850326538086,21.38809585571289,0.3333333432674408,1.0,1.0
64,32,-18.710643768310547,11560.1826171875,0.0,0.0,0.0
64,33,-7.115015029907227,10.715289115905762,0.0,1.0,1.0
64,34,-11.96179485321045,10.93927001953125,0.6000000238418579,0.800000011920929,1.0
64,35,-18.608530044555664,104.80825805664062,0.0,0.5,1.0
64,36,-12.38978099822998,62.17339324951172,0.0,0.3333333432674408,1.0
64,37,-11.749786376953125,18.86760902404785,0.75,0.75,0.75
64,38,-5.079347133636475,3.5602712631225586,0.75,1.0,1.0
64,39,-4.875692844390869,5.079591751098633,0.6666666865348816,1.0,1.0
64,40,-13.48045825958252,89.43265533447266,0.0,0.3333333432674408,1.0
64,41,-20.750308990478516,1009.054931640625,0.0,0.0,0.6666666865348816
64,42,-18.506431579589844,102.16690826416016,0.25,0.75,0.75
64,43,-23.232940673828125,48.045902252197266,0.3333333432674408,0.6666666865348816,0.8333333730697632
64,44,-9.496199607849121,115.36486053466797,0.0,0.5,1.0
64,45,-12.347945213317871,11.817588806152344,0.4000000059604645,0.800000011920929,1.0
64,46,-19.192779541015625,121.29127502441406,0.25,0.5,0.75
65,0,-7.689445495605469,4.654754161834717,0.6000000238418579,0.800000011920929,1.0
65,1,-2.946547508239746,4.363496780395508,0.5,1.0,1.0
65,2,-19.053024291992188,45.17775344848633,0.6000000238418579,0.6000000238418579,0.800000011920929
65,3,-11.352819442749023,44.0036735534668,0.0,0.3333333432674408,1.0
65,4,-13.902030944824219,1044.2095947265625,0.5,0.5,0.5
65,5,-8.461661338806152,16.786142349243164,0.3333333432674408,0.6666666865348816,1.0
65,6,-25.845911026000977,175.7710418701172,0.20000000298023224,0.6000000238418579,0.6000000238418579
65,7,-23.17844009399414,328.5240173339844,0.25,0.25,0.5
65,8,-11.611785888671875,47.97092819213867,0.3333333432674408,0.3333333432674408,1.0
65,9,-6.375397682189941,24.232601165771484,0.5,0.5,1.0
65,10,-12.125410079956055,56.92891311645508,0.3333333432674408,0.6666666865348816,1.0
65,11,-13.872995376586914,1029.1595458984375,0.0,0.5,0.5
65,12,-11.225495338439941,42.175174713134766,0.3333333432674408,0.6666666865348816,1.0
65,13,-23.53715705871582,2554.7734375,0.3333333432674408,0.3333333432674408,0.3333333432674408
65,14,-4.562257289886475,9.787721633911133,0.0,1.0,1.0
65,15,-5.77457332611084,17.94455337524414,0.5,0.5,1.0
65,16,-14.559114456176758,38.083404541015625,0.25,0.5,1.0
65,17,-8.310982704162598,15.963862419128418,0.0,0.6666666865348816,1.0
65,18,-6.04720401763916,20.56523323059082,0.0,1.0,1.0
65,19,-12.043678283691406,55.39887237548828,0.0,0.3333333432674408,1.0
65,20,-14.291457176208496,35.61846923828125,0.25,0.5,0.75
65,21,-13.940532684326172,104.25547790527344,0.0,0.6666666865348816,0.6666666865348816
65,22,-6.638879776000977,27.64486312866211,0.5,0.5,1.0
65,23,-12.263237953186035,21.451820373535156,0.25,0.75,1.0
65,24,-21.903236389160156,11.400907516479492,0.4444444477558136,0.7777777910232544,1.0
65,25,-14.576826095581055,1463.2467041015625,0.0,0.5,0.5
65,26,-10.904350280761719,37.89365005493164,0.3333333432674408,0.3333333432674408,1.0
65,27,-9.028295516967773,91.29972839355469,0.0,0.5,1.0
65,28,-23.26775550842285,2335.353271484375,0.0,0.6666666865348816,0.6666666865348816
65,29,-18.827646255493164,8.10078239440918,0.4444444477558136,0.7777777910232544,1.0
65,30,-15.640946388244629,22.832599639892578,0.4000000059604645,0.800000011920929,0.800000011920929
65,31,-9.153703689575195,21.141427993774414,0.3333333432674408,1.0,1.0
65,32,-18.684925079345703,11412.4765625,0.0,0.0,0.0
65,33,-7.162731170654297,10.887083053588867,0.0,1.0,1.0
65,34,-11.990850448608398,11.003022193908691,0.6000000238418579,0.800000011920929,1.0
65,35,-18.619163513183594,105.08724975585938,0.0,0.5,1.0
65,36,-12.37385082244873,61.8441276550293,0.0,0.3333333432674408,1.0
65,37,-11.739513397216797,18.8192138671875,0.75,0.75,0.75
65,38,-5.124487400054932,3.6006767749786377,0.75,0.75,1.0
65,39,-4.810693740844727,4.970719337463379,0.6666666865348816,1.0,1.0
65,40,-13.456351280212402,88.71688842773438,0.0,0.3333333432674408,1.0
65,41,-20.81629180908203,1031.49462890625,0.0,0.0,0.6666666865348816
65,42,-18.531726837158203,102.81504821777344,0.25,0.75,0.75
65,43,-23.242130279541016,48.119544982910156,0.3333333432674408,0.6666666865348816,0.8333333730697632
65,44,-9.46978759765625,113.85137176513672,0.0,0.5,1.0
65,45,-12.344503402709961,11.809456825256348,0.4000000059604645,0.800000011920929,1.0
65,46,-19.238311767578125,122.6798324584961,0.25,0.5,0.75
66,0,-7.654045104980469,4.621914863586426,0.6000000238418579,0.800000011920929,1.0
66,1,-2.9696836471557617,4.414267063140869,0.5,1.0,1.0
66,2,-19.04322052001953,45.08926010131836,0.4000000059604645,0.6000000238418579,0.800000011920929
66,3,-11.32651138305664,43.61948013305664,0.0,0.3333333432674408,1.0
66,4,-13.914575576782227,1050.77978515625,0.5,0.5,0.5
66,5,-8.492076873779297,16.957197189331055,0.3333333432674408,0.6666666865348816,1.0
66,6,-25.889259338378906,177.30149841308594,0.20000000298023224,0.6000000238418579,0.6000000238418579
66,7,-23.18213653564453,328.8277587890625,0.25,0.25,0.5
66,8,-11.575878143310547,47.400184631347656,0.3333333432674408,0.3333333432674408,1.0
66,9,-6.442000865936279,25.053171157836914,0.5,0.5,1.0
66,10,-12.114984512329102,56.73141860961914,0.3333333432674408,0.6666666865348816,1.0
66,11,-13.934677124023438,1061.3941650390625,0.0,0.5,0.5
66,12,-11.212193489074707,41.98858642578125,0.3333333432674408,0.6666666865348816,1.0
66,13,-23.496503829956055,2520.387939453125,0.3333333432674408,0.3333333432674408,0.3333333432674408
66,14,-4.575710296630859,9.853779792785645,0.0,1.0,1.0
66,15,-5.783580303192139,18.025550842285156,0.5,0.5,1.0
66,16,-14.492908477783203,37.458251953125,0.25,0.5,1.0
66,17,-8.24127197265625,15.597187042236328,0.0,0.6666666865348816,1.0
66,18,-6.054724216461182,20.64270782470703,0.0,1.0,1.0
66,19,-12.0515775680542,55.54493713378906,0.0,0.3333333432674408,1.0
66,20,-14.332552909851074,35.986297607421875,0.25,0.5,0.75
66,21,-13.940566062927246,104.25662231445312,0.0,0.6666666865348816,0.6666666865348816
66,22,-6.646238327026367,27.746763229370117,0.5,0.5,1.0
66,23,-12.229374885559082,21.270978927612305,0.25,0.75,1.0
66,24,-21.890365600585938,11.384615898132324,0.4444444477558136,0.7777777910232544,1.0
66,25,-14.588451385498047,1471.7769775390625,0.0,0.5,0.5
66,26,-10.899392127990723,37.83107376098633,0.3333333432674408,0.3333333432674408,1.0
66,27,-8.99155330657959,89.63775634765625,0.0,0.5,1.0
66,28,-23.2963924407959,2357.7529296875,0.0,0.6666666865348816,0.6666666865348816
66,29,-18.76468849182129,8.044313430786133,0.4444444477558136,0.7777777910232544,1.0
66,30,-15.677579879760742,23.00050163269043,0.4000000059604645,0.800000011920929,0.800000011920929
66,31,-9.249269485473633,21.82573699951172,0.3333333432674408,1.0,1.0
66,32,-18.70458221435547,11525.19921875,0.0,0.0,0.0
66,33,-7.155625343322754,10.86132526397705,0.0,1.0,1.0
66,34,-11.992728233337402,11.007158279418945,0.6000000238418579,0.800000011920929,1.0
66,35,-18.686016082763672,106.85834503173828,0.0,0.5,1.0
66,36,-12.43693733215332,63.158382415771484,0.0,0.3333333432674408,1.0
66,37,-11.751348495483398,18.874977111816406,0.75,0.75,0.75
66,38,-5.141246795654297,3.6157948970794678,0.75,0.75,1.0
66,39,-4.828002452850342,4.999481201171875,0.6666666865348816,1.0,1.0
66,40,-13.395410537719727,86.93293762207031,0.0,0.3333333432674408,1.0
66,41,-20.80335807800293,1027.056884765625,0.0,0.0,0.6666666865348816
66,42,-18.561546325683594,103.58438873291016,0.25,0.75,0.75
66,43,-23.215118408203125,47.90339660644531,0.3333333432674408,0.6666666865348816,0.8333333730697632
66,44,-9.479147911071777,114.38546752929688,0.0,0.5,1.0
66,45,-12.328763008117676,11.772339820861816,0.4000000059604645,0.800000011920929,1.0
66,46,-19.112916946411133,118.89363098144531,0.25,0.5,0.75
67,0,-7.712357997894287,4.676133632659912,0.6000000238418579,0.800000011920929,1.0
67,1,-2.9744961261749268,4.424901962280273,0.5,1.0,1.0
67,2,-19.098539352416992,45.59088897705078,0.4000000059604645,0.6000000238418579,0.800000011920929
67,3,-11.340461730957031,43.82278823852539,0.0,0.3333333432674408,1.0
67,4,-13.875353813171387,1030.373779296875,0.5,0.5,0.5
67,5,-8.450894355773926,16.726009368896484,0.3333333432674408,0.6666666865348816,1.0
67,6,-25.738218307495117,172.02565002441406,0.20000000298023224,0.6000000238418579,0.6000000238418579
67,7,-23.256271362304688,334.97900390625,0.25,0.25,0.5
67,8,-11.579323768615723,47.454654693603516,0.3333333432674408,0.3333333432674408,1.0
67,9,-6.418510437011719,24.760637283325195,0.5,0.5,1.0
67,10,-12.148910522460938,57.37661361694336,0.3333333432674408,0.6666666865348816,1.0
67,11,-13.927852630615234,1057.7786865234375,0.0,0.5,0.5
67,12,-11.23744010925293,42.34343338012695,0.3333333432674408,0.6666666865348816,1.0
67,13,-23.540376663208008,2557.51708984375,0.3333333432674408,0.3333333432674408,0.3333333432674408
67,14,-4.566390037536621,9.807967185974121,0.0,1.0,1.0
67,15,-5.8130316734313965,18.292951583862305,0.5,0.5,1.0
67,16,-14.555469512939453,38.0487174987793,0.25,0.5,1.0
67,17,-8.284168243408203,15.82181167602539,0.0,0.6666666865348816,1.0
67,18,-6.076665878295898,20.87042236328125,0.0,1.0,1.0
67,19,-12.092846870422363,56.314334869384766,0.0,0.3333333432674408,1.0
67,20,-14.314311981201172,35.822566986083984,0.25,0.5,0.75
67,21,-13.971688270568848,105.34381866455078,0.0,0.6666666865348816,0.6666666865348816
67,22,-6.5353803634643555,26.250635147094727,0.5,0.5,1.0
67,23,-12.2429838180542,21.343473434448242,0.25,0.75,1.0
67,24,-21.943710327148438,11.452293395996094,0.4444444477558136,0.7777777910232544,1.0
67,25,-14.615118980407715,1491.5325927734375,0.0,0.5,0.5
67,26,-10.874635696411133,37.52016830444336,0.3333333432674408,0.3333333432674408,1.0
67,27,-9.04678726196289,92.14778137207031,0.0,0.5,1.0
67,28,-23.264575958251953,2332.87939453125,0.0,0.6666666865348816,0.6666666865348816
67,29,-18.706361770629883,7.992347717285156,0.4444444477558136,0.7777777910232544,1.0
67,30,-15.699131965637207,23.099853515625,0.4000000059604645,0.800000011920929,0.800000011920929
67,31,-9.19344711303711,21.423372268676758,0.3333333432674408,1.0,1.0
67,32,-18.704788208007812,11526.3857421875,0.0,0.0,0.0
67,33,-7.151395797729492,10.846024513244629,0.0,1.0,1.0
67,34,-11.95899772644043,10.933150291442871,0.6000000238418579,0.800000011920929,1.0
67,35,-18.6318302154541,105.4205551147461,0.0,0.5,1.0
67,36,-12.448803901672363,63.408721923828125,0.0,0.3333333432674408,1.0
67,37,-11.748281478881836,18.860511779785156,0.75,0.75,0.75
67,38,-5.095032691955566,3.5742602348327637,0.75,1.0,1.0
67,39,-4.849412441253662,5.035288333892822,0.6666666865348816,1.0,1.0
67,40,-13.464770317077637,88.96623229980469,0.0,0.3333333432674408,1.0
67,41,-20.718095779418945,998.2782592773438,0.0,0.0,0.6666666865348816
67,42,-18.532773971557617,102.84196472167969,0.25,0.75,0.75
67,43,-23.228721618652344,48.012123107910156,0.3333333432674408,0.6666666865348816,0.8333333730697632
67,44,-9.500783920288086,115.62960815429688,0.0,0.5,1.0
67,45,-12.280402183532715,11.65902328491211,0.4000000059604645,1.0,1.0
67,46,-19.18305015563965,120.99662017822266,0.25,0.5,0.75
68,0,-7.722858428955078,4.6859636306762695,0.6000000238418579,0.800000011920929,1.0
68,1,-2.950767755508423,4.372714042663574,0.5,1.0,1.0
68,2,-19.15185546875,46.07963562011719,0.4000000059604645,0.6000000238418579,0.800000011920929
68,3,-11.325035095214844,43.5980224609375,0.0,0.3333333432674408,1.0
68,4,-13.856541633605957,1020.7274780273438,0.5,0.5,0.5
68,5,-8.435325622558594,16.63943099975586,0.3333333432674408,0.6666666865348816,1.0
68,6,-25.76255226135254,172.8649444580078,0.20000000298023224,0.6000000238418579,0.6000000238418579
68,7,-23.170677185058594,327.8870849609375,0.25,0.25,0.5
68,8,-11.605670928955078,47.873252868652344,0.3333333432674408,0.3333333432674408,1.0
68,9,-6.447713375091553,25.124832153320312,0.5,0.5,1.0
68,10,-12.181008338928223,57.993797302246094,0.3333333432674408,0.6666666865348816,1.0
68,11,-13.958036422729492,1073.863525390625,0.0,0.5,0.5
68,12,-11.242661476135254,42.41719436645508,0.3333333432674408,0.6666666865348816,1.0
68,13,-23.537736892700195,2555.26806640625,0.3333333432674408,0.3333333432674408,0.3333333432674408
68,14,-4.5833964347839355,9.891721725463867,0.0,1.0,1.0
68,15,-5.847257137298584,18.608686447143555,0.5,0.5,1.0
68,16,-14.607550621032715,38.54736328125,0.25,0.5,1.0
68,17,-8.285409927368164,15.828362464904785,0.0,0.6666666865348816,1.0
68,18,-6.0955352783203125,21.068260192871094,0.0,1.0,1.0
68,19,-12.100635528564453,56.46070861816406,0.0,0.3333333432674408,1.0
68,20,-14.262557983398438,35.362060546875,0.25,0.5,0.75
68,21,-13.96253776550293,105.0229721069336,0.0,0.6666666865348816,0.6666666865348816
68,22,-6.595180511474609,27.047382354736328,0.5,0.5,1.0
68,23,-12.204057693481445,21.136775970458984,0.25,0.75,1.0
68,24,-21.895009994506836,11.390491485595703,0.4444444477558136,0.7777777910232544,1.0
68,25,-14.578411102294922,1464.4068603515625,0.0,0.5,0.5
68,26,-10.836414337158203,37.04517364501953,0.3333333432674408,0.3333333432674408,1.0
68,27,-9.085366249084473,93.9425277709961,0.0,0.5,1.0
68,28,-23.283824920654297,2347.895751953125,0.0,0.6666666865348816,0.6666666865348816
68,29,-18.814878463745117,8.089298248291016,0.4444444477558136,0.7777777910232544,1.0
68,30,-15.614540100097656,22.71233367919922,0.4000000059604645,0.800000011920929,0.800000011920929
68,31,-9.230297088623047,21.68814468383789,0.3333333432674408,1.0,1.0
68,32,-18.752079010009766,11802.1806640625,0.0,0.0,0.0
68,33,-7.123790740966797,10.74668025970459,0.0,1.0,1.0
68,34,-11.934253692626953,10.879179000854492,0.6000000238418579,0.800000011920929,1.0
68,35,-18.655956268310547,106.05831909179688,0.0,0.5,1.0
68,36,-12.42231559753418,62.851314544677734,0.0,0.3333333432674408,1.0
68,37,-11.74442195892334,18.842323303222656,0.75,0.75,0.75
68,38,-5.065865516662598,3.5482919216156006,0.75,1.0,1.0
68,39,-4.812645435333252,4.973954200744629,0.6666666865348816,1.0,1.0
68,40,-13.447298049926758,88.44960021972656,0.0,0.3333333432674408,1.0
68,41,-20.811748504638672,1029.9337158203125,0.0,0.0,0.6666666865348816
68,42,-18.640676498413086,105.6539535522461,0.25,0.75,0.75
68,43,-23.19527244567871,47.745216369628906,0.3333333432674408,0.6666666865348816,0.8333333730697632
68,44,-9.501220703125,115.65486145019531,0.0,0.5,1.0
68,45,-12.351091384887695,11.825026512145996,0.4000000059604645,0.800000011920929,1.0
68,46,-19.264877319335938,123.497314453125,0.25,0.5,0.75
69,0,-7.698349952697754,4.663051128387451,0.6000000238418579,0.800000011920929,1.0
69,1,-2.9462833404541016,4.362920761108398,0.5,1.0,1.0
69,2,-19.041105270385742,45.070194244384766,0.6000000238418579,0.6000000238418579,0.800000011920929
69,3,-11.317138671875,43.48341369628906,0.0,0.3333333432674408,1.0
69,4,-13.868924140930176,1027.066650390625,0.0,0.5,0.5
69,5,-8.44829273223877,16.71150779724121,0.3333333432674408,0.6666666865348816,1.0
69,6,-25.740211486816406,172.09423828125,0.20000000298023224,0.6000000238418579,0.6000000238418579
69,7,-23.19977378845215,330.2809143066406,0.25,0.25,0.5
69,8,-11.664690017700195,48.82439422607422,0.3333333432674408,0.3333333432674408,1.0
69,9,-6.420351028442383,24.783435821533203,0.5,0.5,1.0
69,10,-12.18488597869873,58.06882095336914,0.3333333432674408,0.6666666865348816,1.0
69,11,-13.955216407775879,1072.3504638671875,0.0,0.5,0.5
69,12,-11.250958442687988,42.53466796875,0.3333333432674408,0.6666666865348816,1.0
69,13,-23.457622528076172,2487.933349609375,0.3333333432674408,0.3333333432674408,0.3333333432674408
69,14,-4.601523399353027,9.981781959533691,0.0,1.0,1.0
69,15,-5.8072004318237305,18.239694595336914,0.5,0.5,1.0
69,16,-14.577985763549805,38.26350021362305,0.25,0.5,1.0
69,17,-8.320512771606445,16.0146541595459,0.0,0.6666666865348816,1.0
69,18,-6.0192551612854,20.27984619140625,0.0,1.0,1.0
69,19,-12.05517578125,55.61161422729492,0.0,0.3333333432674408,1.0
69,20,-14.324210166931152,35.911319732666016,0.25,0.5,0.75
69,21,-13.972461700439453,105.37100219726562,0.0,0.6666666865348816,0.6666666865348816
69,22,-6.642253398895264,27.6915340423584,0.5,0.5,1.0
69,23,-12.203439712524414,21.13351058959961,0.25,0.75,1.0
69,24,-21.953826904296875,11.465174674987793,0.4444444477558136,0.7777777910232544,1.0
69,25,-14.533327102661133,1431.765380859375,0.0,0.5,0.5
69,26,-10.84914493560791,37.20270919799805,0.3333333432674408,0.3333333432674408,1.0
69,27,-9.03339958190918,91.53302001953125,0.0,0.5,1.0
69,28,-23.252159118652344,2323.243408203125,0.0,0.6666666865348816,0.6666666865348816
69,29,-18.83480453491211,8.107227325439453,0.4444444477558136,0.7777777910232544,1.0
69,30,-15.604203224182129,22.665422439575195,0.4000000059604645,0.800000011920929,0.800000011920929
69,31,-9.159961700439453,21.185577392578125,0.3333333432674408,1.0,1.0
69,32,-18.683290481567383,11403.1533203125,0.0,0.0,0.0
69,33,-7.143087863922119,10.816031455993652,0.0,1.0,1.0
69,34,-11.978473663330078,10.975820541381836,0.6000000238418579,0.800000011920929,1.0
69,35,-18.627948760986328,105.31830596923828,0.0,0.5,1.0
69,36,-12.436178207397461,63.142425537109375,0.0,0.3333333432674408,1.0
69,37,-11.728192329406738,18.76602554321289,0.75,0.75,0.75
69,38,-5.119091987609863,3.595823287963867,0.75,0.75,1.0
69,39,-4.849379539489746,5.035233020782471,0.6666666865348816,1.0,1.0
69,40,-13.490335464477539,89.72760009765625,0.0,0.3333333432674408,1.0
69,41,-20.671607971191406,982.927978515625,0.0,0.0,0.6666666865348816
69,42,-18.557754516601562,103.48623657226562,0.25,0.75,0.75
69,43,-23.247127532958984,48.159637451171875,0.3333333432674408,0.6666666865348816,0.8333333730697632
69,44,-9.45733642578125,113.144775390625,0.0,0.5,1.0
69,45,-12.421883583068848,11.99364185333252,0.4000000059604645,0.800000011920929,1.0
69,46,-19.266929626464844,123.56068420410156,0.25,0.5,0.75
70,0,-7.698033332824707,4.662755966186523,0.6000000238418579,0.800000011920929,1.0
70,1,-2.9538302421569824,4.3794145584106445,0.5,1.0,1.0
70,2,-19.105091094970703,45.650665283203125,0.6000000238418579,0.6000000238418579,0.800000011920929
70,3,-11.332520484924316,43.706939697265625,0.0,0.3333333432674408,1.0
70,4,-13.880340576171875,1032.946044921875,0.5,0.5,0.5
70,5,-8.51244068145752,17.072694778442383,0.3333333432674408,0.6666666865348816,1.0
70,6,-25.748504638671875,172.37997436523438,0.20000000298023224,0.6000000238418579,0.6000000238418579
70,7,-23.164108276367188,327.3490905761719,0.25,0.25,0.5
70,8,-11.600540161132812,47.79145050048828,0.3333333432674408,0.3333333432674408,1.0
70,9,-6.410002708435059,24.655532836914062,0.5,0.5,1.0
70,10,-12.12411880493164,56.9044075012207,0.3333333432674408,0.6666666865348816,1.0
70,11,-13.945626258850098,1067.2208251953125,0.0,0.5,0.5
70,12,-11.291970252990723,43.120140075683594,0.3333333432674408,0.6666666865348816,1.0
70,13,-23.526073455810547,2545.35205078125,0.3333333432674408,0.3333333432674408,0.3333333432674408
70,14,-4.603622913360596,9.992266654968262,0.0,1.0,1.0
70,15,-5.808084964752197,18.24776268005371,0.5,0.5,1.0
70,16,-14.584195137023926,38.32294464111328,0.25,0.5,1.0
70,17,-8.300198554992676,15.906580924987793,0.0,0.6666666865348816,1.0
70,18,-6.078034400939941,20.884706497192383,0.0,1.0,1.0
70,19,-11.97010612487793,54.056793212890625,0.0,0.3333333432674408,1.0
70,20,-14.251545906066895,35.26484298706055,0.25,0.5,0.75
70,21,-13.927456855773926,103.80204010009766,0.0,0.6666666865348816,0.6666666865348816
70,22,-6.496574401855469,25.746204376220703,0.5,0.5,1.0
70,23,-12.254569053649902,21.405380249023438,0.25,0.75,1.0
70,24,-21.938831329345703,11.446085929870605,0.4444444477558136,0.7777777910232544,1.0
70,25,-14.643686294555664,1512.9901123046875,0.0,0.5,0.5
70,26,-10.828298568725586,36.94509506225586,0.3333333432674408,0.3333333432674408,1.0
70,27,-9.047080993652344,92.16132354736328,0.0,0.5,1.0
70,28,-23.156431198120117,2250.28125,0.0,0.6666666865348816,0.6666666865348816
70,29,-18.843509674072266,8.115073204040527,0.4444444477558136,0.7777777910232544,1.0
70,30,-15.740438461303711,23.29148292541504,0.4000000059604645,0.800000011920929,0.800000011920929
70,31,-9.145406723022461,21.083038330078125,0.3333333432674408,1.0,1.0
70,32,-18.70792007446289,11544.44921875,0.0,0.0,0.0
70,33,-7.110471248626709,10.699071884155273,0.0,1.0,1.0
70,34,-11.94190788269043,10.895844459533691,0.6000000238418579,0.800000011920929,1.0
70,35,-18.64401626586914,105.74220275878906,0.0,0.5,1.0
70,36,-12.353395462036133,61.423858642578125,0.0,0.3333333432674408,1.0
70,37,-11.740086555480957,18.821910858154297,0.75,0.75,0.75
70,38,-5.114419460296631,3.591625213623047,0.75,1.0,1.0
70,39,-4.8403520584106445,5.020103931427002,0.6666666865348816,1.0,1.0
70,40,-13.416058540344238,87.53333282470703,0.0,0.3333333432674408,1.0
70,41,-20.858924865722656,1046.257568359375,0.0,0.0,0.6666666865348816
70,42,-18.52142906188965,102.55069732666016,0.25,0.75,0.75
70,43,-23.27434730529785,48.37861251831055,0.3333333432674408,0.6666666865348816,0.8333333730697632
70,44,-9.497939109802246,115.46524047851562,0.0,0.5,1.0
70,45,-12.294448852539062,11.69182300567627,0.4000000059604645,1.0,1.0
70,46,-19.227964401245117,122.3628921508789,0.25,0.5,0.75
71,0,-7.733111381530762,4.695582866668701,0.6000000238418579,0.800000011920929,1.0
71,1,-2.9447638988494873,4.359607219696045,0.5,1.0,1.0
71,2,-19.059001922607422,45.23180389404297,0.6000000238418579,0.6000000238418579,0.800000011920929
71,3,-11.313647270202637,43.432830810546875,0.0,0.3333333432674408,1.0
71,4,-13.889254570007324,1037.5601806640625,0.5,0.5,0.5
71,5,-8.47659683227539,16.86992073059082,0.3333333432674408,0.6666666865348816,1.0
71,6,-25.727407455444336,171.6541290283203,0.20000000298023224,0.6000000238418579,0.6000000238418579
71,7,-23.206953048706055,330.8742370605469,0.25,0.25,0.5
71,8,-11.659019470214844,48.73219680786133,0.3333333432674408,0.3333333432674408,1.0
71,9,-6.438361167907715,25.007619857788086,0.5,0.5,1.0
71,10,-12.16485595703125,57.68239974975586,0.3333333432674408,0.6666666865348816,1.0
71,11,-13.970549583435059,1080.603271484375,0.0,0.5,0.5
71,12,-11.23971176147461,42.37550735473633,0.3333333432674408,0.6666666865348816,1.0
71,13,-23.559452056884766,2573.831298828125,0.3333333432674408,0.3333333432674408,0.3333333432674408
71,14,-4.596190452575684,9.955202102661133,0.0,1.0,1.0
71,15,-5.824491024017334,18.3980655670166,0.5,0.5,1.0
71,16,-14.522777557373047,37.739013671875,0.25,0.5,1.0
71,17,-8.252558708190918,15.655978202819824,0.0,0.6666666865348816,1.0
71,18,-6.078944683074951,20.894214630126953,0.0,1.0,1.0
71,19,-12.010692596435547,54.79310607910156,0.0,0.3333333432674408,1.0
71,20,-14.29532527923584,35.65292739868164,0.25,0.5,0.75
71,21,-13.914904594421387,103.36861419677734,0.0,0.6666666865348816,0.6666666865348816
71,22,-6.557159423828125,26.538053512573242,0.5,0.5,1.0
71,23,-12.268966674804688,21.48256492614746,0.25,0.75,1.0
71,24,-21.907705307006836,11.406570434570312,0.4444444477558136,0.7777777910232544,1.0
71,25,-14.667263984680176,1530.9320068359375,0.0,0.5,0.5
71,26,-10.88560676574707,37.657630920410156,0.3333333432674408,0.3333333432674408,1.0
71,27,-9.090557098388672,94.18666076660156,0.0,0.5,1.0
71,28,-23.248912811279297,2320.731201171875,0.0,0.6666666865348816,0.6666666865348816
71,29,-18.89336395263672,8.160151481628418,0.4444444477558136,0.7777777910232544,1.0
71,30,-15.735443115234375,23.268220901489258,0.4000000059604645,0.800000011920929,0.800000011920929
71,31,-9.195413589477539,21.43741798400879,0.3333333432674408,1.0,1.0
71,32,-18.75839614868164,11839.5166015625,0.0,0.0,0.0
71,33,-7.139814376831055,10.804234504699707,0.0,1.0,1.0
71,34,-11.922049522399902,10.852656364440918,0.6000000238418579,0.800000011920929,1.0
71,35,-18.639598846435547,105.62548828125,0.0,0.5,1.0
71,36,-12.470931053161621,63.87813949584961,0.0,0.3333333432674408,1.0
71,37,-11.740803718566895,18.825286865234375,0.75,0.75,0.75
71,38,-5.15514612197876,3.62838077545166,0.75,0.75,1.0
71,39,-4.792934894561768,4.941381454467773,0.6666666865348816,1.0,1.0
71,40,-13.435647964477539,88.10677337646484,0.0,0.3333333432674408,1.0
71,41,-20.701385498046875,992.7329711914062,0.0,0.0,0.6666666865348816
71,42,-18.621660232543945,105.15286254882812,0.25,0.75,0.75
71,43,-23.148605346679688,47.37529373168945,0.3333333432674408,0.6666666865348816,0.8333333730697632
71,44,-9.484134674072266,114.6710205078125,0.0,0.5,1.0
71,45,-12.238801002502441,11.562419891357422,0.4000000059604645,1.0,1.0
71,46,-19.251251220703125,123.07732391357422,0.25,0.5,0.75
72,0,-7.688499450683594,4.653873920440674,0.6000000238418579,0.800000011920929,1.0
72,1,-2.940349578857422,4.3499956130981445,0.5,1.0,1.0
72,2,-19.09100341796875,45.522220611572266,0.6000000238418579,0.6000000238418579,0.800000011920929
72,3,-11.286983489990234,43.04852294921875,0.0,0.3333333432674408,1.0
72,4,-13.869485855102539,1027.3551025390625,0.5,0.5,0.5
72,5,-8.475606918334961,16.864355087280273,0.3333333432674408,0.6666666865348816,1.0
72,6,-25.743860244750977,172.21990966796875,0.20000000298023224,0.6000000238418579,0.6000000238418579
72,7,-23.13581657409668,325.0419006347656,0.25,0.25,0.5
72,8,-11.627811431884766,48.227874755859375,0.3333333432674408,0.3333333432674408,1.0
72,9,-6.425448417663574,24.846683502197266,0.5,0.5,1.0
72,10,-12.187206268310547,58.113746643066406,0.3333333432674408,0.6666666865348816,1.0
72,11,-13.907964706420898,1047.312255859375,0.0,0.5,0.5
72,12,-11.24510383605957,42.451744079589844,0.3333333432674408,0.6666666865348816,1.0
72,13,-23.58086585998535,2592.268310546875,0.3333333432674408,0.3333333432674408,0.3333333432674408
72,14,-4.586463928222656,9.906905174255371,0.0,1.0,1.0
72,15,-5.854284763336182,18.674190521240234,0.5,0.5,1.0
72,16,-14.559854507446289,38.090450286865234,0.25,0.5,1.0
72,17,-8.312429428100586,15.971564292907715,0.0,0.6666666865348816,1.0
72,18,-6.14454460144043,21.59090805053711,0.0,1.0,1.0
72,19,-12.068705558776855,55.86298751831055,0.0,0.3333333432674408,1.0
72,20,-14.271034240722656,35.437076568603516,0.25,0.5,0.75
72,21,-13.958191871643066,104.87094116210938,0.0,0.6666666865348816,0.6666666865348816
72,22,-6.6078362464904785,27.219078063964844,0.0,0.5,1.0
72,23,-12.259770393371582,21.433231353759766,0.25,0.75,1.0
72,24,-21.961530685424805,11.474992752075195,0.4444444477558136,0.7777777910232544,1.0
72,25,-14.655467987060547,1521.92919921875,0.0,0.5,0.5
72,26,-10.863946914672852,37.38672637939453,0.3333333432674408,0.3333333432674408,1.0
72,27,-9.092561721801758,94.28111267089844,0.0,0.5,1.0
72,28,-23.24933624267578,2321.05859375,0.0,0.6666666865348816,0.6666666865348816
72,29,-18.787282943725586,8.064532279968262,0.4444444477558136,0.7777777910232544,1.0
72,30,-15.669290542602539,22.96240234375,0.4000000059604645,0.800000011920929,0.800000011920929
72,31,-9.191625595092773,21.41036605834961,0.3333333432674408,1.0,1.0
72,32,-18.685810089111328,11417.5283203125,0.0,0.0,0.0
72,33,-7.07362174987793,10.568458557128906,0.0,1.0,1.0
72,34,-11.896600723266602,10.797560691833496,0.6000000238418579,0.800000011920929,1.0
72,35,-18.71076202392578,107.52146911621094,0.0,0.5,1.0
72,36,-12.450617790222168,63.44707489013672,0.0,0.3333333432674408,1.0
72,37,-11.746475219726562,18.85199546813965,0.75,0.75,0.75
72,38,-5.150773525238037,3.6244165897369385,0.75,0.75,1.0
72,39,-4.817756175994873,4.98243522644043,0.6666666865348816,1.0,1.0
72,40,-13.436053276062012,88.11866760253906,0.0,0.3333333432674408,1.0
72,41,-20.74787139892578,1008.2354125976562,0.0,0.0,0.6666666865348816
72,42,-18.69415283203125,107.07593536376953,0.25,0.75,0.75
72,43,-23.246091842651367,48.15132522583008,0.3333333432674408,0.6666666865348816,0.8333333730697632
72,44,-9.478017807006836,114.32085418701172,0.0,0.5,1.0
72,45,-12.287752151489258,11.676177024841309,0.4000000059604645,1.0,1.0
72,46,-19.259550094604492,123.33294677734375,0.25,0.5,0.75
73,0,-7.748072624206543,4.709654808044434,0.6000000238418579,0.800000011920929,1.0
73,1,-2.9453272819519043,4.360835075378418,0.5,1.0,1.0
73,2,-19.06148338317871,45.254249572753906,0.6000000238418579,0.6000000238418579,0.800000011920929
73,3,-11.321598052978516,43.548095703125,0.0,0.3333333432674408,1.0
73,4,-13.896501541137695,1041.32666015625,0.5,0.5,0.5
73,5,-8.469354629516602,16.829246520996094,0.3333333432674408,0.6666666865348816,1.0
73,6,-25.68242835998535,170.11685180664062,0.20000000298023224,0.6000000238418579,0.6000000238418579
73,7,-23.1887264251709,329.3699645996094,0.25,0.25,0.5
73,8,-11.609857559204102,47.94010543823242,0.3333333432674408,0.3333333432674408,1.0
73,9,-6.466957092285156,25.367746353149414,0.5,0.5,1.0
73,10,-12.16154670715332,57.61879348754883,0.3333333432674408,0.6666666865348816,1.0
73,11,-13.942069053649902,1065.3243408203125,0.0,0.5,0.5
73,12,-11.246848106384277,42.47642517089844,0.3333333432674408,0.6666666865348816,1.0
73,13,-23.459054946899414,2489.12109375,0.3333333432674408,0.3333333432674408,0.3333333432674408
73,14,-4.532415390014648,9.642762184143066,0.0,1.0,1.0
73,15,-5.805024147033691,18.21985626220703,0.5,0.5,1.0
73,16,-14.587446212768555,38.354103088378906,0.25,0.5,1.0
73,17,-8.254971504211426,15.668577194213867,0.0,0.6666666865348816,1.0
73,18,-6.07332706451416,20.835609436035156,0.0,1.0,1.0
73,19,-12.015369415283203,54.87858200073242,0.0,0.3333333432674408,1.0
73,20,-14.256803512573242,35.31122589111328,0.25,0.5,0.75
73,21,-13.923469543457031,103.66417694091797,0.0,0.6666666865348816,0.6666666865348816
73,22,-6.5602335929870605,26.57887840270996,0.5,0.5,1.0
73,23,-12.309428215026855,21.700971603393555,0.25,0.75,1.0
73,24,-21.950395584106445,11.46080493927002,0.4444444477558136,0.7777777910232544,1.0
73,25,-14.632356643676758,1504.4434814453125,0.0,0.5,0.5
73,26,-10.848577499389648,37.1956787109375,0.3333333432674408,0.3333333432674408,1.0
73,27,-9.07806396484375,93.60015106201172,0.0,0.5,1.0
73,28,-23.254589080810547,2325.12646484375,0.0,0.6666666865348816,0.6666666865348816
73,29,-18.87771224975586,8.14597225189209,0.4444444477558136,0.7777777910232544,1.0
73,30,-15.695636749267578,23.08371353149414,0.4000000059604645,0.800000011920929,0.800000011920929
73,31,-9.207914352416992,21.526931762695312,0.3333333432674408,1.0,1.0
73,32,-18.669269561767578,11323.4921875,0.0,0.0,0.0
73,33,-7.12900447845459,10.765375137329102,0.0,1.0,1.0
73,34,-11.936492919921875,10.884051322937012,0.6000000238418579,0.800000011920929,1.0
73,35,-18.76604652404785,109.01785278320312,0.0,0.5,1.0
73,36,-12.360450744628906,61.5684814453125,0.0,0.3333333432674408,1.0
73,37,-11.76730728149414,18.9504337310791,0.75,0.75,0.75
73,38,-5.097989082336426,3.5769026279449463,0.75,1.0,1.0
73,39,-4.841840744018555,5.0225958824157715,0.6666666865348816,1.0,1.0
73,40,-13.402642250061035,87.14273071289062,0.0,0.3333333432674408,1.0
73,41,-20.626907348632812,968.3906860351562,0.0,0.0,1.0
73,42,-18.62415885925293,105.21856689453125,0.25,0.75,0.75
73,43,-23.163572311401367,47.493621826171875,0.3333333432674408,0.6666666865348816,0.8333333730697632
73,44,-9.437919616699219,112.05164337158203,0.0,0.5,1.0
73,45,-12.316413879394531,11.74329948425293,0.4000000059604645,0.800000011920929,1.0
73,46,-19.227298736572266,122.342529296875,0.25,0.5,0.75
74,0,-7.6812825202941895,4.64716100692749,0.6000000238418579,0.800000011920929,1.0
74,1,-2.9198129177093506,4.305556774139404,0.5,1.0,1.0
74,2,-19.05630111694336,45.207374572753906,0.6000000238418579,0.6000000238418579,0.800000011920929
74,3,-11.324480056762695,43.58995819091797,0.0,0.3333333432674408,1.0
74,4,-13.892004013061523,1038.987548828125,0.5,0.5,0.5
74,5,-8.463610649108887,16.79705238342285,0.3333333432674408,0.6666666865348816,1.0
74,6,-25.800315856933594,174.17547607421875,0.20000000298023224,0.6000000238418579,0.6000000238418579
74,7,-23.187152862548828,329.24041748046875,0.25,0.25,0.5
74,8,-11.55843448638916,47.12537384033203,0.3333333432674408,0.3333333432674408,1.0
74,9,-6.431408882141113,24.920841217041016,0.5,0.5,1.0
74,10,-12.19016170501709,58.171024322509766,0.3333333432674408,0.6666666865348816,1.0
74,11,-13.894061088562012,1040.0567626953125,0.0,0.5,0.5
74,12,-11.211946487426758,41.98512649536133,0.3333333432674408,0.6666666865348816,1.0
74,13,-23.525196075439453,2544.6083984375,0.3333333432674408,0.3333333432674408,0.3333333432674408
74,14,-4.555549144744873,9.7549467086792,0.0,1.0,1.0
74,15,-5.8283514976501465,18.433612823486328,0.5,0.5,1.0
74,16,-14.58833122253418,38.36259078979492,0.25,0.5,1.0
74,17,-8.270750999450684,15.751206398010254,0.0,0.6666666865348816,1.0
74,18,-6.1338348388671875,21.47559928894043,0.0,1.0,1.0
74,19,-12.013150215148926,54.838008880615234,0.0,0.3333333432674408,1.0
74,20,-14.335664749145508,36.01430130004883,0.25,0.5,0.75
74,21,-13.933568954467773,104.01376342773438,0.0,0.6666666865348816,0.6666666865348816
74,22,-6.605562686920166,27.188154220581055,0.5,0.5,1.0
74,23,-12.198164939880371,21.10565948486328,0.25,0.75,1.0
74,24,-21.936689376831055,11.44336223602295,0.4444444477558136,0.7777777910232544,1.0
74,25,-14.604166984558105,1483.3873291015625,0.0,0.5,0.5
74,26,-10.872089385986328,37.48833465576172,0.3333333432674408,0.3333333432674408,1.0
74,27,-9.05615234375,92.58027648925781,0.0,0.5,1.0
74,28,-23.296825408935547,2358.092529296875,0.0,0.6666666865348816,0.6666666865348816
74,29,-18.880708694458008,8.14868450164795,0.4444444477558136,0.7777777910232544,1.0
74,30,-15.63812255859375,22.8197078704834,0.4000000059604645,0.800000011920929,0.800000011920929
74,31,-9.183206558227539,21.350364685058594,0.3333333432674408,1.0,1.0
74,32,-18.760547637939453,11852.259765625,0.0,0.0,0.0
74,33,-7.1127214431762695,10.707099914550781,0.0,1.0,1.0
74,34,-11.889244079589844,10.781685829162598,0.6000000238418579,0.800000011920929,1.0
74,35,-18.7726993560791,109.1993179321289,0.0,0.5,1.0
74,36,-12.41508674621582,62.70005798339844,0.0,0.3333333432674408,1.0
74,37,-11.700785636901855,18.63788604736328,0.75,0.75,0.75
74,38,-5.102330207824707,3.580786943435669,0.75,0.75,1.0
74,39,-4.779552936553955,4.919388771057129,0.6666666865348816,1.0,1.0
74,40,-13.45552921295166,88.69261169433594,0.0,0.3333333432674408,1.0
74,41,-20.645771026611328,974.4991455078125,0.0,0.0,0.6666666865348816
74,42,-18.665889739990234,106.322021484375,0.25,0.75,0.75
74,43,-23.188472747802734,47.69112777709961,0.3333333432674408,0.6666666865348816,0.8333333730697632
74,44,-9.49677562713623,115.3980941772461,0.0,0.5,1.0
74,45,-12.293396949768066,11.68936538696289,0.4000000059604645,0.800000011920929,1.0
74,46,-19.225399017333984,122.28443908691406,0.25,0.5,0.75
75,0,-7.688176155090332,4.653572082519531,0.6000000238418579,0.800000011920929,1.0
75,1,-2.9728281497955322,4.421213150024414,0.5,1.0,1.0
75,2,-19.054107666015625,45.18754577636719,0.6000000238418579,0.6000000238418579,0.800000011920929
75,3,-11.305280685424805,43.31187438964844,0.0,0.3333333432674408,1.0
75,4,-13.85574722290039,1020.3220825195312,0.5,0.5,0.5
75,5,-8.434882164001465,16.63697052001953,0.3333333432674408,0.6666666865348816,1.0
75,6,-25.842031478881836,175.63473510742188,0.20000000298023224,0.6000000238418579,0.6000000238418579
75,7,-23.17486572265625,328.2306213378906,0.25,0.25,0.5
75,8,-11.608564376831055,47.91944122314453,0.3333333432674408,0.3333333432674408,1.0
75,9,-6.4024553298950195,24.562665939331055,0.5,0.5,1.0
75,10,-12.164021492004395,57.66633987426758,0.3333333432674408,0.6666666865348816,1.0
75,11,-13.870160102844238,1027.7015380859375,0.0,0.5,0.5
75,12,-11.278009414672852,42.91993713378906,0.3333333432674408,0.6666666865348816,1.0
75,13,-23.567529678344727,2580.769775390625,0.3333333432674408,0.3333333432674408,0.3333333432674408
75,14,-4.554054260253906,9.747658729553223,0.0,1.0,1.0
75,15,-5.827159404754639,18.42262840270996,0.5,0.5,1.0
75,16,-14.55974006652832,38.08936309814453,0.25,0.5,1.0
75,17,-8.305900573730469,15.936842918395996,0.0,0.6666666865348816,1.0
75,18,-6.108931541442871,21.20985221862793,0.0,1.0,1.0
75,19,-12.015061378479004,54.872955322265625,0.0,0.3333333432674408,1.0
75,20,-14.264087677001953,35.37558364868164,0.25,0.5,0.75
75,21,-13.886087417602539,102.38046264648438,0.0,0.6666666865348816,0.6666666865348816
75,22,-6.506763458251953,25.877702713012695,0.5,0.5,1.0
75,23,-12.281229972839355,21.54852867126465,0.25,0.75,1.0
75,24,-21.83323860168457,11.312581062316895,0.4444444477558136,0.7777777910232544,1.0
75,25,-14.6689453125,1532.2196044921875,0.0,0.5,0.5
75,26,-10.850796699523926,37.22319412231445,0.3333333432674408,0.3333333432674408,1.0
75,27,-9.035107612609863,91.61122131347656,0.0,0.5,1.0
75,28,-23.188005447387695,2274.090087890625,0.0,0.6666666865348816,0.6666666865348816
75,29,-18.85706901550293,8.12730884552002,0.4444444477558136,0.7777777910232544,1.0
75,30,-15.662345886230469,22.930530548095703,0.4000000059604645,0.800000011920929,0.800000011920929
75,31,-9.256560325622559,21.878841400146484,0.3333333432674408,1.0,1.0
75,32,-18.710369110107422,11558.5947265625,0.0,0.0,0.0
75,33,-7.103317737579346,10.673591613769531,0.0,1.0,1.0
75,34,-11.917922973632812,10.843703269958496,0.6000000238418579,0.800000011920929,1.0
75,35,-18.576416015625,103.97016906738281,0.0,0.5,1.0
75,36,-12.466980934143066,63.794063568115234,0.0,0.3333333432674408,1.0
75,37,-11.737030029296875,18.807533264160156,0.75,0.75,0.75
75,38,-5.114409923553467,3.5916168689727783,0.75,0.75,1.0
75,39,-4.7867302894592285,4.9311723709106445,0.6666666865348816,1.0,1.0
75,40,-13.38309097290039,86.5766830444336,0.0,0.3333333432674408,1.0
75,41,-20.65056037902832,976.05615234375,0.0,0.0,1.0
75,42,-18.610164642333984,104.85108947753906,0.25,0.75,0.75
75,43,-23.162113189697266,47.48207473754883,0.3333333432674408,0.6666666865348816,0.8333333730697632
75,44,-9.430567741394043,111.6405029296875,0.0,0.5,1.0
75,45,-12.280416488647461,11.6590576171875,0.4000000059604645,1.0,1.0
75,46,-19.23395538330078,122.54629516601562,0.25,0.5,0.75
76,0,-7.753037452697754,4.7143330574035645,0.6000000238418579,0.800000011920929,1.0
76,1,-2.967005491256714,4.408360004425049,0.5,1.0,1.0
76,2,-19.038650512695312,45.048072814941406,0.6000000238418579,0.6000000238418579,0.800000011920929
76,3,-11.329400062561035,43.661495208740234,0.0,0.3333333432674408,1.0
76,4,-13.835281372070312,1009.9344482421875,0.5,0.5,0.5
76,5,-8.483014106750488,16.90604591369629,0.3333333432674408,0.6666666865348816,1.0
76,6,-25.706687927246094,170.94422912597656,0.20000000298023224,0.6000000238418579,0.6000000238418579
76,7,-23.191360473632812,329.5869445800781,0.25,0.25,0.5
76,8,-11.636701583862305,48.371002197265625,0.3333333432674408,0.3333333432674408,1.0
76,9,-6.474472999572754,25.4632568359375,0.5,0.5,1.0
76,10,-12.16942024230957,57.77021026611328,0.3333333432674408,0.6666666865348816,1.0
76,11,-13.896202087402344,1041.170654296875,0.0,0.5,0.5
76,12,-11.231757164001465,42.263301849365234,0.3333333432674408,0.6666666865348816,1.0
76,13,-23.540992736816406,2558.042724609375,0.3333333432674408,0.3333333432674408,0.3333333432674408
76,14,-4.566221714019775,9.807141304016113,0.0,1.0,1.0
76,15,-5.740782260894775,17.643917083740234,0.5,0.5,1.0
76,16,-14.54088020324707,37.910194396972656,0.25,0.5,1.0
76,17,-8.269729614257812,15.745844841003418,0.0,0.6666666865348816,1.0
76,18,-6.1392107009887695,21.533403396606445,0.0,1.0,1.0
76,19,-11.952279090881348,53.73652648925781,0.0,0.3333333432674408,1.0
76,20,-14.259729385375977,35.33706283569336,0.25,0.5,0.75
76,21,-13.937760353088379,104.1591796875,0.0,0.6666666865348816,0.6666666865348816
76,22,-6.542150497436523,26.339645385742188,0.5,0.5,1.0
76,23,-12.291208267211914,21.60235023498535,0.25,0.75,1.0
76,24,-21.83384895324707,11.313346862792969,0.4444444477558136,0.7777777910232544,1.0
76,25,-14.627470016479492,1500.772216796875,0.0,0.5,0.5
76,26,-10.859979629516602,37.33731460571289,0.3333333432674408,0.3333333432674408,1.0
76,27,-9.053109169006348,92.43952178955078,0.0,0.5,1.0
76,28,-23.32946014404297,2383.88525390625,0.0,0.6666666865348816,0.6666666865348816
76,29,-18.82438850402832,8.097851753234863,0.4444444477558136,0.7777777910232544,1.0
76,30,-15.670251846313477,22.966815948486328,0.4000000059604645,0.800000011920929,0.800000011920929
76,31,-9.195122718811035,21.43533706665039,0.3333333432674408,1.0,1.0
76,32,-18.708667755126953,11548.7666015625,0.0,0.0,0.0
76,33,-7.1623454093933105,10.8856840133667,0.0,1.0,1.0
76,34,-11.914246559143066,10.835732460021973,0.6000000238418579,0.800000011920929,1.0
76,35,-18.695127487182617,107.1020278930664,0.0,0.5,1.0
76,36,-12.409282684326172,62.57884979248047,0.0,0.3333333432674408,1.0
76,37,-11.76142692565918,18.922595977783203,0.75,0.75,0.75
76,38,-5.1261138916015625,3.6021411418914795,0.75,1.0,1.0
76,39,-4.795040130615234,4.944850444793701,0.6666666865348816,1.0,1.0
76,40,-13.459596633911133,88.81292724609375,0.0,0.3333333432674408,1.0
76,41,-20.80727767944336,1028.399658203125,0.0,0.0,0.6666666865348816
76,42,-18.610334396362305,104.85554504394531,0.25,0.75,0.75
76,43,-23.2500057220459,48.182743072509766,0.3333333432674408,0.6666666865348816,0.8333333730697632
76,44,-9.47495174407959,114.14572143554688,0.0,0.5,1.0
76,45,-12.235923767089844,11.555768966674805,0.4000000059604645,1.0,1.0
76,46,-19.222064971923828,122.18255615234375,0.25,0.5,0.75
77,0,-7.678777694702148,4.644833564758301,0.6000000238418579,0.800000011920929,1.0
77,1,-2.961174488067627,4.395525932312012,0.5,1.0,1.0
77,2,-19.12381362915039,45.821929931640625,0.6000000238418579,0.6000000238418579,0.800000011920929
77,3,-11.331844329833984,43.69709014892578,0.0,0.3333333432674408,1.0
77,4,-13.9302396774292,1059.041748046875,0.0,0.5,0.5
77,5,-8.403532028198242,16.464017868041992,0.3333333432674408,0.6666666865348816,1.0
77,6,-25.7717227935791,173.18226623535156,0.20000000298023224,0.6000000238418579,0.6000000238418579
77,7,-23.17088508605957,327.90411376953125,0.25,0.25,0.5
77,8,-11.61573600769043,48.03413772583008,0.3333333432674408,0.3333333432674408,1.0
77,9,-6.39785623550415,24.506248474121094,0.5,0.5,1.0
77,10,-12.187200546264648,58.1136360168457,0.3333333432674408,0.6666666865348816,1.0
77,11,-13.892976760864258,1039.492919921875,0.0,0.5,0.5
77,12,-11.268366813659668,42.78220748901367,0.3333333432674408,0.6666666865348816,1.0
77,13,-23.472850799560547,2500.593994140625,0.3333333432674408,0.3333333432674408,0.3333333432674408
77,14,-4.5631303787231445,9.79199504852295,0.0,1.0,1.0
77,15,-5.8379316329956055,18.522123336791992,0.5,0.5,1.0
77,16,-14.553520202636719,38.030181884765625,0.25,0.5,1.0
77,17,-8.327492713928223,16.051959991455078,0.0,0.6666666865348816,1.0
77,18,-6.133486747741699,21.47186279296875,0.0,1.0,1.0
77,19,-12.019258499145508,54.94977951049805,0.0,0.3333333432674408,1.0
77,20,-14.297931671142578,35.67616653442383,0.25,0.5,0.75
77,21,-13.89908218383789,102.82489776611328,0.0,0.6666666865348816,0.6666666865348816
77,22,-6.5662841796875,26.659406661987305,0.5,0.5,1.0
77,23,-12.251852989196777,21.390850067138672,0.25,0.75,1.0
77,24,-21.87704849243164,11.367783546447754,0.4444444477558136,0.7777777910232544,1.0
77,25,-14.599081993103027,1479.62060546875,0.0,0.5,0.5
77,26,-10.85003662109375,37.21377182006836,0.3333333432674408,0.3333333432674408,1.0
77,27,-9.107190132141113,94.97322845458984,0.0,0.5,1.0
77,28,-23.200605392456055,2283.661376953125,0.0,0.6666666865348816,0.6666666865348816
77,29,-18.862560272216797,8.132268905639648,0.4444444477558136,0.7777777910232544,1.0
77,30,-15.674317359924316,22.985496520996094,0.4000000059604645,0.800000011920929,0.800000011920929
77,31,-9.231813430786133,21.699108123779297,0.3333333432674408,1.0,1.0
77,32,-18.760334014892578,11850.994140625,0.0,0.0,0.0
77,33,-7.161770820617676,10.883597373962402,0.0,1.0,1.0
77,34,-11.891518592834473,10.786591529846191,0.6000000238418579,0.800000011920929,1.0
77,35,-18.643592834472656,105.73101043701172,0.0,0.5,1.0
77,36,-12.382597923278809,62.02468490600586,0.0,0.3333333432674408,1.0
77,37,-11.762177467346191,18.926145553588867,0.75,0.75,0.75
77,38,-5.0961432456970215,3.5752527713775635,0.75,1.0,1.0
77,39,-4.815878391265869,4.9793171882629395,0.6666666865348816,1.0,1.0
77,40,-13.470325469970703,89.13111114501953,0.0,0.3333333432674408,1.0
77,41,-20.721492767333984,999.4089965820312,0.0,0.0,0.6666666865348816
77,42,-18.698753356933594,107.19915771484375,0.25,0.75,0.75
77,43,-23.220550537109375,47.94677734375,0.3333333432674408,0.6666666865348816,0.8333333730697632
77,44,-9.468639373779297,113.7860336303711,0.0,0.5,1.0
77,45,-12.293807983398438,11.690325736999512,0.4000000059604645,1.0,1.0
77,46,-19.178010940551758,120.84427642822266,0.25,0.5,0.75
78,0,-7.689327239990234,4.654643535614014,0.6000000238418579,0.800000011920929,1.0
78,1,-2.9768569469451904,4.4301276206970215,0.5,1.0,1.0
78,2,-19.112539291381836,45.718719482421875,0.6000000238418579,0.6000000238418579,0.800000011920929
78,3,-11.302360534667969,43.26973342895508,0.0,0.3333333432674408,1.0
78,4,-13.90402889251709,1045.2532958984375,0.5,0.5,0.5
78,5,-8.438871383666992,16.659107208251953,0.3333333432674408,0.6666666865348816,1.0
78,6,-25.811866760253906,174.57833862304688,0.20000000298023224,0.6000000238418579,0.6000000238418579
78,7,-23.208826065063477,331.0292053222656,0.25,0.25,0.5
78,8,-11.627171516418457,48.217586517333984,0.3333333432674408,0.3333333432674408,1.0
78,9,-6.4414873123168945,25.04673957824707,0.5,0.5,1.0
78,10,-12.17676067352295,57.9117546081543,0.3333333432674408,0.6666666865348816,1.0
78,11,-13.97518253326416,1083.1094970703125,0.0,0.5,0.5
78,12,-11.287358283996582,43.05390167236328,0.3333333432674408,0.6666666865348816,1.0
78,13,-23.435884475708008,2469.970947265625,0.3333333432674408,0.3333333432674408,0.3333333432674408
78,14,-4.554565906524658,9.750152587890625,0.0,1.0,1.0
78,15,-5.865769863128662,18.781736373901367,0.5,0.5,1.0
78,16,-14.515626907348633,37.671607971191406,0.25,0.5,1.0
78,17,-8.305383682250977,15.934096336364746,0.0,0.6666666865348816,1.0
78,18,-6.108607292175293,21.20641326904297,0.0,1.0,1.0
78,19,-11.987502098083496,54.37117385864258,0.0,0.3333333432674408,1.0
78,20,-14.347634315490723,36.12223434448242,0.25,0.5,0.75
78,21,-13.944025039672852,104.37689208984375,0.0,0.6666666865348816,0.6666666865348816
78,22,-6.63803768157959,27.633224487304688,0.5,0.5,1.0
78,23,-12.273053169250488,21.5045223236084,0.25,0.75,1.0
78,24,-21.873613357543945,11.363444328308105,0.4444444477558136,0.7777777910232544,1.0
78,25,-14.621437072753906,1496.251953125,0.0,0.5,0.5
78,26,-10.851318359375,37.22967529296875,0.3333333432674408,0.3333333432674408,1.0
78,27,-9.103595733642578,94.80269622802734,0.0,0.5,1.0
78,28,-23.27977752685547,2344.730712890625,0.0,0.6666666865348816,0.6666666865348816
78,29,-18.860595703125,8.130495071411133,0.4444444477558136,0.7777777910232544,1.0
78,30,-15.672313690185547,22.97629165649414,0.4000000059604645,0.800000011920929,0.800000011920929
78,31,-9.241305351257324,21.76786994934082,0.3333333432674408,1.0,1.0
78,32,-18.749927520751953,11789.4912109375,0.0,0.0,0.0
78,33,-7.107694625854492,10.689173698425293,0.0,1.0,1.0
78,34,-11.92251205444336,10.853660583496094,0.6000000238418579,0.800000011920929,1.0
78,35,-18.688230514526367,106.91751861572266,0.0,0.5,1.0
78,36,-12.436653137207031,63.15242004394531,0.0,0.3333333432674408,1.0
78,37,-11.739273071289062,18.818082809448242,0.75,0.75,0.75
78,38,-5.1223602294921875,3.5987627506256104,0.75,0.75,1.0
78,39,-4.830012321472168,5.00283145904541,0.6666666865348816,1.0,1.0
78,40,-13.416467666625977,87.54527282714844,0.0,0.3333333432674408,1.0
78,41,-20.6639347076416,980.4171142578125,0.0,0.0,0.6666666865348816
78,42,-18.693384170532227,107.05535888671875,0.25,0.75,0.75
78,43,-23.20119857788086,47.792388916015625,0.3333333432674408,0.6666666865348816,0.8333333730697632
78,44,-9.446331024169922,112.52389526367188,0.0,0.5,1.0
78,45,-12.24205207824707,11.569941520690918,0.4000000059604645,1.0,1.0
78,46,-19.28997230529785,124.27452850341797,0.25,0.5,0.75
79,0,-7.728153228759766,4.690928936004639,0.6000000238418579,0.800000011920929,1.0
79,1,-2.9578421115875244,4.388208389282227,0.5,1.0,1.0
79,2,-18.98788833618164,44.5930290222168,0.6000000238418579,0.6000000238418579,0.800000011920929
79,3,-11.352188110351562,43.99441146850586,0.0,0.3333333432674408,1.0
79,4,-13.832773208618164,1008.6686401367188,0.5,0.5,0.5
79,5,-8.454513549804688,16.746198654174805,0.3333333432674408,0.6666666865348816,1.0
79,6,-25.74771499633789,172.35267639160156,0.20000000298023224,0.6000000238418579,0.6000000238418579
79,7,-23.14695930480957,325.9486389160156,0.25,0.25,0.5
79,8,-11.595560073852539,47.71217727661133,0.3333333432674408,0.3333333432674408,1.0
79,9,-6.401423454284668,24.549997329711914,0.5,0.5,1.0
79,10,-12.188520431518555,58.13919448852539,0.3333333432674408,0.6666666865348816,1.0
79,11,-13.892026901245117,1038.9993896484375,0.0,0.5,0.5
79,12,-11.202384948730469,41.851524353027344,0.3333333432674408,0.6666666865348816,1.0
79,13,-23.56232261657715,2576.29443359375,0.3333333432674408,0.3333333432674408,0.3333333432674408
79,14,-4.576359748840332,9.856980323791504,0.0,1.0,1.0
79,15,-5.780881404876709,18.00124168395996,0.5,0.5,1.0
79,16,-14.539361000061035,37.89579772949219,0.25,0.5,1.0
79,17,-8.276799201965332,15.782994270324707,0.0,0.6666666865348816,1.0
79,18,-6.14531946182251,21.599275588989258,0.0,1.0,1.0
79,19,-12.006410598754883,54.714935302734375,0.0,0.3333333432674408,1.0
79,20,-14.269834518432617,35.426448822021484,0.25,0.5,0.75
79,21,-13.924909591674805,103.71392822265625,0.0,0.6666666865348816,0.6666666865348816
79,22,-6.538784027099609,26.295347213745117,0.5,0.5,1.0
79,23,-12.311474800109863,21.712078094482422,0.25,0.75,1.0
79,24,-21.849571228027344,11.333127975463867,0.4444444477558136,0.7777777910232544,1.0
79,25,-14.728620529174805,1578.626220703125,0.0,0.5,0.5
79,26,-10.837169647216797,37.054500579833984,0.3333333432674408,0.3333333432674408,1.0
79,27,-9.092487335205078,94.27760314941406,0.0,0.5,1.0
79,28,-23.34776496887207,2398.47509765625,0.0,0.6666666865348816,0.6666666865348816
79,29,-18.787322998046875,8.064569473266602,0.4444444477558136,0.7777777910232544,1.0
79,30,-15.640636444091797,22.83118438720703,0.4000000059604645,0.800000011920929,0.800000011920929
79,31,-9.234484672546387,21.718435287475586,0.3333333432674408,1.0,1.0
79,32,-18.722206115722656,11627.20703125,0.0,0.0,0.0
79,33,-7.135775566101074,10.789698600769043,0.0,1.0,1.0
79,34,-11.924406051635742,10.857772827148438,0.6000000238418579,0.800000011920929,1.0
79,35,-18.739028930664062,108.28398895263672,0.0,0.5,1.0
79,36,-12.37679672241211,61.90487289428711,0.0,0.3333333432674408,1.0
79,37,-11.747737884521484,18.857948303222656,0.75,0.75,0.75
79,38,-5.091374397277832,3.5709924697875977,0.75,1.0,1.0
79,39,-4.814995765686035,4.977852821350098,0.6666666865348816,1.0,1.0
79,40,-13.3659029006958,86.08203887939453,0.0,0.3333333432674408,1.0
79,41,-20.68646240234375,987.8070068359375,0.0,0.0,0.6666666865348816
79,42,-18.677013397216797,106.61811065673828,0.0,0.75,0.75
79,43,-23.212533950805664,47.88276290893555,0.3333333432674408,0.6666666865348816,0.8333333730697632
79,44,-9.436288833618164,111.96031188964844,0.0,0.5,1.0
79,45,-12.181476593017578,11.430615425109863,0.4000000059604645,1.0,1.0
79,46,-19.267929077148438,123.59156799316406,0.25,0.5,0.75
80,0,-7.6959333419799805,4.660798072814941,0.6000000238418579,0.800000011920929,1.0
80,1,-2.9745254516601562,4.424966335296631,0.5,1.0,1.0
80,2,-19.041545867919922,45.07415771484375,0.6000000238418579,0.6000000238418579,0.800000011920929
80,3,-11.317184448242188,43.48407745361328,0.0,0.3333333432674408,1.0
80,4,-13.884233474731445,1034.9586181640625,0.5,0.5,0.5
80,5,-8.462952613830566,16.79336929321289,0.3333333432674408,0.6666666865348816,1.0
80,6,-25.760066986083984,172.77899169921875,0.20000000298023224,0.6000000238418579,0.6000000238418579
80,7,-23.181182861328125,328.7493896484375,0.25,0.25,0.5
80,8,-11.60799789428711,47.910396575927734,0.3333333432674408,0.3333333432674408,1.0
80,9,-6.420373916625977,24.78371810913086,0.5,0.5,1.0
80,10,-12.216312408447266,58.68029022216797,0.3333333432674408,0.6666666865348816,1.0
80,11,-13.947317123413086,1068.1234130859375,0.0,0.5,0.5
80,12,-11.24186897277832,42.40599060058594,0.3333333432674408,0.6666666865348816,1.0
80,13,-23.53741455078125,2554.99267578125,0.3333333432674408,0.3333333432674408,0.3333333432674408
80,14,-4.558675765991211,9.770209312438965,0.0,1.0,1.0
80,15,-5.860053062438965,18.728126525878906,0.5,0.5,1.0
80,16,-14.584423065185547,38.32512664794922,0.25,0.5,1.0
80,17,-8.28238582611084,15.812414169311523,0.0,0.6666666865348816,1.0
80,18,-6.086757659912109,20.975997924804688,0.0,1.0,1.0
80,19,-12.020713806152344,54.97643280029297,0.0,0.3333333432674408,1.0
80,20,-14.318723678588867,35.86209487915039,0.25,0.5,0.75
80,21,-13.950034141540527,104.58618927001953,0.0,0.6666666865348816,0.6666666865348816
80,22,-6.519503593444824,26.043071746826172,0.5,0.5,1.0
80,23,-12.324685096740723,21.78390121459961,0.25,0.75,1.0
80,24,-21.902009963989258,11.39935302734375,0.4444444477558136,0.7777777910232544,1.0
80,25,-14.73159408569336,1580.9749755859375,0.0,0.5,0.5
80,26,-10.859014511108398,37.3253059387207,0.3333333432674408,0.3333333432674408,1.0
80,27,-9.088789939880371,94.10347747802734,0.0,0.5,1.0
80,28,-23.193103790283203,2277.958251953125,0.0,0.6666666865348816,0.6666666865348816
80,29,-18.953990936279297,8.21530532836914,0.4444444477558136,0.7777777910232544,1.0
80,30,-15.707810401916504,23.139984130859375,0.4000000059604645,0.800000011920929,0.800000011920929
80,31,-9.140463829040527,21.0483341217041,0.3333333432674408,1.0,1.0
80,32,-18.688247680664062,11431.453125,0.0,0.0,0.0
80,33,-7.167581081390381,10.904698371887207,0.0,1.0,1.0
80,34,-11.916329383850098,10.840249061584473,0.6000000238418579,0.800000011920929,1.0
80,35,-18.711774826049805,107.54869079589844,0.0,0.5,1.0
80,36,-12.368066787719727,61.7249870300293,0.0,0.3333333432674408,1.0
80,37,-11.732372283935547,18.785646438598633,0.75,0.75,0.75
80,38,-5.121061325073242,3.5975942611694336,0.75,1.0,1.0
80,39,-4.794382572174072,4.9437665939331055,0.6666666865348816,1.0,1.0
80,40,-13.434699058532715,88.07888793945312,0.0,0.3333333432674408,1.0
80,41,-20.749252319335938,1008.699951171875,0.0,0.0,0.6666666865348816
80,42,-18.682920455932617,106.77567291259766,0.25,0.75,0.75
80,43,-23.205638885498047,47.82776641845703,0.3333333432674408,0.6666666865348816,0.8333333730697632
80,44,-9.495868682861328,115.34577941894531,0.0,0.5,1.0
80,45,-12.242039680480957,11.56991195678711,0.4000000059604645,1.0,1.0
80,46,-19.338903427124023,125.80409240722656,0.25,0.5,0.75
81,0,-7.747148513793945,4.708784103393555,0.6000000238418579,0.800000011920929,1.0
81,1,-2.9428699016571045,4.355480670928955,0.5,1.0,1.0
81,2,-19.04740333557129,45.12699508666992,0.6000000238418579,0.6000000238418579,0.800000011920929
81,3,-11.32284927368164,43.56626510620117,0.0,0.3333333432674408,1.0
81,4,-13.836028099060059,1010.3115234375,0.5,0.5,0.5
81,5,-8.44388198852539,16.68695640563965,0.3333333432674408,0.6666666865348816,1.0
81,6,-25.642166137695312,168.7525177001953,0.20000000298023224,0.6000000238418579,0.6000000238418579
81,7,-23.180496215820312,328.6929626464844,0.25,0.25,0.5
81,8,-11.583626747131348,47.52276611328125,0.3333333432674408,0.3333333432674408,1.0
81,9,-6.4087443351745605,24.640026092529297,0.5,0.5,1.0
81,10,-12.251484870910645,59.372337341308594,0.3333333432674408,0.6666666865348816,1.0
81,11,-13.879472732543945,1032.498046875,0.0,0.5,0.5
81,12,-11.258213996887207,42.63766098022461,0.3333333432674408,0.6666666865348816,1.0
81,13,-23.51860237121582,2539.022216796875,0.3333333432674408,0.3333333432674408,0.3333333432674408
81,14,-4.566343307495117,9.807738304138184,0.0,1.0,1.0
81,15,-5.848080158233643,18.61634635925293,0.5,0.5,1.0
81,16,-14.538688659667969,37.88943099975586,0.25,0.5,1.0
81,17,-8.364297866821289,16.250102996826172,0.0,0.6666666865348816,1.0
81,18,-6.115961074829102,21.284528732299805,0.0,1.0,1.0
81,19,-11.981485366821289,54.262237548828125,0.0,0.3333333432674408,1.0
81,20,-14.296056747436523,35.65945053100586,0.25,0.5,0.75
81,21,-13.912032127380371,103.26968383789062,0.0,0.6666666865348816,0.6666666865348816
81,22,-6.609358310699463,27.23979949951172,0.5,0.5,1.0
81,23,-12.249642372131348,21.379032135009766,0.25,0.75,1.0
81,24,-21.87845230102539,11.369555473327637,0.4444444477558136,0.7777777910232544,1.0
81,25,-14.6429443359375,1512.4288330078125,0.0,0.5,0.5
81,26,-10.862318992614746,37.3664436340332,0.3333333432674408,0.3333333432674408,1.0
81,27,-9.035065650939941,91.60930633544922,0.0,0.5,1.0
81,28,-23.243820190429688,2316.794921875,0.0,0.6666666865348816,0.6666666865348816
81,29,-18.85462188720703,8.125100135803223,0.4444444477558136,0.7777777910232544,1.0
81,30,-15.578644752502441,22.54986000061035,0.4000000059604645,0.800000011920929,0.800000011920929
81,31,-9.185720443725586,21.368263244628906,0.3333333432674408,1.0,1.0
81,32,-18.757017135620117,11831.3564453125,0.0,0.0,0.0
81,33,-7.1374382972717285,10.79568099975586,0.0,1.0,1.0
81,34,-11.967119216918945,10.950923919677734,0.6000000238418579,0.800000011920929,1.0
81,35,-18.725547790527344,107.91964721679688,0.0,0.5,1.0
81,36,-12.416250228881836,62.72437286376953,0.0,0.3333333432674408,1.0
81,37,-11.752372741699219,18.879812240600586,0.75,0.75,0.75
81,38,-5.116021633148193,3.593064308166504,0.75,0.75,1.0
81,39,-4.813214302062988,4.974897861480713,0.6666666865348816,1.0,1.0
81,40,-13.448979377746582,88.4991683959961,0.0,0.3333333432674408,1.0
81,41,-20.792137145996094,1023.2224731445312,0.0,0.0,0.6666666865348816
81,42,-18.66373062133789,106.2646484375,0.25,0.75,0.75
81,43,-23.207015991210938,47.83875274658203,0.3333333432674408,0.6666666865348816,0.8333333730697632
81,44,-9.451831817626953,112.83379364013672,0.0,0.5,1.0
81,45,-12.27526569366455,11.647051811218262,0.4000000059604645,1.0,1.0
81,46,-19.176918029785156,120.81126403808594,0.25,0.5,0.75
82,0,-7.669621467590332,4.636335849761963,0.6000000238418579,0.800000011920929,1.0
82,1,-2.9565634727478027,4.385403633117676,0.5,1.0,1.0
82,2,-18.99114990234375,44.622127532958984,0.6000000238418579,0.6000000238418579,0.800000011920929
82,3,-11.310839653015137,43.392208099365234,0.0,0.3333333432674408,1.0
82,4,-13.840839385986328,1012.7449340820312,0.5,0.5,0.5
82,5,-8.427001953125,16.59332847595215,0.3333333432674408,0.6666666865348816,1.0
82,6,-25.814790725708008,174.680419921875,0.20000000298023224,0.6000000238418579,0.6000000238418579
82,7,-23.246252059936523,334.1409912109375,0.25,0.25,0.5
82,8,-11.603100776672363,47.83226013183594,0.3333333432674408,0.3333333432674408,1.0
82,9,-6.4336700439453125,24.949031829833984,0.5,0.5,1.0
82,10,-12.185827255249023,58.087039947509766,0.3333333432674408,0.6666666865348816,1.0
82,11,-13.881771087646484,1033.6851806640625,0.0,0.5,0.5
82,12,-11.225251197814941,42.17174530029297,0.3333333432674408,0.6666666865348816,1.0
82,13,-23.56998062133789,2582.880126953125,0.3333333432674408,0.3333333432674408,0.3333333432674408
82,14,-4.553483963012695,9.744879722595215,0.0,1.0,1.0
82,15,-5.858667850494385,18.715160369873047,0.5,0.5,1.0
82,16,-14.554434776306152,38.038875579833984,0.25,0.5,1.0
82,17,-8.28700065612793,15.83675765991211,0.0,0.6666666865348816,1.0
82,18,-6.087170124053955,20.980323791503906,0.0,1.0,1.0
82,19,-12.027532577514648,55.101539611816406,0.0,0.3333333432674408,1.0
82,20,-14.336584091186523,36.0225830078125,0.25,0.5,0.75
82,21,-13.93698501586914,104.13226318359375,0.0,0.6666666865348816,0.6666666865348816
82,22,-6.621428966522217,27.404699325561523,0.5,0.5,1.0
82,23,-12.285628318786621,21.572235107421875,0.25,0.75,1.0
82,24,-21.84850311279297,11.331782341003418,0.4444444477558136,0.7777777910232544,1.0
82,25,-14.615511894226074,1491.82568359375,0.0,0.5,0.5
82,26,-10.83465576171875,37.02347183227539,0.3333333432674408,0.3333333432674408,1.0
82,27,-9.06085205078125,92.79808807373047,0.0,0.5,1.0
82,28,-23.28340721130371,2347.56884765625,0.0,0.6666666865348816,0.6666666865348816
82,29,-18.792814254760742,8.069491386413574,0.4444444477558136,0.7777777910232544,1.0
82,30,-15.650903701782227,22.878116607666016,0.4000000059604645,0.800000011920929,0.800000011920929
82,31,-9.235421180725098,21.7252197265625,0.3333333432674408,1.0,1.0
82,32,-18.66439437866211,11295.923828125,0.0,0.0,0.0
82,33,-7.095668315887451,10.646409034729004,0.0,1.0,1.0
82,34,-11.977620124816895,10.973946571350098,0.6000000238418579,0.800000011920929,1.0
82,35,-18.66130828857422,106.2003173828125,0.0,0.5,1.0
82,36,-12.406752586364746,62.526119232177734,0.0,0.3333333432674408,1.0
82,37,-11.713269233703613,18.696144104003906,0.75,0.75,0.75
82,38,-5.123737812042236,3.6000022888183594,0.75,0.75,1.0
82,39,-4.820032596588135,4.986217021942139,0.6666666865348816,1.0,1.0
82,40,-13.439279556274414,88.2134780883789,0.0,0.3333333432674408,1.0
82,41,-20.678138732910156,985.0703735351562,0.0,0.0,0.6666666865348816
82,42,-18.650943756103516,105.92549896240234,0.25,0.75,0.75
82,43,-23.10683822631836,47.04665756225586,0.3333333432674408,0.6666666865348816,0.8333333730697632
82,44,-9.454793930053711,113.00102996826172,0.0,0.5,1.0
82,45,-12.265340805053711,11.623957633972168,0.4000000059604645,1.0,1.0
82,46,-19.364519119262695,126.61231231689453,0.25,0.5,0.75
83,0,-7.732706069946289,4.695202350616455,0.6000000238418579,0.800000011920929,1.0
83,1,-2.9481966495513916,4.367096424102783,0.5,1.0,1.0
83,2,-19.013038635253906,44.81790542602539,0.6000000238418579,0.6000000238418579,0.800000011920929
83,3,-11.317577362060547,43.48977279663086,0.0,0.3333333432674408,1.0
83,4,-13.895137786865234,1040.6168212890625,0.5,0.5,0.5
83,5,-8.4375638961792,16.6518497467041,0.3333333432674408,0.6666666865348816,1.0
83,6,-25.816431045532227,174.73773193359375,0.20000000298023224,0.6000000238418579,0.6000000238418579
83,7,-23.121267318725586,323.8617858886719,0.25,0.25,0.5
83,8,-11.630996704101562,48.27910614013672,0.3333333432674408,0.3333333432674408,1.0
83,9,-6.396254062652588,24.48662567138672,0.5,0.5,1.0
83,10,-12.210454940795898,58.565853118896484,0.3333333432674408,0.6666666865348816,1.0
83,11,-13.924386024475098,1055.94677734375,0.0,0.5,0.5
83,12,-11.252199172973633,42.55226516723633,0.3333333432674408,0.6666666865348816,1.0
83,13,-23.46559715270996,2494.554931640625,0.3333333432674408,0.3333333432674408,0.3333333432674408
83,14,-4.567615032196045,9.813976287841797,0.0,1.0,1.0
83,15,-5.83131742477417,18.460969924926758,0.5,0.5,1.0
83,16,-14.605871200561523,38.53118133544922,0.25,0.5,1.0
83,17,-8.287662506103516,15.840250968933105,0.0,0.6666666865348816,1.0
83,18,-6.109825134277344,21.219329833984375,0.0,1.0,1.0
83,19,-12.057912826538086,55.66236877441406,0.0,0.3333333432674408,1.0
83,20,-14.287896156311035,35.58677291870117,0.25,0.5,0.75
83,21,-13.9826021194458,105.72773742675781,0.0,0.6666666865348816,0.6666666865348816
83,22,-6.625596046447754,27.461856842041016,0.5,0.5,1.0
83,23,-12.330804824829102,21.817256927490234,0.25,0.75,1.0
83,24,-21.870004653930664,11.358888626098633,0.4444444477558136,0.7777777910232544,1.0
83,25,-14.678606033325195,1539.638671875,0.0,0.5,0.5
83,26,-10.830881118774414,36.97690963745117,0.3333333432674408,0.3333333432674408,1.0
83,27,-9.098495483398438,94.56124877929688,0.0,0.5,1.0
83,28,-23.17978286743164,2267.86572265625,0.0,0.6666666865348816,0.6666666865348816
83,29,-18.86887550354004,8.13797664642334,0.4444444477558136,0.7777777910232544,1.0
83,30,-15.597676277160645,22.63585662841797,0.4000000059604645,0.800000011920929,0.800000011920929
83,31,-9.22147274017334,21.624441146850586,0.3333333432674408,1.0,1.0
83,32,-18.698389053344727,11489.564453125,0.0,0.0,0.0
83,33,-7.1060051918029785,10.68315601348877,0.0,1.0,1.0
83,34,-11.969453811645508,10.956039428710938,0.6000000238418579,0.800000011920929,1.0
83,35,-18.685176849365234,106.83592987060547,0.0,0.5,1.0
83,36,-12.409530639648438,62.584041595458984,0.0,0.3333333432674408,1.0
83,37,-11.706649780273438,18.66522979736328,0.75,0.75,0.75
83,38,-5.135525703430176,3.610626697540283,0.75,0.75,1.0
83,39,-4.848299980163574,5.033421516418457,0.6666666865348816,1.0,1.0
83,40,-13.447379112243652,88.45195770263672,0.0,0.3333333432674408,1.0
83,41,-20.724231719970703,1000.322021484375,0.0,0.0,0.6666666865348816
83,42,-18.645095825195312,105.77074432373047,0.25,0.75,0.75
83,43,-23.14360809326172,47.33585739135742,0.3333333432674408,0.6666666865348816,0.8333333730697632
83,44,-9.492229461669922,115.1360855102539,0.0,0.5,1.0
83,45,-12.282747268676758,11.6644926071167,0.4000000059604645,1.0,1.0
83,46,-19.289731979370117,124.2670669555664,0.25,0.5,0.75
84,0,-7.656770706176758,4.624434947967529,0.6000000238418579,0.800000011920929,1.0
84,1,-2.9619181156158447,4.397160530090332,0.5,1.0,1.0
84,2,-19.071895599365234,45.348594665527344,0.6000000238418579,0.6000000238418579,0.800000011920929
84,3,-11.335773468017578,43.75435256958008,0.0,0.3333333432674408,1.0
84,4,-13.849629402160645,1017.2057495117188,0.5,0.5,0.5
84,5,-8.455184936523438,16.749942779541016,0.3333333432674408,0.6666666865348816,1.0
84,6,-25.659870147705078,169.3511199951172,0.20000000298023224,0.6000000238418579,0.6000000238418579
84,7,-23.24191665649414,333.7790222167969,0.25,0.25,0.5
84,8,-11.58566665649414,47.55509567260742,0.3333333432674408,0.3333333432674408,1.0
84,9,-6.414886951446533,24.715818405151367,0.5,0.5,1.0
84,10,-12.158342361450195,57.55727767944336,0.3333333432674408,0.6666666865348816,1.0
84,11,-13.941006660461426,1064.758544921875,0.0,0.5,0.5
84,12,-11.273408889770508,42.85416793823242,0.3333333432674408,0.6666666865348816,1.0
84,13,-23.527706146240234,2546.738525390625,0.3333333432674408,0.3333333432674408,0.3333333432674408
84,14,-4.593622207641602,9.942425727844238,0.0,1.0,1.0
84,15,-5.831483840942383,18.462505340576172,0.5,0.5,1.0
84,16,-14.547358512878418,37.97164535522461,0.25,0.5,1.0
84,17,-8.308816909790039,15.95234203338623,0.0,0.6666666865348816,1.0
84,18,-6.038623809814453,20.477197647094727,0.0,1.0,1.0
84,19,-11.970902442932129,54.0711555480957,0.0,0.3333333432674408,1.0
84,20,-14.311923027038574,35.801177978515625,0.25,0.5,0.75
84,21,-13.93704605102539,104.13435363769531,0.0,0.6666666865348816,0.6666666865348816
84,22,-6.58707332611084,26.93796730041504,0.5,0.5,1.0
84,23,-12.260533332824707,21.437320709228516,0.25,0.75,1.0
84,24,-21.916051864624023,11.417152404785156,0.4444444477558136,0.7777777910232544,1.0
84,25,-14.748588562011719,1594.4661865234375,0.0,0.5,0.5
84,26,-10.80311393737793,36.6362419128418,0.3333333432674408,0.3333333432674408,1.0
84,27,-9.105052947998047,94.87179565429688,0.0,0.5,1.0
84,28,-23.18001365661621,2268.039794921875,0.0,0.6666666865348816,0.6666666865348816
84,29,-18.824398040771484,8.097858428955078,0.4444444477558136,0.7777777910232544,1.0
84,30,-15.671630859375,22.97315216064453,0.4000000059604645,0.800000011920929,0.800000011920929
84,31,-9.200345993041992,21.472692489624023,0.3333333432674408,1.0,1.0
84,32,-18.76488494873047,11877.9912109375,0.0,0.0,0.0
84,33,-7.175203323364258,10.932438850402832,0.0,1.0,1.0
84,34,-11.897668838500977,10.799866676330566,0.6000000238418579,0.800000011920929,1.0
84,35,-18.685592651367188,106.84703063964844,0.0,0.5,1.0
84,36,-12.424453735351562,62.89613342285156,0.0,0.3333333432674408,1.0
84,37,-11.733253479003906,18.789785385131836,0.75,0.75,0.75
84,38,-5.160402297973633,3.6331520080566406,0.75,0.75,1.0
84,39,-4.826805114746094,4.997486114501953,0.6666666865348816,1.0,1.0
84,40,-13.452129364013672,88.5921401977539,0.0,0.3333333432674408,1.0
84,41,-20.623369216918945,967.2494506835938,0.0,0.0,0.6666666865348816
84,42,-18.632713317871094,105.44383239746094,0.25,0.75,0.75
84,43,-23.15608787536621,47.434417724609375,0.3333333432674408,0.6666666865348816,0.8333333730697632
84,44,-9.437297821044922,112.01681518554688,0.0,0.5,1.0
84,45,-12.280558586120605,11.659387588500977,0.4000000059604645,1.0,1.0
84,46,-19.217206954956055,122.03425598144531,0.25,0.5,0.75
85,0,-7.685229301452637,4.6508307456970215,0.6000000238418579,0.800000011920929,1.0
85,1,-2.9531848430633545,4.378001689910889,0.5,1.0,1.0
85,2,-19.098844528198242,45.59367370605469,0.4000000059604645,0.6000000238418579,0.800000011920929
85,3,-11.306398391723633,43.32801818847656,0.0,0.3333333432674408,1.0
85,4,-13.85981273651123,1022.398193359375,0.0,0.5,0.5
85,5,-8.477652549743652,16.875858306884766,0.3333333432674408,0.6666666865348816,1.0
85,6,-25.695093154907227,170.5482940673828,0.20000000298023224,0.6000000238418579,0.6000000238418579
85,7,-23.24602508544922,334.12200927734375,0.25,0.25,0.5
85,8,-11.629777908325195,48.25949478149414,0.3333333432674408,0.3333333432674408,1.0
85,9,-6.4421586990356445,25.055147171020508,0.5,0.5,1.0
85,10,-12.180344581604004,57.9809684753418,0.3333333432674408,0.6666666865348816,1.0
85,11,-13.969125747680664,1079.834228515625,0.0,0.5,0.5
85,12,-11.257425308227539,42.6264533996582,0.3333333432674408,0.6666666865348816,1.0
85,13,-23.426544189453125,2462.2919921875,0.3333333432674408,0.3333333432674408,0.3333333432674408
85,14,-4.549359321594238,9.72480297088623,0.0,1.0,1.0
85,15,-5.8242645263671875,18.39598274230957,0.5,0.5,1.0
85,16,-14.580896377563477,38.291351318359375,0.25,0.5,1.0
85,17,-8.312664031982422,15.97281265258789,0.0,0.6666666865348816,1.0
85,18,-6.109559535980225,21.21651268005371,0.0,1.0,1.0
85,19,-11.99471664428711,54.5020751953125,0.0,0.3333333432674408,1.0
85,20,-14.279367446899414,35.51097869873047,0.25,0.5,0.75
85,21,-13.934354782104492,104.0409927368164,0.0,0.6666666865348816,0.6666666865348816
85,22,-6.6734466552734375,28.126811981201172,0.5,0.5,1.0
85,23,-12.346755027770996,21.90442657470703,0.25,0.75,1.0
85,24,-21.902902603149414,11.400484085083008,0.4444444477558136,0.7777777910232544,1.0
85,25,-14.586808204650879,1470.5682373046875,0.0,0.5,0.5
85,26,-10.870790481567383,37.472110748291016,0.3333333432674408,0.3333333432674408,1.0
85,27,-9.062298774719238,92.865234375,0.0,0.5,1.0
85,28,-23.244693756103516,2317.469970703125,0.0,0.6666666865348816,0.6666666865348816
85,29,-18.786531448364258,8.063859939575195,0.4444444477558136,0.7777777910232544,1.0
85,30,-15.663818359375,22.937284469604492,0.4000000059604645,0.800000011920929,0.800000011920929
85,31,-9.257547378540039,21.88604164123535,0.3333333432674408,1.0,1.0
85,32,-18.7680606842041,11896.8662109375,0.0,0.0,0.0
85,33,-7.083003997802734,10.601561546325684,0.0,1.0,1.0
85,34,-11.881288528442383,10.764543533325195,0.6000000238418579,0.800000011920929,1.0
85,35,-18.6583194732666,106.1209945678711,0.0,0.5,1.0
85,36,-12.297796249389648,60.29598617553711,0.0,0.3333333432674408,1.0
85,37,-11.733259201049805,18.789812088012695,0.75,0.75,0.75
85,38,-5.0754618644714355,3.5568149089813232,0.75,1.0,1.0
85,39,-4.809683799743652,4.969046115875244,0.6666666865348816,1.0,1.0
85,40,-13.332944869995117,85.14153289794922,0.0,0.3333333432674408,1.0
85,41,-20.686887741088867,987.9473876953125,0.0,0.0,0.6666666865348816
85,42,-18.604352951049805,104.69886779785156,0.25,0.75,0.75
85,43,-23.232921600341797,48.04574203491211,0.3333333432674408,0.6666666865348816,0.8333333730697632
85,44,-9.470624923706055,113.89904022216797,0.0,0.5,1.0
85,45,-12.22474479675293,11.529960632324219,0.4000000059604645,1.0,1.0
85,46,-19.224136352539062,122.24584197998047,0.25,0.5,0.75
86,0,-7.703861236572266,4.668193817138672,0.6000000238418579,0.800000011920929,1.0
86,1,-2.9593513011932373,4.391520977020264,0.5,1.0,1.0
86,2,-19.020580291748047,44.88555145263672,0.6000000238418579,0.6000000238418579,0.800000011920929
86,3,-11.278331756591797,42.924556732177734,0.0,0.3333333432674408,1.0
86,4,-13.88882827758789,1037.3389892578125,0.5,0.5,0.5
86,5,-8.439305305480957,16.661518096923828,0.3333333432674408,0.6666666865348816,1.0
86,6,-25.71108627319336,171.0946807861328,0.20000000298023224,0.6000000238418579,0.6000000238418579
86,7,-23.238685607910156,333.509521484375,0.25,0.25,0.5
86,8,-11.621916770935059,48.133201599121094,0.3333333432674408,0.3333333432674408,1.0
86,9,-6.441770553588867,25.0502872467041,0.5,0.5,1.0
86,10,-12.179693222045898,57.96839141845703,0.3333333432674408,0.6666666865348816,1.0
86,11,-13.952569961547852,1070.9324951171875,0.0,0.5,0.5
86,12,-11.263431549072266,42.71188735961914,0.3333333432674408,0.6666666865348816,1.0
86,13,-23.510156631469727,2531.88427734375,0.3333333432674408,0.3333333432674408,0.3333333432674408
86,14,-4.559028625488281,9.771933555603027,0.0,1.0,1.0
86,15,-5.838311195373535,18.525638580322266,0.5,0.5,1.0
86,16,-14.609353065490723,38.564735412597656,0.25,0.5,1.0
86,17,-8.32157039642334,16.02030372619629,0.0,0.6666666865348816,1.0
86,18,-6.112536430358887,21.24811363220215,0.0,1.0,1.0
86,19,-12.008109092712402,54.74593734741211,0.0,0.3333333432674408,1.0
86,20,-14.267599105834961,35.406654357910156,0.25,0.5,0.75
86,21,-13.958580017089844,104.8845443725586,0.0,0.6666666865348816,0.6666666865348816
86,22,-6.569007873535156,26.69573974609375,0.0,0.5,1.0
86,23,-12.27316665649414,21.50513458251953,0.25,0.75,1.0
86,24,-21.87174415588379,11.361084938049316,0.4444444477558136,0.7777777910232544,1.0
86,25,-14.600424766540527,1480.6143798828125,0.0,0.5,0.5
86,26,-10.87570858001709,37.53358840942383,0.3333333432674408,0.3333333432674408,1.0
86,27,-9.098424911499023,94.55790710449219,0.0,0.5,1.0
86,28,-23.219585418701172,2298.1552734375,0.0,0.6666666865348816,0.6666666865348816
86,29,-18.839078903198242,8.111079216003418,0.4444444477558136,0.7777777910232544,1.0
86,30,-15.572246551513672,22.52102279663086,0.4000000059604645,0.800000011920929,0.800000011920929
86,31,-9.240528106689453,21.762235641479492,0.3333333432674408,1.0,1.0
86,32,-18.727983474731445,11660.8427734375,0.0,0.0,0.0
86,33,-7.13331413269043,10.780850410461426,0.0,1.0,1.0
86,34,-11.909022331237793,10.824417114257812,0.6000000238418579,0.800000011920929,1.0
86,35,-18.675914764404297,106.58882904052734,0.0,0.5,1.0
86,36,-12.425285339355469,62.9135627746582,0.0,0.3333333432674408,1.0
86,37,-11.729057312011719,18.770082473754883,0.75,0.75,0.75
86,38,-5.110014915466309,3.587672710418701,0.75,0.75,1.0
86,39,-4.762356758117676,4.891271591186523,0.6666666865348816,1.0,1.0
86,40,-13.395065307617188,86.92290496826172,0.0,0.3333333432674408,1.0
86,41,-20.65686798095703,978.1103515625,0.0,0.0,0.6666666865348816
86,42,-18.563549041748047,103.63626098632812,0.25,0.75,0.75
86,43,-23.153715133666992,47.41565704345703,0.3333333432674408,0.6666666865348816,0.8333333730697632
86,44,-9.485906600952148,114.77265930175781,0.0,0.5,1.0
86,45,-12.212202072143555,11.501075744628906,0.4000000059604645,1.0,1.0
86,46,-19.263954162597656,123.46881103515625,0.25,0.5,0.75
87,0,-7.725170135498047,4.688131332397461,0.6000000238418579,0.800000011920929,1.0
87,1,-2.958353281021118,4.3893303871154785,0.5,1.0,1.0
87,2,-19.031700134277344,44.98548889160156,0.6000000238418579,0.6000000238418579,0.800000011920929
87,3,-11.337128639221191,43.77412796020508,0.0,0.3333333432674408,1.0
87,4,-13.928824424743652,1058.2926025390625,0.5,0.5,0.5
87,5,-8.444297790527344,16.68927001953125,0.3333333432674408,0.6666666865348816,1.0
87,6,-25.726669311523438,171.62875366210938,0.20000000298023224,0.6000000238418579,0.6000000238418579
87,7,-23.171894073486328,327.9868469238281,0.25,0.25,0.5
87,8,-11.634010314941406,48.3276252746582,0.3333333432674408,0.3333333432674408,1.0
87,9,-6.478058338165283,25.50894546508789,0.5,0.5,1.0
87,10,-12.177227973937988,57.92075729370117,0.3333333432674408,0.6666666865348816,1.0
87,11,-13.964461326599121,1077.31884765625,0.0,0.5,0.5
87,12,-11.155537605285645,41.203060150146484,0.3333333432674408,0.6666666865348816,1.0
87,13,-23.534942626953125,2552.888427734375,0.3333333432674408,0.3333333432674408,0.3333333432674408
87,14,-4.565908432006836,9.8056058883667,0.0,1.0,1.0
87,15,-5.82576322555542,18.409772872924805,0.5,0.5,1.0
87,16,-14.605745315551758,38.52996826171875,0.25,0.5,1.0
87,17,-8.32387638092041,16.032621383666992,0.0,0.6666666865348816,1.0
87,18,-6.067352294921875,20.77345848083496,0.0,1.0,1.0
87,19,-12.014978408813477,54.871437072753906,0.0,0.3333333432674408,1.0
87,20,-14.324139595031738,35.910682678222656,0.25,0.5,0.75
87,21,-13.93449878692627,104.04600524902344,0.0,0.6666666865348816,0.6666666865348816
87,22,-6.493020057678223,25.700490951538086,0.5,0.5,1.0
87,23,-12.22633171081543,21.254802703857422,0.25,0.75,1.0
87,24,-21.959875106811523,11.472883224487305,0.4444444477558136,0.7777777910232544,1.0
87,25,-14.597465515136719,1478.4251708984375,0.0,0.5,0.5
87,26,-10.8240385055542,36.89267349243164,0.3333333432674408,0.3333333432674408,1.0
87,27,-9.058135032653809,92.67210388183594,0.0,0.5,1.0
87,28,-23.24954605102539,2321.221435546875,0.0,0.6666666865348816,0.6666666865348816
87,29,-18.89995765686035,8.166131973266602,0.4444444477558136,0.7777777910232544,1.0
87,30,-15.638296127319336,22.82050132751465,0.4000000059604645,0.800000011920929,0.800000011920929
87,31,-9.195249557495117,21.436246871948242,0.3333333432674408,1.0,1.0
87,32,-18.66845703125,11318.892578125,0.0,0.0,0.0
87,33,-7.144261360168457,10.820261001586914,0.0,1.0,1.0
87,34,-11.954015731811523,10.922263145446777,0.6000000238418579,0.800000011920929,1.0
87,35,-18.63018035888672,105.3770751953125,0.0,0.5,1.0
87,36,-12.408834457397461,62.56951141357422,0.0,0.3333333432674408,1.0
87,37,-11.724459648132324,18.74852180480957,0.75,0.75,0.75
87,38,-5.120586395263672,3.5971670150756836,0.75,0.75,1.0
87,39,-4.795778751373291,4.946067810058594,0.6666666865348816,1.0,1.0
87,40,-13.409627914428711,87.34587860107422,0.0,0.3333333432674408,1.0
87,41,-20.70001983642578,992.2813720703125,0.0,0.0,0.6666666865348816
87,42,-18.667011260986328,106.35184478759766,0.0,0.75,0.75
87,43,-23.29476547241211,48.543521881103516,0.3333333432674408,0.6666666865348816,0.8333333730697632
87,44,-9.43551254272461,111.9168701171875,0.0,0.5,1.0
87,45,-12.309405326843262,11.726851463317871,0.4000000059604645,1.0,1.0
87,46,-19.279224395751953,123.9410629272461,0.25,0.5,0.75
88,0,-7.7320356369018555,4.694572925567627,0.6000000238418579,0.800000011920929,1.0
88,1,-2.9220333099365234,4.310339450836182,0.5,1.0,1.0
88,2,-19.06936264038086,45.32562255859375,0.6000000238418579,0.6000000238418579,0.800000011920929
88,3,-11.317498207092285,43.48862075805664,0.0,0.3333333432674408,1.0
88,4,-13.923210144042969,1055.3260498046875,0.5,0.5,0.5
88,5,-8.456357955932617,16.756494522094727,0.3333333432674408,0.6666666865348816,1.0
88,6,-25.7086124420166,171.01010131835938,0.20000000298023224,0.6000000238418579,0.6000000238418579
88,7,-23.280364990234375,337.0028076171875,0.25,0.25,0.5
88,8,-11.640823364257812,48.43750762939453,0.3333333432674408,0.3333333432674408,1.0
88,9,-6.426523685455322,24.860042572021484,0.5,0.5,1.0
88,10,-12.199039459228516,58.34342575073242,0.3333333432674408,0.6666666865348816,1.0
88,11,-13.958165168762207,1073.9327392578125,0.0,0.5,0.5
88,12,-11.262796401977539,42.70284652709961,0.3333333432674408,0.6666666865348816,1.0
88,13,-23.464576721191406,2493.706787109375,0.3333333432674408,0.3333333432674408,0.3333333432674408
88,14,-4.54549503326416,9.706031799316406,0.0,1.0,1.0
88,15,-5.886649131774902,18.978837966918945,0.5,0.5,1.0
88,16,-14.599461555480957,38.46949005126953,0.25,0.5,1.0
88,17,-8.323600769042969,16.031147003173828,0.0,0.6666666865348816,1.0
88,18,-6.088770866394043,20.99712371826172,0.0,1.0,1.0
88,19,-12.009526252746582,54.77178955078125,0.0,0.3333333432674408,1.0
88,20,-14.286630630493164,35.57551574707031,0.25,0.5,0.75
88,21,-13.987998962402344,105.91812133789062,0.0,0.6666666865348816,0.6666666865348816
88,22,-6.604506492614746,27.173799514770508,0.5,0.5,1.0
88,23,-12.286296844482422,21.575841903686523,0.25,0.75,1.0
88,24,-21.835805892944336,11.315807342529297,0.4444444477558136,0.7777777910232544,1.0
88,25,-14.717729568481445,1570.05322265625,0.0,0.5,0.5
88,26,-10.813203811645508,36.759674072265625,0.3333333432674408,0.3333333432674408,1.0
88,27,-9.068645477294922,93.160400390625,0.0,0.5,1.0
88,28,-23.305742263793945,2365.112548828125,0.0,0.6666666865348816,0.6666666865348816
88,29,-18.947126388549805,8.2090425491333,0.4444444477558136,0.7777777910232544,1.0
88,30,-15.636290550231934,22.81134605407715,0.4000000059604645,0.800000011920929,0.800000011920929
88,31,-9.236266136169434,21.731338500976562,0.3333333432674408,1.0,1.0
88,32,-18.69976806640625,11497.490234375,0.0,0.0,0.0
88,33,-7.1412835121154785,10.809527397155762,0.0,1.0,1.0
88,34,-11.891853332519531,10.787314414978027,0.6000000238418579,0.800000011920929,1.0
88,35,-18.631423950195312,105.40983581542969,0.0,0.5,1.0
88,36,-12.50091552734375,64.51976776123047,0.0,0.3333333432674408,1.0
88,37,-11.719504356384277,18.725309371948242,0.75,0.75,0.75
88,38,-5.133907794952393,3.6091666221618652,0.75,0.75,1.0
88,39,-4.838644981384277,5.017248630523682,0.6666666865348816,1.0,1.0
88,40,-13.451194763183594,88.56455993652344,0.0,0.3333333432674408,1.0
88,41,-20.57891273498535,953.021728515625,0.0,0.0,1.0
88,42,-18.58575439453125,104.21318054199219,0.25,0.75,0.75
88,43,-23.205039978027344,47.823001861572266,0.3333333432674408,0.6666666865348816,0.8333333730697632
88,44,-9.478279113769531,114.33578491210938,0.0,0.5,1.0
88,45,-12.218988418579102,11.516694068908691,0.4000000059604645,1.0,1.0
88,46,-19.308013916015625,124.8363265991211,0.25,0.5,0.75
89,0,-7.725903511047363,4.688818454742432,0.6000000238418579,0.800000011920929,1.0
89,1,-2.9686923027038574,4.412079811096191,0.5,1.0,1.0
89,2,-19.03643798828125,45.02814483642578,0.6000000238418579,0.6000000238418579,0.800000011920929
89,3,-11.334005355834961,43.72857666015625,0.0,0.3333333432674408,1.0
89,4,-13.860692977905273,1022.8483276367188,0.5,0.5,0.5
89,5,-8.460125923156738,16.77755355834961,0.3333333432674408,0.6666666865348816,1.0
89,6,-25.772945404052734,173.22462463378906,0.20000000298023224,0.6000000238418579,0.6000000238418579
89,7,-23.240869522094727,333.691650390625,0.25,0.25,0.5
89,8,-11.627159118652344,48.21739196777344,0.3333333432674408,0.3333333432674408,1.0
89,9,-6.42374324798584,24.82550811767578,0.5,0.5,1.0
89,10,-12.197305679321289,58.309715270996094,0.3333333432674408,0.6666666865348816,1.0
89,11,-13.881189346313477,1033.384521484375,0.0,0.5,0.5
89,12,-11.251388549804688,42.54076385498047,0.3333333432674408,0.6666666865348816,1.0
89,13,-23.440948486328125,2474.1435546875,0.3333333432674408,0.3333333432674408,0.3333333432674408
89,14,-4.596640110015869,9.957440376281738,0.0,1.0,1.0
89,15,-5.826297760009766,18.41469383239746,0.5,0.5,1.0
89,16,-14.575569152832031,38.240386962890625,0.25,0.5,1.0
89,17,-8.292654037475586,15.866629600524902,0.0,0.6666666865348816,1.0
89,18,-6.107359886169434,21.193191528320312,0.0,1.0,1.0
89,19,-11.985546112060547,54.335731506347656,0.0,0.3333333432674408,1.0
89,20,-14.296060562133789,35.65948486328125,0.25,0.5,0.75
89,21,-13.952286720275879,104.66472625732422,0.0,0.6666666865348816,0.6666666865348816
89,22,-6.639352321624756,27.651395797729492,0.5,0.5,1.0
89,23,-12.244043350219727,21.3491268157959,0.25,0.75,1.0
89,24,-21.908605575561523,11.407710075378418,0.4444444477558136,0.7777777910232544,1.0
89,25,-14.544466972351074,1439.7625732421875,0.0,0.5,0.5
89,26,-10.825652122497559,36.91251754760742,0.3333333432674408,0.3333333432674408,1.0
89,27,-9.080514907836914,93.71492767333984,0.0,0.5,1.0
89,28,-23.254356384277344,2324.945556640625,0.0,0.6666666865348816,0.6666666865348816
89,29,-18.90510368347168,8.170802116394043,0.4444444477558136,0.7777777910232544,1.0
89,30,-15.684226989746094,23.031097412109375,0.4000000059604645,0.800000011920929,0.800000011920929
89,31,-9.228813171386719,21.677417755126953,0.3333333432674408,1.0,1.0
89,32,-18.65411376953125,11238.0078125,0.0,0.0,0.0
89,33,-7.125895977020264,10.754225730895996,0.0,1.0,1.0
89,34,-11.926117897033691,10.861491203308105,0.6000000238418579,0.800000011920929,1.0
89,35,-18.652814865112305,105.97505950927734,0.0,0.5,1.0
89,36,-12.35533332824707,61.463558197021484,0.0,0.3333333432674408,1.0
89,37,-11.748832702636719,18.86311149597168,0.75,0.75,0.75
89,38,-5.1486711502075195,3.6225123405456543,0.75,0.75,1.0
89,39,-4.819282531738281,4.984970569610596,0.6666666865348816,1.0,1.0
89,40,-13.46429443359375,88.95211029052734,0.0,0.3333333432674408,1.0
89,41,-20.647480010986328,975.0545654296875,0.0,0.0,1.0
89,42,-18.618953704833984,105.08173370361328,0.25,0.75,0.75
89,43,-23.192787170410156,47.725433349609375,0.3333333432674408,0.6666666865348816,0.8333333730697632
89,44,-9.435914039611816,111.9393310546875,0.0,0.5,1.0
89,45,-12.291902542114258,11.685871124267578,0.4000000059604645,1.0,1.0
89,46,-19.285953521728516,124.14973449707031,0.25,0.5,0.75
90,0,-7.706186294555664,4.670364856719971,0.6000000238418579,0.800000011920929,1.0
90,1,-2.964141607284546,4.40205192565918,0.5,1.0,1.0
90,2,-18.99052619934082,44.6165657043457,0.6000000238418579,0.6000000238418579,0.800000011920929
90,3,-11.29707145690918,43.19352722167969,0.0,0.3333333432674408,1.0
90,4,-13.885038375854492,1035.375244140625,0.5,0.5,0.5
90,5,-8.473653793334961,16.853382110595703,0.3333333432674408,0.6666666865348816,1.0
90,6,-25.680919647216797,170.06552124023438,0.20000000298023224,0.6000000238418579,0.6000000238418579
90,7,-23.159608840942383,326.9810791015625,0.25,0.25,0.5
90,8,-11.597787857055664,47.747623443603516,0.3333333432674408,0.3333333432674408,1.0
90,9,-6.464937686920166,25.342145919799805,0.5,0.5,1.0
90,10,-12.208279609680176,58.52339172363281,0.3333333432674408,0.6666666865348816,1.0
90,11,-13.957867622375488,1073.7728271484375,0.0,0.5,0.5
90,12,-11.28026294708252,42.95219421386719,0.3333333432674408,0.6666666865348816,1.0
90,13,-23.52562141418457,2544.96875,0.3333333432674408,0.3333333432674408,0.3333333432674408
90,14,-4.550084114074707,9.728327751159668,0.0,1.0,1.0
90,15,-5.808356285095215,18.2502384185791,0.5,0.5,1.0
90,16,-14.608789443969727,38.55929946899414,0.25,0.5,1.0
90,17,-8.27656364440918,15.781756401062012,0.0,0.6666666865348816,1.0
90,18,-6.119320869445801,21.320316314697266,0.0,1.0,1.0
90,19,-11.99827766418457,54.566810607910156,0.0,0.3333333432674408,1.0
90,20,-14.305441856384277,35.74321746826172,0.25,0.5,0.75
90,21,-13.93625259399414,104.10684967041016,0.0,0.6666666865348816,0.6666666865348816
90,22,-6.662657260894775,27.975488662719727,0.5,0.5,1.0
90,23,-12.28076457977295,21.546022415161133,0.25,0.75,1.0
90,24,-21.905794143676758,11.404149055480957,0.4444444477558136,0.7777777910232544,1.0
90,25,-14.537459373474121,1434.7266845703125,0.0,0.5,0.5
90,26,-10.878040313720703,37.562774658203125,0.3333333432674408,0.3333333432674408,1.0
90,27,-9.025381088256836,91.16677856445312,0.0,0.5,1.0
90,28,-23.171754837036133,2261.804931640625,0.0,0.6666666865348816,0.6666666865348816
90,29,-18.932153701782227,8.19539737701416,0.4444444477558136,0.7777777910232544,1.0
90,30,-15.620826721191406,22.74090576171875,0.4000000059604645,0.800000011920929,0.800000011920929
90,31,-9.210856437683105,21.54805564880371,0.3333333432674408,1.0,1.0
90,32,-18.790634155273438,12031.904296875,0.0,0.0,0.0
90,33,-7.112675666809082,10.706936836242676,0.0,1.0,1.0
90,34,-11.883671760559082,10.769675254821777,0.6000000238418579,0.800000011920929,1.0
90,35,-18.687450408935547,106.89665985107422,0.0,0.5,1.0
90,36,-12.37277603149414,61.82195281982422,0.0,0.3333333432674408,1.0
90,37,-11.751285552978516,18.87468147277832,0.75,0.75,0.75
90,38,-5.126736640930176,3.6027021408081055,0.75,0.75,1.0
90,39,-4.82907247543335,5.001264572143555,0.6666666865348816,1.0,1.0
90,40,-13.491537094116211,89.76355743408203,0.0,0.3333333432674408,1.0
90,41,-20.677356719970703,984.8134765625,0.0,0.0,1.0
90,42,-18.6590518951416,106.14042663574219,0.25,0.75,0.75
90,43,-23.136886596679688,47.28285217285156,0.3333333432674408,0.6666666865348816,0.8333333730697632
90,44,-9.477449417114258,114.28836059570312,0.0,0.5,1.0
90,45,-12.278680801391602,11.655011177062988,0.4000000059604645,1.0,1.0
90,46,-19.268062591552734,123.59569549560547,0.25,0.5,0.75
91,0,-7.649647235870361,4.6178507804870605,0.6000000238418579,0.800000011920929,1.0
91,1,-2.9536173343658447,4.37894868850708,0.5,1.0,1.0
91,2,-18.967805862426758,44.41428756713867,0.6000000238418579,0.6000000238418579,0.800000011920929
91,3,-11.333040237426758,43.71451187133789,0.0,0.3333333432674408,1.0
91,4,-13.848861694335938,1016.8154296875,0.5,0.5,0.5
91,5,-8.438602447509766,16.65761375427246,0.3333333432674408,0.6666666865348816,1.0
91,6,-25.798503875732422,174.11236572265625,0.20000000298023224,0.6000000238418579,0.6000000238418579
91,7,-23.229877471923828,332.77593994140625,0.25,0.25,0.5
91,8,-11.68055534362793,49.083282470703125,0.3333333432674408,0.3333333432674408,1.0
91,9,-6.454960823059082,25.21604347229004,0.5,0.5,1.0
91,10,-12.1941556930542,58.24851989746094,0.3333333432674408,0.6666666865348816,1.0
91,11,-13.910310745239258,1048.54150390625,0.0,0.5,0.5
91,12,-11.291990280151367,43.12042999267578,0.3333333432674408,0.6666666865348816,1.0
91,13,-23.48283576965332,2508.9306640625,0.3333333432674408,0.3333333432674408,0.3333333432674408
91,14,-4.591213703155518,9.930460929870605,0.0,1.0,1.0
91,15,-5.884723663330078,18.960575103759766,0.5,0.5,1.0
91,16,-14.579505920410156,38.27804183959961,0.25,0.5,1.0
91,17,-8.2945556640625,15.876687049865723,0.0,0.6666666865348816,1.0
91,18,-6.073638439178467,20.83885383605957,0.0,1.0,1.0
91,19,-12.071355819702148,55.9123420715332,0.0,0.3333333432674408,1.0
91,20,-14.327957153320312,35.944976806640625,0.25,0.5,0.75
91,21,-13.95694351196289,104.82734680175781,0.0,0.6666666865348816,0.6666666865348816
91,22,-6.574741363525391,26.77237892150879,0.5,0.5,1.0
91,23,-12.200946807861328,21.120344161987305,0.25,0.75,1.0
91,24,-21.926668167114258,11.43062973022461,0.4444444477558136,0.7777777910232544,1.0
91,25,-14.685243606567383,1544.7568359375,0.0,0.5,0.5
91,26,-10.827766418457031,36.93854522705078,0.3333333432674408,0.3333333432674408,1.0
91,27,-9.08483600616455,93.91761779785156,0.0,0.5,1.0
91,28,-23.238056182861328,2312.348388671875,0.0,0.6666666865348816,0.6666666865348816
91,29,-18.760372161865234,8.04045581817627,0.4444444477558136,0.7777777910232544,1.0
91,30,-15.684835433959961,23.033905029296875,0.4000000059604645,0.800000011920929,0.800000011920929
91,31,-9.163461685180664,21.21030616760254,0.3333333432674408,1.0,1.0
91,32,-18.718889236450195,11607.939453125,0.0,0.0,0.0
91,33,-7.178269863128662,10.943620681762695,0.0,1.0,1.0
91,34,-11.929729461669922,10.869338035583496,0.6000000238418579,0.800000011920929,1.0
91,35,-18.646636962890625,105.81150817871094,0.0,0.5,1.0
91,36,-12.468815803527832,63.83310317993164,0.0,0.3333333432674408,1.0
91,37,-11.721342086791992,18.73391342163086,0.75,0.75,0.75
91,38,-5.113072872161865,3.590416431427002,0.75,1.0,1.0
91,39,-4.835057735443115,5.011252403259277,0.6666666865348816,1.0,1.0
91,40,-13.481866836547852,89.47467041015625,0.0,0.3333333432674408,1.0
91,41,-20.668285369873047,981.8402099609375,0.0,0.0,1.0
91,42,-18.612873077392578,104.92211151123047,0.25,0.75,0.75
91,43,-23.198476791381836,47.77071762084961,0.3333333432674408,0.6666666865348816,0.8333333730697632
91,44,-9.483922958374023,114.65888214111328,0.0,0.5,1.0
91,45,-12.305036544799805,11.716609001159668,0.4000000059604645,1.0,1.0
91,46,-19.22475242614746,122.2646713256836,0.25,0.5,0.75
92,0,-7.6972808837890625,4.662054061889648,0.6000000238418579,0.800000011920929,1.0
92,1,-2.9488883018493652,4.3686065673828125,0.5,1.0,1.0
92,2,-18.98472023010254,44.56479263305664,0.6000000238418579,0.6000000238418579,0.800000011920929
92,3,-11.313962936401367,43.437408447265625,0.0,0.3333333432674408,1.0
92,4,-13.905628204345703,1046.08935546875,0.5,0.5,0.5
92,5,-8.521329879760742,17.123355865478516,0.3333333432674408,0.6666666865348816,1.0
92,6,-25.734066009521484,171.88290405273438,0.20000000298023224,0.6000000238418579,0.6000000238418579
92,7,-23.188854217529297,329.3804931640625,0.25,0.25,0.5
92,8,-11.588150024414062,47.59447479248047,0.3333333432674408,0.3333333432674408,1.0
92,9,-6.455920219421387,25.2281436920166,0.5,0.5,1.0
92,10,-12.20130729675293,58.38753890991211,0.3333333432674408,0.6666666865348816,1.0
92,11,-13.920307159423828,1053.79541015625,0.0,0.5,0.5
92,12,-11.225279808044434,42.17214584350586,0.3333333432674408,0.6666666865348816,1.0
92,13,-23.473636627197266,2501.248779296875,0.3333333432674408,0.3333333432674408,0.3333333432674408
92,14,-4.556017875671387,9.757233619689941,0.0,1.0,1.0
92,15,-5.851265907287598,18.646024703979492,0.5,0.5,1.0
92,16,-14.641018867492676,38.87124252319336,0.25,0.5,1.0
92,17,-8.29481315612793,15.878049850463867,0.0,0.6666666865348816,1.0
92,18,-6.094898223876953,21.06155014038086,0.0,1.0,1.0
92,19,-12.074666023254395,55.97406768798828,0.0,0.3333333432674408,1.0
92,20,-14.261253356933594,35.350528717041016,0.25,0.5,0.75
92,21,-13.913540840148926,103.32164764404297,0.0,0.6666666865348816,0.6666666865348816
92,22,-6.616057872772217,27.331199645996094,0.5,0.5,1.0
92,23,-12.261271476745605,21.44127655029297,0.25,0.75,1.0
92,24,-21.952932357788086,11.464035034179688,0.4444444477558136,0.7777777910232544,1.0
92,25,-14.674778938293457,1536.6953125,0.0,0.5,0.5
92,26,-10.843931198120117,37.13811492919922,0.3333333432674408,0.3333333432674408,1.0
92,27,-9.0588960647583,92.7073745727539,0.0,0.5,1.0
92,28,-23.287460327148438,2350.743408203125,0.0,0.6666666865348816,0.6666666865348816
92,29,-18.847970962524414,8.119096755981445,0.4444444477558136,0.7777777910232544,1.0
92,30,-15.627004623413086,22.769025802612305,0.4000000059604645,0.800000011920929,0.800000011920929
92,31,-9.273431777954102,22.002229690551758,0.3333333432674408,1.0,1.0
92,32,-18.7476806640625,11776.25390625,0.0,0.0,0.0
92,33,-7.104203224182129,10.676742553710938,0.0,1.0,1.0
92,34,-11.927924156188965,10.865415573120117,0.6000000238418579,0.800000011920929,1.0
92,35,-18.678421020507812,106.65563201904297,0.0,0.5,1.0
92,36,-12.436525344848633,63.14971160888672,0.0,0.3333333432674408,1.0
92,37,-11.713010787963867,18.694936752319336,0.75,0.75,0.75
92,38,-5.119471073150635,3.5961639881134033,0.75,0.75,1.0
92,39,-4.792698860168457,4.940992832183838,0.6666666865348816,1.0,1.0
92,40,-13.414274215698242,87.48125457763672,0.0,0.3333333432674408,1.0
92,41,-20.71896743774414,998.5681762695312,0.0,0.0,0.6666666865348816
92,42,-18.713592529296875,107.59757995605469,0.25,0.75,0.75
92,43,-23.2357120513916,48.06809616088867,0.3333333432674408,0.6666666865348816,0.8333333730697632
92,44,-9.479785919189453,114.42196655273438,0.0,0.5,1.0
92,45,-12.267255783081055,11.628409385681152,0.4000000059604645,1.0,1.0
92,46,-19.166732788085938,120.50404357910156,0.25,0.5,0.75
93,0,-7.724679946899414,4.687671184539795,0.6000000238418579,0.800000011920929,1.0
93,1,-2.9666225910186768,4.407516002655029,0.5,1.0,1.0
93,2,-19.05010414123535,45.15138626098633,0.6000000238418579,0.6000000238418579,0.800000011920929
93,3,-11.36144733428955,44.13041305541992,0.0,0.3333333432674408,1.0
93,4,-13.856876373291016,1020.8982543945312,0.0,0.5,0.5
93,5,-8.410667419433594,16.503223419189453,0.3333333432674408,0.6666666865348816,1.0
93,6,-25.713022232055664,171.16094970703125,0.20000000298023224,0.6000000238418579,0.6000000238418579
93,7,-23.14754295349121,325.9962158203125,0.25,0.25,0.5
93,8,-11.675168991088867,48.9952278137207,0.3333333432674408,0.3333333432674408,1.0
93,9,-6.416378974914551,24.734264373779297,0.5,0.5,1.0
93,10,-12.188600540161133,58.1407470703125,0.3333333432674408,0.6666666865348816,1.0
93,11,-13.927169799804688,1057.41748046875,0.0,0.5,0.5
93,12,-11.34472942352295,43.88516616821289,0.3333333432674408,0.6666666865348816,1.0
93,13,-23.587966918945312,2598.411865234375,0.3333333432674408,0.3333333432674408,0.3333333432674408
93,14,-4.577475070953369,9.862478256225586,0.0,1.0,1.0
93,15,-5.89101505279541,19.020313262939453,0.5,0.5,1.0
93,16,-14.518616676330566,37.69977951049805,0.25,0.5,1.0
93,17,-8.329473495483398,16.06256103515625,0.0,0.6666666865348816,1.0
93,18,-6.0781965255737305,20.88640022277832,0.0,1.0,1.0
93,19,-12.001434326171875,54.624267578125,0.0,0.3333333432674408,1.0
93,20,-14.3232421875,35.90262985229492,0.25,0.5,0.75
93,21,-13.925846099853516,103.74632263183594,0.0,0.6666666865348816,0.6666666865348816
93,22,-6.60273551940918,27.149747848510742,0.5,0.5,1.0
93,23,-12.293790817260742,21.616300582885742,0.25,0.75,1.0
93,24,-21.950531005859375,11.460976600646973,0.4444444477558136,0.7777777910232544,1.0
93,25,-14.667583465576172,1531.176513671875,0.0,0.5,0.5
93,26,-10.857863426208496,37.31098175048828,0.3333333432674408,0.3333333432674408,1.0
93,27,-9.05836009979248,92.68254089355469,0.0,0.5,1.0
93,28,-23.193607330322266,2278.340576171875,0.0,0.6666666865348816,0.6666666865348816
93,29,-18.842823028564453,8.11445426940918,0.4444444477558136,0.7777777910232544,1.0
93,30,-15.615694999694824,22.717575073242188,0.4000000059604645,0.800000011920929,0.800000011920929
93,31,-9.192237854003906,21.414735794067383,0.3333333432674408,1.0,1.0
93,32,-18.76839828491211,11898.875,0.0,0.0,0.0
93,33,-7.140732765197754,10.80754280090332,0.0,1.0,1.0
93,34,-11.895328521728516,10.794814109802246,0.6000000238418579,0.800000011920929,1.0
93,35,-18.746084213256836,108.47515106201172,0.0,0.5,1.0
93,36,-12.410198211669922,62.59795379638672,0.0,0.3333333432674408,1.0
93,37,-11.802389144897461,19.117368698120117,0.75,0.75,0.75
93,38,-5.1419806480407715,3.6164581775665283,0.75,0.75,1.0
93,39,-4.761929512023926,4.890574932098389,0.6666666865348816,1.0,1.0
93,40,-13.459628105163574,88.81385803222656,0.0,0.3333333432674408,1.0
93,41,-20.621829986572266,966.7532958984375,0.0,0.0,1.0
93,42,-18.58596420288086,104.2186508178711,0.0,0.75,0.75
93,43,-23.267486572265625,48.32332992553711,0.3333333432674408,0.6666666865348816,0.8333333730697632
93,44,-9.435795783996582,111.9327163696289,0.0,0.5,1.0
93,45,-12.230587005615234,11.543441772460938,0.4000000059604645,1.0,1.0
93,46,-19.277576446533203,123.89000701904297,0.25,0.5,0.75
94,0,-7.6916656494140625,4.6568217277526855,0.6000000238418579,0.800000011920929,1.0
94,1,-2.9734363555908203,4.422557353973389,0.5,1.0,1.0
94,2,-18.988323211669922,44.5969123840332,0.6000000238418579,0.6000000238418579,0.800000011920929
94,3,-11.33974838256836,43.81236267089844,0.0,0.3333333432674408,1.0
94,4,-13.918062210083008,1052.6131591796875,0.0,0.5,0.5
94,5,-8.509510040283203,17.056020736694336,0.3333333432674408,0.6666666865348816,1.0
94,6,-25.795209884643555,173.99766540527344,0.20000000298023224,0.6000000238418579,0.6000000238418579
94,7,-23.150508880615234,326.2380065917969,0.25,0.25,0.5
94,8,-11.64443588256836,48.49586486816406,0.3333333432674408,0.3333333432674408,1.0
94,9,-6.420278549194336,24.78253746032715,0.5,0.5,1.0
94,10,-12.242081642150879,59.1865119934082,0.3333333432674408,0.6666666865348816,1.0
94,11,-13.901168823242188,1043.759521484375,0.0,0.5,0.5
94,12,-11.254823684692383,42.58950424194336,0.3333333432674408,0.6666666865348816,1.0
94,13,-23.565526962280273,2579.047607421875,0.3333333432674408,0.3333333432674408,0.3333333432674408
94,14,-4.542486667633057,9.69144344329834,0.0,1.0,1.0
94,15,-5.817975044250488,18.33822250366211,0.5,0.5,1.0
94,16,-14.568340301513672,38.17134475708008,0.25,0.5,1.0
94,17,-8.330204963684082,16.066478729248047,0.0,0.6666666865348816,1.0
94,18,-6.129253387451172,21.42646026611328,0.0,1.0,1.0
94,19,-12.02884292602539,55.1256103515625,0.0,0.3333333432674408,1.0
94,20,-14.254772186279297,35.293296813964844,0.25,0.5,0.75
94,21,-13.938220977783203,104.1751708984375,0.0,0.6666666865348816,0.6666666865348816
94,22,-6.605132102966309,27.182300567626953,0.5,0.5,1.0
94,23,-12.332510948181152,21.82656478881836,0.25,0.75,1.0
94,24,-21.863927841186523,11.351222038269043,0.4444444477558136,0.7777777910232544,1.0
94,25,-14.586127281188965,1470.0675048828125,0.0,0.5,0.5
94,26,-10.815387725830078,36.78643798828125,0.3333333432674408,0.3333333432674408,1.0
94,27,-9.065187454223633,92.99946594238281,0.0,0.5,1.0
94,28,-23.198591232299805,2282.128662109375,0.0,0.6666666865348816,0.6666666865348816
94,29,-18.81475067138672,8.08918285369873,0.4444444477558136,0.7777777910232544,1.0
94,30,-15.653972625732422,22.892160415649414,0.4000000059604645,0.800000011920929,0.800000011920929
94,31,-9.251044273376465,21.838651657104492,0.3333333432674408,1.0,1.0
94,32,-18.693614959716797,11462.171875,0.0,0.0,0.0
94,33,-7.152043342590332,10.84836483001709,0.0,1.0,1.0
94,34,-11.872471809387207,10.745577812194824,0.6000000238418579,0.800000011920929,1.0
94,35,-18.67082977294922,106.45341491699219,0.0,0.5,1.0
94,36,-12.376913070678711,61.907264709472656,0.0,0.3333333432674408,1.0
94,37,-11.74715805053711,18.855215072631836,0.75,0.75,0.75
94,38,-5.149139404296875,3.622936248779297,0.75,0.75,1.0
94,39,-4.841795444488525,5.022520065307617,0.6666666865348816,1.0,1.0
94,40,-13.387662887573242,86.7087173461914,0.0,0.3333333432674408,1.0
94,41,-20.66387176513672,980.3965454101562,0.0,0.0,1.0
94,42,-18.594867706298828,104.45088195800781,0.25,0.75,0.75
94,43,-23.254257202148438,48.21689987182617,0.3333333432674408,0.6666666865348816,0.8333333730697632
94,44,-9.512308120727539,116.29779815673828,0.0,0.5,1.0
94,45,-12.222782135009766,11.525437355041504,0.4000000059604645,1.0,1.0
94,46,-19.224308013916016,122.25108337402344,0.25,0.5,0.75
95,0,-7.719671249389648,4.682977676391602,0.6000000238418579,0.800000011920929,1.0
95,1,-2.952735424041748,4.377018451690674,0.5,1.0,1.0
95,2,-19.0355224609375,45.019901275634766,0.6000000238418579,0.6000000238418579,0.800000011920929
95,3,-11.33882999420166,43.798954010009766,0.0,0.3333333432674408,1.0
95,4,-13.845052719116211,1014.8806762695312,0.5,0.5,0.5
95,5,-8.45064926147461,16.724639892578125,0.3333333432674408,0.6666666865348816,1.0
95,6,-25.690792083740234,170.40164184570312,0.20000000298023224,0.6000000238418579,0.6000000238418579
95,7,-23.19860076904297,330.1840515136719,0.25,0.25,0.5
95,8,-11.584707260131836,47.53989028930664,0.3333333432674408,0.3333333432674408,1.0
95,9,-6.372766971588135,24.200746536254883,0.5,0.5,1.0
95,10,-12.166885375976562,57.72141647338867,0.3333333432674408,0.6666666865348816,1.0
95,11,-13.964778900146484,1077.4898681640625,0.0,0.5,0.5
95,12,-11.246963500976562,42.47806930541992,0.3333333432674408,0.6666666865348816,1.0
95,13,-23.562807083129883,2576.7109375,0.3333333432674408,0.3333333432674408,0.3333333432674408
95,14,-4.5574445724487305,9.76419734954834,0.0,1.0,1.0
95,15,-5.844643592834473,18.584386825561523,0.5,0.5,1.0
95,16,-14.594663619995117,38.42337417602539,0.25,0.5,1.0
95,17,-8.297642707824707,15.89303207397461,0.0,0.6666666865348816,1.0
95,18,-6.083456993103027,20.941410064697266,0.0,1.0,1.0
95,19,-12.037919998168945,55.29265213012695,0.0,0.3333333432674408,1.0
95,20,-14.300168991088867,35.696128845214844,0.25,0.5,0.75
95,21,-13.93621826171875,104.10565185546875,0.0,0.6666666865348816,0.6666666865348816
95,22,-6.586362838745117,26.92839813232422,0.5,0.5,1.0
95,23,-12.287982940673828,21.584938049316406,0.25,0.75,1.0
95,24,-21.880739212036133,11.372446060180664,0.4444444477558136,0.7777777910232544,1.0
95,25,-14.724002838134766,1574.985595703125,0.0,0.5,0.5
95,26,-10.85949993133545,37.33134078979492,0.3333333432674408,0.3333333432674408,1.0
95,27,-9.057500839233398,92.6427230834961,0.0,0.5,1.0
95,28,-23.229026794433594,2305.399169921875,0.0,0.6666666865348816,0.6666666865348816
95,29,-18.84851837158203,8.119590759277344,0.4444444477558136,0.7777777910232544,1.0
95,30,-15.64720344543457,22.86119270324707,0.4000000059604645,0.800000011920929,0.800000011920929
95,31,-9.227595329284668,21.668617248535156,0.3333333432674408,1.0,1.0
95,32,-18.68648338317871,11421.373046875,0.0,0.0,0.0
95,33,-7.116225242614746,10.719613075256348,0.0,1.0,1.0
95,34,-11.883604049682617,10.76953125,0.6000000238418579,0.800000011920929,1.0
95,35,-18.663482666015625,106.25806427001953,0.0,0.5,1.0
95,36,-12.448542594909668,63.4031867980957,0.0,0.3333333432674408,1.0
95,37,-11.763036727905273,18.930212020874023,0.75,0.75,0.75
95,38,-5.107912063598633,3.585787057876587,0.75,0.75,1.0
95,39,-4.819635391235352,4.985556602478027,0.6666666865348816,1.0,1.0
95,40,-13.345844268798828,85.5083999633789,0.0,0.3333333432674408,1.0
95,41,-20.741661071777344,1006.1505737304688,0.0,0.0,0.6666666865348816
95,42,-18.697418212890625,107.16337585449219,0.0,0.75,0.75
95,43,-23.14243507385254,47.326602935791016,0.3333333432674408,0.6666666865348816,0.8333333730697632
95,44,-9.467649459838867,113.72972869873047,0.0,0.5,1.0
95,45,-12.245071411132812,11.57692813873291,0.4000000059604645,1.0,1.0
95,46,-19.216819763183594,122.0224380493164,0.25,0.5,0.75
96,0,-7.683734893798828,4.649440765380859,0.6000000238418579,0.800000011920929,1.0
96,1,-2.954456090927124,4.3807854652404785,0.5,1.0,1.0
96,2,-19.059051513671875,45.23224639892578,0.6000000238418579,0.6000000238418579,0.800000011920929
96,3,-11.299808502197266,43.232940673828125,0.0,0.3333333432674408,1.0
96,4,-13.894172668457031,1040.11474609375,0.5,0.5,0.5
96,5,-8.502273559570312,17.014930725097656,0.3333333432674408,0.6666666865348816,1.0
96,6,-25.81261444091797,174.60438537597656,0.20000000298023224,0.6000000238418579,0.6000000238418579
96,7,-23.15787124633789,326.83905029296875,0.25,0.25,0.5
96,8,-11.586112976074219,47.56216812133789,0.3333333432674408,0.3333333432674408,1.0
96,9,-6.411520957946777,24.67425537109375,0.5,0.5,1.0
96,10,-12.228431701660156,58.91782760620117,0.3333333432674408,0.6666666865348816,1.0
96,11,-13.902481079101562,1044.444580078125,0.0,0.5,0.5
96,12,-11.293691635131836,43.14488220214844,0.3333333432674408,0.6666666865348816,1.0
96,13,-23.505207061767578,2527.71044921875,0.3333333432674408,0.3333333432674408,0.3333333432674408
96,14,-4.588705539703369,9.918014526367188,0.0,1.0,1.0
96,15,-5.832981586456299,18.476337432861328,0.5,0.5,1.0
96,16,-14.638595581054688,38.84770202636719,0.25,0.5,1.0
96,17,-8.275516510009766,15.776248931884766,0.0,0.6666666865348816,1.0
96,18,-6.103120803833008,21.148319244384766,0.0,1.0,1.0
96,19,-12.03805923461914,55.29520797729492,0.0,0.3333333432674408,1.0
96,20,-14.249188423156738,35.24406433105469,0.25,0.5,0.75
96,21,-13.94926643371582,104.55941009521484,0.0,0.6666666865348816,0.6666666865348816
96,22,-6.5749616622924805,26.775327682495117,0.5,0.5,1.0
96,23,-12.238138198852539,21.3176326751709,0.25,0.75,1.0
96,24,-21.926864624023438,11.430879592895508,0.4444444477558136,0.7777777910232544,1.0
96,25,-14.604440689086914,1483.59033203125,0.0,0.5,0.5
96,26,-10.86784839630127,37.43537139892578,0.3333333432674408,0.3333333432674408,1.0
96,27,-9.065484046936035,93.01325225830078,0.0,0.5,1.0
96,28,-23.280181884765625,2345.047119140625,0.0,0.6666666865348816,0.6666666865348816
96,29,-18.921375274658203,8.185587882995605,0.4444444477558136,0.7777777910232544,1.0
96,30,-15.593132019042969,22.615291595458984,0.4000000059604645,0.800000011920929,0.800000011920929
96,31,-9.238168716430664,21.74512481689453,0.3333333432674408,1.0,1.0
96,32,-18.75297737121582,11807.482421875,0.0,0.0,0.0
96,33,-7.069097518920898,10.552533149719238,0.0,1.0,1.0
96,34,-11.834670066833496,10.664645195007324,0.6000000238418579,0.800000011920929,1.0
96,35,-18.716157913208008,107.66661071777344,0.0,0.5,1.0
96,36,-12.419753074645996,62.79765701293945,0.0,0.3333333432674408,1.0
96,37,-11.728575706481934,18.767824172973633,0.75,0.75,0.75
96,38,-5.102838039398193,3.5812413692474365,0.75,1.0,1.0
96,39,-4.832978248596191,5.0077805519104,0.6666666865348816,1.0,1.0
96,40,-13.442076683044434,88.29578399658203,0.0,0.3333333432674408,1.0
96,41,-20.784399032592773,1020.5867919921875,0.0,0.0,0.6666666865348816
96,42,-18.6779842376709,106.64398956298828,0.25,0.75,0.75
96,43,-23.193950653076172,47.73469543457031,0.3333333432674408,0.6666666865348816,0.8333333730697632
96,44,-9.478429794311523,114.34439849853516,0.0,0.5,1.0
96,45,-12.330942153930664,11.777470588684082,0.4000000059604645,0.800000011920929,1.0
96,46,-19.247299194335938,122.9557876586914,0.25,0.5,0.75
97,0,-7.713053226470947,4.676783561706543,0.6000000238418579,0.800000011920929,1.0
97,1,-2.931910753250122,4.331679821014404,0.5,1.0,1.0
97,2,-18.97686004638672,44.49478530883789,0.6000000238418579,0.6000000238418579,0.800000011920929
97,3,-11.317363739013672,43.486671447753906,0.0,0.3333333432674408,1.0
97,4,-13.889901161193848,1037.8956298828125,0.0,0.5,0.5
97,5,-8.395776748657227,16.4215145111084,0.3333333432674408,0.6666666865348816,1.0
97,6,-25.66739273071289,169.60609436035156,0.20000000298023224,0.6000000238418579,0.6000000238418579
97,7,-23.193307876586914,329.7474365234375,0.25,0.25,0.5
97,8,-11.58590316772461,47.55884552001953,0.3333333432674408,0.3333333432674408,1.0
97,9,-6.4269700050354,24.86559295654297,0.5,0.5,1.0
97,10,-12.197824478149414,58.31978225708008,0.3333333432674408,0.6666666865348816,1.0
97,11,-13.985614776611328,1088.7738037109375,0.0,0.5,0.5
97,12,-11.209991455078125,41.9577751159668,0.3333333432674408,0.6666666865348816,1.0
97,13,-23.540607452392578,2557.71337890625,0.3333333432674408,0.3333333432674408,0.3333333432674408
97,14,-4.5587382316589355,9.770514488220215,0.0,1.0,1.0
97,15,-5.859042644500732,18.71866798400879,0.5,0.5,1.0
97,16,-14.50900936126709,37.609336853027344,0.25,0.5,1.0
97,17,-8.270647048950195,15.750662803649902,0.0,0.6666666865348816,1.0
97,18,-6.126758575439453,21.399751663208008,0.0,1.0,1.0
97,19,-11.94021987915039,53.52095031738281,0.0,0.3333333432674408,1.0
97,20,-14.223624229431152,35.019535064697266,0.25,0.5,0.75
97,21,-13.966607093811035,105.1655502319336,0.0,0.6666666865348816,0.6666666865348816
97,22,-6.6493988037109375,27.7906436920166,0.5,0.5,1.0
97,23,-12.253031730651855,21.397153854370117,0.25,0.75,1.0
97,24,-21.952098846435547,11.462974548339844,0.4444444477558136,0.7777777910232544,1.0
97,25,-14.627140998840332,1500.5252685546875,0.0,0.5,0.5
97,26,-10.874834060668945,37.522647857666016,0.3333333432674408,0.3333333432674408,1.0
97,27,-9.068212509155273,93.1402359008789,0.0,0.5,1.0
97,28,-23.266956329345703,2334.73095703125,0.0,0.6666666865348816,0.6666666865348816
97,29,-18.768566131591797,8.04778003692627,0.4444444477558136,0.7777777910232544,1.0
97,30,-15.611902236938477,22.700353622436523,0.4000000059604645,0.800000011920929,0.800000011920929
97,31,-9.205602645874023,21.51034927368164,0.3333333432674408,1.0,1.0
97,32,-18.68675422668457,11422.919921875,0.0,0.0,0.0
97,33,-7.116786003112793,10.721616744995117,0.0,1.0,1.0
97,34,-11.904294967651367,10.814188003540039,0.6000000238418579,0.800000011920929,1.0
97,35,-18.71515655517578,107.63966369628906,0.0,0.5,1.0
97,36,-12.416522979736328,62.73008346557617,0.0,0.3333333432674408,1.0
97,37,-11.783278465270996,19.0262508392334,0.75,0.75,0.75
97,38,-5.131993770599365,3.6074399948120117,0.75,0.75,1.0
97,39,-4.823243141174316,4.991556167602539,0.6666666865348816,1.0,1.0
97,40,-13.491872787475586,89.77361297607422,0.0,0.3333333432674408,1.0
97,41,-20.679889678955078,985.6454467773438,0.0,0.0,0.6666666865348816
97,42,-18.626834869384766,105.28897857666016,0.25,0.75,0.75
97,43,-23.15431022644043,47.42036056518555,0.3333333432674408,0.6666666865348816,0.8333333730697632
97,44,-9.463478088378906,113.49275970458984,0.0,0.5,1.0
97,45,-12.24665641784668,11.58060073852539,0.4000000059604645,1.0,1.0
97,46,-19.348236083984375,126.09795379638672,0.25,0.5,0.75
98,0,-7.685463905334473,4.6510491371154785,0.6000000238418579,0.800000011920929,1.0
98,1,-2.9394874572753906,4.34812068939209,0.5,1.0,1.0
98,2,-19.030656814575195,44.97610855102539,0.6000000238418579,0.6000000238418579,0.800000011920929
98,3,-11.28846549987793,43.06979751586914,0.0,0.3333333432674408,1.0
98,4,-13.883316040039062,1034.4840087890625,0.5,0.5,0.5
98,5,-8.475034713745117,16.86113929748535,0.3333333432674408,0.6666666865348816,1.0
98,6,-25.674644470214844,169.85220336914062,0.20000000298023224,0.6000000238418579,0.6000000238418579
98,7,-23.180213928222656,328.6697692871094,0.25,0.25,0.5
98,8,-11.645170211791992,48.50774002075195,0.3333333432674408,0.3333333432674408,1.0
98,9,-6.433139324188232,24.942411422729492,0.5,0.5,1.0
98,10,-12.197107315063477,58.30584716796875,0.3333333432674408,0.6666666865348816,1.0
98,11,-13.913033485412598,1049.9698486328125,0.0,0.5,0.5
98,12,-11.25400161743164,42.57783889770508,0.3333333432674408,0.6666666865348816,1.0
98,13,-23.555185317993164,2570.1728515625,0.3333333432674408,0.3333333432674408,0.3333333432674408
98,14,-4.578510284423828,9.867584228515625,0.0,1.0,1.0
98,15,-5.818824768066406,18.34601402282715,0.5,0.5,1.0
98,16,-14.508121490478516,37.600990295410156,0.25,0.5,1.0
98,17,-8.275634765625,15.776869773864746,0.0,0.6666666865348816,1.0
98,18,-6.095580101013184,21.06873321533203,0.0,1.0,1.0
98,19,-11.991456985473633,54.442893981933594,0.0,0.3333333432674408,1.0
98,20,-14.292722702026367,35.629737854003906,0.25,0.5,0.75
98,21,-13.950027465820312,104.5859375,0.0,0.6666666865348816,0.6666666865348816
98,22,-6.574811935424805,26.77332305908203,0.5,0.5,1.0
98,23,-12.239433288574219,21.324535369873047,0.25,0.75,1.0
98,24,-21.89459800720215,11.389969825744629,0.4444444477558136,0.7777777910232544,1.0
98,25,-14.6375732421875,1508.3726806640625,0.0,0.5,0.5
98,26,-10.855840682983398,37.28583526611328,0.3333333432674408,0.3333333432674408,1.0
98,27,-9.117897987365723,95.48307037353516,0.0,0.5,1.0
98,28,-23.247495651245117,2319.634765625,0.0,0.6666666865348816,0.6666666865348816
98,29,-18.86111068725586,8.130960464477539,0.4444444477558136,0.7777777910232544,1.0
98,30,-15.631926536560059,22.791444778442383,0.4000000059604645,0.800000011920929,0.800000011920929
98,31,-9.165231704711914,21.22282600402832,0.3333333432674408,1.0,1.0
98,32,-18.672618865966797,11342.470703125,0.0,0.0,0.0
98,33,-7.123427391052246,10.745378494262695,0.0,1.0,1.0
98,34,-11.91517448425293,10.83774471282959,0.6000000238418579,0.800000011920929,1.0
98,35,-18.729694366455078,108.03158569335938,0.0,0.5,1.0
98,36,-12.430768966674805,63.02865219116211,0.0,0.3333333432674408,1.0
98,37,-11.753108024597168,18.883283615112305,0.75,0.75,0.75
98,38,-5.122193336486816,3.5986125469207764,0.75,0.75,1.0
98,39,-4.833099365234375,5.00798225402832,0.6666666865348816,1.0,1.0
98,40,-13.407994270324707,87.29832458496094,0.0,0.3333333432674408,1.0
98,41,-20.734180450439453,1003.64501953125,0.0,0.0,0.6666666865348816
98,42,-18.717750549316406,107.70948791503906,0.0,0.75,0.75
98,43,-23.143978118896484,47.338768005371094,0.3333333432674408,0.6666666865348816,0.8333333730697632
98,44,-9.465482711791992,113.6065673828125,0.0,0.5,1.0
98,45,-12.271387100219727,11.638022422790527,0.4000000059604645,1.0,1.0
98,46,-19.297792434692383,124.51773071289062,0.25,0.5,0.75
99,0,-7.652796745300293,4.620760440826416,0.6000000238418579,0.800000011920929,1.0
99,1,-2.944284439086914,4.358561992645264,0.5,1.0,1.0
99,2,-19.04079818725586,45.067420959472656,0.4000000059604645,0.6000000238418579,0.800000011920929
99,3,-11.320804595947266,43.53657913208008,0.0,0.3333333432674408,1.0
99,4,-13.831632614135742,1008.0936279296875,0.5,0.5,0.5
99,5,-8.480939865112305,16.894359588623047,0.3333333432674408,0.6666666865348816,1.0
99,6,-25.67537498474121,169.8770751953125,0.20000000298023224,0.6000000238418579,0.6000000238418579
99,7,-23.157106399536133,326.77655029296875,0.25,0.25,0.5
99,8,-11.59660530090332,47.72880172729492,0.3333333432674408,0.3333333432674408,1.0
99,9,-6.415069580078125,24.718074798583984,0.5,0.5,1.0
99,10,-12.163398742675781,57.654380798339844,0.3333333432674408,0.6666666865348816,1.0
99,11,-13.883458137512207,1034.5574951171875,0.0,0.5,0.5
99,12,-11.264059066772461,42.720821380615234,0.3333333432674408,0.6666666865348816,1.0
99,13,-23.512001037597656,2533.44091796875,0.3333333432674408,0.3333333432674408,0.3333333432674408
99,14,-4.594183921813965,9.945219039916992,0.0,1.0,1.0
99,15,-5.828189849853516,18.43212127685547,0.5,0.5,1.0
99,16,-14.633166313171387,38.795005798339844,0.25,0.5,1.0
99,17,-8.311235427856445,15.965206146240234,0.0,0.6666666865348816,1.0
99,18,-6.158297061920166,21.739883422851562,0.0,1.0,1.0
99,19,-12.033010482788086,55.202239990234375,0.0,0.3333333432674408,1.0
99,20,-14.300174713134766,35.69618225097656,0.25,0.5,0.75
99,21,-13.938979148864746,104.20150756835938,0.0,0.6666666865348816,0.6666666865348816
99,22,-6.643752098083496,27.71229362487793,0.5,0.5,1.0
99,23,-12.250663757324219,21.384490966796875,0.25,0.75,1.0
99,24,-21.8613338470459,11.347949981689453,0.4444444477558136,0.7777777910232544,1.0
99,25,-14.656551361083984,1522.7537841796875,0.0,0.5,0.5
99,26,-10.853778839111328,37.260223388671875,0.3333333432674408,0.3333333432674408,1.0
99,27,-9.058929443359375,92.70892333984375,0.0,0.5,1.0
99,28,-23.224536895751953,2301.950927734375,0.0,0.6666666865348816,0.6666666865348816
99,29,-18.914329528808594,8.179182052612305,0.4444444477558136,0.7777777910232544,1.0
99,30,-15.666258811950684,22.9484806060791,0.4000000059604645,0.800000011920929,0.800000011920929
99,31,-9.25883960723877,21.89547348022461,0.3333333432674408,1.0,1.0
99,32,-18.687728881835938,11428.4873046875,0.0,0.0,0.0
99,33,-7.144719123840332,10.82191276550293,0.0,1.0,1.0
99,34,-11.897747993469238,10.800036430358887,0.6000000238418579,0.800000011920929,1.0
99,35,-18.754066467285156,108.69183349609375,0.0,0.5,1.0
99,36,-12.416958808898926,62.739173889160156,0.0,0.3333333432674408,1.0
99,37,-11.72889518737793,18.769323348999023,0.75,0.75,0.75
99,38,-5.106868267059326,3.5848515033721924,0.75,1.0,1.0
99,39,-4.82049036026001,4.986978054046631,0.6666666865348816,1.0,1.0
99,40,-13.393775939941406,86.88557434082031,0.0,0.3333333432674408,1.0
99,41,-20.63250160217285,970.1983032226562,0.0,0.0,1.0
99,42,-18.698863983154297,107.2021255493164,0.25,0.75,0.75
99,43,-23.196765899658203,47.75709915161133,0.3333333432674408,0.6666666865348816,0.8333333730697632
99,44,-9.486634254455566,114.8144302368164,0.0,0.5,1.0
99,45,-12.279851913452148,11.657739639282227,0.4000000059604645,1.0,1.0
99,46,-19.326732635498047,125.42189025878906,0.25,0.5,0.75
100,0,-7.678844451904297,4.644895553588867,0.6000000238418579,0.800000011920929,1.0
100,1,-2.9465458393096924,4.3634934425354,0.5,1.0,1.0
100,2,-19.010780334472656,44.797664642333984,0.6000000238418579,0.6000000238418579,0.800000011920929
100,3,-11.3423490524292,43.85036087036133,0.0,0.3333333432674408,1.0
100,4,-13.893512725830078,1039.7716064453125,0.5,0.5,0.5
100,5,-8.492497444152832,16.95957374572754,0.3333333432674408,0.6666666865348816,1.0
100,6,-25.759037017822266,172.743408203125,0.20000000298023224,0.6000000238418579,0.6000000238418579
100,7,-23.180917739868164,328.72760009765625,0.25,0.25,0.5
100,8,-11.59660530090332,47.72880172729492,0.3333333432674408,0.3333333432674408,1.0
100,9,-6.415069580078125,24.718074798583984,0.5,0.5,1.0
100,10,-12.163398742675781,57.654380798339844,0.3333333432674408,0.6666666865348816,1.0
100,11,-13.91781997680664,1052.4857177734375,0.0,0.5,0.5
100,12,-11.222185134887695,42.128662109375,0.3333333432674408,0.6666666865348816,1.0
100,13,-23.4854793548584,2511.142578125,0.3333333432674408,0.3333333432674408,0.3333333432674408
100,14,-4.594183921813965,9.945219039916992,0.0,1.0,1.0
100,15,-5.858362197875977,18.712299346923828,0.5,0.5,1.0
100,16,-14.604021072387695,38.513362884521484,0.25,0.5,1.0
100,17,-8.29134750366211,15.859718322753906,0.0,0.6666666865348816,1.0
100,18,-6.13163948059082,21.45203971862793,0.0,1.0,1.0
100,19,-12.033010482788086,55.202239990234375,0.0,0.3333333432674408,1.0
100,20,-14.24297046661377,35.1893196105957,0.25,0.5,0.75
100,21,-13.93503189086914,104.06446075439453,0.0,0.6666666865348816,0.6666666865348816
100,22,-6.584366321563721,26.90152931213379,0.5,0.5,1.0
100,23,-12.226555824279785,21.25599479675293,0.25,0.75,1.0
100,24,-21.899843215942383,11.396610260009766,0.4444444477558136,0.7777777910232544,1.0
100,25,-14.69041633605957,1548.75732421875,0.0,0.5,0.5
100,26,-10.821603775024414,36.86274337768555,0.3333333432674408,0.3333333432674408,1.0
100,27,-9.036712646484375,91.68477630615234,0.0,0.5,1.0
100,28,-23.216854095458984,2296.06298828125,0.0,0.6666666865348816,0.6666666865348816
100,29,-18.894758224487305,8.161416053771973,0.4444444477558136,0.7777777910232544,1.0
100,30,-15.70127010345459,23.109737396240234,0.4000000059604645,0.800000011920929,0.800000011920929
100,31,-9.24277400970459,21.778532028198242,0.3333333432674408,1.0,1.0
100,32,-18.6841983795166,11408.3310546875,0.0,0.0,0.0
100,33,-7.144719123840332,10.82191276550293,0.0,1.0,1.0
100,34,-11.91264533996582,10.832262992858887,0.6000000238418579,0.800000011920929,1.0
100,35,-18.612882614135742,104.92236328125,0.0,0.5,1.0
100,36,-12.448379516601562,63.39974594116211,0.0,0.3333333432674408,1.0
100,37,-11.691234588623047,18.59343719482422,0.75,0.75,0.75
100,38,-5.106868267059326,3.5848515033721924,0.75,1.0,1.0
100,39,-4.809973239898682,4.969525337219238,0.6666666865348816,1.0,1.0
100,40,-13.393775939941406,86.88557434082031,0.0,0.3333333432674408,1.0
100,41,-20.655174255371094,977.5582275390625,0.0,0.0,0.6666666865348816
100,42,-18.676921844482422,106.61566925048828,0.25,0.75,0.75
100,43,-23.191640853881836,47.7163200378418,0.3333333432674408,0.6666666865348816,0.8333333730697632
100,44,-9.484542846679688,114.69442749023438,0.0,0.5,1.0
100,45,-12.203700065612793,11.481535911560059,0.4000000059604645,1.0,1.0
100,46,-19.304960250854492,124.7410659790039,0.25,0.5,0.75
