probe,target,correct_label,formatted_question,option_a,option_b,option_c,option_d,option_e,distractors,fact,raw_knowledge_statement,section,formatted_question_5shot
"According to the paper ""Group Sequence Policy Optimization"", GSPO has the potential to simplify the design of",RL infrastructure.,(A),"According to the paper ""Group Sequence Policy Optimization"", GSPO has the potential to simplify the design of
(A) RL infrastructure.
(B) reward modeling systems.
(C) supervised fine-tuning workflows.
(D) Mixture-of-Experts training pipelines.
(E) token-level importance-ratio objectives.",RL infrastructure.,reward modeling systems.,supervised fine-tuning workflows.,Mixture-of-Experts training pipelines.,token-level importance-ratio objectives.,"[""Mixture-of-Experts training pipelines."", ""token-level importance-ratio objectives."", ""reward modeling systems."", ""supervised fine-tuning workflows.""]","According to the paper ""Group Sequence Policy Optimization"", GSPO has the potential to simplify the design of RL infrastructure.","We demonstrate that GSPO achieves superior training efficiency and performance compared to the GRPO algorithm, notably stabilizes Mixture-of-Experts (MoE) RL training, and has the potential for simplifying the design of RL infrastructure.",Title/Abstract,"Question: Which city is the capital of France?
(A) Paris
(B) Berlin
(C) Madrid
(D) Rome
(E) Lisbon
Answer: (A)

Question: Which planet is the largest in the Solar System?
(A) Earth
(B) Jupiter
(C) Saturn
(D) Venus
(E) Mars
Answer: (B)

Question: What is the chemical formula for water?
(A) CO2
(B) O2
(C) H2O
(D) NaCl
(E) CH4
Answer: (C)

Question: What process do plants use to convert sunlight into chemical energy?
(A) Respiration
(B) Fermentation
(C) Evaporation
(D) Photosynthesis
(E) Condensation
Answer: (D)

Question: What is the primary function of red blood cells?
(A) Transmit nerve signals
(B) Produce bile
(C) Filter lymph
(D) Digest proteins
(E) Carry oxygen
Answer: (E)

Question: According to the paper ""Group Sequence Policy Optimization"", GSPO has the potential to simplify the design of
(A) RL infrastructure.
(B) reward modeling systems.
(C) supervised fine-tuning workflows.
(D) Mixture-of-Experts training pipelines.
(E) token-level importance-ratio objectives."
"According to the paper ""Group Sequence Policy Optimization"", unlike previous algorithms that adopt token-level importance ratios, GSPO performs clipping, rewarding, and optimization at the",sequence-level.,(A),"According to the paper ""Group Sequence Policy Optimization"", unlike previous algorithms that adopt token-level importance ratios, GSPO performs clipping, rewarding, and optimization at the
(A) sequence-level.
(B) step-level.
(C) token-level.
(D) batch-level.
(E) prompt-level.",sequence-level.,step-level.,token-level.,batch-level.,prompt-level.,"[""token-level."", ""step-level."", ""batch-level."", ""prompt-level.""]","According to the paper ""Group Sequence Policy Optimization"", unlike previous algorithms that adopt token-level importance ratios, GSPO performs clipping, rewarding, and optimization at the sequence-level.","Unlike previous algorithms that adopt token-level importance ratios, GSPO defines the importance ratio based on sequence likelihood and performs sequence-level clipping, rewarding, and optimization.",Title/Abstract,"Question: Which city is the capital of France?
(A) Paris
(B) Berlin
(C) Madrid
(D) Rome
(E) Lisbon
Answer: (A)

Question: Which planet is the largest in the Solar System?
(A) Earth
(B) Jupiter
(C) Saturn
(D) Venus
(E) Mars
Answer: (B)

Question: What is the chemical formula for water?
(A) CO2
(B) O2
(C) H2O
(D) NaCl
(E) CH4
Answer: (C)

Question: What process do plants use to convert sunlight into chemical energy?
(A) Respiration
(B) Fermentation
(C) Evaporation
(D) Photosynthesis
(E) Condensation
Answer: (D)

Question: What is the primary function of red blood cells?
(A) Transmit nerve signals
(B) Produce bile
(C) Filter lymph
(D) Digest proteins
(E) Carry oxygen
Answer: (E)

Question: According to the paper ""Group Sequence Policy Optimization"", unlike previous algorithms that adopt token-level importance ratios, GSPO performs clipping, rewarding, and optimization at the
(A) sequence-level.
(B) step-level.
(C) token-level.
(D) batch-level.
(E) prompt-level."
"In the paper ""Group Sequence Policy Optimization"", the examples of sophisticated problems that language models can tackle through large-scale RL by undertaking deeper and longer reasoning processes are",competition-level mathematics and programming,(A),"In the paper ""Group Sequence Policy Optimization"", the examples of sophisticated problems that language models can tackle through large-scale RL by undertaking deeper and longer reasoning processes are
(A) competition-level mathematics and programming
(B) strategic game playing and long-horizon planning
(C) model collapse and training instability
(D) scientific question answering and theorem proving
(E) legal reasoning and medical diagnosis",competition-level mathematics and programming,strategic game playing and long-horizon planning,model collapse and training instability,scientific question answering and theorem proving,legal reasoning and medical diagnosis,"[""scientific question answering and theorem proving"", ""strategic game playing and long-horizon planning"", ""legal reasoning and medical diagnosis"", ""model collapse and training instability""]","In the paper ""Group Sequence Policy Optimization"", the examples of sophisticated problems that language models can tackle through large-scale RL by undertaking deeper and longer reasoning processes are competition-level mathematics and programming","Through large-scale RL, language models develop the capability to tackle sophisticated problems, such as competition-level mathematics and programming, by undertaking deeper and longer reasoning processes.",Introduction,"Question: Which city is the capital of France?
(A) Paris
(B) Berlin
(C) Madrid
(D) Rome
(E) Lisbon
Answer: (A)

Question: Which planet is the largest in the Solar System?
(A) Earth
(B) Jupiter
(C) Saturn
(D) Venus
(E) Mars
Answer: (B)

Question: What is the chemical formula for water?
(A) CO2
(B) O2
(C) H2O
(D) NaCl
(E) CH4
Answer: (C)

Question: What process do plants use to convert sunlight into chemical energy?
(A) Respiration
(B) Fermentation
(C) Evaporation
(D) Photosynthesis
(E) Condensation
Answer: (D)

Question: What is the primary function of red blood cells?
(A) Transmit nerve signals
(B) Produce bile
(C) Filter lymph
(D) Digest proteins
(E) Carry oxygen
Answer: (E)

Question: In the paper ""Group Sequence Policy Optimization"", the examples of sophisticated problems that language models can tackle through large-scale RL by undertaking deeper and longer reasoning processes are
(A) competition-level mathematics and programming
(B) strategic game playing and long-horizon planning
(C) model collapse and training instability
(D) scientific question answering and theorem proving
(E) legal reasoning and medical diagnosis"
"According to the paper ""Group Sequence Policy Optimization"", the instability of GRPO hinders efforts, through continued RL training, to push",the capability boundaries of language models.,(D),"According to the paper ""Group Sequence Policy Optimization"", the instability of GRPO hinders efforts, through continued RL training, to push
(A) the stability and robustness of training dynamics.
(B) the performance ceiling on mathematics and programming tasks.
(C) the sample efficiency of reinforcement learning algorithms.
(D) the capability boundaries of language models.
(E) the scale of computational investment in RL.",the stability and robustness of training dynamics.,the performance ceiling on mathematics and programming tasks.,the sample efficiency of reinforcement learning algorithms.,the capability boundaries of language models.,the scale of computational investment in RL.,"[""the scale of computational investment in RL."", ""the performance ceiling on mathematics and programming tasks."", ""the stability and robustness of training dynamics."", ""the sample efficiency of reinforcement learning algorithms.""]","According to the paper ""Group Sequence Policy Optimization"", the instability of GRPO hinders efforts, through continued RL training, to push the capability boundaries of language models.",This instability hinders efforts to push the capability boundaries of language models through continued RL training.,Introduction,"Question: Which city is the capital of France?
(A) Paris
(B) Berlin
(C) Madrid
(D) Rome
(E) Lisbon
Answer: (A)

Question: Which planet is the largest in the Solar System?
(A) Earth
(B) Jupiter
(C) Saturn
(D) Venus
(E) Mars
Answer: (B)

Question: What is the chemical formula for water?
(A) CO2
(B) O2
(C) H2O
(D) NaCl
(E) CH4
Answer: (C)

Question: What process do plants use to convert sunlight into chemical energy?
(A) Respiration
(B) Fermentation
(C) Evaporation
(D) Photosynthesis
(E) Condensation
Answer: (D)

Question: What is the primary function of red blood cells?
(A) Transmit nerve signals
(B) Produce bile
(C) Filter lymph
(D) Digest proteins
(E) Carry oxygen
Answer: (E)

Question: According to the paper ""Group Sequence Policy Optimization"", the instability of GRPO hinders efforts, through continued RL training, to push
(A) the stability and robustness of training dynamics.
(B) the performance ceiling on mathematics and programming tasks.
(C) the sample efficiency of reinforcement learning algorithms.
(D) the capability boundaries of language models.
(E) the scale of computational investment in RL."
"According to the paper ""Group Sequence Policy Optimization"", the authors state that these merits of GSPO have contributed to remarkable improvements in the latest",Qwen3 models,(D),"According to the paper ""Group Sequence Policy Optimization"", the authors state that these merits of GSPO have contributed to remarkable improvements in the latest
(A) DeepSeek-R1 models
(B) Qwen2.5 models
(C) Mixture-of-Experts models
(D) Qwen3 models
(E) Llama 3 models",DeepSeek-R1 models,Qwen2.5 models,Mixture-of-Experts models,Qwen3 models,Llama 3 models,"[""Qwen2.5 models"", ""Llama 3 models"", ""DeepSeek-R1 models"", ""Mixture-of-Experts models""]","According to the paper ""Group Sequence Policy Optimization"", the authors state that these merits of GSPO have contributed to remarkable improvements in the latest Qwen3 models",These merits of GSPO have contributed to the remarkable improvements in the latest Qwen3 models.,Title/Abstract,"Question: Which city is the capital of France?
(A) Paris
(B) Berlin
(C) Madrid
(D) Rome
(E) Lisbon
Answer: (A)

Question: Which planet is the largest in the Solar System?
(A) Earth
(B) Jupiter
(C) Saturn
(D) Venus
(E) Mars
Answer: (B)

Question: What is the chemical formula for water?
(A) CO2
(B) O2
(C) H2O
(D) NaCl
(E) CH4
Answer: (C)

Question: What process do plants use to convert sunlight into chemical energy?
(A) Respiration
(B) Fermentation
(C) Evaporation
(D) Photosynthesis
(E) Condensation
Answer: (D)

Question: What is the primary function of red blood cells?
(A) Transmit nerve signals
(B) Produce bile
(C) Filter lymph
(D) Digest proteins
(E) Carry oxygen
Answer: (E)

Question: According to the paper ""Group Sequence Policy Optimization"", the authors state that these merits of GSPO have contributed to remarkable improvements in the latest
(A) DeepSeek-R1 models
(B) Qwen2.5 models
(C) Mixture-of-Experts models
(D) Qwen3 models
(E) Llama 3 models"
"According to the paper ""Group Sequence Policy Optimization"", the authors identify the foremost prerequisite for successfully scaling RL with greater computational investment as",maintaining stable and robust training dynamics,(E),"According to the paper ""Group Sequence Policy Optimization"", the authors identify the foremost prerequisite for successfully scaling RL with greater computational investment as
(A) avoiding catastrophic and irreversible model collapse
(B) improving reward model accuracy and supervision quality
(C) maximizing sample efficiency through off-policy data reuse
(D) using valid and unbiased importance sampling weights
(E) maintaining stable and robust training dynamics",avoiding catastrophic and irreversible model collapse,improving reward model accuracy and supervision quality,maximizing sample efficiency through off-policy data reuse,using valid and unbiased importance sampling weights,maintaining stable and robust training dynamics,"[""using valid and unbiased importance sampling weights"", ""avoiding catastrophic and irreversible model collapse"", ""maximizing sample efficiency through off-policy data reuse"", ""improving reward model accuracy and supervision quality""]","According to the paper ""Group Sequence Policy Optimization"", the authors identify the foremost prerequisite for successfully scaling RL with greater computational investment as maintaining stable and robust training dynamics","To successfully scale RL with greater computational investment, the foremost prerequisite is maintaining stable and robust training dynamics.",Introduction,"Question: Which city is the capital of France?
(A) Paris
(B) Berlin
(C) Madrid
(D) Rome
(E) Lisbon
Answer: (A)

Question: Which planet is the largest in the Solar System?
(A) Earth
(B) Jupiter
(C) Saturn
(D) Venus
(E) Mars
Answer: (B)

Question: What is the chemical formula for water?
(A) CO2
(B) O2
(C) H2O
(D) NaCl
(E) CH4
Answer: (C)

Question: What process do plants use to convert sunlight into chemical energy?
(A) Respiration
(B) Fermentation
(C) Evaporation
(D) Photosynthesis
(E) Condensation
Answer: (D)

Question: What is the primary function of red blood cells?
(A) Transmit nerve signals
(B) Produce bile
(C) Filter lymph
(D) Digest proteins
(E) Carry oxygen
Answer: (E)

Question: According to the paper ""Group Sequence Policy Optimization"", the authors identify the foremost prerequisite for successfully scaling RL with greater computational investment as
(A) avoiding catastrophic and irreversible model collapse
(B) improving reward model accuracy and supervision quality
(C) maximizing sample efficiency through off-policy data reuse
(D) using valid and unbiased importance sampling weights
(E) maintaining stable and robust training dynamics"
"According to the paper ""Group Sequence Policy Optimization"", the authors identify that the instability of GRPO stems from the fundamental misapplication and invalidation of",importance sampling weights.,(A),"According to the paper ""Group Sequence Policy Optimization"", the authors identify that the instability of GRPO stems from the fundamental misapplication and invalidation of
(A) importance sampling weights.
(B) KL regularization terms
(C) reward normalization schemes
(D) the clipping mechanism
(E) advantage estimates",importance sampling weights.,KL regularization terms,reward normalization schemes,the clipping mechanism,advantage estimates,"[""the clipping mechanism"", ""reward normalization schemes"", ""advantage estimates"", ""KL regularization terms""]","According to the paper ""Group Sequence Policy Optimization"", the authors identify that the instability of GRPO stems from the fundamental misapplication and invalidation of importance sampling weights.","In this paper, we identify that the instability of GRPO stems from the fundamental misapplication and invalidation of importance sampling weights in its algorithmic design.",Introduction,"Question: Which city is the capital of France?
(A) Paris
(B) Berlin
(C) Madrid
(D) Rome
(E) Lisbon
Answer: (A)

Question: Which planet is the largest in the Solar System?
(A) Earth
(B) Jupiter
(C) Saturn
(D) Venus
(E) Mars
Answer: (B)

Question: What is the chemical formula for water?
(A) CO2
(B) O2
(C) H2O
(D) NaCl
(E) CH4
Answer: (C)

Question: What process do plants use to convert sunlight into chemical energy?
(A) Respiration
(B) Fermentation
(C) Evaporation
(D) Photosynthesis
(E) Condensation
Answer: (D)

Question: What is the primary function of red blood cells?
(A) Transmit nerve signals
(B) Produce bile
(C) Filter lymph
(D) Digest proteins
(E) Carry oxygen
Answer: (E)

Question: According to the paper ""Group Sequence Policy Optimization"", the authors identify that the instability of GRPO stems from the fundamental misapplication and invalidation of
(A) importance sampling weights.
(B) KL regularization terms
(C) reward normalization schemes
(D) the clipping mechanism
(E) advantage estimates"
"According to the paper ""Group Sequence Policy Optimization"", through large-scale RL, language models develop the capability to tackle sophisticated problems such as competition-level mathematics and programming by undertaking",deeper and longer reasoning processes.,(A),"According to the paper ""Group Sequence Policy Optimization"", through large-scale RL, language models develop the capability to tackle sophisticated problems such as competition-level mathematics and programming by undertaking
(A) deeper and longer reasoning processes.
(B) greater and more sustained computational investment.
(C) continued and more stable RL training.
(D) careful and extensive reward-guided exploration.
(E) iterative and tool-assisted problem-solving steps.",deeper and longer reasoning processes.,greater and more sustained computational investment.,continued and more stable RL training.,careful and extensive reward-guided exploration.,iterative and tool-assisted problem-solving steps.,"[""continued and more stable RL training."", ""greater and more sustained computational investment."", ""careful and extensive reward-guided exploration."", ""iterative and tool-assisted problem-solving steps.""]","According to the paper ""Group Sequence Policy Optimization"", through large-scale RL, language models develop the capability to tackle sophisticated problems such as competition-level mathematics and programming by undertaking deeper and longer reasoning processes.","Through large-scale RL, language models develop the capability to tackle sophisticated problems, such as competition-level mathematics and programming, by undertaking deeper and longer reasoning processes.",Introduction,"Question: Which city is the capital of France?
(A) Paris
(B) Berlin
(C) Madrid
(D) Rome
(E) Lisbon
Answer: (A)

Question: Which planet is the largest in the Solar System?
(A) Earth
(B) Jupiter
(C) Saturn
(D) Venus
(E) Mars
Answer: (B)

Question: What is the chemical formula for water?
(A) CO2
(B) O2
(C) H2O
(D) NaCl
(E) CH4
Answer: (C)

Question: What process do plants use to convert sunlight into chemical energy?
(A) Respiration
(B) Fermentation
(C) Evaporation
(D) Photosynthesis
(E) Condensation
Answer: (D)

Question: What is the primary function of red blood cells?
(A) Transmit nerve signals
(B) Produce bile
(C) Filter lymph
(D) Digest proteins
(E) Carry oxygen
Answer: (E)

Question: According to the paper ""Group Sequence Policy Optimization"", through large-scale RL, language models develop the capability to tackle sophisticated problems such as competition-level mathematics and programming by undertaking
(A) deeper and longer reasoning processes.
(B) greater and more sustained computational investment.
(C) continued and more stable RL training.
(D) careful and extensive reward-guided exploration.
(E) iterative and tool-assisted problem-solving steps."
"According to the paper ""Group Sequence Policy Optimization"", a pivotal paradigm for scaling language models is",Reinforcement learning (RL).,(A),"According to the paper ""Group Sequence Policy Optimization"", a pivotal paradigm for scaling language models is
(A) Reinforcement learning (RL).
(B) Direct preference optimization (DPO).
(C) Group Relative Policy Optimization (GRPO).
(D) Supervised fine-tuning (SFT).
(E) Chain-of-thought prompting.",Reinforcement learning (RL).,Direct preference optimization (DPO).,Group Relative Policy Optimization (GRPO).,Supervised fine-tuning (SFT).,Chain-of-thought prompting.,"[""Group Relative Policy Optimization (GRPO)."", ""Supervised fine-tuning (SFT)."", ""Direct preference optimization (DPO)."", ""Chain-of-thought prompting.""]","According to the paper ""Group Sequence Policy Optimization"", a pivotal paradigm for scaling language models is Reinforcement learning (RL).","Reinforcement learning (RL) has emerged as a pivotal paradigm for scaling language models \citep{o1,dpsk-r1,qwq32b,qwen3}.",Introduction,"Question: Which city is the capital of France?
(A) Paris
(B) Berlin
(C) Madrid
(D) Rome
(E) Lisbon
Answer: (A)

Question: Which planet is the largest in the Solar System?
(A) Earth
(B) Jupiter
(C) Saturn
(D) Venus
(E) Mars
Answer: (B)

Question: What is the chemical formula for water?
(A) CO2
(B) O2
(C) H2O
(D) NaCl
(E) CH4
Answer: (C)

Question: What process do plants use to convert sunlight into chemical energy?
(A) Respiration
(B) Fermentation
(C) Evaporation
(D) Photosynthesis
(E) Condensation
Answer: (D)

Question: What is the primary function of red blood cells?
(A) Transmit nerve signals
(B) Produce bile
(C) Filter lymph
(D) Digest proteins
(E) Carry oxygen
Answer: (E)

Question: According to the paper ""Group Sequence Policy Optimization"", a pivotal paradigm for scaling language models is
(A) Reinforcement learning (RL).
(B) Direct preference optimization (DPO).
(C) Group Relative Policy Optimization (GRPO).
(D) Supervised fine-tuning (SFT).
(E) Chain-of-thought prompting."
"In the paper ""Group Sequence Policy Optimization"", the instability of GRPO hinders efforts to push the capability boundaries of language models through",continued RL training,(B),"In the paper ""Group Sequence Policy Optimization"", the instability of GRPO hinders efforts to push the capability boundaries of language models through
(A) greater computational investment
(B) continued RL training
(C) deeper and longer reasoning processes
(D) supervised instruction tuning
(E) larger-scale pretraining",greater computational investment,continued RL training,deeper and longer reasoning processes,supervised instruction tuning,larger-scale pretraining,"[""greater computational investment"", ""deeper and longer reasoning processes"", ""larger-scale pretraining"", ""supervised instruction tuning""]","In the paper ""Group Sequence Policy Optimization"", the instability of GRPO hinders efforts to push the capability boundaries of language models through continued RL training",This instability hinders efforts to push the capability boundaries of language models through continued RL training.,Introduction,"Question: Which city is the capital of France?
(A) Paris
(B) Berlin
(C) Madrid
(D) Rome
(E) Lisbon
Answer: (A)

Question: Which planet is the largest in the Solar System?
(A) Earth
(B) Jupiter
(C) Saturn
(D) Venus
(E) Mars
Answer: (B)

Question: What is the chemical formula for water?
(A) CO2
(B) O2
(C) H2O
(D) NaCl
(E) CH4
Answer: (C)

Question: What process do plants use to convert sunlight into chemical energy?
(A) Respiration
(B) Fermentation
(C) Evaporation
(D) Photosynthesis
(E) Condensation
Answer: (D)

Question: What is the primary function of red blood cells?
(A) Transmit nerve signals
(B) Produce bile
(C) Filter lymph
(D) Digest proteins
(E) Carry oxygen
Answer: (E)

Question: In the paper ""Group Sequence Policy Optimization"", the instability of GRPO hinders efforts to push the capability boundaries of language models through
(A) greater computational investment
(B) continued RL training
(C) deeper and longer reasoning processes
(D) supervised instruction tuning
(E) larger-scale pretraining"
"In the paper ""Group Sequence Policy Optimization"", the high-variance training noise ultimately precipitates",model collapse.,(D),"In the paper ""Group Sequence Policy Optimization"", the high-variance training noise ultimately precipitates
(A) policy divergence.
(B) gradient explosion.
(C) training instability.
(D) model collapse.
(E) reward misalignment.",policy divergence.,gradient explosion.,training instability.,model collapse.,reward misalignment.,"[""training instability."", ""reward misalignment."", ""gradient explosion."", ""policy divergence.""]","In the paper ""Group Sequence Policy Optimization"", the high-variance training noise ultimately precipitates model collapse.","This introduces high-variance training noise that progressively accumulates with increased response length and is further amplified by the clipping mechanism, ultimately precipitating model collapse.",Introduction,"Question: Which city is the capital of France?
(A) Paris
(B) Berlin
(C) Madrid
(D) Rome
(E) Lisbon
Answer: (A)

Question: Which planet is the largest in the Solar System?
(A) Earth
(B) Jupiter
(C) Saturn
(D) Venus
(E) Mars
Answer: (B)

Question: What is the chemical formula for water?
(A) CO2
(B) O2
(C) H2O
(D) NaCl
(E) CH4
Answer: (C)

Question: What process do plants use to convert sunlight into chemical energy?
(A) Respiration
(B) Fermentation
(C) Evaporation
(D) Photosynthesis
(E) Condensation
Answer: (D)

Question: What is the primary function of red blood cells?
(A) Transmit nerve signals
(B) Produce bile
(C) Filter lymph
(D) Digest proteins
(E) Carry oxygen
Answer: (E)

Question: In the paper ""Group Sequence Policy Optimization"", the high-variance training noise ultimately precipitates
(A) policy divergence.
(B) gradient explosion.
(C) training instability.
(D) model collapse.
(E) reward misalignment."
"In the paper ""Group Sequence Policy Optimization"", the authors propose Group Sequence Policy Optimization (GSPO) as a new RL algorithm for training",large language models.,(E),"In the paper ""Group Sequence Policy Optimization"", the authors propose Group Sequence Policy Optimization (GSPO) as a new RL algorithm for training
(A) large vision-language models.
(B) reward modeling systems.
(C) large Mixture-of-Experts (MoE) models.
(D) deep reinforcement learning agents.
(E) large language models.",large vision-language models.,reward modeling systems.,large Mixture-of-Experts (MoE) models.,deep reinforcement learning agents.,large language models.,"[""large Mixture-of-Experts (MoE) models."", ""large vision-language models."", ""deep reinforcement learning agents."", ""reward modeling systems.""]","In the paper ""Group Sequence Policy Optimization"", the authors propose Group Sequence Policy Optimization (GSPO) as a new RL algorithm for training large language models.","To address these core limitations, we propose \textbf{Group Sequence Policy Optimization (GSPO)}, a new RL algorithm for training large language models.",Introduction,"Question: Which city is the capital of France?
(A) Paris
(B) Berlin
(C) Madrid
(D) Rome
(E) Lisbon
Answer: (A)

Question: Which planet is the largest in the Solar System?
(A) Earth
(B) Jupiter
(C) Saturn
(D) Venus
(E) Mars
Answer: (B)

Question: What is the chemical formula for water?
(A) CO2
(B) O2
(C) H2O
(D) NaCl
(E) CH4
Answer: (C)

Question: What process do plants use to convert sunlight into chemical energy?
(A) Respiration
(B) Fermentation
(C) Evaporation
(D) Photosynthesis
(E) Condensation
Answer: (D)

Question: What is the primary function of red blood cells?
(A) Transmit nerve signals
(B) Produce bile
(C) Filter lymph
(D) Digest proteins
(E) Carry oxygen
Answer: (E)

Question: In the paper ""Group Sequence Policy Optimization"", the authors propose Group Sequence Policy Optimization (GSPO) as a new RL algorithm for training
(A) large vision-language models.
(B) reward modeling systems.
(C) large Mixture-of-Experts (MoE) models.
(D) deep reinforcement learning agents.
(E) large language models."
"According to the paper ""Group Sequence Policy Optimization"", GSPO notably stabilizes",Mixture-of-Experts (MoE) RL training.,(D),"According to the paper ""Group Sequence Policy Optimization"", GSPO notably stabilizes
(A) distributed RL infrastructure for large language models.
(B) GRPO-based large language model reinforcement learning.
(C) Proximal Policy Optimization (PPO) fine-tuning.
(D) Mixture-of-Experts (MoE) RL training.
(E) token-level importance-ratio policy optimization.",distributed RL infrastructure for large language models.,GRPO-based large language model reinforcement learning.,Proximal Policy Optimization (PPO) fine-tuning.,Mixture-of-Experts (MoE) RL training.,token-level importance-ratio policy optimization.,"[""GRPO-based large language model reinforcement learning."", ""token-level importance-ratio policy optimization."", ""Proximal Policy Optimization (PPO) fine-tuning."", ""distributed RL infrastructure for large language models.""]","According to the paper ""Group Sequence Policy Optimization"", GSPO notably stabilizes Mixture-of-Experts (MoE) RL training.","We demonstrate that GSPO achieves superior training efficiency and performance compared to the GRPO algorithm, notably stabilizes Mixture-of-Experts (MoE) RL training, and has the potential for simplifying the design of RL infrastructure.",Title/Abstract,"Question: Which city is the capital of France?
(A) Paris
(B) Berlin
(C) Madrid
(D) Rome
(E) Lisbon
Answer: (A)

Question: Which planet is the largest in the Solar System?
(A) Earth
(B) Jupiter
(C) Saturn
(D) Venus
(E) Mars
Answer: (B)

Question: What is the chemical formula for water?
(A) CO2
(B) O2
(C) H2O
(D) NaCl
(E) CH4
Answer: (C)

Question: What process do plants use to convert sunlight into chemical energy?
(A) Respiration
(B) Fermentation
(C) Evaporation
(D) Photosynthesis
(E) Condensation
Answer: (D)

Question: What is the primary function of red blood cells?
(A) Transmit nerve signals
(B) Produce bile
(C) Filter lymph
(D) Digest proteins
(E) Carry oxygen
Answer: (E)

Question: According to the paper ""Group Sequence Policy Optimization"", GSPO notably stabilizes
(A) distributed RL infrastructure for large language models.
(B) GRPO-based large language model reinforcement learning.
(C) Proximal Policy Optimization (PPO) fine-tuning.
(D) Mixture-of-Experts (MoE) RL training.
(E) token-level importance-ratio policy optimization."
"According to the paper ""Group Sequence Policy Optimization"", unlike previous algorithms that adopt token-level importance ratios, the GSPO importance ratio is based on",sequence likelihood,(A),"According to the paper ""Group Sequence Policy Optimization"", unlike previous algorithms that adopt token-level importance ratios, the GSPO importance ratio is based on
(A) sequence likelihood
(B) token-level likelihood
(C) KL divergence
(D) advantage estimates
(E) sequence-level rewards",sequence likelihood,token-level likelihood,KL divergence,advantage estimates,sequence-level rewards,"[""token-level likelihood"", ""sequence-level rewards"", ""KL divergence"", ""advantage estimates""]","According to the paper ""Group Sequence Policy Optimization"", unlike previous algorithms that adopt token-level importance ratios, the GSPO importance ratio is based on sequence likelihood","Unlike previous algorithms that adopt token-level importance ratios, GSPO defines the importance ratio based on sequence likelihood and performs sequence-level clipping, rewarding, and optimization.",Title/Abstract,"Question: Which city is the capital of France?
(A) Paris
(B) Berlin
(C) Madrid
(D) Rome
(E) Lisbon
Answer: (A)

Question: Which planet is the largest in the Solar System?
(A) Earth
(B) Jupiter
(C) Saturn
(D) Venus
(E) Mars
Answer: (B)

Question: What is the chemical formula for water?
(A) CO2
(B) O2
(C) H2O
(D) NaCl
(E) CH4
Answer: (C)

Question: What process do plants use to convert sunlight into chemical energy?
(A) Respiration
(B) Fermentation
(C) Evaporation
(D) Photosynthesis
(E) Condensation
Answer: (D)

Question: What is the primary function of red blood cells?
(A) Transmit nerve signals
(B) Produce bile
(C) Filter lymph
(D) Digest proteins
(E) Carry oxygen
Answer: (E)

Question: According to the paper ""Group Sequence Policy Optimization"", unlike previous algorithms that adopt token-level importance ratios, the GSPO importance ratio is based on
(A) sequence likelihood
(B) token-level likelihood
(C) KL divergence
(D) advantage estimates
(E) sequence-level rewards"
"According to the paper ""Group Sequence Policy Optimization"", the authors state that the key innovation of GSPO is its theoretically grounded definition of importance ratio based on",sequence likelihood.,(C),"According to the paper ""Group Sequence Policy Optimization"", the authors state that the key innovation of GSPO is its theoretically grounded definition of importance ratio based on
(A) KL divergence.
(B) token likelihood.
(C) sequence likelihood.
(D) normalized rewards.
(E) advantage estimates.",KL divergence.,token likelihood.,sequence likelihood.,normalized rewards.,advantage estimates.,"[""token likelihood."", ""normalized rewards."", ""advantage estimates."", ""KL divergence.""]","According to the paper ""Group Sequence Policy Optimization"", the authors state that the key innovation of GSPO is its theoretically grounded definition of importance ratio based on sequence likelihood.","The key innovation of GSPO lies in its theoretically grounded definition of importance ratio based on sequence likelihood \citep{click}, aligning with the basic principle of importance sampling.",Introduction,"Question: Which city is the capital of France?
(A) Paris
(B) Berlin
(C) Madrid
(D) Rome
(E) Lisbon
Answer: (A)

Question: Which planet is the largest in the Solar System?
(A) Earth
(B) Jupiter
(C) Saturn
(D) Venus
(E) Mars
Answer: (B)

Question: What is the chemical formula for water?
(A) CO2
(B) O2
(C) H2O
(D) NaCl
(E) CH4
Answer: (C)

Question: What process do plants use to convert sunlight into chemical energy?
(A) Respiration
(B) Fermentation
(C) Evaporation
(D) Photosynthesis
(E) Condensation
Answer: (D)

Question: What is the primary function of red blood cells?
(A) Transmit nerve signals
(B) Produce bile
(C) Filter lymph
(D) Digest proteins
(E) Carry oxygen
Answer: (E)

Question: According to the paper ""Group Sequence Policy Optimization"", the authors state that the key innovation of GSPO is its theoretically grounded definition of importance ratio based on
(A) KL divergence.
(B) token likelihood.
(C) sequence likelihood.
(D) normalized rewards.
(E) advantage estimates."
"According to the paper ""Group Sequence Policy Optimization"", in the notation section, an autoregressive language model parameterized by $\theta$ is defined as",a policy $\pi_\theta$.,(C),"According to the paper ""Group Sequence Policy Optimization"", in the notation section, an autoregressive language model parameterized by $\theta$ is defined as
(A) a verifier $r$.
(B) a value function $V_\theta$.
(C) a policy $\pi_\theta$.
(D) a conditional distribution $p_\theta(y \mid x)$.
(E) the old policy $\pi_{\theta_\text{old}}$.",a verifier $r$.,a value function $V_\theta$.,a policy $\pi_\theta$.,a conditional distribution $p_\theta(y \mid x)$.,the old policy $\pi_{\theta_\text{old}}$.,"[""the old policy $\\pi_{\\theta_\\text{old}}$."", ""a verifier $r$."", ""a conditional distribution $p_\\theta(y \\mid x)$."", ""a value function $V_\\theta$.""]","According to the paper ""Group Sequence Policy Optimization"", in the notation section, an autoregressive language model parameterized by $\theta$ is defined as a policy $\pi_\theta$.","In this paper, an autoregressive language model parameterized by $\theta$ is defined as a policy $\pi_\theta$.",Preliminaries,"Question: Which city is the capital of France?
(A) Paris
(B) Berlin
(C) Madrid
(D) Rome
(E) Lisbon
Answer: (A)

Question: Which planet is the largest in the Solar System?
(A) Earth
(B) Jupiter
(C) Saturn
(D) Venus
(E) Mars
Answer: (B)

Question: What is the chemical formula for water?
(A) CO2
(B) O2
(C) H2O
(D) NaCl
(E) CH4
Answer: (C)

Question: What process do plants use to convert sunlight into chemical energy?
(A) Respiration
(B) Fermentation
(C) Evaporation
(D) Photosynthesis
(E) Condensation
Answer: (D)

Question: What is the primary function of red blood cells?
(A) Transmit nerve signals
(B) Produce bile
(C) Filter lymph
(D) Digest proteins
(E) Carry oxygen
Answer: (E)

Question: According to the paper ""Group Sequence Policy Optimization"", in the notation section, an autoregressive language model parameterized by $\theta$ is defined as
(A) a verifier $r$.
(B) a value function $V_\theta$.
(C) a policy $\pi_\theta$.
(D) a conditional distribution $p_\theta(y \mid x)$.
(E) the old policy $\pi_{\theta_\text{old}}$."
"In the paper ""Group Sequence Policy Optimization"", the authors state that the merits of GSPO ultimately contributed to exceptional performance improvements in",the latest Qwen3 models.,(A),"In the paper ""Group Sequence Policy Optimization"", the authors state that the merits of GSPO ultimately contributed to exceptional performance improvements in
(A) the latest Qwen3 models.
(B) large-scale RL training with language models.
(C) the latest DeepSeek-R1 models.
(D) the RL training of large Mixture-of-Experts (MoE) models.
(E) state-of-the-art instruction-tuned language models.",the latest Qwen3 models.,large-scale RL training with language models.,the latest DeepSeek-R1 models.,the RL training of large Mixture-of-Experts (MoE) models.,state-of-the-art instruction-tuned language models.,"[""the RL training of large Mixture-of-Experts (MoE) models."", ""large-scale RL training with language models."", ""the latest DeepSeek-R1 models."", ""state-of-the-art instruction-tuned language models.""]","In the paper ""Group Sequence Policy Optimization"", the authors state that the merits of GSPO ultimately contributed to exceptional performance improvements in the latest Qwen3 models.",These merits of GSPO ultimately contributed to the exceptional performance improvements in the latest Qwen3 models.,Introduction,"Question: Which city is the capital of France?
(A) Paris
(B) Berlin
(C) Madrid
(D) Rome
(E) Lisbon
Answer: (A)

Question: Which planet is the largest in the Solar System?
(A) Earth
(B) Jupiter
(C) Saturn
(D) Venus
(E) Mars
Answer: (B)

Question: What is the chemical formula for water?
(A) CO2
(B) O2
(C) H2O
(D) NaCl
(E) CH4
Answer: (C)

Question: What process do plants use to convert sunlight into chemical energy?
(A) Respiration
(B) Fermentation
(C) Evaporation
(D) Photosynthesis
(E) Condensation
Answer: (D)

Question: What is the primary function of red blood cells?
(A) Transmit nerve signals
(B) Produce bile
(C) Filter lymph
(D) Digest proteins
(E) Carry oxygen
Answer: (E)

Question: In the paper ""Group Sequence Policy Optimization"", the authors state that the merits of GSPO ultimately contributed to exceptional performance improvements in
(A) the latest Qwen3 models.
(B) large-scale RL training with language models.
(C) the latest DeepSeek-R1 models.
(D) the RL training of large Mixture-of-Experts (MoE) models.
(E) state-of-the-art instruction-tuned language models."
"In the paper ""Group Sequence Policy Optimization"", to ensure alignment between sequence-level rewarding and optimization, GSPO computes the advantages of multiple responses to a query as",the normalized rewards.,(C),"In the paper ""Group Sequence Policy Optimization"", to ensure alignment between sequence-level rewarding and optimization, GSPO computes the advantages of multiple responses to a query as
(A) the sequence likelihood ratios.
(B) the clipped importance weights.
(C) the normalized rewards.
(D) the discounted returns.
(E) the generalized advantage estimates.",the sequence likelihood ratios.,the clipped importance weights.,the normalized rewards.,the discounted returns.,the generalized advantage estimates.,"[""the sequence likelihood ratios."", ""the clipped importance weights."", ""the generalized advantage estimates."", ""the discounted returns.""]","In the paper ""Group Sequence Policy Optimization"", to ensure alignment between sequence-level rewarding and optimization, GSPO computes the advantages of multiple responses to a query as the normalized rewards.","Additionally, GSPO computes the normalized rewards as the advantages of multiple responses to a query, ensuring the alignment between sequence-level rewarding and optimization.",Introduction,"Question: Which city is the capital of France?
(A) Paris
(B) Berlin
(C) Madrid
(D) Rome
(E) Lisbon
Answer: (A)

Question: Which planet is the largest in the Solar System?
(A) Earth
(B) Jupiter
(C) Saturn
(D) Venus
(E) Mars
Answer: (B)

Question: What is the chemical formula for water?
(A) CO2
(B) O2
(C) H2O
(D) NaCl
(E) CH4
Answer: (C)

Question: What process do plants use to convert sunlight into chemical energy?
(A) Respiration
(B) Fermentation
(C) Evaporation
(D) Photosynthesis
(E) Condensation
Answer: (D)

Question: What is the primary function of red blood cells?
(A) Transmit nerve signals
(B) Produce bile
(C) Filter lymph
(D) Digest proteins
(E) Carry oxygen
Answer: (E)

Question: In the paper ""Group Sequence Policy Optimization"", to ensure alignment between sequence-level rewarding and optimization, GSPO computes the advantages of multiple responses to a query as
(A) the sequence likelihood ratios.
(B) the clipped importance weights.
(C) the normalized rewards.
(D) the discounted returns.
(E) the generalized advantage estimates."
"According to the paper ""Group Sequence Policy Optimization"", in the notation for the likelihood of a response $y$ to a query $x$ under the policy $\pi_\theta$, $|y|$ denotes",the number of tokens in $y$.,(C),"According to the paper ""Group Sequence Policy Optimization"", in the notation for the likelihood of a response $y$ to a query $x$ under the policy $\pi_\theta$, $|y|$ denotes
(A) the reward assigned by the verifier to the pair $(x, y)$.
(B) the vocabulary size used by the autoregressive model.
(C) the number of tokens in $y$.
(D) the number of candidate responses sampled for query $x$.
(E) the number of tokens in $x$.","the reward assigned by the verifier to the pair $(x, y)$.",the vocabulary size used by the autoregressive model.,the number of tokens in $y$.,the number of candidate responses sampled for query $x$.,the number of tokens in $x$.,"[""the reward assigned by the verifier to the pair $(x, y)$."", ""the number of candidate responses sampled for query $x$."", ""the number of tokens in $x$."", ""the vocabulary size used by the autoregressive model.""]","According to the paper ""Group Sequence Policy Optimization"", in the notation for the likelihood of a response $y$ to a query $x$ under the policy $\pi_\theta$, $|y|$ denotes the number of tokens in $y$.","Given a response $y$ to a query $x$, its likelihood under the policy $\pi_\theta$ is denoted as $\pi_\theta (y | x)=\prod_{t=1}^{|y|} \pi_\theta (y_t | x, y_{<t} )$ where $|y|$ denotes the number of tokens in $y$.",Preliminaries,"Question: Which city is the capital of France?
(A) Paris
(B) Berlin
(C) Madrid
(D) Rome
(E) Lisbon
Answer: (A)

Question: Which planet is the largest in the Solar System?
(A) Earth
(B) Jupiter
(C) Saturn
(D) Venus
(E) Mars
Answer: (B)

Question: What is the chemical formula for water?
(A) CO2
(B) O2
(C) H2O
(D) NaCl
(E) CH4
Answer: (C)

Question: What process do plants use to convert sunlight into chemical energy?
(A) Respiration
(B) Fermentation
(C) Evaporation
(D) Photosynthesis
(E) Condensation
Answer: (D)

Question: What is the primary function of red blood cells?
(A) Transmit nerve signals
(B) Produce bile
(C) Filter lymph
(D) Digest proteins
(E) Carry oxygen
Answer: (E)

Question: According to the paper ""Group Sequence Policy Optimization"", in the notation for the likelihood of a response $y$ to a query $x$ under the policy $\pi_\theta$, $|y|$ denotes
(A) the reward assigned by the verifier to the pair $(x, y)$.
(B) the vocabulary size used by the autoregressive model.
(C) the number of tokens in $y$.
(D) the number of candidate responses sampled for query $x$.
(E) the number of tokens in $x$."
"In the paper ""Group Sequence Policy Optimization"", the authors state that GSPO has inherently resolved the stability challenges in the RL training of",large Mixture-of-Experts (MoE) models.,(B),"In the paper ""Group Sequence Policy Optimization"", the authors state that GSPO has inherently resolved the stability challenges in the RL training of
(A) retrieval-augmented language models.
(B) large Mixture-of-Experts (MoE) models.
(C) the latest Qwen3 models.
(D) large dense transformer models.
(E) multimodal vision-language models.",retrieval-augmented language models.,large Mixture-of-Experts (MoE) models.,the latest Qwen3 models.,large dense transformer models.,multimodal vision-language models.,"[""the latest Qwen3 models."", ""large dense transformer models."", ""multimodal vision-language models."", ""retrieval-augmented language models.""]","In the paper ""Group Sequence Policy Optimization"", the authors state that GSPO has inherently resolved the stability challenges in the RL training of large Mixture-of-Experts (MoE) models.","Critically, GSPO has inherently resolved the stability challenges in the RL training of large Mixture-of-Experts (MoE) models, eliminating the need for complex stabilization strategies, and shows the potential for simplifying RL infrastructure.",Introduction,"Question: Which city is the capital of France?
(A) Paris
(B) Berlin
(C) Madrid
(D) Rome
(E) Lisbon
Answer: (A)

Question: Which planet is the largest in the Solar System?
(A) Earth
(B) Jupiter
(C) Saturn
(D) Venus
(E) Mars
Answer: (B)

Question: What is the chemical formula for water?
(A) CO2
(B) O2
(C) H2O
(D) NaCl
(E) CH4
Answer: (C)

Question: What process do plants use to convert sunlight into chemical energy?
(A) Respiration
(B) Fermentation
(C) Evaporation
(D) Photosynthesis
(E) Condensation
Answer: (D)

Question: What is the primary function of red blood cells?
(A) Transmit nerve signals
(B) Produce bile
(C) Filter lymph
(D) Digest proteins
(E) Carry oxygen
Answer: (E)

Question: In the paper ""Group Sequence Policy Optimization"", the authors state that GSPO has inherently resolved the stability challenges in the RL training of
(A) retrieval-augmented language models.
(B) large Mixture-of-Experts (MoE) models.
(C) the latest Qwen3 models.
(D) large dense transformer models.
(E) multimodal vision-language models."
"According to the paper ""Group Sequence Policy Optimization"", in the PPO objective for policy optimization, the importance ratio of the token $y_t$ is defined as","$w_{t}(\theta) = \frac{ \pi_{\theta} (y_{t} | x, y_{<t}) }{ \pi_{\theta_\text{old}} (y_{t} | x,y_{<t})}$",(C),"According to the paper ""Group Sequence Policy Optimization"", in the PPO objective for policy optimization, the importance ratio of the token $y_t$ is defined as
(A) $w_{t}(\theta) = \frac{ \pi_{\theta_\text{old}} (y_{t} \mid x, y_{<t}) }{ \pi_{\theta} (y_{t} \mid x,y_{<t})}$
(B) $w_{t}(\theta) = \frac{ \pi_{\theta} (y \mid x) }{ \pi_{\theta_\text{old}} (y \mid x)}$
(C) $w_{t}(\theta) = \frac{ \pi_{\theta} (y_{t} | x, y_{<t}) }{ \pi_{\theta_\text{old}} (y_{t} | x,y_{<t})}$
(D) $w_{t}(\theta) = \prod_{i=1}^{t} \frac{ \pi_{\theta} (y_{i} \mid x, y_{<i}) }{ \pi_{\theta_\text{old}} (y_{i} \mid x,y_{<i})}$
(E) $w_{t}(\theta) = \mathrm{clip}\!\left( \frac{ \pi_{\theta} (y_{t} \mid x, y_{<t}) }{ \pi_{\theta_\text{old}} (y_{t} \mid x,y_{<t})},\; 1-\varepsilon,\; 1+\varepsilon \right)$","$w_{t}(\theta) = \frac{ \pi_{\theta_\text{old}} (y_{t} \mid x, y_{<t}) }{ \pi_{\theta} (y_{t} \mid x,y_{<t})}$",$w_{t}(\theta) = \frac{ \pi_{\theta} (y \mid x) }{ \pi_{\theta_\text{old}} (y \mid x)}$,"$w_{t}(\theta) = \frac{ \pi_{\theta} (y_{t} | x, y_{<t}) }{ \pi_{\theta_\text{old}} (y_{t} | x,y_{<t})}$","$w_{t}(\theta) = \prod_{i=1}^{t} \frac{ \pi_{\theta} (y_{i} \mid x, y_{<i}) }{ \pi_{\theta_\text{old}} (y_{i} \mid x,y_{<i})}$","$w_{t}(\theta) = \mathrm{clip}\!\left( \frac{ \pi_{\theta} (y_{t} \mid x, y_{<t}) }{ \pi_{\theta_\text{old}} (y_{t} \mid x,y_{<t})},\; 1-\varepsilon,\; 1+\varepsilon \right)$","[""$w_{t}(\\theta) = \\frac{ \\pi_{\\theta_\\text{old}} (y_{t} \\mid x, y_{<t}) }{ \\pi_{\\theta} (y_{t} \\mid x,y_{<t})}$"", ""$w_{t}(\\theta) = \\frac{ \\pi_{\\theta} (y \\mid x) }{ \\pi_{\\theta_\\text{old}} (y \\mid x)}$"", ""$w_{t}(\\theta) = \\prod_{i=1}^{t} \\frac{ \\pi_{\\theta} (y_{i} \\mid x, y_{<i}) }{ \\pi_{\\theta_\\text{old}} (y_{i} \\mid x,y_{<i})}$"", ""$w_{t}(\\theta) = \\mathrm{clip}\\!\\left( \\frac{ \\pi_{\\theta} (y_{t} \\mid x, y_{<t}) }{ \\pi_{\\theta_\\text{old}} (y_{t} \\mid x,y_{<t})},\\; 1-\\varepsilon,\\; 1+\\varepsilon \\right)$""]","According to the paper ""Group Sequence Policy Optimization"", in the PPO objective for policy optimization, the importance ratio of the token $y_t$ is defined as $w_{t}(\theta) = \frac{ \pi_{\theta} (y_{t} | x, y_{<t}) }{ \pi_{\theta_\text{old}} (y_{t} | x,y_{<t})}$","Specifically, PPO employs the following objective for policy optimization (we omit the KL regularization term hereinafter for brevity, as it is not the focus of this paper):

\begin{align}
\mathcal{J}_\text{PPO}(\theta) = \mathbb{E}_{ x \sim \mathcal{D},\, y \sim \pi_{\theta_\text{old}}( \cdot | x) }
\left[ \frac{1}{|y|} \sum_{t=1}^{|y|} 
\min \left( w_{t}(\theta) \widehat{A}_{t},  \, \mathrm{clip} \left( w_{t}(\theta), 1 - {\varepsilon}, 1 + {\varepsilon}\right) \widehat{A}_{t} \right)
\right],
\end{align}

where the importance ratio of the token $y_t$ is defined as $
w_{t}(\theta) = \frac{ \pi_{\theta} (y_{t} | x, y_{<t}) }{ \pi_{\theta_\text{old}} (y_{t} | x,y_{<t})} $, the advantage $\widehat{A}_{t}$ of $y_t$ is estimated by another value model, and $\varepsilon$ is the clipping range of importance ratios.",Preliminaries,"Question: Which city is the capital of France?
(A) Paris
(B) Berlin
(C) Madrid
(D) Rome
(E) Lisbon
Answer: (A)

Question: Which planet is the largest in the Solar System?
(A) Earth
(B) Jupiter
(C) Saturn
(D) Venus
(E) Mars
Answer: (B)

Question: What is the chemical formula for water?
(A) CO2
(B) O2
(C) H2O
(D) NaCl
(E) CH4
Answer: (C)

Question: What process do plants use to convert sunlight into chemical energy?
(A) Respiration
(B) Fermentation
(C) Evaporation
(D) Photosynthesis
(E) Condensation
Answer: (D)

Question: What is the primary function of red blood cells?
(A) Transmit nerve signals
(B) Produce bile
(C) Filter lymph
(D) Digest proteins
(E) Carry oxygen
Answer: (E)

Question: According to the paper ""Group Sequence Policy Optimization"", in the PPO objective for policy optimization, the importance ratio of the token $y_t$ is defined as
(A) $w_{t}(\theta) = \frac{ \pi_{\theta_\text{old}} (y_{t} \mid x, y_{<t}) }{ \pi_{\theta} (y_{t} \mid x,y_{<t})}$
(B) $w_{t}(\theta) = \frac{ \pi_{\theta} (y \mid x) }{ \pi_{\theta_\text{old}} (y \mid x)}$
(C) $w_{t}(\theta) = \frac{ \pi_{\theta} (y_{t} | x, y_{<t}) }{ \pi_{\theta_\text{old}} (y_{t} | x,y_{<t})}$
(D) $w_{t}(\theta) = \prod_{i=1}^{t} \frac{ \pi_{\theta} (y_{i} \mid x, y_{<i}) }{ \pi_{\theta_\text{old}} (y_{i} \mid x,y_{<i})}$
(E) $w_{t}(\theta) = \mathrm{clip}\!\left( \frac{ \pi_{\theta} (y_{t} \mid x, y_{<t}) }{ \pi_{\theta_\text{old}} (y_{t} \mid x,y_{<t})},\; 1-\varepsilon,\; 1+\varepsilon \right)$"
"According to the paper ""Group Sequence Policy Optimization"", GSPO shows the potential for simplifying",RL infrastructure.,(E),"According to the paper ""Group Sequence Policy Optimization"", GSPO shows the potential for simplifying
(A) distributed training systems.
(B) complex stabilization strategies.
(C) importance sampling mechanisms.
(D) reward modeling pipelines.
(E) RL infrastructure.",distributed training systems.,complex stabilization strategies.,importance sampling mechanisms.,reward modeling pipelines.,RL infrastructure.,"[""complex stabilization strategies."", ""importance sampling mechanisms."", ""reward modeling pipelines."", ""distributed training systems.""]","According to the paper ""Group Sequence Policy Optimization"", GSPO shows the potential for simplifying RL infrastructure.","Critically, GSPO has inherently resolved the stability challenges in the RL training of large Mixture-of-Experts (MoE) models, eliminating the need for complex stabilization strategies, and shows the potential for simplifying RL infrastructure.",Introduction,"Question: Which city is the capital of France?
(A) Paris
(B) Berlin
(C) Madrid
(D) Rome
(E) Lisbon
Answer: (A)

Question: Which planet is the largest in the Solar System?
(A) Earth
(B) Jupiter
(C) Saturn
(D) Venus
(E) Mars
Answer: (B)

Question: What is the chemical formula for water?
(A) CO2
(B) O2
(C) H2O
(D) NaCl
(E) CH4
Answer: (C)

Question: What process do plants use to convert sunlight into chemical energy?
(A) Respiration
(B) Fermentation
(C) Evaporation
(D) Photosynthesis
(E) Condensation
Answer: (D)

Question: What is the primary function of red blood cells?
(A) Transmit nerve signals
(B) Produce bile
(C) Filter lymph
(D) Digest proteins
(E) Carry oxygen
Answer: (E)

Question: According to the paper ""Group Sequence Policy Optimization"", GSPO shows the potential for simplifying
(A) distributed training systems.
(B) complex stabilization strategies.
(C) importance sampling mechanisms.
(D) reward modeling pipelines.
(E) RL infrastructure."
"According to the paper ""Group Sequence Policy Optimization"", PPO, using samples generated from the old policy $\pi_{\theta_\text{old}}$, constrains the policy update within a proximal region of the old policy through",the clipping mechanism.,(A),"According to the paper ""Group Sequence Policy Optimization"", PPO, using samples generated from the old policy $\pi_{\theta_\text{old}}$, constrains the policy update within a proximal region of the old policy through
(A) the clipping mechanism.
(B) advantage estimates from a value model.
(C) importance-ratio weighting.
(D) a trust-region constraint.
(E) the KL regularization term.",the clipping mechanism.,advantage estimates from a value model.,importance-ratio weighting.,a trust-region constraint.,the KL regularization term.,"[""the KL regularization term."", ""importance-ratio weighting."", ""advantage estimates from a value model."", ""a trust-region constraint.""]","According to the paper ""Group Sequence Policy Optimization"", PPO, using samples generated from the old policy $\pi_{\theta_\text{old}}$, constrains the policy update within a proximal region of the old policy through the clipping mechanism.","Using samples generated from the old policy $\pi_{\theta_\text{old}}$, PPO \citep{ppo} constrains the policy update within a proximal region of the old policy through the clipping mechanism.",Preliminaries,"Question: Which city is the capital of France?
(A) Paris
(B) Berlin
(C) Madrid
(D) Rome
(E) Lisbon
Answer: (A)

Question: Which planet is the largest in the Solar System?
(A) Earth
(B) Jupiter
(C) Saturn
(D) Venus
(E) Mars
Answer: (B)

Question: What is the chemical formula for water?
(A) CO2
(B) O2
(C) H2O
(D) NaCl
(E) CH4
Answer: (C)

Question: What process do plants use to convert sunlight into chemical energy?
(A) Respiration
(B) Fermentation
(C) Evaporation
(D) Photosynthesis
(E) Condensation
Answer: (D)

Question: What is the primary function of red blood cells?
(A) Transmit nerve signals
(B) Produce bile
(C) Filter lymph
(D) Digest proteins
(E) Carry oxygen
Answer: (E)

Question: According to the paper ""Group Sequence Policy Optimization"", PPO, using samples generated from the old policy $\pi_{\theta_\text{old}}$, constrains the policy update within a proximal region of the old policy through
(A) the clipping mechanism.
(B) advantage estimates from a value model.
(C) importance-ratio weighting.
(D) a trust-region constraint.
(E) the KL regularization term."
"In the paper ""Group Sequence Policy Optimization"", in the description of the PPO objective for policy optimization, $\varepsilon$ denotes",the clipping range of importance ratios.,(A),"In the paper ""Group Sequence Policy Optimization"", in the description of the PPO objective for policy optimization, $\varepsilon$ denotes
(A) the clipping range of importance ratios.
(B) the KL regularization coefficient in the objective.
(C) the advantage estimated by another value model.
(D) the importance ratio of the token $y_t$.
(E) the learning rate controlling the policy update step size.",the clipping range of importance ratios.,the KL regularization coefficient in the objective.,the advantage estimated by another value model.,the importance ratio of the token $y_t$.,the learning rate controlling the policy update step size.,"[""the importance ratio of the token $y_t$."", ""the advantage estimated by another value model."", ""the KL regularization coefficient in the objective."", ""the learning rate controlling the policy update step size.""]","In the paper ""Group Sequence Policy Optimization"", in the description of the PPO objective for policy optimization, $\varepsilon$ denotes the clipping range of importance ratios.","Specifically, PPO employs the following objective for policy optimization (we omit the KL regularization term hereinafter for brevity, as it is not the focus of this paper):

\begin{align}
\mathcal{J}_\text{PPO}(\theta) = \mathbb{E}_{ x \sim \mathcal{D},\, y \sim \pi_{\theta_\text{old}}( \cdot | x) }
\left[ \frac{1}{|y|} \sum_{t=1}^{|y|} 
\min \left( w_{t}(\theta) \widehat{A}_{t},  \, \mathrm{clip} \left( w_{t}(\theta), 1 - {\varepsilon}, 1 + {\varepsilon}\right) \widehat{A}_{t} \right)
\right],
\end{align}

where the importance ratio of the token $y_t$ is defined as $
w_{t}(\theta) = \frac{ \pi_{\theta} (y_{t} | x, y_{<t}) }{ \pi_{\theta_\text{old}} (y_{t} | x,y_{<t})} $, the advantage $\widehat{A}_{t}$ of $y_t$ is estimated by another value model, and $\varepsilon$ is the clipping range of importance ratios.",Preliminaries,"Question: Which city is the capital of France?
(A) Paris
(B) Berlin
(C) Madrid
(D) Rome
(E) Lisbon
Answer: (A)

Question: Which planet is the largest in the Solar System?
(A) Earth
(B) Jupiter
(C) Saturn
(D) Venus
(E) Mars
Answer: (B)

Question: What is the chemical formula for water?
(A) CO2
(B) O2
(C) H2O
(D) NaCl
(E) CH4
Answer: (C)

Question: What process do plants use to convert sunlight into chemical energy?
(A) Respiration
(B) Fermentation
(C) Evaporation
(D) Photosynthesis
(E) Condensation
Answer: (D)

Question: What is the primary function of red blood cells?
(A) Transmit nerve signals
(B) Produce bile
(C) Filter lymph
(D) Digest proteins
(E) Carry oxygen
Answer: (E)

Question: In the paper ""Group Sequence Policy Optimization"", in the description of the PPO objective for policy optimization, $\varepsilon$ denotes
(A) the clipping range of importance ratios.
(B) the KL regularization coefficient in the objective.
(C) the advantage estimated by another value model.
(D) the importance ratio of the token $y_t$.
(E) the learning rate controlling the policy update step size."
"According to the paper ""Group Sequence Policy Optimization"", in the empirical evaluation comparing GSPO with GRPO, GSPO is said to outperform GRPO in training stability, performance, and",efficiency.,(A),"According to the paper ""Group Sequence Policy Optimization"", in the empirical evaluation comparing GSPO with GRPO, GSPO is said to outperform GRPO in training stability, performance, and
(A) efficiency.
(B) scalability
(C) robustness
(D) convergence speed
(E) generalization",efficiency.,scalability,robustness,convergence speed,generalization,"[""robustness"", ""scalability"", ""generalization"", ""convergence speed""]","According to the paper ""Group Sequence Policy Optimization"", in the empirical evaluation comparing GSPO with GRPO, GSPO is said to outperform GRPO in training stability, performance, and efficiency.","Our empirical evaluation demonstrates the significant superiority of GSPO over GRPO in training stability, efficiency, and performance.",Introduction,"Question: Which city is the capital of France?
(A) Paris
(B) Berlin
(C) Madrid
(D) Rome
(E) Lisbon
Answer: (A)

Question: Which planet is the largest in the Solar System?
(A) Earth
(B) Jupiter
(C) Saturn
(D) Venus
(E) Mars
Answer: (B)

Question: What is the chemical formula for water?
(A) CO2
(B) O2
(C) H2O
(D) NaCl
(E) CH4
Answer: (C)

Question: What process do plants use to convert sunlight into chemical energy?
(A) Respiration
(B) Fermentation
(C) Evaporation
(D) Photosynthesis
(E) Condensation
Answer: (D)

Question: What is the primary function of red blood cells?
(A) Transmit nerve signals
(B) Produce bile
(C) Filter lymph
(D) Digest proteins
(E) Carry oxygen
Answer: (E)

Question: According to the paper ""Group Sequence Policy Optimization"", in the empirical evaluation comparing GSPO with GRPO, GSPO is said to outperform GRPO in training stability, performance, and
(A) efficiency.
(B) scalability
(C) robustness
(D) convergence speed
(E) generalization"
"According to the paper ""Group Sequence Policy Optimization"", in the discussion of PPO, the value model is usually sized relative to the policy model to be",a similar size.,(B),"According to the paper ""Group Sequence Policy Optimization"", in the discussion of PPO, the value model is usually sized relative to the policy model to be
(A) a lightweight auxiliary head on top of the policy model.
(B) a similar size.
(C) larger than the policy model.
(D) substantially smaller to reduce memory and computational burden.
(E) roughly half the size.",a lightweight auxiliary head on top of the policy model.,a similar size.,larger than the policy model.,substantially smaller to reduce memory and computational burden.,roughly half the size.,"[""substantially smaller to reduce memory and computational burden."", ""roughly half the size."", ""a lightweight auxiliary head on top of the policy model."", ""larger than the policy model.""]","According to the paper ""Group Sequence Policy Optimization"", in the discussion of PPO, the value model is usually sized relative to the policy model to be a similar size.","Specifically, the value model usually has a similar size to the policy model, introducing a considerable memory and computational burden.",Preliminaries,"Question: Which city is the capital of France?
(A) Paris
(B) Berlin
(C) Madrid
(D) Rome
(E) Lisbon
Answer: (A)

Question: Which planet is the largest in the Solar System?
(A) Earth
(B) Jupiter
(C) Saturn
(D) Venus
(E) Mars
Answer: (B)

Question: What is the chemical formula for water?
(A) CO2
(B) O2
(C) H2O
(D) NaCl
(E) CH4
Answer: (C)

Question: What process do plants use to convert sunlight into chemical energy?
(A) Respiration
(B) Fermentation
(C) Evaporation
(D) Photosynthesis
(E) Condensation
Answer: (D)

Question: What is the primary function of red blood cells?
(A) Transmit nerve signals
(B) Produce bile
(C) Filter lymph
(D) Digest proteins
(E) Carry oxygen
Answer: (E)

Question: According to the paper ""Group Sequence Policy Optimization"", in the discussion of PPO, the value model is usually sized relative to the policy model to be
(A) a lightweight auxiliary head on top of the policy model.
(B) a similar size.
(C) larger than the policy model.
(D) substantially smaller to reduce memory and computational burden.
(E) roughly half the size."
"According to the paper ""Group Sequence Policy Optimization"", in the discussion of PPO, the algorithmic effectiveness hinges on the reliability of",its value estimate.,(D),"According to the paper ""Group Sequence Policy Optimization"", in the discussion of PPO, the algorithmic effectiveness hinges on the reliability of
(A) its clipping range for importance ratios.
(B) its exploration strategy.
(C) its reward model estimate.
(D) its value estimate.
(E) its KL regularization term.",its clipping range for importance ratios.,its exploration strategy.,its reward model estimate.,its value estimate.,its KL regularization term.,"[""its clipping range for importance ratios."", ""its KL regularization term."", ""its reward model estimate."", ""its exploration strategy.""]","According to the paper ""Group Sequence Policy Optimization"", in the discussion of PPO, the algorithmic effectiveness hinges on the reliability of its value estimate.","Furthermore, the algorithmic effectiveness hinges on the reliability of its value estimate.",Preliminaries,"Question: Which city is the capital of France?
(A) Paris
(B) Berlin
(C) Madrid
(D) Rome
(E) Lisbon
Answer: (A)

Question: Which planet is the largest in the Solar System?
(A) Earth
(B) Jupiter
(C) Saturn
(D) Venus
(E) Mars
Answer: (B)

Question: What is the chemical formula for water?
(A) CO2
(B) O2
(C) H2O
(D) NaCl
(E) CH4
Answer: (C)

Question: What process do plants use to convert sunlight into chemical energy?
(A) Respiration
(B) Fermentation
(C) Evaporation
(D) Photosynthesis
(E) Condensation
Answer: (D)

Question: What is the primary function of red blood cells?
(A) Transmit nerve signals
(B) Produce bile
(C) Filter lymph
(D) Digest proteins
(E) Carry oxygen
Answer: (E)

Question: According to the paper ""Group Sequence Policy Optimization"", in the discussion of PPO, the algorithmic effectiveness hinges on the reliability of
(A) its clipping range for importance ratios.
(B) its exploration strategy.
(C) its reward model estimate.
(D) its value estimate.
(E) its KL regularization term."
"In the paper ""Group Sequence Policy Optimization"", according to the discussion of Group Relative Policy Optimization (GRPO), GRPO computes the relative advantage of each response within",a group of responses to the same query.,(D),"In the paper ""Group Sequence Policy Optimization"", according to the discussion of Group Relative Policy Optimization (GRPO), GRPO computes the relative advantage of each response within
(A) a trajectory of actions sampled from the policy.
(B) a minibatch of different queries from the dataset.
(C) the clipping range of the importance ratios.
(D) a group of responses to the same query.
(E) the sequence of tokens in a single response.",a trajectory of actions sampled from the policy.,a minibatch of different queries from the dataset.,the clipping range of the importance ratios.,a group of responses to the same query.,the sequence of tokens in a single response.,"[""the sequence of tokens in a single response."", ""a minibatch of different queries from the dataset."", ""the clipping range of the importance ratios."", ""a trajectory of actions sampled from the policy.""]","In the paper ""Group Sequence Policy Optimization"", according to the discussion of Group Relative Policy Optimization (GRPO), GRPO computes the relative advantage of each response within a group of responses to the same query.",GRPO \citep{grpo} bypasses the need for the value model by computing the relative advantage of each response within a group of responses to the same query.,Preliminaries,"Question: Which city is the capital of France?
(A) Paris
(B) Berlin
(C) Madrid
(D) Rome
(E) Lisbon
Answer: (A)

Question: Which planet is the largest in the Solar System?
(A) Earth
(B) Jupiter
(C) Saturn
(D) Venus
(E) Mars
Answer: (B)

Question: What is the chemical formula for water?
(A) CO2
(B) O2
(C) H2O
(D) NaCl
(E) CH4
Answer: (C)

Question: What process do plants use to convert sunlight into chemical energy?
(A) Respiration
(B) Fermentation
(C) Evaporation
(D) Photosynthesis
(E) Condensation
Answer: (D)

Question: What is the primary function of red blood cells?
(A) Transmit nerve signals
(B) Produce bile
(C) Filter lymph
(D) Digest proteins
(E) Carry oxygen
Answer: (E)

Question: In the paper ""Group Sequence Policy Optimization"", according to the discussion of Group Relative Policy Optimization (GRPO), GRPO computes the relative advantage of each response within
(A) a trajectory of actions sampled from the policy.
(B) a minibatch of different queries from the dataset.
(C) the clipping range of the importance ratios.
(D) a group of responses to the same query.
(E) the sequence of tokens in a single response."
"According to the paper ""Group Sequence Policy Optimization"", when current state-of-the-art RL algorithms such as GRPO are used to train gigantic language models, their severe stability issues often result in",catastrophic and irreversible model collapse.,(D),"According to the paper ""Group Sequence Policy Optimization"", when current state-of-the-art RL algorithms such as GRPO are used to train gigantic language models, their severe stability issues often result in
(A) the progressive invalidation of importance sampling weights.
(B) catastrophic forgetting of pretrained language capabilities.
(C) reward hacking and overoptimization of the learned policy.
(D) catastrophic and irreversible model collapse.
(E) high-variance training noise that accumulates over long response sequences.",the progressive invalidation of importance sampling weights.,catastrophic forgetting of pretrained language capabilities.,reward hacking and overoptimization of the learned policy.,catastrophic and irreversible model collapse.,high-variance training noise that accumulates over long response sequences.,"[""high-variance training noise that accumulates over long response sequences."", ""the progressive invalidation of importance sampling weights."", ""reward hacking and overoptimization of the learned policy."", ""catastrophic forgetting of pretrained language capabilities.""]","According to the paper ""Group Sequence Policy Optimization"", when current state-of-the-art RL algorithms such as GRPO are used to train gigantic language models, their severe stability issues often result in catastrophic and irreversible model collapse.","However, current state-of-the-art RL algorithms, exemplified by GRPO \citep{grpo}, exhibit severe stability issues when training gigantic language models, often resulting in catastrophic and irreversible model collapse \citep{qwen3, minimax-m1}.",Introduction,"Question: Which city is the capital of France?
(A) Paris
(B) Berlin
(C) Madrid
(D) Rome
(E) Lisbon
Answer: (A)

Question: Which planet is the largest in the Solar System?
(A) Earth
(B) Jupiter
(C) Saturn
(D) Venus
(E) Mars
Answer: (B)

Question: What is the chemical formula for water?
(A) CO2
(B) O2
(C) H2O
(D) NaCl
(E) CH4
Answer: (C)

Question: What process do plants use to convert sunlight into chemical energy?
(A) Respiration
(B) Fermentation
(C) Evaporation
(D) Photosynthesis
(E) Condensation
Answer: (D)

Question: What is the primary function of red blood cells?
(A) Transmit nerve signals
(B) Produce bile
(C) Filter lymph
(D) Digest proteins
(E) Carry oxygen
Answer: (E)

Question: According to the paper ""Group Sequence Policy Optimization"", when current state-of-the-art RL algorithms such as GRPO are used to train gigantic language models, their severe stability issues often result in
(A) the progressive invalidation of importance sampling weights.
(B) catastrophic forgetting of pretrained language capabilities.
(C) reward hacking and overoptimization of the learned policy.
(D) catastrophic and irreversible model collapse.
(E) high-variance training noise that accumulates over long response sequences."
"In the paper ""Group Sequence Policy Optimization"", for each query $x$ in the GRPO objective, $G$ denotes",the number of generated responses,(C),"In the paper ""Group Sequence Policy Optimization"", for each query $x$ in the GRPO objective, $G$ denotes
(A) the number of tokens in each generated response
(B) the number of queries sampled from the dataset
(C) the number of generated responses
(D) the clipping range of the importance ratios
(E) the number of policy update steps for each query",the number of tokens in each generated response,the number of queries sampled from the dataset,the number of generated responses,the clipping range of the importance ratios,the number of policy update steps for each query,"[""the number of tokens in each generated response"", ""the number of queries sampled from the dataset"", ""the clipping range of the importance ratios"", ""the number of policy update steps for each query""]","In the paper ""Group Sequence Policy Optimization"", for each query $x$ in the GRPO objective, $G$ denotes the number of generated responses","Specifically, GRPO optimizes the following objective:

\begin{align}
\label{equ:grpo}
\mathcal{J}_\text{GRPO}(\theta) = \mathbb{E}_{ x \sim \mathcal{D},\, \{y_i\}_{i=1}^G \sim \pi_{\theta_\text{old}}( \cdot | x) }
\left[ \frac{1}{G} \sum_{i=1}^{G} \frac{1}{|y_i|} \sum_{t=1}^{|y_i|} 
\min \left( w_{i,t}(\theta) \widehat{A}_{i,t},  \, \mathrm{clip} \left( w_{i,t}(\theta), 1 - {\varepsilon}, 1 + {\varepsilon}\right) \widehat{A}_{i,t} \right)
\right],
\end{align}

where $G$ is the number of generated responses to each query $x$ (i.e., the group size), and the importance ratio $w_{i,t}(\theta)$ and advantage $\widehat{A}_{i,t}$ of token $y_{i,t}$ are:

\begin{align}
    w_{i,t}(\theta)=\frac{ \pi_{\theta} (y_{i,t} | x, y_{i,<t}) }{ \pi_{\theta_\text{old}} (y_{i,t} | x,y_{i,<t})},\quad\ 
    \widehat{A}_{i,t} = \widehat{A}_{i} = \frac{r(x, y_i) - \mathrm{mean} \left( \{ r(x, y_i) \}_{i=1}^G \right) }{ \mathrm{std} \left( \{ r(x, y_i) \}_{i=1}^G \right) },
\end{align}

respectively, where all the tokens in $y_i$ share the same advantage as $\widehat{A}_{i}$.",Preliminaries,"Question: Which city is the capital of France?
(A) Paris
(B) Berlin
(C) Madrid
(D) Rome
(E) Lisbon
Answer: (A)

Question: Which planet is the largest in the Solar System?
(A) Earth
(B) Jupiter
(C) Saturn
(D) Venus
(E) Mars
Answer: (B)

Question: What is the chemical formula for water?
(A) CO2
(B) O2
(C) H2O
(D) NaCl
(E) CH4
Answer: (C)

Question: What process do plants use to convert sunlight into chemical energy?
(A) Respiration
(B) Fermentation
(C) Evaporation
(D) Photosynthesis
(E) Condensation
Answer: (D)

Question: What is the primary function of red blood cells?
(A) Transmit nerve signals
(B) Produce bile
(C) Filter lymph
(D) Digest proteins
(E) Carry oxygen
Answer: (E)

Question: In the paper ""Group Sequence Policy Optimization"", for each query $x$ in the GRPO objective, $G$ denotes
(A) the number of tokens in each generated response
(B) the number of queries sampled from the dataset
(C) the number of generated responses
(D) the clipping range of the importance ratios
(E) the number of policy update steps for each query"
"According to the paper ""Group Sequence Policy Optimization"", in the discussion of PPO’s heavy reliance on a value model, having a value model of similar size to the policy model introduces",a considerable memory and computational burden,(C),"According to the paper ""Group Sequence Policy Optimization"", in the discussion of PPO’s heavy reliance on a value model, having a value model of similar size to the policy model introduces
(A) a strong dependence on the reliability of its value estimates
(B) substantial variance in policy updates from importance-ratio clipping
(C) a considerable memory and computational burden
(D) serious scalability challenges on longer responses and more complex tasks
(E) a need to compute relative advantages within groups of sampled responses",a strong dependence on the reliability of its value estimates,substantial variance in policy updates from importance-ratio clipping,a considerable memory and computational burden,serious scalability challenges on longer responses and more complex tasks,a need to compute relative advantages within groups of sampled responses,"[""a strong dependence on the reliability of its value estimates"", ""serious scalability challenges on longer responses and more complex tasks"", ""a need to compute relative advantages within groups of sampled responses"", ""substantial variance in policy updates from importance-ratio clipping""]","According to the paper ""Group Sequence Policy Optimization"", in the discussion of PPO’s heavy reliance on a value model, having a value model of similar size to the policy model introduces a considerable memory and computational burden","Specifically, the value model usually has a similar size to the policy model, introducing a considerable memory and computational burden.",Preliminaries,"Question: Which city is the capital of France?
(A) Paris
(B) Berlin
(C) Madrid
(D) Rome
(E) Lisbon
Answer: (A)

Question: Which planet is the largest in the Solar System?
(A) Earth
(B) Jupiter
(C) Saturn
(D) Venus
(E) Mars
Answer: (B)

Question: What is the chemical formula for water?
(A) CO2
(B) O2
(C) H2O
(D) NaCl
(E) CH4
Answer: (C)

Question: What process do plants use to convert sunlight into chemical energy?
(A) Respiration
(B) Fermentation
(C) Evaporation
(D) Photosynthesis
(E) Condensation
Answer: (D)

Question: What is the primary function of red blood cells?
(A) Transmit nerve signals
(B) Produce bile
(C) Filter lymph
(D) Digest proteins
(E) Carry oxygen
Answer: (E)

Question: According to the paper ""Group Sequence Policy Optimization"", in the discussion of PPO’s heavy reliance on a value model, having a value model of similar size to the policy model introduces
(A) a strong dependence on the reliability of its value estimates
(B) substantial variance in policy updates from importance-ratio clipping
(C) a considerable memory and computational burden
(D) serious scalability challenges on longer responses and more complex tasks
(E) a need to compute relative advantages within groups of sampled responses"
"In the paper ""Group Sequence Policy Optimization"", GRPO computes the relative advantage of each response within a group of responses to the same query to bypass the need for",the value model.,(D),"In the paper ""Group Sequence Policy Optimization"", GRPO computes the relative advantage of each response within a group of responses to the same query to bypass the need for
(A) the KL regularization term.
(B) generalized advantage estimation.
(C) the reference policy.
(D) the value model.
(E) a separate reward model.",the KL regularization term.,generalized advantage estimation.,the reference policy.,the value model.,a separate reward model.,"[""the KL regularization term."", ""a separate reward model."", ""the reference policy."", ""generalized advantage estimation.""]","In the paper ""Group Sequence Policy Optimization"", GRPO computes the relative advantage of each response within a group of responses to the same query to bypass the need for the value model.",GRPO \citep{grpo} bypasses the need for the value model by computing the relative advantage of each response within a group of responses to the same query.,Preliminaries,"Question: Which city is the capital of France?
(A) Paris
(B) Berlin
(C) Madrid
(D) Rome
(E) Lisbon
Answer: (A)

Question: Which planet is the largest in the Solar System?
(A) Earth
(B) Jupiter
(C) Saturn
(D) Venus
(E) Mars
Answer: (B)

Question: What is the chemical formula for water?
(A) CO2
(B) O2
(C) H2O
(D) NaCl
(E) CH4
Answer: (C)

Question: What process do plants use to convert sunlight into chemical energy?
(A) Respiration
(B) Fermentation
(C) Evaporation
(D) Photosynthesis
(E) Condensation
Answer: (D)

Question: What is the primary function of red blood cells?
(A) Transmit nerve signals
(B) Produce bile
(C) Filter lymph
(D) Digest proteins
(E) Carry oxygen
Answer: (E)

Question: In the paper ""Group Sequence Policy Optimization"", GRPO computes the relative advantage of each response within a group of responses to the same query to bypass the need for
(A) the KL regularization term.
(B) generalized advantage estimation.
(C) the reference policy.
(D) the value model.
(E) a separate reward model."
"In the paper ""Group Sequence Policy Optimization"", the growth in model size, sparsity (e.g., in Mixture-of-Experts models), and response length necessitate, in order to maximize hardware utilization during RL,",a large rollout batch size,(E),"In the paper ""Group Sequence Policy Optimization"", the growth in model size, sparsity (e.g., in Mixture-of-Experts models), and response length necessitate, in order to maximize hardware utilization during RL,
(A) an off-policy learning setting
(B) multiple mini-batches for gradient updates
(C) an aggressive clipping mechanism
(D) gradient checkpointing across layers
(E) a large rollout batch size",an off-policy learning setting,multiple mini-batches for gradient updates,an aggressive clipping mechanism,gradient checkpointing across layers,a large rollout batch size,"[""multiple mini-batches for gradient updates"", ""an aggressive clipping mechanism"", ""an off-policy learning setting"", ""gradient checkpointing across layers""]","In the paper ""Group Sequence Policy Optimization"", the growth in model size, sparsity (e.g., in Mixture-of-Experts models), and response length necessitate, in order to maximize hardware utilization during RL, a large rollout batch size","The growth in model size, sparsity (e.g., in Mixture-of-Experts models), and response length necessitates a large rollout batch size to maximize hardware utilization during RL.",Motivation,"Question: Which city is the capital of France?
(A) Paris
(B) Berlin
(C) Madrid
(D) Rome
(E) Lisbon
Answer: (A)

Question: Which planet is the largest in the Solar System?
(A) Earth
(B) Jupiter
(C) Saturn
(D) Venus
(E) Mars
Answer: (B)

Question: What is the chemical formula for water?
(A) CO2
(B) O2
(C) H2O
(D) NaCl
(E) CH4
Answer: (C)

Question: What process do plants use to convert sunlight into chemical energy?
(A) Respiration
(B) Fermentation
(C) Evaporation
(D) Photosynthesis
(E) Condensation
Answer: (D)

Question: What is the primary function of red blood cells?
(A) Transmit nerve signals
(B) Produce bile
(C) Filter lymph
(D) Digest proteins
(E) Carry oxygen
Answer: (E)

Question: In the paper ""Group Sequence Policy Optimization"", the growth in model size, sparsity (e.g., in Mixture-of-Experts models), and response length necessitate, in order to maximize hardware utilization during RL,
(A) an off-policy learning setting
(B) multiple mini-batches for gradient updates
(C) an aggressive clipping mechanism
(D) gradient checkpointing across layers
(E) a large rollout batch size"
"In the paper ""Group Sequence Policy Optimization"", the authors state that while acquiring a reliable value model is inherently challenging, an even greater challenge is ensuring its scalability to",longer responses and more complex tasks,(A),"In the paper ""Group Sequence Policy Optimization"", the authors state that while acquiring a reliable value model is inherently challenging, an even greater challenge is ensuring its scalability to
(A) longer responses and more complex tasks
(B) larger group sizes and more diverse query distributions
(C) larger policy models and heavier computational burdens
(D) multimodal inputs and broader domain generalization
(E) longer training horizons and stricter KL constraints",longer responses and more complex tasks,larger group sizes and more diverse query distributions,larger policy models and heavier computational burdens,multimodal inputs and broader domain generalization,longer training horizons and stricter KL constraints,"[""larger policy models and heavier computational burdens"", ""larger group sizes and more diverse query distributions"", ""longer training horizons and stricter KL constraints"", ""multimodal inputs and broader domain generalization""]","In the paper ""Group Sequence Policy Optimization"", the authors state that while acquiring a reliable value model is inherently challenging, an even greater challenge is ensuring its scalability to longer responses and more complex tasks","While acquiring a reliable value model is inherently challenging, ensuring its scalability to longer responses and more complex tasks presents an even greater challenge.",Preliminaries,"Question: Which city is the capital of France?
(A) Paris
(B) Berlin
(C) Madrid
(D) Rome
(E) Lisbon
Answer: (A)

Question: Which planet is the largest in the Solar System?
(A) Earth
(B) Jupiter
(C) Saturn
(D) Venus
(E) Mars
Answer: (B)

Question: What is the chemical formula for water?
(A) CO2
(B) O2
(C) H2O
(D) NaCl
(E) CH4
Answer: (C)

Question: What process do plants use to convert sunlight into chemical energy?
(A) Respiration
(B) Fermentation
(C) Evaporation
(D) Photosynthesis
(E) Condensation
Answer: (D)

Question: What is the primary function of red blood cells?
(A) Transmit nerve signals
(B) Produce bile
(C) Filter lymph
(D) Digest proteins
(E) Carry oxygen
Answer: (E)

Question: In the paper ""Group Sequence Policy Optimization"", the authors state that while acquiring a reliable value model is inherently challenging, an even greater challenge is ensuring its scalability to
(A) longer responses and more complex tasks
(B) larger group sizes and more diverse query distributions
(C) larger policy models and heavier computational burdens
(D) multimodal inputs and broader domain generalization
(E) longer training horizons and stricter KL constraints"
"According to the paper ""Group Sequence Policy Optimization"", the authors state that the growth in model size, sparsity (e.g., in Mixture-of-Experts models), and response length necessitates a large rollout batch size to maximize",hardware utilization.,(A),"According to the paper ""Group Sequence Policy Optimization"", the authors state that the growth in model size, sparsity (e.g., in Mixture-of-Experts models), and response length necessitates a large rollout batch size to maximize
(A) hardware utilization.
(B) gradient estimation accuracy.
(C) policy optimization stability.
(D) on-policy consistency.
(E) sample efficiency.",hardware utilization.,gradient estimation accuracy.,policy optimization stability.,on-policy consistency.,sample efficiency.,"[""sample efficiency."", ""on-policy consistency."", ""gradient estimation accuracy."", ""policy optimization stability.""]","According to the paper ""Group Sequence Policy Optimization"", the authors state that the growth in model size, sparsity (e.g., in Mixture-of-Experts models), and response length necessitates a large rollout batch size to maximize hardware utilization.","The growth in model size, sparsity (e.g., in Mixture-of-Experts models), and response length necessitates a large rollout batch size to maximize hardware utilization during RL.",Motivation,"Question: Which city is the capital of France?
(A) Paris
(B) Berlin
(C) Madrid
(D) Rome
(E) Lisbon
Answer: (A)

Question: Which planet is the largest in the Solar System?
(A) Earth
(B) Jupiter
(C) Saturn
(D) Venus
(E) Mars
Answer: (B)

Question: What is the chemical formula for water?
(A) CO2
(B) O2
(C) H2O
(D) NaCl
(E) CH4
Answer: (C)

Question: What process do plants use to convert sunlight into chemical energy?
(A) Respiration
(B) Fermentation
(C) Evaporation
(D) Photosynthesis
(E) Condensation
Answer: (D)

Question: What is the primary function of red blood cells?
(A) Transmit nerve signals
(B) Produce bile
(C) Filter lymph
(D) Digest proteins
(E) Carry oxygen
Answer: (E)

Question: According to the paper ""Group Sequence Policy Optimization"", the authors state that the growth in model size, sparsity (e.g., in Mixture-of-Experts models), and response length necessitates a large rollout batch size to maximize
(A) hardware utilization.
(B) gradient estimation accuracy.
(C) policy optimization stability.
(D) on-policy consistency.
(E) sample efficiency."
"According to the paper ""Group Sequence Policy Optimization"", the object used to score a query-response pair $(x, y)$ and produce a reward $r(x, y) \\in [0, 1]$ is",a verifier $r$.,(D),"According to the paper ""Group Sequence Policy Optimization"", the object used to score a query-response pair $(x, y)$ and produce a reward $r(x, y) \\in [0, 1]$ is
(A) the policy \(\pi_\theta\).
(B) a reward model \(R\).
(C) a value function \(V\).
(D) a verifier $r$.
(E) the old policy \(\pi_{\theta_{\text{old}}}\).",the policy \(\pi_\theta\).,a reward model \(R\).,a value function \(V\).,a verifier $r$.,the old policy \(\pi_{\theta_{\text{old}}}\).,"[""the policy \\(\\pi_\\theta\\)."", ""the old policy \\(\\pi_{\\theta_{\\text{old}}}\\)."", ""a reward model \\(R\\)."", ""a value function \\(V\\).""]","According to the paper ""Group Sequence Policy Optimization"", the object used to score a query-response pair $(x, y)$ and produce a reward $r(x, y) \\in [0, 1]$ is a verifier $r$.","A query-response pair $(x, y)$ can be scored by a verifier $r$, resulting in a reward $r(x, y) \in [ 0, 1 ]$.",Preliminaries,"Question: Which city is the capital of France?
(A) Paris
(B) Berlin
(C) Madrid
(D) Rome
(E) Lisbon
Answer: (A)

Question: Which planet is the largest in the Solar System?
(A) Earth
(B) Jupiter
(C) Saturn
(D) Venus
(E) Mars
Answer: (B)

Question: What is the chemical formula for water?
(A) CO2
(B) O2
(C) H2O
(D) NaCl
(E) CH4
Answer: (C)

Question: What process do plants use to convert sunlight into chemical energy?
(A) Respiration
(B) Fermentation
(C) Evaporation
(D) Photosynthesis
(E) Condensation
Answer: (D)

Question: What is the primary function of red blood cells?
(A) Transmit nerve signals
(B) Produce bile
(C) Filter lymph
(D) Digest proteins
(E) Carry oxygen
Answer: (E)

Question: According to the paper ""Group Sequence Policy Optimization"", the object used to score a query-response pair $(x, y)$ and produce a reward $r(x, y) \\in [0, 1]$ is
(A) the policy \(\pi_\theta\).
(B) a reward model \(R\).
(C) a value function \(V\).
(D) a verifier $r$.
(E) the old policy \(\pi_{\theta_{\text{old}}}\)."
"According to the paper ""Group Sequence Policy Optimization"", the policy that generates the samples used by PPO for policy optimization is",$\pi_{\theta_\text{old}}$.,(C),"According to the paper ""Group Sequence Policy Optimization"", the policy that generates the samples used by PPO for policy optimization is
(A) $\pi_\text{behavior}$.
(B) $\pi_\text{ref}$.
(C) $\pi_{\theta_\text{old}}$.
(D) $\pi_{\theta_\text{new}}$.
(E) $\pi_{\theta}$.",$\pi_\text{behavior}$.,$\pi_\text{ref}$.,$\pi_{\theta_\text{old}}$.,$\pi_{\theta_\text{new}}$.,$\pi_{\theta}$.,"[""$\\pi_{\\theta}$."", ""$\\pi_{\\theta_\\text{new}}$."", ""$\\pi_\\text{ref}$."", ""$\\pi_\\text{behavior}$.""]","According to the paper ""Group Sequence Policy Optimization"", the policy that generates the samples used by PPO for policy optimization is $\pi_{\theta_\text{old}}$.","Using samples generated from the old policy $\pi_{\theta_\text{old}}$, PPO \citep{ppo} constrains the policy update within a proximal region of the old policy through the clipping mechanism.",Preliminaries,"Question: Which city is the capital of France?
(A) Paris
(B) Berlin
(C) Madrid
(D) Rome
(E) Lisbon
Answer: (A)

Question: Which planet is the largest in the Solar System?
(A) Earth
(B) Jupiter
(C) Saturn
(D) Venus
(E) Mars
Answer: (B)

Question: What is the chemical formula for water?
(A) CO2
(B) O2
(C) H2O
(D) NaCl
(E) CH4
Answer: (C)

Question: What process do plants use to convert sunlight into chemical energy?
(A) Respiration
(B) Fermentation
(C) Evaporation
(D) Photosynthesis
(E) Condensation
Answer: (D)

Question: What is the primary function of red blood cells?
(A) Transmit nerve signals
(B) Produce bile
(C) Filter lymph
(D) Digest proteins
(E) Carry oxygen
Answer: (E)

Question: According to the paper ""Group Sequence Policy Optimization"", the policy that generates the samples used by PPO for policy optimization is
(A) $\pi_\text{behavior}$.
(B) $\pi_\text{ref}$.
(C) $\pi_{\theta_\text{old}}$.
(D) $\pi_{\theta_\text{new}}$.
(E) $\pi_{\theta}$."
"According to the paper ""Group Sequence Policy Optimization"", in PPO and GRPO, the mechanism necessary to prevent overly ""off-policy"" samples from being involved in gradient estimation during RL is",the clipping mechanism,(A),"According to the paper ""Group Sequence Policy Optimization"", in PPO and GRPO, the mechanism necessary to prevent overly ""off-policy"" samples from being involved in gradient estimation during RL is
(A) the clipping mechanism
(B) the importance-sampling reweighting scheme
(C) the KL-divergence penalty
(D) the trust-region constraint
(E) the entropy-regularization term",the clipping mechanism,the importance-sampling reweighting scheme,the KL-divergence penalty,the trust-region constraint,the entropy-regularization term,"[""the importance-sampling reweighting scheme"", ""the trust-region constraint"", ""the KL-divergence penalty"", ""the entropy-regularization term""]","According to the paper ""Group Sequence Policy Optimization"", in PPO and GRPO, the mechanism necessary to prevent overly ""off-policy"" samples from being involved in gradient estimation during RL is the clipping mechanism","This also explains the necessity of the clipping mechanism in PPO and GRPO, which prevents overly ``off-policy'' samples from being involved in gradient estimation.",Motivation,"Question: Which city is the capital of France?
(A) Paris
(B) Berlin
(C) Madrid
(D) Rome
(E) Lisbon
Answer: (A)

Question: Which planet is the largest in the Solar System?
(A) Earth
(B) Jupiter
(C) Saturn
(D) Venus
(E) Mars
Answer: (B)

Question: What is the chemical formula for water?
(A) CO2
(B) O2
(C) H2O
(D) NaCl
(E) CH4
Answer: (C)

Question: What process do plants use to convert sunlight into chemical energy?
(A) Respiration
(B) Fermentation
(C) Evaporation
(D) Photosynthesis
(E) Condensation
Answer: (D)

Question: What is the primary function of red blood cells?
(A) Transmit nerve signals
(B) Produce bile
(C) Filter lymph
(D) Digest proteins
(E) Carry oxygen
Answer: (E)

Question: According to the paper ""Group Sequence Policy Optimization"", in PPO and GRPO, the mechanism necessary to prevent overly ""off-policy"" samples from being involved in gradient estimation during RL is
(A) the clipping mechanism
(B) the importance-sampling reweighting scheme
(C) the KL-divergence penalty
(D) the trust-region constraint
(E) the entropy-regularization term"
"According to the paper ""Group Sequence Policy Optimization"", in the importance sampling identity used to explain the GRPO objective, the expectation of $f(z)$ is taken under the distribution",$\pi_\text{tar}$.,(E),"According to the paper ""Group Sequence Policy Optimization"", in the importance sampling identity used to explain the GRPO objective, the expectation of $f(z)$ is taken under the distribution
(A) $\pi_\text{ref}$.
(B) $\pi_{\theta_\text{old}}$.
(C) $\pi_\text{beh}$.
(D) $\pi_\theta$.
(E) $\pi_\text{tar}$.",$\pi_\text{ref}$.,$\pi_{\theta_\text{old}}$.,$\pi_\text{beh}$.,$\pi_\theta$.,$\pi_\text{tar}$.,"[""$\\pi_\\text{beh}$."", ""$\\pi_{\\theta_\\text{old}}$."", ""$\\pi_\\theta$."", ""$\\pi_\\text{ref}$.""]","According to the paper ""Group Sequence Policy Optimization"", in the importance sampling identity used to explain the GRPO objective, the expectation of $f(z)$ is taken under the distribution $\pi_\text{tar}$.","The principle of importance sampling is to estimate the expectation of a function $f$ under a target distribution $\pi_\text{tar}$ by re-weighting samples drawn from a behavior distribution $\pi_\text{beh}$:

\begin{align}
\mathbb{E}_{z \sim \pi_\text{tar}} \left[ f(z) \right] = \mathbb{E}_{z \sim \pi_\text{beh}} \left[ \frac{ \pi_\text{tar} (z) }{ \pi_\text{beh} (z)} \, f(z) \right].
\end{align}",Motivation,"Question: Which city is the capital of France?
(A) Paris
(B) Berlin
(C) Madrid
(D) Rome
(E) Lisbon
Answer: (A)

Question: Which planet is the largest in the Solar System?
(A) Earth
(B) Jupiter
(C) Saturn
(D) Venus
(E) Mars
Answer: (B)

Question: What is the chemical formula for water?
(A) CO2
(B) O2
(C) H2O
(D) NaCl
(E) CH4
Answer: (C)

Question: What process do plants use to convert sunlight into chemical energy?
(A) Respiration
(B) Fermentation
(C) Evaporation
(D) Photosynthesis
(E) Condensation
Answer: (D)

Question: What is the primary function of red blood cells?
(A) Transmit nerve signals
(B) Produce bile
(C) Filter lymph
(D) Digest proteins
(E) Carry oxygen
Answer: (E)

Question: According to the paper ""Group Sequence Policy Optimization"", in the importance sampling identity used to explain the GRPO objective, the expectation of $f(z)$ is taken under the distribution
(A) $\pi_\text{ref}$.
(B) $\pi_{\theta_\text{old}}$.
(C) $\pi_\text{beh}$.
(D) $\pi_\theta$.
(E) $\pi_\text{tar}$."
"According to the paper ""Group Sequence Policy Optimization"", the more fundamental issue the authors identify in GRPO beyond the off-policy discrepancy, even though clipping is used to manage that discrepancy, is",its objective is ill-posed,(E),"According to the paper ""Group Sequence Policy Optimization"", the more fundamental issue the authors identify in GRPO beyond the off-policy discrepancy, even though clipping is used to manage that discrepancy, is
(A) it leads to catastrophic model collapse
(B) its gradient estimator has excessively high variance
(C) it suffers from severe off-policy bias
(D) its clipping mechanism is insufficiently conservative
(E) its objective is ill-posed",it leads to catastrophic model collapse,its gradient estimator has excessively high variance,it suffers from severe off-policy bias,its clipping mechanism is insufficiently conservative,its objective is ill-posed,"[""it suffers from severe off-policy bias"", ""its clipping mechanism is insufficiently conservative"", ""its gradient estimator has excessively high variance"", ""it leads to catastrophic model collapse""]","According to the paper ""Group Sequence Policy Optimization"", the more fundamental issue the authors identify in GRPO beyond the off-policy discrepancy, even though clipping is used to manage that discrepancy, is its objective is ill-posed","While mechanisms like clipping aim to manage this off-policy discrepancy, we identify a more fundamental issue in GRPO: \textit{its objective is ill-posed}.",Motivation,"Question: Which city is the capital of France?
(A) Paris
(B) Berlin
(C) Madrid
(D) Rome
(E) Lisbon
Answer: (A)

Question: Which planet is the largest in the Solar System?
(A) Earth
(B) Jupiter
(C) Saturn
(D) Venus
(E) Mars
Answer: (B)

Question: What is the chemical formula for water?
(A) CO2
(B) O2
(C) H2O
(D) NaCl
(E) CH4
Answer: (C)

Question: What process do plants use to convert sunlight into chemical energy?
(A) Respiration
(B) Fermentation
(C) Evaporation
(D) Photosynthesis
(E) Condensation
Answer: (D)

Question: What is the primary function of red blood cells?
(A) Transmit nerve signals
(B) Produce bile
(C) Filter lymph
(D) Digest proteins
(E) Carry oxygen
Answer: (E)

Question: According to the paper ""Group Sequence Policy Optimization"", the more fundamental issue the authors identify in GRPO beyond the off-policy discrepancy, even though clipping is used to manage that discrepancy, is
(A) it leads to catastrophic model collapse
(B) its gradient estimator has excessively high variance
(C) it suffers from severe off-policy bias
(D) its clipping mechanism is insufficiently conservative
(E) its objective is ill-posed"
"According to the paper ""Group Sequence Policy Optimization"", when GRPO applies the importance weight $\frac{ \pi_{\theta} (y_{i,t} | x, y_{i,<t}) }{ \pi_{\theta_\text{old}} (y_{i,t} | x,y_{i,<t})}$ during training, it is applied at",each token position $t$,(B),"According to the paper ""Group Sequence Policy Optimization"", when GRPO applies the importance weight $\frac{ \pi_{\theta} (y_{i,t} | x, y_{i,<t}) }{ \pi_{\theta_\text{old}} (y_{i,t} | x,y_{i,<t})}$ during training, it is applied at
(A) the mini-batch level during gradient updates
(B) each token position $t$
(C) the group level across multiple sampled responses
(D) the trajectory level over the entire rollout
(E) the full response sequence level for each $y_i$",the mini-batch level during gradient updates,each token position $t$,the group level across multiple sampled responses,the trajectory level over the entire rollout,the full response sequence level for each $y_i$,"[""the full response sequence level for each $y_i$"", ""the mini-batch level during gradient updates"", ""the group level across multiple sampled responses"", ""the trajectory level over the entire rollout""]","According to the paper ""Group Sequence Policy Optimization"", when GRPO applies the importance weight $\frac{ \pi_{\theta} (y_{i,t} | x, y_{i,<t}) }{ \pi_{\theta_\text{old}} (y_{i,t} | x,y_{i,<t})}$ during training, it is applied at each token position $t$","In contrast, GRPO applies the importance weight $\frac{ \pi_{\theta} (y_{i,t} | x, y_{i,<t}) }{ \pi_{\theta_\text{old}} (y_{i,t} | x,y_{i,<t})}$ at each token position $t$.",Motivation,"Question: Which city is the capital of France?
(A) Paris
(B) Berlin
(C) Madrid
(D) Rome
(E) Lisbon
Answer: (A)

Question: Which planet is the largest in the Solar System?
(A) Earth
(B) Jupiter
(C) Saturn
(D) Venus
(E) Mars
Answer: (B)

Question: What is the chemical formula for water?
(A) CO2
(B) O2
(C) H2O
(D) NaCl
(E) CH4
Answer: (C)

Question: What process do plants use to convert sunlight into chemical energy?
(A) Respiration
(B) Fermentation
(C) Evaporation
(D) Photosynthesis
(E) Condensation
Answer: (D)

Question: What is the primary function of red blood cells?
(A) Transmit nerve signals
(B) Produce bile
(C) Filter lymph
(D) Digest proteins
(E) Carry oxygen
Answer: (E)

Question: According to the paper ""Group Sequence Policy Optimization"", when GRPO applies the importance weight $\frac{ \pi_{\theta} (y_{i,t} | x, y_{i,<t}) }{ \pi_{\theta_\text{old}} (y_{i,t} | x,y_{i,<t})}$ during training, it is applied at
(A) the mini-batch level during gradient updates
(B) each token position $t$
(C) the group level across multiple sampled responses
(D) the trajectory level over the entire rollout
(E) the full response sequence level for each $y_i$"
"According to the paper ""Group Sequence Policy Optimization"", the ill-posed nature of the GRPO objective can become particularly acute during training of large models on long-response tasks, leading to",catastrophic model collapse,(A),"According to the paper ""Group Sequence Policy Optimization"", the ill-posed nature of the GRPO objective can become particularly acute during training of large models on long-response tasks, leading to
(A) catastrophic model collapse
(B) high-variance gradient estimation
(C) ineffective clipping of rollout samples
(D) severe off-policy divergence
(E) degraded sample efficiency",catastrophic model collapse,high-variance gradient estimation,ineffective clipping of rollout samples,severe off-policy divergence,degraded sample efficiency,"[""severe off-policy divergence"", ""high-variance gradient estimation"", ""ineffective clipping of rollout samples"", ""degraded sample efficiency""]","According to the paper ""Group Sequence Policy Optimization"", the ill-posed nature of the GRPO objective can become particularly acute during training of large models on long-response tasks, leading to catastrophic model collapse","This problem becomes particularly acute when training large models on long-response tasks, leading to catastrophic model collapse.",Motivation,"Question: Which city is the capital of France?
(A) Paris
(B) Berlin
(C) Madrid
(D) Rome
(E) Lisbon
Answer: (A)

Question: Which planet is the largest in the Solar System?
(A) Earth
(B) Jupiter
(C) Saturn
(D) Venus
(E) Mars
Answer: (B)

Question: What is the chemical formula for water?
(A) CO2
(B) O2
(C) H2O
(D) NaCl
(E) CH4
Answer: (C)

Question: What process do plants use to convert sunlight into chemical energy?
(A) Respiration
(B) Fermentation
(C) Evaporation
(D) Photosynthesis
(E) Condensation
Answer: (D)

Question: What is the primary function of red blood cells?
(A) Transmit nerve signals
(B) Produce bile
(C) Filter lymph
(D) Digest proteins
(E) Carry oxygen
Answer: (E)

Question: According to the paper ""Group Sequence Policy Optimization"", the ill-posed nature of the GRPO objective can become particularly acute during training of large models on long-response tasks, leading to
(A) catastrophic model collapse
(B) high-variance gradient estimation
(C) ineffective clipping of rollout samples
(D) severe off-policy divergence
(E) degraded sample efficiency"
"According to the paper ""Group Sequence Policy Optimization"", in the GRPO objective, all tokens in a generated response $y_i$ share",the same advantage as $\widehat{A}_{i}$,(C),"According to the paper ""Group Sequence Policy Optimization"", in the GRPO objective, all tokens in a generated response $y_i$ share
(A) a token-specific advantage as $\widehat{A}_{i,t}$ estimated by a value model
(B) the same normalized reward as $r(x, y_i)$
(C) the same advantage as $\widehat{A}_{i}$
(D) a timestep-wise value estimate from a separate critic network
(E) the same importance ratio as $w_{i,t}(\theta)$","a token-specific advantage as $\widehat{A}_{i,t}$ estimated by a value model","the same normalized reward as $r(x, y_i)$",the same advantage as $\widehat{A}_{i}$,a timestep-wise value estimate from a separate critic network,"the same importance ratio as $w_{i,t}(\theta)$","[""the same normalized reward as $r(x, y_i)$"", ""the same importance ratio as $w_{i,t}(\\theta)$"", ""a token-specific advantage as $\\widehat{A}_{i,t}$ estimated by a value model"", ""a timestep-wise value estimate from a separate critic network""]","According to the paper ""Group Sequence Policy Optimization"", in the GRPO objective, all tokens in a generated response $y_i$ share the same advantage as $\widehat{A}_{i}$","Specifically, GRPO optimizes the following objective:

\begin{align}
\label{equ:grpo}
\mathcal{J}_\text{GRPO}(\theta) = \mathbb{E}_{ x \sim \mathcal{D},\, \{y_i\}_{i=1}^G \sim \pi_{\theta_\text{old}}( \cdot | x) }
\left[ \frac{1}{G} \sum_{i=1}^{G} \frac{1}{|y_i|} \sum_{t=1}^{|y_i|} 
\min \left( w_{i,t}(\theta) \widehat{A}_{i,t},  \, \mathrm{clip} \left( w_{i,t}(\theta), 1 - {\varepsilon}, 1 + {\varepsilon}\right) \widehat{A}_{i,t} \right)
\right],
\end{align}

where $G$ is the number of generated responses to each query $x$ (i.e., the group size), and the importance ratio $w_{i,t}(\theta)$ and advantage $\widehat{A}_{i,t}$ of token $y_{i,t}$ are:

\begin{align}
    w_{i,t}(\theta)=\frac{ \pi_{\theta} (y_{i,t} | x, y_{i,<t}) }{ \pi_{\theta_\text{old}} (y_{i,t} | x,y_{i,<t})},\quad\ 
    \widehat{A}_{i,t} = \widehat{A}_{i} = \frac{r(x, y_i) - \mathrm{mean} \left( \{ r(x, y_i) \}_{i=1}^G \right) }{ \mathrm{std} \left( \{ r(x, y_i) \}_{i=1}^G \right) },
\end{align}

respectively, where all the tokens in $y_i$ share the same advantage as $\widehat{A}_{i}$.",Preliminaries,"Question: Which city is the capital of France?
(A) Paris
(B) Berlin
(C) Madrid
(D) Rome
(E) Lisbon
Answer: (A)

Question: Which planet is the largest in the Solar System?
(A) Earth
(B) Jupiter
(C) Saturn
(D) Venus
(E) Mars
Answer: (B)

Question: What is the chemical formula for water?
(A) CO2
(B) O2
(C) H2O
(D) NaCl
(E) CH4
Answer: (C)

Question: What process do plants use to convert sunlight into chemical energy?
(A) Respiration
(B) Fermentation
(C) Evaporation
(D) Photosynthesis
(E) Condensation
Answer: (D)

Question: What is the primary function of red blood cells?
(A) Transmit nerve signals
(B) Produce bile
(C) Filter lymph
(D) Digest proteins
(E) Carry oxygen
Answer: (E)

Question: According to the paper ""Group Sequence Policy Optimization"", in the GRPO objective, all tokens in a generated response $y_i$ share
(A) a token-specific advantage as $\widehat{A}_{i,t}$ estimated by a value model
(B) the same normalized reward as $r(x, y_i)$
(C) the same advantage as $\widehat{A}_{i}$
(D) a timestep-wise value estimate from a separate critic network
(E) the same importance ratio as $w_{i,t}(\theta)$"
"According to the paper ""Group Sequence Policy Optimization"", GRPO applies the importance weight at each token position $t$ in its token-level update rule as","$\frac{ \pi_{\theta} (y_{i,t} | x, y_{i,<t}) }{ \pi_{\theta_\text{old}} (y_{i,t} | x,y_{i,<t})}$",(C),"According to the paper ""Group Sequence Policy Optimization"", GRPO applies the importance weight at each token position $t$ in its token-level update rule as
(A) $\frac{ \pi_{\text{tar}} (z) }{ \pi_{\text{beh}} (z)}$
(B) $\frac{ \pi_{\theta} (y_i | x) }{ \pi_{\theta_\text{old}} (y_i | x)}$
(C) $\frac{ \pi_{\theta} (y_{i,t} | x, y_{i,<t}) }{ \pi_{\theta_\text{old}} (y_{i,t} | x,y_{i,<t})}$
(D) $\frac{ \pi_{\theta} (y_{i,t} | x, y_{i,<t}) }{ \pi_{\text{ref}} (y_{i,t} | x,y_{i,<t})}$
(E) $\frac{ \pi_{\theta_\text{old}} (y_{i,t} | x, y_{i,<t}) }{ \pi_{\theta} (y_{i,t} | x,y_{i,<t})}$",$\frac{ \pi_{\text{tar}} (z) }{ \pi_{\text{beh}} (z)}$,$\frac{ \pi_{\theta} (y_i | x) }{ \pi_{\theta_\text{old}} (y_i | x)}$,"$\frac{ \pi_{\theta} (y_{i,t} | x, y_{i,<t}) }{ \pi_{\theta_\text{old}} (y_{i,t} | x,y_{i,<t})}$","$\frac{ \pi_{\theta} (y_{i,t} | x, y_{i,<t}) }{ \pi_{\text{ref}} (y_{i,t} | x,y_{i,<t})}$","$\frac{ \pi_{\theta_\text{old}} (y_{i,t} | x, y_{i,<t}) }{ \pi_{\theta} (y_{i,t} | x,y_{i,<t})}$","[""$\\frac{ \\pi_{\\theta_\\text{old}} (y_{i,t} | x, y_{i,<t}) }{ \\pi_{\\theta} (y_{i,t} | x,y_{i,<t})}$"", ""$\\frac{ \\pi_{\\theta} (y_i | x) }{ \\pi_{\\theta_\\text{old}} (y_i | x)}$"", ""$\\frac{ \\pi_{\\text{tar}} (z) }{ \\pi_{\\text{beh}} (z)}$"", ""$\\frac{ \\pi_{\\theta} (y_{i,t} | x, y_{i,<t}) }{ \\pi_{\\text{ref}} (y_{i,t} | x,y_{i,<t})}$""]","According to the paper ""Group Sequence Policy Optimization"", GRPO applies the importance weight at each token position $t$ in its token-level update rule as $\frac{ \pi_{\theta} (y_{i,t} | x, y_{i,<t}) }{ \pi_{\theta_\text{old}} (y_{i,t} | x,y_{i,<t})}$","In contrast, GRPO applies the importance weight $\frac{ \pi_{\theta} (y_{i,t} | x, y_{i,<t}) }{ \pi_{\theta_\text{old}} (y_{i,t} | x,y_{i,<t})}$ at each token position $t$.",Motivation,"Question: Which city is the capital of France?
(A) Paris
(B) Berlin
(C) Madrid
(D) Rome
(E) Lisbon
Answer: (A)

Question: Which planet is the largest in the Solar System?
(A) Earth
(B) Jupiter
(C) Saturn
(D) Venus
(E) Mars
Answer: (B)

Question: What is the chemical formula for water?
(A) CO2
(B) O2
(C) H2O
(D) NaCl
(E) CH4
Answer: (C)

Question: What process do plants use to convert sunlight into chemical energy?
(A) Respiration
(B) Fermentation
(C) Evaporation
(D) Photosynthesis
(E) Condensation
Answer: (D)

Question: What is the primary function of red blood cells?
(A) Transmit nerve signals
(B) Produce bile
(C) Filter lymph
(D) Digest proteins
(E) Carry oxygen
Answer: (E)

Question: According to the paper ""Group Sequence Policy Optimization"", GRPO applies the importance weight at each token position $t$ in its token-level update rule as
(A) $\frac{ \pi_{\text{tar}} (z) }{ \pi_{\text{beh}} (z)}$
(B) $\frac{ \pi_{\theta} (y_i | x) }{ \pi_{\theta_\text{old}} (y_i | x)}$
(C) $\frac{ \pi_{\theta} (y_{i,t} | x, y_{i,<t}) }{ \pi_{\theta_\text{old}} (y_{i,t} | x,y_{i,<t})}$
(D) $\frac{ \pi_{\theta} (y_{i,t} | x, y_{i,<t}) }{ \pi_{\text{ref}} (y_{i,t} | x,y_{i,<t})}$
(E) $\frac{ \pi_{\theta_\text{old}} (y_{i,t} | x, y_{i,<t}) }{ \pi_{\theta} (y_{i,t} | x,y_{i,<t})}$"
"According to the paper ""Group Sequence Policy Optimization"", estimating $\mathbb{E}_{z \sim \pi_\text{tar}} \left[ f(z) \right]$ by importance sampling with the weight $\frac{ \pi_\text{tar} (z) }{ \pi_\text{beh} (z)}$ requires averaging over multiple samples ($N \gg 1$) from the behavior distribution $\pi_\text{beh}$ in order",to effectively correct for the distributional mismatch,(E),"According to the paper ""Group Sequence Policy Optimization"", estimating $\mathbb{E}_{z \sim \pi_\text{tar}} \left[ f(z) \right]$ by importance sampling with the weight $\frac{ \pi_\text{tar} (z) }{ \pi_\text{beh} (z)}$ requires averaging over multiple samples ($N \gg 1$) from the behavior distribution $\pi_\text{beh}$ in order
(A) to maximize hardware utilization during reinforcement learning
(B) to prevent overly off-policy samples from entering the gradient estimate
(C) to keep the current policy closely matched to the old policy
(D) to guarantee an unbiased estimate of the policy gradient
(E) to effectively correct for the distributional mismatch",to maximize hardware utilization during reinforcement learning,to prevent overly off-policy samples from entering the gradient estimate,to keep the current policy closely matched to the old policy,to guarantee an unbiased estimate of the policy gradient,to effectively correct for the distributional mismatch,"[""to prevent overly off-policy samples from entering the gradient estimate"", ""to maximize hardware utilization during reinforcement learning"", ""to guarantee an unbiased estimate of the policy gradient"", ""to keep the current policy closely matched to the old policy""]","According to the paper ""Group Sequence Policy Optimization"", estimating $\mathbb{E}_{z \sim \pi_\text{tar}} \left[ f(z) \right]$ by importance sampling with the weight $\frac{ \pi_\text{tar} (z) }{ \pi_\text{beh} (z)}$ requires averaging over multiple samples ($N \gg 1$) from the behavior distribution $\pi_\text{beh}$ in order to effectively correct for the distributional mismatch","Crucially, this relies on averaging over multiple samples ($N \gg 1$) from the behavior distribution $\pi_\text{beh}$ for the importance weight $\frac{ \pi_\text{tar} (z) }{ \pi_\text{beh} (z)}$ to effectively correct for the distributional mismatch.",Motivation,"Question: Which city is the capital of France?
(A) Paris
(B) Berlin
(C) Madrid
(D) Rome
(E) Lisbon
Answer: (A)

Question: Which planet is the largest in the Solar System?
(A) Earth
(B) Jupiter
(C) Saturn
(D) Venus
(E) Mars
Answer: (B)

Question: What is the chemical formula for water?
(A) CO2
(B) O2
(C) H2O
(D) NaCl
(E) CH4
Answer: (C)

Question: What process do plants use to convert sunlight into chemical energy?
(A) Respiration
(B) Fermentation
(C) Evaporation
(D) Photosynthesis
(E) Condensation
Answer: (D)

Question: What is the primary function of red blood cells?
(A) Transmit nerve signals
(B) Produce bile
(C) Filter lymph
(D) Digest proteins
(E) Carry oxygen
Answer: (E)

Question: According to the paper ""Group Sequence Policy Optimization"", estimating $\mathbb{E}_{z \sim \pi_\text{tar}} \left[ f(z) \right]$ by importance sampling with the weight $\frac{ \pi_\text{tar} (z) }{ \pi_\text{beh} (z)}$ requires averaging over multiple samples ($N \gg 1$) from the behavior distribution $\pi_\text{beh}$ in order
(A) to maximize hardware utilization during reinforcement learning
(B) to prevent overly off-policy samples from entering the gradient estimate
(C) to keep the current policy closely matched to the old policy
(D) to guarantee an unbiased estimate of the policy gradient
(E) to effectively correct for the distributional mismatch"
"According to the paper ""Group Sequence Policy Optimization"", the ill-posed nature of the GRPO objective stems from",importance sampling weights.,(B),"According to the paper ""Group Sequence Policy Optimization"", the ill-posed nature of the GRPO objective stems from
(A) insufficient averaging over multiple samples from the behavior distribution.
(B) importance sampling weights.
(C) the clipping mechanism used to filter overly off-policy samples.
(D) the off-policy discrepancy between the old and current policies.
(E) high-variance advantage estimates in long-horizon policy gradients.",insufficient averaging over multiple samples from the behavior distribution.,importance sampling weights.,the clipping mechanism used to filter overly off-policy samples.,the off-policy discrepancy between the old and current policies.,high-variance advantage estimates in long-horizon policy gradients.,"[""the off-policy discrepancy between the old and current policies."", ""the clipping mechanism used to filter overly off-policy samples."", ""insufficient averaging over multiple samples from the behavior distribution."", ""high-variance advantage estimates in long-horizon policy gradients.""]","According to the paper ""Group Sequence Policy Optimization"", the ill-posed nature of the GRPO objective stems from importance sampling weights.",The ill-posed nature of the GRPO objective stems from a misapplication of importance sampling weights.,Motivation,"Question: Which city is the capital of France?
(A) Paris
(B) Berlin
(C) Madrid
(D) Rome
(E) Lisbon
Answer: (A)

Question: Which planet is the largest in the Solar System?
(A) Earth
(B) Jupiter
(C) Saturn
(D) Venus
(E) Mars
Answer: (B)

Question: What is the chemical formula for water?
(A) CO2
(B) O2
(C) H2O
(D) NaCl
(E) CH4
Answer: (C)

Question: What process do plants use to convert sunlight into chemical energy?
(A) Respiration
(B) Fermentation
(C) Evaporation
(D) Photosynthesis
(E) Condensation
Answer: (D)

Question: What is the primary function of red blood cells?
(A) Transmit nerve signals
(B) Produce bile
(C) Filter lymph
(D) Digest proteins
(E) Carry oxygen
Answer: (E)

Question: According to the paper ""Group Sequence Policy Optimization"", the ill-posed nature of the GRPO objective stems from
(A) insufficient averaging over multiple samples from the behavior distribution.
(B) importance sampling weights.
(C) the clipping mechanism used to filter overly off-policy samples.
(D) the off-policy discrepancy between the old and current policies.
(E) high-variance advantage estimates in long-horizon policy gradients."
"According to the paper ""Group Sequence Policy Optimization"", the reason identified as making the GRPO objective ill-posed is",a misapplication of importance sampling weights,(C),"According to the paper ""Group Sequence Policy Optimization"", the reason identified as making the GRPO objective ill-posed is
(A) high-variance advantage estimates on long response trajectories
(B) distribution shift caused by large-batch training of sparse Mixture-of-Experts models
(C) a misapplication of importance sampling weights
(D) an overly restrictive clipping mechanism for excessively off-policy samples
(E) the off-policy mismatch introduced by splitting rollout data into multiple mini-batches",high-variance advantage estimates on long response trajectories,distribution shift caused by large-batch training of sparse Mixture-of-Experts models,a misapplication of importance sampling weights,an overly restrictive clipping mechanism for excessively off-policy samples,the off-policy mismatch introduced by splitting rollout data into multiple mini-batches,"[""the off-policy mismatch introduced by splitting rollout data into multiple mini-batches"", ""an overly restrictive clipping mechanism for excessively off-policy samples"", ""high-variance advantage estimates on long response trajectories"", ""distribution shift caused by large-batch training of sparse Mixture-of-Experts models""]","According to the paper ""Group Sequence Policy Optimization"", the reason identified as making the GRPO objective ill-posed is a misapplication of importance sampling weights",The ill-posed nature of the GRPO objective stems from a misapplication of importance sampling weights.,Motivation,"Question: Which city is the capital of France?
(A) Paris
(B) Berlin
(C) Madrid
(D) Rome
(E) Lisbon
Answer: (A)

Question: Which planet is the largest in the Solar System?
(A) Earth
(B) Jupiter
(C) Saturn
(D) Venus
(E) Mars
Answer: (B)

Question: What is the chemical formula for water?
(A) CO2
(B) O2
(C) H2O
(D) NaCl
(E) CH4
Answer: (C)

Question: What process do plants use to convert sunlight into chemical energy?
(A) Respiration
(B) Fermentation
(C) Evaporation
(D) Photosynthesis
(E) Condensation
Answer: (D)

Question: What is the primary function of red blood cells?
(A) Transmit nerve signals
(B) Produce bile
(C) Filter lymph
(D) Digest proteins
(E) Carry oxygen
Answer: (E)

Question: According to the paper ""Group Sequence Policy Optimization"", the reason identified as making the GRPO objective ill-posed is
(A) high-variance advantage estimates on long response trajectories
(B) distribution shift caused by large-batch training of sparse Mixture-of-Experts models
(C) a misapplication of importance sampling weights
(D) an overly restrictive clipping mechanism for excessively off-policy samples
(E) the off-policy mismatch introduced by splitting rollout data into multiple mini-batches"
"According to the paper ""Group Sequence Policy Optimization"", standard practice partitions a large batch of rollout data into multiple mini-batches for gradient updates to improve",sample efficiency.,(C),"According to the paper ""Group Sequence Policy Optimization"", standard practice partitions a large batch of rollout data into multiple mini-batches for gradient updates to improve
(A) memory efficiency.
(B) training stability.
(C) sample efficiency.
(D) convergence speed.
(E) hardware utilization.",memory efficiency.,training stability.,sample efficiency.,convergence speed.,hardware utilization.,"[""hardware utilization."", ""training stability."", ""memory efficiency."", ""convergence speed.""]","According to the paper ""Group Sequence Policy Optimization"", standard practice partitions a large batch of rollout data into multiple mini-batches for gradient updates to improve sample efficiency.","To improve sample efficiency, it is standard practice to partition a large batch of rollout data into multiple mini-batches for gradient updates.",Motivation,"Question: Which city is the capital of France?
(A) Paris
(B) Berlin
(C) Madrid
(D) Rome
(E) Lisbon
Answer: (A)

Question: Which planet is the largest in the Solar System?
(A) Earth
(B) Jupiter
(C) Saturn
(D) Venus
(E) Mars
Answer: (B)

Question: What is the chemical formula for water?
(A) CO2
(B) O2
(C) H2O
(D) NaCl
(E) CH4
Answer: (C)

Question: What process do plants use to convert sunlight into chemical energy?
(A) Respiration
(B) Fermentation
(C) Evaporation
(D) Photosynthesis
(E) Condensation
Answer: (D)

Question: What is the primary function of red blood cells?
(A) Transmit nerve signals
(B) Produce bile
(C) Filter lymph
(D) Digest proteins
(E) Carry oxygen
Answer: (E)

Question: According to the paper ""Group Sequence Policy Optimization"", standard practice partitions a large batch of rollout data into multiple mini-batches for gradient updates to improve
(A) memory efficiency.
(B) training stability.
(C) sample efficiency.
(D) convergence speed.
(E) hardware utilization."
"According to the paper ""Group Sequence Policy Optimization"", the authors have empirically observed that the high-variance noise introduced into the training gradients by the token-level importance weight can lead to",model collapse.,(C),"According to the paper ""Group Sequence Policy Optimization"", the authors have empirically observed that the high-variance noise introduced into the training gradients by the token-level importance weight can lead to
(A) training divergence
(B) biased policy updates
(C) model collapse.
(D) distributional mismatch
(E) reward hacking",training divergence,biased policy updates,model collapse.,distributional mismatch,reward hacking,"[""training divergence"", ""biased policy updates"", ""distributional mismatch"", ""reward hacking""]","According to the paper ""Group Sequence Policy Optimization"", the authors have empirically observed that the high-variance noise introduced into the training gradients by the token-level importance weight can lead to model collapse.",We have empirically observed that this can lead to model collapse that is often irreversible.,Motivation,"Question: Which city is the capital of France?
(A) Paris
(B) Berlin
(C) Madrid
(D) Rome
(E) Lisbon
Answer: (A)

Question: Which planet is the largest in the Solar System?
(A) Earth
(B) Jupiter
(C) Saturn
(D) Venus
(E) Mars
Answer: (B)

Question: What is the chemical formula for water?
(A) CO2
(B) O2
(C) H2O
(D) NaCl
(E) CH4
Answer: (C)

Question: What process do plants use to convert sunlight into chemical energy?
(A) Respiration
(B) Fermentation
(C) Evaporation
(D) Photosynthesis
(E) Condensation
Answer: (D)

Question: What is the primary function of red blood cells?
(A) Transmit nerve signals
(B) Produce bile
(C) Filter lymph
(D) Digest proteins
(E) Carry oxygen
Answer: (E)

Question: According to the paper ""Group Sequence Policy Optimization"", the authors have empirically observed that the high-variance noise introduced into the training gradients by the token-level importance weight can lead to
(A) training divergence
(B) biased policy updates
(C) model collapse.
(D) distributional mismatch
(E) reward hacking"
"In the paper ""Group Sequence Policy Optimization"", after model collapse occurs during training, the kind of hyperparameters mentioned as an example of meticulous tuning when trying to resume training are",the clipping ranges.,(D),"In the paper ""Group Sequence Policy Optimization"", after model collapse occurs during training, the kind of hyperparameters mentioned as an example of meticulous tuning when trying to resume training are
(A) the learning rates.
(B) the RL queries.
(C) the KL penalty coefficients.
(D) the clipping ranges.
(E) the generation lengths.",the learning rates.,the RL queries.,the KL penalty coefficients.,the clipping ranges.,the generation lengths.,"[""the generation lengths."", ""the RL queries."", ""the learning rates."", ""the KL penalty coefficients.""]","In the paper ""Group Sequence Policy Optimization"", after model collapse occurs during training, the kind of hyperparameters mentioned as an example of meticulous tuning when trying to resume training are the clipping ranges.","Once the collapse occurs, resuming training is unavailing, even when reverting to a previous checkpoint and meticulously tuning hyperparameters (e.g., the clipping ranges), extending generation length, or switching the RL queries.",Motivation,"Question: Which city is the capital of France?
(A) Paris
(B) Berlin
(C) Madrid
(D) Rome
(E) Lisbon
Answer: (A)

Question: Which planet is the largest in the Solar System?
(A) Earth
(B) Jupiter
(C) Saturn
(D) Venus
(E) Mars
Answer: (B)

Question: What is the chemical formula for water?
(A) CO2
(B) O2
(C) H2O
(D) NaCl
(E) CH4
Answer: (C)

Question: What process do plants use to convert sunlight into chemical energy?
(A) Respiration
(B) Fermentation
(C) Evaporation
(D) Photosynthesis
(E) Condensation
Answer: (D)

Question: What is the primary function of red blood cells?
(A) Transmit nerve signals
(B) Produce bile
(C) Filter lymph
(D) Digest proteins
(E) Carry oxygen
Answer: (E)

Question: In the paper ""Group Sequence Policy Optimization"", after model collapse occurs during training, the kind of hyperparameters mentioned as an example of meticulous tuning when trying to resume training are
(A) the learning rates.
(B) the RL queries.
(C) the KL penalty coefficients.
(D) the clipping ranges.
(E) the generation lengths."
"In the paper ""Group Sequence Policy Optimization"", the authors state that GRPO introduces high-variance noise into the training gradients, which accumulates over long sequences and is exacerbated by",the clipping mechanism.,(E),"In the paper ""Group Sequence Policy Optimization"", the authors state that GRPO introduces high-variance noise into the training gradients, which accumulates over long sequences and is exacerbated by
(A) the token-level importance weights.
(B) the KL penalty term.
(C) advantage normalization.
(D) the off-policy discrepancy.
(E) the clipping mechanism.",the token-level importance weights.,the KL penalty term.,advantage normalization.,the off-policy discrepancy.,the clipping mechanism.,"[""the off-policy discrepancy."", ""the token-level importance weights."", ""the KL penalty term."", ""advantage normalization.""]","In the paper ""Group Sequence Policy Optimization"", the authors state that GRPO introduces high-variance noise into the training gradients, which accumulates over long sequences and is exacerbated by the clipping mechanism.","Instead, it introduces high-variance noise into the training gradients, which accumulates over long sequences and is exacerbated by the clipping mechanism.",Motivation,"Question: Which city is the capital of France?
(A) Paris
(B) Berlin
(C) Madrid
(D) Rome
(E) Lisbon
Answer: (A)

Question: Which planet is the largest in the Solar System?
(A) Earth
(B) Jupiter
(C) Saturn
(D) Venus
(E) Mars
Answer: (B)

Question: What is the chemical formula for water?
(A) CO2
(B) O2
(C) H2O
(D) NaCl
(E) CH4
Answer: (C)

Question: What process do plants use to convert sunlight into chemical energy?
(A) Respiration
(B) Fermentation
(C) Evaporation
(D) Photosynthesis
(E) Condensation
Answer: (D)

Question: What is the primary function of red blood cells?
(A) Transmit nerve signals
(B) Produce bile
(C) Filter lymph
(D) Digest proteins
(E) Carry oxygen
Answer: (E)

Question: In the paper ""Group Sequence Policy Optimization"", the authors state that GRPO introduces high-variance noise into the training gradients, which accumulates over long sequences and is exacerbated by
(A) the token-level importance weights.
(B) the KL penalty term.
(C) advantage normalization.
(D) the off-policy discrepancy.
(E) the clipping mechanism."
"According to the paper ""Group Sequence Policy Optimization"", after identifying a fundamental issue in GRPO's design, the discussion motivating sequence-level optimization states that the reward is granted to",the entire sequence.,(C),"According to the paper ""Group Sequence Policy Optimization"", after identifying a fundamental issue in GRPO's design, the discussion motivating sequence-level optimization states that the reward is granted to
(A) the final generated token only.
(B) each token position individually.
(C) the entire sequence.
(D) the next-token distribution at every decoding step.
(E) each state-action pair along the trajectory.",the final generated token only.,each token position individually.,the entire sequence.,the next-token distribution at every decoding step.,each state-action pair along the trajectory.,"[""each token position individually."", ""the next-token distribution at every decoding step."", ""the final generated token only."", ""each state-action pair along the trajectory.""]","According to the paper ""Group Sequence Policy Optimization"", after identifying a fundamental issue in GRPO's design, the discussion motivating sequence-level optimization states that the reward is granted to the entire sequence.","Since the reward is granted to the entire sequence, applying off-policy correction at the token level appears problematic.",Motivation,"Question: Which city is the capital of France?
(A) Paris
(B) Berlin
(C) Madrid
(D) Rome
(E) Lisbon
Answer: (A)

Question: Which planet is the largest in the Solar System?
(A) Earth
(B) Jupiter
(C) Saturn
(D) Venus
(E) Mars
Answer: (B)

Question: What is the chemical formula for water?
(A) CO2
(B) O2
(C) H2O
(D) NaCl
(E) CH4
Answer: (C)

Question: What process do plants use to convert sunlight into chemical energy?
(A) Respiration
(B) Fermentation
(C) Evaporation
(D) Photosynthesis
(E) Condensation
Answer: (D)

Question: What is the primary function of red blood cells?
(A) Transmit nerve signals
(B) Produce bile
(C) Filter lymph
(D) Digest proteins
(E) Carry oxygen
Answer: (E)

Question: According to the paper ""Group Sequence Policy Optimization"", after identifying a fundamental issue in GRPO's design, the discussion motivating sequence-level optimization states that the reward is granted to
(A) the final generated token only.
(B) each token position individually.
(C) the entire sequence.
(D) the next-token distribution at every decoding step.
(E) each state-action pair along the trajectory."
"According to the paper ""Group Sequence Policy Optimization"", the failure of the token-level importance weight in GRPO indicates that the core principle is",the unit of optimization objective should match the unit of reward,(C),"According to the paper ""Group Sequence Policy Optimization"", the failure of the token-level importance weight in GRPO indicates that the core principle is
(A) the off-policy correction should be applied directly at the sequence level
(B) the importance weight should be estimated by averaging over many behavior-policy samples
(C) the unit of optimization objective should match the unit of reward
(D) the policy update should remain within a trust region of the old policy
(E) the sequence-level reward should be decomposed into token-level credit assignments",the off-policy correction should be applied directly at the sequence level,the importance weight should be estimated by averaging over many behavior-policy samples,the unit of optimization objective should match the unit of reward,the policy update should remain within a trust region of the old policy,the sequence-level reward should be decomposed into token-level credit assignments,"[""the off-policy correction should be applied directly at the sequence level"", ""the importance weight should be estimated by averaging over many behavior-policy samples"", ""the policy update should remain within a trust region of the old policy"", ""the sequence-level reward should be decomposed into token-level credit assignments""]","According to the paper ""Group Sequence Policy Optimization"", the failure of the token-level importance weight in GRPO indicates that the core principle is the unit of optimization objective should match the unit of reward",The failure of the token-level importance weight points to a core principle: \textbf{the unit of optimization objective should match the unit of reward}.,Motivation,"Question: Which city is the capital of France?
(A) Paris
(B) Berlin
(C) Madrid
(D) Rome
(E) Lisbon
Answer: (A)

Question: Which planet is the largest in the Solar System?
(A) Earth
(B) Jupiter
(C) Saturn
(D) Venus
(E) Mars
Answer: (B)

Question: What is the chemical formula for water?
(A) CO2
(B) O2
(C) H2O
(D) NaCl
(E) CH4
Answer: (C)

Question: What process do plants use to convert sunlight into chemical energy?
(A) Respiration
(B) Fermentation
(C) Evaporation
(D) Photosynthesis
(E) Condensation
Answer: (D)

Question: What is the primary function of red blood cells?
(A) Transmit nerve signals
(B) Produce bile
(C) Filter lymph
(D) Digest proteins
(E) Carry oxygen
Answer: (E)

Question: According to the paper ""Group Sequence Policy Optimization"", the failure of the token-level importance weight in GRPO indicates that the core principle is
(A) the off-policy correction should be applied directly at the sequence level
(B) the importance weight should be estimated by averaging over many behavior-policy samples
(C) the unit of optimization objective should match the unit of reward
(D) the policy update should remain within a trust region of the old policy
(E) the sequence-level reward should be decomposed into token-level credit assignments"
"In the paper ""Group Sequence Policy Optimization"", the authors state that the failure of the token-level importance weight points to the core principle that what should match the unit of reward is",the unit of optimization objective.,(B),"In the paper ""Group Sequence Policy Optimization"", the authors state that the failure of the token-level importance weight points to the core principle that what should match the unit of reward is
(A) the scale of policy regularization.
(B) the unit of optimization objective.
(C) the granularity of the clipping mechanism.
(D) the unit of sampling from the behavior distribution.
(E) the level at which off-policy correction is applied.",the scale of policy regularization.,the unit of optimization objective.,the granularity of the clipping mechanism.,the unit of sampling from the behavior distribution.,the level at which off-policy correction is applied.,"[""the level at which off-policy correction is applied."", ""the granularity of the clipping mechanism."", ""the unit of sampling from the behavior distribution."", ""the scale of policy regularization.""]","In the paper ""Group Sequence Policy Optimization"", the authors state that the failure of the token-level importance weight points to the core principle that what should match the unit of reward is the unit of optimization objective.",The failure of the token-level importance weight points to a core principle: \textbf{the unit of optimization objective should match the unit of reward}.,Motivation,"Question: Which city is the capital of France?
(A) Paris
(B) Berlin
(C) Madrid
(D) Rome
(E) Lisbon
Answer: (A)

Question: Which planet is the largest in the Solar System?
(A) Earth
(B) Jupiter
(C) Saturn
(D) Venus
(E) Mars
Answer: (B)

Question: What is the chemical formula for water?
(A) CO2
(B) O2
(C) H2O
(D) NaCl
(E) CH4
Answer: (C)

Question: What process do plants use to convert sunlight into chemical energy?
(A) Respiration
(B) Fermentation
(C) Evaporation
(D) Photosynthesis
(E) Condensation
Answer: (D)

Question: What is the primary function of red blood cells?
(A) Transmit nerve signals
(B) Produce bile
(C) Filter lymph
(D) Digest proteins
(E) Carry oxygen
Answer: (E)

Question: In the paper ""Group Sequence Policy Optimization"", the authors state that the failure of the token-level importance weight points to the core principle that what should match the unit of reward is
(A) the scale of policy regularization.
(B) the unit of optimization objective.
(C) the granularity of the clipping mechanism.
(D) the unit of sampling from the behavior distribution.
(E) the level at which off-policy correction is applied."
"According to the paper ""Group Sequence Policy Optimization"", in the importance sampling identity used to explain the misapplication of importance sampling weights in GRPO, samples are drawn from the distribution denoted by",$\pi_\text{beh}$.,(C),"According to the paper ""Group Sequence Policy Optimization"", in the importance sampling identity used to explain the misapplication of importance sampling weights in GRPO, samples are drawn from the distribution denoted by
(A) $\pi_\text{tar}$.
(B) $\pi_\theta$.
(C) $\pi_\text{beh}$.
(D) $\mu_\beta$.
(E) $\pi_{\theta_\text{old}}$.",$\pi_\text{tar}$.,$\pi_\theta$.,$\pi_\text{beh}$.,$\mu_\beta$.,$\pi_{\theta_\text{old}}$.,"[""$\\pi_\\text{tar}$."", ""$\\pi_{\\theta_\\text{old}}$."", ""$\\pi_\\theta$."", ""$\\mu_\\beta$.""]","According to the paper ""Group Sequence Policy Optimization"", in the importance sampling identity used to explain the misapplication of importance sampling weights in GRPO, samples are drawn from the distribution denoted by $\pi_\text{beh}$.","The principle of importance sampling is to estimate the expectation of a function $f$ under a target distribution $\pi_\text{tar}$ by re-weighting samples drawn from a behavior distribution $\pi_\text{beh}$:

\begin{align}
\mathbb{E}_{z \sim \pi_\text{tar}} \left[ f(z) \right] = \mathbb{E}_{z \sim \pi_\text{beh}} \left[ \frac{ \pi_\text{tar} (z) }{ \pi_\text{beh} (z)} \, f(z) \right].
\end{align}",Motivation,"Question: Which city is the capital of France?
(A) Paris
(B) Berlin
(C) Madrid
(D) Rome
(E) Lisbon
Answer: (A)

Question: Which planet is the largest in the Solar System?
(A) Earth
(B) Jupiter
(C) Saturn
(D) Venus
(E) Mars
Answer: (B)

Question: What is the chemical formula for water?
(A) CO2
(B) O2
(C) H2O
(D) NaCl
(E) CH4
Answer: (C)

Question: What process do plants use to convert sunlight into chemical energy?
(A) Respiration
(B) Fermentation
(C) Evaporation
(D) Photosynthesis
(E) Condensation
Answer: (D)

Question: What is the primary function of red blood cells?
(A) Transmit nerve signals
(B) Produce bile
(C) Filter lymph
(D) Digest proteins
(E) Carry oxygen
Answer: (E)

Question: According to the paper ""Group Sequence Policy Optimization"", in the importance sampling identity used to explain the misapplication of importance sampling weights in GRPO, samples are drawn from the distribution denoted by
(A) $\pi_\text{tar}$.
(B) $\pi_\theta$.
(C) $\pi_\text{beh}$.
(D) $\mu_\beta$.
(E) $\pi_{\theta_\text{old}}$."
"According to the paper ""Group Sequence Policy Optimization"", in the discussion of importance sampling from a behavior distribution $\pi_\text{beh}$ to estimate an expectation under a target distribution $\pi_\text{tar}$, the number of samples from $\pi_\text{beh}$ said to be needed for the importance weight $\frac{\pi_\text{tar}(z)}{\pi_\text{beh}(z)}$ to effectively correct for distributional mismatch is",$N \gg 1$.,(A),"According to the paper ""Group Sequence Policy Optimization"", in the discussion of importance sampling from a behavior distribution $\pi_\text{beh}$ to estimate an expectation under a target distribution $\pi_\text{tar}$, the number of samples from $\pi_\text{beh}$ said to be needed for the importance weight $\frac{\pi_\text{tar}(z)}{\pi_\text{beh}(z)}$ to effectively correct for distributional mismatch is
(A) $N \gg 1$.
(B) $N = 1$.
(C) $N \to \infty$.
(D) $N$ equal to the sequence length $T$.
(E) $N$ equal to the mini-batch size.",$N \gg 1$.,$N = 1$.,$N \to \infty$.,$N$ equal to the sequence length $T$.,$N$ equal to the mini-batch size.,"[""$N = 1$."", ""$N$ equal to the mini-batch size."", ""$N$ equal to the sequence length $T$."", ""$N \\to \\infty$.""]","According to the paper ""Group Sequence Policy Optimization"", in the discussion of importance sampling from a behavior distribution $\pi_\text{beh}$ to estimate an expectation under a target distribution $\pi_\text{tar}$, the number of samples from $\pi_\text{beh}$ said to be needed for the importance weight $\frac{\pi_\text{tar}(z)}{\pi_\text{beh}(z)}$ to effectively correct for distributional mismatch is $N \gg 1$.","Crucially, this relies on averaging over multiple samples ($N \gg 1$) from the behavior distribution $\pi_\text{beh}$ for the importance weight $\frac{ \pi_\text{tar} (z) }{ \pi_\text{beh} (z)}$ to effectively correct for the distributional mismatch.",Motivation,"Question: Which city is the capital of France?
(A) Paris
(B) Berlin
(C) Madrid
(D) Rome
(E) Lisbon
Answer: (A)

Question: Which planet is the largest in the Solar System?
(A) Earth
(B) Jupiter
(C) Saturn
(D) Venus
(E) Mars
Answer: (B)

Question: What is the chemical formula for water?
(A) CO2
(B) O2
(C) H2O
(D) NaCl
(E) CH4
Answer: (C)

Question: What process do plants use to convert sunlight into chemical energy?
(A) Respiration
(B) Fermentation
(C) Evaporation
(D) Photosynthesis
(E) Condensation
Answer: (D)

Question: What is the primary function of red blood cells?
(A) Transmit nerve signals
(B) Produce bile
(C) Filter lymph
(D) Digest proteins
(E) Carry oxygen
Answer: (E)

Question: According to the paper ""Group Sequence Policy Optimization"", in the discussion of importance sampling from a behavior distribution $\pi_\text{beh}$ to estimate an expectation under a target distribution $\pi_\text{tar}$, the number of samples from $\pi_\text{beh}$ said to be needed for the importance weight $\frac{\pi_\text{tar}(z)}{\pi_\text{beh}(z)}$ to effectively correct for distributional mismatch is
(A) $N \gg 1$.
(B) $N = 1$.
(C) $N \to \infty$.
(D) $N$ equal to the sequence length $T$.
(E) $N$ equal to the mini-batch size."
"According to the paper ""Group Sequence Policy Optimization"", GSPO employs a",sequence-level optimization objective.,(B),"According to the paper ""Group Sequence Policy Optimization"", GSPO employs a
(A) token-level clipped surrogate objective.
(B) sequence-level optimization objective.
(C) maximum-likelihood training objective.
(D) KL-regularized PPO objective.
(E) value-function-based actor-critic objective.",token-level clipped surrogate objective.,sequence-level optimization objective.,maximum-likelihood training objective.,KL-regularized PPO objective.,value-function-based actor-critic objective.,"[""token-level clipped surrogate objective."", ""KL-regularized PPO objective."", ""value-function-based actor-critic objective."", ""maximum-likelihood training objective.""]","According to the paper ""Group Sequence Policy Optimization"", GSPO employs a sequence-level optimization objective.","GSPO employs the following sequence-level optimization objective:

\begin{align}
\mathcal{J}_\text{GSPO} (\theta) =
\mathbb{E}_{ x \sim \mathcal{D},\, \{y_i\}_{i=1}^G \sim \pi_{\theta_\text{old}}( \cdot | x) }
\left[ 
\frac{1}{G} \sum_{i=1}^{G}
\min \left( s_{i}(\theta)  \widehat{A}_{i},  \, \mathrm{clip} \left( s_{i}(\theta), 1 - {\varepsilon}, 1 + {\varepsilon} \right) \widehat{A}_{i} \right) 
\right],
\label{equ:gspo}
\end{align}

where we adopt the group-based advantage estimation:

\begin{align}
\widehat{A}_{i} = \frac{r(x, y_i) - \mathrm{mean} \left( \{ r(x, y_i) \}_{i=1}^G \right) }{ \mathrm{std} \left( \{ r(x, y_i) \}_{i=1}^G \right) },
\end{align}

and define the importance ratio $s_{i}(\theta)$ based on sequence likelihood \citep{click}:

\begin{align}
s_{i}(\theta) = \left( \frac{ \pi_{\theta} (y_i | x) }{ \pi_{\theta_\text{old}} (y_i | x)} \right)^{\frac{1}{|y_i|}}
=
\exp \left( \frac{1}{|y_i|} \sum_{t=1}^{|y_i|} \log \frac{ \pi_{\theta} (y_{i,t} | x, y_{i,<t}) }{ \pi_{\theta_\text{old}} (y_{i,t} | x,y_{i,<t})} \right).
\end{align}",Algorithm,"Question: Which city is the capital of France?
(A) Paris
(B) Berlin
(C) Madrid
(D) Rome
(E) Lisbon
Answer: (A)

Question: Which planet is the largest in the Solar System?
(A) Earth
(B) Jupiter
(C) Saturn
(D) Venus
(E) Mars
Answer: (B)

Question: What is the chemical formula for water?
(A) CO2
(B) O2
(C) H2O
(D) NaCl
(E) CH4
Answer: (C)

Question: What process do plants use to convert sunlight into chemical energy?
(A) Respiration
(B) Fermentation
(C) Evaporation
(D) Photosynthesis
(E) Condensation
Answer: (D)

Question: What is the primary function of red blood cells?
(A) Transmit nerve signals
(B) Produce bile
(C) Filter lymph
(D) Digest proteins
(E) Carry oxygen
Answer: (E)

Question: According to the paper ""Group Sequence Policy Optimization"", GSPO employs a
(A) token-level clipped surrogate objective.
(B) sequence-level optimization objective.
(C) maximum-likelihood training objective.
(D) KL-regularized PPO objective.
(E) value-function-based actor-critic objective."
"According to the paper ""Group Sequence Policy Optimization"", the length normalization in $s_i(\theta)$ helps keep $s_i(\theta)$ within",a unified numerical range.,(C),"According to the paper ""Group Sequence Policy Optimization"", the length normalization in $s_i(\theta)$ helps keep $s_i(\theta)$ within
(A) the clipping interval \([1-\varepsilon,\,1+\varepsilon]\).
(B) the scale of the group-based advantages.
(C) a unified numerical range.
(D) a response-length-dependent clipping range.
(E) a valid probability simplex.","the clipping interval \([1-\varepsilon,\,1+\varepsilon]\).",the scale of the group-based advantages.,a unified numerical range.,a response-length-dependent clipping range.,a valid probability simplex.,"[""the clipping interval \\([1-\\varepsilon,\\,1+\\varepsilon]\\)."", ""the scale of the group-based advantages."", ""a valid probability simplex."", ""a response-length-dependent clipping range.""]","According to the paper ""Group Sequence Policy Optimization"", the length normalization in $s_i(\theta)$ helps keep $s_i(\theta)$ within a unified numerical range.",Note that we adopt length normalization in $s_{i}(\theta)$ to reduce the variance and to control  $s_{i}(\theta)$ within a unified numerical range.,Algorithm,"Question: Which city is the capital of France?
(A) Paris
(B) Berlin
(C) Madrid
(D) Rome
(E) Lisbon
Answer: (A)

Question: Which planet is the largest in the Solar System?
(A) Earth
(B) Jupiter
(C) Saturn
(D) Venus
(E) Mars
Answer: (B)

Question: What is the chemical formula for water?
(A) CO2
(B) O2
(C) H2O
(D) NaCl
(E) CH4
Answer: (C)

Question: What process do plants use to convert sunlight into chemical energy?
(A) Respiration
(B) Fermentation
(C) Evaporation
(D) Photosynthesis
(E) Condensation
Answer: (D)

Question: What is the primary function of red blood cells?
(A) Transmit nerve signals
(B) Produce bile
(C) Filter lymph
(D) Digest proteins
(E) Carry oxygen
Answer: (E)

Question: According to the paper ""Group Sequence Policy Optimization"", the length normalization in $s_i(\theta)$ helps keep $s_i(\theta)$ within
(A) the clipping interval \([1-\varepsilon,\,1+\varepsilon]\).
(B) the scale of the group-based advantages.
(C) a unified numerical range.
(D) a response-length-dependent clipping range.
(E) a valid probability simplex."
"According to the paper ""Group Sequence Policy Optimization"", the authors adopt length normalization in $s_i(\theta)$ when computing the sequence-level importance ratio used in GSPO",to reduce the variance.,(E),"According to the paper ""Group Sequence Policy Optimization"", the authors adopt length normalization in $s_i(\theta)$ when computing the sequence-level importance ratio used in GSPO
(A) to prevent gradient vanishing on longer responses.
(B) to exclude overly off-policy samples from gradient estimation.
(C) to align the optimization with sequence-level rewards rather than token-level rewards.
(D) to make the importance ratio an unbiased estimator of the policy gradient.
(E) to reduce the variance.",to prevent gradient vanishing on longer responses.,to exclude overly off-policy samples from gradient estimation.,to align the optimization with sequence-level rewards rather than token-level rewards.,to make the importance ratio an unbiased estimator of the policy gradient.,to reduce the variance.,"[""to exclude overly off-policy samples from gradient estimation."", ""to align the optimization with sequence-level rewards rather than token-level rewards."", ""to make the importance ratio an unbiased estimator of the policy gradient."", ""to prevent gradient vanishing on longer responses.""]","According to the paper ""Group Sequence Policy Optimization"", the authors adopt length normalization in $s_i(\theta)$ when computing the sequence-level importance ratio used in GSPO to reduce the variance.",Note that we adopt length normalization in $s_{i}(\theta)$ to reduce the variance and to control  $s_{i}(\theta)$ within a unified numerical range.,Algorithm,"Question: Which city is the capital of France?
(A) Paris
(B) Berlin
(C) Madrid
(D) Rome
(E) Lisbon
Answer: (A)

Question: Which planet is the largest in the Solar System?
(A) Earth
(B) Jupiter
(C) Saturn
(D) Venus
(E) Mars
Answer: (B)

Question: What is the chemical formula for water?
(A) CO2
(B) O2
(C) H2O
(D) NaCl
(E) CH4
Answer: (C)

Question: What process do plants use to convert sunlight into chemical energy?
(A) Respiration
(B) Fermentation
(C) Evaporation
(D) Photosynthesis
(E) Condensation
Answer: (D)

Question: What is the primary function of red blood cells?
(A) Transmit nerve signals
(B) Produce bile
(C) Filter lymph
(D) Digest proteins
(E) Carry oxygen
Answer: (E)

Question: According to the paper ""Group Sequence Policy Optimization"", the authors adopt length normalization in $s_i(\theta)$ when computing the sequence-level importance ratio used in GSPO
(A) to prevent gradient vanishing on longer responses.
(B) to exclude overly off-policy samples from gradient estimation.
(C) to align the optimization with sequence-level rewards rather than token-level rewards.
(D) to make the importance ratio an unbiased estimator of the policy gradient.
(E) to reduce the variance."
"According to the paper ""Group Sequence Policy Optimization"", in the GSPO sequence-level optimization objective, the importance ratio s_i(\theta) is defined based on",sequence likelihood.,(A),"According to the paper ""Group Sequence Policy Optimization"", in the GSPO sequence-level optimization objective, the importance ratio s_i(\theta) is defined based on
(A) sequence likelihood.
(B) token likelihood.
(C) sequence-level reward.
(D) group-based advantage estimation.
(E) KL divergence.",sequence likelihood.,token likelihood.,sequence-level reward.,group-based advantage estimation.,KL divergence.,"[""token likelihood."", ""group-based advantage estimation."", ""sequence-level reward."", ""KL divergence.""]","According to the paper ""Group Sequence Policy Optimization"", in the GSPO sequence-level optimization objective, the importance ratio s_i(\theta) is defined based on sequence likelihood.","GSPO employs the following sequence-level optimization objective:

\begin{align}
\mathcal{J}_\text{GSPO} (\theta) =
\mathbb{E}_{ x \sim \mathcal{D},\, \{y_i\}_{i=1}^G \sim \pi_{\theta_\text{old}}( \cdot | x) }
\left[ 
\frac{1}{G} \sum_{i=1}^{G}
\min \left( s_{i}(\theta)  \widehat{A}_{i},  \, \mathrm{clip} \left( s_{i}(\theta), 1 - {\varepsilon}, 1 + {\varepsilon} \right) \widehat{A}_{i} \right) 
\right],
\label{equ:gspo}
\end{align}

where we adopt the group-based advantage estimation:

\begin{align}
\widehat{A}_{i} = \frac{r(x, y_i) - \mathrm{mean} \left( \{ r(x, y_i) \}_{i=1}^G \right) }{ \mathrm{std} \left( \{ r(x, y_i) \}_{i=1}^G \right) },
\end{align}

and define the importance ratio $s_{i}(\theta)$ based on sequence likelihood \citep{click}:

\begin{align}
s_{i}(\theta) = \left( \frac{ \pi_{\theta} (y_i | x) }{ \pi_{\theta_\text{old}} (y_i | x)} \right)^{\frac{1}{|y_i|}}
=
\exp \left( \frac{1}{|y_i|} \sum_{t=1}^{|y_i|} \log \frac{ \pi_{\theta} (y_{i,t} | x, y_{i,<t}) }{ \pi_{\theta_\text{old}} (y_{i,t} | x,y_{i,<t})} \right).
\end{align}",Algorithm,"Question: Which city is the capital of France?
(A) Paris
(B) Berlin
(C) Madrid
(D) Rome
(E) Lisbon
Answer: (A)

Question: Which planet is the largest in the Solar System?
(A) Earth
(B) Jupiter
(C) Saturn
(D) Venus
(E) Mars
Answer: (B)

Question: What is the chemical formula for water?
(A) CO2
(B) O2
(C) H2O
(D) NaCl
(E) CH4
Answer: (C)

Question: What process do plants use to convert sunlight into chemical energy?
(A) Respiration
(B) Fermentation
(C) Evaporation
(D) Photosynthesis
(E) Condensation
Answer: (D)

Question: What is the primary function of red blood cells?
(A) Transmit nerve signals
(B) Produce bile
(C) Filter lymph
(D) Digest proteins
(E) Carry oxygen
Answer: (E)

Question: According to the paper ""Group Sequence Policy Optimization"", in the GSPO sequence-level optimization objective, the importance ratio s_i(\theta) is defined based on
(A) sequence likelihood.
(B) token likelihood.
(C) sequence-level reward.
(D) group-based advantage estimation.
(E) KL divergence."
"According to the paper ""Group Sequence Policy Optimization"", the sequence-level optimization objective $\mathcal{J}_\text{GSPO}(\theta)$ uses",group-based advantage estimation.,(B),"According to the paper ""Group Sequence Policy Optimization"", the sequence-level optimization objective $\mathcal{J}_\text{GSPO}(\theta)$ uses
(A) token-level importance weighting.
(B) group-based advantage estimation.
(C) generalized advantage estimation.
(D) reward-to-go normalization.
(E) critic-based value estimation.",token-level importance weighting.,group-based advantage estimation.,generalized advantage estimation.,reward-to-go normalization.,critic-based value estimation.,"[""token-level importance weighting."", ""generalized advantage estimation."", ""critic-based value estimation."", ""reward-to-go normalization.""]","According to the paper ""Group Sequence Policy Optimization"", the sequence-level optimization objective $\mathcal{J}_\text{GSPO}(\theta)$ uses group-based advantage estimation.","GSPO employs the following sequence-level optimization objective:

\begin{align}
\mathcal{J}_\text{GSPO} (\theta) =
\mathbb{E}_{ x \sim \mathcal{D},\, \{y_i\}_{i=1}^G \sim \pi_{\theta_\text{old}}( \cdot | x) }
\left[ 
\frac{1}{G} \sum_{i=1}^{G}
\min \left( s_{i}(\theta)  \widehat{A}_{i},  \, \mathrm{clip} \left( s_{i}(\theta), 1 - {\varepsilon}, 1 + {\varepsilon} \right) \widehat{A}_{i} \right) 
\right],
\label{equ:gspo}
\end{align}

where we adopt the group-based advantage estimation:

\begin{align}
\widehat{A}_{i} = \frac{r(x, y_i) - \mathrm{mean} \left( \{ r(x, y_i) \}_{i=1}^G \right) }{ \mathrm{std} \left( \{ r(x, y_i) \}_{i=1}^G \right) },
\end{align}

and define the importance ratio $s_{i}(\theta)$ based on sequence likelihood \citep{click}:

\begin{align}
s_{i}(\theta) = \left( \frac{ \pi_{\theta} (y_i | x) }{ \pi_{\theta_\text{old}} (y_i | x)} \right)^{\frac{1}{|y_i|}}
=
\exp \left( \frac{1}{|y_i|} \sum_{t=1}^{|y_i|} \log \frac{ \pi_{\theta} (y_{i,t} | x, y_{i,<t}) }{ \pi_{\theta_\text{old}} (y_{i,t} | x,y_{i,<t})} \right).
\end{align}",Algorithm,"Question: Which city is the capital of France?
(A) Paris
(B) Berlin
(C) Madrid
(D) Rome
(E) Lisbon
Answer: (A)

Question: Which planet is the largest in the Solar System?
(A) Earth
(B) Jupiter
(C) Saturn
(D) Venus
(E) Mars
Answer: (B)

Question: What is the chemical formula for water?
(A) CO2
(B) O2
(C) H2O
(D) NaCl
(E) CH4
Answer: (C)

Question: What process do plants use to convert sunlight into chemical energy?
(A) Respiration
(B) Fermentation
(C) Evaporation
(D) Photosynthesis
(E) Condensation
Answer: (D)

Question: What is the primary function of red blood cells?
(A) Transmit nerve signals
(B) Produce bile
(C) Filter lymph
(D) Digest proteins
(E) Carry oxygen
Answer: (E)

Question: According to the paper ""Group Sequence Policy Optimization"", the sequence-level optimization objective $\mathcal{J}_\text{GSPO}(\theta)$ uses
(A) token-level importance weighting.
(B) group-based advantage estimation.
(C) generalized advantage estimation.
(D) reward-to-go normalization.
(E) critic-based value estimation."
"According to the paper ""Group Sequence Policy Optimization"", if length normalization were not used in $s_i(\theta)$, the importance ratios of responses with different lengths would require",varying clipping ranges,(C),"According to the paper ""Group Sequence Policy Optimization"", if length normalization were not used in $s_i(\theta)$, the importance ratios of responses with different lengths would require
(A) a unified numerical range
(B) adaptive KL coefficients
(C) varying clipping ranges
(D) group-based advantages
(E) token-level clipping thresholds",a unified numerical range,adaptive KL coefficients,varying clipping ranges,group-based advantages,token-level clipping thresholds,"[""token-level clipping thresholds"", ""adaptive KL coefficients"", ""a unified numerical range"", ""group-based advantages""]","According to the paper ""Group Sequence Policy Optimization"", if length normalization were not used in $s_i(\theta)$, the importance ratios of responses with different lengths would require varying clipping ranges","Otherwise, the likelihood changes of a few tokens can result in dramatic fluctuations of the sequence-level importance ratio, and the importance ratios of responses with different lengths will require varying clipping ranges.",Algorithm,"Question: Which city is the capital of France?
(A) Paris
(B) Berlin
(C) Madrid
(D) Rome
(E) Lisbon
Answer: (A)

Question: Which planet is the largest in the Solar System?
(A) Earth
(B) Jupiter
(C) Saturn
(D) Venus
(E) Mars
Answer: (B)

Question: What is the chemical formula for water?
(A) CO2
(B) O2
(C) H2O
(D) NaCl
(E) CH4
Answer: (C)

Question: What process do plants use to convert sunlight into chemical energy?
(A) Respiration
(B) Fermentation
(C) Evaporation
(D) Photosynthesis
(E) Condensation
Answer: (D)

Question: What is the primary function of red blood cells?
(A) Transmit nerve signals
(B) Produce bile
(C) Filter lymph
(D) Digest proteins
(E) Carry oxygen
Answer: (E)

Question: According to the paper ""Group Sequence Policy Optimization"", if length normalization were not used in $s_i(\theta)$, the importance ratios of responses with different lengths would require
(A) a unified numerical range
(B) adaptive KL coefficients
(C) varying clipping ranges
(D) group-based advantages
(E) token-level clipping thresholds"
"According to the paper ""Group Sequence Policy Optimization"", the clipping ranges in GSPO and in previous algorithms such as GRPO typically differ in order of magnitude because of",the distinct definitions of importance ratios.,(E),"According to the paper ""Group Sequence Policy Optimization"", the clipping ranges in GSPO and in previous algorithms such as GRPO typically differ in order of magnitude because of
(A) the variance introduced by group-based advantage estimation over sampled responses.
(B) the use of length normalization to keep sequence-level ratios within a unified numerical range.
(C) the choice of different KL-regularization coefficients in the policy updates.
(D) the decision to clip entire responses rather than individual tokens during optimization.
(E) the distinct definitions of importance ratios.",the variance introduced by group-based advantage estimation over sampled responses.,the use of length normalization to keep sequence-level ratios within a unified numerical range.,the choice of different KL-regularization coefficients in the policy updates.,the decision to clip entire responses rather than individual tokens during optimization.,the distinct definitions of importance ratios.,"[""the use of length normalization to keep sequence-level ratios within a unified numerical range."", ""the decision to clip entire responses rather than individual tokens during optimization."", ""the variance introduced by group-based advantage estimation over sampled responses."", ""the choice of different KL-regularization coefficients in the policy updates.""]","According to the paper ""Group Sequence Policy Optimization"", the clipping ranges in GSPO and in previous algorithms such as GRPO typically differ in order of magnitude because of the distinct definitions of importance ratios.","We also note that the clipping ranges in GSPO and in previous algorithms (e.g., GRPO) typically differ in order of magnitude due to the distinct definitions of importance ratios.",Algorithm,"Question: Which city is the capital of France?
(A) Paris
(B) Berlin
(C) Madrid
(D) Rome
(E) Lisbon
Answer: (A)

Question: Which planet is the largest in the Solar System?
(A) Earth
(B) Jupiter
(C) Saturn
(D) Venus
(E) Mars
Answer: (B)

Question: What is the chemical formula for water?
(A) CO2
(B) O2
(C) H2O
(D) NaCl
(E) CH4
Answer: (C)

Question: What process do plants use to convert sunlight into chemical energy?
(A) Respiration
(B) Fermentation
(C) Evaporation
(D) Photosynthesis
(E) Condensation
Answer: (D)

Question: What is the primary function of red blood cells?
(A) Transmit nerve signals
(B) Produce bile
(C) Filter lymph
(D) Digest proteins
(E) Carry oxygen
Answer: (E)

Question: According to the paper ""Group Sequence Policy Optimization"", the clipping ranges in GSPO and in previous algorithms such as GRPO typically differ in order of magnitude because of
(A) the variance introduced by group-based advantage estimation over sampled responses.
(B) the use of length normalization to keep sequence-level ratios within a unified numerical range.
(C) the choice of different KL-regularization coefficients in the policy updates.
(D) the decision to clip entire responses rather than individual tokens during optimization.
(E) the distinct definitions of importance ratios."
"According to the paper ""Group Sequence Policy Optimization"", in the discussion of GRPO’s design, the kind of correction that appears problematic when the reward is granted to the entire sequence is",off-policy correction at the token level,(D),"According to the paper ""Group Sequence Policy Optimization"", in the discussion of GRPO’s design, the kind of correction that appears problematic when the reward is granted to the entire sequence is
(A) importance-weight clipping at the token level
(B) on-policy correction at the token level
(C) off-policy correction at the sequence level
(D) off-policy correction at the token level
(E) token-level reward shaping with per-step advantages",importance-weight clipping at the token level,on-policy correction at the token level,off-policy correction at the sequence level,off-policy correction at the token level,token-level reward shaping with per-step advantages,"[""off-policy correction at the sequence level"", ""on-policy correction at the token level"", ""importance-weight clipping at the token level"", ""token-level reward shaping with per-step advantages""]","According to the paper ""Group Sequence Policy Optimization"", in the discussion of GRPO’s design, the kind of correction that appears problematic when the reward is granted to the entire sequence is off-policy correction at the token level","Since the reward is granted to the entire sequence, applying off-policy correction at the token level appears problematic.",Motivation,"Question: Which city is the capital of France?
(A) Paris
(B) Berlin
(C) Madrid
(D) Rome
(E) Lisbon
Answer: (A)

Question: Which planet is the largest in the Solar System?
(A) Earth
(B) Jupiter
(C) Saturn
(D) Venus
(E) Mars
Answer: (B)

Question: What is the chemical formula for water?
(A) CO2
(B) O2
(C) H2O
(D) NaCl
(E) CH4
Answer: (C)

Question: What process do plants use to convert sunlight into chemical energy?
(A) Respiration
(B) Fermentation
(C) Evaporation
(D) Photosynthesis
(E) Condensation
Answer: (D)

Question: What is the primary function of red blood cells?
(A) Transmit nerve signals
(B) Produce bile
(C) Filter lymph
(D) Digest proteins
(E) Carry oxygen
Answer: (E)

Question: According to the paper ""Group Sequence Policy Optimization"", in the discussion of GRPO’s design, the kind of correction that appears problematic when the reward is granted to the entire sequence is
(A) importance-weight clipping at the token level
(B) on-policy correction at the token level
(C) off-policy correction at the sequence level
(D) off-policy correction at the token level
(E) token-level reward shaping with per-step advantages"
"In the paper ""Group Sequence Policy Optimization"", in the GRPO gradient expression, the relationship explicitly stated between the token-level advantage estimate $\widehat{A}_{i,t}$ and the sequence-level advantage estimate $\widehat{A}_{i}$ is","$\widehat{A}_{i,t} = \widehat{A}_{i}$",(A),"In the paper ""Group Sequence Policy Optimization"", in the GRPO gradient expression, the relationship explicitly stated between the token-level advantage estimate $\widehat{A}_{i,t}$ and the sequence-level advantage estimate $\widehat{A}_{i}$ is
(A) $\widehat{A}_{i,t} = \widehat{A}_{i}$
(B) $\widehat{A}_{i} = \frac{1}{|y_i|}\sum_{t=1}^{|y_i|}\widehat{A}_{i,t}$
(C) $\widehat{A}_{i,t} = \frac{\widehat{A}_{i}}{|y_i|}$
(D) $\widehat{A}_{i,t} = \widehat{Q}_{i,t} - \widehat{V}(x, y_{i,<t})$
(E) $\widehat{A}_{i,t} = w_{i,t}(\theta)\,\widehat{A}_{i}$","$\widehat{A}_{i,t} = \widehat{A}_{i}$","$\widehat{A}_{i} = \frac{1}{|y_i|}\sum_{t=1}^{|y_i|}\widehat{A}_{i,t}$","$\widehat{A}_{i,t} = \frac{\widehat{A}_{i}}{|y_i|}$","$\widehat{A}_{i,t} = \widehat{Q}_{i,t} - \widehat{V}(x, y_{i,<t})$","$\widehat{A}_{i,t} = w_{i,t}(\theta)\,\widehat{A}_{i}$","[""$\\widehat{A}_{i,t} = \\frac{\\widehat{A}_{i}}{|y_i|}$"", ""$\\widehat{A}_{i,t} = w_{i,t}(\\theta)\\,\\widehat{A}_{i}$"", ""$\\widehat{A}_{i} = \\frac{1}{|y_i|}\\sum_{t=1}^{|y_i|}\\widehat{A}_{i,t}$"", ""$\\widehat{A}_{i,t} = \\widehat{Q}_{i,t} - \\widehat{V}(x, y_{i,<t})$""]","In the paper ""Group Sequence Policy Optimization"", in the GRPO gradient expression, the relationship explicitly stated between the token-level advantage estimate $\widehat{A}_{i,t}$ and the sequence-level advantage estimate $\widehat{A}_{i}$ is $\widehat{A}_{i,t} = \widehat{A}_{i}$","For comparison, the gradient of the GRPO objective is as follows (note that $\widehat{A}_{i,t} = \widehat{A}_{i}$):

\begin{align}
\nabla_{\theta} \mathcal{J}_\text{GRPO} (\theta) 
=&\ 
\nabla_{\theta} \mathbb{E}_{ x \sim \mathcal{D},\, \{y_i\}_{i=1}^G \sim \pi_{\theta_\text{old}}( \cdot | x) }
\left[ \frac{1}{G} \sum_{i=1}^{G} \frac{1}{|y_i|} \sum_{t=1}^{|y_i|} 
w_{i,t}(\theta) \widehat{A}_{i,t}
\right] \\
=&\
\mathbb{E}_{ x \sim \mathcal{D},\, \{y_i\}_{i=1}^G \sim \pi_{\theta_\text{old}}( \cdot | x) }
\left[ \frac{1}{G} \sum_{i=1}^{G} \widehat{A}_{i} 
\cdot \frac{1}{|y_i|} \sum_{t=1}^{|y_i|} 
\frac{ \pi_{\theta} (y_{i,t} | x, y_{i,<t}) }{ \pi_{\theta_\text{old}} (y_{i,t} | x,y_{i,<t})} 
\nabla_{\theta} \log \pi_{\theta} (y_{i,t} | x, y_{i,<t})  
\right].
\end{align}",Algorithm,"Question: Which city is the capital of France?
(A) Paris
(B) Berlin
(C) Madrid
(D) Rome
(E) Lisbon
Answer: (A)

Question: Which planet is the largest in the Solar System?
(A) Earth
(B) Jupiter
(C) Saturn
(D) Venus
(E) Mars
Answer: (B)

Question: What is the chemical formula for water?
(A) CO2
(B) O2
(C) H2O
(D) NaCl
(E) CH4
Answer: (C)

Question: What process do plants use to convert sunlight into chemical energy?
(A) Respiration
(B) Fermentation
(C) Evaporation
(D) Photosynthesis
(E) Condensation
Answer: (D)

Question: What is the primary function of red blood cells?
(A) Transmit nerve signals
(B) Produce bile
(C) Filter lymph
(D) Digest proteins
(E) Carry oxygen
Answer: (E)

Question: In the paper ""Group Sequence Policy Optimization"", in the GRPO gradient expression, the relationship explicitly stated between the token-level advantage estimate $\widehat{A}_{i,t}$ and the sequence-level advantage estimate $\widehat{A}_{i}$ is
(A) $\widehat{A}_{i,t} = \widehat{A}_{i}$
(B) $\widehat{A}_{i} = \frac{1}{|y_i|}\sum_{t=1}^{|y_i|}\widehat{A}_{i,t}$
(C) $\widehat{A}_{i,t} = \frac{\widehat{A}_{i}}{|y_i|}$
(D) $\widehat{A}_{i,t} = \widehat{Q}_{i,t} - \widehat{V}(x, y_{i,<t})$
(E) $\widehat{A}_{i,t} = w_{i,t}(\theta)\,\widehat{A}_{i}$"
"According to the paper ""Group Sequence Policy Optimization"", in the expectation defining the gradient of the GRPO objective, the sampled sequences $\{y_i\}_{i=1}^G$ are drawn from",$\pi_{\theta_\text{old}}( \cdot | x)$.,(A),"According to the paper ""Group Sequence Policy Optimization"", in the expectation defining the gradient of the GRPO objective, the sampled sequences $\{y_i\}_{i=1}^G$ are drawn from
(A) $\pi_{\theta_\text{old}}( \cdot | x)$.
(B) $\pi_{\theta}( \cdot \mid x)$
(C) $\pi_{\theta}( \cdot \mid x, y_{i,<t})$
(D) $\pi_{\mathrm{ref}}( \cdot \mid x)$
(E) $\pi_{\beta}( \cdot \mid x)$",$\pi_{\theta_\text{old}}( \cdot | x)$.,$\pi_{\theta}( \cdot \mid x)$,"$\pi_{\theta}( \cdot \mid x, y_{i,<t})$",$\pi_{\mathrm{ref}}( \cdot \mid x)$,$\pi_{\beta}( \cdot \mid x)$,"[""$\\pi_{\\theta}( \\cdot \\mid x)$"", ""$\\pi_{\\mathrm{ref}}( \\cdot \\mid x)$"", ""$\\pi_{\\beta}( \\cdot \\mid x)$"", ""$\\pi_{\\theta}( \\cdot \\mid x, y_{i,<t})$""]","According to the paper ""Group Sequence Policy Optimization"", in the expectation defining the gradient of the GRPO objective, the sampled sequences $\{y_i\}_{i=1}^G$ are drawn from $\pi_{\theta_\text{old}}( \cdot | x)$.","For comparison, the gradient of the GRPO objective is as follows (note that $\widehat{A}_{i,t} = \widehat{A}_{i}$):

\begin{align}
\nabla_{\theta} \mathcal{J}_\text{GRPO} (\theta) 
=&\ 
\nabla_{\theta} \mathbb{E}_{ x \sim \mathcal{D},\, \{y_i\}_{i=1}^G \sim \pi_{\theta_\text{old}}( \cdot | x) }
\left[ \frac{1}{G} \sum_{i=1}^{G} \frac{1}{|y_i|} \sum_{t=1}^{|y_i|} 
w_{i,t}(\theta) \widehat{A}_{i,t}
\right] \\
=&\
\mathbb{E}_{ x \sim \mathcal{D},\, \{y_i\}_{i=1}^G \sim \pi_{\theta_\text{old}}( \cdot | x) }
\left[ \frac{1}{G} \sum_{i=1}^{G} \widehat{A}_{i} 
\cdot \frac{1}{|y_i|} \sum_{t=1}^{|y_i|} 
\frac{ \pi_{\theta} (y_{i,t} | x, y_{i,<t}) }{ \pi_{\theta_\text{old}} (y_{i,t} | x,y_{i,<t})} 
\nabla_{\theta} \log \pi_{\theta} (y_{i,t} | x, y_{i,<t})  
\right].
\end{align}",Algorithm,"Question: Which city is the capital of France?
(A) Paris
(B) Berlin
(C) Madrid
(D) Rome
(E) Lisbon
Answer: (A)

Question: Which planet is the largest in the Solar System?
(A) Earth
(B) Jupiter
(C) Saturn
(D) Venus
(E) Mars
Answer: (B)

Question: What is the chemical formula for water?
(A) CO2
(B) O2
(C) H2O
(D) NaCl
(E) CH4
Answer: (C)

Question: What process do plants use to convert sunlight into chemical energy?
(A) Respiration
(B) Fermentation
(C) Evaporation
(D) Photosynthesis
(E) Condensation
Answer: (D)

Question: What is the primary function of red blood cells?
(A) Transmit nerve signals
(B) Produce bile
(C) Filter lymph
(D) Digest proteins
(E) Carry oxygen
Answer: (E)

Question: According to the paper ""Group Sequence Policy Optimization"", in the expectation defining the gradient of the GRPO objective, the sampled sequences $\{y_i\}_{i=1}^G$ are drawn from
(A) $\pi_{\theta_\text{old}}( \cdot | x)$.
(B) $\pi_{\theta}( \cdot \mid x)$
(C) $\pi_{\theta}( \cdot \mid x, y_{i,<t})$
(D) $\pi_{\mathrm{ref}}( \cdot \mid x)$
(E) $\pi_{\beta}( \cdot \mid x)$"
"According to the paper ""Group Sequence Policy Optimization"", the name of the token-level objective variant of GSPO that is introduced to allow token-wise advantage customization is",GSPO-token,(C),"According to the paper ""Group Sequence Policy Optimization"", the name of the token-level objective variant of GSPO that is introduced to allow token-wise advantage customization is
(A) GSPO-sequence
(B) GRPO-token
(C) GSPO-token
(D) TRPO-token
(E) PPO-token",GSPO-sequence,GRPO-token,GSPO-token,TRPO-token,PPO-token,"[""GRPO-token"", ""PPO-token"", ""TRPO-token"", ""GSPO-sequence""]","According to the paper ""Group Sequence Policy Optimization"", the name of the token-level objective variant of GSPO that is introduced to allow token-wise advantage customization is GSPO-token","To this end, we introduce a token-level objective variant of GSPO, namely \textbf{GSPO-token}, to allow token-wise advantage customization:

\begin{align}
\mathcal{J}_\text{GSPO-token}(\theta)
=
\mathbb{E}_{ x \sim \mathcal{D},\, \{y_i\}_{i=1}^G \sim \pi_{\theta_\text{old}}( \cdot | x) }
\left[ 
\frac{1}{G} \sum_{i=1}^{G} \frac{1}{|y_i|} \sum_{t=1}^{|y_i|} 
\min \left( s_{i,t}(\theta) \widehat{A}_{i,t},  \, \mathrm{clip} \left( s_{i,t}(\theta), 1 - {\varepsilon}, 1 + {\varepsilon} \right) \widehat{A}_{i,t} \right) 
\right],
\label{equ:gspo-token}
\end{align}

where

\begin{align}
s_{i,t}(\theta) 
= \mathrm{sg} \left[ s_{i}(\theta) \right]  \cdot \frac{ \pi_{\theta} (y_{i,t} | x, y_{i,<t}) }{ \mathrm{sg} \left[ \pi_{\theta} (y_{i,t} | x, y_{i,<t}) \right] },
\end{align}

and $\mathrm{sg}[\cdot]$ denotes only taking the numerical value but stopping the gradient, corresponding to the \texttt{detach} operation in PyTorch.",Algorithm,"Question: Which city is the capital of France?
(A) Paris
(B) Berlin
(C) Madrid
(D) Rome
(E) Lisbon
Answer: (A)

Question: Which planet is the largest in the Solar System?
(A) Earth
(B) Jupiter
(C) Saturn
(D) Venus
(E) Mars
Answer: (B)

Question: What is the chemical formula for water?
(A) CO2
(B) O2
(C) H2O
(D) NaCl
(E) CH4
Answer: (C)

Question: What process do plants use to convert sunlight into chemical energy?
(A) Respiration
(B) Fermentation
(C) Evaporation
(D) Photosynthesis
(E) Condensation
Answer: (D)

Question: What is the primary function of red blood cells?
(A) Transmit nerve signals
(B) Produce bile
(C) Filter lymph
(D) Digest proteins
(E) Carry oxygen
Answer: (E)

Question: According to the paper ""Group Sequence Policy Optimization"", the name of the token-level objective variant of GSPO that is introduced to allow token-wise advantage customization is
(A) GSPO-sequence
(B) GRPO-token
(C) GSPO-token
(D) TRPO-token
(E) PPO-token"
"In the paper ""Group Sequence Policy Optimization"", in the token-level GSPO objective \textbf{GSPO-token}, $\mathrm{sg}[\cdot]$ is described as taking only the numerical value while stopping the gradient, corresponding to the PyTorch operation",\texttt{detach},(C),"In the paper ""Group Sequence Policy Optimization"", in the token-level GSPO objective \textbf{GSPO-token}, $\mathrm{sg}[\cdot]$ is described as taking only the numerical value while stopping the gradient, corresponding to the PyTorch operation
(A) \texttt{no\_grad}
(B) \texttt{requires\_grad\_(False)}
(C) \texttt{detach}
(D) \texttt{clone}
(E) \texttt{clip}",\texttt{no\_grad},\texttt{requires\_grad\_(False)},\texttt{detach},\texttt{clone},\texttt{clip},"[""\\texttt{no\\_grad}"", ""\\texttt{requires\\_grad\\_(False)}"", ""\\texttt{clip}"", ""\\texttt{clone}""]","In the paper ""Group Sequence Policy Optimization"", in the token-level GSPO objective \textbf{GSPO-token}, $\mathrm{sg}[\cdot]$ is described as taking only the numerical value while stopping the gradient, corresponding to the PyTorch operation \texttt{detach}","To this end, we introduce a token-level objective variant of GSPO, namely \textbf{GSPO-token}, to allow token-wise advantage customization:

\begin{align}
\mathcal{J}_\text{GSPO-token}(\theta)
=
\mathbb{E}_{ x \sim \mathcal{D},\, \{y_i\}_{i=1}^G \sim \pi_{\theta_\text{old}}( \cdot | x) }
\left[ 
\frac{1}{G} \sum_{i=1}^{G} \frac{1}{|y_i|} \sum_{t=1}^{|y_i|} 
\min \left( s_{i,t}(\theta) \widehat{A}_{i,t},  \, \mathrm{clip} \left( s_{i,t}(\theta), 1 - {\varepsilon}, 1 + {\varepsilon} \right) \widehat{A}_{i,t} \right) 
\right],
\label{equ:gspo-token}
\end{align}

where

\begin{align}
s_{i,t}(\theta) 
= \mathrm{sg} \left[ s_{i}(\theta) \right]  \cdot \frac{ \pi_{\theta} (y_{i,t} | x, y_{i,<t}) }{ \mathrm{sg} \left[ \pi_{\theta} (y_{i,t} | x, y_{i,<t}) \right] },
\end{align}

and $\mathrm{sg}[\cdot]$ denotes only taking the numerical value but stopping the gradient, corresponding to the \texttt{detach} operation in PyTorch.",Algorithm,"Question: Which city is the capital of France?
(A) Paris
(B) Berlin
(C) Madrid
(D) Rome
(E) Lisbon
Answer: (A)

Question: Which planet is the largest in the Solar System?
(A) Earth
(B) Jupiter
(C) Saturn
(D) Venus
(E) Mars
Answer: (B)

Question: What is the chemical formula for water?
(A) CO2
(B) O2
(C) H2O
(D) NaCl
(E) CH4
Answer: (C)

Question: What process do plants use to convert sunlight into chemical energy?
(A) Respiration
(B) Fermentation
(C) Evaporation
(D) Photosynthesis
(E) Condensation
Answer: (D)

Question: What is the primary function of red blood cells?
(A) Transmit nerve signals
(B) Produce bile
(C) Filter lymph
(D) Digest proteins
(E) Carry oxygen
Answer: (E)

Question: In the paper ""Group Sequence Policy Optimization"", in the token-level GSPO objective \textbf{GSPO-token}, $\mathrm{sg}[\cdot]$ is described as taking only the numerical value while stopping the gradient, corresponding to the PyTorch operation
(A) \texttt{no\_grad}
(B) \texttt{requires\_grad\_(False)}
(C) \texttt{detach}
(D) \texttt{clone}
(E) \texttt{clip}"
"In the expanded gradient of the GRPO objective with $\widehat{A}_{i,t} = \widehat{A}_{i}$, the token-level factor multiplying $\nabla_{\theta} \log \pi_{\theta} (y_{i,t} | x, y_{i,<t})$ for each token $y_{i,t}$ is","$\frac{ \pi_{\theta} (y_{i,t} | x, y_{i,<t}) }{ \pi_{\theta_\text{old}} (y_{i,t} | x,y_{i,<t})} $",(C),"In the expanded gradient of the GRPO objective with $\widehat{A}_{i,t} = \widehat{A}_{i}$, the token-level factor multiplying $\nabla_{\theta} \log \pi_{\theta} (y_{i,t} | x, y_{i,<t})$ for each token $y_{i,t}$ is
(A) \frac{ \pi_{\theta_\text{old}} (y_{i,t} | x, y_{i,<t}) }{ \pi_{\theta} (y_{i,t} | x, y_{i,<t}) }
(B) \left( \frac{ \pi_{\theta} (y_i | x) }{ \pi_{\theta_\text{old}} (y_i | x)} \right)^{\frac{1}{|y_i|}}
(C) $\frac{ \pi_{\theta} (y_{i,t} | x, y_{i,<t}) }{ \pi_{\theta_\text{old}} (y_{i,t} | x,y_{i,<t})} $
(D) \frac{ \pi_{\theta} (y_i | x) }{ \pi_{\theta_\text{old}} (y_i | x)}
(E) \operatorname{clip}\!\left(\frac{ \pi_{\theta} (y_{i,t} | x, y_{i,<t}) }{ \pi_{\theta_\text{old}} (y_{i,t} | x, y_{i,<t}) },\, 1-\varepsilon,\, 1+\varepsilon\right)","\frac{ \pi_{\theta_\text{old}} (y_{i,t} | x, y_{i,<t}) }{ \pi_{\theta} (y_{i,t} | x, y_{i,<t}) }",\left( \frac{ \pi_{\theta} (y_i | x) }{ \pi_{\theta_\text{old}} (y_i | x)} \right)^{\frac{1}{|y_i|}},"$\frac{ \pi_{\theta} (y_{i,t} | x, y_{i,<t}) }{ \pi_{\theta_\text{old}} (y_{i,t} | x,y_{i,<t})} $",\frac{ \pi_{\theta} (y_i | x) }{ \pi_{\theta_\text{old}} (y_i | x)},"\operatorname{clip}\!\left(\frac{ \pi_{\theta} (y_{i,t} | x, y_{i,<t}) }{ \pi_{\theta_\text{old}} (y_{i,t} | x, y_{i,<t}) },\, 1-\varepsilon,\, 1+\varepsilon\right)","[""\\left( \\frac{ \\pi_{\\theta} (y_i | x) }{ \\pi_{\\theta_\\text{old}} (y_i | x)} \\right)^{\\frac{1}{|y_i|}}"", ""\\frac{ \\pi_{\\theta} (y_i | x) }{ \\pi_{\\theta_\\text{old}} (y_i | x)}"", ""\\operatorname{clip}\\!\\left(\\frac{ \\pi_{\\theta} (y_{i,t} | x, y_{i,<t}) }{ \\pi_{\\theta_\\text{old}} (y_{i,t} | x, y_{i,<t}) },\\, 1-\\varepsilon,\\, 1+\\varepsilon\\right)"", ""\\frac{ \\pi_{\\theta_\\text{old}} (y_{i,t} | x, y_{i,<t}) }{ \\pi_{\\theta} (y_{i,t} | x, y_{i,<t}) }""]","In the expanded gradient of the GRPO objective with $\widehat{A}_{i,t} = \widehat{A}_{i}$, the token-level factor multiplying $\nabla_{\theta} \log \pi_{\theta} (y_{i,t} | x, y_{i,<t})$ for each token $y_{i,t}$ is $\frac{ \pi_{\theta} (y_{i,t} | x, y_{i,<t}) }{ \pi_{\theta_\text{old}} (y_{i,t} | x,y_{i,<t})} $","For comparison, the gradient of the GRPO objective is as follows (note that $\widehat{A}_{i,t} = \widehat{A}_{i}$):

\begin{align}
\nabla_{\theta} \mathcal{J}_\text{GRPO} (\theta) 
=&\ 
\nabla_{\theta} \mathbb{E}_{ x \sim \mathcal{D},\, \{y_i\}_{i=1}^G \sim \pi_{\theta_\text{old}}( \cdot | x) }
\left[ \frac{1}{G} \sum_{i=1}^{G} \frac{1}{|y_i|} \sum_{t=1}^{|y_i|} 
w_{i,t}(\theta) \widehat{A}_{i,t}
\right] \\
=&\
\mathbb{E}_{ x \sim \mathcal{D},\, \{y_i\}_{i=1}^G \sim \pi_{\theta_\text{old}}( \cdot | x) }
\left[ \frac{1}{G} \sum_{i=1}^{G} \widehat{A}_{i} 
\cdot \frac{1}{|y_i|} \sum_{t=1}^{|y_i|} 
\frac{ \pi_{\theta} (y_{i,t} | x, y_{i,<t}) }{ \pi_{\theta_\text{old}} (y_{i,t} | x,y_{i,<t})} 
\nabla_{\theta} \log \pi_{\theta} (y_{i,t} | x, y_{i,<t})  
\right].
\end{align}",Algorithm,"Question: Which city is the capital of France?
(A) Paris
(B) Berlin
(C) Madrid
(D) Rome
(E) Lisbon
Answer: (A)

Question: Which planet is the largest in the Solar System?
(A) Earth
(B) Jupiter
(C) Saturn
(D) Venus
(E) Mars
Answer: (B)

Question: What is the chemical formula for water?
(A) CO2
(B) O2
(C) H2O
(D) NaCl
(E) CH4
Answer: (C)

Question: What process do plants use to convert sunlight into chemical energy?
(A) Respiration
(B) Fermentation
(C) Evaporation
(D) Photosynthesis
(E) Condensation
Answer: (D)

Question: What is the primary function of red blood cells?
(A) Transmit nerve signals
(B) Produce bile
(C) Filter lymph
(D) Digest proteins
(E) Carry oxygen
Answer: (E)

Question: In the expanded gradient of the GRPO objective with $\widehat{A}_{i,t} = \widehat{A}_{i}$, the token-level factor multiplying $\nabla_{\theta} \log \pi_{\theta} (y_{i,t} | x, y_{i,<t})$ for each token $y_{i,t}$ is
(A) \frac{ \pi_{\theta_\text{old}} (y_{i,t} | x, y_{i,<t}) }{ \pi_{\theta} (y_{i,t} | x, y_{i,<t}) }
(B) \left( \frac{ \pi_{\theta} (y_i | x) }{ \pi_{\theta_\text{old}} (y_i | x)} \right)^{\frac{1}{|y_i|}}
(C) $\frac{ \pi_{\theta} (y_{i,t} | x, y_{i,<t}) }{ \pi_{\theta_\text{old}} (y_{i,t} | x,y_{i,<t})} $
(D) \frac{ \pi_{\theta} (y_i | x) }{ \pi_{\theta_\text{old}} (y_i | x)}
(E) \operatorname{clip}\!\left(\frac{ \pi_{\theta} (y_{i,t} | x, y_{i,<t}) }{ \pi_{\theta_\text{old}} (y_{i,t} | x, y_{i,<t}) },\, 1-\varepsilon,\, 1+\varepsilon\right)"
"According to the paper ""Group Sequence Policy Optimization"", the importance weight used in GRPO to weight tokens in a response is","$\frac{ \pi_{\theta} (y_{i,t} | x, y_{i,<t}) }{ \pi_{\theta_\text{old}} (y_{i,t} | x,y_{i,<t})}$",(C),"According to the paper ""Group Sequence Policy Optimization"", the importance weight used in GRPO to weight tokens in a response is
(A) $\frac{ \pi_{\theta} (y_i | x) }{ \pi_{\theta_\text{old}} (y_i | x)}$
(B) $\operatorname{clip}\!\left(\frac{ \pi_{\theta} (y_{i,t} | x, y_{i,<t}) }{ \pi_{\theta_\text{old}} (y_{i,t} | x,y_{i,<t})},\, 1-\varepsilon,\, 1+\varepsilon\right)$
(C) $\frac{ \pi_{\theta} (y_{i,t} | x, y_{i,<t}) }{ \pi_{\theta_\text{old}} (y_{i,t} | x,y_{i,<t})}$
(D) $\left( \frac{ \pi_{\theta} (y_i | x) }{ \pi_{\theta_\text{old}} (y_i | x)} \right)^{\frac{1}{|y_i|}}$
(E) $\frac{ \pi_{\theta} (y_{i,t} | x, y_{i,<t}) }{ \pi_{\mathrm{ref}} (y_{i,t} | x,y_{i,<t})}$",$\frac{ \pi_{\theta} (y_i | x) }{ \pi_{\theta_\text{old}} (y_i | x)}$,"$\operatorname{clip}\!\left(\frac{ \pi_{\theta} (y_{i,t} | x, y_{i,<t}) }{ \pi_{\theta_\text{old}} (y_{i,t} | x,y_{i,<t})},\, 1-\varepsilon,\, 1+\varepsilon\right)$","$\frac{ \pi_{\theta} (y_{i,t} | x, y_{i,<t}) }{ \pi_{\theta_\text{old}} (y_{i,t} | x,y_{i,<t})}$",$\left( \frac{ \pi_{\theta} (y_i | x) }{ \pi_{\theta_\text{old}} (y_i | x)} \right)^{\frac{1}{|y_i|}}$,"$\frac{ \pi_{\theta} (y_{i,t} | x, y_{i,<t}) }{ \pi_{\mathrm{ref}} (y_{i,t} | x,y_{i,<t})}$","[""$\\left( \\frac{ \\pi_{\\theta} (y_i | x) }{ \\pi_{\\theta_\\text{old}} (y_i | x)} \\right)^{\\frac{1}{|y_i|}}$"", ""$\\frac{ \\pi_{\\theta} (y_i | x) }{ \\pi_{\\theta_\\text{old}} (y_i | x)}$"", ""$\\operatorname{clip}\\!\\left(\\frac{ \\pi_{\\theta} (y_{i,t} | x, y_{i,<t}) }{ \\pi_{\\theta_\\text{old}} (y_{i,t} | x,y_{i,<t})},\\, 1-\\varepsilon,\\, 1+\\varepsilon\\right)$"", ""$\\frac{ \\pi_{\\theta} (y_{i,t} | x, y_{i,<t}) }{ \\pi_{\\mathrm{ref}} (y_{i,t} | x,y_{i,<t})}$""]","According to the paper ""Group Sequence Policy Optimization"", the importance weight used in GRPO to weight tokens in a response is $\frac{ \pi_{\theta} (y_{i,t} | x, y_{i,<t}) }{ \pi_{\theta_\text{old}} (y_{i,t} | x,y_{i,<t})}$","In GRPO, the tokens are weighted according to their respective ``importance weight'' $\frac{ \pi_{\theta} (y_{i,t} | x, y_{i,<t}) }{ \pi_{\theta_\text{old}} (y_{i,t} | x,y_{i,<t})}$.",Algorithm,"Question: Which city is the capital of France?
(A) Paris
(B) Berlin
(C) Madrid
(D) Rome
(E) Lisbon
Answer: (A)

Question: Which planet is the largest in the Solar System?
(A) Earth
(B) Jupiter
(C) Saturn
(D) Venus
(E) Mars
Answer: (B)

Question: What is the chemical formula for water?
(A) CO2
(B) O2
(C) H2O
(D) NaCl
(E) CH4
Answer: (C)

Question: What process do plants use to convert sunlight into chemical energy?
(A) Respiration
(B) Fermentation
(C) Evaporation
(D) Photosynthesis
(E) Condensation
Answer: (D)

Question: What is the primary function of red blood cells?
(A) Transmit nerve signals
(B) Produce bile
(C) Filter lymph
(D) Digest proteins
(E) Carry oxygen
Answer: (E)

Question: According to the paper ""Group Sequence Policy Optimization"", the importance weight used in GRPO to weight tokens in a response is
(A) $\frac{ \pi_{\theta} (y_i | x) }{ \pi_{\theta_\text{old}} (y_i | x)}$
(B) $\operatorname{clip}\!\left(\frac{ \pi_{\theta} (y_{i,t} | x, y_{i,<t}) }{ \pi_{\theta_\text{old}} (y_{i,t} | x,y_{i,<t})},\, 1-\varepsilon,\, 1+\varepsilon\right)$
(C) $\frac{ \pi_{\theta} (y_{i,t} | x, y_{i,<t}) }{ \pi_{\theta_\text{old}} (y_{i,t} | x,y_{i,<t})}$
(D) $\left( \frac{ \pi_{\theta} (y_i | x) }{ \pi_{\theta_\text{old}} (y_i | x)} \right)^{\frac{1}{|y_i|}}$
(E) $\frac{ \pi_{\theta} (y_{i,t} | x, y_{i,<t}) }{ \pi_{\mathrm{ref}} (y_{i,t} | x,y_{i,<t})}$"
"According to the paper ""Group Sequence Policy Optimization"", in the derived gradient of GSPO-token, the sampled sequences $\{y_i\}_{i=1}^G$ are drawn in the expectation over $x \sim \mathcal{D}$ from",$\pi_{\theta_\text{old}}( \cdot | x)$.,(C),"According to the paper ""Group Sequence Policy Optimization"", in the derived gradient of GSPO-token, the sampled sequences $\{y_i\}_{i=1}^G$ are drawn in the expectation over $x \sim \mathcal{D}$ from
(A) $\pi_{\theta}( \cdot | x)$
(B) $\pi_{\theta}( y_{i,t} | x, y_{i,<t})$
(C) $\pi_{\theta_\text{old}}( \cdot | x)$.
(D) $\pi_{\theta_\text{old}}( \cdot | x, y_{i,<t})$
(E) $\pi_{\mathrm{ref}}( \cdot | x)$",$\pi_{\theta}( \cdot | x)$,"$\pi_{\theta}( y_{i,t} | x, y_{i,<t})$",$\pi_{\theta_\text{old}}( \cdot | x)$.,"$\pi_{\theta_\text{old}}( \cdot | x, y_{i,<t})$",$\pi_{\mathrm{ref}}( \cdot | x)$,"[""$\\pi_{\\theta}( \\cdot | x)$"", ""$\\pi_{\\theta_\\text{old}}( \\cdot | x, y_{i,<t})$"", ""$\\pi_{\\theta}( y_{i,t} | x, y_{i,<t})$"", ""$\\pi_{\\mathrm{ref}}( \\cdot | x)$""]","According to the paper ""Group Sequence Policy Optimization"", in the derived gradient of GSPO-token, the sampled sequences $\{y_i\}_{i=1}^G$ are drawn in the expectation over $x \sim \mathcal{D}$ from $\pi_{\theta_\text{old}}( \cdot | x)$.","The gradient of GSPO-token can be derived as:

\begin{align}
\nabla_{\theta} \mathcal{J}_\text{GSPO-token}(\theta)
=&\ 
\nabla_{\theta} \mathbb{E}_{ x \sim \mathcal{D},\, \{y_i\}_{i=1}^G \sim \pi_{\theta_\text{old}}( \cdot | x) }
\left[ 
\frac{1}{G} \sum_{i=1}^{G}
\frac{1}{|y_i|} \sum_{t=1}^{|y_i|} 
s_{i,t}(\theta) \widehat{A}_{i,t}
\right] \\
=&\ 
\mathbb{E}_{ x \sim \mathcal{D},\, \{y_i\}_{i=1}^G \sim \pi_{\theta_\text{old}}( \cdot | x) }
\left[ 
\frac{1}{G} \sum_{i=1}^{G} s_i (\theta) \cdot \frac{1}{|y_i|} \sum_{t=1}^{|y_i|} 
\widehat{A}_{i,t} \frac{ \nabla_{\theta} \pi_{\theta} (y_{i,t} | x, y_{i,<t}) }{ \pi_{\theta} (y_{i,t} | x, y_{i,<t}) }
\right] \\
=&\ 
\mathbb{E}_{ x \sim \mathcal{D},\, \{y_i\}_{i=1}^G \sim \pi_{\theta_\text{old}}( \cdot | x) }
\left[ 
\frac{1}{G} \sum_{i=1}^{G}  \left( \frac{ \pi_{\theta} (y_i | x) }{ \pi_{\theta_\text{old}} (y_i | x)} \right)^{\frac{1}{|y_i|}}
\cdot \frac{1}{|y_i|} \sum_{t=1}^{|y_i|}
\widehat{A}_{i,t} \nabla_{\theta} \log \pi_{\theta} (y_{i,t} | x, y_{i,<t})  
\right].
\label{equ:gspo-token_grad}
\end{align}",Algorithm,"Question: Which city is the capital of France?
(A) Paris
(B) Berlin
(C) Madrid
(D) Rome
(E) Lisbon
Answer: (A)

Question: Which planet is the largest in the Solar System?
(A) Earth
(B) Jupiter
(C) Saturn
(D) Venus
(E) Mars
Answer: (B)

Question: What is the chemical formula for water?
(A) CO2
(B) O2
(C) H2O
(D) NaCl
(E) CH4
Answer: (C)

Question: What process do plants use to convert sunlight into chemical energy?
(A) Respiration
(B) Fermentation
(C) Evaporation
(D) Photosynthesis
(E) Condensation
Answer: (D)

Question: What is the primary function of red blood cells?
(A) Transmit nerve signals
(B) Produce bile
(C) Filter lymph
(D) Digest proteins
(E) Carry oxygen
Answer: (E)

Question: According to the paper ""Group Sequence Policy Optimization"", in the derived gradient of GSPO-token, the sampled sequences $\{y_i\}_{i=1}^G$ are drawn in the expectation over $x \sim \mathcal{D}$ from
(A) $\pi_{\theta}( \cdot | x)$
(B) $\pi_{\theta}( y_{i,t} | x, y_{i,<t})$
(C) $\pi_{\theta_\text{old}}( \cdot | x)$.
(D) $\pi_{\theta_\text{old}}( \cdot | x, y_{i,<t})$
(E) $\pi_{\mathrm{ref}}( \cdot | x)$"
"According to the paper ""Group Sequence Policy Optimization"", in the final line of the GSPO-token gradient derivation in Equation \eqref{equ:gspo-token_grad}, the expression multiplied by $\widehat{A}_{i,t}$ inside the token-level sum over $t$ is","\nabla_{\theta} \log \pi_{\theta} (y_{i,t} | x, y_{i,<t})",(A),"According to the paper ""Group Sequence Policy Optimization"", in the final line of the GSPO-token gradient derivation in Equation \eqref{equ:gspo-token_grad}, the expression multiplied by $\widehat{A}_{i,t}$ inside the token-level sum over $t$ is
(A) \nabla_{\theta} \log \pi_{\theta} (y_{i,t} | x, y_{i,<t})
(B) \frac{ \nabla_{\theta} \pi_{\theta} (y_{i,t} | x, y_{i,<t}) }{ \pi_{\theta_\text{old}} (y_{i,t} | x, y_{i,<t}) }
(C) \nabla_{\theta} \log \pi_{\theta_\text{old}} (y_{i,t} | x, y_{i,<t})
(D) \nabla_{\theta} \log s_{i,t}(\theta)
(E) \nabla_{\theta} \log \pi_{\theta} (y_i | x)","\nabla_{\theta} \log \pi_{\theta} (y_{i,t} | x, y_{i,<t})","\frac{ \nabla_{\theta} \pi_{\theta} (y_{i,t} | x, y_{i,<t}) }{ \pi_{\theta_\text{old}} (y_{i,t} | x, y_{i,<t}) }","\nabla_{\theta} \log \pi_{\theta_\text{old}} (y_{i,t} | x, y_{i,<t})","\nabla_{\theta} \log s_{i,t}(\theta)",\nabla_{\theta} \log \pi_{\theta} (y_i | x),"[""\\frac{ \\nabla_{\\theta} \\pi_{\\theta} (y_{i,t} | x, y_{i,<t}) }{ \\pi_{\\theta_\\text{old}} (y_{i,t} | x, y_{i,<t}) }"", ""\\nabla_{\\theta} \\log \\pi_{\\theta_\\text{old}} (y_{i,t} | x, y_{i,<t})"", ""\\nabla_{\\theta} \\log \\pi_{\\theta} (y_i | x)"", ""\\nabla_{\\theta} \\log s_{i,t}(\\theta)""]","According to the paper ""Group Sequence Policy Optimization"", in the final line of the GSPO-token gradient derivation in Equation \eqref{equ:gspo-token_grad}, the expression multiplied by $\widehat{A}_{i,t}$ inside the token-level sum over $t$ is \nabla_{\theta} \log \pi_{\theta} (y_{i,t} | x, y_{i,<t})","The gradient of GSPO-token can be derived as:

\begin{align}
\nabla_{\theta} \mathcal{J}_\text{GSPO-token}(\theta)
=&\ 
\nabla_{\theta} \mathbb{E}_{ x \sim \mathcal{D},\, \{y_i\}_{i=1}^G \sim \pi_{\theta_\text{old}}( \cdot | x) }
\left[ 
\frac{1}{G} \sum_{i=1}^{G}
\frac{1}{|y_i|} \sum_{t=1}^{|y_i|} 
s_{i,t}(\theta) \widehat{A}_{i,t}
\right] \\
=&\ 
\mathbb{E}_{ x \sim \mathcal{D},\, \{y_i\}_{i=1}^G \sim \pi_{\theta_\text{old}}( \cdot | x) }
\left[ 
\frac{1}{G} \sum_{i=1}^{G} s_i (\theta) \cdot \frac{1}{|y_i|} \sum_{t=1}^{|y_i|} 
\widehat{A}_{i,t} \frac{ \nabla_{\theta} \pi_{\theta} (y_{i,t} | x, y_{i,<t}) }{ \pi_{\theta} (y_{i,t} | x, y_{i,<t}) }
\right] \\
=&\ 
\mathbb{E}_{ x \sim \mathcal{D},\, \{y_i\}_{i=1}^G \sim \pi_{\theta_\text{old}}( \cdot | x) }
\left[ 
\frac{1}{G} \sum_{i=1}^{G}  \left( \frac{ \pi_{\theta} (y_i | x) }{ \pi_{\theta_\text{old}} (y_i | x)} \right)^{\frac{1}{|y_i|}}
\cdot \frac{1}{|y_i|} \sum_{t=1}^{|y_i|}
\widehat{A}_{i,t} \nabla_{\theta} \log \pi_{\theta} (y_{i,t} | x, y_{i,<t})  
\right].
\label{equ:gspo-token_grad}
\end{align}",Algorithm,"Question: Which city is the capital of France?
(A) Paris
(B) Berlin
(C) Madrid
(D) Rome
(E) Lisbon
Answer: (A)

Question: Which planet is the largest in the Solar System?
(A) Earth
(B) Jupiter
(C) Saturn
(D) Venus
(E) Mars
Answer: (B)

Question: What is the chemical formula for water?
(A) CO2
(B) O2
(C) H2O
(D) NaCl
(E) CH4
Answer: (C)

Question: What process do plants use to convert sunlight into chemical energy?
(A) Respiration
(B) Fermentation
(C) Evaporation
(D) Photosynthesis
(E) Condensation
Answer: (D)

Question: What is the primary function of red blood cells?
(A) Transmit nerve signals
(B) Produce bile
(C) Filter lymph
(D) Digest proteins
(E) Carry oxygen
Answer: (E)

Question: According to the paper ""Group Sequence Policy Optimization"", in the final line of the GSPO-token gradient derivation in Equation \eqref{equ:gspo-token_grad}, the expression multiplied by $\widehat{A}_{i,t}$ inside the token-level sum over $t$ is
(A) \nabla_{\theta} \log \pi_{\theta} (y_{i,t} | x, y_{i,<t})
(B) \frac{ \nabla_{\theta} \pi_{\theta} (y_{i,t} | x, y_{i,<t}) }{ \pi_{\theta_\text{old}} (y_{i,t} | x, y_{i,<t}) }
(C) \nabla_{\theta} \log \pi_{\theta_\text{old}} (y_{i,t} | x, y_{i,<t})
(D) \nabla_{\theta} \log s_{i,t}(\theta)
(E) \nabla_{\theta} \log \pi_{\theta} (y_i | x)"
"According to the paper ""Group Sequence Policy Optimization"", GSPO-token and GSPO are numerically identical in the optimization objective, clipping condition, and theoretical gradient when comparing Equation~\eqref{equ:gspo} with Equation~\eqref{equ:gspo-token} and Equation~\eqref{equ:gspo_grad} with Equation~\eqref{equ:gspo-token_grad} under the condition that sets",the advantages of all the tokens in the response $y_i$ to the same value,(B),"According to the paper ""Group Sequence Policy Optimization"", GSPO-token and GSPO are numerically identical in the optimization objective, clipping condition, and theoretical gradient when comparing Equation~\eqref{equ:gspo} with Equation~\eqref{equ:gspo-token} and Equation~\eqref{equ:gspo_grad} with Equation~\eqref{equ:gspo-token_grad} under the condition that sets
(A) the stop-gradient-normalized token probability terms in the response $y_i$ to a numerical value of 1
(B) the advantages of all the tokens in the response $y_i$ to the same value
(C) the clipping thresholds for all the tokens in the response $y_i$ to the same value
(D) the token-level importance weights $s_{i,t}(\theta)$ in the response $y_i$ equal to the sequence-level ratio $s_i(\theta)$
(E) the KL-regularization coefficient for all the tokens in the response $y_i$ to zero",the stop-gradient-normalized token probability terms in the response $y_i$ to a numerical value of 1,the advantages of all the tokens in the response $y_i$ to the same value,the clipping thresholds for all the tokens in the response $y_i$ to the same value,"the token-level importance weights $s_{i,t}(\theta)$ in the response $y_i$ equal to the sequence-level ratio $s_i(\theta)$",the KL-regularization coefficient for all the tokens in the response $y_i$ to zero,"[""the token-level importance weights $s_{i,t}(\\theta)$ in the response $y_i$ equal to the sequence-level ratio $s_i(\\theta)$"", ""the stop-gradient-normalized token probability terms in the response $y_i$ to a numerical value of 1"", ""the clipping thresholds for all the tokens in the response $y_i$ to the same value"", ""the KL-regularization coefficient for all the tokens in the response $y_i$ to zero""]","According to the paper ""Group Sequence Policy Optimization"", GSPO-token and GSPO are numerically identical in the optimization objective, clipping condition, and theoretical gradient when comparing Equation~\eqref{equ:gspo} with Equation~\eqref{equ:gspo-token} and Equation~\eqref{equ:gspo_grad} with Equation~\eqref{equ:gspo-token_grad} under the condition that sets the advantages of all the tokens in the response $y_i$ to the same value","Comparing Equation~\eqref{equ:gspo} and~\eqref{equ:gspo-token}, and Equation~\eqref{equ:gspo_grad} and~\eqref{equ:gspo-token_grad}, GSPO-token and GSPO are numerically identical in the optimization objective, clipping condition, and theoretical gradient when we set the advantages of all the tokens in the response $y_i$ to the same value (i.e., $\widehat{A}_{i,t} = \widehat{A}_{i}$), while GSPO-token enjoys the higher flexibility of adjusting the advantages per token.",Algorithm,"Question: Which city is the capital of France?
(A) Paris
(B) Berlin
(C) Madrid
(D) Rome
(E) Lisbon
Answer: (A)

Question: Which planet is the largest in the Solar System?
(A) Earth
(B) Jupiter
(C) Saturn
(D) Venus
(E) Mars
Answer: (B)

Question: What is the chemical formula for water?
(A) CO2
(B) O2
(C) H2O
(D) NaCl
(E) CH4
Answer: (C)

Question: What process do plants use to convert sunlight into chemical energy?
(A) Respiration
(B) Fermentation
(C) Evaporation
(D) Photosynthesis
(E) Condensation
Answer: (D)

Question: What is the primary function of red blood cells?
(A) Transmit nerve signals
(B) Produce bile
(C) Filter lymph
(D) Digest proteins
(E) Carry oxygen
Answer: (E)

Question: According to the paper ""Group Sequence Policy Optimization"", GSPO-token and GSPO are numerically identical in the optimization objective, clipping condition, and theoretical gradient when comparing Equation~\eqref{equ:gspo} with Equation~\eqref{equ:gspo-token} and Equation~\eqref{equ:gspo_grad} with Equation~\eqref{equ:gspo-token_grad} under the condition that sets
(A) the stop-gradient-normalized token probability terms in the response $y_i$ to a numerical value of 1
(B) the advantages of all the tokens in the response $y_i$ to the same value
(C) the clipping thresholds for all the tokens in the response $y_i$ to the same value
(D) the token-level importance weights $s_{i,t}(\theta)$ in the response $y_i$ equal to the sequence-level ratio $s_i(\theta)$
(E) the KL-regularization coefficient for all the tokens in the response $y_i$ to zero"
"According to the paper ""Group Sequence Policy Optimization"", in GRPO, when $\widehat{A}_{i} > 0$, the token importance weights $\frac{ \pi_{\theta} (y_{i,t} | x, y_{i,<t}) }{ \pi_{\theta_\text{old}} (y_{i,t} | x,y_{i,<t})}$ can vary within","$(0, 1+\varepsilon]$.",(B),"According to the paper ""Group Sequence Policy Optimization"", in GRPO, when $\widehat{A}_{i} > 0$, the token importance weights $\frac{ \pi_{\theta} (y_{i,t} | x, y_{i,<t}) }{ \pi_{\theta_\text{old}} (y_{i,t} | x,y_{i,<t})}$ can vary within
(A) $[1-\varepsilon, +\infty)$.
(B) $(0, 1+\varepsilon]$.
(C) $(0, +\infty)$.
(D) $(1-\varepsilon, 1+\varepsilon]$.
(E) $[1-\varepsilon, 1+\varepsilon]$.","$[1-\varepsilon, +\infty)$.","$(0, 1+\varepsilon]$.","$(0, +\infty)$.","$(1-\varepsilon, 1+\varepsilon]$.","$[1-\varepsilon, 1+\varepsilon]$.","[""$[1-\\varepsilon, +\\infty)$."", ""$[1-\\varepsilon, 1+\\varepsilon]$."", ""$(0, +\\infty)$."", ""$(1-\\varepsilon, 1+\\varepsilon]$.""]","According to the paper ""Group Sequence Policy Optimization"", in GRPO, when $\widehat{A}_{i} > 0$, the token importance weights $\frac{ \pi_{\theta} (y_{i,t} | x, y_{i,<t}) }{ \pi_{\theta_\text{old}} (y_{i,t} | x,y_{i,<t})}$ can vary within $(0, 1+\varepsilon]$.","However, these unequal weights, which can vary among $(0, 1+\varepsilon]$ (for $\widehat{A}_{i} >0$) or $[1-\varepsilon, +\infty)$ (for $\widehat{A}_{i} < 0$), are not negligible, and their impact can accumulate and lead to unpredictable consequences as training progresses.",Algorithm,"Question: Which city is the capital of France?
(A) Paris
(B) Berlin
(C) Madrid
(D) Rome
(E) Lisbon
Answer: (A)

Question: Which planet is the largest in the Solar System?
(A) Earth
(B) Jupiter
(C) Saturn
(D) Venus
(E) Mars
Answer: (B)

Question: What is the chemical formula for water?
(A) CO2
(B) O2
(C) H2O
(D) NaCl
(E) CH4
Answer: (C)

Question: What process do plants use to convert sunlight into chemical energy?
(A) Respiration
(B) Fermentation
(C) Evaporation
(D) Photosynthesis
(E) Condensation
Answer: (D)

Question: What is the primary function of red blood cells?
(A) Transmit nerve signals
(B) Produce bile
(C) Filter lymph
(D) Digest proteins
(E) Carry oxygen
Answer: (E)

Question: According to the paper ""Group Sequence Policy Optimization"", in GRPO, when $\widehat{A}_{i} > 0$, the token importance weights $\frac{ \pi_{\theta} (y_{i,t} | x, y_{i,<t}) }{ \pi_{\theta_\text{old}} (y_{i,t} | x,y_{i,<t})}$ can vary within
(A) $[1-\varepsilon, +\infty)$.
(B) $(0, 1+\varepsilon]$.
(C) $(0, +\infty)$.
(D) $(1-\varepsilon, 1+\varepsilon]$.
(E) $[1-\varepsilon, 1+\varepsilon]$."
"According to the paper ""Group Sequence Policy Optimization"", the fundamental distinction between GSPO and GRPO lies in",how they weight the gradients of the log likelihoods of tokens.,(E),"According to the paper ""Group Sequence Policy Optimization"", the fundamental distinction between GSPO and GRPO lies in
(A) whether they compute the advantage at the sequence level or separately for each token.
(B) whether they include an explicit KL-divergence penalty against a reference policy.
(C) how they clip the PPO-style surrogate objective using the importance ratio.
(D) how they normalize rewards by response length before taking the policy gradient.
(E) how they weight the gradients of the log likelihoods of tokens.",whether they compute the advantage at the sequence level or separately for each token.,whether they include an explicit KL-divergence penalty against a reference policy.,how they clip the PPO-style surrogate objective using the importance ratio.,how they normalize rewards by response length before taking the policy gradient.,how they weight the gradients of the log likelihoods of tokens.,"[""whether they compute the advantage at the sequence level or separately for each token."", ""how they normalize rewards by response length before taking the policy gradient."", ""how they clip the PPO-style surrogate objective using the importance ratio."", ""whether they include an explicit KL-divergence penalty against a reference policy.""]","According to the paper ""Group Sequence Policy Optimization"", the fundamental distinction between GSPO and GRPO lies in how they weight the gradients of the log likelihoods of tokens.","Therefore, the fundamental distinction between GSPO and GRPO lies in \textit{how they weight the gradients of the log likelihoods of tokens}.",Algorithm,"Question: Which city is the capital of France?
(A) Paris
(B) Berlin
(C) Madrid
(D) Rome
(E) Lisbon
Answer: (A)

Question: Which planet is the largest in the Solar System?
(A) Earth
(B) Jupiter
(C) Saturn
(D) Venus
(E) Mars
Answer: (B)

Question: What is the chemical formula for water?
(A) CO2
(B) O2
(C) H2O
(D) NaCl
(E) CH4
Answer: (C)

Question: What process do plants use to convert sunlight into chemical energy?
(A) Respiration
(B) Fermentation
(C) Evaporation
(D) Photosynthesis
(E) Condensation
Answer: (D)

Question: What is the primary function of red blood cells?
(A) Transmit nerve signals
(B) Produce bile
(C) Filter lymph
(D) Digest proteins
(E) Carry oxygen
Answer: (E)

Question: According to the paper ""Group Sequence Policy Optimization"", the fundamental distinction between GSPO and GRPO lies in
(A) whether they compute the advantage at the sequence level or separately for each token.
(B) whether they include an explicit KL-divergence penalty against a reference policy.
(C) how they clip the PPO-style surrogate objective using the importance ratio.
(D) how they normalize rewards by response length before taking the policy gradient.
(E) how they weight the gradients of the log likelihoods of tokens."
"According to the paper ""Group Sequence Policy Optimization"", the authors report training reward curves and model performance curves for a cold-start model fine-tuned from Qwen3-30B-A3B-Base on several benchmarks. The competitive programming benchmark evaluated using the Elo Rating metric is",CodeForces.,(E),"According to the paper ""Group Sequence Policy Optimization"", the authors report training reward curves and model performance curves for a cold-start model fine-tuned from Qwen3-30B-A3B-Base on several benchmarks. The competitive programming benchmark evaluated using the Elo Rating metric is
(A) LiveCodeBench.
(B) CodeContests.
(C) AIME'24.
(D) APPS.
(E) CodeForces.",LiveCodeBench.,CodeContests.,AIME'24.,APPS.,CodeForces.,"[""LiveCodeBench."", ""AIME'24."", ""CodeContests."", ""APPS.""]","According to the paper ""Group Sequence Policy Optimization"", the authors report training reward curves and model performance curves for a cold-start model fine-tuned from Qwen3-30B-A3B-Base on several benchmarks. The competitive programming benchmark evaluated using the Elo Rating metric is CodeForces.","We experiment with a cold-start model fine-tuned from Qwen3-30B-A3B-Base, and report the training reward curves as well as the model performance curves on the AIME'24 (average Pass@1 over 32 samplings), LiveCodeBench (202410-202502, average Pass@1 over 8 samplings), and CodeForces (Elo Rating) benchmarks.",Experiments and Discussion,"Question: Which city is the capital of France?
(A) Paris
(B) Berlin
(C) Madrid
(D) Rome
(E) Lisbon
Answer: (A)

Question: Which planet is the largest in the Solar System?
(A) Earth
(B) Jupiter
(C) Saturn
(D) Venus
(E) Mars
Answer: (B)

Question: What is the chemical formula for water?
(A) CO2
(B) O2
(C) H2O
(D) NaCl
(E) CH4
Answer: (C)

Question: What process do plants use to convert sunlight into chemical energy?
(A) Respiration
(B) Fermentation
(C) Evaporation
(D) Photosynthesis
(E) Condensation
Answer: (D)

Question: What is the primary function of red blood cells?
(A) Transmit nerve signals
(B) Produce bile
(C) Filter lymph
(D) Digest proteins
(E) Carry oxygen
Answer: (E)

Question: According to the paper ""Group Sequence Policy Optimization"", the authors report training reward curves and model performance curves for a cold-start model fine-tuned from Qwen3-30B-A3B-Base on several benchmarks. The competitive programming benchmark evaluated using the Elo Rating metric is
(A) LiveCodeBench.
(B) CodeContests.
(C) AIME'24.
(D) APPS.
(E) CodeForces."
"According to the paper ""Group Sequence Policy Optimization"", GSPO and GRPO differ fundamentally in how they weight the gradients of",the log likelihoods of tokens.,(A),"According to the paper ""Group Sequence Policy Optimization"", GSPO and GRPO differ fundamentally in how they weight the gradients of
(A) the log likelihoods of tokens.
(B) the advantage estimates of complete responses.
(C) the policy probabilities of sampled sequences.
(D) the KL penalties of generated responses.
(E) the importance ratios of individual tokens.",the log likelihoods of tokens.,the advantage estimates of complete responses.,the policy probabilities of sampled sequences.,the KL penalties of generated responses.,the importance ratios of individual tokens.,"[""the importance ratios of individual tokens."", ""the advantage estimates of complete responses."", ""the policy probabilities of sampled sequences."", ""the KL penalties of generated responses.""]","According to the paper ""Group Sequence Policy Optimization"", GSPO and GRPO differ fundamentally in how they weight the gradients of the log likelihoods of tokens.","Therefore, the fundamental distinction between GSPO and GRPO lies in \textit{how they weight the gradients of the log likelihoods of tokens}.",Algorithm,"Question: Which city is the capital of France?
(A) Paris
(B) Berlin
(C) Madrid
(D) Rome
(E) Lisbon
Answer: (A)

Question: Which planet is the largest in the Solar System?
(A) Earth
(B) Jupiter
(C) Saturn
(D) Venus
(E) Mars
Answer: (B)

Question: What is the chemical formula for water?
(A) CO2
(B) O2
(C) H2O
(D) NaCl
(E) CH4
Answer: (C)

Question: What process do plants use to convert sunlight into chemical energy?
(A) Respiration
(B) Fermentation
(C) Evaporation
(D) Photosynthesis
(E) Condensation
Answer: (D)

Question: What is the primary function of red blood cells?
(A) Transmit nerve signals
(B) Produce bile
(C) Filter lymph
(D) Digest proteins
(E) Carry oxygen
Answer: (E)

Question: According to the paper ""Group Sequence Policy Optimization"", GSPO and GRPO differ fundamentally in how they weight the gradients of
(A) the log likelihoods of tokens.
(B) the advantage estimates of complete responses.
(C) the policy probabilities of sampled sequences.
(D) the KL penalties of generated responses.
(E) the importance ratios of individual tokens."
"According to the paper ""Group Sequence Policy Optimization"", during RL training, each batch of rollout data is partitioned for gradient updates into",four mini-batches.,(D),"According to the paper ""Group Sequence Policy Optimization"", during RL training, each batch of rollout data is partitioned for gradient updates into
(A) sixteen mini-batches.
(B) thirty-two mini-batches.
(C) two mini-batches.
(D) four mini-batches.
(E) eight mini-batches.",sixteen mini-batches.,thirty-two mini-batches.,two mini-batches.,four mini-batches.,eight mini-batches.,"[""two mini-batches."", ""eight mini-batches."", ""sixteen mini-batches."", ""thirty-two mini-batches.""]","According to the paper ""Group Sequence Policy Optimization"", during RL training, each batch of rollout data is partitioned for gradient updates into four mini-batches.","During the RL training, each batch of rollout data is partitioned into four mini-batches for gradient updates.",Experiments and Discussion,"Question: Which city is the capital of France?
(A) Paris
(B) Berlin
(C) Madrid
(D) Rome
(E) Lisbon
Answer: (A)

Question: Which planet is the largest in the Solar System?
(A) Earth
(B) Jupiter
(C) Saturn
(D) Venus
(E) Mars
Answer: (B)

Question: What is the chemical formula for water?
(A) CO2
(B) O2
(C) H2O
(D) NaCl
(E) CH4
Answer: (C)

Question: What process do plants use to convert sunlight into chemical energy?
(A) Respiration
(B) Fermentation
(C) Evaporation
(D) Photosynthesis
(E) Condensation
Answer: (D)

Question: What is the primary function of red blood cells?
(A) Transmit nerve signals
(B) Produce bile
(C) Filter lymph
(D) Digest proteins
(E) Carry oxygen
Answer: (E)

Question: According to the paper ""Group Sequence Policy Optimization"", during RL training, each batch of rollout data is partitioned for gradient updates into
(A) sixteen mini-batches.
(B) thirty-two mini-batches.
(C) two mini-batches.
(D) four mini-batches.
(E) eight mini-batches."
"According to the paper ""Group Sequence Policy Optimization"", in the GSPO setting described for the RL training experiments, the right clipping range set in Equation~\eqref{equ:gspo} is",4e-4.,(C),"According to the paper ""Group Sequence Policy Optimization"", in the GSPO setting described for the RL training experiments, the right clipping range set in Equation~\eqref{equ:gspo} is
(A) 3e-4.
(B) 0.27.
(C) 4e-4.
(D) 0.2.
(E) 5e-4.",3e-4.,0.27.,4e-4.,0.2.,5e-4.,"[""3e-4."", ""0.27."", ""0.2."", ""5e-4.""]","According to the paper ""Group Sequence Policy Optimization"", in the GSPO setting described for the RL training experiments, the right clipping range set in Equation~\eqref{equ:gspo} is 4e-4.","In GSPO, we set the left and right clipping ranges in Equation~\eqref{equ:gspo} to 3e-4 and 4e-4, respectively.",Experiments and Discussion,"Question: Which city is the capital of France?
(A) Paris
(B) Berlin
(C) Madrid
(D) Rome
(E) Lisbon
Answer: (A)

Question: Which planet is the largest in the Solar System?
(A) Earth
(B) Jupiter
(C) Saturn
(D) Venus
(E) Mars
Answer: (B)

Question: What is the chemical formula for water?
(A) CO2
(B) O2
(C) H2O
(D) NaCl
(E) CH4
Answer: (C)

Question: What process do plants use to convert sunlight into chemical energy?
(A) Respiration
(B) Fermentation
(C) Evaporation
(D) Photosynthesis
(E) Condensation
Answer: (D)

Question: What is the primary function of red blood cells?
(A) Transmit nerve signals
(B) Produce bile
(C) Filter lymph
(D) Digest proteins
(E) Carry oxygen
Answer: (E)

Question: According to the paper ""Group Sequence Policy Optimization"", in the GSPO setting described for the RL training experiments, the right clipping range set in Equation~\eqref{equ:gspo} is
(A) 3e-4.
(B) 0.27.
(C) 4e-4.
(D) 0.2.
(E) 5e-4."
"According to the paper ""Group Sequence Policy Optimization"", the left clipping range set by the authors for GSPO in Equation~\eqref{equ:gspo} is",3e-4.,(E),"According to the paper ""Group Sequence Policy Optimization"", the left clipping range set by the authors for GSPO in Equation~\eqref{equ:gspo} is
(A) 2e-4.
(B) 1e-4.
(C) 0.2.
(D) 4e-4.
(E) 3e-4.",2e-4.,1e-4.,0.2.,4e-4.,3e-4.,"[""4e-4."", ""0.2."", ""2e-4."", ""1e-4.""]","According to the paper ""Group Sequence Policy Optimization"", the left clipping range set by the authors for GSPO in Equation~\eqref{equ:gspo} is 3e-4.","In GSPO, we set the left and right clipping ranges in Equation~\eqref{equ:gspo} to 3e-4 and 4e-4, respectively.",Experiments and Discussion,"Question: Which city is the capital of France?
(A) Paris
(B) Berlin
(C) Madrid
(D) Rome
(E) Lisbon
Answer: (A)

Question: Which planet is the largest in the Solar System?
(A) Earth
(B) Jupiter
(C) Saturn
(D) Venus
(E) Mars
Answer: (B)

Question: What is the chemical formula for water?
(A) CO2
(B) O2
(C) H2O
(D) NaCl
(E) CH4
Answer: (C)

Question: What process do plants use to convert sunlight into chemical energy?
(A) Respiration
(B) Fermentation
(C) Evaporation
(D) Photosynthesis
(E) Condensation
Answer: (D)

Question: What is the primary function of red blood cells?
(A) Transmit nerve signals
(B) Produce bile
(C) Filter lymph
(D) Digest proteins
(E) Carry oxygen
Answer: (E)

Question: According to the paper ""Group Sequence Policy Optimization"", the left clipping range set by the authors for GSPO in Equation~\eqref{equ:gspo} is
(A) 2e-4.
(B) 1e-4.
(C) 0.2.
(D) 4e-4.
(E) 3e-4."
"According to the paper ""Group Sequence Policy Optimization"", besides increasing the training compute and regularly updating the query set, GSPO can continue to improve performance by extending",the generation length,(C),"According to the paper ""Group Sequence Policy Optimization"", besides increasing the training compute and regularly updating the query set, GSPO can continue to improve performance by extending
(A) the rollout batch size
(B) the clipping ranges
(C) the generation length
(D) the number of gradient updates
(E) the context window length",the rollout batch size,the clipping ranges,the generation length,the number of gradient updates,the context window length,"[""the clipping ranges"", ""the rollout batch size"", ""the context window length"", ""the number of gradient updates""]","According to the paper ""Group Sequence Policy Optimization"", besides increasing the training compute and regularly updating the query set, GSPO can continue to improve performance by extending the generation length","We observe that \textbf{GSPO can deliver continuous performance improvement through increasing the training compute, regularly updating the query set, and extending the generation length}.",Experiments and Discussion,"Question: Which city is the capital of France?
(A) Paris
(B) Berlin
(C) Madrid
(D) Rome
(E) Lisbon
Answer: (A)

Question: Which planet is the largest in the Solar System?
(A) Earth
(B) Jupiter
(C) Saturn
(D) Venus
(E) Mars
Answer: (B)

Question: What is the chemical formula for water?
(A) CO2
(B) O2
(C) H2O
(D) NaCl
(E) CH4
Answer: (C)

Question: What process do plants use to convert sunlight into chemical energy?
(A) Respiration
(B) Fermentation
(C) Evaporation
(D) Photosynthesis
(E) Condensation
Answer: (D)

Question: What is the primary function of red blood cells?
(A) Transmit nerve signals
(B) Produce bile
(C) Filter lymph
(D) Digest proteins
(E) Carry oxygen
Answer: (E)

Question: According to the paper ""Group Sequence Policy Optimization"", besides increasing the training compute and regularly updating the query set, GSPO can continue to improve performance by extending
(A) the rollout batch size
(B) the clipping ranges
(C) the generation length
(D) the number of gradient updates
(E) the context window length"
"According to the paper ""Group Sequence Policy Optimization"", in the definition of the token-level objective variant GSPO-token, the notation $\mathrm{sg}[\cdot]$ denotes",only taking the numerical value but stopping the gradient,(D),"According to the paper ""Group Sequence Policy Optimization"", in the definition of the token-level objective variant GSPO-token, the notation $\mathrm{sg}[\cdot]$ denotes
(A) replacing the current token probability with the old-policy probability as a fixed reference
(B) computing the score-function term by taking the logarithm of the probability
(C) clipping the value to the interval \([1-\varepsilon,\,1+\varepsilon]\) before computing gradients
(D) only taking the numerical value but stopping the gradient
(E) taking the numerical value while preserving the gradient through the operation",replacing the current token probability with the old-policy probability as a fixed reference,computing the score-function term by taking the logarithm of the probability,"clipping the value to the interval \([1-\varepsilon,\,1+\varepsilon]\) before computing gradients",only taking the numerical value but stopping the gradient,taking the numerical value while preserving the gradient through the operation,"[""taking the numerical value while preserving the gradient through the operation"", ""clipping the value to the interval \\([1-\\varepsilon,\\,1+\\varepsilon]\\) before computing gradients"", ""replacing the current token probability with the old-policy probability as a fixed reference"", ""computing the score-function term by taking the logarithm of the probability""]","According to the paper ""Group Sequence Policy Optimization"", in the definition of the token-level objective variant GSPO-token, the notation $\mathrm{sg}[\cdot]$ denotes only taking the numerical value but stopping the gradient","To this end, we introduce a token-level objective variant of GSPO, namely \textbf{GSPO-token}, to allow token-wise advantage customization:

\begin{align}
\mathcal{J}_\text{GSPO-token}(\theta)
=
\mathbb{E}_{ x \sim \mathcal{D},\, \{y_i\}_{i=1}^G \sim \pi_{\theta_\text{old}}( \cdot | x) }
\left[ 
\frac{1}{G} \sum_{i=1}^{G} \frac{1}{|y_i|} \sum_{t=1}^{|y_i|} 
\min \left( s_{i,t}(\theta) \widehat{A}_{i,t},  \, \mathrm{clip} \left( s_{i,t}(\theta), 1 - {\varepsilon}, 1 + {\varepsilon} \right) \widehat{A}_{i,t} \right) 
\right],
\label{equ:gspo-token}
\end{align}

where

\begin{align}
s_{i,t}(\theta) 
= \mathrm{sg} \left[ s_{i}(\theta) \right]  \cdot \frac{ \pi_{\theta} (y_{i,t} | x, y_{i,<t}) }{ \mathrm{sg} \left[ \pi_{\theta} (y_{i,t} | x, y_{i,<t}) \right] },
\end{align}

and $\mathrm{sg}[\cdot]$ denotes only taking the numerical value but stopping the gradient, corresponding to the \texttt{detach} operation in PyTorch.",Algorithm,"Question: Which city is the capital of France?
(A) Paris
(B) Berlin
(C) Madrid
(D) Rome
(E) Lisbon
Answer: (A)

Question: Which planet is the largest in the Solar System?
(A) Earth
(B) Jupiter
(C) Saturn
(D) Venus
(E) Mars
Answer: (B)

Question: What is the chemical formula for water?
(A) CO2
(B) O2
(C) H2O
(D) NaCl
(E) CH4
Answer: (C)

Question: What process do plants use to convert sunlight into chemical energy?
(A) Respiration
(B) Fermentation
(C) Evaporation
(D) Photosynthesis
(E) Condensation
Answer: (D)

Question: What is the primary function of red blood cells?
(A) Transmit nerve signals
(B) Produce bile
(C) Filter lymph
(D) Digest proteins
(E) Carry oxygen
Answer: (E)

Question: According to the paper ""Group Sequence Policy Optimization"", in the definition of the token-level objective variant GSPO-token, the notation $\mathrm{sg}[\cdot]$ denotes
(A) replacing the current token probability with the old-policy probability as a fixed reference
(B) computing the score-function term by taking the logarithm of the probability
(C) clipping the value to the interval \([1-\varepsilon,\,1+\varepsilon]\) before computing gradients
(D) only taking the numerical value but stopping the gradient
(E) taking the numerical value while preserving the gradient through the operation"
"According to the paper ""Group Sequence Policy Optimization"", when comparing against GRPO as the baseline, the right clipping range the authors set in Equation~\eqref{equ:grpo} to ensure a fair comparison is",0.27,(B),"According to the paper ""Group Sequence Policy Optimization"", when comparing against GRPO as the baseline, the right clipping range the authors set in Equation~\eqref{equ:grpo} to ensure a fair comparison is
(A) 4e-4
(B) 0.27
(C) 0.2
(D) 3e-4
(E) 0.3",4e-4,0.27,0.2,3e-4,0.3,"[""0.2"", ""4e-4"", ""3e-4"", ""0.3""]","According to the paper ""Group Sequence Policy Optimization"", when comparing against GRPO as the baseline, the right clipping range the authors set in Equation~\eqref{equ:grpo} to ensure a fair comparison is 0.27","We compare against GRPO as the baseline and set the left and right clipping ranges in Equation~\eqref{equ:grpo} to 0.2 and 0.27, respectively, which we have carefully tuned to ensure a fair comparison.",Experiments and Discussion,"Question: Which city is the capital of France?
(A) Paris
(B) Berlin
(C) Madrid
(D) Rome
(E) Lisbon
Answer: (A)

Question: Which planet is the largest in the Solar System?
(A) Earth
(B) Jupiter
(C) Saturn
(D) Venus
(E) Mars
Answer: (B)

Question: What is the chemical formula for water?
(A) CO2
(B) O2
(C) H2O
(D) NaCl
(E) CH4
Answer: (C)

Question: What process do plants use to convert sunlight into chemical energy?
(A) Respiration
(B) Fermentation
(C) Evaporation
(D) Photosynthesis
(E) Condensation
Answer: (D)

Question: What is the primary function of red blood cells?
(A) Transmit nerve signals
(B) Produce bile
(C) Filter lymph
(D) Digest proteins
(E) Carry oxygen
Answer: (E)

Question: According to the paper ""Group Sequence Policy Optimization"", when comparing against GRPO as the baseline, the right clipping range the authors set in Equation~\eqref{equ:grpo} to ensure a fair comparison is
(A) 4e-4
(B) 0.27
(C) 0.2
(D) 3e-4
(E) 0.3"
"According to the paper ""Group Sequence Policy Optimization"", by increasing the training compute, regularly updating the query set, and extending the generation length, GSPO can deliver",continuous performance improvement.,(E),"According to the paper ""Group Sequence Policy Optimization"", by increasing the training compute, regularly updating the query set, and extending the generation length, GSPO can deliver
(A) stable convergence throughout training.
(B) improved sample efficiency.
(C) better training accuracy and benchmark performance.
(D) superior training efficiency.
(E) continuous performance improvement.",stable convergence throughout training.,improved sample efficiency.,better training accuracy and benchmark performance.,superior training efficiency.,continuous performance improvement.,"[""superior training efficiency."", ""stable convergence throughout training."", ""better training accuracy and benchmark performance."", ""improved sample efficiency.""]","According to the paper ""Group Sequence Policy Optimization"", by increasing the training compute, regularly updating the query set, and extending the generation length, GSPO can deliver continuous performance improvement.","We observe that \textbf{GSPO can deliver continuous performance improvement through increasing the training compute, regularly updating the query set, and extending the generation length}.",Experiments and Discussion,"Question: Which city is the capital of France?
(A) Paris
(B) Berlin
(C) Madrid
(D) Rome
(E) Lisbon
Answer: (A)

Question: Which planet is the largest in the Solar System?
(A) Earth
(B) Jupiter
(C) Saturn
(D) Venus
(E) Mars
Answer: (B)

Question: What is the chemical formula for water?
(A) CO2
(B) O2
(C) H2O
(D) NaCl
(E) CH4
Answer: (C)

Question: What process do plants use to convert sunlight into chemical energy?
(A) Respiration
(B) Fermentation
(C) Evaporation
(D) Photosynthesis
(E) Condensation
Answer: (D)

Question: What is the primary function of red blood cells?
(A) Transmit nerve signals
(B) Produce bile
(C) Filter lymph
(D) Digest proteins
(E) Carry oxygen
Answer: (E)

Question: According to the paper ""Group Sequence Policy Optimization"", by increasing the training compute, regularly updating the query set, and extending the generation length, GSPO can deliver
(A) stable convergence throughout training.
(B) improved sample efficiency.
(C) better training accuracy and benchmark performance.
(D) superior training efficiency.
(E) continuous performance improvement."
"According to the paper ""Group Sequence Policy Optimization"", the successful application of GSPO to the RL training of the latest Qwen3 models strongly proves its efficacy in unleashing the power of",RL scaling,(D),"According to the paper ""Group Sequence Policy Optimization"", the successful application of GSPO to the RL training of the latest Qwen3 models strongly proves its efficacy in unleashing the power of
(A) large language models
(B) test-time scaling
(C) training compute
(D) RL scaling
(E) the Routing Replay training strategy",large language models,test-time scaling,training compute,RL scaling,the Routing Replay training strategy,"[""training compute"", ""large language models"", ""test-time scaling"", ""the Routing Replay training strategy""]","According to the paper ""Group Sequence Policy Optimization"", the successful application of GSPO to the RL training of the latest Qwen3 models strongly proves its efficacy in unleashing the power of RL scaling","Finally, we have successfully applied GSPO to the RL training of the latest Qwen3 models, strongly proving the efficacy of GSPO in unleashing the power of RL scaling for large language models.",Experiments and Discussion,"Question: Which city is the capital of France?
(A) Paris
(B) Berlin
(C) Madrid
(D) Rome
(E) Lisbon
Answer: (A)

Question: Which planet is the largest in the Solar System?
(A) Earth
(B) Jupiter
(C) Saturn
(D) Venus
(E) Mars
Answer: (B)

Question: What is the chemical formula for water?
(A) CO2
(B) O2
(C) H2O
(D) NaCl
(E) CH4
Answer: (C)

Question: What process do plants use to convert sunlight into chemical energy?
(A) Respiration
(B) Fermentation
(C) Evaporation
(D) Photosynthesis
(E) Condensation
Answer: (D)

Question: What is the primary function of red blood cells?
(A) Transmit nerve signals
(B) Produce bile
(C) Filter lymph
(D) Digest proteins
(E) Carry oxygen
Answer: (E)

Question: According to the paper ""Group Sequence Policy Optimization"", the successful application of GSPO to the RL training of the latest Qwen3 models strongly proves its efficacy in unleashing the power of
(A) large language models
(B) test-time scaling
(C) training compute
(D) RL scaling
(E) the Routing Replay training strategy"
"According to the paper ""Group Sequence Policy Optimization"", GSPO demonstrates superior training efficiency over GRPO, achieving better training accuracy and benchmark performance under the same training compute and",consumed queries.,(D),"According to the paper ""Group Sequence Policy Optimization"", GSPO demonstrates superior training efficiency over GRPO, achieving better training accuracy and benchmark performance under the same training compute and
(A) wall-clock time.
(B) generation length.
(C) generated tokens.
(D) consumed queries.
(E) optimization steps.",wall-clock time.,generation length.,generated tokens.,consumed queries.,optimization steps.,"[""generated tokens."", ""optimization steps."", ""generation length."", ""wall-clock time.""]","According to the paper ""Group Sequence Policy Optimization"", GSPO demonstrates superior training efficiency over GRPO, achieving better training accuracy and benchmark performance under the same training compute and consumed queries.","Moreover, GSPO also demonstrates superior training efficiency over GRPO, achieving better training accuracy and benchmark performance under the same training compute and consumed queries.",Experiments and Discussion,"Question: Which city is the capital of France?
(A) Paris
(B) Berlin
(C) Madrid
(D) Rome
(E) Lisbon
Answer: (A)

Question: Which planet is the largest in the Solar System?
(A) Earth
(B) Jupiter
(C) Saturn
(D) Venus
(E) Mars
Answer: (B)

Question: What is the chemical formula for water?
(A) CO2
(B) O2
(C) H2O
(D) NaCl
(E) CH4
Answer: (C)

Question: What process do plants use to convert sunlight into chemical energy?
(A) Respiration
(B) Fermentation
(C) Evaporation
(D) Photosynthesis
(E) Condensation
Answer: (D)

Question: What is the primary function of red blood cells?
(A) Transmit nerve signals
(B) Produce bile
(C) Filter lymph
(D) Digest proteins
(E) Carry oxygen
Answer: (E)

Question: According to the paper ""Group Sequence Policy Optimization"", GSPO demonstrates superior training efficiency over GRPO, achieving better training accuracy and benchmark performance under the same training compute and
(A) wall-clock time.
(B) generation length.
(C) generated tokens.
(D) consumed queries.
(E) optimization steps."
"According to the paper ""Group Sequence Policy Optimization"", compared with GRPO, GSPO clips",entire responses,(D),"According to the paper ""Group Sequence Policy Optimization"", compared with GRPO, GSPO clips
(A) advantage estimates
(B) expert routes
(C) individual tokens
(D) entire responses
(E) per-token logits",advantage estimates,expert routes,individual tokens,entire responses,per-token logits,"[""individual tokens"", ""advantage estimates"", ""per-token logits"", ""expert routes""]","According to the paper ""Group Sequence Policy Optimization"", compared with GRPO, GSPO clips entire responses",A key distinction of GSPO compared to GRPO is its practice of clipping entire responses rather than individual tokens.,Experiments and Discussion,"Question: Which city is the capital of France?
(A) Paris
(B) Berlin
(C) Madrid
(D) Rome
(E) Lisbon
Answer: (A)

Question: Which planet is the largest in the Solar System?
(A) Earth
(B) Jupiter
(C) Saturn
(D) Venus
(E) Mars
Answer: (B)

Question: What is the chemical formula for water?
(A) CO2
(B) O2
(C) H2O
(D) NaCl
(E) CH4
Answer: (C)

Question: What process do plants use to convert sunlight into chemical energy?
(A) Respiration
(B) Fermentation
(C) Evaporation
(D) Photosynthesis
(E) Condensation
Answer: (D)

Question: What is the primary function of red blood cells?
(A) Transmit nerve signals
(B) Produce bile
(C) Filter lymph
(D) Digest proteins
(E) Carry oxygen
Answer: (E)

Question: According to the paper ""Group Sequence Policy Optimization"", compared with GRPO, GSPO clips
(A) advantage estimates
(B) expert routes
(C) individual tokens
(D) entire responses
(E) per-token logits"
"According to the paper ""Group Sequence Policy Optimization"", when comparing Equation~\eqref{equ:gspo} with Equation~\eqref{equ:gspo-token}, and Equation~\eqref{equ:gspo_grad} with Equation~\eqref{equ:gspo-token_grad}, the authors state that GSPO-token and GSPO are numerically identical by imposing the condition on the advantages of all tokens in the response $y_i$ that","$\widehat{A}_{i,t} = \widehat{A}_{i}$",(E),"According to the paper ""Group Sequence Policy Optimization"", when comparing Equation~\eqref{equ:gspo} with Equation~\eqref{equ:gspo-token}, and Equation~\eqref{equ:gspo_grad} with Equation~\eqref{equ:gspo-token_grad}, the authors state that GSPO-token and GSPO are numerically identical by imposing the condition on the advantages of all tokens in the response $y_i$ that
(A) $\widehat{A}_{i,t} = \widehat{A}_{t}$
(B) $\widehat{A}_{i,t} = \widehat{R}_{i}$
(C) $\frac{1}{|y_i|} \sum_{t=1}^{|y_i|} \widehat{A}_{i,t} = \widehat{A}_{i}$
(D) $\widehat{A}_{i,t} = \frac{\widehat{A}_{i}}{|y_i|}$
(E) $\widehat{A}_{i,t} = \widehat{A}_{i}$","$\widehat{A}_{i,t} = \widehat{A}_{t}$","$\widehat{A}_{i,t} = \widehat{R}_{i}$","$\frac{1}{|y_i|} \sum_{t=1}^{|y_i|} \widehat{A}_{i,t} = \widehat{A}_{i}$","$\widehat{A}_{i,t} = \frac{\widehat{A}_{i}}{|y_i|}$","$\widehat{A}_{i,t} = \widehat{A}_{i}$","[""$\\frac{1}{|y_i|} \\sum_{t=1}^{|y_i|} \\widehat{A}_{i,t} = \\widehat{A}_{i}$"", ""$\\widehat{A}_{i,t} = \\frac{\\widehat{A}_{i}}{|y_i|}$"", ""$\\widehat{A}_{i,t} = \\widehat{R}_{i}$"", ""$\\widehat{A}_{i,t} = \\widehat{A}_{t}$""]","According to the paper ""Group Sequence Policy Optimization"", when comparing Equation~\eqref{equ:gspo} with Equation~\eqref{equ:gspo-token}, and Equation~\eqref{equ:gspo_grad} with Equation~\eqref{equ:gspo-token_grad}, the authors state that GSPO-token and GSPO are numerically identical by imposing the condition on the advantages of all tokens in the response $y_i$ that $\widehat{A}_{i,t} = \widehat{A}_{i}$","Comparing Equation~\eqref{equ:gspo} and~\eqref{equ:gspo-token}, and Equation~\eqref{equ:gspo_grad} and~\eqref{equ:gspo-token_grad}, GSPO-token and GSPO are numerically identical in the optimization objective, clipping condition, and theoretical gradient when we set the advantages of all the tokens in the response $y_i$ to the same value (i.e., $\widehat{A}_{i,t} = \widehat{A}_{i}$), while GSPO-token enjoys the higher flexibility of adjusting the advantages per token.",Algorithm,"Question: Which city is the capital of France?
(A) Paris
(B) Berlin
(C) Madrid
(D) Rome
(E) Lisbon
Answer: (A)

Question: Which planet is the largest in the Solar System?
(A) Earth
(B) Jupiter
(C) Saturn
(D) Venus
(E) Mars
Answer: (B)

Question: What is the chemical formula for water?
(A) CO2
(B) O2
(C) H2O
(D) NaCl
(E) CH4
Answer: (C)

Question: What process do plants use to convert sunlight into chemical energy?
(A) Respiration
(B) Fermentation
(C) Evaporation
(D) Photosynthesis
(E) Condensation
Answer: (D)

Question: What is the primary function of red blood cells?
(A) Transmit nerve signals
(B) Produce bile
(C) Filter lymph
(D) Digest proteins
(E) Carry oxygen
Answer: (E)

Question: According to the paper ""Group Sequence Policy Optimization"", when comparing Equation~\eqref{equ:gspo} with Equation~\eqref{equ:gspo-token}, and Equation~\eqref{equ:gspo_grad} with Equation~\eqref{equ:gspo-token_grad}, the authors state that GSPO-token and GSPO are numerically identical by imposing the condition on the advantages of all tokens in the response $y_i$ that
(A) $\widehat{A}_{i,t} = \widehat{A}_{t}$
(B) $\widehat{A}_{i,t} = \widehat{R}_{i}$
(C) $\frac{1}{|y_i|} \sum_{t=1}^{|y_i|} \widehat{A}_{i,t} = \widehat{A}_{i}$
(D) $\widehat{A}_{i,t} = \frac{\widehat{A}_{i}}{|y_i|}$
(E) $\widehat{A}_{i,t} = \widehat{A}_{i}$"
"According to the paper ""Group Sequence Policy Optimization"", the thing GSPO regularly updates in order to deliver continuous performance improvement is",the query set,(B),"According to the paper ""Group Sequence Policy Optimization"", the thing GSPO regularly updates in order to deliver continuous performance improvement is
(A) the clipping ranges
(B) the query set
(C) the routing replay training strategy
(D) the generation length
(E) the reward model",the clipping ranges,the query set,the routing replay training strategy,the generation length,the reward model,"[""the clipping ranges"", ""the generation length"", ""the routing replay training strategy"", ""the reward model""]","According to the paper ""Group Sequence Policy Optimization"", the thing GSPO regularly updates in order to deliver continuous performance improvement is the query set","We observe that \textbf{GSPO can deliver continuous performance improvement through increasing the training compute, regularly updating the query set, and extending the generation length}.",Experiments and Discussion,"Question: Which city is the capital of France?
(A) Paris
(B) Berlin
(C) Madrid
(D) Rome
(E) Lisbon
Answer: (A)

Question: Which planet is the largest in the Solar System?
(A) Earth
(B) Jupiter
(C) Saturn
(D) Venus
(E) Mars
Answer: (B)

Question: What is the chemical formula for water?
(A) CO2
(B) O2
(C) H2O
(D) NaCl
(E) CH4
Answer: (C)

Question: What process do plants use to convert sunlight into chemical energy?
(A) Respiration
(B) Fermentation
(C) Evaporation
(D) Photosynthesis
(E) Condensation
Answer: (D)

Question: What is the primary function of red blood cells?
(A) Transmit nerve signals
(B) Produce bile
(C) Filter lymph
(D) Digest proteins
(E) Carry oxygen
Answer: (E)

Question: According to the paper ""Group Sequence Policy Optimization"", the thing GSPO regularly updates in order to deliver continuous performance improvement is
(A) the clipping ranges
(B) the query set
(C) the routing replay training strategy
(D) the generation length
(E) the reward model"
"In the paper ""Group Sequence Policy Optimization"", compared with GSPO’s clipping of entire responses, GRPO clips",individual tokens.,(C),"In the paper ""Group Sequence Policy Optimization"", compared with GSPO’s clipping of entire responses, GRPO clips
(A) the left and right clipping ranges separately.
(B) sequence-level advantages.
(C) individual tokens.
(D) group-level policy ratios.
(E) entire response sequences.",the left and right clipping ranges separately.,sequence-level advantages.,individual tokens.,group-level policy ratios.,entire response sequences.,"[""entire response sequences."", ""group-level policy ratios."", ""sequence-level advantages."", ""the left and right clipping ranges separately.""]","In the paper ""Group Sequence Policy Optimization"", compared with GSPO’s clipping of entire responses, GRPO clips individual tokens.",A key distinction of GSPO compared to GRPO is its practice of clipping entire responses rather than individual tokens.,Experiments and Discussion,"Question: Which city is the capital of France?
(A) Paris
(B) Berlin
(C) Madrid
(D) Rome
(E) Lisbon
Answer: (A)

Question: Which planet is the largest in the Solar System?
(A) Earth
(B) Jupiter
(C) Saturn
(D) Venus
(E) Mars
Answer: (B)

Question: What is the chemical formula for water?
(A) CO2
(B) O2
(C) H2O
(D) NaCl
(E) CH4
Answer: (C)

Question: What process do plants use to convert sunlight into chemical energy?
(A) Respiration
(B) Fermentation
(C) Evaporation
(D) Photosynthesis
(E) Condensation
Answer: (D)

Question: What is the primary function of red blood cells?
(A) Transmit nerve signals
(B) Produce bile
(C) Filter lymph
(D) Digest proteins
(E) Carry oxygen
Answer: (E)

Question: In the paper ""Group Sequence Policy Optimization"", compared with GSPO’s clipping of entire responses, GRPO clips
(A) the left and right clipping ranges separately.
(B) sequence-level advantages.
(C) individual tokens.
(D) group-level policy ratios.
(E) entire response sequences."
"According to the paper ""Group Sequence Policy Optimization"", in the comparison where GSPO clips significantly more tokens and consequently uses fewer tokens for training or gradient estimation, the method that has lower training efficiency is",GRPO.,(E),"According to the paper ""Group Sequence Policy Optimization"", in the comparison where GSPO clips significantly more tokens and consequently uses fewer tokens for training or gradient estimation, the method that has lower training efficiency is
(A) GSPO.
(B) RLOO.
(C) PPO.
(D) DPO.
(E) GRPO.",GSPO.,RLOO.,PPO.,DPO.,GRPO.,"[""GSPO."", ""PPO."", ""RLOO."", ""DPO.""]","According to the paper ""Group Sequence Policy Optimization"", in the comparison where GSPO clips significantly more tokens and consequently uses fewer tokens for training or gradient estimation, the method that has lower training efficiency is GRPO.","However, despite clipping significantly more tokens and consequently using fewer for training (or gradient estimation), GSPO still achieves higher training efficiency than GRPO.",Experiments and Discussion,"Question: Which city is the capital of France?
(A) Paris
(B) Berlin
(C) Madrid
(D) Rome
(E) Lisbon
Answer: (A)

Question: Which planet is the largest in the Solar System?
(A) Earth
(B) Jupiter
(C) Saturn
(D) Venus
(E) Mars
Answer: (B)

Question: What is the chemical formula for water?
(A) CO2
(B) O2
(C) H2O
(D) NaCl
(E) CH4
Answer: (C)

Question: What process do plants use to convert sunlight into chemical energy?
(A) Respiration
(B) Fermentation
(C) Evaporation
(D) Photosynthesis
(E) Condensation
Answer: (D)

Question: What is the primary function of red blood cells?
(A) Transmit nerve signals
(B) Produce bile
(C) Filter lymph
(D) Digest proteins
(E) Carry oxygen
Answer: (E)

Question: According to the paper ""Group Sequence Policy Optimization"", in the comparison where GSPO clips significantly more tokens and consequently uses fewer tokens for training or gradient estimation, the method that has lower training efficiency is
(A) GSPO.
(B) RLOO.
(C) PPO.
(D) DPO.
(E) GRPO."
"According to the paper ""Group Sequence Policy Optimization"", the authors successfully applied GSPO in RL training to",the latest Qwen3 models.,(A),"According to the paper ""Group Sequence Policy Optimization"", the authors successfully applied GSPO in RL training to
(A) the latest Qwen3 models.
(B) the Qwen3-30B-A3B-Base model.
(C) a cold-start model fine-tuned from Qwen3-30B-A3B-Base.
(D) the latest Llama 3 models.
(E) the newest DeepSeek-R1 models.",the latest Qwen3 models.,the Qwen3-30B-A3B-Base model.,a cold-start model fine-tuned from Qwen3-30B-A3B-Base.,the latest Llama 3 models.,the newest DeepSeek-R1 models.,"[""the Qwen3-30B-A3B-Base model."", ""a cold-start model fine-tuned from Qwen3-30B-A3B-Base."", ""the latest Llama 3 models."", ""the newest DeepSeek-R1 models.""]","According to the paper ""Group Sequence Policy Optimization"", the authors successfully applied GSPO in RL training to the latest Qwen3 models.","Finally, we have successfully applied GSPO to the RL training of the latest Qwen3 models, strongly proving the efficacy of GSPO in unleashing the power of RL scaling for large language models.",Experiments and Discussion,"Question: Which city is the capital of France?
(A) Paris
(B) Berlin
(C) Madrid
(D) Rome
(E) Lisbon
Answer: (A)

Question: Which planet is the largest in the Solar System?
(A) Earth
(B) Jupiter
(C) Saturn
(D) Venus
(E) Mars
Answer: (B)

Question: What is the chemical formula for water?
(A) CO2
(B) O2
(C) H2O
(D) NaCl
(E) CH4
Answer: (C)

Question: What process do plants use to convert sunlight into chemical energy?
(A) Respiration
(B) Fermentation
(C) Evaporation
(D) Photosynthesis
(E) Condensation
Answer: (D)

Question: What is the primary function of red blood cells?
(A) Transmit nerve signals
(B) Produce bile
(C) Filter lymph
(D) Digest proteins
(E) Carry oxygen
Answer: (E)

Question: According to the paper ""Group Sequence Policy Optimization"", the authors successfully applied GSPO in RL training to
(A) the latest Qwen3 models.
(B) the Qwen3-30B-A3B-Base model.
(C) a cold-start model fine-tuned from Qwen3-30B-A3B-Base.
(D) the latest Llama 3 models.
(E) the newest DeepSeek-R1 models."
"In the paper ""Group Sequence Policy Optimization"", in the background discussion of expert-activation volatility in Mixture-of-Experts models during GRPO training, one or more gradient updates can significantly change",the experts activated for the same response.,(A),"In the paper ""Group Sequence Policy Optimization"", in the background discussion of expert-activation volatility in Mixture-of-Experts models during GRPO training, one or more gradient updates can significantly change
(A) the experts activated for the same response.
(B) the output tokens generated for the same response.
(C) the hidden states computed for the same response.
(D) the fraction of clipped tokens for the same response.
(E) the rewards assigned to the same response.",the experts activated for the same response.,the output tokens generated for the same response.,the hidden states computed for the same response.,the fraction of clipped tokens for the same response.,the rewards assigned to the same response.,"[""the fraction of clipped tokens for the same response."", ""the rewards assigned to the same response."", ""the output tokens generated for the same response."", ""the hidden states computed for the same response.""]","In the paper ""Group Sequence Policy Optimization"", in the background discussion of expert-activation volatility in Mixture-of-Experts models during GRPO training, one or more gradient updates can significantly change the experts activated for the same response.","To be specific, after one or more gradient updates, the experts activated for the same response can change significantly.",Experiments and Discussion,"Question: Which city is the capital of France?
(A) Paris
(B) Berlin
(C) Madrid
(D) Rome
(E) Lisbon
Answer: (A)

Question: Which planet is the largest in the Solar System?
(A) Earth
(B) Jupiter
(C) Saturn
(D) Venus
(E) Mars
Answer: (B)

Question: What is the chemical formula for water?
(A) CO2
(B) O2
(C) H2O
(D) NaCl
(E) CH4
Answer: (C)

Question: What process do plants use to convert sunlight into chemical energy?
(A) Respiration
(B) Fermentation
(C) Evaporation
(D) Photosynthesis
(E) Condensation
Answer: (D)

Question: What is the primary function of red blood cells?
(A) Transmit nerve signals
(B) Produce bile
(C) Filter lymph
(D) Digest proteins
(E) Carry oxygen
Answer: (E)

Question: In the paper ""Group Sequence Policy Optimization"", in the background discussion of expert-activation volatility in Mixture-of-Experts models during GRPO training, one or more gradient updates can significantly change
(A) the experts activated for the same response.
(B) the output tokens generated for the same response.
(C) the hidden states computed for the same response.
(D) the fraction of clipped tokens for the same response.
(E) the rewards assigned to the same response."
"According to the paper ""Group Sequence Policy Optimization"", the property of MoE models that can prevent RL training from converging properly when using the GRPO algorithm is",expert-activation volatility.,(A),"According to the paper ""Group Sequence Policy Optimization"", the property of MoE models that can prevent RL training from converging properly when using the GRPO algorithm is
(A) expert-activation volatility.
(B) expert load-balancing imbalance.
(C) routing-network overfitting.
(D) sparse-activation nature.
(E) token-level importance-ratio volatility.",expert-activation volatility.,expert load-balancing imbalance.,routing-network overfitting.,sparse-activation nature.,token-level importance-ratio volatility.,"[""sparse-activation nature."", ""token-level importance-ratio volatility."", ""expert load-balancing imbalance."", ""routing-network overfitting.""]","According to the paper ""Group Sequence Policy Optimization"", the property of MoE models that can prevent RL training from converging properly when using the GRPO algorithm is expert-activation volatility.","In particular, we found that when adopting the GRPO algorithm, the \textit{expert-activation volatility} of MoE models can prevent RL training from converging properly.",Experiments and Discussion,"Question: Which city is the capital of France?
(A) Paris
(B) Berlin
(C) Madrid
(D) Rome
(E) Lisbon
Answer: (A)

Question: Which planet is the largest in the Solar System?
(A) Earth
(B) Jupiter
(C) Saturn
(D) Venus
(E) Mars
Answer: (B)

Question: What is the chemical formula for water?
(A) CO2
(B) O2
(C) H2O
(D) NaCl
(E) CH4
Answer: (C)

Question: What process do plants use to convert sunlight into chemical energy?
(A) Respiration
(B) Fermentation
(C) Evaporation
(D) Photosynthesis
(E) Condensation
Answer: (D)

Question: What is the primary function of red blood cells?
(A) Transmit nerve signals
(B) Produce bile
(C) Filter lymph
(D) Digest proteins
(E) Carry oxygen
Answer: (E)

Question: According to the paper ""Group Sequence Policy Optimization"", the property of MoE models that can prevent RL training from converging properly when using the GRPO algorithm is
(A) expert-activation volatility.
(B) expert load-balancing imbalance.
(C) routing-network overfitting.
(D) sparse-activation nature.
(E) token-level importance-ratio volatility."
"According to the paper ""Group Sequence Policy Optimization"", the aspect of MoE models that introduces unique stability challenges compared to the RL training of dense models is",the sparse activation nature,(C),"According to the paper ""Group Sequence Policy Optimization"", the aspect of MoE models that introduces unique stability challenges compared to the RL training of dense models is
(A) the expert-activation volatility
(B) the auxiliary load-balancing loss
(C) the sparse activation nature
(D) the larger parameter scale
(E) the token-level importance ratios",the expert-activation volatility,the auxiliary load-balancing loss,the sparse activation nature,the larger parameter scale,the token-level importance ratios,"[""the expert-activation volatility"", ""the token-level importance ratios"", ""the auxiliary load-balancing loss"", ""the larger parameter scale""]","According to the paper ""Group Sequence Policy Optimization"", the aspect of MoE models that introduces unique stability challenges compared to the RL training of dense models is the sparse activation nature","Compared to the RL training of dense models, the sparse activation nature of MoE models introduces unique stability challenges.",Experiments and Discussion,"Question: Which city is the capital of France?
(A) Paris
(B) Berlin
(C) Madrid
(D) Rome
(E) Lisbon
Answer: (A)

Question: Which planet is the largest in the Solar System?
(A) Earth
(B) Jupiter
(C) Saturn
(D) Venus
(E) Mars
Answer: (B)

Question: What is the chemical formula for water?
(A) CO2
(B) O2
(C) H2O
(D) NaCl
(E) CH4
Answer: (C)

Question: What process do plants use to convert sunlight into chemical energy?
(A) Respiration
(B) Fermentation
(C) Evaporation
(D) Photosynthesis
(E) Condensation
Answer: (D)

Question: What is the primary function of red blood cells?
(A) Transmit nerve signals
(B) Produce bile
(C) Filter lymph
(D) Digest proteins
(E) Carry oxygen
Answer: (E)

Question: According to the paper ""Group Sequence Policy Optimization"", the aspect of MoE models that introduces unique stability challenges compared to the RL training of dense models is
(A) the expert-activation volatility
(B) the auxiliary load-balancing loss
(C) the sparse activation nature
(D) the larger parameter scale
(E) the token-level importance ratios"
"According to the paper ""Group Sequence Policy Optimization"", despite clipping significantly more tokens and consequently using fewer tokens for training or gradient estimation, GSPO still achieves higher than GRPO",training efficiency,(D),"According to the paper ""Group Sequence Policy Optimization"", despite clipping significantly more tokens and consequently using fewer tokens for training or gradient estimation, GSPO still achieves higher than GRPO
(A) training accuracy
(B) convergence stability
(C) benchmark performance
(D) training efficiency
(E) generalization performance",training accuracy,convergence stability,benchmark performance,training efficiency,generalization performance,"[""training accuracy"", ""benchmark performance"", ""convergence stability"", ""generalization performance""]","According to the paper ""Group Sequence Policy Optimization"", despite clipping significantly more tokens and consequently using fewer tokens for training or gradient estimation, GSPO still achieves higher than GRPO training efficiency","However, despite clipping significantly more tokens and consequently using fewer for training (or gradient estimation), GSPO still achieves higher training efficiency than GRPO.",Experiments and Discussion,"Question: Which city is the capital of France?
(A) Paris
(B) Berlin
(C) Madrid
(D) Rome
(E) Lisbon
Answer: (A)

Question: Which planet is the largest in the Solar System?
(A) Earth
(B) Jupiter
(C) Saturn
(D) Venus
(E) Mars
Answer: (B)

Question: What is the chemical formula for water?
(A) CO2
(B) O2
(C) H2O
(D) NaCl
(E) CH4
Answer: (C)

Question: What process do plants use to convert sunlight into chemical energy?
(A) Respiration
(B) Fermentation
(C) Evaporation
(D) Photosynthesis
(E) Condensation
Answer: (D)

Question: What is the primary function of red blood cells?
(A) Transmit nerve signals
(B) Produce bile
(C) Filter lymph
(D) Digest proteins
(E) Carry oxygen
Answer: (E)

Question: According to the paper ""Group Sequence Policy Optimization"", despite clipping significantly more tokens and consequently using fewer tokens for training or gradient estimation, GSPO still achieves higher than GRPO
(A) training accuracy
(B) convergence stability
(C) benchmark performance
(D) training efficiency
(E) generalization performance"
"According to the paper ""Group Sequence Policy Optimization"", the finding that clipping a much larger fraction of tokens still leads to superior training efficiency indicates that GRPO’s token-level gradient estimates are",inherently noisy and inefficient.,(A),"According to the paper ""Group Sequence Policy Optimization"", the finding that clipping a much larger fraction of tokens still leads to superior training efficiency indicates that GRPO’s token-level gradient estimates are
(A) inherently noisy and inefficient.
(B) low-variance but slightly biased at the token level.
(C) primarily constrained by the choice of clipping range.
(D) more reliable and effective for sample exploitation.
(E) stable enough to ensure normal convergence in MoE RL.",inherently noisy and inefficient.,low-variance but slightly biased at the token level.,primarily constrained by the choice of clipping range.,more reliable and effective for sample exploitation.,stable enough to ensure normal convergence in MoE RL.,"[""more reliable and effective for sample exploitation."", ""primarily constrained by the choice of clipping range."", ""stable enough to ensure normal convergence in MoE RL."", ""low-variance but slightly biased at the token level.""]","According to the paper ""Group Sequence Policy Optimization"", the finding that clipping a much larger fraction of tokens still leads to superior training efficiency indicates that GRPO’s token-level gradient estimates are inherently noisy and inefficient.",This counter-intuitive finding — that clipping a much larger fraction of tokens leads to superior training efficiency — further indicates that GRPO's token-level gradient estimates are inherently noisy and inefficient for sample exploitation.,Experiments and Discussion,"Question: Which city is the capital of France?
(A) Paris
(B) Berlin
(C) Madrid
(D) Rome
(E) Lisbon
Answer: (A)

Question: Which planet is the largest in the Solar System?
(A) Earth
(B) Jupiter
(C) Saturn
(D) Venus
(E) Mars
Answer: (B)

Question: What is the chemical formula for water?
(A) CO2
(B) O2
(C) H2O
(D) NaCl
(E) CH4
Answer: (C)

Question: What process do plants use to convert sunlight into chemical energy?
(A) Respiration
(B) Fermentation
(C) Evaporation
(D) Photosynthesis
(E) Condensation
Answer: (D)

Question: What is the primary function of red blood cells?
(A) Transmit nerve signals
(B) Produce bile
(C) Filter lymph
(D) Digest proteins
(E) Carry oxygen
Answer: (E)

Question: According to the paper ""Group Sequence Policy Optimization"", the finding that clipping a much larger fraction of tokens still leads to superior training efficiency indicates that GRPO’s token-level gradient estimates are
(A) inherently noisy and inefficient.
(B) low-variance but slightly biased at the token level.
(C) primarily constrained by the choice of clipping range.
(D) more reliable and effective for sample exploitation.
(E) stable enough to ensure normal convergence in MoE RL."
"According to the paper ""Group Sequence Policy Optimization"", the training strategy the authors previously employed to tackle the challenge posed by the drastic fluctuation and invalidation of token-level importance ratios in deeper MoE models during RL training was",Routing Replay.,(E),"According to the paper ""Group Sequence Policy Optimization"", the training strategy the authors previously employed to tackle the challenge posed by the drastic fluctuation and invalidation of token-level importance ratios in deeper MoE models during RL training was
(A) Experience Replay
(B) Group Relative Policy Optimization
(C) Proximal Policy Optimization
(D) Group Sequence Policy Optimization
(E) Routing Replay.",Experience Replay,Group Relative Policy Optimization,Proximal Policy Optimization,Group Sequence Policy Optimization,Routing Replay.,"[""Group Relative Policy Optimization"", ""Group Sequence Policy Optimization"", ""Experience Replay"", ""Proximal Policy Optimization""]","According to the paper ""Group Sequence Policy Optimization"", the training strategy the authors previously employed to tackle the challenge posed by the drastic fluctuation and invalidation of token-level importance ratios in deeper MoE models during RL training was Routing Replay.","To tackle this challenge, we previously employed the \textbf{Routing Replay} training strategy.",Experiments and Discussion,"Question: Which city is the capital of France?
(A) Paris
(B) Berlin
(C) Madrid
(D) Rome
(E) Lisbon
Answer: (A)

Question: Which planet is the largest in the Solar System?
(A) Earth
(B) Jupiter
(C) Saturn
(D) Venus
(E) Mars
Answer: (B)

Question: What is the chemical formula for water?
(A) CO2
(B) O2
(C) H2O
(D) NaCl
(E) CH4
Answer: (C)

Question: What process do plants use to convert sunlight into chemical energy?
(A) Respiration
(B) Fermentation
(C) Evaporation
(D) Photosynthesis
(E) Condensation
Answer: (D)

Question: What is the primary function of red blood cells?
(A) Transmit nerve signals
(B) Produce bile
(C) Filter lymph
(D) Digest proteins
(E) Carry oxygen
Answer: (E)

Question: According to the paper ""Group Sequence Policy Optimization"", the training strategy the authors previously employed to tackle the challenge posed by the drastic fluctuation and invalidation of token-level importance ratios in deeper MoE models during RL training was
(A) Experience Replay
(B) Group Relative Policy Optimization
(C) Proximal Policy Optimization
(D) Group Sequence Policy Optimization
(E) Routing Replay."
"According to the paper ""Group Sequence Policy Optimization"", in the example illustrating expert-activation volatility after each RL gradient update for the same rollout sample, the model used is",48-layer Qwen3-30B-A3B-Base model.,(E),"According to the paper ""Group Sequence Policy Optimization"", in the example illustrating expert-activation volatility after each RL gradient update for the same rollout sample, the model used is
(A) the Routing Replay variant of the Qwen3-30B-A3B-Base model.
(B) Mixtral-8x22B-Base model.
(C) 32-layer Qwen3-30B-A3B-Base model.
(D) 48-layer Qwen3-30B-A3B-Instruct model.
(E) 48-layer Qwen3-30B-A3B-Base model.",the Routing Replay variant of the Qwen3-30B-A3B-Base model.,Mixtral-8x22B-Base model.,32-layer Qwen3-30B-A3B-Base model.,48-layer Qwen3-30B-A3B-Instruct model.,48-layer Qwen3-30B-A3B-Base model.,"[""32-layer Qwen3-30B-A3B-Base model."", ""48-layer Qwen3-30B-A3B-Instruct model."", ""the Routing Replay variant of the Qwen3-30B-A3B-Base model."", ""Mixtral-8x22B-Base model.""]","According to the paper ""Group Sequence Policy Optimization"", in the example illustrating expert-activation volatility after each RL gradient update for the same rollout sample, the model used is 48-layer Qwen3-30B-A3B-Base model.","For example, with the 48-layer Qwen3-30B-A3B-Base model, after each RL gradient update and for the same rollout sample, there are roughly 10\% of the experts activated under the new policy $\pi_{\theta}$ that are different from those under the old policy $\pi_{\theta_\text{old}}$.",Experiments and Discussion,"Question: Which city is the capital of France?
(A) Paris
(B) Berlin
(C) Madrid
(D) Rome
(E) Lisbon
Answer: (A)

Question: Which planet is the largest in the Solar System?
(A) Earth
(B) Jupiter
(C) Saturn
(D) Venus
(E) Mars
Answer: (B)

Question: What is the chemical formula for water?
(A) CO2
(B) O2
(C) H2O
(D) NaCl
(E) CH4
Answer: (C)

Question: What process do plants use to convert sunlight into chemical energy?
(A) Respiration
(B) Fermentation
(C) Evaporation
(D) Photosynthesis
(E) Condensation
Answer: (D)

Question: What is the primary function of red blood cells?
(A) Transmit nerve signals
(B) Produce bile
(C) Filter lymph
(D) Digest proteins
(E) Carry oxygen
Answer: (E)

Question: According to the paper ""Group Sequence Policy Optimization"", in the example illustrating expert-activation volatility after each RL gradient update for the same rollout sample, the model used is
(A) the Routing Replay variant of the Qwen3-30B-A3B-Base model.
(B) Mixtral-8x22B-Base model.
(C) 32-layer Qwen3-30B-A3B-Base model.
(D) 48-layer Qwen3-30B-A3B-Instruct model.
(E) 48-layer Qwen3-30B-A3B-Base model."
"In the paper ""Group Sequence Policy Optimization"", as part of the previously used Routing Replay training strategy for computing the importance ratios $w_{i,t}(\theta) = \frac{ \pi_{\theta} (y_{i,t} | x, y_{i,<t}) }{ \pi_{\theta_\text{old}} (y_{i,t} | x,y_{i,<t})}$, the authors cache in $\pi_{\theta_\text{old}}$",the activated experts.,(A),"In the paper ""Group Sequence Policy Optimization"", as part of the previously used Routing Replay training strategy for computing the importance ratios $w_{i,t}(\theta) = \frac{ \pi_{\theta} (y_{i,t} | x, y_{i,<t}) }{ \pi_{\theta_\text{old}} (y_{i,t} | x,y_{i,<t})}$, the authors cache in $\pi_{\theta_\text{old}}$
(A) the activated experts.
(B) the decoder hidden states for each layer.
(C) the router probabilities for each token.
(D) the token-level importance ratios themselves.
(E) the sampled responses from the old policy.",the activated experts.,the decoder hidden states for each layer.,the router probabilities for each token.,the token-level importance ratios themselves.,the sampled responses from the old policy.,"[""the token-level importance ratios themselves."", ""the router probabilities for each token."", ""the sampled responses from the old policy."", ""the decoder hidden states for each layer.""]","In the paper ""Group Sequence Policy Optimization"", as part of the previously used Routing Replay training strategy for computing the importance ratios $w_{i,t}(\theta) = \frac{ \pi_{\theta} (y_{i,t} | x, y_{i,<t}) }{ \pi_{\theta_\text{old}} (y_{i,t} | x,y_{i,<t})}$, the authors cache in $\pi_{\theta_\text{old}}$ the activated experts.","Specifically, we cache the activated experts in $\pi_{\theta_\text{old}}$ and ``replay'' these routing modes in $\pi_{\theta}$ when computing the importance ratios $w_{i,t}(\theta) = \frac{ \pi_{\theta} (y_{i,t} | x, y_{i,<t}) }{ \pi_{\theta_\text{old}} (y_{i,t} | x,y_{i,<t})}$.",Experiments and Discussion,"Question: Which city is the capital of France?
(A) Paris
(B) Berlin
(C) Madrid
(D) Rome
(E) Lisbon
Answer: (A)

Question: Which planet is the largest in the Solar System?
(A) Earth
(B) Jupiter
(C) Saturn
(D) Venus
(E) Mars
Answer: (B)

Question: What is the chemical formula for water?
(A) CO2
(B) O2
(C) H2O
(D) NaCl
(E) CH4
Answer: (C)

Question: What process do plants use to convert sunlight into chemical energy?
(A) Respiration
(B) Fermentation
(C) Evaporation
(D) Photosynthesis
(E) Condensation
Answer: (D)

Question: What is the primary function of red blood cells?
(A) Transmit nerve signals
(B) Produce bile
(C) Filter lymph
(D) Digest proteins
(E) Carry oxygen
Answer: (E)

Question: In the paper ""Group Sequence Policy Optimization"", as part of the previously used Routing Replay training strategy for computing the importance ratios $w_{i,t}(\theta) = \frac{ \pi_{\theta} (y_{i,t} | x, y_{i,<t}) }{ \pi_{\theta_\text{old}} (y_{i,t} | x,y_{i,<t})}$, the authors cache in $\pi_{\theta_\text{old}}$
(A) the activated experts.
(B) the decoder hidden states for each layer.
(C) the router probabilities for each token.
(D) the token-level importance ratios themselves.
(E) the sampled responses from the old policy."
"According to the paper ""Group Sequence Policy Optimization"", compared to the RL training of dense models, unique stability challenges arise from the sparse activation nature of",MoE models.,(A),"According to the paper ""Group Sequence Policy Optimization"", compared to the RL training of dense models, unique stability challenges arise from the sparse activation nature of
(A) MoE models.
(B) sparsely pruned models.
(C) dense models.
(D) retrieval-augmented models.
(E) adaptive-computation transformers.",MoE models.,sparsely pruned models.,dense models.,retrieval-augmented models.,adaptive-computation transformers.,"[""dense models."", ""sparsely pruned models."", ""retrieval-augmented models."", ""adaptive-computation transformers.""]","According to the paper ""Group Sequence Policy Optimization"", compared to the RL training of dense models, unique stability challenges arise from the sparse activation nature of MoE models.","Compared to the RL training of dense models, the sparse activation nature of MoE models introduces unique stability challenges.",Experiments and Discussion,"Question: Which city is the capital of France?
(A) Paris
(B) Berlin
(C) Madrid
(D) Rome
(E) Lisbon
Answer: (A)

Question: Which planet is the largest in the Solar System?
(A) Earth
(B) Jupiter
(C) Saturn
(D) Venus
(E) Mars
Answer: (B)

Question: What is the chemical formula for water?
(A) CO2
(B) O2
(C) H2O
(D) NaCl
(E) CH4
Answer: (C)

Question: What process do plants use to convert sunlight into chemical energy?
(A) Respiration
(B) Fermentation
(C) Evaporation
(D) Photosynthesis
(E) Condensation
Answer: (D)

Question: What is the primary function of red blood cells?
(A) Transmit nerve signals
(B) Produce bile
(C) Filter lymph
(D) Digest proteins
(E) Carry oxygen
Answer: (E)

Question: According to the paper ""Group Sequence Policy Optimization"", compared to the RL training of dense models, unique stability challenges arise from the sparse activation nature of
(A) MoE models.
(B) sparsely pruned models.
(C) dense models.
(D) retrieval-augmented models.
(E) adaptive-computation transformers."
"According to the paper ""Group Sequence Policy Optimization"", the authors' counter-intuitive finding—that clipping a much larger fraction of tokens leads to superior training efficiency—further indicates that GRPO's token-level gradient estimates are inherently noisy and inefficient for",sample exploitation.,(E),"According to the paper ""Group Sequence Policy Optimization"", the authors' counter-intuitive finding—that clipping a much larger fraction of tokens leads to superior training efficiency—further indicates that GRPO's token-level gradient estimates are inherently noisy and inefficient for
(A) policy exploration
(B) training stability
(C) MoE convergence
(D) credit assignment
(E) sample exploitation.",policy exploration,training stability,MoE convergence,credit assignment,sample exploitation.,"[""training stability"", ""policy exploration"", ""credit assignment"", ""MoE convergence""]","According to the paper ""Group Sequence Policy Optimization"", the authors' counter-intuitive finding—that clipping a much larger fraction of tokens leads to superior training efficiency—further indicates that GRPO's token-level gradient estimates are inherently noisy and inefficient for sample exploitation.",This counter-intuitive finding — that clipping a much larger fraction of tokens leads to superior training efficiency — further indicates that GRPO's token-level gradient estimates are inherently noisy and inefficient for sample exploitation.,Experiments and Discussion,"Question: Which city is the capital of France?
(A) Paris
(B) Berlin
(C) Madrid
(D) Rome
(E) Lisbon
Answer: (A)

Question: Which planet is the largest in the Solar System?
(A) Earth
(B) Jupiter
(C) Saturn
(D) Venus
(E) Mars
Answer: (B)

Question: What is the chemical formula for water?
(A) CO2
(B) O2
(C) H2O
(D) NaCl
(E) CH4
Answer: (C)

Question: What process do plants use to convert sunlight into chemical energy?
(A) Respiration
(B) Fermentation
(C) Evaporation
(D) Photosynthesis
(E) Condensation
Answer: (D)

Question: What is the primary function of red blood cells?
(A) Transmit nerve signals
(B) Produce bile
(C) Filter lymph
(D) Digest proteins
(E) Carry oxygen
Answer: (E)

Question: According to the paper ""Group Sequence Policy Optimization"", the authors' counter-intuitive finding—that clipping a much larger fraction of tokens leads to superior training efficiency—further indicates that GRPO's token-level gradient estimates are inherently noisy and inefficient for
(A) policy exploration
(B) training stability
(C) MoE convergence
(D) credit assignment
(E) sample exploitation."
"According to the paper ""Group Sequence Policy Optimization"", when using Routing Replay to compute the importance ratios $w_{i,t}(\theta)$, the authors cache in $\pi_{\theta_\text{old}}$",the activated experts,(E),"According to the paper ""Group Sequence Policy Optimization"", when using Routing Replay to compute the importance ratios $w_{i,t}(\theta)$, the authors cache in $\pi_{\theta_\text{old}}$
(A) the rollout samples
(B) the token-level importance ratios
(C) the router gate logits
(D) the old-policy action probabilities
(E) the activated experts",the rollout samples,the token-level importance ratios,the router gate logits,the old-policy action probabilities,the activated experts,"[""the token-level importance ratios"", ""the rollout samples"", ""the router gate logits"", ""the old-policy action probabilities""]","According to the paper ""Group Sequence Policy Optimization"", when using Routing Replay to compute the importance ratios $w_{i,t}(\theta)$, the authors cache in $\pi_{\theta_\text{old}}$ the activated experts","Specifically, we cache the activated experts in $\pi_{\theta_\text{old}}$ and ``replay'' these routing modes in $\pi_{\theta}$ when computing the importance ratios $w_{i,t}(\theta) = \frac{ \pi_{\theta} (y_{i,t} | x, y_{i,<t}) }{ \pi_{\theta_\text{old}} (y_{i,t} | x,y_{i,<t})}$.",Experiments and Discussion,"Question: Which city is the capital of France?
(A) Paris
(B) Berlin
(C) Madrid
(D) Rome
(E) Lisbon
Answer: (A)

Question: Which planet is the largest in the Solar System?
(A) Earth
(B) Jupiter
(C) Saturn
(D) Venus
(E) Mars
Answer: (B)

Question: What is the chemical formula for water?
(A) CO2
(B) O2
(C) H2O
(D) NaCl
(E) CH4
Answer: (C)

Question: What process do plants use to convert sunlight into chemical energy?
(A) Respiration
(B) Fermentation
(C) Evaporation
(D) Photosynthesis
(E) Condensation
Answer: (D)

Question: What is the primary function of red blood cells?
(A) Transmit nerve signals
(B) Produce bile
(C) Filter lymph
(D) Digest proteins
(E) Carry oxygen
Answer: (E)

Question: According to the paper ""Group Sequence Policy Optimization"", when using Routing Replay to compute the importance ratios $w_{i,t}(\theta)$, the authors cache in $\pi_{\theta_\text{old}}$
(A) the rollout samples
(B) the token-level importance ratios
(C) the router gate logits
(D) the old-policy action probabilities
(E) the activated experts"
"According to the paper ""Group Sequence Policy Optimization"", in Routing Replay for MoE models, for each token $y_{i,t}$, $\pi_{\theta} (y_{i,t} | x, y_{i,<t})$ and $\pi_{\theta_\text{old}} (y_{i,t} | x,y_{i,<t})$ share",the same activated network,(D),"According to the paper ""Group Sequence Policy Optimization"", in Routing Replay for MoE models, for each token $y_{i,t}$, $\pi_{\theta} (y_{i,t} | x, y_{i,<t})$ and $\pi_{\theta_\text{old}} (y_{i,t} | x,y_{i,<t})$ share
(A) the same expert weights
(B) the same rollout sample
(C) the same routing probabilities
(D) the same activated network
(E) the same sequence objective",the same expert weights,the same rollout sample,the same routing probabilities,the same activated network,the same sequence objective,"[""the same rollout sample"", ""the same routing probabilities"", ""the same expert weights"", ""the same sequence objective""]","According to the paper ""Group Sequence Policy Optimization"", in Routing Replay for MoE models, for each token $y_{i,t}$, $\pi_{\theta} (y_{i,t} | x, y_{i,<t})$ and $\pi_{\theta_\text{old}} (y_{i,t} | x,y_{i,<t})$ share the same activated network","In this way, for each token $y_{i,t}$, $\pi_{\theta} (y_{i,t} | x, y_{i,<t})$ and $\pi_{\theta_\text{old}} (y_{i,t} | x,y_{i,<t})$ share the same activated network, so that we can restore the stability of the token-level importance ratios and ensure optimization of the consistent activated network across gradient updates.",Experiments and Discussion,"Question: Which city is the capital of France?
(A) Paris
(B) Berlin
(C) Madrid
(D) Rome
(E) Lisbon
Answer: (A)

Question: Which planet is the largest in the Solar System?
(A) Earth
(B) Jupiter
(C) Saturn
(D) Venus
(E) Mars
Answer: (B)

Question: What is the chemical formula for water?
(A) CO2
(B) O2
(C) H2O
(D) NaCl
(E) CH4
Answer: (C)

Question: What process do plants use to convert sunlight into chemical energy?
(A) Respiration
(B) Fermentation
(C) Evaporation
(D) Photosynthesis
(E) Condensation
Answer: (D)

Question: What is the primary function of red blood cells?
(A) Transmit nerve signals
(B) Produce bile
(C) Filter lymph
(D) Digest proteins
(E) Carry oxygen
Answer: (E)

Question: According to the paper ""Group Sequence Policy Optimization"", in Routing Replay for MoE models, for each token $y_{i,t}$, $\pi_{\theta} (y_{i,t} | x, y_{i,<t})$ and $\pi_{\theta_\text{old}} (y_{i,t} | x,y_{i,<t})$ share
(A) the same expert weights
(B) the same rollout sample
(C) the same routing probabilities
(D) the same activated network
(E) the same sequence objective"
"According to the paper ""Group Sequence Policy Optimization"", Routing Replay enables the GRPO training of",MoE models.,(D),"According to the paper ""Group Sequence Policy Optimization"", Routing Replay enables the GRPO training of
(A) decoder-only language models.
(B) dense transformer models.
(C) Qwen3-30B-A3B-Base models.
(D) MoE models.
(E) sequence-level policy models.",decoder-only language models.,dense transformer models.,Qwen3-30B-A3B-Base models.,MoE models.,sequence-level policy models.,"[""dense transformer models."", ""decoder-only language models."", ""Qwen3-30B-A3B-Base models."", ""sequence-level policy models.""]","According to the paper ""Group Sequence Policy Optimization"", Routing Replay enables the GRPO training of MoE models.","Although Routing Replay enables the GRPO training of MoE models to converge properly, its practice of reusing routing modes incurs additional memory and communication overhead and can also limit the actual capacity of the MoE model.",Experiments and Discussion,"Question: Which city is the capital of France?
(A) Paris
(B) Berlin
(C) Madrid
(D) Rome
(E) Lisbon
Answer: (A)

Question: Which planet is the largest in the Solar System?
(A) Earth
(B) Jupiter
(C) Saturn
(D) Venus
(E) Mars
Answer: (B)

Question: What is the chemical formula for water?
(A) CO2
(B) O2
(C) H2O
(D) NaCl
(E) CH4
Answer: (C)

Question: What process do plants use to convert sunlight into chemical energy?
(A) Respiration
(B) Fermentation
(C) Evaporation
(D) Photosynthesis
(E) Condensation
Answer: (D)

Question: What is the primary function of red blood cells?
(A) Transmit nerve signals
(B) Produce bile
(C) Filter lymph
(D) Digest proteins
(E) Carry oxygen
Answer: (E)

Question: According to the paper ""Group Sequence Policy Optimization"", Routing Replay enables the GRPO training of
(A) decoder-only language models.
(B) dense transformer models.
(C) Qwen3-30B-A3B-Base models.
(D) MoE models.
(E) sequence-level policy models."
"In the paper ""Group Sequence Policy Optimization"", GSPO makes it possible to directly use for optimization, without recomputation by the training engine,",the likelihoods returned by the inference engine.,(D),"In the paper ""Group Sequence Policy Optimization"", GSPO makes it possible to directly use for optimization, without recomputation by the training engine,
(A) the logits cached from the forward pass of the old policy.
(B) the routing traces recorded during Routing Replay.
(C) the value estimates returned by the reward model.
(D) the likelihoods returned by the inference engine.
(E) the token-level likelihoods recomputed by the training engine.",the logits cached from the forward pass of the old policy.,the routing traces recorded during Routing Replay.,the value estimates returned by the reward model.,the likelihoods returned by the inference engine.,the token-level likelihoods recomputed by the training engine.,"[""the token-level likelihoods recomputed by the training engine."", ""the routing traces recorded during Routing Replay."", ""the value estimates returned by the reward model."", ""the logits cached from the forward pass of the old policy.""]","In the paper ""Group Sequence Policy Optimization"", GSPO makes it possible to directly use for optimization, without recomputation by the training engine, the likelihoods returned by the inference engine.","Hence, GSPO makes it possible to directly use the likelihoods returned by the inference engine for optimization, thereby avoiding the need for recomputation with the training engine.",Experiments and Discussion,"Question: Which city is the capital of France?
(A) Paris
(B) Berlin
(C) Madrid
(D) Rome
(E) Lisbon
Answer: (A)

Question: Which planet is the largest in the Solar System?
(A) Earth
(B) Jupiter
(C) Saturn
(D) Venus
(E) Mars
Answer: (B)

Question: What is the chemical formula for water?
(A) CO2
(B) O2
(C) H2O
(D) NaCl
(E) CH4
Answer: (C)

Question: What process do plants use to convert sunlight into chemical energy?
(A) Respiration
(B) Fermentation
(C) Evaporation
(D) Photosynthesis
(E) Condensation
Answer: (D)

Question: What is the primary function of red blood cells?
(A) Transmit nerve signals
(B) Produce bile
(C) Filter lymph
(D) Digest proteins
(E) Carry oxygen
Answer: (E)

Question: In the paper ""Group Sequence Policy Optimization"", GSPO makes it possible to directly use for optimization, without recomputation by the training engine,
(A) the logits cached from the forward pass of the old policy.
(B) the routing traces recorded during Routing Replay.
(C) the value estimates returned by the reward model.
(D) the likelihoods returned by the inference engine.
(E) the token-level likelihoods recomputed by the training engine."
"According to the paper ""Group Sequence Policy Optimization"", GSPO uses sequence-level rather than token-level likelihoods for optimization; sequence-level likelihoods are said to be much more tolerant of",precision discrepancies.,(E),"According to the paper ""Group Sequence Policy Optimization"", GSPO uses sequence-level rather than token-level likelihoods for optimization; sequence-level likelihoods are said to be much more tolerant of
(A) distributional shifts.
(B) routing mode mismatches.
(C) token-level fluctuations.
(D) expert-activation volatility.
(E) precision discrepancies.",distributional shifts.,routing mode mismatches.,token-level fluctuations.,expert-activation volatility.,precision discrepancies.,"[""expert-activation volatility."", ""token-level fluctuations."", ""distributional shifts."", ""routing mode mismatches.""]","According to the paper ""Group Sequence Policy Optimization"", GSPO uses sequence-level rather than token-level likelihoods for optimization; sequence-level likelihoods are said to be much more tolerant of precision discrepancies.","However, GSPO uses only sequence-level, rather than token-level, likelihoods for optimization, and intuitively, the former is much more tolerant of precision discrepancies.",Experiments and Discussion,"Question: Which city is the capital of France?
(A) Paris
(B) Berlin
(C) Madrid
(D) Rome
(E) Lisbon
Answer: (A)

Question: Which planet is the largest in the Solar System?
(A) Earth
(B) Jupiter
(C) Saturn
(D) Venus
(E) Mars
Answer: (B)

Question: What is the chemical formula for water?
(A) CO2
(B) O2
(C) H2O
(D) NaCl
(E) CH4
Answer: (C)

Question: What process do plants use to convert sunlight into chemical energy?
(A) Respiration
(B) Fermentation
(C) Evaporation
(D) Photosynthesis
(E) Condensation
Answer: (D)

Question: What is the primary function of red blood cells?
(A) Transmit nerve signals
(B) Produce bile
(C) Filter lymph
(D) Digest proteins
(E) Carry oxygen
Answer: (E)

Question: According to the paper ""Group Sequence Policy Optimization"", GSPO uses sequence-level rather than token-level likelihoods for optimization; sequence-level likelihoods are said to be much more tolerant of
(A) distributional shifts.
(B) routing mode mismatches.
(C) token-level fluctuations.
(D) expert-activation volatility.
(E) precision discrepancies."
"In the paper ""Group Sequence Policy Optimization"", according to the authors, the sequence likelihood of the MoE model will not fluctuate drastically because it",maintains its language modeling capability,(B),"In the paper ""Group Sequence Policy Optimization"", according to the authors, the sequence likelihood of the MoE model will not fluctuate drastically because it
(A) optimizes only token-level importance ratios
(B) maintains its language modeling capability
(C) shares a consistent activated network across gradient updates
(D) enforces balanced expert utilization during routing
(E) reuses cached routing modes during likelihood computation",optimizes only token-level importance ratios,maintains its language modeling capability,shares a consistent activated network across gradient updates,enforces balanced expert utilization during routing,reuses cached routing modes during likelihood computation,"[""reuses cached routing modes during likelihood computation"", ""shares a consistent activated network across gradient updates"", ""optimizes only token-level importance ratios"", ""enforces balanced expert utilization during routing""]","In the paper ""Group Sequence Policy Optimization"", according to the authors, the sequence likelihood of the MoE model will not fluctuate drastically because it maintains its language modeling capability","Since the MoE model always maintains its language modeling capability, the sequence likelihood will not fluctuate drastically.",Experiments and Discussion,"Question: Which city is the capital of France?
(A) Paris
(B) Berlin
(C) Madrid
(D) Rome
(E) Lisbon
Answer: (A)

Question: Which planet is the largest in the Solar System?
(A) Earth
(B) Jupiter
(C) Saturn
(D) Venus
(E) Mars
Answer: (B)

Question: What is the chemical formula for water?
(A) CO2
(B) O2
(C) H2O
(D) NaCl
(E) CH4
Answer: (C)

Question: What process do plants use to convert sunlight into chemical energy?
(A) Respiration
(B) Fermentation
(C) Evaporation
(D) Photosynthesis
(E) Condensation
Answer: (D)

Question: What is the primary function of red blood cells?
(A) Transmit nerve signals
(B) Produce bile
(C) Filter lymph
(D) Digest proteins
(E) Carry oxygen
Answer: (E)

Question: In the paper ""Group Sequence Policy Optimization"", according to the authors, the sequence likelihood of the MoE model will not fluctuate drastically because it
(A) optimizes only token-level importance ratios
(B) maintains its language modeling capability
(C) shares a consistent activated network across gradient updates
(D) enforces balanced expert utilization during routing
(E) reuses cached routing modes during likelihood computation"
"According to the paper ""Group Sequence Policy Optimization"", by directly using the likelihoods returned by the inference engine for optimization, GSPO avoids the need to recompute them with",the training engine.,(D),"According to the paper ""Group Sequence Policy Optimization"", by directly using the likelihoods returned by the inference engine for optimization, GSPO avoids the need to recompute them with
(A) a Routing Replay pass.
(B) the reference model.
(C) the reward model.
(D) the training engine.
(E) the inference engine itself.",a Routing Replay pass.,the reference model.,the reward model.,the training engine.,the inference engine itself.,"[""the inference engine itself."", ""a Routing Replay pass."", ""the reference model."", ""the reward model.""]","According to the paper ""Group Sequence Policy Optimization"", by directly using the likelihoods returned by the inference engine for optimization, GSPO avoids the need to recompute them with the training engine.","Hence, GSPO makes it possible to directly use the likelihoods returned by the inference engine for optimization, thereby avoiding the need for recomputation with the training engine.",Experiments and Discussion,"Question: Which city is the capital of France?
(A) Paris
(B) Berlin
(C) Madrid
(D) Rome
(E) Lisbon
Answer: (A)

Question: Which planet is the largest in the Solar System?
(A) Earth
(B) Jupiter
(C) Saturn
(D) Venus
(E) Mars
Answer: (B)

Question: What is the chemical formula for water?
(A) CO2
(B) O2
(C) H2O
(D) NaCl
(E) CH4
Answer: (C)

Question: What process do plants use to convert sunlight into chemical energy?
(A) Respiration
(B) Fermentation
(C) Evaporation
(D) Photosynthesis
(E) Condensation
Answer: (D)

Question: What is the primary function of red blood cells?
(A) Transmit nerve signals
(B) Produce bile
(C) Filter lymph
(D) Digest proteins
(E) Carry oxygen
Answer: (E)

Question: According to the paper ""Group Sequence Policy Optimization"", by directly using the likelihoods returned by the inference engine for optimization, GSPO avoids the need to recompute them with
(A) a Routing Replay pass.
(B) the reference model.
(C) the reward model.
(D) the training engine.
(E) the inference engine itself."
"According to the paper ""Group Sequence Policy Optimization"", on the AIME'24 benchmark, the evaluation measure used for the model performance curves is",average Pass@1 over 32 samplings.,(E),"According to the paper ""Group Sequence Policy Optimization"", on the AIME'24 benchmark, the evaluation measure used for the model performance curves is
(A) Elo Rating on the benchmark problems.
(B) average Pass@1 over 8 samplings.
(C) average Pass@5 over 32 samplings.
(D) majority-vote accuracy over 32 samplings.
(E) average Pass@1 over 32 samplings.",Elo Rating on the benchmark problems.,average Pass@1 over 8 samplings.,average Pass@5 over 32 samplings.,majority-vote accuracy over 32 samplings.,average Pass@1 over 32 samplings.,"[""average Pass@1 over 8 samplings."", ""Elo Rating on the benchmark problems."", ""majority-vote accuracy over 32 samplings."", ""average Pass@5 over 32 samplings.""]","According to the paper ""Group Sequence Policy Optimization"", on the AIME'24 benchmark, the evaluation measure used for the model performance curves is average Pass@1 over 32 samplings.","We experiment with a cold-start model fine-tuned from Qwen3-30B-A3B-Base, and report the training reward curves as well as the model performance curves on the AIME'24 (average Pass@1 over 32 samplings), LiveCodeBench (202410-202502, average Pass@1 over 8 samplings), and CodeForces (Elo Rating) benchmarks.",Experiments and Discussion,"Question: Which city is the capital of France?
(A) Paris
(B) Berlin
(C) Madrid
(D) Rome
(E) Lisbon
Answer: (A)

Question: Which planet is the largest in the Solar System?
(A) Earth
(B) Jupiter
(C) Saturn
(D) Venus
(E) Mars
Answer: (B)

Question: What is the chemical formula for water?
(A) CO2
(B) O2
(C) H2O
(D) NaCl
(E) CH4
Answer: (C)

Question: What process do plants use to convert sunlight into chemical energy?
(A) Respiration
(B) Fermentation
(C) Evaporation
(D) Photosynthesis
(E) Condensation
Answer: (D)

Question: What is the primary function of red blood cells?
(A) Transmit nerve signals
(B) Produce bile
(C) Filter lymph
(D) Digest proteins
(E) Carry oxygen
Answer: (E)

Question: According to the paper ""Group Sequence Policy Optimization"", on the AIME'24 benchmark, the evaluation measure used for the model performance curves is
(A) Elo Rating on the benchmark problems.
(B) average Pass@1 over 8 samplings.
(C) average Pass@5 over 32 samplings.
(D) majority-vote accuracy over 32 samplings.
(E) average Pass@1 over 32 samplings."
"According to the paper ""Group Sequence Policy Optimization"", following the basic principle of importance sampling, GSPO defines importance ratios based on",sequence likelihood.,(A),"According to the paper ""Group Sequence Policy Optimization"", following the basic principle of importance sampling, GSPO defines importance ratios based on
(A) sequence likelihood.
(B) sequence-level rewards.
(C) token likelihood.
(D) group-relative advantages.
(E) policy logits.",sequence likelihood.,sequence-level rewards.,token likelihood.,group-relative advantages.,policy logits.,"[""token likelihood."", ""sequence-level rewards."", ""group-relative advantages."", ""policy logits.""]","According to the paper ""Group Sequence Policy Optimization"", following the basic principle of importance sampling, GSPO defines importance ratios based on sequence likelihood.","Following the basic principle of importance sampling, GSPO defines importance ratios based on sequence likelihood and performs sequence-level clipping, rewarding, and optimization.",Conclusion,"Question: Which city is the capital of France?
(A) Paris
(B) Berlin
(C) Madrid
(D) Rome
(E) Lisbon
Answer: (A)

Question: Which planet is the largest in the Solar System?
(A) Earth
(B) Jupiter
(C) Saturn
(D) Venus
(E) Mars
Answer: (B)

Question: What is the chemical formula for water?
(A) CO2
(B) O2
(C) H2O
(D) NaCl
(E) CH4
Answer: (C)

Question: What process do plants use to convert sunlight into chemical energy?
(A) Respiration
(B) Fermentation
(C) Evaporation
(D) Photosynthesis
(E) Condensation
Answer: (D)

Question: What is the primary function of red blood cells?
(A) Transmit nerve signals
(B) Produce bile
(C) Filter lymph
(D) Digest proteins
(E) Carry oxygen
Answer: (E)

Question: According to the paper ""Group Sequence Policy Optimization"", following the basic principle of importance sampling, GSPO defines importance ratios based on
(A) sequence likelihood.
(B) sequence-level rewards.
(C) token likelihood.
(D) group-relative advantages.
(E) policy logits."
"According to the paper ""Group Sequence Policy Optimization"", the complex workaround for expert-activation volatility in MoE models that becomes unnecessary because GSPO fundamentally resolves that issue is",Routing Replay.,(E),"According to the paper ""Group Sequence Policy Optimization"", the complex workaround for expert-activation volatility in MoE models that becomes unnecessary because GSPO fundamentally resolves that issue is
(A) training-engine likelihood recomputation
(B) top-k expert capacity limiting
(C) token-level importance-ratio clipping
(D) auxiliary load-balancing regularization
(E) Routing Replay.",training-engine likelihood recomputation,top-k expert capacity limiting,token-level importance-ratio clipping,auxiliary load-balancing regularization,Routing Replay.,"[""training-engine likelihood recomputation"", ""token-level importance-ratio clipping"", ""auxiliary load-balancing regularization"", ""top-k expert capacity limiting""]","According to the paper ""Group Sequence Policy Optimization"", the complex workaround for expert-activation volatility in MoE models that becomes unnecessary because GSPO fundamentally resolves that issue is Routing Replay.","In summary, GSPO fundamentally resolves the expert-activation volatility issue in MoE models, obviating the need for complex workarounds like Routing Replay.",Experiments and Discussion,"Question: Which city is the capital of France?
(A) Paris
(B) Berlin
(C) Madrid
(D) Rome
(E) Lisbon
Answer: (A)

Question: Which planet is the largest in the Solar System?
(A) Earth
(B) Jupiter
(C) Saturn
(D) Venus
(E) Mars
Answer: (B)

Question: What is the chemical formula for water?
(A) CO2
(B) O2
(C) H2O
(D) NaCl
(E) CH4
Answer: (C)

Question: What process do plants use to convert sunlight into chemical energy?
(A) Respiration
(B) Fermentation
(C) Evaporation
(D) Photosynthesis
(E) Condensation
Answer: (D)

Question: What is the primary function of red blood cells?
(A) Transmit nerve signals
(B) Produce bile
(C) Filter lymph
(D) Digest proteins
(E) Carry oxygen
Answer: (E)

Question: According to the paper ""Group Sequence Policy Optimization"", the complex workaround for expert-activation volatility in MoE models that becomes unnecessary because GSPO fundamentally resolves that issue is
(A) training-engine likelihood recomputation
(B) top-k expert capacity limiting
(C) token-level importance-ratio clipping
(D) auxiliary load-balancing regularization
(E) Routing Replay."
"According to the paper ""Group Sequence Policy Optimization"", GSPO demonstrates notably superior training stability, efficiency, and performance compared to the algorithm",GRPO.,(C),"According to the paper ""Group Sequence Policy Optimization"", GSPO demonstrates notably superior training stability, efficiency, and performance compared to the algorithm
(A) PPO.
(B) TRPO.
(C) GRPO.
(D) DPO.
(E) GSPO.",PPO.,TRPO.,GRPO.,DPO.,GSPO.,"[""PPO."", ""TRPO."", ""DPO."", ""GSPO.""]","According to the paper ""Group Sequence Policy Optimization"", GSPO demonstrates notably superior training stability, efficiency, and performance compared to the algorithm GRPO.","GSPO demonstrates notably superior training stability, efficiency, and performance compared to GRPO and exhibits particular efficacy for the large-scale RL training of MoE models, laying the foundation for the exceptional improvements in the latest Qwen3 models.",Conclusion,"Question: Which city is the capital of France?
(A) Paris
(B) Berlin
(C) Madrid
(D) Rome
(E) Lisbon
Answer: (A)

Question: Which planet is the largest in the Solar System?
(A) Earth
(B) Jupiter
(C) Saturn
(D) Venus
(E) Mars
Answer: (B)

Question: What is the chemical formula for water?
(A) CO2
(B) O2
(C) H2O
(D) NaCl
(E) CH4
Answer: (C)

Question: What process do plants use to convert sunlight into chemical energy?
(A) Respiration
(B) Fermentation
(C) Evaporation
(D) Photosynthesis
(E) Condensation
Answer: (D)

Question: What is the primary function of red blood cells?
(A) Transmit nerve signals
(B) Produce bile
(C) Filter lymph
(D) Digest proteins
(E) Carry oxygen
Answer: (E)

Question: According to the paper ""Group Sequence Policy Optimization"", GSPO demonstrates notably superior training stability, efficiency, and performance compared to the algorithm
(A) PPO.
(B) TRPO.
(C) GRPO.
(D) DPO.
(E) GSPO."
"According to the paper ""Group Sequence Policy Optimization"", GSPO is proposed as a new reinforcement learning algorithm for training",large language models.,(A),"According to the paper ""Group Sequence Policy Optimization"", GSPO is proposed as a new reinforcement learning algorithm for training
(A) large language models.
(B) mixture-of-expert models.
(C) transformer-based reward models.
(D) multimodal foundation models.
(E) diffusion-based generative models.",large language models.,mixture-of-expert models.,transformer-based reward models.,multimodal foundation models.,diffusion-based generative models.,"[""mixture-of-expert models."", ""multimodal foundation models."", ""diffusion-based generative models."", ""transformer-based reward models.""]","According to the paper ""Group Sequence Policy Optimization"", GSPO is proposed as a new reinforcement learning algorithm for training large language models.","We propose Group Sequence Policy Optimization (GSPO), a new reinforcement learning algorithm for training large language models.",Conclusion,"Question: Which city is the capital of France?
(A) Paris
(B) Berlin
(C) Madrid
(D) Rome
(E) Lisbon
Answer: (A)

Question: Which planet is the largest in the Solar System?
(A) Earth
(B) Jupiter
(C) Saturn
(D) Venus
(E) Mars
Answer: (B)

Question: What is the chemical formula for water?
(A) CO2
(B) O2
(C) H2O
(D) NaCl
(E) CH4
Answer: (C)

Question: What process do plants use to convert sunlight into chemical energy?
(A) Respiration
(B) Fermentation
(C) Evaporation
(D) Photosynthesis
(E) Condensation
Answer: (D)

Question: What is the primary function of red blood cells?
(A) Transmit nerve signals
(B) Produce bile
(C) Filter lymph
(D) Digest proteins
(E) Carry oxygen
Answer: (E)

Question: According to the paper ""Group Sequence Policy Optimization"", GSPO is proposed as a new reinforcement learning algorithm for training
(A) large language models.
(B) mixture-of-expert models.
(C) transformer-based reward models.
(D) multimodal foundation models.
(E) diffusion-based generative models."
"In the paper ""Group Sequence Policy Optimization"", GSPO follows the basic principle of defining its importance ratios for sequence likelihood and performing sequence-level clipping, rewarding, and optimization using",importance sampling,(E),"In the paper ""Group Sequence Policy Optimization"", GSPO follows the basic principle of defining its importance ratios for sequence likelihood and performing sequence-level clipping, rewarding, and optimization using
(A) policy gradient estimation
(B) sequence likelihood ratios
(C) proximal policy optimization
(D) group relative policy optimization
(E) importance sampling",policy gradient estimation,sequence likelihood ratios,proximal policy optimization,group relative policy optimization,importance sampling,"[""sequence likelihood ratios"", ""group relative policy optimization"", ""proximal policy optimization"", ""policy gradient estimation""]","In the paper ""Group Sequence Policy Optimization"", GSPO follows the basic principle of defining its importance ratios for sequence likelihood and performing sequence-level clipping, rewarding, and optimization using importance sampling","Following the basic principle of importance sampling, GSPO defines importance ratios based on sequence likelihood and performs sequence-level clipping, rewarding, and optimization.",Conclusion,"Question: Which city is the capital of France?
(A) Paris
(B) Berlin
(C) Madrid
(D) Rome
(E) Lisbon
Answer: (A)

Question: Which planet is the largest in the Solar System?
(A) Earth
(B) Jupiter
(C) Saturn
(D) Venus
(E) Mars
Answer: (B)

Question: What is the chemical formula for water?
(A) CO2
(B) O2
(C) H2O
(D) NaCl
(E) CH4
Answer: (C)

Question: What process do plants use to convert sunlight into chemical energy?
(A) Respiration
(B) Fermentation
(C) Evaporation
(D) Photosynthesis
(E) Condensation
Answer: (D)

Question: What is the primary function of red blood cells?
(A) Transmit nerve signals
(B) Produce bile
(C) Filter lymph
(D) Digest proteins
(E) Carry oxygen
Answer: (E)

Question: In the paper ""Group Sequence Policy Optimization"", GSPO follows the basic principle of defining its importance ratios for sequence likelihood and performing sequence-level clipping, rewarding, and optimization using
(A) policy gradient estimation
(B) sequence likelihood ratios
(C) proximal policy optimization
(D) group relative policy optimization
(E) importance sampling"
"According to the paper ""Group Sequence Policy Optimization"", the issue in MoE models that GSPO fundamentally resolves, making complex workarounds like Routing Replay unnecessary, is",the expert-activation volatility issue,(B),"According to the paper ""Group Sequence Policy Optimization"", the issue in MoE models that GSPO fundamentally resolves, making complex workarounds like Routing Replay unnecessary, is
(A) the routing-reuse memory and communication overhead
(B) the expert-activation volatility issue
(C) the token-level credit assignment problem
(D) the expert load-balancing collapse issue
(E) the precision-discrepancy issue between training and inference engines",the routing-reuse memory and communication overhead,the expert-activation volatility issue,the token-level credit assignment problem,the expert load-balancing collapse issue,the precision-discrepancy issue between training and inference engines,"[""the routing-reuse memory and communication overhead"", ""the precision-discrepancy issue between training and inference engines"", ""the expert load-balancing collapse issue"", ""the token-level credit assignment problem""]","According to the paper ""Group Sequence Policy Optimization"", the issue in MoE models that GSPO fundamentally resolves, making complex workarounds like Routing Replay unnecessary, is the expert-activation volatility issue","In summary, GSPO fundamentally resolves the expert-activation volatility issue in MoE models, obviating the need for complex workarounds like Routing Replay.",Experiments and Discussion,"Question: Which city is the capital of France?
(A) Paris
(B) Berlin
(C) Madrid
(D) Rome
(E) Lisbon
Answer: (A)

Question: Which planet is the largest in the Solar System?
(A) Earth
(B) Jupiter
(C) Saturn
(D) Venus
(E) Mars
Answer: (B)

Question: What is the chemical formula for water?
(A) CO2
(B) O2
(C) H2O
(D) NaCl
(E) CH4
Answer: (C)

Question: What process do plants use to convert sunlight into chemical energy?
(A) Respiration
(B) Fermentation
(C) Evaporation
(D) Photosynthesis
(E) Condensation
Answer: (D)

Question: What is the primary function of red blood cells?
(A) Transmit nerve signals
(B) Produce bile
(C) Filter lymph
(D) Digest proteins
(E) Carry oxygen
Answer: (E)

Question: According to the paper ""Group Sequence Policy Optimization"", the issue in MoE models that GSPO fundamentally resolves, making complex workarounds like Routing Replay unnecessary, is
(A) the routing-reuse memory and communication overhead
(B) the expert-activation volatility issue
(C) the token-level credit assignment problem
(D) the expert load-balancing collapse issue
(E) the precision-discrepancy issue between training and inference engines"
"According to the paper ""Group Sequence Policy Optimization"", GSPO is said to lay the foundation for the exceptional improvements in",the latest Qwen3 models.,(B),"According to the paper ""Group Sequence Policy Optimization"", GSPO is said to lay the foundation for the exceptional improvements in
(A) the latest Llama 3 models.
(B) the latest Qwen3 models.
(C) the newest DeepSeek-R1 models.
(D) the GRPO baseline models.
(E) large-scale MoE models.",the latest Llama 3 models.,the latest Qwen3 models.,the newest DeepSeek-R1 models.,the GRPO baseline models.,large-scale MoE models.,"[""large-scale MoE models."", ""the GRPO baseline models."", ""the latest Llama 3 models."", ""the newest DeepSeek-R1 models.""]","According to the paper ""Group Sequence Policy Optimization"", GSPO is said to lay the foundation for the exceptional improvements in the latest Qwen3 models.","GSPO demonstrates notably superior training stability, efficiency, and performance compared to GRPO and exhibits particular efficacy for the large-scale RL training of MoE models, laying the foundation for the exceptional improvements in the latest Qwen3 models.",Conclusion,"Question: Which city is the capital of France?
(A) Paris
(B) Berlin
(C) Madrid
(D) Rome
(E) Lisbon
Answer: (A)

Question: Which planet is the largest in the Solar System?
(A) Earth
(B) Jupiter
(C) Saturn
(D) Venus
(E) Mars
Answer: (B)

Question: What is the chemical formula for water?
(A) CO2
(B) O2
(C) H2O
(D) NaCl
(E) CH4
Answer: (C)

Question: What process do plants use to convert sunlight into chemical energy?
(A) Respiration
(B) Fermentation
(C) Evaporation
(D) Photosynthesis
(E) Condensation
Answer: (D)

Question: What is the primary function of red blood cells?
(A) Transmit nerve signals
(B) Produce bile
(C) Filter lymph
(D) Digest proteins
(E) Carry oxygen
Answer: (E)

Question: According to the paper ""Group Sequence Policy Optimization"", GSPO is said to lay the foundation for the exceptional improvements in
(A) the latest Llama 3 models.
(B) the latest Qwen3 models.
(C) the newest DeepSeek-R1 models.
(D) the GRPO baseline models.
(E) large-scale MoE models."
"According to the paper ""Group Sequence Policy Optimization"", when comparing against GRPO as the baseline during RL training and tuning Equation~\eqref{equ:grpo} for a fair comparison, the left clipping range was set to",0.2,(B),"According to the paper ""Group Sequence Policy Optimization"", when comparing against GRPO as the baseline during RL training and tuning Equation~\eqref{equ:grpo} for a fair comparison, the left clipping range was set to
(A) 0.1
(B) 0.2
(C) 0.27
(D) 3e-4
(E) 4e-4",0.1,0.2,0.27,3e-4,4e-4,"[""0.27"", ""3e-4"", ""4e-4"", ""0.1""]","According to the paper ""Group Sequence Policy Optimization"", when comparing against GRPO as the baseline during RL training and tuning Equation~\eqref{equ:grpo} for a fair comparison, the left clipping range was set to 0.2","We compare against GRPO as the baseline and set the left and right clipping ranges in Equation~\eqref{equ:grpo} to 0.2 and 0.27, respectively, which we have carefully tuned to ensure a fair comparison.",Experiments and Discussion,"Question: Which city is the capital of France?
(A) Paris
(B) Berlin
(C) Madrid
(D) Rome
(E) Lisbon
Answer: (A)

Question: Which planet is the largest in the Solar System?
(A) Earth
(B) Jupiter
(C) Saturn
(D) Venus
(E) Mars
Answer: (B)

Question: What is the chemical formula for water?
(A) CO2
(B) O2
(C) H2O
(D) NaCl
(E) CH4
Answer: (C)

Question: What process do plants use to convert sunlight into chemical energy?
(A) Respiration
(B) Fermentation
(C) Evaporation
(D) Photosynthesis
(E) Condensation
Answer: (D)

Question: What is the primary function of red blood cells?
(A) Transmit nerve signals
(B) Produce bile
(C) Filter lymph
(D) Digest proteins
(E) Carry oxygen
Answer: (E)

Question: According to the paper ""Group Sequence Policy Optimization"", when comparing against GRPO as the baseline during RL training and tuning Equation~\eqref{equ:grpo} for a fair comparison, the left clipping range was set to
(A) 0.1
(B) 0.2
(C) 0.27
(D) 3e-4
(E) 4e-4"
"In the paper ""Group Sequence Policy Optimization"", although GSPO-token and GSPO are numerically identical in the optimization objective, clipping condition, and theoretical gradient when all token advantages in the response $y_i$ are set to the same value, GSPO-token enjoys",the higher flexibility of adjusting the advantages per token.,(C),"In the paper ""Group Sequence Policy Optimization"", although GSPO-token and GSPO are numerically identical in the optimization objective, clipping condition, and theoretical gradient when all token advantages in the response $y_i$ are set to the same value, GSPO-token enjoys
(A) the improved sample efficiency of optimizing token probabilities independently.
(B) the same clipping condition applied at the response level.
(C) the higher flexibility of adjusting the advantages per token.
(D) the lower variance of sequence-level policy gradient updates.
(E) the benefit of using the detach operation to keep the per-token ratio numerically equal to the sequence ratio.",the improved sample efficiency of optimizing token probabilities independently.,the same clipping condition applied at the response level.,the higher flexibility of adjusting the advantages per token.,the lower variance of sequence-level policy gradient updates.,the benefit of using the detach operation to keep the per-token ratio numerically equal to the sequence ratio.,"[""the same clipping condition applied at the response level."", ""the benefit of using the detach operation to keep the per-token ratio numerically equal to the sequence ratio."", ""the lower variance of sequence-level policy gradient updates."", ""the improved sample efficiency of optimizing token probabilities independently.""]","In the paper ""Group Sequence Policy Optimization"", although GSPO-token and GSPO are numerically identical in the optimization objective, clipping condition, and theoretical gradient when all token advantages in the response $y_i$ are set to the same value, GSPO-token enjoys the higher flexibility of adjusting the advantages per token.","Comparing Equation~\eqref{equ:gspo} and~\eqref{equ:gspo-token}, and Equation~\eqref{equ:gspo_grad} and~\eqref{equ:gspo-token_grad}, GSPO-token and GSPO are numerically identical in the optimization objective, clipping condition, and theoretical gradient when we set the advantages of all the tokens in the response $y_i$ to the same value (i.e., $\widehat{A}_{i,t} = \widehat{A}_{i}$), while GSPO-token enjoys the higher flexibility of adjusting the advantages per token.",Algorithm,"Question: Which city is the capital of France?
(A) Paris
(B) Berlin
(C) Madrid
(D) Rome
(E) Lisbon
Answer: (A)

Question: Which planet is the largest in the Solar System?
(A) Earth
(B) Jupiter
(C) Saturn
(D) Venus
(E) Mars
Answer: (B)

Question: What is the chemical formula for water?
(A) CO2
(B) O2
(C) H2O
(D) NaCl
(E) CH4
Answer: (C)

Question: What process do plants use to convert sunlight into chemical energy?
(A) Respiration
(B) Fermentation
(C) Evaporation
(D) Photosynthesis
(E) Condensation
Answer: (D)

Question: What is the primary function of red blood cells?
(A) Transmit nerve signals
(B) Produce bile
(C) Filter lymph
(D) Digest proteins
(E) Carry oxygen
Answer: (E)

Question: In the paper ""Group Sequence Policy Optimization"", although GSPO-token and GSPO are numerically identical in the optimization objective, clipping condition, and theoretical gradient when all token advantages in the response $y_i$ are set to the same value, GSPO-token enjoys
(A) the improved sample efficiency of optimizing token probabilities independently.
(B) the same clipping condition applied at the response level.
(C) the higher flexibility of adjusting the advantages per token.
(D) the lower variance of sequence-level policy gradient updates.
(E) the benefit of using the detach operation to keep the per-token ratio numerically equal to the sequence ratio."
"According to the paper ""Group Sequence Policy Optimization"", the ill-posed GRPO objective becomes particularly acute when",training large models on long-response tasks,(E),"According to the paper ""Group Sequence Policy Optimization"", the ill-posed GRPO objective becomes particularly acute when
(A) relying on off-policy samples generated by an old policy
(B) splitting large rollout batches into multiple mini-batches for updates
(C) training sparse Mixture-of-Experts models with large rollout batches
(D) optimizing long-horizon policies with high-variance reward estimates
(E) training large models on long-response tasks",relying on off-policy samples generated by an old policy,splitting large rollout batches into multiple mini-batches for updates,training sparse Mixture-of-Experts models with large rollout batches,optimizing long-horizon policies with high-variance reward estimates,training large models on long-response tasks,"[""splitting large rollout batches into multiple mini-batches for updates"", ""training sparse Mixture-of-Experts models with large rollout batches"", ""relying on off-policy samples generated by an old policy"", ""optimizing long-horizon policies with high-variance reward estimates""]","According to the paper ""Group Sequence Policy Optimization"", the ill-posed GRPO objective becomes particularly acute when training large models on long-response tasks","This problem becomes particularly acute when training large models on long-response tasks, leading to catastrophic model collapse.",Motivation,"Question: Which city is the capital of France?
(A) Paris
(B) Berlin
(C) Madrid
(D) Rome
(E) Lisbon
Answer: (A)

Question: Which planet is the largest in the Solar System?
(A) Earth
(B) Jupiter
(C) Saturn
(D) Venus
(E) Mars
Answer: (B)

Question: What is the chemical formula for water?
(A) CO2
(B) O2
(C) H2O
(D) NaCl
(E) CH4
Answer: (C)

Question: What process do plants use to convert sunlight into chemical energy?
(A) Respiration
(B) Fermentation
(C) Evaporation
(D) Photosynthesis
(E) Condensation
Answer: (D)

Question: What is the primary function of red blood cells?
(A) Transmit nerve signals
(B) Produce bile
(C) Filter lymph
(D) Digest proteins
(E) Carry oxygen
Answer: (E)

Question: According to the paper ""Group Sequence Policy Optimization"", the ill-posed GRPO objective becomes particularly acute when
(A) relying on off-policy samples generated by an old policy
(B) splitting large rollout batches into multiple mini-batches for updates
(C) training sparse Mixture-of-Experts models with large rollout batches
(D) optimizing long-horizon policies with high-variance reward estimates
(E) training large models on long-response tasks"
"According to the paper ""Group Sequence Policy Optimization"", GSPO exhibits particular efficacy for the large-scale RL training of",MoE models.,(A),"According to the paper ""Group Sequence Policy Optimization"", GSPO exhibits particular efficacy for the large-scale RL training of
(A) MoE models.
(B) multimodal foundation models.
(C) large language models.
(D) Qwen3 models.
(E) dense transformer models.",MoE models.,multimodal foundation models.,large language models.,Qwen3 models.,dense transformer models.,"[""large language models."", ""Qwen3 models."", ""dense transformer models."", ""multimodal foundation models.""]","According to the paper ""Group Sequence Policy Optimization"", GSPO exhibits particular efficacy for the large-scale RL training of MoE models.","GSPO demonstrates notably superior training stability, efficiency, and performance compared to GRPO and exhibits particular efficacy for the large-scale RL training of MoE models, laying the foundation for the exceptional improvements in the latest Qwen3 models.",Conclusion,"Question: Which city is the capital of France?
(A) Paris
(B) Berlin
(C) Madrid
(D) Rome
(E) Lisbon
Answer: (A)

Question: Which planet is the largest in the Solar System?
(A) Earth
(B) Jupiter
(C) Saturn
(D) Venus
(E) Mars
Answer: (B)

Question: What is the chemical formula for water?
(A) CO2
(B) O2
(C) H2O
(D) NaCl
(E) CH4
Answer: (C)

Question: What process do plants use to convert sunlight into chemical energy?
(A) Respiration
(B) Fermentation
(C) Evaporation
(D) Photosynthesis
(E) Condensation
Answer: (D)

Question: What is the primary function of red blood cells?
(A) Transmit nerve signals
(B) Produce bile
(C) Filter lymph
(D) Digest proteins
(E) Carry oxygen
Answer: (E)

Question: According to the paper ""Group Sequence Policy Optimization"", GSPO exhibits particular efficacy for the large-scale RL training of
(A) MoE models.
(B) multimodal foundation models.
(C) large language models.
(D) Qwen3 models.
(E) dense transformer models."
"According to the paper ""Group Sequence Policy Optimization"", GSPO’s direct use of the likelihoods returned by the inference engine for optimization can be especially beneficial in",training-inference disaggregated frameworks.,(B),"According to the paper ""Group Sequence Policy Optimization"", GSPO’s direct use of the likelihoods returned by the inference engine for optimization can be especially beneficial in
(A) offline reinforcement learning evaluation workflows
(B) training-inference disaggregated frameworks.
(C) training pipelines that depend on Routing Replay
(D) mixture-of-experts models with expert-activation volatility
(E) fully synchronous single-engine RLHF systems",offline reinforcement learning evaluation workflows,training-inference disaggregated frameworks.,training pipelines that depend on Routing Replay,mixture-of-experts models with expert-activation volatility,fully synchronous single-engine RLHF systems,"[""mixture-of-experts models with expert-activation volatility"", ""training pipelines that depend on Routing Replay"", ""fully synchronous single-engine RLHF systems"", ""offline reinforcement learning evaluation workflows""]","According to the paper ""Group Sequence Policy Optimization"", GSPO’s direct use of the likelihoods returned by the inference engine for optimization can be especially beneficial in training-inference disaggregated frameworks.",This can be especially beneficial in scenarios like partial rollout and multi-turn RL and in the training-inference disaggregated frameworks.,Experiments and Discussion,"Question: Which city is the capital of France?
(A) Paris
(B) Berlin
(C) Madrid
(D) Rome
(E) Lisbon
Answer: (A)

Question: Which planet is the largest in the Solar System?
(A) Earth
(B) Jupiter
(C) Saturn
(D) Venus
(E) Mars
Answer: (B)

Question: What is the chemical formula for water?
(A) CO2
(B) O2
(C) H2O
(D) NaCl
(E) CH4
Answer: (C)

Question: What process do plants use to convert sunlight into chemical energy?
(A) Respiration
(B) Fermentation
(C) Evaporation
(D) Photosynthesis
(E) Condensation
Answer: (D)

Question: What is the primary function of red blood cells?
(A) Transmit nerve signals
(B) Produce bile
(C) Filter lymph
(D) Digest proteins
(E) Carry oxygen
Answer: (E)

Question: According to the paper ""Group Sequence Policy Optimization"", GSPO’s direct use of the likelihoods returned by the inference engine for optimization can be especially beneficial in
(A) offline reinforcement learning evaluation workflows
(B) training-inference disaggregated frameworks.
(C) training pipelines that depend on Routing Replay
(D) mixture-of-experts models with expert-activation volatility
(E) fully synchronous single-engine RLHF systems"
"According to the paper ""Group Sequence Policy Optimization"", the authors state that GSPO focuses only on the sequence likelihood $\pi_{\theta}(y_i \mid x)$ and is not sensitive to",the individual token likelihood,(E),"According to the paper ""Group Sequence Policy Optimization"", the authors state that GSPO focuses only on the sequence likelihood $\pi_{\theta}(y_i \mid x)$ and is not sensitive to
(A) the precision discrepancies between training and inference engines
(B) the activated routing mode of each token
(C) the expert-activation volatility in MoE models
(D) the token-level importance ratio
(E) the individual token likelihood",the precision discrepancies between training and inference engines,the activated routing mode of each token,the expert-activation volatility in MoE models,the token-level importance ratio,the individual token likelihood,"[""the token-level importance ratio"", ""the activated routing mode of each token"", ""the expert-activation volatility in MoE models"", ""the precision discrepancies between training and inference engines""]","According to the paper ""Group Sequence Policy Optimization"", the authors state that GSPO focuses only on the sequence likelihood $\pi_{\theta}(y_i \mid x)$ and is not sensitive to the individual token likelihood","The key insight is that GSPO focuses only on the sequence likelihood (i.e., $\pi_{\theta} (y_i | x)$) and is not sensitive to the individual token likelihood (i.e., $\pi_{\theta} (y_{i,t} | x, y_{i,<t})$).",Experiments and Discussion,"Question: Which city is the capital of France?
(A) Paris
(B) Berlin
(C) Madrid
(D) Rome
(E) Lisbon
Answer: (A)

Question: Which planet is the largest in the Solar System?
(A) Earth
(B) Jupiter
(C) Saturn
(D) Venus
(E) Mars
Answer: (B)

Question: What is the chemical formula for water?
(A) CO2
(B) O2
(C) H2O
(D) NaCl
(E) CH4
Answer: (C)

Question: What process do plants use to convert sunlight into chemical energy?
(A) Respiration
(B) Fermentation
(C) Evaporation
(D) Photosynthesis
(E) Condensation
Answer: (D)

Question: What is the primary function of red blood cells?
(A) Transmit nerve signals
(B) Produce bile
(C) Filter lymph
(D) Digest proteins
(E) Carry oxygen
Answer: (E)

Question: According to the paper ""Group Sequence Policy Optimization"", the authors state that GSPO focuses only on the sequence likelihood $\pi_{\theta}(y_i \mid x)$ and is not sensitive to
(A) the precision discrepancies between training and inference engines
(B) the activated routing mode of each token
(C) the expert-activation volatility in MoE models
(D) the token-level importance ratio
(E) the individual token likelihood"
"According to the paper ""Group Sequence Policy Optimization"", the likelihood of a response $y$ to a query $x$ under the policy $\pi_\theta$ is denoted, using the token-level autoregressive factorization over the tokens in $y$, by","$\pi_\theta (y | x)=\prod_{t=1}^{|y|} \pi_\theta (y_t | x, y_{<t} )$",(E),"According to the paper ""Group Sequence Policy Optimization"", the likelihood of a response $y$ to a query $x$ under the policy $\pi_\theta$ is denoted, using the token-level autoregressive factorization over the tokens in $y$, by
(A) $\pi_\theta (y \mid x)=\frac{\exp s_\theta(x,y)}{\sum_{y'} \exp s_\theta(x,y')}$
(B) $\pi_\theta (y \mid x)=\prod_{t=1}^{|y|} \pi_\theta (y_t \mid x)$
(C) $\pi_\theta (y \mid x)=\sum_{t=1}^{|y|} \pi_\theta (y_t \mid x, y_{<t})$
(D) $\pi_\theta (y \mid x)=\prod_{t=1}^{|y|} \frac{\pi_\theta (y_t \mid x, y_{<t})}{\pi_{\theta_{\mathrm{old}}}(y_t \mid x, y_{<t})}$
(E) $\pi_\theta (y | x)=\prod_{t=1}^{|y|} \pi_\theta (y_t | x, y_{<t} )$","$\pi_\theta (y \mid x)=\frac{\exp s_\theta(x,y)}{\sum_{y'} \exp s_\theta(x,y')}$",$\pi_\theta (y \mid x)=\prod_{t=1}^{|y|} \pi_\theta (y_t \mid x)$,"$\pi_\theta (y \mid x)=\sum_{t=1}^{|y|} \pi_\theta (y_t \mid x, y_{<t})$","$\pi_\theta (y \mid x)=\prod_{t=1}^{|y|} \frac{\pi_\theta (y_t \mid x, y_{<t})}{\pi_{\theta_{\mathrm{old}}}(y_t \mid x, y_{<t})}$","$\pi_\theta (y | x)=\prod_{t=1}^{|y|} \pi_\theta (y_t | x, y_{<t} )$","[""$\\pi_\\theta (y \\mid x)=\\sum_{t=1}^{|y|} \\pi_\\theta (y_t \\mid x, y_{<t})$"", ""$\\pi_\\theta (y \\mid x)=\\prod_{t=1}^{|y|} \\pi_\\theta (y_t \\mid x)$"", ""$\\pi_\\theta (y \\mid x)=\\prod_{t=1}^{|y|} \\frac{\\pi_\\theta (y_t \\mid x, y_{<t})}{\\pi_{\\theta_{\\mathrm{old}}}(y_t \\mid x, y_{<t})}$"", ""$\\pi_\\theta (y \\mid x)=\\frac{\\exp s_\\theta(x,y)}{\\sum_{y'} \\exp s_\\theta(x,y')}$""]","According to the paper ""Group Sequence Policy Optimization"", the likelihood of a response $y$ to a query $x$ under the policy $\pi_\theta$ is denoted, using the token-level autoregressive factorization over the tokens in $y$, by $\pi_\theta (y | x)=\prod_{t=1}^{|y|} \pi_\theta (y_t | x, y_{<t} )$","Given a response $y$ to a query $x$, its likelihood under the policy $\pi_\theta$ is denoted as $\pi_\theta (y | x)=\prod_{t=1}^{|y|} \pi_\theta (y_t | x, y_{<t} )$ where $|y|$ denotes the number of tokens in $y$.",Preliminaries,"Question: Which city is the capital of France?
(A) Paris
(B) Berlin
(C) Madrid
(D) Rome
(E) Lisbon
Answer: (A)

Question: Which planet is the largest in the Solar System?
(A) Earth
(B) Jupiter
(C) Saturn
(D) Venus
(E) Mars
Answer: (B)

Question: What is the chemical formula for water?
(A) CO2
(B) O2
(C) H2O
(D) NaCl
(E) CH4
Answer: (C)

Question: What process do plants use to convert sunlight into chemical energy?
(A) Respiration
(B) Fermentation
(C) Evaporation
(D) Photosynthesis
(E) Condensation
Answer: (D)

Question: What is the primary function of red blood cells?
(A) Transmit nerve signals
(B) Produce bile
(C) Filter lymph
(D) Digest proteins
(E) Carry oxygen
Answer: (E)

Question: According to the paper ""Group Sequence Policy Optimization"", the likelihood of a response $y$ to a query $x$ under the policy $\pi_\theta$ is denoted, using the token-level autoregressive factorization over the tokens in $y$, by
(A) $\pi_\theta (y \mid x)=\frac{\exp s_\theta(x,y)}{\sum_{y'} \exp s_\theta(x,y')}$
(B) $\pi_\theta (y \mid x)=\prod_{t=1}^{|y|} \pi_\theta (y_t \mid x)$
(C) $\pi_\theta (y \mid x)=\sum_{t=1}^{|y|} \pi_\theta (y_t \mid x, y_{<t})$
(D) $\pi_\theta (y \mid x)=\prod_{t=1}^{|y|} \frac{\pi_\theta (y_t \mid x, y_{<t})}{\pi_{\theta_{\mathrm{old}}}(y_t \mid x, y_{<t})}$
(E) $\pi_\theta (y | x)=\prod_{t=1}^{|y|} \pi_\theta (y_t | x, y_{<t} )$"
