step,probe_index,log_prob,perplexity,target_rank
0,0,-21.886194229125977,15.421680450439453,357.0
0,1,-1.790575385093689,1.8164035081863403,1.0
0,2,-3.844937562942505,3.6025643348693848,2.0
0,3,-34.981048583984375,48.75379943847656,706.0
0,4,-17.31777000427246,3.1724939346313477,9.0
0,5,-2.8900279998779297,2.0595901012420654,1.0
0,6,-4.08493185043335,1.7924110889434814,1.0
0,7,-24.318384170532227,11.379785537719727,26.0
0,8,-10.629400253295898,8.380269050598145,274.0
0,9,-13.701335906982422,7.080423355102539,18.0
0,10,-1.4880776405334473,1.450661063194275,2.0
0,11,-11.58610725402832,10.147439956665039,924.0
0,12,-24.796283721923828,62.34688949584961,88.0
0,13,-27.133739471435547,6.103827476501465,297.0
0,14,-6.185216903686523,4.694089412689209,21.0
0,15,-7.000739097595215,5.755666732788086,48.0
0,16,-12.15579891204834,436.1121520996094,315.0
0,17,-14.800725936889648,6.360396862030029,30.0
0,18,-13.886907577514648,5.673824787139893,19.0
0,19,-29.04263687133789,63.36731719970703,799.0
0,20,-11.44039249420166,4.1789045333862305,33.0
0,21,-2.7539288997650146,1.4820383787155151,2.0
0,22,-1.110015630722046,1.447742223739624,1.0
0,23,-7.307334899902344,3.3800454139709473,3.0
0,24,-40.165809631347656,55.51099395751953,768.0
0,25,-55.192718505859375,21.46153450012207,1343.0
0,26,-24.39682960510254,58.331268310546875,259.0
0,27,-16.167503356933594,25.368309020996094,21.0
0,28,-42.629150390625,7.613777160644531,33.0
0,29,-14.916399002075195,12.013927459716797,39.0
0,30,-43.137664794921875,17.740394592285156,118.0
0,31,-36.41349411010742,38.14326858520508,356.0
0,32,-33.89713668823242,16.856922149658203,316.0
0,33,-9.594673156738281,6.813694953918457,63.0
0,34,-14.688453674316406,18.872215270996094,196.0
0,35,-3.0885472297668457,2.7997095584869385,3.0
0,36,-3.3472204208374023,1.9531512260437012,4.0
0,37,-23.411209106445312,8.400505065917969,62.0
0,38,-15.867639541625977,52.8210563659668,119.0
0,39,-15.110892295837402,6.611837387084961,11.0
0,40,-9.987483978271484,7.370583534240723,8.0
0,41,-29.18505096435547,25.604894638061523,247.0
0,42,-16.533082962036133,27.292625427246094,78.0
0,43,-11.603346824645996,18.18935775756836,104.0
0,44,-23.595064163208008,8.542091369628906,516.0
0,45,-2.8201324939727783,2.5600945949554443,4.0
0,46,-52.92061233520508,22.487897872924805,10378.0
0,47,-2.743309736251831,2.4953689575195312,3.0
0,48,-5.125353813171387,12.970491409301758,12.0
0,49,-11.103148460388184,6.363158226013184,12.0
0,50,-23.36345672607422,28.152515411376953,36.0
0,51,-29.52928924560547,367.1821594238281,371.0
0,52,-5.394672870635986,220.2301025390625,14.0
0,53,-11.884403228759766,3.28195858001709,30.0
0,54,-62.545494079589844,11.085034370422363,590.0
0,55,-34.87299346923828,18.2850341796875,44.0
0,56,-25.91400718688965,10.546760559082031,23.0
0,57,-25.172679901123047,9.859400749206543,35.0
0,58,-53.985435485839844,29.197694778442383,448.0
0,59,-44.23639678955078,252.03036499023438,506.0
0,60,-4.129888534545898,3.96152663230896,7.0
2,0,-21.93152618408203,15.50931453704834,364.0
2,1,-1.8189963102340698,1.8336931467056274,1.0
2,2,-3.8448376655578613,3.6024441719055176,2.0
2,3,-34.8292236328125,47.938255310058594,705.0
2,4,-17.306947708129883,3.170206069946289,9.0
2,5,-2.918978452682495,2.0745506286621094,1.0
2,6,-4.049874305725098,1.7834569215774536,1.0
2,7,-24.289451599121094,11.346904754638672,25.0
2,8,-10.619955062866211,8.364453315734863,269.0
2,9,-13.70416259765625,7.0832839012146,18.0
2,10,-1.498227596282959,1.454346776008606,2.0
2,11,-11.63235855102539,10.241743087768555,940.0
2,12,-24.754919052124023,61.91854476928711,86.0
2,13,-27.124406814575195,6.100030899047852,295.0
2,14,-6.177412033081055,4.684939384460449,21.0
2,15,-7.027678489685059,5.794560432434082,52.0
2,16,-12.286205291748047,465.49560546875,324.0
2,17,-14.795358657836914,6.356130599975586,30.0
2,18,-13.935518264770508,5.7084059715271,19.0
2,19,-28.952396392822266,62.555641174316406,725.0
2,20,-11.42405891418457,4.17038106918335,36.0
2,21,-2.8247056007385254,1.4970991611480713,2.0
2,22,-1.1086739301681519,1.4470947980880737,1.0
2,23,-7.305454254150391,3.378986120223999,3.0
2,24,-40.18597412109375,55.623046875,780.0
2,25,-55.141239166259766,21.400239944458008,1352.0
2,26,-24.44971466064453,58.84769058227539,268.0
2,27,-16.24015998840332,25.73963737487793,21.0
2,28,-42.53013229370117,7.577963352203369,32.0
2,29,-14.938970565795898,12.059206008911133,39.0
2,30,-43.35329818725586,17.99726676940918,120.0
2,31,-36.36787414550781,37.969661712646484,353.0
2,32,-33.892215728759766,16.850011825561523,317.0
2,33,-9.760782241821289,7.043860912322998,70.0
2,34,-14.754535675048828,19.123294830322266,204.0
2,35,-3.1050190925598145,2.815124273300171,3.0
2,36,-3.3182425498962402,1.9418641328811646,4.0
2,37,-23.361392974853516,8.362547874450684,61.0
2,38,-15.87256145477295,52.88608932495117,124.0
2,39,-15.051344871520996,6.56280517578125,11.0
2,40,-10.012850761413574,7.408071994781494,8.0
2,41,-29.156991958618164,25.525188446044922,248.0
2,42,-16.56048583984375,27.44261360168457,77.0
2,43,-11.582417488098145,18.094432830810547,105.0
2,44,-23.530845642089844,8.4923677444458,511.0
2,45,-2.823298692703247,2.562798023223877,4.0
2,46,-52.994930267333984,22.5864200592041,10344.0
2,47,-2.7371952533721924,2.490288257598877,3.0
2,48,-5.183079719543457,13.350314140319824,12.0
2,49,-11.082226753234863,6.34100866317749,12.0
2,50,-23.311023712158203,27.94243049621582,36.0
2,51,-29.548583984375,368.6017150878906,377.0
2,52,-5.381706714630127,217.3929901123047,14.0
2,53,-11.908893585205078,3.290006160736084,30.0
2,54,-62.487754821777344,11.060443878173828,590.0
2,55,-34.85808563232422,18.2623291015625,44.0
2,56,-25.89936637878418,10.532733917236328,23.0
2,57,-25.154054641723633,9.842720985412598,38.0
2,58,-53.92908477783203,29.095043182373047,447.0
2,59,-44.26691436767578,252.99363708496094,496.0
2,60,-4.138386249542236,3.972764015197754,7.0
4,0,-21.73373031616211,15.130556106567383,331.0
4,1,-1.7841968536376953,1.812545657157898,1.0
4,2,-3.8540544509887695,3.6135287284851074,2.0
4,3,-34.834808349609375,47.96800231933594,704.0
4,4,-17.238601684570312,3.1557939052581787,9.0
4,5,-2.859818458557129,2.0440940856933594,1.0
4,6,-4.039173603057861,1.78073251247406,1.0
4,7,-24.3294677734375,11.392402648925781,25.0
4,8,-10.623753547668457,8.370809555053711,272.0
4,9,-13.674448013305664,7.053277969360352,18.0
4,10,-1.5109269618988037,1.4589715003967285,2.0
4,11,-11.573949813842773,10.122797012329102,900.0
4,12,-24.75019645690918,61.86984634399414,88.0
4,13,-26.830368041992188,5.981618404388428,284.0
4,14,-6.174899578094482,4.681997776031494,20.0
4,15,-7.005317687988281,5.762258052825928,46.0
4,16,-12.227603912353516,452.05413818359375,314.0
4,17,-14.838725090026855,6.390679836273193,30.0
4,18,-13.892463684082031,5.677766799926758,19.0
4,19,-28.500205993652344,58.642391204833984,568.0
4,20,-11.373529434204102,4.144123077392578,34.0
4,21,-2.8642144203186035,1.5055729150772095,2.0
4,22,-1.104177474975586,1.444927453994751,1.0
4,23,-7.267174243927002,3.357496738433838,4.0
4,24,-40.183349609375,55.608436584472656,792.0
4,25,-55.127037048339844,21.383363723754883,1349.0
4,26,-24.396669387817383,58.3297119140625,267.0
4,27,-16.225645065307617,25.665023803710938,21.0
4,28,-42.51219177246094,7.57149076461792,32.0
4,29,-14.946208953857422,12.073762893676758,39.0
4,30,-43.167564392089844,17.775794982910156,115.0
4,31,-36.329872131347656,37.825645446777344,346.0
4,32,-33.9212532043457,16.890832901000977,319.0
4,33,-9.670232772827148,6.917445659637451,67.0
4,34,-14.664314270019531,18.781320571899414,198.0
4,35,-3.1548562049865723,2.8622806072235107,3.0
4,36,-3.3544061183929443,1.9559601545333862,4.0
4,37,-23.393692016601562,8.387136459350586,60.0
4,38,-15.863588333129883,52.76758575439453,121.0
4,39,-15.129827499389648,6.627505302429199,11.0
4,40,-9.98025131225586,7.359928607940674,8.0
4,41,-29.134254455566406,25.460784912109375,246.0
4,42,-16.546001434326172,27.36323356628418,79.0
4,43,-11.564591407775879,18.013975143432617,103.0
4,44,-23.587514877319336,8.536230087280273,513.0
4,45,-2.8241639137268066,2.563537120819092,4.0
4,46,-52.72045135498047,22.22467041015625,9430.0
4,47,-2.688330888748169,2.45005464553833,3.0
4,48,-5.096213340759277,12.782878875732422,12.0
4,49,-11.09823226928711,6.357945919036865,12.0
4,50,-23.302719116210938,27.909299850463867,36.0
4,51,-29.387313842773438,356.9025573730469,369.0
4,52,-5.431036949157715,228.38595581054688,14.0
4,53,-11.889204978942871,3.2835347652435303,30.0
4,54,-62.5179443359375,11.073294639587402,593.0
4,55,-34.8275146484375,18.215866088867188,44.0
4,56,-25.944150924682617,10.575702667236328,23.0
4,57,-25.126392364501953,9.818001747131348,37.0
4,58,-53.96504211425781,29.160503387451172,443.0
4,59,-43.95936584472656,243.4522247314453,509.0
4,60,-4.124808311462402,3.9548239707946777,7.0
6,0,-21.016727447509766,13.83346939086914,194.0
6,1,-1.8040026426315308,1.8245514631271362,1.0
6,2,-3.840853214263916,3.597662925720215,2.0
6,3,-34.86465072631836,48.12732696533203,725.0
6,4,-16.94336700439453,3.094287872314453,9.0
6,5,-2.8596701622009277,2.044018268585205,1.0
6,6,-4.028400421142578,1.7779940366744995,1.0
6,7,-24.334421157836914,11.398048400878906,26.0
6,8,-10.625371932983398,8.373519897460938,274.0
6,9,-13.61016845703125,6.988807201385498,17.0
6,10,-1.5116676092147827,1.4592417478561401,2.0
6,11,-11.560602188110352,10.095809936523438,895.0
6,12,-24.6553955078125,60.89995193481445,80.0
6,13,-26.169795989990234,5.7239155769348145,193.0
6,14,-6.204327583312988,4.7165703773498535,20.0
6,15,-6.994431972503662,5.746598243713379,46.0
6,16,-12.225974082946777,451.6859130859375,314.0
6,17,-14.85580062866211,6.4043354988098145,30.0
6,18,-13.950243949890137,5.718923091888428,19.0
6,19,-26.650466918945312,45.024620056152344,221.0
6,20,-11.405116081237793,4.160517692565918,35.0
6,21,-3.235924243927002,1.5876816511154175,3.0
6,22,-1.1553598642349243,1.4697906970977783,1.0
6,23,-7.38187313079834,3.422297716140747,4.0
6,24,-40.266929626464844,56.075157165527344,742.0
6,25,-55.176963806152344,21.4427547454834,1365.0
6,26,-24.357906341552734,57.954078674316406,261.0
6,27,-16.22144317626953,25.643463134765625,22.0
6,28,-42.565956115722656,7.5909013748168945,32.0
6,29,-14.904984474182129,11.99109172821045,38.0
6,30,-43.140159606933594,17.74334716796875,115.0
6,31,-36.24820327758789,37.517974853515625,346.0
6,32,-33.912132263183594,16.87799835205078,315.0
6,33,-9.673783302307129,6.922359466552734,69.0
6,34,-14.677129745483398,18.82952308654785,197.0
6,35,-3.2987990379333496,3.0029637813568115,4.0
6,36,-3.339705467224121,1.9502177238464355,4.0
6,37,-23.315826416015625,8.327977180480957,60.0
6,38,-15.869956970214844,52.85166549682617,117.0
6,39,-15.090417861938477,6.594937324523926,11.0
6,40,-9.996378898620605,7.383707046508789,8.0
6,41,-29.096240997314453,25.353471755981445,246.0
6,42,-16.47049331665039,26.953107833862305,78.0
6,43,-11.66093635559082,18.45313262939453,105.0
6,44,-23.619632720947266,8.561192512512207,511.0
6,45,-2.8473339080810547,2.5834126472473145,4.0
6,46,-52.183624267578125,21.533824920654297,7675.0
6,47,-2.6886777877807617,2.4503378868103027,3.0
6,48,-5.132206439971924,13.015008926391602,12.0
6,49,-11.11997127532959,6.381024360656738,12.0
6,50,-23.3743839263916,28.19649314880371,36.0
6,51,-28.784297943115234,316.35333251953125,370.0
6,52,-5.423370361328125,226.64170837402344,14.0
6,53,-11.880821228027344,3.280782699584961,30.0
6,54,-62.37971878051758,11.014581680297852,530.0
6,55,-34.77677536010742,18.13900375366211,44.0
6,56,-25.945085525512695,10.576602935791016,23.0
6,57,-25.217729568481445,9.899862289428711,38.0
6,58,-53.972389221191406,29.17389678955078,444.0
6,59,-42.4661865234375,202.0011444091797,467.0
6,60,-4.129188537597656,3.9606025218963623,8.0
8,0,-19.805877685546875,11.890439987182617,108.0
8,1,-1.7767581939697266,1.8080569505691528,1.0
8,2,-3.7763586044311523,3.5211448669433594,2.0
8,3,-34.689510345458984,47.19982147216797,694.0
8,4,-16.68731689453125,3.041916608810425,9.0
8,5,-2.844095468521118,2.0360748767852783,1.0
8,6,-4.055275917053223,1.784833550453186,1.0
8,7,-24.12466049194336,11.16145133972168,25.0
8,8,-10.562515258789062,8.268913269042969,272.0
8,9,-13.67230224609375,7.051116943359375,18.0
8,10,-1.4792557954788208,1.4474653005599976,2.0
8,11,-11.461403846740723,9.89748477935791,824.0
8,12,-24.62748908996582,60.61735916137695,83.0
8,13,-24.974803924560547,5.285604476928711,92.0
8,14,-6.208569526672363,4.721574783325195,20.0
8,15,-6.971469879150391,5.7137041091918945,46.0
8,16,-12.272643089294434,462.3497314453125,323.0
8,17,-14.942384719848633,6.474025726318359,32.0
8,18,-14.03973388671875,5.783255577087402,20.0
8,19,-20.35426139831543,18.315570831298828,211.0
8,20,-11.352752685546875,4.133374214172363,33.0
8,21,-3.3736085891723633,1.6192193031311035,3.0
8,22,-1.2327938079833984,1.5082216262817383,1.0
8,23,-7.443209648132324,3.4574623107910156,4.0
8,24,-40.31674575805664,56.35519027709961,777.0
8,25,-55.25276184082031,21.533245086669922,1344.0
8,26,-24.24738311767578,56.89632034301758,259.0
8,27,-16.239416122436523,25.735809326171875,21.0
8,28,-42.77477264404297,7.666758060455322,33.0
8,29,-14.865682601928711,11.912802696228027,36.0
8,30,-43.122764587402344,17.722782135009766,115.0
8,31,-36.134071350097656,37.09221649169922,330.0
8,32,-34.0069580078125,17.011899948120117,318.0
8,33,-9.643926620483398,6.8811469078063965,68.0
8,34,-14.651674270629883,18.733901977539062,198.0
8,35,-3.422067165374756,3.1289234161376953,4.0
8,36,-3.3562843799591064,1.9566950798034668,4.0
8,37,-23.246021270751953,8.27529525756836,60.0
8,38,-15.887589454650879,53.08515548706055,119.0
8,39,-15.032161712646484,6.547086715698242,12.0
8,40,-9.919682502746582,7.271310806274414,8.0
8,41,-29.008594512939453,25.107765197753906,236.0
8,42,-16.426891326904297,26.719087600708008,80.0
8,43,-11.656061172485352,18.430654525756836,106.0
8,44,-23.599342346191406,8.545413970947266,500.0
8,45,-2.8690268993377686,2.602160930633545,4.0
8,46,-51.22795867919922,20.356685638427734,4659.0
8,47,-2.6306509971618652,2.403398275375366,3.0
8,48,-5.116477012634277,12.91305160522461,12.0
8,49,-10.843576431274414,6.09374475479126,11.0
8,50,-23.291189193725586,27.863365173339844,35.0
8,51,-27.68552589416504,253.94180297851562,352.0
8,52,-5.411592960357666,223.9881134033203,14.0
8,53,-11.874410629272461,3.2786805629730225,30.0
8,54,-61.98350143432617,10.847999572753906,428.0
8,55,-34.736061096191406,18.077564239501953,46.0
8,56,-25.96400260925293,10.594806671142578,23.0
8,57,-25.21880340576172,9.900829315185547,40.0
8,58,-53.695274353027344,28.672964096069336,416.0
8,59,-40.53534698486328,158.6845703125,483.0
8,60,-4.098155975341797,3.919844627380371,8.0
10,0,-16.703388214111328,8.068144798278809,25.0
10,1,-1.7571934461593628,1.7963038682937622,1.0
10,2,-3.724569797515869,3.460881233215332,2.0
10,3,-34.42952346801758,45.8558464050293,676.0
10,4,-16.36382293701172,2.977015972137451,9.0
10,5,-2.904416084289551,2.067011833190918,1.0
10,6,-3.964573860168457,1.7618557214736938,1.0
10,7,-23.971481323242188,10.99178409576416,25.0
10,8,-10.450983047485352,8.086504936218262,257.0
10,9,-13.454819679260254,6.835414886474609,17.0
10,10,-1.5102330446243286,1.4587184190750122,2.0
10,11,-11.328923225402832,9.63868522644043,744.0
10,12,-24.299964904785156,57.39711380004883,72.0
10,13,-22.16571617126465,4.3829169273376465,24.0
10,14,-6.1303911209106445,4.630189418792725,16.0
10,15,-6.949807167053223,5.682844161987305,42.0
10,16,-12.393278121948242,491.0957336425781,331.0
10,17,-14.943161010742188,6.474653720855713,33.0
10,18,-14.147676467895508,5.861816883087158,20.0
10,19,-17.487476348876953,12.160717964172363,184.0
10,20,-11.322531700134277,4.117789268493652,33.0
10,21,-3.992382049560547,1.7688689231872559,4.0
10,22,-1.3121564388275146,1.5486528873443604,1.0
10,23,-7.552386283874512,3.5209505558013916,4.0
10,24,-40.33026885986328,56.431453704833984,763.0
10,25,-55.294307708740234,21.5830020904541,1356.0
10,26,-24.045867919921875,55.01713180541992,253.0
10,27,-16.322799682617188,26.168594360351562,21.0
10,28,-42.928367614746094,7.7230401039123535,33.0
10,29,-14.845794677734375,11.873382568359375,35.0
10,30,-42.8642578125,17.419967651367188,115.0
10,31,-36.011260986328125,36.63947296142578,317.0
10,32,-34.04214859008789,17.061861038208008,301.0
10,33,-9.592876434326172,6.811247825622559,66.0
10,34,-14.719280242919922,18.988927841186523,209.0
10,35,-3.7853682041168213,3.53173565864563,5.0
10,36,-3.361584186553955,1.9587702751159668,4.0
10,37,-23.14430046081543,8.19912338256836,58.0
10,38,-15.944793701171875,53.84978485107422,117.0
10,39,-14.967958450317383,6.494754314422607,12.0
10,40,-9.949885368347168,7.315366268157959,8.0
10,41,-28.583843231201172,23.95033836364746,224.0
10,42,-15.993094444274902,24.49867057800293,74.0
10,43,-11.306556701660156,16.88860511779785,90.0
10,44,-23.6859130859375,8.612931251525879,493.0
10,45,-2.8999874591827393,2.629154920578003,4.0
10,46,-48.49278259277344,17.331344604492188,1087.0
10,47,-2.536193370819092,2.328904151916504,3.0
10,48,-5.087049961090088,12.724445343017578,11.0
10,49,-10.646411895751953,5.896754264831543,10.0
10,50,-23.287883758544922,27.8502140045166,28.0
10,51,-25.27629280090332,156.84510803222656,349.0
10,52,-5.299489974975586,200.23464965820312,14.0
10,53,-11.889122009277344,3.2835073471069336,29.0
10,54,-61.47643280029297,10.638484954833984,222.0
10,55,-34.62910842895508,17.917163848876953,50.0
10,56,-26.020910263061523,10.649760246276855,23.0
10,57,-25.483041763305664,10.141542434692383,43.0
10,58,-53.45102310180664,28.238574981689453,411.0
10,59,-34.664703369140625,76.17916107177734,447.0
10,60,-4.09321928024292,3.9133996963500977,6.0
12,0,-10.880010604858398,3.8961985111236572,14.0
12,1,-1.7510887384414673,1.7926522493362427,1.0
12,2,-3.648951530456543,3.3747360706329346,2.0
12,3,-34.54064178466797,46.425514221191406,673.0
12,4,-16.250011444091797,2.9545137882232666,8.0
12,5,-2.8549301624298096,2.041597604751587,1.0
12,6,-3.92958927154541,1.7530723810195923,1.0
12,7,-23.657939910888672,10.652493476867676,25.0
12,8,-10.345102310180664,7.917064666748047,251.0
12,9,-13.37391471862793,6.756866931915283,16.0
12,10,-1.5167875289916992,1.4611105918884277,2.0
12,11,-11.137969017028809,9.277517318725586,641.0
12,12,-24.059040069580078,55.13804626464844,66.0
12,13,-16.445037841796875,2.993178367614746,17.0
12,14,-6.156093597412109,4.660037040710449,15.0
12,15,-6.868741989135742,5.5688323974609375,39.0
12,16,-12.696388244628906,571.4597778320312,366.0
12,17,-14.979000091552734,6.503725051879883,33.0
12,18,-14.147085189819336,5.861383438110352,22.0
12,19,-16.828861236572266,11.068719863891602,151.0
12,20,-11.26080322265625,4.086138725280762,32.0
12,21,-4.549844264984131,1.91549813747406,4.0
12,22,-1.381484866142273,1.5848581790924072,1.0
12,23,-7.608826637268066,3.554227828979492,4.0
12,24,-40.568016052246094,57.78919219970703,811.0
12,25,-55.371341705322266,21.675567626953125,1296.0
12,26,-24.018835067749023,54.76980209350586,259.0
12,27,-16.314598083496094,26.125703811645508,22.0
12,28,-43.541866302490234,7.951990127563477,34.0
12,29,-14.738513946533203,11.662972450256348,35.0
12,30,-42.711830139160156,17.243844985961914,117.0
12,31,-35.9056396484375,36.2545166015625,302.0
12,32,-34.16954040527344,17.243955612182617,295.0
12,33,-9.69298267364502,6.948990821838379,67.0
12,34,-14.739755630493164,19.066848754882812,215.0
12,35,-4.246593952178955,4.118674278259277,5.0
12,36,-3.3737521171569824,1.9635429382324219,4.0
12,37,-22.965547561645508,8.066964149475098,56.0
12,38,-15.978363990783691,54.30362319946289,114.0
12,39,-14.93160629272461,6.465309143066406,11.0
12,40,-9.999031066894531,7.3876237869262695,8.0
12,41,-28.00589370727539,22.460670471191406,192.0
12,42,-15.712116241455078,23.15991973876953,77.0
12,43,-10.884893417358398,15.198904991149902,78.0
12,44,-23.59408187866211,8.541328430175781,483.0
12,45,-2.942157506942749,2.6663730144500732,4.0
12,46,-44.55839538574219,13.750595092773438,81.0
12,47,-2.4710452556610107,2.2788748741149902,3.0
12,48,-4.980739593505859,12.0657377243042,10.0
12,49,-10.331682205200195,5.595412254333496,8.0
12,50,-23.22207260131836,27.589599609375,25.0
12,51,-21.735111236572266,77.24807739257812,354.0
12,52,-5.25165319442749,190.88157653808594,14.0
12,53,-11.879779815673828,3.2804415225982666,29.0
12,54,-60.60102462768555,10.286255836486816,97.0
12,55,-34.353660583496094,17.510578155517578,51.0
12,56,-26.32428550720215,10.947564125061035,23.0
12,57,-25.578357696533203,10.229802131652832,42.0
12,58,-53.14474868774414,27.703168869018555,383.0
12,59,-24.738666534423828,22.028417587280273,419.0
12,60,-4.188237190246582,4.039330959320068,6.0
14,0,-8.610138893127441,2.933708667755127,13.0
14,1,-1.7043163776397705,1.7649201154708862,1.0
14,2,-3.586618423461914,3.30534029006958,2.0
14,3,-34.52240753173828,46.331546783447266,662.0
14,4,-15.854690551757812,2.8776657581329346,8.0
14,5,-2.882326602935791,2.055628538131714,1.0
14,6,-3.941756010055542,1.7561219930648804,1.0
14,7,-23.170324325561523,10.14552116394043,24.0
14,8,-10.320720672607422,7.878552436828613,246.0
14,9,-13.141816139221191,6.536502838134766,15.0
14,10,-1.5209459066390991,1.4626303911209106,2.0
14,11,-11.061779975891113,9.137218475341797,602.0
14,12,-23.712392807006836,52.04275131225586,61.0
14,13,-13.933517456054688,2.5317256450653076,15.0
14,14,-6.2021260261535645,4.713974952697754,16.0
14,15,-6.829942226409912,5.515076637268066,37.0
14,16,-12.906538009643555,634.7739868164062,381.0
14,17,-14.806943893432617,6.365342140197754,31.0
14,18,-13.88995361328125,5.675985813140869,21.0
14,19,-16.253047943115234,10.194658279418945,130.0
14,20,-11.261621475219727,4.086556434631348,33.0
14,21,-4.368441581726074,1.8664964437484741,4.0
14,22,-1.4095326662063599,1.5997450351715088,1.0
14,23,-7.480672836303711,3.4791181087493896,4.0
14,24,-40.742652893066406,58.80726623535156,796.0
14,25,-55.71598815917969,22.094587326049805,1309.0
14,26,-23.764511108398438,52.49677658081055,263.0
14,27,-16.30519676208496,26.076622009277344,22.0
14,28,-43.56583023071289,7.961069107055664,35.0
14,29,-14.634861946105957,11.463220596313477,35.0
14,30,-42.607784271240234,17.124649047851562,116.0
14,31,-35.796722412109375,35.861785888671875,290.0
14,32,-34.19089126586914,17.27466583251953,280.0
14,33,-9.643000602722168,6.8798723220825195,65.0
14,34,-14.506458282470703,18.197633743286133,213.0
14,35,-4.266303062438965,4.145821571350098,5.0
14,36,-3.364683151245117,1.959984540939331,4.0
14,37,-22.898143768310547,8.017683982849121,55.0
14,38,-16.012617111206055,54.77063751220703,114.0
14,39,-14.918938636779785,6.455079555511475,11.0
14,40,-10.080748558044434,7.509356498718262,7.0
14,41,-27.17875862121582,20.488468170166016,182.0
14,42,-15.267304420471191,21.188547134399414,65.0
14,43,-10.51449203491211,13.854680061340332,69.0
14,44,-23.580617904663086,8.530879974365234,475.0
14,45,-2.9316306114196777,2.6570332050323486,4.0
14,46,-42.056671142578125,11.868903160095215,49.0
14,47,-2.3867785930633545,2.215754270553589,3.0
14,48,-4.878787517547607,11.46608829498291,10.0
14,49,-10.225878715515137,5.497608661651611,8.0
14,50,-23.208189010620117,27.53493881225586,24.0
14,51,-20.87617301940918,65.05510711669922,337.0
14,52,-5.206073760986328,182.37660217285156,14.0
14,53,-11.776939392089844,3.246878147125244,28.0
14,54,-60.084716796875,10.084007263183594,70.0
14,55,-33.94441223144531,16.923463821411133,48.0
14,56,-26.319955825805664,10.943255424499512,22.0
14,57,-25.759838104248047,10.39997673034668,36.0
14,58,-52.993019104003906,27.44169807434082,373.0
14,59,-23.091617584228516,17.92958641052246,392.0
14,60,-4.161694049835205,4.003749847412109,6.0
16,0,-8.047832489013672,2.7345833778381348,10.0
16,1,-1.6728404760360718,1.7464994192123413,1.0
16,2,-3.5492100715637207,3.264380693435669,2.0
16,3,-34.421539306640625,45.815181732177734,632.0
16,4,-15.429787635803223,2.7972941398620605,8.0
16,5,-2.831076145172119,2.029458522796631,1.0
16,6,-3.842609167098999,1.73142409324646,1.0
16,7,-22.89936065673828,9.874305725097656,24.0
16,8,-10.280625343322754,7.815626621246338,235.0
16,9,-13.094118118286133,6.492115020751953,15.0
16,10,-1.498967170715332,1.454615831375122,2.0
16,11,-10.984259605407715,8.996646881103516,558.0
16,12,-23.489364624023438,50.14375686645508,61.0
16,13,-13.384366989135742,2.4407153129577637,16.0
16,14,-6.173638343811035,4.680521488189697,16.0
16,15,-6.825307369232178,5.508690357208252,38.0
16,16,-13.02873420715332,674.7667846679688,360.0
16,17,-14.599355697631836,6.202295780181885,30.0
16,18,-13.53144645690918,5.427240371704102,19.0
16,19,-15.9575834274292,9.77330493927002,121.0
16,20,-11.284018516540527,4.098013401031494,34.0
16,21,-4.1263861656188965,1.8030574321746826,4.0
16,22,-1.4039883613586426,1.5967912673950195,1.0
16,23,-7.28331184387207,3.366539239883423,3.0
16,24,-40.79877853393555,59.13824462890625,821.0
16,25,-55.57560729980469,21.922943115234375,1217.0
16,26,-23.67406463623047,51.71136474609375,266.0
16,27,-16.30521011352539,26.076698303222656,22.0
16,28,-43.52531814575195,7.94572639465332,35.0
16,29,-14.373819351196289,10.975181579589844,33.0
16,30,-42.665950775146484,17.191186904907227,117.0
16,31,-35.73123550415039,35.62770080566406,288.0
16,32,-33.91484069824219,16.881811141967773,266.0
16,33,-9.750879287719727,7.029924392700195,67.0
16,34,-14.325007438659668,17.5490779876709,204.0
16,35,-4.057041168212891,3.8664896488189697,5.0
16,36,-3.417318105697632,1.9807262420654297,4.0
16,37,-22.871177673339844,7.998051166534424,52.0
16,38,-15.957058906555176,54.015159606933594,114.0
16,39,-14.911249160766602,6.448878288269043,11.0
16,40,-10.077265739440918,7.504127025604248,6.0
16,41,-26.39531707763672,18.78038215637207,174.0
16,42,-15.080132484436035,20.410030364990234,62.0
16,43,-10.432466506958008,13.573463439941406,68.0
16,44,-23.48050880432129,8.453595161437988,486.0
16,45,-2.905888080596924,2.634331226348877,4.0
16,46,-40.74910354614258,10.990222930908203,46.0
16,47,-2.278470039367676,2.137186050415039,3.0
16,48,-4.801766395568848,11.032916069030762,9.0
16,49,-10.171749114990234,5.4482340812683105,8.0
16,50,-23.11090660095215,27.15491485595703,24.0
16,51,-20.343536376953125,58.481327056884766,347.0
16,52,-5.122888565063477,167.81942749023438,12.0
16,53,-11.701237678527832,3.2223916053771973,25.0
16,54,-59.38743209838867,9.817161560058594,64.0
16,55,-33.619972229003906,16.4720401763916,46.0
16,56,-26.460769653320312,11.084242820739746,21.0
16,57,-25.86407470703125,10.498994827270508,34.0
16,58,-52.86905288696289,27.229904174804688,364.0
16,59,-22.048561096191406,15.737874031066895,375.0
16,60,-4.142454624176025,3.9781551361083984,7.0
18,0,-7.415096282958984,2.5266315937042236,7.0
18,1,-1.6708861589431763,1.7453621625900269,1.0
18,2,-3.5206427574157715,3.233443260192871,2.0
18,3,-34.399131774902344,45.70125198364258,604.0
18,4,-15.150466918945312,2.7456862926483154,7.0
18,5,-2.846945285797119,2.0375258922576904,1.0
18,6,-3.7751457691192627,1.7148172855377197,1.0
18,7,-22.60676383972168,9.58957290649414,24.0
18,8,-10.243465423583984,7.75775671005249,226.0
18,9,-12.933897018432617,6.345205783843994,14.0
18,10,-1.476518154144287,1.4464749097824097,2.0
18,11,-10.947125434875488,8.930076599121094,552.0
18,12,-23.128175735473633,47.214263916015625,57.0
18,13,-12.766685485839844,2.3422508239746094,15.0
18,14,-6.168386459350586,4.674380302429199,16.0
18,15,-6.697741508483887,5.335781574249268,31.0
18,16,-13.009468078613281,668.2978515625,340.0
18,17,-14.427278518676758,6.070311069488525,28.0
18,18,-13.311944961547852,5.280354022979736,18.0
18,19,-15.614136695861816,9.305364608764648,106.0
18,20,-11.24966049194336,4.080451011657715,33.0
18,21,-3.897101640701294,1.7449549436569214,3.0
18,22,-1.3725734949111938,1.5801573991775513,1.0
18,23,-7.10783052444458,3.2695043087005615,3.0
18,24,-40.727455139160156,58.71794128417969,805.0
18,25,-55.52032470703125,21.855714797973633,1166.0
18,26,-23.656906127929688,51.56368637084961,272.0
18,27,-16.193649291992188,25.501314163208008,22.0
18,28,-43.277687072753906,7.852581024169922,35.0
18,29,-14.266410827636719,10.7804594039917,31.0
18,30,-42.51768493652344,17.0220947265625,116.0
18,31,-35.63502883911133,35.286582946777344,274.0
18,32,-33.892547607421875,16.85047721862793,261.0
18,33,-9.67493724822998,6.923957347869873,68.0
18,34,-14.2608060836792,17.325183868408203,211.0
18,35,-3.91386079788208,3.686288833618164,4.0
18,36,-3.43263578414917,1.9868035316467285,4.0
18,37,-22.90403938293457,8.021982192993164,49.0
18,38,-15.856973648071289,52.680397033691406,109.0
18,39,-14.911035537719727,6.448706150054932,10.0
18,40,-10.118932723999023,7.56692361831665,6.0
18,41,-25.65921401977539,17.30548858642578,156.0
18,42,-14.725526809692383,19.012664794921875,58.0
18,43,-10.261028289794922,13.00400161743164,65.0
18,44,-23.397228240966797,8.389835357666016,472.0
18,45,-2.8798646926879883,2.6115787029266357,4.0
18,46,-39.82999801635742,10.411812782287598,45.0
18,47,-2.2034811973571777,2.0844264030456543,3.0
18,48,-4.7639288902282715,10.826148986816406,9.0
18,49,-10.13217830657959,5.412420272827148,8.0
18,50,-23.214679718017578,27.56048011779785,24.0
18,51,-19.898910522460938,53.505374908447266,347.0
18,52,-5.145842552185059,171.7161102294922,12.0
18,53,-11.599735260009766,3.1898488998413086,24.0
18,54,-58.86769104003906,9.622864723205566,66.0
18,55,-33.38471603393555,16.15225601196289,44.0
18,56,-26.419849395751953,11.043085098266602,21.0
18,57,-25.773059844970703,10.412483215332031,29.0
18,58,-52.692298889160156,26.930747985839844,349.0
18,59,-21.52568817138672,14.742154121398926,366.0
18,60,-4.081717491149902,3.8984243869781494,8.0
20,0,-6.768063545227051,2.3303256034851074,7.0
20,1,-1.6594336032867432,1.7387118339538574,1.0
20,2,-3.4946727752685547,3.205573320388794,2.0
20,3,-34.38140106201172,45.611305236816406,595.0
20,4,-14.726431846618652,2.6691553592681885,7.0
20,5,-2.8007748126983643,2.0141429901123047,1.0
20,6,-3.7042951583862305,1.697548270225525,1.0
20,7,-22.215457916259766,9.221573829650879,22.0
20,8,-10.269672393798828,7.798524379730225,226.0
20,9,-12.83587646484375,6.256973743438721,14.0
20,10,-1.4932159185409546,1.4525257349014282,2.0
20,11,-10.948118209838867,8.93185043334961,553.0
20,12,-22.918933868408203,45.596107482910156,55.0
20,13,-12.379081726074219,2.2825019359588623,14.0
20,14,-6.201289176940918,4.71298885345459,19.0
20,15,-6.642828941345215,5.263031959533691,28.0
20,16,-12.931997299194336,642.9061279296875,330.0
20,17,-14.1826171875,5.88747501373291,25.0
20,18,-13.085748672485352,5.133145332336426,17.0
20,19,-15.23232364654541,8.81139850616455,93.0
20,20,-11.270545959472656,4.091117858886719,33.0
20,21,-3.870514392852783,1.738340139389038,3.0
20,22,-1.3793460130691528,1.5837286710739136,1.0
20,23,-6.97659969329834,3.198770761489868,3.0
20,24,-40.60132598876953,57.981990814208984,790.0
20,25,-55.38923263549805,21.69712257385254,1189.0
20,26,-23.5701961517334,50.82386016845703,273.0
20,27,-16.261629104614258,25.850393295288086,22.0
20,28,-43.088584899902344,7.782187461853027,36.0
20,29,-14.143433570861816,10.561750411987305,31.0
20,30,-42.33663558959961,16.817874908447266,116.0
20,31,-35.58753967285156,35.119407653808594,272.0
20,32,-33.78627014160156,16.7018985748291,251.0
20,33,-9.699623107910156,6.958226680755615,71.0
20,34,-14.181795120239258,17.05356216430664,205.0
20,35,-3.76582670211792,3.508805274963379,4.0
20,36,-3.45880389213562,1.9972290992736816,4.0
20,37,-22.827009201049805,7.966001510620117,45.0
20,38,-15.777944564819336,51.64978790283203,110.0
20,39,-14.924426078796387,6.459508895874023,10.0
20,40,-10.064703941345215,7.485298156738281,6.0
20,41,-25.04759407043457,16.16851806640625,151.0
20,42,-14.439393043518066,17.955181121826172,51.0
20,43,-10.041777610778809,12.310400009155273,62.0
20,44,-23.31597137451172,8.328085899353027,467.0
20,45,-2.867079496383667,2.6004726886749268,3.0
20,46,-39.22216796875,10.04611873626709,43.0
20,47,-2.150789737701416,2.04813551902771,3.0
20,48,-4.674901008605957,10.354804039001465,9.0
20,49,-10.108171463012695,5.39080810546875,8.0
20,50,-23.254499435424805,27.71770477294922,24.0
20,51,-19.755962371826172,51.99733352661133,351.0
20,52,-5.068578243255615,158.94818115234375,12.0
20,53,-11.552557945251465,3.174835443496704,24.0
20,54,-58.493133544921875,9.485230445861816,72.0
20,55,-33.113548278808594,15.791350364685059,42.0
20,56,-26.18353271484375,10.808374404907227,19.0
20,57,-25.479270935058594,10.138066291809082,25.0
20,58,-52.605308532714844,26.784725189208984,342.0
20,59,-21.353763580322266,14.428716659545898,354.0
20,60,-4.075994968414307,3.8909950256347656,10.0
22,0,-6.209226131439209,2.1730968952178955,5.0
22,1,-1.6371592283248901,1.7258501052856445,1.0
22,2,-3.464233875274658,3.173213005065918,2.0
22,3,-34.29540252685547,45.177547454833984,593.0
22,4,-14.212287902832031,2.579216957092285,6.0
22,5,-2.6796445846557617,1.9540636539459229,1.0
22,6,-3.5691986083984375,1.6651004552841187,1.0
22,7,-22.05813980102539,9.07763671875,22.0
22,8,-10.262816429138184,7.787837505340576,224.0
22,9,-12.651877403259277,6.094648838043213,14.0
22,10,-1.4152244329452515,1.4244790077209473,2.0
22,11,-10.927146911621094,8.894466400146484,536.0
22,12,-22.703781127929688,43.990047454833984,53.0
22,13,-11.927334785461426,2.2147858142852783,14.0
22,14,-6.114198684692383,4.611483573913574,16.0
22,15,-6.489245414733887,5.064783096313477,20.0
22,16,-12.92209243774414,639.7300415039062,332.0
22,17,-14.037010192871094,5.78128719329834,22.0
22,18,-13.029136657714844,5.096948623657227,17.0
22,19,-14.901177406311035,8.404267311096191,83.0
22,20,-11.285659790039062,4.098854064941406,35.0
22,21,-4.063998222351074,1.78705894947052,4.0
22,22,-1.3863744735717773,1.587443470954895,1.0
22,23,-6.87566614151001,3.1454102993011475,3.0
22,24,-40.392520904541016,56.78386688232422,778.0
22,25,-55.40275955200195,21.71343421936035,1172.0
22,26,-23.548351287841797,50.639163970947266,284.0
22,27,-16.232969284057617,25.702646255493164,21.0
22,28,-42.830081939697266,7.686977863311768,35.0
22,29,-13.920537948608398,10.176586151123047,26.0
22,30,-41.9396858215332,16.3786563873291,111.0
22,31,-35.52706527709961,34.90766906738281,271.0
22,32,-33.563987731933594,16.395368576049805,241.0
22,33,-9.615181922912598,6.841700553894043,70.0
22,34,-14.146034240722656,16.93202781677246,209.0
22,35,-3.6821606159210205,3.4123008251190186,4.0
22,36,-3.4723589420318604,2.0026509761810303,4.0
22,37,-22.785449981689453,7.93596076965332,43.0
22,38,-15.694774627685547,50.58694839477539,105.0
22,39,-14.876041412353516,6.420558929443359,10.0
22,40,-10.053882598876953,7.469115257263184,6.0
22,41,-24.21222686767578,14.735322952270508,143.0
22,42,-14.223735809326172,17.197208404541016,44.0
22,43,-9.89488410949707,11.866519927978516,62.0
22,44,-23.25292205810547,8.280488967895508,453.0
22,45,-2.880904197692871,2.6124837398529053,3.0
22,46,-38.53778839111328,9.649717330932617,40.0
22,47,-2.0429344177246094,1.9758093357086182,2.0
22,48,-4.638204574584961,10.166543960571289,8.0
22,49,-9.996809959411621,5.291675567626953,8.0
22,50,-23.235126495361328,27.64109992980957,24.0
22,51,-19.699832916259766,51.41688919067383,356.0
22,52,-5.0949506759643555,163.19580078125,14.0
22,53,-11.319952011108398,3.101839065551758,22.0
22,54,-57.907779693603516,9.274068832397461,75.0
22,55,-32.96794128417969,15.600898742675781,41.0
22,56,-25.944074630737305,10.575629234313965,19.0
22,57,-25.381418228149414,10.0482816696167,23.0
22,58,-52.42417907714844,26.483217239379883,331.0
22,59,-21.1739559173584,14.108034133911133,350.0
22,60,-4.0500712394714355,3.8575170040130615,10.0
24,0,-5.722420692443848,2.0448052883148193,3.0
24,1,-1.61457359790802,1.712905764579773,1.0
24,2,-3.411694049835205,3.1181232929229736,2.0
24,3,-34.32345962524414,45.3186149597168,586.0
24,4,-13.931049346923828,2.531309127807617,6.0
24,5,-2.6427414417266846,1.9361188411712646,1.0
24,6,-3.5248098373413086,1.654575228691101,1.0
24,7,-21.791343688964844,8.838651657104492,21.0
24,8,-10.189665794372559,7.674729824066162,215.0
24,9,-12.420198440551758,5.896235466003418,14.0
24,10,-1.427001953125,1.4286794662475586,2.0
24,11,-10.914331436157227,8.871698379516602,531.0
24,12,-22.466094970703125,42.2814826965332,54.0
24,13,-11.403254508972168,2.138740301132202,14.0
24,14,-6.029096603393555,4.514408588409424,14.0
24,15,-6.3909220695495605,4.9418044090271,18.0
24,16,-13.068517684936523,688.323486328125,340.0
24,17,-13.770708084106445,5.592008113861084,20.0
24,18,-12.880702018737793,5.003250598907471,16.0
24,19,-14.587613105773926,8.036108016967773,76.0
24,20,-11.244277954101562,4.077706813812256,34.0
24,21,-3.985321521759033,1.7670855522155762,3.0
24,22,-1.3416798114776611,1.5639686584472656,1.0
24,23,-6.821201801300049,3.1169872283935547,3.0
24,24,-40.20295715332031,55.71757507324219,798.0
24,25,-55.10281753540039,21.3546085357666,1155.0
24,26,-23.40728759765625,49.462486267089844,281.0
24,27,-16.118432998657227,25.120561599731445,21.0
24,28,-42.3858757019043,7.5260844230651855,35.0
24,29,-13.79532241821289,9.966408729553223,25.0
24,30,-41.85265350341797,16.283899307250977,113.0
24,31,-35.493736267089844,34.79151916503906,272.0
24,32,-33.41926193237305,16.198822021484375,238.0
24,33,-9.507074356079102,6.695361137390137,72.0
24,34,-14.089000701904297,16.73998260498047,206.0
24,35,-3.6300859451293945,3.3535807132720947,4.0
24,36,-3.4545836448669434,1.9955440759658813,4.0
24,37,-22.72723388671875,7.894073009490967,41.0
24,38,-15.687738418579102,50.498043060302734,105.0
24,39,-14.882749557495117,6.425945281982422,10.0
24,40,-10.015094757080078,7.411396503448486,6.0
24,41,-23.495574951171875,13.607479095458984,135.0
24,42,-13.895064353942871,16.103116989135742,41.0
24,43,-9.763092041015625,11.481913566589355,60.0
24,44,-23.218215942382812,8.254404067993164,449.0
24,45,-2.873216152191162,2.605797290802002,3.0
24,46,-38.23817443847656,9.4811372756958,38.0
24,47,-1.9604594707489014,1.9222310781478882,2.0
24,48,-4.593348979949951,9.941068649291992,7.0
24,49,-9.878008842468262,5.187929630279541,8.0
24,50,-23.130990982055664,27.232942581176758,24.0
24,51,-19.69567108154297,51.37409973144531,360.0
24,52,-5.0363335609436035,153.9047088623047,11.0
24,53,-11.27177906036377,3.08693265914917,23.0
24,54,-57.742183685302734,9.215191841125488,76.0
24,55,-32.88970184326172,15.49951171875,40.0
24,56,-25.753372192382812,10.393863677978516,19.0
24,57,-25.089082717895508,9.78475570678711,22.0
24,58,-52.46458053588867,26.550174713134766,334.0
24,59,-21.10537338256836,13.987606048583984,344.0
24,60,-4.044366836547852,3.850189208984375,9.0
26,0,-5.261907577514648,1.9304217100143433,3.0
26,1,-1.6037590503692627,1.7067421674728394,1.0
26,2,-3.4032468795776367,3.109355926513672,2.0
26,3,-34.17998504638672,44.60188674926758,569.0
26,4,-13.610458374023438,2.4777822494506836,6.0
26,5,-2.587614059448242,1.9096184968948364,1.0
26,6,-3.434512138366699,1.633368730545044,1.0
26,7,-21.51830291748047,8.600584983825684,19.0
26,8,-10.155481338500977,7.622437953948975,213.0
26,9,-12.270648956298828,5.771603107452393,14.0
26,10,-1.3887779712677002,1.415091872215271,2.0
26,11,-10.93809700012207,8.913968086242676,541.0
26,12,-22.237930297851562,40.70381164550781,52.0
26,13,-11.125271797180176,2.0994696617126465,14.0
26,14,-5.875036239624023,4.343841552734375,14.0
26,15,-6.277195930480957,4.803279876708984,17.0
26,16,-13.039741516113281,678.4906616210938,330.0
26,17,-13.574893951416016,5.456795692443848,19.0
26,18,-12.728754043579102,4.909118175506592,15.0
26,19,-14.29621696472168,7.708446502685547,72.0
26,20,-11.150995254516602,4.030435562133789,34.0
26,21,-3.952469825744629,1.7588119506835938,4.0
26,22,-1.3214471340179443,1.553456425666809,1.0
26,23,-6.675360679626465,3.0421369075775146,2.0
26,24,-39.908531188964844,54.10102081298828,762.0
26,25,-54.87017059326172,21.080379486083984,1149.0
26,26,-23.470951080322266,49.990108489990234,288.0
26,27,-16.11945343017578,25.125688552856445,21.0
26,28,-42.2355842590332,7.472415924072266,36.0
26,29,-13.668663024902344,9.758225440979004,24.0
26,30,-41.39733123779297,15.797033309936523,110.0
26,31,-35.48615264892578,34.76514434814453,271.0
26,32,-33.31139373779297,16.053863525390625,233.0
26,33,-9.343125343322754,6.479381561279297,68.0
26,34,-14.078606605529785,16.705219268798828,203.0
26,35,-3.6689999103546143,3.397364377975464,4.0
26,36,-3.450939178466797,1.9940900802612305,4.0
26,37,-22.607013702392578,7.808268070220947,40.0
26,38,-15.59812068939209,49.379241943359375,103.0
26,39,-14.803518295288086,6.362617015838623,10.0
26,40,-9.975770950317383,7.353336811065674,6.0
26,41,-23.007625579833984,12.889369010925293,127.0
26,42,-13.522148132324219,14.94579029083252,35.0
26,43,-9.615473747253418,11.065901756286621,61.0
26,44,-23.072179794311523,8.145544052124023,427.0
26,45,-2.8960514068603516,2.6257076263427734,4.0
26,46,-38.10380554199219,9.406493186950684,37.0
26,47,-1.8903858661651611,1.8778520822525024,2.0
26,48,-4.541749000549316,9.68786907196045,7.0
26,49,-9.761308670043945,5.0879998207092285,8.0
26,50,-23.18708038330078,27.452030181884766,24.0
26,51,-19.58689308166504,50.26850128173828,359.0
26,52,-5.056195259094238,156.9920654296875,13.0
26,53,-11.17156982421875,3.0561530590057373,22.0
26,54,-57.48802947998047,9.125550270080566,85.0
26,55,-32.78849411010742,15.36933708190918,40.0
26,56,-25.5960750579834,10.246294021606445,19.0
26,57,-24.884384155273438,9.60435676574707,22.0
26,58,-52.37432861328125,26.400833129882812,332.0
26,59,-20.941974639892578,13.70481014251709,336.0
26,60,-4.0722551345825195,3.8861477375030518,9.0
28,0,-4.842864513397217,1.8319079875946045,3.0
28,1,-1.5872923135757446,1.697399616241455,1.0
28,2,-3.352396249771118,3.057095766067505,2.0
28,3,-34.14582824707031,44.432926177978516,565.0
28,4,-13.27154541015625,2.422426462173462,6.0
28,5,-2.563241720199585,1.898018479347229,1.0
28,6,-3.3412933349609375,1.6117613315582275,1.0
28,7,-21.263450622558594,8.38416862487793,18.0
28,8,-10.116463661193848,7.563188076019287,207.0
28,9,-12.139251708984375,5.664274215698242,13.0
28,10,-1.3616572618484497,1.4055298566818237,2.0
28,11,-10.893802642822266,8.835348129272461,528.0
28,12,-21.98322105407715,39.01203155517578,52.0
28,13,-10.660144805908203,2.035367488861084,14.0
28,14,-5.8054118156433105,4.268886089324951,13.0
28,15,-6.108448028564453,4.604858875274658,16.0
28,16,-13.142298698425293,714.190185546875,344.0
28,17,-13.451593399047852,5.373337268829346,19.0
28,18,-12.611120223999023,4.837460994720459,15.0
28,19,-14.019933700561523,7.410127639770508,64.0
28,20,-11.217305183410645,4.063981533050537,34.0
28,21,-3.857499599456787,1.7351109981536865,4.0
28,22,-1.2682666778564453,1.5261611938476562,1.0
28,23,-6.619974136352539,3.014183759689331,2.0
28,24,-39.86412811279297,53.861328125,766.0
28,25,-54.71300506591797,20.89712142944336,1130.0
28,26,-23.40896224975586,49.47629928588867,290.0
28,27,-16.131759643554688,25.187604904174805,21.0
28,28,-42.11951446533203,7.431227684020996,35.0
28,29,-13.49876594543457,9.485784530639648,23.0
28,30,-41.19810485839844,15.588606834411621,112.0
28,31,-35.469444274902344,34.70710372924805,280.0
28,32,-33.25200653076172,15.974610328674316,236.0
28,33,-9.231813430786133,6.336729526519775,64.0
28,34,-14.063299179077148,16.654155731201172,205.0
28,35,-3.632537603378296,3.3563222885131836,4.0
28,36,-3.423433303833008,1.9831503629684448,4.0
28,37,-22.523414611816406,7.749149799346924,38.0
28,38,-15.565120697021484,48.973541259765625,95.0
28,39,-14.75818157196045,6.326661586761475,10.0
28,40,-9.810091018676758,7.1136698722839355,6.0
28,41,-22.241168975830078,11.837126731872559,112.0
28,42,-13.20376205444336,14.023750305175781,32.0
28,43,-9.56217098236084,10.919419288635254,61.0
28,44,-23.078752517700195,8.150411605834961,413.0
28,45,-2.8534247875213623,2.588663339614868,4.0
28,46,-37.908512115478516,9.299052238464355,35.0
28,47,-1.8224663734436035,1.8358155488967896,2.0
28,48,-4.514261245727539,9.555630683898926,7.0
28,49,-9.646699905395508,4.991734027862549,8.0
28,50,-23.162921905517578,27.35744857788086,23.0
28,51,-19.565895080566406,50.05782699584961,359.0
28,52,-5.002477169036865,148.78126525878906,11.0
28,53,-11.021279335021973,3.0105652809143066,21.0
28,54,-57.179710388183594,9.017973899841309,91.0
28,55,-32.667076110839844,15.214613914489746,38.0
28,56,-25.496946334838867,10.154370307922363,19.0
28,57,-24.716449737548828,9.458841323852539,21.0
28,58,-52.39407730102539,26.433439254760742,325.0
28,59,-20.84820556640625,13.545111656188965,320.0
28,60,-4.087122917175293,3.9054548740386963,9.0
30,0,-4.434931755065918,1.7408376932144165,3.0
30,1,-1.5895371437072754,1.6986702680587769,1.0
30,2,-3.33419132232666,3.0386009216308594,2.0
30,3,-34.04219436645508,43.92422103881836,572.0
30,4,-13.097283363342285,2.394446849822998,6.0
30,5,-2.496951103210449,1.8668224811553955,1.0
30,6,-3.2906687259674072,1.600147008895874,1.0
30,7,-21.104576110839844,8.2520170211792,18.0
30,8,-10.139172554016113,7.5976152420043945,210.0
30,9,-11.963196754455566,5.523590564727783,12.0
30,10,-1.3526870012283325,1.4023813009262085,2.0
30,11,-10.903304100036621,8.852153778076172,530.0
30,12,-21.819181442260742,37.95989227294922,51.0
30,13,-10.28974723815918,1.9857231378555298,14.0
30,14,-5.744618892669678,4.204497337341309,13.0
30,15,-6.006210803985596,4.488653182983398,13.0
30,16,-13.184926986694336,729.5759887695312,334.0
30,17,-13.32819938659668,5.291093826293945,19.0
30,18,-12.490683555603027,4.765180587768555,15.0
30,19,-13.714518547058105,7.093770503997803,52.0
30,20,-11.134028434753418,4.021896839141846,34.0
30,21,-3.959829807281494,1.7606621980667114,4.0
30,22,-1.2561501264572144,1.5200096368789673,1.0
30,23,-6.561383247375488,2.9848928451538086,3.0
30,24,-39.73828887939453,53.18778610229492,750.0
30,25,-54.430885314941406,20.5721492767334,1115.0
30,26,-23.50959587097168,50.31312561035156,305.0
30,27,-16.08624839782715,24.95937728881836,22.0
30,28,-41.86183547973633,7.340600967407227,35.0
30,29,-13.391007423400879,9.316944122314453,23.0
30,30,-40.766178131103516,15.146134376525879,108.0
30,31,-35.43185043334961,34.57686996459961,290.0
30,32,-33.233551025390625,15.950060844421387,228.0
30,33,-9.255843162536621,6.367256164550781,67.0
30,34,-14.092081069946289,16.75029945373535,212.0
30,35,-3.7194371223449707,3.454965114593506,4.0
30,36,-3.3710880279541016,1.9624968767166138,4.0
30,37,-22.521638870239258,7.747899055480957,37.0
30,38,-15.573368072509766,49.074623107910156,95.0
30,39,-14.702657699584961,6.282903671264648,10.0
30,40,-9.71270751953125,6.976459503173828,6.0
30,41,-21.734405517578125,11.189030647277832,100.0
30,42,-12.920181274414062,13.25051498413086,28.0
30,43,-9.480372428894043,10.69838809967041,65.0
30,44,-22.971899032592773,8.07162094116211,392.0
30,45,-2.870898485183716,2.6037850379943848,4.0
30,46,-37.83102035522461,9.256760597229004,38.0
30,47,-1.7525787353515625,1.7935428619384766,2.0
30,48,-4.498126029968262,9.478850364685059,7.0
30,49,-9.562580108642578,4.922237873077393,7.0
30,50,-23.16489028930664,27.365144729614258,25.0
30,51,-19.492355346679688,49.32697677612305,361.0
30,52,-4.980560302734375,145.555908203125,11.0
30,53,-10.941789627075195,2.986729383468628,21.0
30,54,-56.868553161621094,8.910693168640137,98.0
30,55,-32.633853912353516,15.172550201416016,38.0
30,56,-25.362966537475586,10.031440734863281,19.0
30,57,-24.6824893951416,9.42968463897705,21.0
30,58,-52.48958969116211,26.591707229614258,330.0
30,59,-20.699487686157227,13.295637130737305,320.0
30,60,-4.093038558959961,3.913163661956787,9.0
32,0,-4.024684429168701,1.6538163423538208,2.0
32,1,-1.5846511125564575,1.6959058046340942,1.0
32,2,-3.3353271484375,3.0397515296936035,2.0
32,3,-34.018653869628906,43.80949020385742,568.0
32,4,-13.043365478515625,2.385855197906494,6.0
32,5,-2.438251495361328,1.8396270275115967,1.0
32,6,-3.208080768585205,1.5813790559768677,1.0
32,7,-20.952539443969727,8.127504348754883,18.0
32,8,-10.138605117797852,7.596753120422363,206.0
32,9,-11.795768737792969,5.393043518066406,12.0
32,10,-1.28605055809021,1.379212498664856,2.0
32,11,-10.834278106689453,8.730788230895996,510.0
32,12,-21.538509368896484,36.22507095336914,53.0
32,13,-9.95533561706543,1.9419429302215576,14.0
32,14,-5.61329460144043,4.068700313568115,13.0
32,15,-5.903210639953613,4.374545574188232,12.0
32,16,-13.21110725402832,739.1890258789062,336.0
32,17,-13.096485137939453,5.140038967132568,18.0
32,18,-12.440435409545898,4.735344409942627,14.0
32,19,-13.527990341186523,6.90723991394043,49.0
32,20,-11.158050537109375,4.033991813659668,34.0
32,21,-3.927259922027588,1.7524890899658203,4.0
32,22,-1.276309847831726,1.5302584171295166,1.0
32,23,-6.436976432800293,2.923640012741089,2.0
32,24,-39.59347915649414,52.423133850097656,737.0
32,25,-54.33787536621094,20.466123580932617,1105.0
32,26,-23.43939971923828,49.72792434692383,303.0
32,27,-16.038000106811523,24.719690322875977,22.0
32,28,-41.69877243041992,7.283823013305664,35.0
32,29,-13.27287769317627,9.13530158996582,21.0
32,30,-40.51854705810547,14.898141860961914,110.0
32,31,-35.511558532714844,34.853580474853516,294.0
32,32,-33.11781311035156,15.796965599060059,225.0
32,33,-9.17559814453125,6.265883445739746,66.0
32,34,-14.13766860961914,16.90372085571289,211.0
32,35,-3.7886343002319336,3.5355823040008545,4.0
32,36,-3.3412187099456787,1.9508081674575806,4.0
32,37,-22.578142166137695,7.787800312042236,37.0
32,38,-15.500900268554688,48.193546295166016,91.0
32,39,-14.666111946105957,6.25426721572876,10.0
32,40,-9.670845985412598,6.9182939529418945,6.0
32,41,-21.009220123291016,10.32282829284668,91.0
32,42,-12.678594589233398,12.625504493713379,22.0
32,43,-9.388608932495117,10.4557523727417,64.0
32,44,-22.93233871459961,8.042645454406738,373.0
32,45,-2.8833112716674805,2.6145806312561035,4.0
32,46,-37.660064697265625,9.164138793945312,34.0
32,47,-1.6783345937728882,1.749700903892517,2.0
32,48,-4.449078559875488,9.249220848083496,7.0
32,49,-9.41023063659668,4.798828125,7.0
32,50,-23.304157257080078,27.91503143310547,25.0
32,51,-19.361282348632812,48.05069351196289,353.0
32,52,-4.958714962005615,142.41067504882812,11.0
32,53,-10.853147506713867,2.960371255874634,21.0
32,54,-56.595794677734375,8.817702293395996,102.0
32,55,-32.4947624206543,14.997701644897461,35.0
32,56,-25.33838653564453,10.009050369262695,19.0
32,57,-24.55006980895996,9.316850662231445,21.0
32,58,-52.399749755859375,26.442811965942383,325.0
32,59,-20.472843170166016,12.924249649047852,318.0
32,60,-4.046625137329102,3.85308837890625,9.0
34,0,-3.795125961303711,1.6070348024368286,2.0
34,1,-1.5814474821090698,1.6940958499908447,1.0
34,2,-3.318634033203125,3.022883892059326,2.0
34,3,-33.94270324707031,43.44133377075195,543.0
34,4,-12.786253929138184,2.345308303833008,5.0
34,5,-2.4740278720855713,1.8561546802520752,1.0
34,6,-3.168379306793213,1.5724353790283203,1.0
34,7,-20.637426376342773,7.875389575958252,18.0
34,8,-10.120494842529297,7.569287300109863,208.0
34,9,-11.688674926757812,5.311161994934082,12.0
34,10,-1.28658127784729,1.3793954849243164,2.0
34,11,-10.844614028930664,8.748855590820312,515.0
34,12,-21.421550750732422,35.52577209472656,53.0
34,13,-9.6583251953125,1.903869390487671,15.0
34,14,-5.633504390716553,4.089309215545654,13.0
34,15,-5.764078140258789,4.225001335144043,11.0
34,16,-13.377036094665527,803.1311645507812,338.0
34,17,-13.01325798034668,5.086842060089111,18.0
34,18,-12.35859489440918,4.687148094177246,14.0
34,19,-13.310820579528809,6.696237564086914,48.0
34,20,-11.151541709899902,4.030710697174072,34.0
34,21,-3.926727294921875,1.7523558139801025,4.0
34,22,-1.2650525569915771,1.5245269536972046,1.0
34,23,-6.375087738037109,2.8936383724212646,2.0
34,24,-39.49394989013672,51.903953552246094,719.0
34,25,-54.085411071777344,20.181068420410156,1081.0
34,26,-23.45160675048828,49.82919692993164,311.0
34,27,-16.02062225341797,24.633922576904297,22.0
34,28,-41.582061767578125,7.2434539794921875,35.0
34,29,-13.12700366973877,8.91588020324707,16.0
34,30,-40.23577117919922,14.619916915893555,107.0
34,31,-35.44072723388672,34.607574462890625,292.0
34,32,-33.055213928222656,15.714773178100586,226.0
34,33,-9.159661293029785,6.245944023132324,64.0
34,34,-14.148848533630371,16.941556930541992,216.0
34,35,-3.8064236640930176,3.556610107421875,4.0
34,36,-3.3318002223968506,1.9471368789672852,4.0
34,37,-22.486591339111328,7.723251819610596,36.0
34,38,-15.436027526855469,47.418235778808594,91.0
34,39,-14.631604194641113,6.227348327636719,10.0
34,40,-9.590879440307617,6.808527946472168,6.0
34,41,-20.58754539489746,9.850332260131836,86.0
34,42,-12.448468208312988,12.057581901550293,21.0
34,43,-9.210029602050781,9.999222755432129,63.0
34,44,-22.814987182617188,7.957300662994385,360.0
34,45,-2.8898019790649414,2.620243787765503,4.0
34,46,-37.49120330810547,9.073561668395996,34.0
34,47,-1.6252952814102173,1.719038486480713,1.0
34,48,-4.441959381103516,9.216355323791504,7.0
34,49,-9.344587326049805,4.746613025665283,7.0
34,50,-23.162647247314453,27.35637664794922,25.0
34,51,-19.303997039794922,47.50330352783203,357.0
34,52,-4.945670127868652,140.5650177001953,11.0
34,53,-10.815485000610352,2.9492428302764893,21.0
34,54,-56.3184700012207,8.724150657653809,101.0
34,55,-32.38555145263672,14.861827850341797,35.0
34,56,-25.35894775390625,10.027776718139648,19.0
34,57,-24.436206817626953,9.220908164978027,21.0
34,58,-52.40757369995117,26.455745697021484,327.0
34,59,-20.26388931274414,12.591049194335938,301.0
34,60,-4.039564609527588,3.8440306186676025,9.0
36,0,-3.5813236236572266,1.564655065536499,2.0
36,1,-1.5634148120880127,1.6839433908462524,1.0
36,2,-3.315643310546875,3.0198721885681152,2.0
36,3,-33.907257080078125,43.27058029174805,538.0
36,4,-12.70041275024414,2.3319251537323,5.0
36,5,-2.453449010848999,1.8466297388076782,1.0
36,6,-3.0842130184173584,1.5536420345306396,1.0
36,7,-20.439395904541016,7.720966815948486,18.0
36,8,-10.139405250549316,7.597970485687256,206.0
36,9,-11.600156784057617,5.2444233894348145,11.0
36,10,-1.2512843608856201,1.367276906967163,2.0
36,11,-10.816396713256836,8.69961929321289,499.0
36,12,-21.15485191345215,33.981239318847656,52.0
36,13,-9.382262229919434,1.8691506385803223,15.0
36,14,-5.52103328704834,3.97592830657959,11.0
36,15,-5.6733245849609375,4.130221843719482,10.0
36,16,-13.345842361450195,790.7019653320312,337.0
36,17,-12.836514472961426,4.975691318511963,17.0
36,18,-12.245275497436523,4.621223449707031,14.0
36,19,-12.997425079345703,6.403054237365723,46.0
36,20,-11.048614501953125,3.979184150695801,32.0
36,21,-3.9195985794067383,1.7505722045898438,4.0
36,22,-1.275052785873413,1.5296173095703125,1.0
36,23,-6.341162204742432,2.8773231506347656,2.0
36,24,-39.513877868652344,52.00749969482422,766.0
36,25,-53.930015563964844,20.007593154907227,1063.0
36,26,-23.398088455200195,49.3867073059082,307.0
36,27,-15.950644493103027,24.29155731201172,22.0
36,28,-41.46030044555664,7.201577186584473,35.0
36,29,-13.046504020690918,8.797057151794434,15.0
36,30,-40.0804557800293,14.469318389892578,103.0
36,31,-35.414939880371094,34.51844787597656,296.0
36,32,-32.94123840332031,15.566218376159668,225.0
36,33,-9.201399803161621,6.298301696777344,65.0
36,34,-14.191665649414062,17.08725929260254,224.0
36,35,-3.8149945735931396,3.5667858123779297,4.0
36,36,-3.3207712173461914,1.9428465366363525,4.0
36,37,-22.49776840209961,7.731103420257568,36.0
36,38,-15.403923034667969,47.03917694091797,89.0
36,39,-14.597833633422852,6.201115608215332,10.0
36,40,-9.671846389770508,6.919679164886475,6.0
36,41,-20.039175033569336,9.268067359924316,83.0
36,42,-12.18763256072998,11.444697380065918,20.0
36,43,-9.055941581726074,9.621357917785645,62.0
36,44,-22.812602996826172,7.955575942993164,349.0
36,45,-2.920665740966797,2.6473398208618164,4.0
36,46,-37.219459533691406,8.92967414855957,34.0
36,47,-1.5582070350646973,1.6810226440429688,1.0
36,48,-4.422164440155029,9.125587463378906,7.0
36,49,-9.2572660446167,4.678032875061035,7.0
36,50,-23.13210678100586,27.237281799316406,26.0
36,51,-19.2062931060791,46.58406448364258,353.0
36,52,-4.942267894744873,140.0876007080078,11.0
36,53,-10.837601661682129,2.955772876739502,20.0
36,54,-56.09136199951172,8.648277282714844,102.0
36,55,-32.40617370605469,14.887391090393066,35.0
36,56,-25.286855697631836,9.962270736694336,19.0
36,57,-24.599533081054688,9.358838081359863,20.0
36,58,-52.324180603027344,26.318214416503906,323.0
36,59,-20.137004852294922,12.392923355102539,298.0
36,60,-3.9888830184936523,3.7796356678009033,8.0
38,0,-3.405696392059326,1.5306799411773682,1.0
38,1,-1.590571641921997,1.6992560625076294,1.0
38,2,-3.2911722660064697,2.9953391551971436,2.0
38,3,-33.743865966796875,42.49210739135742,528.0
38,4,-12.586662292480469,2.3143081665039062,5.0
38,5,-2.4300663471221924,1.8358665704727173,1.0
38,6,-3.065793514251709,1.549559235572815,1.0
38,7,-20.250646591186523,7.576601028442383,18.0
38,8,-10.066431999206543,7.487884521484375,199.0
38,9,-11.484149932861328,5.158226490020752,10.0
38,10,-1.222093939781189,1.3573353290557861,2.0
38,11,-10.819902420043945,8.705721855163574,511.0
38,12,-20.92182159423828,32.686763763427734,51.0
38,13,-9.166423797607422,1.8424475193023682,15.0
38,14,-5.417983531951904,3.874807119369507,10.0
38,15,-5.613595962524414,4.06900691986084,10.0
38,16,-13.494424819946289,851.6812744140625,344.0
38,17,-12.722043991088867,4.905002117156982,16.0
38,18,-12.193778038024902,4.59157133102417,14.0
38,19,-12.83385944366455,6.255170822143555,43.0
38,20,-11.118210792541504,4.013952255249023,32.0
38,21,-4.088741779327393,1.7933869361877441,4.0
38,22,-1.2787823677062988,1.531520128250122,1.0
38,23,-6.295362949371338,2.855443239212036,2.0
38,24,-39.251121520996094,50.65876388549805,725.0
38,25,-53.79419708251953,19.857194900512695,1047.0
38,26,-23.363178253173828,49.10019302368164,312.0
38,27,-15.906121253967285,24.076213836669922,22.0
38,28,-41.278839111328125,7.1396164894104,35.0
38,29,-12.830205917358398,8.485574722290039,15.0
38,30,-39.791526794433594,14.193277359008789,102.0
38,31,-35.37895202636719,34.39445114135742,306.0
38,32,-32.96518325805664,15.597312927246094,225.0
38,33,-9.158918380737305,6.245015621185303,60.0
38,34,-14.177037239074707,17.037342071533203,220.0
38,35,-3.8101632595062256,3.561046600341797,4.0
38,36,-3.281290292739868,1.9275660514831543,4.0
38,37,-22.459930419921875,7.704556941986084,36.0
38,38,-15.32333755493164,46.100990295410156,83.0
38,39,-14.540684700012207,6.156975269317627,10.0
38,40,-9.61967945098877,6.84785795211792,6.0
38,41,-19.45098114013672,8.681723594665527,72.0
38,42,-12.060463905334473,11.1572847366333,19.0
38,43,-9.09325885772705,9.711538314819336,64.0
38,44,-22.769208908081055,7.924253940582275,337.0
38,45,-2.9236361980438232,2.6499621868133545,4.0
38,46,-37.13409423828125,8.884947776794434,34.0
38,47,-1.5189460515975952,1.6591664552688599,1.0
38,48,-4.401033401489258,9.029678344726562,7.0
38,49,-9.274590492248535,4.691559314727783,7.0
38,50,-23.14519691467285,27.288267135620117,27.0
38,51,-19.193260192871094,46.462806701660156,364.0
38,52,-4.941985130310059,140.04798889160156,11.0
38,53,-10.78271484375,2.939594030380249,20.0
38,54,-55.90748596191406,8.587329864501953,107.0
38,55,-32.27648162841797,14.727356910705566,32.0
38,56,-25.35504913330078,10.024222373962402,18.0
38,57,-24.466022491455078,9.245933532714844,20.0
38,58,-52.29524612426758,26.270666122436523,325.0
38,59,-19.964345932006836,12.12831974029541,288.0
38,60,-3.995048761367798,3.78741192817688,8.0
40,0,-3.256016254425049,1.5023071765899658,1.0
40,1,-1.5696592330932617,1.6874521970748901,1.0
40,2,-3.2748329639434814,2.979069471359253,2.0
40,3,-33.801212310791016,42.763729095458984,527.0
40,4,-12.52847671508789,2.3053483963012695,5.0
40,5,-2.4640536308288574,1.851531982421875,1.0
40,6,-3.0252182483673096,1.5406032800674438,1.0
40,7,-19.97645378112793,7.371677875518799,18.0
40,8,-10.102131843566895,7.541539192199707,204.0
40,9,-11.48286247253418,5.157278060913086,9.0
40,10,-1.2097920179367065,1.3531672954559326,2.0
40,11,-10.835808753967285,8.733461380004883,516.0
40,12,-20.58670425415039,30.91115951538086,49.0
40,13,-8.910026550292969,1.8112220764160156,15.0
40,14,-5.404671669006348,3.8619332313537598,10.0
40,15,-5.4884819984436035,3.943704605102539,9.0
40,16,-13.426166534423828,823.1045532226562,333.0
40,17,-12.597156524658203,4.829024791717529,16.0
40,18,-12.126018524169922,4.552845001220703,14.0
40,19,-12.648460388183594,6.091673851013184,39.0
40,20,-11.100320816040039,4.00498628616333,32.0
40,21,-4.076267719268799,1.790194034576416,4.0
40,22,-1.2880500555038452,1.5362586975097656,1.0
40,23,-6.169863700866699,2.796337842941284,2.0
40,24,-39.37286376953125,51.279258728027344,752.0
40,25,-53.78398895263672,19.8459415435791,1043.0
40,26,-23.297243118286133,48.563575744628906,314.0
40,27,-15.902771949768066,24.060089111328125,22.0
40,28,-41.11253356933594,7.083299160003662,34.0
40,29,-12.77787971496582,8.411892890930176,11.0
40,30,-39.59748458862305,14.01085376739502,96.0
40,31,-35.34292221069336,34.270748138427734,306.0
40,32,-32.90093231201172,15.514021873474121,224.0
40,33,-9.155462265014648,6.240700721740723,60.0
40,34,-14.23324203491211,17.229936599731445,219.0
40,35,-3.7924158573150635,3.54004168510437,4.0
40,36,-3.3266148567199707,1.9451185464859009,4.0
40,37,-22.43767547607422,7.688984394073486,36.0
40,38,-15.334575653076172,46.230690002441406,82.0
40,39,-14.579763412475586,6.187124252319336,10.0
40,40,-9.709141731262207,6.971485614776611,6.0
40,41,-19.261638641357422,8.500985145568848,68.0
40,42,-11.918464660644531,10.844878196716309,18.0
40,43,-9.046366691589355,9.59835433959961,64.0
40,44,-22.81207275390625,7.955192565917969,336.0
40,45,-2.916259765625,2.6434545516967773,4.0
40,46,-37.107643127441406,8.871131896972656,34.0
40,47,-1.465383529663086,1.6298062801361084,1.0
40,48,-4.384110450744629,8.953595161437988,7.0
40,49,-9.171557426452637,4.611683368682861,7.0
40,50,-23.135927200317383,27.252147674560547,26.0
40,51,-19.099609375,45.600650787353516,363.0
40,52,-4.918807029724121,136.8392791748047,11.0
40,53,-10.727701187133789,2.923466444015503,19.0
40,54,-55.717376708984375,8.52476978302002,117.0
40,55,-32.109737396240234,14.52413272857666,32.0
40,56,-25.340723037719727,10.011177062988281,17.0
40,57,-24.369915008544922,9.165502548217773,20.0
40,58,-52.237239837646484,26.175594329833984,322.0
40,59,-19.928001403808594,12.073346138000488,297.0
40,60,-3.9534451961517334,3.735250949859619,8.0
42,0,-3.1464385986328125,1.4818700551986694,1.0
42,1,-1.557099461555481,1.680402159690857,1.0
42,2,-3.2975194454193115,3.001683235168457,2.0
42,3,-33.73985290527344,42.47316360473633,528.0
42,4,-12.35938549041748,2.2795066833496094,5.0
42,5,-2.3507280349731445,1.7998117208480835,1.0
42,6,-2.9861621856689453,1.5320314168930054,1.0
42,7,-19.87848663330078,7.2998127937316895,18.0
42,8,-10.098698616027832,7.536362648010254,200.0
42,9,-11.343376159667969,5.055528163909912,9.0
42,10,-1.1616816520690918,1.336989402770996,2.0
42,11,-10.797513008117676,8.666825294494629,502.0
42,12,-20.48876190185547,30.410675048828125,48.0
42,13,-8.916796684265137,1.8120397329330444,15.0
42,14,-5.29604434967041,3.7584667205810547,10.0
42,15,-5.473213195800781,3.9286789894104004,9.0
42,16,-13.382312774658203,805.2529296875,326.0
42,17,-12.513209342956543,4.778616905212402,16.0
42,18,-12.062814712524414,4.517016887664795,14.0
42,19,-12.542123794555664,5.999835014343262,39.0
42,20,-11.067508697509766,3.988593101501465,32.0
42,21,-4.206480979919434,1.8238067626953125,4.0
42,22,-1.2982885837554932,1.5415105819702148,1.0
42,23,-6.176675319671631,2.799514055252075,2.0
42,24,-39.2573356628418,50.690250396728516,735.0
42,25,-53.65036392211914,19.69915771484375,1024.0
42,26,-23.27481460571289,48.382389068603516,310.0
42,27,-15.79978084564209,23.569564819335938,21.0
42,28,-41.105995178222656,7.0810933113098145,34.0
42,29,-12.70490837097168,8.310209274291992,11.0
42,30,-39.38458251953125,13.813394546508789,96.0
42,31,-35.405330657958984,34.48529815673828,303.0
42,32,-32.9266357421875,15.547287940979004,221.0
42,33,-9.199633598327637,6.296077251434326,66.0
42,34,-14.210943222045898,17.15326499938965,217.0
42,35,-3.77711820602417,3.522036552429199,4.0
42,36,-3.302811622619629,1.9358805418014526,4.0
42,37,-22.54350471496582,7.763316631317139,36.0
42,38,-15.317464828491211,46.03335189819336,84.0
42,39,-14.563301086425781,6.174406051635742,10.0
42,40,-9.661027908325195,6.904722213745117,6.0
42,41,-18.958518981933594,8.219439506530762,66.0
42,42,-11.870207786560059,10.740714073181152,18.0
42,43,-9.06814956665039,9.65076732635498,64.0
42,44,-22.69851303100586,7.873487949371338,324.0
42,45,-2.9315426349639893,2.6569552421569824,4.0
42,46,-37.00395584106445,8.817190170288086,34.0
42,47,-1.4306992292404175,1.6110718250274658,1.0
42,48,-4.335183620452881,8.737217903137207,6.0
42,49,-9.133302688598633,4.582374095916748,7.0
42,50,-23.095020294189453,27.09335708618164,27.0
42,51,-19.054386138916016,45.190067291259766,358.0
42,52,-4.9224853515625,137.34353637695312,11.0
42,53,-10.716862678527832,2.920299768447876,19.0
42,54,-55.494056701660156,8.451862335205078,118.0
42,55,-31.99677276611328,14.388047218322754,32.0
42,56,-25.235836029052734,9.916170120239258,17.0
42,57,-24.408662796020508,9.197846412658691,20.0
42,58,-52.10279846191406,25.956573486328125,325.0
42,59,-19.749740600585938,11.807294845581055,288.0
42,60,-3.9579882621765137,3.7409117221832275,8.0
44,0,-3.0759644508361816,1.4688732624053955,1.0
44,1,-1.5580875873565674,1.6809556484222412,1.0
44,2,-3.248687744140625,2.953219175338745,2.0
44,3,-33.672691345214844,42.15740203857422,494.0
44,4,-12.278366088867188,2.2672276496887207,5.0
44,5,-2.3804543018341064,1.8132368326187134,1.0
44,6,-2.9140400886535645,1.5163276195526123,1.0
44,7,-19.671070098876953,7.149962425231934,18.0
44,8,-10.056414604187012,7.472898006439209,191.0
44,9,-11.253730773925781,4.991197109222412,9.0
44,10,-1.182175874710083,1.3438572883605957,2.0
44,11,-10.799212455749512,8.669772148132324,512.0
44,12,-20.278362274169922,29.36275863647461,49.0
44,13,-8.771758079528809,1.7946031093597412,14.0
44,14,-5.266427040100098,3.730740547180176,10.0
44,15,-5.394773006439209,3.8523881435394287,8.0
44,16,-13.455228805541992,835.1525268554688,330.0
44,17,-12.419097900390625,4.722731113433838,16.0
44,18,-11.965362548828125,4.462326526641846,14.0
44,19,-12.303631782531738,5.798862457275391,38.0
44,20,-11.04458999633789,3.9771828651428223,32.0
44,21,-4.182834148406982,1.8176558017730713,4.0
44,22,-1.2745931148529053,1.5293830633163452,1.0
44,23,-6.144950866699219,2.7847511768341064,2.0
44,24,-39.23350524902344,50.56959915161133,747.0
44,25,-53.78839111328125,19.85079574584961,1031.0
44,26,-23.277278900146484,48.402252197265625,310.0
44,27,-15.789833068847656,23.522716522216797,21.0
44,28,-40.78810501098633,6.974709510803223,33.0
44,29,-12.574650764465332,8.131741523742676,11.0
44,30,-39.208168029785156,13.651887893676758,94.0
44,31,-35.34192657470703,34.267333984375,301.0
44,32,-32.92605972290039,15.546542167663574,223.0
44,33,-9.175225257873535,6.265417098999023,59.0
44,34,-14.222994804382324,17.194664001464844,221.0
44,35,-3.7446980476379395,3.484180212020874,4.0
44,36,-3.321471929550171,1.9431188106536865,4.0
44,37,-22.522377014160156,7.748420238494873,37.0
44,38,-15.220810890197754,44.934356689453125,78.0
44,39,-14.52885627746582,6.147878646850586,10.0
44,40,-9.677700996398926,6.927785873413086,6.0
44,41,-18.37038230895996,7.69948673248291,58.0
44,42,-11.712085723876953,10.406360626220703,17.0
44,43,-8.919004440307617,9.297552108764648,62.0
44,44,-22.692514419555664,7.869195938110352,329.0
44,45,-2.9196860790252686,2.646475315093994,4.0
44,46,-36.82301330566406,8.72383975982666,34.0
44,47,-1.411391258239746,1.6007364988327026,1.0
44,48,-4.351668834686279,8.80953311920166,7.0
44,49,-9.055176734924316,4.523093223571777,7.0
44,50,-23.024259567260742,26.820863723754883,25.0
44,51,-19.00366973876953,44.7340087890625,353.0
44,52,-4.897335052490234,133.932373046875,11.0
44,53,-10.659309387207031,2.903540849685669,19.0
44,54,-55.32011413574219,8.3955078125,121.0
44,55,-31.82087516784668,14.178682327270508,32.0
44,56,-25.2938175201416,9.968578338623047,17.0
44,57,-24.202163696289062,9.026789665222168,18.0
44,58,-52.08125305175781,25.921646118164062,327.0
44,59,-19.72307777404785,11.768009185791016,282.0
44,60,-3.940443515777588,3.7190980911254883,8.0
46,0,-3.059810161590576,1.4659100770950317,1.0
46,1,-1.5416052341461182,1.6717456579208374,1.0
46,2,-3.2314767837524414,2.9363255500793457,2.0
46,3,-33.6651725769043,42.122196197509766,513.0
46,4,-12.186285018920898,2.253352165222168,5.0
46,5,-2.4005112648010254,1.8223516941070557,1.0
46,6,-2.8985114097595215,1.512967586517334,1.0
46,7,-19.508346557617188,7.0345563888549805,18.0
46,8,-10.069084167480469,7.491858005523682,198.0
46,9,-11.311775207519531,5.032756805419922,9.0
46,10,-1.1676229238510132,1.3389767408370972,2.0
46,11,-10.750127792358398,8.585078239440918,487.0
46,12,-20.212413787841797,29.04178237915039,45.0
46,13,-8.672676086425781,1.7827879190444946,14.0
46,14,-5.2008562088012695,3.6700820922851562,10.0
46,15,-5.334680080413818,3.794945240020752,8.0
46,16,-13.408757209777832,815.9708862304688,329.0
46,17,-12.35826301574707,4.686954021453857,15.0
46,18,-11.90349006652832,4.427947521209717,14.0
46,19,-12.164726257324219,5.684925556182861,34.0
46,20,-11.09827995300293,4.003964424133301,32.0
46,21,-4.394837379455566,1.8735477924346924,4.0
46,22,-1.289635181427002,1.537070631980896,1.0
46,23,-6.064022064208984,2.7474420070648193,2.0
46,24,-39.19131851196289,50.3567008972168,725.0
46,25,-53.522335052490234,19.559539794921875,994.0
46,26,-23.23224449157715,48.040321350097656,310.0
46,27,-15.759639739990234,23.3810977935791,22.0
46,28,-40.86566162109375,7.000516414642334,34.0
46,29,-12.530233383178711,8.071765899658203,11.0
46,30,-39.09854507446289,13.552483558654785,93.0
46,31,-35.23365783691406,33.89833068847656,300.0
46,32,-32.826454162597656,15.418033599853516,220.0
46,33,-9.244699478149414,6.353081226348877,65.0
46,34,-14.260623931884766,17.324552536010742,221.0
46,35,-3.7078657150268555,3.441664457321167,4.0
46,36,-3.310386896133423,1.938815712928772,4.0
46,37,-22.52275848388672,7.748687744140625,36.0
46,38,-15.263932228088379,45.42138671875,81.0
46,39,-14.537083625793457,6.154204368591309,10.0
46,40,-9.611244201660156,6.836315155029297,6.0
46,41,-18.078327178955078,7.453643798828125,58.0
46,42,-11.786897659301758,10.563234329223633,17.0
46,43,-8.88963794708252,9.22954273223877,63.0
46,44,-22.702438354492188,7.876298427581787,324.0
46,45,-2.925828695297241,2.651899576187134,4.0
46,46,-36.92446517944336,8.776058197021484,33.0
46,47,-1.374891996383667,1.5813791751861572,1.0
46,48,-4.336879730224609,8.744629859924316,6.0
46,49,-9.003150939941406,4.484043121337891,7.0
46,50,-23.057109832763672,26.947023391723633,28.0
46,51,-19.059383392333984,45.23525619506836,371.0
46,52,-4.93829345703125,139.53192138671875,11.0
46,53,-10.665388107299805,2.905306339263916,18.0
46,54,-55.17436218261719,8.3485746383667,123.0
46,55,-31.689184188842773,14.023934364318848,31.0
46,56,-25.320924758911133,9.99317455291748,17.0
46,57,-24.18416976928711,9.012035369873047,17.0
46,58,-51.987998962402344,25.77100372314453,327.0
46,59,-19.5894775390625,11.573114395141602,273.0
46,60,-3.906647205352783,3.6774353981018066,8.0
48,0,-2.986731767654419,1.452580213546753,1.0
48,1,-1.540387511253357,1.671067237854004,1.0
48,2,-3.248465061187744,2.95300030708313,2.0
48,3,-33.564971923828125,41.65583038330078,507.0
48,4,-12.083860397338867,2.238018035888672,4.0
48,5,-2.3412113189697266,1.795534610748291,1.0
48,6,-2.86785888671875,1.506356954574585,1.0
48,7,-19.350765228271484,6.924574375152588,18.0
48,8,-10.081060409545898,7.509823799133301,199.0
48,9,-11.255064010620117,4.992147922515869,9.0
48,10,-1.1589772701263428,1.3360857963562012,2.0
48,11,-10.713626861572266,8.522634506225586,478.0
48,12,-20.04120635986328,28.224803924560547,44.0
48,13,-8.559060096740723,1.7693355083465576,14.0
48,14,-5.185757637023926,3.6562552452087402,10.0
48,15,-5.349711894989014,3.8092334270477295,8.0
48,16,-13.449978828430176,832.9631958007812,332.0
48,17,-12.247197151184082,4.622333526611328,15.0
48,18,-11.906444549560547,4.429583549499512,14.0
48,19,-12.116426467895508,5.645834445953369,34.0
48,20,-11.020892143249512,3.965418815612793,32.0
48,21,-4.340649127960205,1.8591004610061646,4.0
48,22,-1.306882619857788,1.5459328889846802,1.0
48,23,-6.058292865753174,2.7448198795318604,2.0
48,24,-39.152347564697266,50.16084671020508,744.0
48,25,-53.45406723022461,19.48549461364746,1014.0
48,26,-23.15245819091797,47.405723571777344,312.0
48,27,-15.683738708496094,23.028852462768555,21.0
48,28,-40.72673034667969,6.954355716705322,34.0
48,29,-12.486786842346191,8.013528823852539,11.0
48,30,-38.95570373535156,13.424036026000977,91.0
48,31,-35.25788879394531,33.980567932128906,301.0
48,32,-32.81380081176758,15.401785850524902,219.0
48,33,-9.147883415222168,6.23124885559082,60.0
48,34,-14.180845260620117,17.050321578979492,215.0
48,35,-3.7451038360595703,3.4846510887145996,4.0
48,36,-3.299593925476074,1.9346351623535156,4.0
48,37,-22.565858840942383,7.779108047485352,36.0
48,38,-15.266242027282715,45.4476203918457,82.0
48,39,-14.547548294067383,6.162259578704834,10.0
48,40,-9.703514099121094,6.9636430740356445,6.0
48,41,-17.719470977783203,7.162292957305908,56.0
48,42,-11.733259201049805,10.450520515441895,17.0
48,43,-8.82210636138916,9.075028419494629,61.0
48,44,-22.78842544555664,7.938108444213867,330.0
48,45,-2.9366750717163086,2.6615049839019775,4.0
48,46,-36.88593292236328,8.75618839263916,34.0
48,47,-1.3416748046875,1.5639660358428955,1.0
48,48,-4.351380348205566,8.80826187133789,6.0
48,49,-9.028820037841797,4.503267765045166,7.0
48,50,-23.10843276977539,27.145320892333984,28.0
48,51,-19.035480499267578,45.01951217651367,372.0
48,52,-4.909467697143555,135.56723022460938,11.0
48,53,-10.611309051513672,2.889636993408203,18.0
48,54,-55.17192459106445,8.347792625427246,129.0
48,55,-31.638996124267578,13.96540355682373,30.0
48,56,-25.162649154663086,9.850414276123047,17.0
48,57,-24.155872344970703,8.988882064819336,17.0
48,58,-52.0118293762207,25.809415817260742,326.0
48,59,-19.60416030883789,11.594374656677246,260.0
48,60,-3.929609775543213,3.7056915760040283,8.0
50,0,-2.9916396141052246,1.4534716606140137,1.0
50,1,-1.5339611768722534,1.6674914360046387,1.0
50,2,-3.2217819690704346,2.926851511001587,2.0
50,3,-33.544342041015625,41.56045150756836,509.0
50,4,-12.04510498046875,2.232243061065674,4.0
50,5,-2.3164148330688477,1.7844383716583252,1.0
50,6,-2.8428852558135986,1.5009924173355103,1.0
50,7,-19.210071563720703,6.827831745147705,18.0
50,8,-10.008674621582031,7.401886940002441,189.0
50,9,-11.165512084960938,4.928689002990723,9.0
50,10,-1.1524361371994019,1.3339028358459473,2.0
50,11,-10.777195930480957,8.631680488586426,497.0
50,12,-19.839740753173828,27.292814254760742,40.0
50,13,-8.612751960754395,1.7756800651550293,14.0
50,14,-5.123288154602051,3.599597454071045,9.0
50,15,-5.267045021057129,3.7313170433044434,8.0
50,16,-13.510149955749512,858.404052734375,335.0
50,17,-12.240650177001953,4.618552207946777,15.0
50,18,-11.805971145629883,4.3742995262146,14.0
50,19,-12.032575607299805,5.578608512878418,35.0
50,20,-10.994216918945312,3.952218532562256,32.0
50,21,-4.401555061340332,1.8753468990325928,4.0
50,22,-1.3022384643554688,1.5435415506362915,1.0
50,23,-6.00537109375,2.7207162380218506,2.0
50,24,-39.078956604003906,49.7940559387207,758.0
50,25,-53.36405563354492,19.38829803466797,981.0
50,26,-23.169279098510742,47.538814544677734,311.0
50,27,-15.67121410369873,22.971237182617188,21.0
50,28,-40.707603454589844,6.948023319244385,33.0
50,29,-12.47673225402832,8.000110626220703,10.0
50,30,-38.881832122802734,13.358088493347168,91.0
50,31,-35.15596008300781,33.635963439941406,296.0
50,32,-32.74378204345703,15.312177658081055,220.0
50,33,-9.138765335083008,6.219895362854004,60.0
50,34,-14.18482780456543,17.063907623291016,216.0
50,35,-3.6973345279693604,3.4296042919158936,4.0
50,36,-3.328056812286377,1.9456796646118164,4.0
50,37,-22.528045654296875,7.752412796020508,37.0
50,38,-15.187332153320312,44.559837341308594,80.0
50,39,-14.479513168334961,6.1100754737854,10.0
50,40,-9.657327651977539,6.899614334106445,6.0
50,41,-17.655885696411133,7.111868858337402,54.0
50,42,-11.6978759765625,10.37682819366455,17.0
50,43,-8.787895202636719,8.997743606567383,63.0
50,44,-22.652496337890625,7.8406195640563965,321.0
50,45,-2.917764186859131,2.6447806358337402,4.0
50,46,-36.84138488769531,8.73327350616455,34.0
50,47,-1.3400466442108154,1.563117504119873,1.0
50,48,-4.330157279968262,8.715287208557129,6.0
50,49,-8.995899200439453,4.4786272048950195,7.0
50,50,-23.015052795410156,26.785606384277344,28.0
50,51,-18.979419708251953,44.5175666809082,365.0
50,52,-4.931175708770752,138.5423126220703,11.0
50,53,-10.511249542236328,2.860867500305176,18.0
50,54,-54.776756286621094,8.22187614440918,127.0
50,55,-31.520172119140625,13.827800750732422,31.0
50,56,-25.128990173339844,9.820319175720215,16.0
50,57,-24.07883071899414,8.92614459991455,16.0
50,58,-51.813392639160156,25.491294860839844,321.0
50,59,-19.546600341796875,11.511253356933594,263.0
50,60,-3.890164852142334,3.657287120819092,8.0
52,0,-2.993479013442993,1.453805923461914,1.0
52,1,-1.542763590812683,1.6723912954330444,1.0
52,2,-3.213542938232422,2.9188244342803955,2.0
52,3,-33.38127136230469,40.814205169677734,486.0
52,4,-11.99945068359375,2.225459337234497,4.0
52,5,-2.2750651836395264,1.7660868167877197,1.0
52,6,-2.9200997352600098,1.5176409482955933,1.0
52,7,-19.051000595092773,6.720080375671387,18.0
52,8,-10.022648811340332,7.422602653503418,193.0
52,9,-11.150457382202148,4.918100833892822,9.0
52,10,-1.129898190498352,1.3264080286026,2.0
52,11,-10.71890640258789,8.531636238098145,481.0
52,12,-19.70989990234375,26.708539962768555,41.0
52,13,-8.485260009765625,1.760651707649231,14.0
52,14,-5.034688949584961,3.5207436084747314,9.0
52,15,-5.212926864624023,3.6811740398406982,7.0
52,16,-13.447042465209961,831.7411499023438,328.0
52,17,-12.149224281311035,4.566070556640625,15.0
52,18,-11.788619995117188,4.3648223876953125,14.0
52,19,-11.939769744873047,5.505136013031006,33.0
52,20,-11.056424140930176,3.9830706119537354,32.0
52,21,-4.410237789154053,1.8776744604110718,4.0
52,22,-1.3148702383041382,1.5500544309616089,1.0
52,23,-5.959031105041504,2.699784278869629,2.0
52,24,-38.98649215698242,49.335758209228516,727.0
52,25,-53.29240798950195,19.311277389526367,947.0
52,26,-23.14821434020996,47.37221145629883,305.0
52,27,-15.629311561584473,22.779531478881836,21.0
52,28,-40.597103118896484,6.91156005859375,33.0
52,29,-12.453468322753906,7.969151020050049,10.0
52,30,-38.82801818847656,13.31025218963623,89.0
52,31,-35.14085006713867,33.58518600463867,300.0
52,32,-32.639007568359375,15.179067611694336,220.0
52,33,-9.092475891113281,6.162578105926514,59.0
52,34,-14.220540046691895,17.18622398376465,217.0
52,35,-3.7599637508392334,3.5019545555114746,4.0
52,36,-3.320608615875244,1.9427834749221802,4.0
52,37,-22.50874900817871,7.73882532119751,36.0
52,38,-15.186971664428711,44.555824279785156,78.0
52,39,-14.490921020507812,6.118794918060303,10.0
52,40,-9.676935195922852,6.926724910736084,6.0
52,41,-17.463239669799805,6.961256504058838,51.0
52,42,-11.709809303283691,10.401622772216797,17.0
52,43,-8.698278427124023,8.7983980178833,61.0
52,44,-22.638845443725586,7.83089542388916,319.0
52,45,-2.942720890045166,2.6668739318847656,4.0
52,46,-36.825584411621094,8.7251615524292,32.0
52,47,-1.3348126411437988,1.5603927373886108,1.0
52,48,-4.313682556152344,8.643791198730469,6.0
52,49,-8.939068794250488,4.436407089233398,7.0
52,50,-22.989105224609375,26.686504364013672,27.0
52,51,-18.939579010009766,44.16425323486328,369.0
52,52,-4.889752388000488,132.920654296875,11.0
52,53,-10.555244445800781,2.8734819889068604,18.0
52,54,-54.820350646972656,8.235671997070312,137.0
52,55,-31.39834213256836,13.688122749328613,29.0
52,56,-25.061077117919922,9.759876251220703,17.0
52,57,-23.9977970123291,8.860630989074707,17.0
52,58,-51.860233306884766,25.56603240966797,325.0
52,59,-19.51987648010254,11.472864151000977,261.0
52,60,-3.8799147605895996,3.6448123455047607,8.0
54,0,-2.9393258094787598,1.443998098373413,1.0
54,1,-1.537960171699524,1.6697156429290771,1.0
54,2,-3.2120041847229004,2.917327880859375,2.0
54,3,-33.38372039794922,40.8253059387207,472.0
54,4,-11.866573333740234,2.2058324813842773,4.0
54,5,-2.2884044647216797,1.7719863653182983,1.0
54,6,-2.8232421875,1.4967862367630005,1.0
54,7,-19.006330490112305,6.690128803253174,18.0
54,8,-9.983192443847656,7.364259719848633,185.0
54,9,-11.050997734069824,4.8487162590026855,9.0
54,10,-1.1384567022323608,1.3292490243911743,2.0
54,11,-10.685577392578125,8.474956512451172,470.0
54,12,-19.637741088867188,26.389251708984375,39.0
54,13,-8.470131874084473,1.758876919746399,14.0
54,14,-5.001440525054932,3.491600275039673,8.0
54,15,-5.199800968170166,3.669113874435425,6.0
54,16,-13.42218017578125,821.4656372070312,333.0
54,17,-12.165027618408203,4.575099468231201,15.0
54,18,-11.762638092041016,4.350669860839844,14.0
54,19,-11.796205520629883,5.3933796882629395,33.0
54,20,-11.048981666564941,3.9793665409088135,31.0
54,21,-4.60006046295166,1.9292889833450317,5.0
54,22,-1.2826787233352661,1.5335105657577515,1.0
54,23,-5.9238080978393555,2.6839816570281982,2.0
54,24,-38.9102783203125,48.96118927001953,703.0
54,25,-53.39140701293945,19.417783737182617,969.0
54,26,-23.193708419799805,47.73276138305664,305.0
54,27,-15.624671936035156,22.758403778076172,21.0
54,28,-40.54106140136719,6.8931403160095215,33.0
54,29,-12.413749694824219,7.916572093963623,10.0
54,30,-38.73143768310547,13.224827766418457,89.0
54,31,-35.15138626098633,33.62058639526367,302.0
54,32,-32.68863296508789,15.241968154907227,218.0
54,33,-9.101753234863281,6.174022674560547,62.0
54,34,-14.197683334350586,17.10783576965332,217.0
54,35,-3.745473623275757,3.4850804805755615,4.0
54,36,-3.3141090869903564,1.9402596950531006,4.0
54,37,-22.512174606323242,7.741235256195068,36.0
54,38,-15.160573959350586,44.262752532958984,79.0
54,39,-14.494937896728516,6.121867656707764,10.0
54,40,-9.709257125854492,6.971646785736084,6.0
54,41,-17.385059356689453,6.90104866027832,54.0
54,42,-11.71858024597168,10.419886589050293,17.0
54,43,-8.656803131103516,8.707639694213867,59.0
54,44,-22.628318786621094,7.823404788970947,326.0
54,45,-2.932149887084961,2.6574933528900146,4.0
54,46,-36.72111511230469,8.671707153320312,34.0
54,47,-1.3053667545318604,1.545151948928833,1.0
54,48,-4.284511089324951,8.518630027770996,6.0
54,49,-8.969328880310059,4.458837985992432,7.0
54,50,-23.025829315185547,26.826873779296875,28.0
54,51,-18.922292709350586,44.011837005615234,369.0
54,52,-4.939302444458008,139.67279052734375,11.0
54,53,-10.509383201599121,2.8603339195251465,18.0
54,54,-54.637996673583984,8.178112983703613,136.0
54,55,-31.348669052124023,13.63157844543457,29.0
54,56,-25.040002822875977,9.741194725036621,17.0
54,57,-23.954252243041992,8.825624465942383,14.0
54,58,-51.756927490234375,25.401493072509766,327.0
54,59,-19.486818313598633,11.425552368164062,262.0
54,60,-3.8682868480682373,3.6307127475738525,8.0
56,0,-2.898108720779419,1.436577558517456,1.0
56,1,-1.5371143817901611,1.6692450046539307,1.0
56,2,-3.2035574913024902,2.909125328063965,2.0
56,3,-33.32805633544922,40.57358932495117,472.0
56,4,-11.8768310546875,2.207341194152832,4.0
56,5,-2.228902816772461,1.7458223104476929,1.0
56,6,-2.833761692047119,1.499037265777588,1.0
56,7,-18.85139274597168,6.587271690368652,18.0
56,8,-9.993152618408203,7.378944396972656,187.0
56,9,-11.044593811035156,4.844282150268555,9.0
56,10,-1.1432828903198242,1.330853819847107,2.0
56,11,-10.686403274536133,8.476356506347656,473.0
56,12,-19.608089447021484,26.2591609954834,40.0
56,13,-8.33781909942627,1.7434303760528564,13.0
56,14,-4.9793548583984375,3.47237491607666,8.0
56,15,-5.092338562011719,3.5718536376953125,5.0
56,16,-13.442988395690918,830.056884765625,332.0
56,17,-12.130590438842773,4.555447578430176,15.0
56,18,-11.766292572021484,4.352657318115234,14.0
56,19,-11.746214866638184,5.355000019073486,32.0
56,20,-10.972465515136719,3.9414873123168945,31.0
56,21,-4.583658695220947,1.9247736930847168,5.0
56,22,-1.3064079284667969,1.545688271522522,1.0
56,23,-5.916195869445801,2.6805784702301025,2.0
56,24,-38.8287353515625,48.56356430053711,679.0
56,25,-53.30535888671875,19.325178146362305,968.0
56,26,-23.200714111328125,47.788536071777344,311.0
56,27,-15.627252578735352,22.770153045654297,21.0
56,28,-40.53057098388672,6.889698028564453,33.0
56,29,-12.38916301727295,7.8841986656188965,10.0
56,30,-38.715919494628906,13.211153030395508,87.0
56,31,-35.07817459106445,33.37534713745117,299.0
56,32,-32.5692253112793,15.091053009033203,217.0
56,33,-9.158062934875488,6.243947505950928,64.0
56,34,-14.205759048461914,17.13549041748047,216.0
56,35,-3.7349791526794434,3.4729108810424805,4.0
56,36,-3.3195879459381104,1.9423868656158447,4.0
56,37,-22.502639770507812,7.7345290184021,36.0
56,38,-15.117074012756348,43.78400421142578,79.0
56,39,-14.478131294250488,6.109020709991455,10.0
56,40,-9.685148239135742,6.938111782073975,6.0
56,41,-17.098270416259766,6.684609889984131,50.0
56,42,-11.700929641723633,10.383166313171387,17.0
56,43,-8.625458717346191,8.63967227935791,59.0
56,44,-22.556140899658203,7.7722392082214355,317.0
56,45,-2.9310402870178223,2.656510353088379,4.0
56,46,-36.637977600097656,8.629402160644531,32.0
56,47,-1.2900152206420898,1.5372653007507324,1.0
56,48,-4.310492992401123,8.630017280578613,6.0
56,49,-8.925622940063477,4.426476001739502,7.0
56,50,-22.998353958129883,26.721782684326172,27.0
56,51,-18.9141902923584,43.94057083129883,365.0
56,52,-4.9292778968811035,138.27963256835938,11.0
56,53,-10.49557113647461,2.8563859462738037,18.0
56,54,-54.57768630981445,8.159164428710938,132.0
56,55,-31.153947830200195,13.412168502807617,28.0
56,56,-24.9674015045166,9.67711353302002,17.0
56,57,-23.964628219604492,8.833951950073242,15.0
56,58,-51.65080642700195,25.23357391357422,329.0
56,59,-19.481422424316406,11.417848587036133,258.0
56,60,-3.890606164932251,3.657824993133545,8.0
58,0,-2.885822296142578,1.4343730211257935,1.0
58,1,-1.5303425788879395,1.6654813289642334,1.0
58,2,-3.19966459274292,2.90535306930542,2.0
58,3,-33.31545639038086,40.51682662963867,479.0
58,4,-11.71471881866455,2.1836137771606445,4.0
58,5,-2.234016180038452,1.7480555772781372,1.0
58,6,-2.846144914627075,1.501691460609436,1.0
58,7,-18.86794662475586,6.598186016082764,18.0
58,8,-9.983097076416016,7.364119052886963,186.0
58,9,-11.042116165161133,4.8425679206848145,8.0
58,10,-1.1138867139816284,1.3211091756820679,2.0
58,11,-10.707128524780273,8.511563301086426,472.0
58,12,-19.344650268554688,25.13115882873535,38.0
58,13,-8.411762237548828,1.75204598903656,13.0
58,14,-4.9026007652282715,3.4063799381256104,7.0
58,15,-5.097997188568115,3.5769100189208984,5.0
58,16,-13.521044731140137,863.0929565429688,334.0
58,17,-12.116788864135742,4.547595500946045,15.0
58,18,-11.73492431640625,4.3356242179870605,14.0
58,19,-11.632745742797852,5.268895626068115,30.0
58,20,-11.001609802246094,3.9558725357055664,31.0
58,21,-4.679990768432617,1.9514449834823608,5.0
58,22,-1.3100428581237793,1.5475622415542603,1.0
58,23,-5.8411970138549805,2.64728045463562,2.0
58,24,-38.84461975097656,48.6407585144043,693.0
58,25,-53.26832580566406,19.28546142578125,967.0
58,26,-23.026649475097656,46.42206954956055,302.0
58,27,-15.565174102783203,22.48918914794922,21.0
58,28,-40.459617614746094,6.866458415985107,33.0
58,29,-12.406147003173828,7.9065470695495605,10.0
58,30,-38.673458099365234,13.173808097839355,88.0
58,31,-35.092681884765625,33.42380142211914,301.0
58,32,-32.701171875,15.257904052734375,219.0
58,33,-9.117988586425781,6.194102764129639,62.0
58,34,-14.199658393859863,17.11459732055664,213.0
58,35,-3.721721887588501,3.457597494125366,4.0
58,36,-3.3310375213623047,1.9468398094177246,4.0
58,37,-22.577220916748047,7.787148475646973,37.0
58,38,-15.146697044372559,44.109458923339844,77.0
58,39,-14.482359886169434,6.112250328063965,10.0
58,40,-9.676907539367676,6.9266862869262695,6.0
58,41,-17.1337947845459,6.711047172546387,53.0
58,42,-11.72374153137207,10.430646896362305,17.0
58,43,-8.554207801818848,8.487139701843262,59.0
58,44,-22.620407104492188,7.817779541015625,318.0
58,45,-2.9385557174682617,2.6631739139556885,4.0
58,46,-36.80958557128906,8.71695327758789,32.0
58,47,-1.2614448070526123,1.522694706916809,1.0
58,48,-4.305459976196289,8.60832691192627,6.0
58,49,-8.876575469970703,4.390439033508301,7.0
58,50,-23.04339599609375,26.894283294677734,28.0
58,51,-18.93703842163086,44.14181900024414,363.0
58,52,-4.951992988586426,141.45660400390625,11.0
58,53,-10.468446731567383,2.8486487865448,19.0
58,54,-54.40815353393555,8.106136322021484,135.0
58,55,-31.178905487060547,13.44009017944336,29.0
58,56,-24.99435043334961,9.700851440429688,16.0
58,57,-23.989978790283203,8.85433578491211,16.0
58,58,-51.60350036621094,25.15907859802246,333.0
58,59,-19.458187103271484,11.384735107421875,253.0
58,60,-3.889922857284546,3.656991958618164,8.0
60,0,-2.850658416748047,1.4280821084976196,1.0
60,1,-1.5513280630111694,1.6771725416183472,1.0
60,2,-3.1942262649536133,2.9000909328460693,2.0
60,3,-33.25300216674805,40.236637115478516,473.0
60,4,-11.66110610961914,2.175823211669922,4.0
60,5,-2.2120635509490967,1.7384881973266602,1.0
60,6,-2.8127059936523438,1.494534969329834,1.0
60,7,-18.862720489501953,6.594738483428955,18.0
60,8,-9.920510292053223,7.272514343261719,181.0
60,9,-10.906208038330078,4.749454498291016,8.0
60,10,-1.1239659786224365,1.3244423866271973,2.0
60,11,-10.710537910461426,8.517369270324707,475.0
60,12,-19.239322662353516,24.693836212158203,38.0
60,13,-8.290823936462402,1.7379766702651978,13.0
60,14,-4.913671970367432,3.4158213138580322,7.0
60,15,-5.090467929840088,3.570183515548706,5.0
60,16,-13.44773006439209,832.027099609375,332.0
60,17,-12.111109733581543,4.544368267059326,15.0
60,18,-11.71169662475586,4.32305383682251,14.0
60,19,-11.64487361907959,5.278032302856445,32.0
60,20,-11.008095741271973,3.9590811729431152,31.0
60,21,-4.695254325866699,1.9557048082351685,5.0
60,22,-1.3165603876113892,1.5509281158447266,1.0
60,23,-5.8759260177612305,2.6626474857330322,2.0
60,24,-38.81079864501953,48.47653579711914,697.0
60,25,-53.048988342285156,19.051883697509766,959.0
60,26,-23.074024200439453,46.79005813598633,304.0
60,27,-15.559846878051758,22.46524429321289,21.0
60,28,-40.37706756591797,6.839519500732422,32.0
60,29,-12.30008316040039,7.768008232116699,10.0
60,30,-38.54850769042969,13.06452465057373,87.0
60,31,-35.065406799316406,33.332763671875,298.0
60,32,-32.60647201538086,15.137968063354492,219.0
60,33,-9.115091323852539,6.190515518188477,59.0
60,34,-14.18960189819336,17.08020782470703,213.0
60,35,-3.734755516052246,3.472651720046997,4.0
60,36,-3.3169708251953125,1.9413703680038452,4.0
60,37,-22.509441375732422,7.739312171936035,36.0
60,38,-15.136404037475586,43.99610137939453,77.0
60,39,-14.43755054473877,6.078110218048096,10.0
60,40,-9.663139343261719,6.907639503479004,6.0
60,41,-17.028921127319336,6.633299827575684,53.0
60,42,-11.730030059814453,10.44377326965332,17.0
60,43,-8.568092346191406,8.516650199890137,59.0
60,44,-22.592823028564453,7.798201084136963,313.0
60,45,-2.9595448970794678,2.6818716526031494,4.0
60,46,-36.70036697387695,8.66112995147705,33.0
60,47,-1.2625021934509277,1.5232315063476562,1.0
60,48,-4.2831244468688965,8.512726783752441,6.0
60,49,-8.814640045166016,4.345351696014404,7.0
60,50,-22.972576141357422,26.623563766479492,27.0
60,51,-18.982349395751953,44.543663024902344,356.0
60,52,-4.942680835723877,140.14544677734375,11.0
60,53,-10.425029754638672,2.8363075256347656,18.0
60,54,-54.380836486816406,8.097622871398926,132.0
60,55,-31.030899047851562,13.27534008026123,28.0
60,56,-24.903615951538086,9.621162414550781,17.0
60,57,-23.78447914123535,8.690457344055176,14.0
60,58,-51.62025451660156,25.185436248779297,328.0
60,59,-19.382579803466797,11.2776460647583,250.0
60,60,-3.928028106689453,3.7037384510040283,8.0
62,0,-2.8930482864379883,1.435669183731079,1.0
62,1,-1.5233805179595947,1.661620855331421,1.0
62,2,-3.1817171573638916,2.888023614883423,1.0
62,3,-33.261444091796875,40.27439498901367,466.0
62,4,-11.733884811401367,2.186405897140503,4.0
62,5,-2.2095730304718018,1.7374061346054077,1.0
62,6,-2.7654552459716797,1.4844807386398315,1.0
62,7,-18.79578399658203,6.550742149353027,18.0
62,8,-9.943985939025879,7.3067402839660645,183.0
62,9,-10.851616859436035,4.712558746337891,8.0
62,10,-1.132611870765686,1.327308177947998,2.0
62,11,-10.697484016418457,8.495162010192871,472.0
62,12,-19.095611572265625,24.109403610229492,36.0
62,13,-8.35661792755127,1.7456166744232178,13.0
62,14,-4.865965366363525,3.375324010848999,7.0
62,15,-5.072996616363525,3.5546233654022217,5.0
62,16,-13.452305793762207,833.932861328125,328.0
62,17,-12.112031936645508,4.544891834259033,15.0
62,18,-11.709016799926758,4.321606159210205,13.0
62,19,-11.49671745300293,5.167496204376221,30.0
62,20,-10.968729019165039,3.9396469593048096,31.0
62,21,-4.6130290031433105,1.9328665733337402,5.0
62,22,-1.3286114931106567,1.5571706295013428,1.0
62,23,-5.8375139236450195,2.645655870437622,2.0
62,24,-38.70256805419922,47.95470428466797,684.0
62,25,-53.174102783203125,19.184772491455078,958.0
62,26,-23.08072853088379,46.84237289428711,306.0
62,27,-15.57042121887207,22.512805938720703,21.0
62,28,-40.403228759765625,6.848045825958252,33.0
62,29,-12.382329940795898,7.875224590301514,10.0
62,30,-38.39765930175781,12.933799743652344,84.0
62,31,-35.04741668701172,33.27284622192383,298.0
62,32,-32.605812072753906,15.137133598327637,221.0
62,33,-9.033722877502441,6.090588092803955,60.0
62,34,-14.176839828491211,17.036666870117188,215.0
62,35,-3.770901679992676,3.5147457122802734,4.0
62,36,-3.33410906791687,1.9480363130569458,4.0
62,37,-22.502357482910156,7.734330177307129,36.0
62,38,-15.092138290405273,43.51190185546875,77.0
62,39,-14.418771743774414,6.063859462738037,10.0
62,40,-9.648954391479492,6.8880696296691895,6.0
62,41,-17.069793701171875,6.663492679595947,50.0
62,42,-11.777792930603027,10.544017791748047,17.0
62,43,-8.539742469787598,8.456501960754395,59.0
62,44,-22.49062728881836,7.726086139678955,313.0
62,45,-2.9406044483184814,2.6649930477142334,4.0
62,46,-36.572113037109375,8.596031188964844,32.0
62,47,-1.2459564208984375,1.514853596687317,1.0
62,48,-4.304132461547852,8.602615356445312,6.0
62,49,-8.819406509399414,4.348804950714111,7.0
62,50,-22.929946899414062,26.461923599243164,27.0
62,51,-18.99846076965332,44.68742370605469,360.0
62,52,-4.902132987976074,134.57652282714844,11.0
62,53,-10.473930358886719,2.8502111434936523,19.0
62,54,-54.406288146972656,8.10555362701416,135.0
62,55,-31.054927825927734,13.301949501037598,28.0
62,56,-24.782434463500977,9.515751838684082,16.0
62,57,-23.78388214111328,8.689984321594238,13.0
62,58,-51.5858268737793,25.131303787231445,334.0
62,59,-19.472841262817383,11.405608177185059,254.0
62,60,-3.892777919769287,3.6604738235473633,8.0
64,0,-2.8964896202087402,1.4362869262695312,1.0
64,1,-1.513360619544983,1.6560803651809692,1.0
64,2,-3.20181941986084,2.907440423965454,2.0
64,3,-33.16358947753906,39.8388786315918,457.0
64,4,-11.558465957641602,2.1609854698181152,4.0
64,5,-2.2458510398864746,1.7532352209091187,1.0
64,6,-2.772590398788452,1.4859946966171265,1.0
64,7,-18.630218505859375,6.443177700042725,18.0
64,8,-9.928319931030273,7.2838826179504395,181.0
64,9,-10.906856536865234,4.749894618988037,8.0
64,10,-1.1294721364974976,1.3262667655944824,2.0
64,11,-10.724701881408691,8.541531562805176,477.0
64,12,-19.05493927001953,23.946523666381836,38.0
64,13,-8.306854248046875,1.7398350238800049,13.0
64,14,-4.8599958419799805,3.370290517807007,7.0
64,15,-5.078424453735352,3.559450387954712,5.0
64,16,-13.541213989257812,871.8409423828125,336.0
64,17,-12.099618911743164,4.537845611572266,15.0
64,18,-11.683446884155273,4.3078155517578125,14.0
64,19,-11.501153945922852,5.170772075653076,30.0
64,20,-10.992471694946289,3.9513564109802246,31.0
64,21,-4.699514389038086,1.9568952322006226,5.0
64,22,-1.305621862411499,1.545283317565918,1.0
64,23,-5.834412097930908,2.6442885398864746,2.0
64,24,-38.740081787109375,48.13493347167969,687.0
64,25,-53.137386322021484,19.145675659179688,948.0
64,26,-23.032581329345703,46.467979431152344,305.0
64,27,-15.569191932678223,22.507272720336914,22.0
64,28,-40.26990509033203,6.804707050323486,33.0
64,29,-12.38000202178955,7.8721699714660645,10.0
64,30,-38.50719451904297,13.028592109680176,86.0
64,31,-35.014442443847656,33.16331481933594,300.0
64,32,-32.49946975708008,15.003584861755371,215.0
64,33,-9.123713493347168,6.201199531555176,63.0
64,34,-14.187775611877441,17.073972702026367,217.0
64,35,-3.7196409702301025,3.455199956893921,4.0
64,36,-3.3458356857299805,1.9526104927062988,4.0
64,37,-22.451656341552734,7.698763370513916,36.0
64,38,-15.073040962219238,43.30466079711914,79.0
64,39,-14.424362182617188,6.068098545074463,10.0
64,40,-9.688959121704102,6.94340181350708,7.0
64,41,-16.976543426513672,6.5948076248168945,53.0
64,42,-11.652189254760742,10.28244400024414,17.0
64,43,-8.554986000061035,8.488790512084961,61.0
64,44,-22.476505279541016,7.716175556182861,311.0
64,45,-2.9497179985046387,2.6731014251708984,4.0
64,46,-36.759063720703125,8.691086769104004,32.0
64,47,-1.2341872453689575,1.5089224576950073,1.0
64,48,-4.286478042602539,8.527012825012207,6.0
64,49,-8.86312484741211,4.380608081817627,7.0
64,50,-22.985157012939453,26.67145538330078,28.0
64,51,-18.957000732421875,44.31841278076172,368.0
64,52,-4.898629665374756,134.1058807373047,11.0
64,53,-10.47282600402832,2.849896192550659,19.0
64,54,-54.33517074584961,8.083413124084473,137.0
64,55,-31.059722900390625,13.307266235351562,29.0
64,56,-24.78803253173828,9.520597457885742,16.0
64,57,-23.827880859375,8.724813461303711,15.0
64,58,-51.49784851074219,24.993494033813477,334.0
64,59,-19.407175064086914,11.312371253967285,254.0
64,60,-3.9020981788635254,3.671863555908203,8.0
66,0,-2.8453986644744873,1.4271434545516968,1.0
66,1,-1.5118169784545898,1.6552283763885498,1.0
66,2,-3.189828872680664,2.895843029022217,1.0
66,3,-33.253143310546875,40.23727035522461,466.0
66,4,-11.624597549438477,2.1705338954925537,4.0
66,5,-2.2025043964385986,1.734338641166687,1.0
66,6,-2.703511953353882,1.4714025259017944,1.0
66,7,-18.665739059448242,6.4661054611206055,18.0
66,8,-9.876444816589355,7.20870304107666,178.0
66,9,-10.868661880493164,4.7240471839904785,8.0
66,10,-1.1078377962112427,1.3191128969192505,2.0
66,11,-10.673479080200195,8.454473495483398,466.0
66,12,-19.043304443359375,23.900136947631836,36.0
66,13,-8.301589965820312,1.7392245531082153,13.0
66,14,-4.825883865356445,3.3416707515716553,7.0
66,15,-5.030807018280029,3.5173285007476807,5.0
66,16,-13.406658172607422,815.1148681640625,334.0
66,17,-12.097694396972656,4.536754131317139,15.0
66,18,-11.70662784576416,4.320315837860107,13.0
66,19,-11.44062614440918,5.126254081726074,30.0
66,20,-10.976827621459961,3.9436371326446533,31.0
66,21,-4.812917709350586,1.9888560771942139,5.0
66,22,-1.340755820274353,1.563486933708191,1.0
66,23,-5.789558410644531,2.6245944499969482,2.0
66,24,-38.724281311035156,48.05894088745117,702.0
66,25,-52.98920822143555,18.98871421813965,945.0
66,26,-22.996999740600586,46.193233489990234,304.0
66,27,-15.514598846435547,22.262859344482422,21.0
66,28,-40.3650016784668,6.8355913162231445,33.0
66,29,-12.353592872619629,7.837595462799072,9.0
66,30,-38.361045837402344,12.902268409729004,85.0
66,31,-34.992591857910156,33.0909309387207,297.0
66,32,-32.5810546875,15.105937957763672,218.0
66,33,-9.035846710205078,6.093175411224365,59.0
66,34,-14.152107238769531,16.952604293823242,212.0
66,35,-3.707606315612793,3.4413671493530273,4.0
66,36,-3.349174976348877,1.9539148807525635,4.0
66,37,-22.517982482910156,7.745324611663818,37.0
66,38,-15.10014820098877,43.599124908447266,77.0
66,39,-14.452188491821289,6.089241981506348,10.0
66,40,-9.638373374938965,6.873508453369141,7.0
66,41,-17.227731704711914,6.781460285186768,52.0
66,42,-11.733132362365723,10.450257301330566,17.0
66,43,-8.465829849243164,8.301676750183105,58.0
66,44,-22.4306640625,7.684084415435791,311.0
66,45,-2.954383134841919,2.6772613525390625,4.0
66,46,-36.64439392089844,8.632658958435059,32.0
66,47,-1.2505602836608887,1.5171802043914795,1.0
66,48,-4.285529136657715,8.522968292236328,6.0
66,49,-8.854546546936035,4.374349117279053,7.0
66,50,-22.93368911743164,26.476070404052734,27.0
66,51,-18.940441131591797,44.171878814697266,350.0
66,52,-4.907717704772949,135.3302001953125,11.0
66,53,-10.408201217651367,2.831538200378418,18.0
66,54,-54.20716094970703,8.043713569641113,140.0
66,55,-31.039697647094727,13.285079002380371,29.0
66,56,-24.7279052734375,9.468696594238281,17.0
66,57,-23.67169952392578,8.601811408996582,13.0
66,58,-51.41987609863281,24.871990203857422,329.0
66,59,-19.432239532470703,11.347868919372559,244.0
66,60,-3.8835153579711914,3.6491894721984863,8.0
68,0,-2.895425319671631,1.4360958337783813,1.0
68,1,-1.5119543075561523,1.6553040742874146,1.0
68,2,-3.183255195617676,2.8895046710968018,1.0
68,3,-33.22404479980469,40.10738754272461,459.0
68,4,-11.616669654846191,2.169387102127075,4.0
68,5,-2.1685991287231445,1.719699740409851,1.0
68,6,-2.729823112487793,1.4769434928894043,1.0
68,7,-18.65401840209961,6.458530902862549,18.0
68,8,-9.948490142822266,7.31332540512085,185.0
68,9,-10.892685890197754,4.740288734436035,8.0
68,10,-1.1082066297531128,1.3192344903945923,2.0
68,11,-10.665441513061523,8.440895080566406,467.0
68,12,-19.008516311645508,23.761962890625,36.0
68,13,-8.348542213439941,1.7446770668029785,13.0
68,14,-4.769911766052246,3.295236587524414,7.0
68,15,-5.055958271026611,3.5395143032073975,5.0
68,16,-13.459086418151855,836.7649536132812,331.0
68,17,-12.108867645263672,4.543095111846924,15.0
68,18,-11.677053451538086,4.3043742179870605,13.0
68,19,-11.419628143310547,5.110899925231934,30.0
68,20,-11.005088806152344,3.9575932025909424,31.0
68,21,-4.901641368865967,2.0142250061035156,6.0
68,22,-1.3318254947662354,1.5588397979736328,1.0
68,23,-5.818477153778076,2.637274980545044,2.0
68,24,-38.626197814941406,47.589866638183594,679.0
68,25,-53.022796630859375,19.024181365966797,947.0
68,26,-23.00784683227539,46.27682113647461,299.0
68,27,-15.488615036010742,22.147464752197266,21.0
68,28,-40.24748229980469,6.797445297241211,32.0
68,29,-12.385165214538574,7.878946781158447,9.0
68,30,-38.33358383178711,12.878667831420898,86.0
68,31,-34.96516418457031,33.00029373168945,304.0
68,32,-32.515968322753906,15.0242280960083,219.0
68,33,-9.031972885131836,6.088456630706787,60.0
68,34,-14.206380844116211,17.137622833251953,218.0
68,35,-3.714444875717163,3.449220657348633,4.0
68,36,-3.362140655517578,1.9589881896972656,4.0
68,37,-22.5775089263916,7.787351131439209,36.0
68,38,-15.085777282714844,43.44276428222656,78.0
68,39,-14.467880249023438,6.101197242736816,10.0
68,40,-9.61423110961914,6.840399742126465,6.0
68,41,-16.97109031677246,6.590813159942627,52.0
68,42,-11.699116706848145,10.379402160644531,17.0
68,43,-8.504121780395508,8.381529808044434,59.0
68,44,-22.50817108154297,7.738419532775879,313.0
68,45,-2.9354822635650635,2.660446882247925,4.0
68,46,-36.552581787109375,8.586163520812988,32.0
68,47,-1.2340023517608643,1.5088294744491577,1.0
68,48,-4.25881814956665,8.409895896911621,5.0
68,49,-8.787574768066406,4.325794219970703,7.0
68,50,-22.90825080871582,26.380029678344727,25.0
68,51,-18.905040740966797,43.86023712158203,361.0
68,52,-4.947697162628174,140.85023498535156,11.0
68,53,-10.460927963256836,2.8465075492858887,20.0
68,54,-54.062538146972656,7.999094009399414,137.0
68,55,-31.017934799194336,13.261006355285645,27.0
68,56,-24.737529754638672,9.476985931396484,16.0
68,57,-23.828094482421875,8.724982261657715,14.0
68,58,-51.51207733154297,25.015727996826172,334.0
68,59,-19.35761260986328,11.242504119873047,243.0
68,60,-3.89495587348938,3.6631321907043457,8.0
70,0,-2.8455138206481934,1.4271639585494995,1.0
70,1,-1.522876262664795,1.6613414287567139,1.0
70,2,-3.184601306915283,2.890801429748535,1.0
70,3,-33.10681915283203,39.58837127685547,452.0
70,4,-11.558664321899414,2.1610140800476074,4.0
70,5,-2.1972241401672363,1.7320506572723389,1.0
70,6,-2.73527193069458,1.4780935049057007,1.0
70,7,-18.667030334472656,6.466939926147461,18.0
70,8,-9.882303237915039,7.217154502868652,180.0
70,9,-10.829360961914062,4.697598934173584,8.0
70,10,-1.1155421733856201,1.3216561079025269,2.0
70,11,-10.67634391784668,8.459319114685059,471.0
70,12,-18.961750030517578,23.577472686767578,36.0
70,13,-8.290468215942383,1.7379355430603027,13.0
70,14,-4.795726299285889,3.3165714740753174,7.0
70,15,-5.04437255859375,3.5292773246765137,5.0
70,16,-13.487395286560059,848.693115234375,331.0
70,17,-12.046247482299805,4.507672309875488,15.0
70,18,-11.662408828735352,4.296501636505127,13.0
70,19,-11.41351318359375,5.106436729431152,30.0
70,20,-10.900543212890625,3.9062111377716064,30.0
70,21,-4.969237804412842,2.0337698459625244,6.0
70,22,-1.3145352602005005,1.5498814582824707,1.0
70,23,-5.770946502685547,2.6164655685424805,2.0
70,24,-38.6475830078125,47.691741943359375,700.0
70,25,-53.000057220458984,19.000164031982422,940.0
70,26,-22.933761596679688,45.70892333984375,301.0
70,27,-15.454607963562012,21.99734115600586,21.0
70,28,-40.32000732421875,6.820960521697998,33.0
70,29,-12.416459083557129,7.92014741897583,10.0
70,30,-38.33638000488281,12.88106918334961,83.0
70,31,-34.94191360473633,32.92365646362305,299.0
70,32,-32.5198860168457,15.029132843017578,217.0
70,33,-9.042586326599121,6.101394176483154,59.0
70,34,-14.195690155029297,17.10101890563965,212.0
70,35,-3.761897325515747,3.5042123794555664,4.0
70,36,-3.3583855628967285,1.9575176239013672,4.0
70,37,-22.534469604492188,7.756941318511963,36.0
70,38,-15.066347122192383,43.23225402832031,77.0
70,39,-14.40295696258545,6.051884174346924,10.0
70,40,-9.673887252807617,6.92250394821167,7.0
70,41,-17.2307186126709,6.7837114334106445,53.0
70,42,-11.716080665588379,10.414678573608398,17.0
70,43,-8.496222496032715,8.364994049072266,58.0
70,44,-22.45101547241211,7.698314189910889,311.0
70,45,-2.92059588432312,2.647278070449829,4.0
70,46,-36.61062240600586,8.615527153015137,32.0
70,47,-1.2137763500213623,1.4986910820007324,1.0
70,48,-4.2847514152526855,8.519654273986816,6.0
70,49,-8.884937286376953,4.396562099456787,7.0
70,50,-22.920488357543945,26.426185607910156,27.0
70,51,-18.982620239257812,44.54607391357422,363.0
70,52,-4.92367696762085,137.50730895996094,11.0
70,53,-10.383980751037598,2.82468843460083,19.0
70,54,-54.21535110473633,8.046247482299805,137.0
70,55,-30.890331268310547,13.12074089050293,27.0
70,56,-24.621437072753906,9.377492904663086,16.0
70,57,-23.62547492980957,8.565738677978516,13.0
70,58,-51.39729309082031,24.836910247802734,327.0
70,59,-19.369808197021484,11.259655952453613,244.0
70,60,-3.9196763038635254,3.69344162940979,8.0
72,0,-2.880864381790161,1.4334843158721924,1.0
72,1,-1.5156453847885132,1.6573420763015747,1.0
72,2,-3.19942569732666,2.9051215648651123,1.0
72,3,-33.2263069152832,40.11746597290039,455.0
72,4,-11.539512634277344,2.158256769180298,4.0
72,5,-2.2117087841033936,1.738334059715271,1.0
72,6,-2.7856667041778564,1.4887731075286865,1.0
72,7,-18.573190689086914,6.406538486480713,18.0
72,8,-9.887571334838867,7.224761962890625,178.0
72,9,-10.846541404724121,4.709143161773682,8.0
72,10,-1.1325395107269287,1.3272840976715088,2.0
72,11,-10.620001792907715,8.364531517028809,452.0
72,12,-18.993783950805664,23.703685760498047,36.0
72,13,-8.303333282470703,1.739426612854004,13.0
72,14,-4.762392044067383,3.2890477180480957,6.0
72,15,-5.044727802276611,3.5295908451080322,5.0
72,16,-13.517260551452637,861.46142578125,332.0
72,17,-12.03235149383545,4.499849319458008,15.0
72,18,-11.657716751098633,4.29398250579834,13.0
72,19,-11.328988075256348,5.04514741897583,28.0
72,20,-10.933091163635254,3.922135829925537,31.0
72,21,-4.900228500366211,2.0138185024261475,6.0
72,22,-1.320420742034912,1.5529249906539917,1.0
72,23,-5.784435749053955,2.622354745864868,2.0
72,24,-38.706058502197266,47.97144317626953,695.0
72,25,-53.11450958251953,19.121362686157227,954.0
72,26,-22.99863624572754,46.205833435058594,306.0
72,27,-15.499485969543457,22.195669174194336,21.0
72,28,-40.23106002807617,6.7921319007873535,32.0
72,29,-12.329048156738281,7.805599212646484,9.0
72,30,-38.349666595458984,12.89248275756836,85.0
72,31,-34.99359130859375,33.094234466552734,297.0
72,32,-32.55259704589844,15.07015609741211,219.0
72,33,-9.026773452758789,6.082128524780273,62.0
72,34,-14.178699493408203,17.043004989624023,214.0
72,35,-3.709578037261963,3.443629503250122,4.0
72,36,-3.347949504852295,1.9534358978271484,4.0
72,37,-22.560701370239258,7.775462627410889,36.0
72,38,-15.027091979980469,42.810054779052734,74.0
72,39,-14.402761459350586,6.051735877990723,10.0
72,40,-9.61223030090332,6.837663173675537,6.0
72,41,-17.1072940826416,6.691315650939941,52.0
72,42,-11.635493278503418,10.248165130615234,17.0
72,43,-8.54460334777832,8.466784477233887,59.0
72,44,-22.507991790771484,7.738292217254639,309.0
72,45,-2.930833101272583,2.65632700920105,4.0
72,46,-36.684783935546875,8.653193473815918,32.0
72,47,-1.2270290851593018,1.505326271057129,1.0
72,48,-4.289731979370117,8.54089641571045,6.0
72,49,-8.770788192749023,4.313708782196045,7.0
72,50,-22.910011291503906,26.386669158935547,27.0
72,51,-18.967288970947266,44.409690856933594,360.0
72,52,-4.923007011413574,137.4152069091797,11.0
72,53,-10.392620086669922,2.82712984085083,19.0
72,54,-54.025306701660156,7.9876484870910645,140.0
72,55,-30.967540740966797,13.20543384552002,27.0
72,56,-24.617237091064453,9.373912811279297,16.0
72,57,-23.558666229248047,8.513873100280762,13.0
72,58,-51.34660339355469,24.75834846496582,331.0
72,59,-19.363452911376953,11.250714302062988,251.0
72,60,-3.9076461791992188,3.6786606311798096,8.0
74,0,-2.8734519481658936,1.4321566820144653,1.0
74,1,-1.494035005569458,1.6454463005065918,1.0
74,2,-3.202549934387207,2.9081485271453857,1.0
74,3,-33.149452209472656,39.776344299316406,457.0
74,4,-11.633954048156738,2.1718883514404297,4.0
74,5,-2.2173666954040527,1.7407945394515991,1.0
74,6,-2.7175467014312744,1.4743555784225464,1.0
74,7,-18.62825584411621,6.441913604736328,18.0
74,8,-9.876158714294434,7.208290100097656,179.0
74,9,-10.830565452575684,4.6984076499938965,7.0
74,10,-1.1285344362258911,1.325955867767334,2.0
74,11,-10.677309036254883,8.460952758789062,471.0
74,12,-18.94952392578125,23.529476165771484,36.0
74,13,-8.32974910736084,1.7424925565719604,13.0
74,14,-4.726795196533203,3.2599074840545654,5.0
74,15,-5.0546770095825195,3.5383808612823486,5.0
74,16,-13.493673324584961,851.3613891601562,325.0
74,17,-12.077969551086426,4.5255818367004395,15.0
74,18,-11.718063354492188,4.32649564743042,13.0
74,19,-11.36778736114502,5.073189735412598,29.0
74,20,-10.917470932006836,3.914485454559326,31.0
74,21,-4.908794403076172,2.016284227371216,6.0
74,22,-1.3070666790008545,1.546027660369873,1.0
74,23,-5.789517402648926,2.6245765686035156,2.0
74,24,-38.615413665771484,47.53856658935547,689.0
74,25,-52.948585510253906,18.945911407470703,932.0
74,26,-22.894481658935547,45.41066360473633,300.0
74,27,-15.501307487487793,22.20375633239746,21.0
74,28,-40.28785705566406,6.8105268478393555,32.0
74,29,-12.370047569274902,7.859119892120361,10.0
74,30,-38.341312408447266,12.88530445098877,82.0
74,31,-35.03144454956055,33.21974563598633,299.0
74,32,-32.444602966308594,14.935142517089844,218.0
74,33,-9.057509422302246,6.119631767272949,61.0
74,34,-14.16498851776123,16.996335983276367,213.0
74,35,-3.723841428756714,3.460041046142578,4.0
74,36,-3.3293814659118652,1.9461952447891235,4.0
74,37,-22.48421859741211,7.721587181091309,36.0
74,38,-15.058183670043945,43.14411163330078,77.0
74,39,-14.381514549255371,6.035684585571289,10.0
74,40,-9.631757736206055,6.864420413970947,6.0
74,41,-17.13956642150879,6.715352535247803,52.0
74,42,-11.688309669494629,10.356993675231934,17.0
74,43,-8.48165225982666,8.334579467773438,59.0
74,44,-22.396276473999023,7.66010046005249,309.0
74,45,-2.9211158752441406,2.6477370262145996,4.0
74,46,-36.60545349121094,8.612907409667969,31.0
74,47,-1.199989676475525,1.4918195009231567,1.0
74,48,-4.249928951263428,8.372599601745605,5.0
74,49,-8.817010879516602,4.347069263458252,7.0
74,50,-22.990070343017578,26.690183639526367,27.0
74,51,-18.970619201660156,44.43928527832031,363.0
74,52,-4.943106651306152,140.20513916015625,11.0
74,53,-10.418378829956055,2.8344216346740723,19.0
74,54,-54.23933029174805,8.053670883178711,142.0
74,55,-30.936622619628906,13.171453475952148,27.0
74,56,-24.7629337310791,9.49889850616455,16.0
74,57,-23.64664077758789,8.582237243652344,13.0
74,58,-51.332679748535156,24.7368106842041,335.0
74,59,-19.342775344848633,11.221672058105469,243.0
74,60,-3.9276673793792725,3.7032930850982666,8.0
76,0,-2.8512790203094482,1.4281928539276123,1.0
76,1,-1.4983854293823242,1.6478341817855835,1.0
76,2,-3.1753225326538086,2.8818740844726562,1.0
76,3,-33.12161636352539,39.65351867675781,459.0
76,4,-11.544378280639648,2.158957004547119,4.0
76,5,-2.2169554233551025,1.7406156063079834,1.0
76,6,-2.7722201347351074,1.4859161376953125,1.0
76,7,-18.589162826538086,6.416779041290283,18.0
76,8,-9.923545837402344,7.276930809020996,183.0
76,9,-10.81998348236084,4.691309928894043,8.0
76,10,-1.1112703084945679,1.3202452659606934,2.0
76,11,-10.706331253051758,8.510208129882812,476.0
76,12,-18.79998016357422,22.950279235839844,34.0
76,13,-8.286883354187012,1.7375200986862183,13.0
76,14,-4.737281799316406,3.2684648036956787,6.0
76,15,-5.033625602722168,3.5198075771331787,5.0
76,16,-13.551088333129883,876.156005859375,335.0
76,17,-12.047231674194336,4.5082268714904785,15.0
76,18,-11.692205429077148,4.312533855438232,13.0
76,19,-11.322795867919922,5.04068660736084,28.0
76,20,-10.944711685180664,3.9278371334075928,31.0
76,21,-4.872725009918213,2.0059216022491455,6.0
76,22,-1.34822416305542,1.5673840045928955,1.0
76,23,-5.756960868835449,2.6103737354278564,2.0
76,24,-38.6727294921875,47.81181716918945,655.0
76,25,-52.77116012573242,18.76007843017578,936.0
76,26,-22.94943618774414,45.828495025634766,304.0
76,27,-15.462594985961914,22.032508850097656,22.0
76,28,-40.24199676513672,6.7956695556640625,32.0
76,29,-12.384204864501953,7.877686023712158,10.0
76,30,-38.26850128173828,12.822911262512207,83.0
76,31,-35.0050163269043,33.13206481933594,296.0
76,32,-32.45964813232422,14.953877449035645,219.0
76,33,-9.048469543457031,6.108577728271484,61.0
76,34,-14.209991455078125,17.15000343322754,214.0
76,35,-3.7174830436706543,3.4527153968811035,4.0
76,36,-3.3344321250915527,1.9481621980667114,4.0
76,37,-22.51830291748047,7.74554967880249,37.0
76,38,-15.044869422912598,43.00074005126953,77.0
76,39,-14.382240295410156,6.0362324714660645,10.0
76,40,-9.6705961227417,6.9179487228393555,7.0
76,41,-17.126846313476562,6.705867767333984,53.0
76,42,-11.644248962402344,10.26612663269043,17.0
76,43,-8.507854461669922,8.389354705810547,63.0
76,44,-22.424427032470703,7.6797285079956055,310.0
76,45,-2.946436882019043,2.6701791286468506,4.0
76,46,-36.587310791015625,8.603720664978027,32.0
76,47,-1.2097383737564087,1.4966751337051392,1.0
76,48,-4.255707740783691,8.39682674407959,5.0
76,49,-8.84511947631836,4.367481708526611,7.0
76,50,-22.980087280273438,26.652143478393555,28.0
76,51,-19.072925567626953,45.35793685913086,366.0
76,52,-4.8972578048706055,133.92202758789062,11.0
76,53,-10.373530387878418,2.8217382431030273,18.0
76,54,-54.01710891723633,7.985130786895752,138.0
76,55,-30.996103286743164,13.236902236938477,28.0
76,56,-24.717334747314453,9.459603309631348,16.0
76,57,-23.702922821044922,8.626260757446289,14.0
76,58,-51.443302154541016,24.90843391418457,330.0
76,59,-19.319332122802734,11.188836097717285,238.0
76,60,-3.924858331680298,3.699826955795288,8.0
78,0,-2.825209140777588,1.423546314239502,1.0
78,1,-1.5246306657791138,1.6623133420944214,1.0
78,2,-3.201357364654541,2.9069926738739014,2.0
78,3,-33.16209411621094,39.83226013183594,461.0
78,4,-11.493986129760742,2.1517162322998047,4.0
78,5,-2.2563087940216064,1.7578250169754028,1.0
78,6,-2.745983123779297,1.480357050895691,1.0
78,7,-18.673938751220703,6.471409320831299,18.0
78,8,-9.861137390136719,7.186666488647461,177.0
78,9,-10.799212455749512,4.67741060256958,7.0
78,10,-1.1088134050369263,1.319434642791748,2.0
78,11,-10.681415557861328,8.467905044555664,470.0
78,12,-18.812355041503906,22.99765968322754,35.0
78,13,-8.26722526550293,1.7352445125579834,13.0
78,14,-4.7457685470581055,3.275406837463379,6.0
78,15,-5.032817840576172,3.519097089767456,5.0
78,16,-13.563718795776367,881.7066650390625,335.0
78,17,-12.078496932983398,4.525880336761475,15.0
78,18,-11.715154647827148,4.324923038482666,13.0
78,19,-11.341540336608887,5.054202556610107,29.0
78,20,-10.921170234680176,3.9162957668304443,31.0
78,21,-5.009096145629883,2.0453832149505615,6.0
78,22,-1.372272253036499,1.5799988508224487,1.0
78,23,-5.7766218185424805,2.61894154548645,2.0
78,24,-38.588287353515625,47.409793853759766,666.0
78,25,-52.85000991821289,18.842439651489258,934.0
78,26,-22.961124420166016,45.91785430908203,300.0
78,27,-15.456542015075684,22.005849838256836,21.0
78,28,-40.25310134887695,6.799263954162598,33.0
78,29,-12.326000213623047,7.801636219024658,9.0
78,30,-38.20496368408203,12.768709182739258,82.0
78,31,-34.97686767578125,33.0389404296875,294.0
78,32,-32.463985443115234,14.959282875061035,217.0
78,33,-9.0189847946167,6.072661876678467,60.0
78,34,-14.197233200073242,17.106294631958008,215.0
78,35,-3.665321111679077,3.3932011127471924,4.0
78,36,-3.3454716205596924,1.9524681568145752,4.0
78,37,-22.486225128173828,7.722996234893799,36.0
78,38,-15.075103759765625,43.32699966430664,78.0
78,39,-14.392580032348633,6.044039249420166,10.0
78,40,-9.607534408569336,6.831244945526123,6.0
78,41,-17.13872528076172,6.714725017547607,52.0
78,42,-11.721562385559082,10.426101684570312,17.0
78,43,-8.503844261169434,8.380948066711426,58.0
78,44,-22.393375396728516,7.658080577850342,308.0
78,45,-2.9510703086853027,2.6743063926696777,4.0
78,46,-36.51850891113281,8.568970680236816,32.0
78,47,-1.211373209953308,1.4974910020828247,1.0
78,48,-4.282803535461426,8.511361122131348,6.0
78,49,-8.82858657836914,4.355463981628418,7.0
78,50,-22.927982330322266,26.454496383666992,27.0
78,51,-18.969829559326172,44.4322624206543,366.0
78,52,-4.902129650115967,134.57608032226562,11.0
78,53,-10.385818481445312,2.825207471847534,20.0
78,54,-54.06861114501953,8.00096321105957,143.0
78,55,-30.866838455200195,13.09507942199707,27.0
78,56,-24.614585876464844,9.371654510498047,16.0
78,57,-23.59030532836914,8.538395881652832,13.0
78,58,-51.34627151489258,24.757835388183594,332.0
78,59,-19.325618743896484,11.1976318359375,238.0
78,60,-3.8767294883728027,3.640944480895996,8.0
80,0,-2.864044189453125,1.4304735660552979,1.0
80,1,-1.497741460800171,1.6474804878234863,1.0
80,2,-3.2014830112457275,2.907114267349243,1.0
80,3,-33.05942153930664,39.38043212890625,462.0
80,4,-11.447856903076172,2.145109176635742,4.0
80,5,-2.2405154705047607,1.7508981227874756,1.0
80,6,-2.7507152557373047,1.4813580513000488,1.0
80,7,-18.620586395263672,6.436975002288818,18.0
80,8,-9.890329360961914,7.228748321533203,178.0
80,9,-10.832355499267578,4.699609279632568,8.0
80,10,-1.1165989637374878,1.322005271911621,2.0
80,11,-10.66997241973877,8.448548316955566,464.0
80,12,-18.771440505981445,22.841371536254883,35.0
80,13,-8.340595245361328,1.7437530755996704,13.0
80,14,-4.70749044418335,3.2442123889923096,5.0
80,15,-4.990277290344238,3.4818694591522217,5.0
80,16,-13.472943305969238,842.5825805664062,334.0
80,17,-12.036140441894531,4.501981258392334,15.0
80,18,-11.651983261108398,4.290905952453613,13.0
80,19,-11.282447814941406,5.011715888977051,28.0
80,20,-10.937164306640625,3.924133539199829,31.0
80,21,-4.92353630065918,2.0205352306365967,6.0
80,22,-1.3569458723068237,1.571947455406189,1.0
80,23,-5.800437927246094,2.6293578147888184,2.0
80,24,-38.53932189941406,47.1782112121582,649.0
80,25,-52.93070602416992,18.927099227905273,915.0
80,26,-23.02251434326172,46.39008331298828,304.0
80,27,-15.463879585266113,22.03816795349121,21.0
80,28,-40.188140869140625,6.778264045715332,32.0
80,29,-12.400962829589844,7.899718284606934,10.0
80,30,-38.333621978759766,12.878701210021973,85.0
80,31,-35.0201416015625,33.18221664428711,301.0
80,32,-32.41413879394531,14.897275924682617,216.0
80,33,-9.080253601074219,6.1475324630737305,61.0
80,34,-14.19664192199707,17.104270935058594,216.0
80,35,-3.741048812866211,3.4799442291259766,4.0
80,36,-3.3700480461120605,1.962088704109192,4.0
80,37,-22.524211883544922,7.749711513519287,36.0
80,38,-15.016517639160156,42.69702911376953,76.0
80,39,-14.340635299682617,6.004921913146973,10.0
80,40,-9.640472412109375,6.876394748687744,7.0
80,41,-17.083425521850586,6.673593521118164,52.0
80,42,-11.669585227966309,10.318281173706055,17.0
80,43,-8.525884628295898,8.427255630493164,63.0
80,44,-22.426156997680664,7.680937767028809,308.0
80,45,-2.953094959259033,2.676111936569214,4.0
80,46,-36.689186096191406,8.655434608459473,32.0
80,47,-1.2072703838348389,1.495444416999817,1.0
80,48,-4.292531490325928,8.552860260009766,6.0
80,49,-8.848531723022461,4.369966506958008,7.0
80,50,-22.933414459228516,26.475027084350586,27.0
80,51,-19.039798736572266,45.05841827392578,373.0
80,52,-4.893259525299072,133.3876495361328,11.0
80,53,-10.37099838256836,2.821023941040039,19.0
80,54,-54.00900650024414,7.982643127441406,141.0
80,55,-30.94502067565918,13.180675506591797,27.0
80,56,-24.680116653442383,9.427650451660156,16.0
80,57,-23.662364959716797,8.594512939453125,13.0
80,58,-51.36567687988281,24.787879943847656,332.0
80,59,-19.31875991821289,11.188035011291504,244.0
80,60,-3.9496493339538574,3.730527877807617,8.0
82,0,-2.883729934692383,1.4339978694915771,1.0
82,1,-1.5086266994476318,1.6534690856933594,1.0
82,2,-3.1888327598571777,2.8948817253112793,1.0
82,3,-33.126556396484375,39.67528533935547,459.0
82,4,-11.556730270385742,2.160735607147217,4.0
82,5,-2.205444812774658,1.7356139421463013,1.0
82,6,-2.731618642807007,1.4773223400115967,1.0
82,7,-18.473007202148438,6.342676162719727,18.0
82,8,-9.864070892333984,7.190884590148926,176.0
82,9,-10.823223114013672,4.693482398986816,7.0
82,10,-1.1024812459945679,1.3173476457595825,2.0
82,11,-10.604022979736328,8.33784294128418,451.0
82,12,-18.803071975708008,22.962108612060547,34.0
82,13,-8.300239562988281,1.7390680313110352,13.0
82,14,-4.725414276123047,3.258781909942627,6.0
82,15,-4.976365089416504,3.469780206680298,5.0
82,16,-13.406155586242676,814.9100952148438,328.0
82,17,-11.968646049499512,4.464158535003662,15.0
82,18,-11.703326225280762,4.318533420562744,12.0
82,19,-11.261612892150879,4.996820449829102,28.0
82,20,-10.970216751098633,3.9403798580169678,31.0
82,21,-5.060664176940918,2.06050705909729,6.0
82,22,-1.3354151248931885,1.5607061386108398,1.0
82,23,-5.809544563293457,2.6333518028259277,2.0
82,24,-38.613739013671875,47.530609130859375,673.0
82,25,-52.88508605957031,18.87919044494629,942.0
82,26,-22.983436584472656,46.088932037353516,298.0
82,27,-15.499841690063477,22.197248458862305,22.0
82,28,-40.21192932128906,6.785946846008301,33.0
82,29,-12.384581565856934,7.878180027008057,10.0
82,30,-38.217689514160156,12.779548645019531,83.0
82,31,-35.04276657104492,33.257381439208984,298.0
82,32,-32.4488525390625,14.940431594848633,217.0
82,33,-9.046775817871094,6.106508255004883,60.0
82,34,-14.148158073425293,16.939220428466797,211.0
82,35,-3.704695224761963,3.4380292892456055,4.0
82,36,-3.354912757873535,1.9561583995819092,4.0
82,37,-22.525745391845703,7.750792503356934,36.0
82,38,-15.012505531311035,42.65422439575195,77.0
82,39,-14.39120101928711,6.042997360229492,10.0
82,40,-9.678793907165527,6.929300785064697,6.0
82,41,-17.41728973388672,6.925806522369385,51.0
82,42,-11.681303024291992,10.342489242553711,17.0
82,43,-8.407646179199219,8.181795120239258,56.0
82,44,-22.38071060180664,7.649269104003906,310.0
82,45,-2.950137138366699,2.6734747886657715,4.0
82,46,-36.5239372253418,8.571706771850586,32.0
82,47,-1.1971849203109741,1.49042546749115,1.0
82,48,-4.280157089233398,8.500105857849121,6.0
82,49,-8.749862670898438,4.2986907958984375,7.0
82,50,-22.95060920715332,26.540143966674805,28.0
82,51,-19.026519775390625,44.93891143798828,366.0
82,52,-4.906486988067627,135.1637420654297,11.0
82,53,-10.395095825195312,2.827829599380493,19.0
82,54,-54.066078186035156,8.00018310546875,144.0
82,55,-30.92122459411621,13.154561996459961,27.0
82,56,-24.715869903564453,9.458342552185059,16.0
82,57,-23.637069702148438,8.574772834777832,14.0
82,58,-51.287628173828125,24.66725730895996,332.0
82,59,-19.30075454711914,11.162882804870605,242.0
82,60,-3.9038994312286377,3.6740689277648926,8.0
84,0,-2.876504898071289,1.4327034950256348,1.0
84,1,-1.5071220397949219,1.6526399850845337,1.0
84,2,-3.19956111907959,2.905252456665039,1.0
84,3,-33.044071197509766,39.31332015991211,445.0
84,4,-11.464673042297363,2.147515296936035,4.0
84,5,-2.1874895095825195,1.727840542793274,1.0
84,6,-2.7047321796417236,1.4716590642929077,1.0
84,7,-18.590646743774414,6.417731761932373,18.0
84,8,-9.903874397277832,7.248357772827148,178.0
84,9,-10.767663955688477,4.65637731552124,8.0
84,10,-1.129156470298767,1.3261620998382568,2.0
84,11,-10.634672164916992,8.389110565185547,457.0
84,12,-18.863433837890625,23.19428062438965,35.0
84,13,-8.280988693237305,1.736837387084961,13.0
84,14,-4.72930908203125,3.2619566917419434,6.0
84,15,-5.020247936248779,3.5080559253692627,5.0
84,16,-13.517082214355469,861.3845825195312,338.0
84,17,-12.04840087890625,4.508885860443115,15.0
84,18,-11.712179183959961,4.323314666748047,13.0
84,19,-11.263542175292969,4.99819803237915,28.0
84,20,-10.957537651062012,3.9341394901275635,31.0
84,21,-4.985752105712891,2.0385735034942627,6.0
84,22,-1.3340226411819458,1.5599818229675293,1.0
84,23,-5.813457489013672,2.6350696086883545,2.0
84,24,-38.6558952331543,47.731407165527344,666.0
84,25,-52.90666198730469,18.901836395263672,928.0
84,26,-22.94027328491211,45.75856018066406,300.0
84,27,-15.457229614257812,22.00887680053711,21.0
84,28,-40.2773323059082,6.807113170623779,32.0
84,29,-12.352349281311035,7.835971832275391,9.0
84,30,-38.320343017578125,12.867305755615234,84.0
84,31,-34.95303726196289,32.96029281616211,290.0
84,32,-32.44723892211914,14.938423156738281,217.0
84,33,-9.038803100585938,6.0967793464660645,61.0
84,34,-14.213495254516602,17.162023544311523,214.0
84,35,-3.774292469024658,3.5187206268310547,4.0
84,36,-3.3340225219726562,1.9480024576187134,4.0
84,37,-22.50658416748047,7.737303256988525,36.0
84,38,-15.027421951293945,42.8135871887207,76.0
84,39,-14.406075477600098,6.054243564605713,10.0
84,40,-9.594059944152832,6.812860012054443,7.0
84,41,-17.296875,6.833759784698486,52.0
84,42,-11.739861488342285,10.464330673217773,17.0
84,43,-8.399262428283691,8.164664268493652,57.0
84,44,-22.425867080688477,7.680734634399414,313.0
84,45,-2.9441916942596436,2.6681816577911377,4.0
84,46,-36.42518615722656,8.522059440612793,32.0
84,47,-1.2066433429718018,1.4951319694519043,1.0
84,48,-4.276461124420166,8.48441219329834,6.0
84,49,-8.740259170532227,4.291815757751465,7.0
84,50,-22.909332275390625,26.384105682373047,27.0
84,51,-19.00029754638672,44.7038459777832,367.0
84,52,-4.914479732513428,136.2484130859375,11.0
84,53,-10.382925033569336,2.824390411376953,19.0
84,54,-54.05963897705078,7.998203754425049,142.0
84,55,-30.904529571533203,13.136275291442871,27.0
84,56,-24.680419921875,9.427910804748535,16.0
84,57,-23.595447540283203,8.542389869689941,14.0
84,58,-51.4249267578125,24.87984275817871,334.0
84,59,-19.33477783203125,11.21045970916748,242.0
84,60,-3.9279897212982178,3.703691005706787,8.0
86,0,-2.8288283348083496,1.4241905212402344,1.0
86,1,-1.5032652616500854,1.6505168676376343,1.0
86,2,-3.1749813556671143,2.8815464973449707,1.0
86,3,-33.11705780029297,39.63343811035156,454.0
86,4,-11.562145233154297,2.161515712738037,4.0
86,5,-2.2350759506225586,1.748518705368042,1.0
86,6,-2.7634971141815186,1.4840655326843262,1.0
86,7,-18.599716186523438,6.42355489730835,18.0
86,8,-9.874473571777344,7.205861568450928,178.0
86,9,-10.763715744018555,4.653751373291016,7.0
86,10,-1.1354103088378906,1.3282370567321777,2.0
86,11,-10.637504577636719,8.393864631652832,452.0
86,12,-18.882524490356445,23.2681941986084,34.0
86,13,-8.245086669921875,1.7326853275299072,12.0
86,14,-4.72725772857666,3.260284423828125,5.0
86,15,-4.935811996459961,3.4347803592681885,5.0
86,16,-13.473655700683594,842.8827514648438,327.0
86,17,-12.064831733703613,4.518156051635742,15.0
86,18,-11.674907684326172,4.303219795227051,12.0
86,19,-11.254711151123047,4.991896152496338,28.0
86,20,-10.912229537963867,3.911921501159668,31.0
86,21,-4.995758056640625,2.041489601135254,6.0
86,22,-1.3212018013000488,1.553329348564148,1.0
86,23,-5.785506248474121,2.6228225231170654,2.0
86,24,-38.67026138305664,47.80002212524414,689.0
86,25,-52.868141174316406,18.86142921447754,935.0
86,26,-22.933631896972656,45.707942962646484,302.0
86,27,-15.49764633178711,22.1875057220459,21.0
86,28,-40.23583221435547,6.793675422668457,32.0
86,29,-12.354549407958984,7.838845252990723,10.0
86,30,-38.252925872802734,12.809601783752441,84.0
86,31,-34.937461853027344,32.90900421142578,296.0
86,32,-32.431907653808594,14.91934871673584,216.0
86,33,-9.083681106567383,6.151748180389404,59.0
86,34,-14.135541915893555,16.89653205871582,212.0
86,35,-3.730497360229492,3.467726469039917,4.0
86,36,-3.340888500213623,1.9506793022155762,4.0
86,37,-22.469484329223633,7.711251735687256,36.0
86,38,-15.06353759765625,43.201900482177734,77.0
86,39,-14.398958206176758,6.0488600730896,10.0
86,40,-9.640790939331055,6.876832962036133,7.0
86,41,-17.129018783569336,6.707487106323242,51.0
86,42,-11.755049705505371,10.496164321899414,17.0
86,43,-8.44493579864502,8.25842571258545,58.0
86,44,-22.339481353759766,7.620651721954346,309.0
86,45,-2.945862054824829,2.6696677207946777,4.0
86,46,-36.433101654052734,8.526028633117676,32.0
86,47,-1.1990315914154053,1.4913431406021118,1.0
86,48,-4.229379653930664,8.287014961242676,5.0
86,49,-8.793907165527344,4.330362319946289,7.0
86,50,-22.915082931518555,26.405786514282227,27.0
86,51,-19.066232681274414,45.29725646972656,371.0
86,52,-4.940450668334961,139.833251953125,11.0
86,53,-10.387811660766602,2.825770616531372,19.0
86,54,-54.108699798583984,8.013309478759766,151.0
86,55,-30.876150131225586,13.105245590209961,27.0
86,56,-24.59102439880371,9.351602554321289,16.0
86,57,-23.636661529541016,8.574455261230469,13.0
86,58,-51.35628890991211,24.773340225219727,332.0
86,59,-19.244121551513672,11.084138870239258,245.0
86,60,-3.8958969116210938,3.6642813682556152,8.0
88,0,-2.836153507232666,1.4254951477050781,1.0
88,1,-1.504752278327942,1.6513351202011108,1.0
88,2,-3.194655418395996,2.900505781173706,1.0
88,3,-33.1724853515625,39.87828063964844,461.0
88,4,-11.498193740844727,2.15231990814209,4.0
88,5,-2.279756546020508,1.7681593894958496,1.0
88,6,-2.7213010787963867,1.4751464128494263,1.0
88,7,-18.608556747436523,6.42923641204834,18.0
88,8,-9.882142066955566,7.216921329498291,177.0
88,9,-10.813935279846191,4.687258243560791,7.0
88,10,-1.1227738857269287,1.3240476846694946,2.0
88,11,-10.686698913574219,8.476858139038086,473.0
88,12,-18.78964614868164,22.910785675048828,36.0
88,13,-8.238348007202148,1.7319071292877197,13.0
88,14,-4.713916778564453,3.2494287490844727,5.0
88,15,-5.017764568328857,3.505878448486328,5.0
88,16,-13.570247650146484,884.5896606445312,336.0
88,17,-12.039302825927734,4.503761291503906,15.0
88,18,-11.714370727539062,4.324499130249023,13.0
88,19,-11.254721641540527,4.991904258728027,28.0
88,20,-10.89744758605957,3.9046998023986816,31.0
88,21,-4.908487319946289,2.016195774078369,6.0
88,22,-1.3241140842437744,1.554837942123413,1.0
88,23,-5.716129302978516,2.59266996383667,2.0
88,24,-38.668025970458984,47.78934097290039,679.0
88,25,-52.872398376464844,18.865890502929688,932.0
88,26,-22.943431854248047,45.78265380859375,303.0
88,27,-15.449098587036133,21.973114013671875,21.0
88,28,-40.18686294555664,6.777851581573486,32.0
88,29,-12.316513061523438,7.789309978485107,9.0
88,30,-38.33087158203125,12.876340866088867,85.0
88,31,-34.90237045288086,32.79372024536133,295.0
88,32,-32.44065856933594,14.930233001708984,217.0
88,33,-9.003900527954102,6.054368495941162,59.0
88,34,-14.174714088439941,17.02942657470703,218.0
88,35,-3.814835786819458,3.5665969848632812,4.0
88,36,-3.3451504707336426,1.9523426294326782,4.0
88,37,-22.479827880859375,7.718505859375,36.0
88,38,-15.004365921020508,42.56752014160156,76.0
88,39,-14.39284896850586,6.0442423820495605,10.0
88,40,-9.692358016967773,6.948123455047607,7.0
88,41,-17.232074737548828,6.784733772277832,52.0
88,42,-11.706021308898926,10.393744468688965,17.0
88,43,-8.457858085632324,8.285147666931152,58.0
88,44,-22.381370544433594,7.649728298187256,306.0
88,45,-2.941749334335327,2.6660103797912598,4.0
88,46,-36.46466064453125,8.5418701171875,31.0
88,47,-1.2131288051605225,1.4983675479888916,1.0
88,48,-4.2488112449646,8.36792278289795,5.0
88,49,-8.774893760681152,4.316661834716797,7.0
88,50,-22.91668701171875,26.41184425354004,27.0
88,51,-18.955326080322266,44.30356979370117,365.0
88,52,-4.88802433013916,132.691162109375,11.0
88,53,-10.384664535522461,2.8248817920684814,18.0
88,54,-53.95228576660156,7.965247631072998,143.0
88,55,-30.95474624633789,13.191361427307129,27.0
88,56,-24.58914566040039,9.350004196166992,16.0
88,57,-23.6215763092041,8.562705039978027,13.0
88,58,-51.36748123168945,24.79067611694336,328.0
88,59,-19.277137756347656,11.129977226257324,239.0
88,60,-3.9013378620147705,3.670933246612549,8.0
90,0,-2.8487236499786377,1.427736759185791,1.0
90,1,-1.5066076517105103,1.6523566246032715,1.0
90,2,-3.1816823482513428,2.8879902362823486,1.0
90,3,-33.12018585205078,39.64720916748047,457.0
90,4,-11.46843147277832,2.1480534076690674,4.0
90,5,-2.305321455001831,1.779496431350708,1.0
90,6,-2.7571463584899902,1.4827197790145874,1.0
90,7,-18.500831604003906,6.360348701477051,18.0
90,8,-9.924751281738281,7.278686046600342,183.0
90,9,-10.761191368103027,4.652073860168457,7.0
90,10,-1.1197634935379028,1.3230515718460083,2.0
90,11,-10.645489692687988,8.407279014587402,456.0
90,12,-18.776683807373047,22.861339569091797,35.0
90,13,-8.20466423034668,1.7280224561691284,13.0
90,14,-4.729427814483643,3.2620537281036377,6.0
90,15,-4.991948127746582,3.4833240509033203,5.0
90,16,-13.48422622680664,847.349365234375,329.0
90,17,-12.00037956237793,4.481902122497559,15.0
90,18,-11.677450180053711,4.304587364196777,12.0
90,19,-11.260239601135254,4.995840549468994,28.0
90,20,-10.926522254943848,3.918916702270508,31.0
90,21,-4.996433734893799,2.041686534881592,6.0
90,22,-1.335392713546753,1.5606944561004639,1.0
90,23,-5.757763385772705,2.6107230186462402,2.0
90,24,-38.62223815917969,47.571022033691406,671.0
90,25,-52.82711410522461,18.818485260009766,927.0
90,26,-22.977767944335938,46.04541015625,299.0
90,27,-15.513872146606445,22.25962257385254,22.0
90,28,-40.1448860168457,6.764317035675049,32.0
90,29,-12.328237533569336,7.8045454025268555,9.0
90,30,-38.194026947021484,12.759403228759766,82.0
90,31,-34.92937469482422,32.88240051269531,297.0
90,32,-32.52156066894531,15.031229019165039,218.0
90,33,-9.05278205871582,6.1138482093811035,60.0
90,34,-14.152166366577148,16.95280647277832,213.0
90,35,-3.6791188716888428,3.4088428020477295,4.0
90,36,-3.3662590980529785,1.9606025218963623,4.0
90,37,-22.511125564575195,7.74049711227417,36.0
90,38,-15.037518501281738,42.921791076660156,78.0
90,39,-14.342551231384277,6.0063605308532715,10.0
90,40,-9.637092590332031,6.871747970581055,7.0
90,41,-17.20439910888672,6.763901710510254,52.0
90,42,-11.754090309143066,10.494152069091797,17.0
90,43,-8.50621509552002,8.385916709899902,57.0
90,44,-22.31413459777832,7.603112697601318,305.0
90,45,-2.928058385848999,2.6538712978363037,4.0
90,46,-36.386348724365234,8.502613067626953,32.0
90,47,-1.2099239826202393,1.4967677593231201,1.0
90,48,-4.247250556945801,8.361394882202148,5.0
90,49,-8.773365020751953,4.315561294555664,7.0
90,50,-22.89441680908203,26.32794761657715,27.0
90,51,-18.976179122924805,44.48872756958008,364.0
90,52,-4.8988728523254395,134.1385040283203,11.0
90,53,-10.386103630065918,2.8252880573272705,19.0
90,54,-54.099281311035156,8.010407447814941,145.0
90,55,-30.858898162841797,13.086418151855469,27.0
90,56,-24.610570907592773,9.368234634399414,16.0
90,57,-23.562400817871094,8.516764640808105,13.0
90,58,-51.28340148925781,24.660741806030273,335.0
90,59,-19.2501220703125,11.092456817626953,239.0
90,60,-3.9174511432647705,3.6907029151916504,8.0
92,0,-2.8713583946228027,1.4317820072174072,1.0
92,1,-1.4889295101165771,1.642648458480835,1.0
92,2,-3.1862635612487793,2.8924038410186768,1.0
92,3,-33.146392822265625,39.7628288269043,454.0
92,4,-11.520843505859375,2.1555721759796143,4.0
92,5,-2.2309439182281494,1.7467135190963745,1.0
92,6,-2.763065814971924,1.4839740991592407,1.0
92,7,-18.606456756591797,6.427886009216309,18.0
92,8,-9.866525650024414,7.19441556930542,179.0
92,9,-10.737266540527344,4.63620138168335,7.0
92,10,-1.1116158962249756,1.320359468460083,2.0
92,11,-10.628809928894043,8.379280090332031,448.0
92,12,-18.829416275024414,23.06315040588379,35.0
92,13,-8.323579788208008,1.7417759895324707,13.0
92,14,-4.704815864562988,3.242043972015381,5.0
92,15,-4.968347072601318,3.46283221244812,5.0
92,16,-13.507366180419922,857.210205078125,327.0
92,17,-12.033884048461914,4.500711441040039,15.0
92,18,-11.719884872436523,4.327481269836426,13.0
92,19,-11.313484191894531,5.033985614776611,28.0
92,20,-10.975221633911133,3.942845582962036,31.0
92,21,-5.138114929199219,2.0834317207336426,6.0
92,22,-1.3553054332733154,1.571088194847107,1.0
92,23,-5.724394798278809,2.5962440967559814,2.0
92,24,-38.559391021728516,47.27299499511719,648.0
92,25,-52.84617614746094,18.83842658996582,926.0
92,26,-22.98676109313965,46.114479064941406,303.0
92,27,-15.436666488647461,21.918546676635742,21.0
92,28,-40.159027099609375,6.768873691558838,32.0
92,29,-12.343940734863281,7.824997425079346,10.0
92,30,-38.34707260131836,12.890254974365234,85.0
92,31,-34.94013595581055,32.91780090332031,298.0
92,32,-32.51692199707031,15.025421142578125,218.0
92,33,-9.0032377243042,6.053565979003906,60.0
92,34,-14.17236042022705,17.021413803100586,218.0
92,35,-3.73111891746521,3.46844482421875,4.0
92,36,-3.3580756187438965,1.957396149635315,4.0
92,37,-22.4626407623291,7.706454753875732,37.0
92,38,-15.011795997619629,42.646663665771484,76.0
92,39,-14.331279754638672,5.997903347015381,10.0
92,40,-9.625764846801758,6.856197834014893,7.0
92,41,-17.262847900390625,6.807971000671387,52.0
92,42,-11.729254722595215,10.442153930664062,17.0
92,43,-8.467883110046387,8.305938720703125,57.0
92,44,-22.386138916015625,7.653045177459717,309.0
92,45,-2.9344277381896973,2.6595118045806885,4.0
92,46,-36.495819091796875,8.557541847229004,32.0
92,47,-1.2165806293487549,1.500092625617981,1.0
92,48,-4.272984504699707,8.46967601776123,6.0
92,49,-8.81851863861084,4.348161697387695,7.0
92,50,-22.91460418701172,26.40398597717285,28.0
92,51,-18.958194732666016,44.32898712158203,350.0
92,52,-4.909576892852783,135.58204650878906,11.0
92,53,-10.409554481506348,2.831921339035034,19.0
92,54,-53.97600173950195,7.972514629364014,145.0
92,55,-30.86449432373047,13.092522621154785,27.0
92,56,-24.6069393157959,9.365141868591309,16.0
92,57,-23.604583740234375,8.549485206604004,14.0
92,58,-51.34229278564453,24.751678466796875,330.0
92,59,-19.279258728027344,11.132928848266602,237.0
92,60,-3.935333490371704,3.712768316268921,8.0
94,0,-2.863477945327759,1.4303723573684692,1.0
94,1,-1.5074785947799683,1.6528364419937134,1.0
94,2,-3.192864418029785,2.8987748622894287,1.0
94,3,-33.09663391113281,39.54359436035156,461.0
94,4,-11.450543403625488,2.145493507385254,4.0
94,5,-2.211271047592163,1.7381439208984375,1.0
94,6,-2.75404691696167,1.4820632934570312,1.0
94,7,-18.63504981994629,6.446291446685791,18.0
94,8,-9.86228084564209,7.1883111000061035,178.0
94,9,-10.750784873962402,4.645163059234619,7.0
94,10,-1.109971284866333,1.3198167085647583,2.0
94,11,-10.633516311645508,8.387170791625977,452.0
94,12,-18.757707595825195,22.789152145385742,34.0
94,13,-8.285064697265625,1.737309455871582,13.0
94,14,-4.704741477966309,3.241983652114868,5.0
94,15,-4.970219135284424,3.4644532203674316,5.0
94,16,-13.55455207824707,877.6746826171875,330.0
94,17,-11.99598503112793,4.479440689086914,15.0
94,18,-11.662769317626953,4.296695232391357,14.0
94,19,-11.274955749511719,5.006354331970215,28.0
94,20,-10.933752059936523,3.9224600791931152,31.0
94,21,-4.960829734802246,2.0313284397125244,6.0
94,22,-1.316147804260254,1.5507147312164307,1.0
94,23,-5.783780097961426,2.622068166732788,2.0
94,24,-38.61869812011719,47.5541877746582,674.0
94,25,-52.813106536865234,18.80384635925293,924.0
94,26,-22.987443923950195,46.119720458984375,300.0
94,27,-15.468984603881836,22.06068229675293,21.0
94,28,-40.253334045410156,6.799339771270752,33.0
94,29,-12.323066711425781,7.797821998596191,10.0
94,30,-38.31723403930664,12.86463737487793,85.0
94,31,-34.86015319824219,32.65556716918945,294.0
94,32,-32.503517150878906,15.008646965026855,216.0
94,33,-9.050336837768555,6.1108598709106445,61.0
94,34,-14.142034530639648,16.91848373413086,210.0
94,35,-3.6811342239379883,3.4111337661743164,4.0
94,36,-3.3429856300354004,1.9514976739883423,4.0
94,37,-22.492435455322266,7.727356910705566,36.0
94,38,-15.05638313293457,43.12469482421875,77.0
94,39,-14.34078598022461,6.005034923553467,10.0
94,40,-9.68543529510498,6.938510417938232,7.0
94,41,-17.286964416503906,6.826238632202148,53.0
94,42,-11.770898818969727,10.52949047088623,17.0
94,43,-8.43370532989502,8.235271453857422,58.0
94,44,-22.35179901123047,7.629189968109131,308.0
94,45,-2.9408411979675293,2.665203332901001,4.0
94,46,-36.394126892089844,8.50650405883789,31.0
94,47,-1.1885169744491577,1.4861254692077637,1.0
94,48,-4.260577201843262,8.417295455932617,6.0
94,49,-8.789966583251953,4.327519416809082,7.0
94,50,-22.914947509765625,26.405277252197266,27.0
94,51,-18.934221267700195,44.11695861816406,362.0
94,52,-4.907245635986328,135.26632690429688,11.0
94,53,-10.356425285339355,2.81691575050354,19.0
94,54,-53.869754791259766,7.940003871917725,140.0
94,55,-30.88014030456543,13.109601974487305,27.0
94,56,-24.74296760559082,9.481673240661621,16.0
94,57,-23.590030670166016,8.538182258605957,13.0
94,58,-51.307838439941406,24.698436737060547,330.0
94,59,-19.301986694335938,11.164602279663086,241.0
94,60,-3.913524627685547,3.68587589263916,8.0
96,0,-2.8599331378936768,1.4297386407852173,1.0
96,1,-1.4969667196273804,1.6470551490783691,1.0
96,2,-3.189720630645752,2.895738363265991,1.0
96,3,-33.11589431762695,39.6283073425293,463.0
96,4,-11.493936538696289,2.1517090797424316,4.0
96,5,-2.2062289714813232,1.7359541654586792,1.0
96,6,-2.7573373317718506,1.4827601909637451,1.0
96,7,-18.571247100830078,6.405292987823486,18.0
96,8,-9.849437713623047,7.169870376586914,176.0
96,9,-10.711392402648926,4.619095802307129,7.0
96,10,-1.127342939376831,1.3255609273910522,2.0
96,11,-10.630425453186035,8.381987571716309,453.0
96,12,-18.746509552001953,22.746658325195312,34.0
96,13,-8.255744934082031,1.7339168787002563,13.0
96,14,-4.74832820892334,3.277503728866577,7.0
96,15,-4.954337120056152,3.4507246017456055,5.0
96,16,-13.55167293548584,876.412109375,330.0
96,17,-12.046741485595703,4.507951259613037,15.0
96,18,-11.705662727355957,4.319794654846191,13.0
96,19,-11.314678192138672,5.034844398498535,29.0
96,20,-10.964263916015625,3.937448501586914,31.0
96,21,-4.943934440612793,2.0264313220977783,6.0
96,22,-1.347578525543213,1.5670467615127563,1.0
96,23,-5.767941474914551,2.6151556968688965,2.0
96,24,-38.539554595947266,47.17931365966797,658.0
96,25,-52.853981018066406,18.846595764160156,933.0
96,26,-22.90131378173828,45.462406158447266,301.0
96,27,-15.544508934020996,22.396432876586914,22.0
96,28,-40.15520477294922,6.767641544342041,33.0
96,29,-12.37586784362793,7.8667473793029785,10.0
96,30,-38.16145324707031,12.731725692749023,83.0
96,31,-34.98727035522461,33.07332229614258,294.0
96,32,-32.503562927246094,15.00870418548584,218.0
96,33,-9.004990577697754,6.055688858032227,59.0
96,34,-14.141691207885742,16.917322158813477,213.0
96,35,-3.693906784057617,3.425687789916992,4.0
96,36,-3.3675708770751953,1.961116909980774,4.0
96,37,-22.505905151367188,7.736825466156006,36.0
96,38,-15.091691970825195,43.507049560546875,77.0
96,39,-14.36021614074707,6.019637584686279,10.0
96,40,-9.621072769165039,6.849766731262207,7.0
96,41,-17.17929458618164,6.745060443878174,53.0
96,42,-11.67406940460205,10.327537536621094,17.0
96,43,-8.460275650024414,8.290156364440918,59.0
96,44,-22.27452278137207,7.575782775878906,299.0
96,45,-2.940629005432129,2.6650149822235107,4.0
96,46,-36.47259521484375,8.545858383178711,31.0
96,47,-1.2012590169906616,1.4924509525299072,1.0
96,48,-4.286403179168701,8.526693344116211,6.0
96,49,-8.81104564666748,4.34274959564209,7.0
96,50,-22.79793357849121,25.967548370361328,27.0
96,51,-19.024581909179688,44.92149353027344,369.0
96,52,-4.896764278411865,133.85595703125,11.0
96,53,-10.414381980895996,2.83328914642334,21.0
96,54,-54.10792541503906,8.013070106506348,148.0
96,55,-30.783466339111328,13.004413604736328,27.0
96,56,-24.636016845703125,9.38992977142334,16.0
96,57,-23.566001892089844,8.519552230834961,13.0
96,58,-51.26354217529297,24.630151748657227,325.0
96,59,-19.351545333862305,11.233980178833008,250.0
96,60,-3.920912742614746,3.694964647293091,8.0
98,0,-2.894017219543457,1.4358431100845337,1.0
98,1,-1.4955940246582031,1.6463016271591187,1.0
98,2,-3.1783907413482666,2.8848233222961426,1.0
98,3,-33.105018615722656,39.5804557800293,455.0
98,4,-11.485736846923828,2.1505329608917236,4.0
98,5,-2.184696674346924,1.7266345024108887,1.0
98,6,-2.774031400680542,1.4863005876541138,1.0
98,7,-18.652721405029297,6.457693576812744,18.0
98,8,-9.842896461486816,7.160496234893799,177.0
98,9,-10.811670303344727,4.685742378234863,7.0
98,10,-1.1152757406234741,1.3215680122375488,2.0
98,11,-10.636087417602539,8.391485214233398,449.0
98,12,-18.770158767700195,22.83649444580078,34.0
98,13,-8.206388473510742,1.72822105884552,12.0
98,14,-4.7155632972717285,3.2507665157318115,5.0
98,15,-4.984793663024902,3.4770994186401367,5.0
98,16,-13.576675415039062,887.4371948242188,329.0
98,17,-12.031160354614258,4.499179363250732,15.0
98,18,-11.709768295288086,4.322011947631836,12.0
98,19,-11.238558769226074,4.980391025543213,28.0
98,20,-10.929972648620605,3.920607089996338,31.0
98,21,-4.989176273345947,2.0395708084106445,6.0
98,22,-1.3407613039016724,1.5634897947311401,1.0
98,23,-5.753560543060303,2.6088950634002686,2.0
98,24,-38.691986083984375,47.90398025512695,693.0
98,25,-52.80393600463867,18.794269561767578,937.0
98,26,-22.937320709228516,45.736045837402344,301.0
98,27,-15.456676483154297,22.00644302368164,22.0
98,28,-40.17445373535156,6.773848056793213,32.0
98,29,-12.341161727905273,7.82137393951416,9.0
98,30,-38.19797134399414,12.7627592086792,81.0
98,31,-34.95566940307617,32.968971252441406,298.0
98,32,-32.471397399902344,14.968526840209961,217.0
98,33,-9.035564422607422,6.092832088470459,60.0
98,34,-14.231630325317383,17.224384307861328,214.0
98,35,-3.711552619934082,3.445896863937378,4.0
98,36,-3.3627853393554688,1.9592407941818237,4.0
98,37,-22.540815353393555,7.761417865753174,36.0
98,38,-15.051345825195312,43.0704231262207,75.0
98,39,-14.385311126708984,6.03855037689209,10.0
98,40,-9.628778457641602,6.8603315353393555,6.0
98,41,-17.18297004699707,6.74781608581543,51.0
98,42,-11.777666091918945,10.54374885559082,17.0
98,43,-8.430832862854004,8.22935962677002,59.0
98,44,-22.420330047607422,7.6768693923950195,312.0
98,45,-2.9272243976593018,2.6531336307525635,4.0
98,46,-36.50115203857422,8.560226440429688,32.0
98,47,-1.1994987726211548,1.4915754795074463,1.0
98,48,-4.292440891265869,8.552472114562988,6.0
98,49,-8.746526718139648,4.296301364898682,7.0
98,50,-22.943552017211914,26.513402938842773,28.0
98,51,-18.919979095458984,43.99147415161133,361.0
98,52,-4.9195709228515625,136.94383239746094,11.0
98,53,-10.425043106079102,2.836311101913452,20.0
98,54,-53.992740631103516,7.9776506423950195,139.0
98,55,-30.87055206298828,13.099132537841797,27.0
98,56,-24.671812057495117,9.420536994934082,16.0
98,57,-23.611549377441406,8.554901123046875,14.0
98,58,-51.3760986328125,24.804031372070312,337.0
98,59,-19.282974243164062,11.138101577758789,240.0
98,60,-3.924715757369995,3.6996514797210693,8.0
100,0,-2.8380308151245117,1.4258296489715576,1.0
100,1,-1.497701644897461,1.647458553314209,1.0
100,2,-3.1942358016967773,2.9001002311706543,1.0
100,3,-33.14838409423828,39.771629333496094,465.0
100,4,-11.495996475219727,2.1520044803619385,4.0
100,5,-2.225938320159912,1.7445290088653564,1.0
100,6,-2.728782892227173,1.4767240285873413,1.0
100,7,-18.492828369140625,6.355260372161865,18.0
100,8,-9.876882553100586,7.209333419799805,178.0
100,9,-10.72461223602295,4.627827167510986,7.0
100,10,-1.120619773864746,1.3233349323272705,2.0
100,11,-10.632955551147461,8.38623046875,452.0
100,12,-18.704782485961914,22.589017868041992,34.0
100,13,-8.238568305969238,1.7319326400756836,13.0
100,14,-4.736401081085205,3.2677454948425293,5.0
100,15,-4.970319747924805,3.4645402431488037,5.0
100,16,-13.575773239135742,887.0369873046875,326.0
100,17,-12.03524398803711,4.501476764678955,15.0
100,18,-11.675056457519531,4.303299427032471,12.0
100,19,-11.350656509399414,5.060788631439209,28.0
100,20,-10.937715530395508,3.924403429031372,31.0
100,21,-5.0005693435668945,2.042893171310425,6.0
100,22,-1.3256916999816895,1.5556559562683105,1.0
100,23,-5.790078163146973,2.624821662902832,2.0
100,24,-38.66050338745117,47.75339889526367,663.0
100,25,-52.734710693359375,18.722126007080078,907.0
100,26,-22.913021087646484,45.55120086669922,298.0
100,27,-15.436189651489258,21.91645622253418,21.0
100,28,-40.286773681640625,6.810174942016602,33.0
100,29,-12.321990966796875,7.79642391204834,10.0
100,30,-38.24251174926758,12.800710678100586,85.0
100,31,-34.93213653564453,32.8914794921875,296.0
100,32,-32.467403411865234,14.963545799255371,218.0
100,33,-9.074069023132324,6.1399335861206055,61.0
100,34,-14.203344345092773,17.12721824645996,216.0
100,35,-3.753891944885254,3.4948740005493164,4.0
100,36,-3.3621938228607178,1.959009051322937,4.0
100,37,-22.544822692871094,7.764245510101318,36.0
100,38,-15.066634178161621,43.2353515625,77.0
100,39,-14.412474632263184,6.059088230133057,10.0
100,40,-9.635354042053223,6.869359493255615,7.0
100,41,-17.25041961669922,6.798576831817627,52.0
100,42,-11.719307899475098,10.421401977539062,17.0
100,43,-8.43054485321045,8.228767395019531,57.0
100,44,-22.356090545654297,7.632166862487793,302.0
100,45,-2.9409096240997314,2.665264368057251,4.0
100,46,-36.49452209472656,8.556888580322266,32.0
100,47,-1.2093132734298706,1.4964630603790283,1.0
100,48,-4.279179573059082,8.495952606201172,6.0
100,49,-8.764835357666016,4.309431076049805,7.0
100,50,-22.926158905029297,26.44760513305664,27.0
100,51,-19.0048770904541,44.74480056762695,364.0
100,52,-4.933183193206787,138.82070922851562,11.0
100,53,-10.392943382263184,2.827221155166626,19.0
100,54,-54.09938430786133,8.010437965393066,145.0
100,55,-30.802133560180664,13.024660110473633,27.0
100,56,-24.609899520874023,9.367663383483887,16.0
100,57,-23.55425262451172,8.510457992553711,13.0
100,58,-51.29724884033203,24.68209457397461,329.0
100,59,-19.33201026916504,11.206582069396973,245.0
100,60,-3.8882079124450684,3.6549019813537598,8.0
