step,probe_index,log_prob,perplexity,target_rank
0,0,-19.668752670288086,26.526004791259766,199.0
0,1,-14.551469802856445,11.304999351501465,61.0
0,2,-6.632037162780762,5.248851299285889,5.0
0,3,-41.199851989746094,61.55832290649414,66.0
0,4,-4.730498313903809,2.5756442546844482,2.0
0,5,-30.5919189453125,163.80117797851562,1769.0
0,6,-3.4497616291046143,1.99362051486969,3.0
0,7,-13.550276756286621,29.59392738342285,134.0
0,8,-1.572779893875122,1.6892083883285522,1.0
0,9,-13.613370895385742,15.220970153808594,33.0
0,10,-6.1773786544799805,21.948291778564453,7.0
0,11,-3.3705148696899414,3.075615406036377,4.0
0,12,-29.57187271118164,26.72939109802246,808.0
0,13,-9.13194465637207,3.1314404010772705,4.0
0,14,-18.02179527282715,9.513619422912598,150.0
0,15,-14.034595489501953,1115.767333984375,157.0
0,16,-11.632136344909668,48.297447204589844,37.0
0,17,-14.602392196655273,38.497684478759766,18.0
0,18,-15.258899688720703,6.7353010177612305,35.0
0,19,-54.19215393066406,225.70191955566406,11841.0
0,20,-16.518905639648438,7.884219646453857,114.0
0,21,-8.765214920043945,8.946869850158691,9.0
0,22,-55.228797912597656,31.557140350341797,4641.0
0,23,-22.55138397216797,25.068857192993164,11.0
0,24,-17.29983139038086,31.815898895263672,287.0
0,25,-11.687091827392578,10.354470252990723,20.0
0,26,-13.260568618774414,6.648338794708252,7.0
0,27,-21.492368698120117,35.94757080078125,136.0
0,28,-20.454471588134766,9.705756187438965,35.0
0,29,-18.94524574279785,8.20732593536377,10.0
0,30,-4.469046592712402,4.435685634613037,4.0
0,31,-9.699724197387695,6.958367824554443,32.0
0,32,-19.52813720703125,131.89871215820312,1218.0
0,33,-10.454449653625488,5.711081027984619,3.0
0,34,-6.844302177429199,3.930868625640869,3.0
0,35,-25.880157470703125,13.303349494934082,35.0
0,36,-19.58348846435547,11.564454078674316,66.0
0,37,-15.084310531616211,8.627039909362793,147.0
0,38,-11.694942474365234,5.315919399261475,9.0
0,39,-8.258127212524414,2.807420015335083,5.0
0,40,-51.563838958740234,25.09678840637207,701.0
0,41,-30.63821029663086,79.58990478515625,142.0
0,42,-14.169220924377441,4.827640533447266,6.0
0,43,-30.392728805541992,29.281906127929688,3144.0
0,44,-43.44377899169922,12.877948760986328,612.0
0,45,-4.049003601074219,3.856144905090332,3.0
0,46,-4.783848762512207,2.2195582389831543,5.0
0,47,-9.676229476928711,3.3519043922424316,18.0
0,48,-8.759793281555176,2.217421054840088,17.0
0,49,-2.1057262420654297,1.6928805112838745,2.0
0,50,-9.676229476928711,3.3519043922424316,18.0
0,51,-8.550313949584961,3.3921821117401123,17.0
0,52,-29.54413604736328,14.670380592346191,345.0
0,53,-15.900107383728027,9.69338607788086,18.0
0,54,-2.900148868560791,1.786091685295105,2.0
0,55,-5.942968368530273,3.282461643218994,4.0
0,56,-8.064309120178223,14.703756332397461,191.0
0,57,-15.181757926940918,12.557185173034668,29.0
0,58,-11.389527320861816,5.0889692306518555,6.0
0,59,-17.759220123291016,34.8775749206543,49.0
0,60,-20.089080810546875,17.634702682495117,43.0
0,61,-3.2442493438720703,5.063838005065918,2.0
0,62,-9.782695770263672,7.074799537658691,34.0
0,63,-13.451763153076172,14.736872673034668,17.0
0,64,-31.35861587524414,32.59929275512695,59.0
0,65,-2.168184757232666,1.3630715608596802,1.0
0,66,-15.350107192993164,6.812528610229492,60.0
0,67,-4.2374372482299805,2.8845224380493164,2.0
0,68,-2.586671829223633,1.9091688394546509,1.0
0,69,-50.79570770263672,16.810165405273438,1768.0
0,70,-8.18581771850586,3.912994861602783,6.0
0,71,-43.024559020996094,119.16470336914062,10771.0
0,72,-19.320817947387695,8.55706787109375,14.0
0,73,-5.895364761352539,2.3214569091796875,2.0
0,74,-8.968850135803223,19.878061294555664,36.0
2,0,-19.653255462646484,26.45757484436035,200.0
2,1,-14.521400451660156,11.248485565185547,62.0
2,2,-6.6333723068237305,5.250603675842285,5.0
2,3,-40.956695556640625,60.07956314086914,65.0
2,4,-4.733029365539551,2.576948404312134,2.0
2,5,-30.674365997314453,166.06748962402344,1813.0
2,6,-3.435267925262451,1.9878497123718262,3.0
2,7,-13.580831527709961,29.820850372314453,131.0
2,8,-1.5860928297042847,1.6967211961746216,1.0
2,9,-13.645729064941406,15.319794654846191,34.0
2,10,-6.148812770843506,21.637033462524414,7.0
2,11,-3.3635025024414062,3.068434715270996,4.0
2,12,-29.604135513305664,26.82537841796875,821.0
2,13,-9.13029670715332,3.1307952404022217,4.0
2,14,-17.897933959960938,9.367457389831543,150.0
2,15,-13.963342666625977,1076.7164306640625,152.0
2,16,-11.682308197021484,49.11197280883789,38.0
2,17,-14.538589477539062,37.88848876953125,18.0
2,18,-15.2205810546875,6.7031168937683105,35.0
2,19,-53.946083068847656,220.21591186523438,11805.0
2,20,-16.539634704589844,7.904675006866455,116.0
2,21,-8.696231842041016,8.793896675109863,8.0
2,22,-55.41642761230469,31.929386138916016,4728.0
2,23,-22.5263671875,24.97942352294922,11.0
2,24,-17.307910919189453,31.86735725402832,289.0
2,25,-11.646685600280762,10.271130561828613,19.0
2,26,-13.263090133666992,6.65073299407959,7.0
2,27,-21.421245574951172,35.52396774291992,138.0
2,28,-20.512832641601562,9.768898010253906,36.0
2,29,-18.882427215576172,8.150240898132324,10.0
2,30,-4.455095291137695,4.41510534286499,4.0
2,31,-9.657554626464844,6.899928092956543,32.0
2,32,-19.536090850830078,132.1612548828125,1219.0
2,33,-10.464449882507324,5.720607280731201,3.0
2,34,-6.872917175292969,3.953429698944092,3.0
2,35,-25.824033737182617,13.22889518737793,34.0
2,36,-19.553020477294922,11.52049446105957,67.0
2,37,-15.025900840759277,8.555354118347168,146.0
2,38,-11.703579902648926,5.322483062744141,9.0
2,39,-8.21545696258545,2.7924857139587402,5.0
2,40,-50.66459655761719,23.725187301635742,584.0
2,41,-30.63693618774414,79.5754165649414,140.0
2,42,-14.198883056640625,4.843577861785889,6.0
2,43,-30.322690963745117,29.054920196533203,3047.0
2,44,-42.91202926635742,12.481367111206055,441.0
2,45,-4.036642074584961,3.840287923812866,3.0
2,46,-4.756836414337158,2.209588050842285,5.0
2,47,-9.61526870727539,3.3264594078063965,18.0
2,48,-8.68121337890625,2.201637029647827,16.0
2,49,-2.106679916381836,1.693284273147583,2.0
2,50,-9.61526870727539,3.3264594078063965,18.0
2,51,-8.55164623260498,3.3928277492523193,17.0
2,52,-29.15453338623047,14.159872055053711,278.0
2,53,-15.826363563537598,9.591805458068848,18.0
2,54,-2.893104314804077,1.7835769653320312,2.0
2,55,-5.876813888549805,3.2393178939819336,4.0
2,56,-8.022110939025879,14.498381614685059,183.0
2,57,-15.224971771240234,12.647953033447266,31.0
2,58,-11.42353630065918,5.1137542724609375,6.0
2,59,-17.69211196899414,34.4125862121582,46.0
2,60,-20.110645294189453,17.689111709594727,46.0
2,61,-3.233704090118408,5.037208557128906,2.0
2,62,-9.774242401123047,7.062849044799805,34.0
2,63,-13.455345153808594,14.74743366241455,18.0
2,64,-31.284061431884766,32.330360412597656,59.0
2,65,-2.1712822914123535,1.3636749982833862,1.0
2,66,-14.622841835021973,6.220530986785889,41.0
2,67,-4.244288444519043,2.889467239379883,2.0
2,68,-2.5847854614257812,1.9082685708999634,1.0
2,69,-50.01744079589844,16.09882926940918,1861.0
2,70,-8.144872665405273,3.8863823413848877,6.0
2,71,-42.65596008300781,114.38284301757812,10266.0
2,72,-19.366437911987305,8.600552558898926,14.0
2,73,-5.898200035095215,2.322397470474243,2.0
2,74,-8.976365089416504,19.92791748046875,36.0
4,0,-19.61710548400879,26.29865264892578,195.0
4,1,-14.559675216674805,11.320470809936523,60.0
4,2,-6.610105514526367,5.220151424407959,5.0
4,3,-40.09476852416992,55.118019104003906,64.0
4,4,-4.728882312774658,2.5748119354248047,2.0
4,5,-30.48603057861328,160.93572998046875,1805.0
4,6,-3.4027671813964844,1.9749704599380493,3.0
4,7,-13.546900749206543,29.568960189819336,139.0
4,8,-1.5598536729812622,1.6819456815719604,1.0
4,9,-13.552237510681152,15.036004066467285,33.0
4,10,-6.123114109039307,21.360790252685547,7.0
4,11,-3.285811185836792,2.9899909496307373,4.0
4,12,-29.59406280517578,26.795373916625977,853.0
4,13,-9.210848808288574,3.1624786853790283,4.0
4,14,-17.938129425048828,9.414642333984375,148.0
4,15,-14.002161026000977,1097.8187255859375,145.0
4,16,-11.515369415283203,46.453712463378906,37.0
4,17,-14.433241844177246,36.90365219116211,18.0
4,18,-15.192042350769043,6.6792473793029785,36.0
4,19,-51.5362663269043,173.0579376220703,11364.0
4,20,-16.268957138061523,7.641696929931641,110.0
4,21,-8.68310546875,8.76508617401123,8.0
4,22,-55.05409622192383,31.214447021484375,4485.0
4,23,-22.583633422851562,25.184614181518555,13.0
4,24,-17.44697380065918,32.766109466552734,278.0
4,25,-11.505172729492188,9.984505653381348,19.0
4,26,-13.198404312133789,6.5895586013793945,7.0
4,27,-21.33641242980957,35.025230407714844,134.0
4,28,-20.435256958007812,9.685056686401367,34.0
4,29,-18.954710006713867,8.215962409973145,10.0
4,30,-4.415993690490723,4.357933044433594,4.0
4,31,-9.625509262084961,6.855847358703613,30.0
4,32,-19.49251937866211,130.7294464111328,1215.0
4,33,-10.505228042602539,5.759619235992432,3.0
4,34,-6.654033184051514,3.7840945720672607,3.0
4,35,-25.8010196685791,13.198484420776367,35.0
4,36,-19.39590072631836,11.296439170837402,64.0
4,37,-14.969419479370117,8.486600875854492,147.0
4,38,-11.678001403808594,5.303070068359375,9.0
4,39,-8.13819408416748,2.765645980834961,5.0
4,40,-45.00374221801758,16.6553897857666,292.0
4,41,-30.61333465576172,79.30756378173828,149.0
4,42,-14.238334655761719,4.864856243133545,6.0
4,43,-30.223339080810547,28.735946655273438,3161.0
4,44,-37.41637420654297,9.033710479736328,337.0
4,45,-3.9752767086029053,3.7625324726104736,2.0
4,46,-4.737972259521484,2.2026519775390625,5.0
4,47,-9.555910110473633,3.3018691539764404,18.0
4,48,-8.594314575195312,2.1843130588531494,16.0
4,49,-2.1165432929992676,1.6974648237228394,2.0
4,50,-9.555910110473633,3.3018691539764404,18.0
4,51,-8.541869163513184,3.388092279434204,17.0
4,52,-26.673973083496094,11.301176071166992,87.0
4,53,-15.719149589538574,9.446013450622559,17.0
4,54,-2.9413976669311523,1.8008873462677002,2.0
4,55,-5.812496185302734,3.197915554046631,4.0
4,56,-8.027718544006348,14.525506973266602,188.0
4,57,-15.174427032470703,12.541850090026855,30.0
4,58,-11.337862014770508,5.051547527313232,6.0
4,59,-17.685819625854492,34.36930847167969,46.0
4,60,-20.096426010131836,17.653217315673828,43.0
4,61,-3.1954236030578613,4.941711902618408,2.0
4,62,-9.747649192810059,7.025384426116943,34.0
4,63,-13.322275161743164,14.36012077331543,17.0
4,64,-31.14162826538086,31.822734832763672,57.0
4,65,-2.1440367698669434,1.358377456665039,1.0
4,66,-9.540146827697754,3.2953696250915527,3.0
4,67,-4.218421459197998,2.8708419799804688,2.0
4,68,-2.5830159187316895,1.9074246883392334,1.0
4,69,-44.204734802246094,11.65597152709961,1818.0
4,70,-8.100410461425781,3.857689619064331,6.0
4,71,-40.59434127807617,90.96568298339844,10822.0
4,72,-19.346025466918945,8.581067085266113,14.0
4,73,-5.824346542358398,2.2980239391326904,2.0
4,74,-8.895336151123047,19.396875381469727,35.0
6,0,-19.09321403503418,24.09977149963379,152.0
6,1,-14.352640151977539,10.936511039733887,64.0
6,2,-6.482152938842773,5.055810928344727,5.0
6,3,-36.828773498535156,39.7606315612793,63.0
6,4,-4.606639385223389,2.512624740600586,2.0
6,5,-30.03168296813965,149.1989288330078,1835.0
6,6,-3.2575597763061523,1.918439269065857,3.0
6,7,-13.664583206176758,30.451820373535156,149.0
6,8,-1.5981249809265137,1.7035397291183472,1.0
6,9,-13.369641304016113,14.496805191040039,32.0
6,10,-5.98974609375,19.98282241821289,7.0
6,11,-3.06693696975708,2.7796146869659424,3.0
6,12,-29.466793060302734,26.419124603271484,921.0
6,13,-9.192435264587402,3.155207872390747,4.0
6,14,-17.366180419921875,8.765052795410156,117.0
6,15,-13.964653015136719,1077.4219970703125,120.0
6,16,-11.26627254486084,42.75235366821289,35.0
6,17,-14.208342552185059,34.88600158691406,18.0
6,18,-14.644646644592285,6.237508773803711,30.0
6,19,-44.14986801147461,82.68074035644531,11161.0
6,20,-15.81064224243164,7.216212749481201,109.0
6,21,-8.523786544799805,8.422836303710938,6.0
6,22,-54.4799690246582,30.114238739013672,4245.0
6,23,-22.415992736816406,24.588640213012695,16.0
6,24,-17.82870101928711,35.36561965942383,268.0
6,25,-10.998645782470703,9.02256965637207,17.0
6,26,-13.02755069732666,6.430669784545898,7.0
6,27,-20.96408462524414,32.917816162109375,117.0
6,28,-20.383705139160156,9.629738807678223,33.0
6,29,-18.778640747070312,8.056794166564941,10.0
6,30,-4.254013538360596,4.128872871398926,2.0
6,31,-9.439844131469727,6.605937480926514,28.0
6,32,-19.2006893157959,121.53136444091797,1160.0
6,33,-10.519051551818848,5.772904396057129,3.0
6,34,-5.960140705108643,3.293754816055298,3.0
6,35,-25.037567138671875,12.228346824645996,33.0
6,36,-19.087722778320312,10.869550704956055,59.0
6,37,-14.481999397277832,7.915770053863525,124.0
6,38,-11.59555435180664,5.240975856781006,9.0
6,39,-7.998810768127441,2.7178778648376465,4.0
6,40,-16.997034072875977,2.893059730529785,8.0
6,41,-30.19709014892578,74.7291259765625,151.0
6,42,-13.965714454650879,4.719703674316406,6.0
6,43,-29.95034408569336,27.877391815185547,3214.0
6,44,-29.23049545288086,5.581407070159912,329.0
6,45,-3.8311381340026855,3.586031198501587,2.0
6,46,-4.563304901123047,2.1394543647766113,4.0
6,47,-8.833520889282227,3.016780376434326,16.0
6,48,-8.280582427978516,2.122893810272217,13.0
6,49,-2.1067910194396973,1.693331241607666,2.0
6,50,-8.833520889282227,3.016780376434326,16.0
6,51,-8.460679054260254,3.349022388458252,17.0
6,52,-19.42707061767578,5.847985744476318,68.0
6,53,-15.336830139160156,8.943934440612793,15.0
6,54,-2.874452590942383,1.7769359350204468,2.0
6,55,-5.708542346954346,3.132114887237549,4.0
6,56,-8.278031349182129,15.789480209350586,228.0
6,57,-15.041349411010742,12.266739845275879,26.0
6,58,-11.274194717407227,5.005810260772705,6.0
6,59,-17.358230590820312,32.1896858215332,45.0
6,60,-20.027576446533203,17.480436325073242,43.0
6,61,-3.1266298294067383,4.774622440338135,2.0
6,62,-9.715678215026855,6.980605602264404,34.0
6,63,-13.146879196166992,13.86511516571045,17.0
6,64,-30.323528289794922,29.0576229095459,55.0
6,65,-2.018284320831299,1.3341925144195557,1.0
6,66,-7.921252727508545,2.6916561126708984,3.0
6,67,-4.051363468170166,2.7534120082855225,2.0
6,68,-2.426882028579712,1.834405541419983,1.0
6,69,-40.95337677001953,9.729743003845215,1860.0
6,70,-7.899884223937988,3.7308921813964844,6.0
6,71,-32.72797775268555,37.956546783447266,11207.0
6,72,-19.12042236328125,8.368640899658203,14.0
6,73,-5.603062629699707,2.2265148162841797,2.0
6,74,-8.667451858520508,17.9780330657959,34.0
8,0,-18.571821212768555,22.093944549560547,125.0
8,1,-14.058158874511719,10.412701606750488,69.0
8,2,-6.3116841316223145,4.844872951507568,4.0
8,3,-34.409698486328125,31.217222213745117,55.0
8,4,-4.439187526702881,2.4298694133758545,2.0
8,5,-29.44770050048828,135.36163330078125,1912.0
8,6,-3.06166934967041,1.8447318077087402,3.0
8,7,-13.73764705657959,31.013164520263672,170.0
8,8,-1.5493500232696533,1.6760669946670532,2.0
8,9,-13.019296646118164,13.515801429748535,28.0
8,10,-5.811474800109863,18.278717041015625,7.0
8,11,-2.7210099697113037,2.47688889503479,2.0
8,12,-29.47348403930664,26.438770294189453,1133.0
8,13,-9.016858100891113,3.086714506149292,4.0
8,14,-16.800281524658203,8.166457176208496,95.0
8,15,-13.942055702209473,1065.317138671875,102.0
8,16,-10.88382339477539,37.635250091552734,33.0
8,17,-13.933144569396973,32.56656265258789,18.0
8,18,-14.270622253417969,5.9525980949401855,28.0
8,19,-43.80570602416992,79.88359069824219,11595.0
8,20,-15.133684158325195,6.630701065063477,95.0
8,21,-8.439022064208984,8.246224403381348,5.0
8,22,-53.33944320678711,28.04233169555664,3884.0
8,23,-22.221580505371094,23.915132522583008,16.0
8,24,-18.3260440826416,39.064292907714844,264.0
8,25,-10.29924488067627,7.844785213470459,15.0
8,26,-12.844693183898926,6.264859199523926,7.0
8,27,-20.417072296142578,30.049482345581055,102.0
8,28,-20.234458923339844,9.471365928649902,33.0
8,29,-18.564550399780273,7.867402076721191,9.0
8,30,-4.16404914855957,4.006893634796143,2.0
8,31,-9.244443893432617,6.352756023406982,27.0
8,32,-18.951406478881836,114.1886215209961,1129.0
8,33,-10.537385940551758,5.790571689605713,3.0
8,34,-5.250531196594238,2.857954740524292,3.0
8,35,-24.180673599243164,11.224146842956543,31.0
8,36,-18.756423950195312,10.428609848022461,58.0
8,37,-14.05732250213623,7.449813365936279,114.0
8,38,-11.5304594039917,5.192464351654053,8.0
8,39,-7.703438758850098,2.6193594932556152,4.0
8,40,-12.229480743408203,2.1475820541381836,6.0
8,41,-29.761703491210938,70.22270965576172,142.0
8,42,-13.876571655273438,4.673186779022217,6.0
8,43,-29.530555725097656,26.606958389282227,3439.0
8,44,-28.59808349609375,5.377589702606201,333.0
8,45,-3.6945457458496094,3.426417589187622,2.0
8,46,-4.2750020027160645,2.039083242416382,3.0
8,47,-7.801633834838867,2.6517086029052734,14.0
8,48,-7.928497791290283,2.056020975112915,13.0
8,49,-2.0016252994537354,1.6493914127349854,2.0
8,50,-7.801633834838867,2.6517086029052734,14.0
8,51,-8.304555892944336,3.2751545906066895,17.0
8,52,-18.270694732666016,5.2644267082214355,51.0
8,53,-14.849835395812988,8.342851638793945,15.0
8,54,-2.8435826301574707,1.7659989595413208,2.0
8,55,-5.610974311828613,3.0715885162353516,3.0
8,56,-8.26125717163086,15.701440811157227,249.0
8,57,-14.759984970092773,11.704781532287598,26.0
8,58,-10.863109588623047,4.720302104949951,6.0
8,59,-16.93546485900879,29.5798397064209,41.0
8,60,-19.83944320678711,17.01688575744629,38.0
8,61,-3.1403884887695312,4.807581901550293,2.0
8,62,-9.719060897827148,6.985329627990723,37.0
8,63,-12.871952056884766,13.123315811157227,17.0
8,64,-29.065208435058594,25.266202926635742,46.0
8,65,-1.8416494131088257,1.3009474277496338,1.0
8,66,-7.818174362182617,2.6571969985961914,3.0
8,67,-3.933919906616211,2.6737446784973145,2.0
8,68,-2.3361871242523193,1.7932807207107544,1.0
8,69,-40.40712356567383,9.4389066696167,1851.0
8,70,-7.766698837280273,3.6489877700805664,5.0
8,71,-32.29601287841797,36.17780685424805,11655.0
8,72,-18.647903442382812,7.940603256225586,12.0
8,73,-5.479604244232178,2.1875903606414795,2.0
8,74,-8.431703567504883,16.619352340698242,33.0
10,0,-17.87808609008789,19.681537628173828,110.0
10,1,-13.705024719238281,9.81754207611084,74.0
10,2,-6.061588287353516,4.551228046417236,3.0
10,3,-32.74884033203125,26.44015884399414,50.0
10,4,-4.135247707366943,2.286562442779541,1.0
10,5,-28.362451553344727,112.96466827392578,1800.0
10,6,-2.774007797241211,1.7415953874588013,3.0
10,7,-13.765474319458008,31.22966766357422,145.0
10,8,-1.3408361673355103,1.5635288953781128,2.0
10,9,-12.581642150878906,12.383047103881836,28.0
10,10,-5.30169677734375,14.16605281829834,4.0
10,11,-2.2969837188720703,2.1504158973693848,2.0
10,12,-28.59972381591797,23.992637634277344,996.0
10,13,-8.59299373626709,2.9274280071258545,4.0
10,14,-16.184463500976562,7.5614118576049805,65.0
10,15,-13.853809356689453,1019.3338623046875,101.0
10,16,-10.457559585571289,32.650272369384766,29.0
10,17,-13.64079475402832,30.271257400512695,17.0
10,18,-13.781108856201172,5.599283218383789,26.0
10,19,-42.77786636352539,72.08073425292969,11265.0
10,20,-13.588106155395508,5.46581506729126,60.0
10,21,-8.5990629196167,8.582847595214844,6.0
10,22,-51.79117202758789,25.455917358398438,3470.0
10,23,-21.577251434326172,21.812091827392578,11.0
10,24,-17.40009307861328,32.4603271484375,262.0
10,25,-9.244240760803223,6.3524980545043945,10.0
10,26,-12.599288940429688,6.049032688140869,7.0
10,27,-19.95720672607422,27.83241081237793,82.0
10,28,-19.44839859008789,8.679234504699707,31.0
10,29,-17.58300018310547,7.054506778717041,8.0
10,30,-4.041926383972168,3.8470582962036133,2.0
10,31,-8.89999008178711,5.929844856262207,24.0
10,32,-18.97022247314453,114.72703552246094,1079.0
10,33,-10.341753005981445,5.604812145233154,3.0
10,34,-4.2369842529296875,2.333564281463623,2.0
10,35,-22.88335609436035,9.858514785766602,25.0
10,36,-18.155630111694336,9.674115180969238,44.0
10,37,-13.477874755859375,6.857964515686035,86.0
10,38,-11.131982803344727,4.9051384925842285,8.0
10,39,-7.0120344161987305,2.402486801147461,3.0
10,40,-5.391242980957031,1.4006726741790771,2.0
10,41,-29.29865264892578,65.72777557373047,122.0
10,42,-13.514405250549316,4.488868236541748,6.0
10,43,-28.996124267578125,25.072998046875,3163.0
10,44,-26.91034698486328,4.869355201721191,273.0
10,45,-3.4508109092712402,3.1590468883514404,2.0
10,46,-3.9305055141448975,1.925304651260376,3.0
10,47,-5.91254997253418,2.093984603881836,9.0
10,48,-6.749022960662842,1.8469719886779785,7.0
10,49,-2.007934093475342,1.6519948244094849,2.0
10,50,-5.91254997253418,2.093984603881836,9.0
10,51,-8.237812042236328,3.244075298309326,15.0
10,52,-16.299827575683594,4.4008708000183105,31.0
10,53,-13.726186752319336,7.105605125427246,15.0
10,54,-2.6218008995056152,1.6893775463104248,2.0
10,55,-5.6825761795043945,3.115891456604004,4.0
10,56,-7.242471694946289,11.180342674255371,119.0
10,57,-14.253490447998047,10.757269859313965,26.0
10,58,-11.40528678894043,5.100439548492432,6.0
10,59,-16.64377784729004,27.903596878051758,35.0
10,60,-19.45050811767578,16.09718132019043,37.0
10,61,-3.0499110221862793,4.594939231872559,2.0
10,62,-9.45236587524414,6.622501373291016,34.0
10,63,-12.581260681152344,12.382102012634277,14.0
10,64,-28.13898468017578,22.7952880859375,42.0
10,65,-1.6422948837280273,1.2644200325012207,1.0
10,66,-7.3303375244140625,2.5000035762786865,3.0
10,67,-3.6252150535583496,2.475156784057617,2.0
10,68,-2.1205029487609863,1.6991459131240845,1.0
10,69,-39.96073913574219,9.207709312438965,1869.0
10,70,-7.295119285583496,3.373170852661133,5.0
10,71,-32.08876037597656,35.35422134399414,12007.0
10,72,-17.877647399902344,7.289283752441406,11.0
10,73,-5.223358154296875,2.1089580059051514,2.0
10,74,-8.258660316467285,15.687853813171387,35.0
12,0,-17.12871742248535,17.370723724365234,89.0
12,1,-13.41104793548584,9.348114013671875,83.0
12,2,-5.75568962097168,4.216150283813477,3.0
12,3,-31.24332618713379,22.74471092224121,46.0
12,4,-3.881805419921875,2.173548460006714,1.0
12,5,-26.83786392211914,87.6171875,1597.0
12,6,-2.454723834991455,1.6338590383529663,2.0
12,7,-13.583983421325684,29.844358444213867,114.0
12,8,-1.262579083442688,1.5232704877853394,2.0
12,9,-12.179840087890625,11.426874160766602,28.0
12,10,-4.838584899902344,11.23790454864502,4.0
12,11,-2.189702272415161,2.0748746395111084,2.0
12,12,-27.560935974121094,21.377225875854492,733.0
12,13,-8.156120300292969,2.771850347518921,4.0
12,14,-15.507617950439453,6.947988986968994,35.0
12,15,-13.735466957092285,960.7684326171875,111.0
12,16,-10.216025352478027,30.12459373474121,24.0
12,17,-13.4231595993042,28.668241500854492,16.0
12,18,-13.12124252319336,5.155970096588135,16.0
12,19,-41.67527770996094,64.55565643310547,10038.0
12,20,-12.08073902130127,4.527148723602295,38.0
12,21,-8.657893180847168,8.710013389587402,8.0
12,22,-49.7857666015625,22.45718002319336,3094.0
12,23,-20.7437744140625,19.363624572753906,10.0
12,24,-16.669950485229492,28.05004119873047,204.0
12,25,-8.229594230651855,5.185772895812988,7.0
12,26,-12.35698413848877,5.843228340148926,8.0
12,27,-19.560218811035156,26.050485610961914,68.0
12,28,-18.120393753051758,7.488564968109131,22.0
12,29,-16.1895809173584,6.042647838592529,6.0
12,30,-4.038265228271484,3.8423664569854736,2.0
12,31,-8.519079208374023,5.494874954223633,17.0
12,32,-18.973661422729492,114.8257064819336,984.0
12,33,-10.07652473449707,5.362449645996094,3.0
12,34,-3.4381048679351807,1.9889781475067139,2.0
12,35,-21.608816146850586,8.67878532409668,22.0
12,36,-17.365388870239258,8.764185905456543,37.0
12,37,-12.888511657714844,6.304199695587158,65.0
12,38,-10.531599044799805,4.501965522766113,8.0
12,39,-6.721461296081543,2.3167901039123535,3.0
12,40,-4.215456962585449,1.3014330863952637,2.0
12,41,-28.39375114440918,57.757320404052734,110.0
12,42,-12.944052696228027,4.213223934173584,4.0
12,43,-28.196735382080078,22.94202995300293,2535.0
12,44,-26.59705924987793,4.7804412841796875,229.0
12,45,-3.2420120239257812,2.9466552734375,3.0
12,46,-3.867067813873291,1.9050557613372803,3.0
12,47,-5.011536598205566,1.8709419965744019,8.0
12,48,-5.421201705932617,1.6369528770446777,2.0
12,49,-2.1129066944122314,1.6959222555160522,2.0
12,50,-5.011536598205566,1.8709419965744019,8.0
12,51,-8.032591819763184,3.150348663330078,16.0
12,52,-15.432374000549316,4.067152500152588,20.0
12,53,-12.767721176147461,6.196349143981934,10.0
12,54,-2.4083609580993652,1.6187790632247925,2.0
12,55,-5.8144612312316895,3.1991724967956543,5.0
12,56,-5.855018615722656,7.0404558181762695,44.0
12,57,-13.772899627685547,9.929234504699707,21.0
12,58,-11.01681137084961,4.825094223022461,6.0
12,59,-16.328350067138672,26.19765853881836,31.0
12,60,-18.852787017822266,14.779707908630371,36.0
12,61,-2.9355220794677734,4.339508533477783,2.0
12,62,-9.281461715698242,6.399963855743408,32.0
12,63,-12.354778289794922,11.83375072479248,11.0
12,64,-27.715320587158203,21.747093200683594,36.0
12,65,-1.5997366905212402,1.2567559480667114,1.0
12,66,-7.392111778259277,2.519382953643799,3.0
12,67,-3.3003623485565186,2.2820873260498047,2.0
12,68,-1.9469515085220337,1.627000093460083,1.0
12,69,-39.202491760253906,8.827892303466797,1676.0
12,70,-6.731656551361084,3.070814371109009,5.0
12,71,-31.862228393554688,34.47545623779297,11292.0
12,72,-17.120288848876953,6.70098352432251,8.0
12,73,-5.176723003387451,2.0949547290802,1.0
12,74,-8.062685012817383,14.695799827575684,33.0
14,0,-16.591209411621094,15.882241249084473,74.0
14,1,-13.001681327819824,8.731584548950195,96.0
14,2,-5.647454261779785,4.103595733642578,3.0
14,3,-29.636960983276367,19.369428634643555,34.0
14,4,-3.563253402709961,2.0393898487091064,1.0
14,5,-25.557632446289062,70.78205108642578,1473.0
14,6,-2.0182642936706543,1.4972840547561646,2.0
14,7,-13.451940536499023,28.875259399414062,103.0
14,8,-1.3754404783248901,1.5816683769226074,2.0
14,9,-11.900070190429688,10.8050537109375,23.0
14,10,-4.321003437042236,8.67548942565918,5.0
14,11,-1.892555594444275,1.8792107105255127,2.0
14,12,-27.332530975341797,20.841537475585938,709.0
14,13,-7.587430953979492,2.581650495529175,4.0
14,14,-14.551630020141602,6.165404796600342,17.0
14,15,-13.718904495239258,952.844970703125,123.0
14,16,-10.040919303894043,28.41659164428711,20.0
14,17,-13.36726188659668,28.270402908325195,15.0
14,18,-12.578588485717773,4.817829608917236,16.0
14,19,-41.37208557128906,62.627750396728516,10478.0
14,20,-10.319344520568848,3.632488965988159,18.0
14,21,-9.110654830932617,9.753865242004395,8.0
14,22,-47.152015686035156,19.04874038696289,2605.0
14,23,-19.716777801513672,16.72128677368164,8.0
14,24,-16.950170516967773,29.66696548461914,154.0
14,25,-7.346566200256348,4.346249580383301,6.0
14,26,-12.084039688110352,5.619773864746094,8.0
14,27,-18.919301986694336,23.411258697509766,57.0
14,28,-17.005701065063477,6.616207599639893,16.0
14,29,-15.068145751953125,5.334730625152588,6.0
14,30,-3.896754503250122,3.6653292179107666,3.0
14,31,-8.034128189086914,4.986955165863037,14.0
14,32,-18.897937774658203,112.67240142822266,902.0
14,33,-10.01447868347168,5.307281494140625,3.0
14,34,-2.6780993938446045,1.7085069417953491,2.0
14,35,-20.360671997070312,7.660423278808594,21.0
14,36,-16.34769630432129,7.717280864715576,27.0
14,37,-11.92923355102539,5.49685525894165,40.0
14,38,-10.081357955932617,4.221514701843262,8.0
14,39,-6.545209884643555,2.266305923461914,3.0
14,40,-3.9837679862976074,1.2827234268188477,2.0
14,41,-27.270557403564453,49.19509506225586,94.0
14,42,-12.14956283569336,3.8572378158569336,3.0
14,43,-27.322092056274414,20.81737518310547,2113.0
14,44,-25.487924575805664,4.478506565093994,165.0
14,45,-3.1687259674072266,2.875544548034668,3.0
14,46,-3.400891065597534,1.7626442909240723,3.0
14,47,-4.406866550445557,1.7347413301467896,6.0
14,48,-4.160438537597656,1.4596863985061646,2.0
14,49,-1.9906013011932373,1.6448519229888916,2.0
14,50,-4.406866550445557,1.7347413301467896,6.0
14,51,-7.9629106521606445,3.1191442012786865,16.0
14,52,-14.355263710021973,3.687777519226074,11.0
14,53,-12.576273918151855,6.029177665710449,10.0
14,54,-2.25191330909729,1.568912386894226,2.0
14,55,-5.737584114074707,3.150360584259033,5.0
14,56,-3.53802227973938,3.2522294521331787,8.0
14,57,-13.244970321655273,9.092909812927246,12.0
14,58,-10.510812759399414,4.488617420196533,6.0
14,59,-16.202686309814453,25.547441482543945,32.0
14,60,-18.527196884155273,14.108004570007324,33.0
14,61,-2.8184010982513428,4.092682361602783,2.0
14,62,-9.236186981201172,6.342274188995361,31.0
14,63,-12.092062950134277,11.228022575378418,9.0
14,64,-27.563777923583984,21.383981704711914,28.0
14,65,-1.337038278579712,1.2104661464691162,1.0
14,66,-7.473315715789795,2.545086145401001,3.0
14,67,-3.0055432319641113,2.1199357509613037,2.0
14,68,-1.710445523262024,1.5335899591445923,1.0
14,69,-38.67410659790039,8.572517395019531,1732.0
14,70,-6.298094272613525,2.856743574142456,5.0
14,71,-31.734039306640625,33.987892150878906,11419.0
14,72,-16.22202491760254,6.064470291137695,6.0
14,73,-5.075900554656982,2.0649967193603516,2.0
14,74,-7.947627067565918,14.142848014831543,31.0
16,0,-16.30365753173828,15.139032363891602,44.0
16,1,-12.917255401611328,8.609582901000977,132.0
16,2,-5.59116268157959,4.046250343322754,3.0
16,3,-28.326210021972656,16.98993682861328,30.0
16,4,-3.1102027893066406,1.8627251386642456,1.0
16,5,-24.602283477783203,60.36324691772461,1455.0
16,6,-1.589566946029663,1.374257206916809,2.0
16,7,-13.402421951293945,28.519996643066406,97.0
16,8,-1.082364559173584,1.4344596862792969,2.0
16,9,-11.449764251708984,9.874470710754395,20.0
16,10,-3.6970646381378174,6.350492477416992,4.0
16,11,-1.3031129837036133,1.5439915657043457,2.0
16,12,-27.10622787475586,20.324012756347656,808.0
16,13,-6.864962577819824,2.3587229251861572,3.0
16,14,-13.251261711120605,5.240451812744141,12.0
16,15,-14.055278778076172,1127.3662109375,157.0
16,16,-10.025352478027344,28.269519805908203,16.0
16,17,-13.989482879638672,33.02849578857422,14.0
16,18,-12.498157501220703,4.76963472366333,19.0
16,19,-41.74439239501953,65.00338745117188,10554.0
16,20,-7.950309753417969,2.7014503479003906,10.0
16,21,-10.44326400756836,13.610153198242188,9.0
16,22,-45.57818603515625,17.26422882080078,2146.0
16,23,-18.466279983520508,13.985766410827637,8.0
16,24,-15.709800720214844,23.149198532104492,105.0
16,25,-6.508695125579834,3.67568302154541,5.0
16,26,-11.872308731079102,5.452335834503174,8.0
16,27,-18.531654357910156,21.9465274810791,52.0
16,28,-16.25301742553711,6.085390090942383,9.0
16,29,-13.995040893554688,4.735108375549316,6.0
16,30,-3.7382616996765137,3.476712703704834,3.0
16,31,-7.4310102462768555,4.4202752113342285,10.0
16,32,-19.09597396850586,118.39109802246094,829.0
16,33,-10.04812240600586,5.337124347686768,3.0
16,34,-2.022265911102295,1.4984828233718872,1.0
16,35,-19.376815795898438,6.942636489868164,21.0
16,36,-15.323387145996094,6.789813041687012,26.0
16,37,-11.16578483581543,4.9288811683654785,26.0
16,38,-9.938226699829102,4.136072158813477,8.0
16,39,-6.161503791809082,2.1601722240448,3.0
16,40,-3.4826042652130127,1.243167757987976,2.0
16,41,-26.27643585205078,42.681968688964844,86.0
16,42,-11.041092872619629,3.4102582931518555,3.0
16,43,-26.762521743774414,19.562480926513672,2029.0
16,44,-24.30941390991211,4.178555011749268,109.0
16,45,-3.097346782684326,2.807933807373047,3.0
16,46,-2.9817771911621094,1.6437214612960815,3.0
16,47,-3.9549355506896973,1.6394600868225098,6.0
16,48,-3.0621724128723145,1.3209872245788574,2.0
16,49,-1.8395379781723022,1.5838910341262817,2.0
16,50,-3.9549355506896973,1.6394600868225098,6.0
16,51,-8.232625961303711,3.2416725158691406,15.0
16,52,-12.965110778808594,3.249972105026245,6.0
16,53,-12.28625774383545,5.784487247467041,10.0
16,54,-2.187934398651123,1.5489648580551147,2.0
16,55,-5.544156551361084,3.0308141708374023,4.0
16,56,-1.675414800643921,1.7479989528656006,2.0
16,57,-12.629301071166992,8.206146240234375,7.0
16,58,-9.843059539794922,4.080222129821777,6.0
16,59,-16.253488540649414,25.808338165283203,34.0
16,60,-18.111961364746094,13.295466423034668,22.0
16,61,-2.7338404655456543,3.9232492446899414,3.0
16,62,-9.267199516296387,6.381734371185303,28.0
16,63,-11.953744888305664,10.921671867370605,10.0
16,64,-27.90122413635254,22.200971603393555,26.0
16,65,-0.9896117448806763,1.151854395866394,1.0
16,66,-7.545350074768066,2.5681064128875732,3.0
16,67,-2.7060444355010986,1.9670031070709229,2.0
16,68,-1.3616257905960083,1.4055187702178955,1.0
16,69,-38.67316436767578,8.572068214416504,1904.0
16,70,-5.961195468902588,2.700758457183838,5.0
16,71,-32.18465805053711,35.732948303222656,11571.0
16,72,-15.613783836364746,5.668161869049072,5.0
16,73,-4.694630146026611,1.9555304050445557,2.0
16,74,-7.858513832092285,13.728922843933105,34.0
18,0,-15.018316268920898,12.21973991394043,34.0
18,1,-12.67916488647461,8.274629592895508,96.0
18,2,-5.446157932281494,3.902195930480957,3.0
18,3,-27.31719970703125,15.359282493591309,26.0
18,4,-3.0045979022979736,1.823795199394226,1.0
18,5,-23.475692749023438,50.02963638305664,1357.0
18,6,-1.4457865953445435,1.3353017568588257,1.0
18,7,-13.210490226745605,27.183837890625,91.0
18,8,-1.1679166555404663,1.4759554862976074,2.0
18,9,-11.829305648803711,10.65320873260498,22.0
18,10,-3.5943245887756348,6.032504558563232,4.0
18,11,-1.4267126321792603,1.6089324951171875,2.0
18,12,-26.687461853027344,19.40001106262207,665.0
18,13,-6.6637492179870605,2.3001370429992676,3.0
18,14,-13.366111755371094,5.316227912902832,10.0
18,15,-13.762535095214844,973.8599853515625,128.0
18,16,-9.878056526184082,26.915048599243164,24.0
18,17,-13.256133079528809,27.49580192565918,12.0
18,18,-11.923807144165039,4.439207553863525,18.0
18,19,-41.03282165527344,60.53865051269531,10448.0
18,20,-7.514573097229004,2.5582454204559326,8.0
18,21,-9.896791458129883,11.872179985046387,8.0
18,22,-43.98091125488281,15.623980522155762,1923.0
18,23,-17.681089401245117,12.501765251159668,4.0
18,24,-14.528219223022461,18.277009963989258,89.0
18,25,-6.1966681480407715,3.4533114433288574,4.0
18,26,-11.666234970092773,5.294163703918457,8.0
18,27,-18.06243324279785,20.295629501342773,46.0
18,28,-15.4879150390625,5.589441776275635,7.0
18,29,-13.240375518798828,4.354251384735107,6.0
18,30,-3.5791778564453125,3.2971527576446533,3.0
18,31,-6.9032979011535645,3.9775240421295166,8.0
18,32,-18.55283546447754,103.35905456542969,715.0
18,33,-9.874261856079102,5.184691905975342,3.0
18,34,-1.8956806659698486,1.461021900177002,1.0
18,35,-18.56712532043457,6.40265417098999,19.0
18,36,-14.182299613952637,5.887241363525391,24.0
18,37,-10.418222427368164,4.429636001586914,14.0
18,38,-9.666539192199707,3.97861647605896,8.0
18,39,-5.8435163497924805,2.0759928226470947,3.0
18,40,-3.168091297149658,1.2189693450927734,2.0
18,41,-26.0847225189209,41.52886962890625,92.0
18,42,-10.190561294555664,3.1027369499206543,3.0
18,43,-26.138599395751953,18.252256393432617,2086.0
18,44,-23.09775161743164,3.8910973072052,92.0
18,45,-2.996433973312378,2.715052604675293,3.0
18,46,-2.3136093616485596,1.4704986810684204,2.0
18,47,-4.082756519317627,1.6658650636672974,6.0
18,48,-2.6050167083740234,1.2672126293182373,1.0
18,49,-1.8803017139434814,1.6001149415969849,2.0
18,50,-4.082756519317627,1.6658650636672974,6.0
18,51,-8.063017845153809,3.164071559906006,15.0
18,52,-12.932939529418945,3.240480899810791,6.0
18,53,-11.970003128051758,5.528963565826416,9.0
18,54,-2.1545515060424805,1.538657546043396,2.0
18,55,-4.977166175842285,2.7058963775634766,4.0
18,56,-2.9866139888763428,2.7061798572540283,5.0
18,57,-11.897439956665039,7.263826370239258,4.0
18,58,-9.42695426940918,3.8447465896606445,6.0
18,59,-16.33953857421875,26.256343841552734,31.0
18,60,-17.443218231201172,12.084073066711426,19.0
18,61,-2.7315502166748047,3.9187591075897217,2.0
18,62,-8.839361190795898,5.858375072479248,21.0
18,63,-11.938316345214844,10.888023376464844,10.0
18,64,-27.364168167114258,20.914928436279297,26.0
18,65,-0.8993731737136841,1.1371008157730103,1.0
18,66,-7.695117950439453,2.6166367530822754,3.0
18,67,-2.6138412952423096,1.9221806526184082,2.0
18,68,-1.390721321105957,1.4157795906066895,1.0
18,69,-39.31520080566406,8.883342742919922,1966.0
18,70,-6.193326950073242,2.8072943687438965,5.0
18,71,-31.93096923828125,34.73978042602539,10727.0
18,72,-15.040262222290039,5.318228244781494,4.0
18,73,-4.6253533363342285,1.9362726211547852,2.0
18,74,-7.8845438957214355,13.848560333251953,34.0
20,0,-14.45273494720459,11.120487213134766,27.0
20,1,-12.637140274047852,8.216875076293945,97.0
20,2,-5.445110321044922,3.9011740684509277,3.0
20,3,-26.319503784179688,13.900856018066406,24.0
20,4,-2.8599400520324707,1.7717857360839844,1.0
20,5,-22.983783721923828,46.09159469604492,1256.0
20,6,-1.2437167167663574,1.2824128866195679,1.0
20,7,-12.848512649536133,24.831876754760742,75.0
20,8,-0.9010967016220093,1.35035240650177,2.0
20,9,-11.728033065795898,10.439602851867676,23.0
20,10,-3.3109424114227295,5.235546112060547,4.0
20,11,-1.266094446182251,1.5250566005706787,2.0
20,12,-25.992595672607422,17.95854949951172,515.0
20,13,-6.197880744934082,2.1700172424316406,3.0
20,14,-13.287044525146484,5.263944149017334,9.0
20,15,-13.784517288208008,984.622802734375,155.0
20,16,-10.015762329101562,28.17929458618164,23.0
20,17,-13.437511444091797,28.771286010742188,12.0
20,18,-11.363824844360352,4.139098644256592,13.0
20,19,-41.26060104370117,61.93342208862305,10217.0
20,20,-6.073174476623535,2.1364524364471436,4.0
20,21,-10.708534240722656,14.543346405029297,9.0
20,22,-42.0865478515625,13.879448890686035,1806.0
20,23,-16.833843231201172,11.07659912109375,5.0
20,24,-14.10757064819336,16.80227279663086,76.0
20,25,-5.92842435836792,3.2729275226593018,3.0
20,26,-11.721392631530762,5.3360443115234375,8.0
20,27,-17.928131103515625,19.846384048461914,39.0
20,28,-15.145454406738281,5.380753040313721,6.0
20,29,-12.631945610046387,4.069619655609131,6.0
20,30,-3.6362860202789307,3.36051869392395,3.0
20,31,-6.447731018066406,3.631138563156128,7.0
20,32,-18.709325790405273,107.48286437988281,674.0
20,33,-9.85614013671875,5.169055938720703,3.0
20,34,-1.767019510269165,1.4239060878753662,2.0
20,35,-17.929370880126953,6.0070695877075195,17.0
20,36,-13.244388580322266,5.2359514236450195,22.0
20,37,-10.015941619873047,4.182247638702393,12.0
20,38,-9.625974655151367,3.95562744140625,7.0
20,39,-5.672727584838867,2.0321431159973145,2.0
20,40,-2.9069368839263916,1.1992346048355103,2.0
20,41,-26.25054168701172,42.524375915527344,110.0
20,42,-9.43824291229248,2.8539204597473145,3.0
20,43,-25.84473419189453,17.66591453552246,1841.0
20,44,-23.140037536621094,3.9007880687713623,76.0
20,45,-3.204695224761963,2.910228967666626,6.0
20,46,-1.748400330543518,1.3382998704910278,1.0
20,47,-4.141805648803711,1.6782065629959106,6.0
20,48,-1.8937060832977295,1.1878620386123657,1.0
20,49,-1.9058068990707397,1.610350251197815,2.0
20,50,-4.141805648803711,1.6782065629959106,6.0
20,51,-8.497361183166504,3.3666181564331055,18.0
20,52,-12.668848037719727,3.163609027862549,6.0
20,53,-11.951709747314453,5.514533519744873,9.0
20,54,-2.1290030479431152,1.5308154821395874,2.0
20,55,-5.073406219482422,2.75848388671875,4.0
20,56,-1.8434518575668335,1.848702311515808,2.0
20,57,-11.166671752929688,6.430883884429932,3.0
20,58,-9.12507438659668,3.6824638843536377,6.0
20,59,-16.479875564575195,27.003734588623047,30.0
20,60,-17.04331398010254,11.413070678710938,18.0
20,61,-2.7082290649414062,3.8733298778533936,4.0
20,62,-8.735636711120605,5.738095283508301,20.0
20,63,-12.074907302856445,11.18956184387207,10.0
20,64,-27.824459075927734,22.012414932250977,24.0
20,65,-0.8331390619277954,1.1263922452926636,1.0
20,66,-7.902035236358643,2.6851978302001953,3.0
20,67,-2.441706418991089,1.8412165641784668,2.0
20,68,-1.1957933902740479,1.3484400510787964,1.0
20,69,-40.061607360839844,9.259451866149902,2095.0
20,70,-6.654411792755127,3.0315334796905518,5.0
20,71,-32.08291244506836,35.33125686645508,9824.0
20,72,-14.509105682373047,5.0134429931640625,4.0
20,73,-4.346777439117432,1.8607287406921387,2.0
20,74,-7.998777866363525,14.386054039001465,34.0
22,0,-14.052977561950684,10.40371322631836,22.0
22,1,-12.886955261230469,8.566214561462402,123.0
22,2,-5.4740118980407715,3.9294638633728027,3.0
22,3,-25.106298446655273,12.312684059143066,19.0
22,4,-2.6801986694335938,1.7092243432998657,1.0
22,5,-22.269607543945312,40.91927719116211,1114.0
22,6,-1.0046294927597046,1.2225341796875,1.0
22,7,-12.681825637817383,23.81835174560547,61.0
22,8,-0.5192211866378784,1.1889537572860718,1.0
22,9,-11.409612655639648,9.79549503326416,21.0
22,10,-2.9740500450134277,4.423914909362793,5.0
22,11,-0.9211903810501099,1.3594272136688232,1.0
22,12,-27.43677520751953,21.084341049194336,635.0
22,13,-5.627127647399902,2.0205929279327393,2.0
22,14,-12.834503173828125,4.974440097808838,7.0
22,15,-14.075933456420898,1139.0692138671875,223.0
22,16,-10.081571578979492,28.804277420043945,19.0
22,17,-13.642377853393555,30.283241271972656,12.0
22,18,-11.167767524719238,4.038894176483154,14.0
22,19,-41.892181396484375,65.97118377685547,10225.0
22,20,-4.123806953430176,1.6744351387023926,1.0
22,21,-12.549665451049805,23.044252395629883,9.0
22,22,-40.11180877685547,12.267924308776855,1557.0
22,23,-15.630349159240723,9.326940536499023,4.0
22,24,-14.564369201660156,18.40962791442871,62.0
22,25,-5.741302490234375,3.1527040004730225,3.0
22,26,-11.850539207458496,5.435405731201172,8.0
22,27,-17.887916564941406,19.713809967041016,36.0
22,28,-14.977237701416016,5.281116485595703,7.0
22,29,-12.144453048706055,3.855048894882202,6.0
22,30,-3.7340805530548096,3.4718704223632812,4.0
22,31,-6.01261568069458,3.3285045623779297,7.0
22,32,-19.082843780517578,118.00310516357422,627.0
22,33,-10.10461139678955,5.38761043548584,3.0
22,34,-1.5482571125030518,1.3629499673843384,2.0
22,35,-16.9122314453125,5.426113605499268,18.0
22,36,-12.406579971313477,4.715346813201904,19.0
22,37,-9.862188339233398,4.091386795043945,13.0
22,38,-10.007633209228516,4.177286624908447,7.0
22,39,-5.42586612701416,1.970393419265747,3.0
22,40,-2.9734203815460205,1.2042280435562134,2.0
22,41,-25.913593292236328,40.52592849731445,126.0
22,42,-8.226278305053711,2.494356632232666,3.0
22,43,-26.6510066986084,19.32158660888672,1771.0
22,44,-24.84154510498047,4.31141996383667,54.0
22,45,-3.6284914016723633,3.3517985343933105,6.0
22,46,-1.331710934638977,1.2485111951828003,1.0
22,47,-4.1156535148620605,1.6727294921875,6.0
22,48,-1.2040396928787231,1.115673303604126,1.0
22,49,-1.9050843715667725,1.610059380531311,2.0
22,50,-4.1156535148620605,1.6727294921875,6.0
22,51,-9.302409172058105,3.7769453525543213,23.0
22,52,-11.935995101928711,2.959707498550415,4.0
22,53,-12.350686073303223,5.837973594665527,10.0
22,54,-2.3171958923339844,1.5895313024520874,2.0
22,55,-5.534451007843018,3.0249369144439697,4.0
22,56,-0.2708238661289215,1.0944747924804688,1.0
22,57,-10.119569778442383,5.401058673858643,3.0
22,58,-8.82211685180664,3.5264878273010254,5.0
22,59,-16.713302612304688,28.294300079345703,29.0
22,60,-17.406982421875,12.02168083190918,17.0
22,61,-2.8719980716705322,4.203842639923096,4.0
22,62,-8.78829288482666,5.798843860626221,19.0
22,63,-12.30679702758789,11.720735549926758,12.0
22,64,-28.132648468017578,22.77924346923828,21.0
22,65,-0.7132517099380493,1.1072651147842407,1.0
22,66,-8.018823623657227,2.7246854305267334,3.0
22,67,-2.227726936340332,1.7453093528747559,2.0
22,68,-0.9143494963645935,1.2568233013153076,1.0
22,69,-41.44206237792969,9.997516632080078,2328.0
22,70,-7.001410484313965,3.2120254039764404,5.0
22,71,-32.57065200805664,37.29880905151367,10065.0
22,72,-13.99400806427002,4.734564781188965,5.0
22,73,-4.142189979553223,1.8071327209472656,2.0
22,74,-8.22049331665039,15.489534378051758,35.0
24,0,-13.621456146240234,9.681750297546387,16.0
24,1,-12.965165138244629,8.678605079650879,121.0
24,2,-5.497056484222412,3.952167272567749,2.0
24,3,-24.042949676513672,11.070622444152832,18.0
24,4,-2.6387274265289307,1.6951063871383667,1.0
24,5,-21.45703125,35.736473083496094,979.0
24,6,-0.8728813529014587,1.1907415390014648,1.0
24,7,-12.74443244934082,24.194082260131836,60.0
24,8,-0.46411794424057007,1.1673146486282349,1.0
24,9,-11.331626892089844,9.643898963928223,21.0
24,10,-2.9161376953125,4.297652244567871,4.0
24,11,-0.7699512243270874,1.292593240737915,1.0
24,12,-28.128986358642578,22.769981384277344,701.0
24,13,-5.349318981170654,1.951629877090454,2.0
24,14,-12.63912582397461,4.854425430297852,7.0
24,15,-14.109648704528809,1158.4339599609375,220.0
24,16,-10.154985427856445,29.517852783203125,21.0
24,17,-13.52139663696289,29.381027221679688,12.0
24,18,-10.860328674316406,3.886624574661255,13.0
24,19,-41.572792053222656,63.897422790527344,10433.0
24,20,-3.3833389282226562,1.5264081954956055,1.0
24,21,-13.191219329833984,27.05318832397461,10.0
24,22,-39.06813430786133,11.493233680725098,1431.0
24,23,-14.757064819335938,8.233014106750488,4.0
24,24,-14.571792602539062,18.43698501586914,48.0
24,25,-5.653295516967773,3.0976974964141846,3.0
24,26,-11.941656112670898,5.506618976593018,8.0
24,27,-17.763641357421875,19.30968475341797,34.0
24,28,-15.031255722045898,5.312909126281738,8.0
24,29,-11.77059555053711,3.6981914043426514,6.0
24,30,-3.8245530128479004,3.5781681537628174,4.0
24,31,-5.736990928649902,3.149986743927002,7.0
24,32,-19.025524139404297,116.3241958618164,570.0
24,33,-10.261690139770508,5.530519485473633,3.0
24,34,-1.3907575607299805,1.3206863403320312,1.0
24,35,-15.964092254638672,4.93527889251709,17.0
24,36,-11.737516403198242,4.337029457092285,19.0
24,37,-9.785472869873047,4.046792984008789,13.0
24,38,-10.006462097167969,4.17658805847168,6.0
24,39,-5.448337554931641,1.9759360551834106,3.0
24,40,-3.1567606925964355,1.2181065082550049,2.0
24,41,-25.76553726196289,39.677772521972656,159.0
24,42,-7.444362640380859,2.2867953777313232,3.0
24,43,-27.83807373046875,22.045740127563477,1943.0
24,44,-24.62803840637207,4.25761079788208,43.0
24,45,-3.8926761150360107,3.6603496074676514,6.0
24,46,-1.2069377899169922,1.2228158712387085,1.0
24,47,-3.982670545578003,1.6451537609100342,5.0
24,48,-0.9523075819015503,1.0904314517974854,1.0
24,49,-1.8807605504989624,1.6002984046936035,2.0
24,50,-3.982670545578003,1.6451537609100342,5.0
24,51,-9.675440788269043,3.9836790561676025,26.0
24,52,-11.664616584777832,2.887582540512085,4.0
24,53,-12.688676834106445,6.126772403717041,12.0
24,54,-2.7733712196350098,1.7413736581802368,2.0
24,55,-5.595492362976074,3.0620923042297363,3.0
24,56,-0.2325989156961441,1.080617904663086,1.0
24,57,-9.343082427978516,4.74542236328125,2.0
24,58,-8.834741592407227,3.532853603363037,5.0
24,59,-16.86336898803711,29.156381607055664,26.0
24,60,-17.980201721191406,13.047547340393066,16.0
24,61,-3.004110097885132,4.490908622741699,4.0
24,62,-8.579716682434082,5.561919212341309,17.0
24,63,-12.307753562927246,11.722976684570312,13.0
24,64,-28.133668899536133,22.781829833984375,18.0
24,65,-0.6140581369400024,1.0916852951049805,1.0
24,66,-8.021272659301758,2.7255196571350098,3.0
24,67,-2.1430461406707764,1.7087490558624268,2.0
24,68,-0.8737674951553345,1.2441366910934448,1.0
24,69,-42.17852020263672,10.415042877197266,2430.0
24,70,-7.114404678344727,3.2730886936187744,5.0
24,71,-32.608184814453125,37.454681396484375,9638.0
24,72,-13.54747200012207,4.505390644073486,5.0
24,73,-4.063986778259277,1.7870559692382812,2.0
24,74,-8.205373764038086,15.411664009094238,33.0
26,0,-13.368640899658203,9.282276153564453,12.0
26,1,-12.993327140808105,8.719435691833496,122.0
26,2,-5.489856719970703,3.9450600147247314,2.0
26,3,-23.259254455566406,10.2361478805542,17.0
26,4,-2.5355448722839355,1.6604838371276855,1.0
26,5,-21.00741195678711,33.1563835144043,905.0
26,6,-0.7706865668296814,1.1666511297225952,1.0
26,7,-12.776350021362305,24.387910842895508,57.0
26,8,-0.5388031005859375,1.1967397928237915,1.0
26,9,-11.25013542175293,9.487994194030762,22.0
26,10,-2.8824965953826904,4.225967884063721,4.0
26,11,-0.7136191129684448,1.2685481309890747,1.0
26,12,-28.685470581054688,24.222318649291992,799.0
26,13,-5.242600440979004,1.925768494606018,2.0
26,14,-12.80056381225586,4.953381538391113,7.0
26,15,-14.047605514526367,1123.049072265625,209.0
26,16,-10.349756240844727,31.497831344604492,23.0
26,17,-13.368757247924805,28.280975341796875,12.0
26,18,-10.526668548583984,3.7278571128845215,12.0
26,19,-41.32145690917969,62.311492919921875,10438.0
26,20,-2.9617347717285156,1.4480485916137695,1.0
26,21,-13.441298484802246,28.798538208007812,9.0
26,22,-38.15771484375,10.857511520385742,1365.0
26,23,-14.181987762451172,7.583678722381592,4.0
26,24,-14.761299133300781,19.14917755126953,47.0
26,25,-5.686029434204102,3.118043899536133,3.0
26,26,-11.964138984680176,5.524333953857422,8.0
26,27,-17.78813362121582,19.388671875,35.0
26,28,-15.315423965454102,5.483336925506592,8.0
26,29,-11.73134994506836,3.682100296020508,6.0
26,30,-3.8919763565063477,3.6594960689544678,4.0
26,31,-5.476637840270996,2.9901621341705322,7.0
26,32,-18.973411560058594,114.81852722167969,540.0
26,33,-10.34947395324707,5.612029075622559,3.0
26,34,-1.2616955041885376,1.2870324850082397,1.0
26,35,-15.182437896728516,4.564202308654785,14.0
26,36,-11.427845001220703,4.1723551750183105,17.0
26,37,-9.471542358398438,3.8693151473999023,14.0
26,38,-9.916460990905762,4.123231887817383,6.0
26,39,-5.299461364746094,1.939504623413086,3.0
26,40,-3.3422317504882812,1.2323088645935059,2.0
26,41,-25.47964096069336,38.08987808227539,156.0
26,42,-6.999361991882324,2.1764755249023438,3.0
26,43,-28.48819351196289,23.6971492767334,2039.0
26,44,-24.595401763916016,4.249444961547852,42.0
26,45,-4.0043463706970215,3.799168109893799,6.0
26,46,-1.1693826913833618,1.2151859998703003,1.0
26,47,-3.82814621925354,1.6136815547943115,3.0
26,48,-0.846504807472229,1.079993486404419,1.0
26,49,-1.8545866012573242,1.5898611545562744,2.0
26,50,-3.82814621925354,1.6136815547943115,3.0
26,51,-9.887961387634277,4.106479167938232,25.0
26,52,-11.549895286560059,2.857624053955078,4.0
26,53,-12.945671081542969,6.355887413024902,11.0
26,54,-3.357562303543091,1.9571952819824219,2.0
26,55,-5.4410810470581055,2.968973159790039,3.0
26,56,-0.38925066590309143,1.138543963432312,1.0
26,57,-8.706238746643066,4.267549514770508,2.0
26,58,-9.076916694641113,3.6572165489196777,6.0
26,59,-17.297910690307617,31.803682327270508,27.0
26,60,-18.262619018554688,13.584720611572266,17.0
26,61,-3.0642220973968506,4.627936363220215,4.0
26,62,-8.384174346923828,5.348599910736084,17.0
26,63,-12.323816299438477,11.760696411132812,13.0
26,64,-28.21703338623047,22.993833541870117,16.0
26,65,-0.5427406430244446,1.0806193351745605,1.0
26,66,-8.021812438964844,2.725703477859497,3.0
26,67,-2.017775058746338,1.6560641527175903,2.0
26,68,-0.8223724365234375,1.2282533645629883,1.0
26,69,-42.76093292236328,10.757546424865723,2587.0
26,70,-7.087342739105225,3.258358955383301,5.0
26,71,-32.638389587402344,37.580589294433594,10088.0
26,72,-13.280599594116211,4.373755931854248,5.0
26,73,-3.8762292861938477,1.7397598028182983,2.0
26,74,-8.189281463623047,15.329214096069336,30.0
28,0,-13.753947257995605,9.897919654846191,14.0
28,1,-12.983075141906738,8.704549789428711,127.0
28,2,-5.536092758178711,3.9909255504608154,2.0
28,3,-22.7772216796875,9.754435539245605,14.0
28,4,-2.450289726257324,1.6324106454849243,1.0
28,5,-20.976665496826172,32.98691177368164,892.0
28,6,-0.6348059773445129,1.1353729963302612,1.0
28,7,-12.696798324584961,23.907676696777344,51.0
28,8,-0.46953901648521423,1.1694259643554688,1.0
28,9,-10.884223937988281,8.818438529968262,20.0
28,10,-2.897477865219116,4.257741928100586,4.0
28,11,-0.5910773277282715,1.2177754640579224,1.0
28,12,-29.932815551757812,27.823148727416992,955.0
28,13,-4.941838264465332,1.8547126054763794,2.0
28,14,-12.614290237426758,4.839378356933594,5.0
28,15,-14.299662590026855,1273.8909912109375,247.0
28,16,-10.490472793579102,33.01045227050781,28.0
28,17,-13.694177627563477,30.677959442138672,12.0
28,18,-10.324846267700195,3.6349878311157227,11.0
28,19,-42.10512924194336,67.39111328125,10569.0
28,20,-2.554137945175171,1.3761190176010132,1.0
28,21,-14.55309009552002,38.026092529296875,10.0
28,22,-37.5383415222168,10.445239067077637,1470.0
28,23,-13.541475296020508,6.920559406280518,7.0
28,24,-15.334304809570312,21.47438621520996,50.0
28,25,-5.856388092041016,3.226111888885498,4.0
28,26,-12.247188568115234,5.752292156219482,8.0
28,27,-17.97512435913086,20.002437591552734,35.0
28,28,-15.965879440307617,5.894305229187012,9.0
28,29,-11.86041259765625,3.735283136367798,6.0
28,30,-4.074670791625977,3.889277935028076,4.0
28,31,-5.291960716247559,2.8817341327667236,7.0
28,32,-19.45926284790039,129.6470489501953,570.0
28,33,-10.455474853515625,5.712056636810303,3.0
28,34,-1.055801272392273,1.2351102828979492,1.0
28,35,-14.715645790100098,4.356044769287109,16.0
28,36,-11.097421646118164,4.00353479385376,15.0
28,37,-9.22894287109375,3.7375128269195557,13.0
28,38,-10.208038330078125,4.29860782623291,6.0
28,39,-5.323272705078125,1.9452861547470093,3.0
28,40,-3.484079360961914,1.2432823181152344,2.0
28,41,-25.728755950927734,39.46983337402344,183.0
28,42,-6.445834159851074,2.0466489791870117,2.0
28,43,-29.70660400390625,27.13254165649414,2567.0
28,44,-26.06572723388672,4.633340835571289,52.0
28,45,-4.517301082611084,4.507609844207764,6.0
28,46,-0.9351441860198975,1.1686594486236572,1.0
28,47,-3.8178489208221436,1.6116058826446533,4.0
28,48,-0.6011625528335571,1.0561721324920654,1.0
28,49,-1.7036387920379639,1.530982494354248,2.0
28,50,-3.8178489208221436,1.6116058826446533,4.0
28,51,-10.413281440734863,4.426510810852051,25.0
28,52,-11.486284255981445,2.841146469116211,4.0
28,53,-13.905458450317383,7.289931297302246,13.0
28,54,-3.7085976600646973,2.0995426177978516,2.0
28,55,-6.063470363616943,3.3625311851501465,3.0
28,56,-0.4905100464820862,1.1776292324066162,1.0
28,57,-8.002768516540527,3.7954185009002686,2.0
28,58,-9.554000854492188,3.9151642322540283,6.0
28,59,-17.838096618652344,35.4321403503418,26.0
28,60,-18.859115600585938,14.79307746887207,17.0
28,61,-3.1054067611694336,4.724224090576172,4.0
28,62,-8.348559379577637,5.3106369972229,16.0
28,63,-12.52017593383789,12.231752395629883,14.0
28,64,-29.61368179321289,26.85384750366211,16.0
28,65,-0.5887699723243713,1.0877485275268555,1.0
28,66,-8.217605590820312,2.7932357788085938,3.0
28,67,-1.8023338317871094,1.5692274570465088,2.0
28,68,-0.6518048644065857,1.1769793033599854,1.0
28,69,-43.824832916259766,11.412542343139648,2693.0
28,70,-7.1869964599609375,3.3129289150238037,5.0
28,71,-33.04378890991211,39.312095642089844,10429.0
28,72,-13.381277084350586,4.422957420349121,5.0
28,73,-3.6125717163085938,1.6754498481750488,2.0
28,74,-8.277068138122559,15.784409523010254,31.0
30,0,-13.741124153137207,9.876788139343262,13.0
30,1,-12.809266090393066,8.456011772155762,125.0
30,2,-5.461792469024658,3.917478084564209,2.0
30,3,-22.632057189941406,9.613859176635742,15.0
30,4,-2.414490222930908,1.6207647323608398,2.0
30,5,-20.83820152282715,32.2343864440918,856.0
30,6,-0.6227765679359436,1.1326446533203125,1.0
30,7,-12.662026405334473,23.700748443603516,50.0
30,8,-0.398874968290329,1.142202377319336,1.0
30,9,-11.006421089172363,9.03661060333252,21.0
30,10,-2.9278929233551025,4.322986602783203,4.0
30,11,-0.6586962342262268,1.2455352544784546,1.0
30,12,-30.300800323486328,28.98433494567871,1035.0
30,13,-4.851547718048096,1.8338974714279175,2.0
30,14,-12.794824600219727,4.9498291015625,6.0
30,15,-14.21415901184082,1220.57763671875,260.0
30,16,-10.474775314331055,32.83817672729492,28.0
30,17,-13.597867965698242,29.94813346862793,12.0
30,18,-10.251823425292969,3.601959228515625,11.0
30,19,-42.42772674560547,69.60055541992188,10795.0
30,20,-2.4992969036102295,1.36671781539917,1.0
30,21,-14.862638473510742,41.08567810058594,8.0
30,22,-37.31910705566406,10.303093910217285,1511.0
30,23,-13.373647689819336,6.756608963012695,7.0
30,24,-15.144667625427246,20.675172805786133,56.0
30,25,-5.93540620803833,3.277500867843628,4.0
30,26,-12.289196014404297,5.786915302276611,8.0
30,27,-17.951406478881836,19.92352294921875,35.0
30,28,-16.101940155029297,5.984091281890869,8.0
30,29,-11.859801292419434,3.735029458999634,6.0
30,30,-4.105751037597656,3.9297807216644287,4.0
30,31,-5.215266227722168,2.8378684520721436,7.0
30,32,-19.360275268554688,126.47805786132812,582.0
30,33,-10.506256103515625,5.76060676574707,3.0
30,34,-1.072983741760254,1.2393620014190674,1.0
30,35,-14.557594299316406,4.28773832321167,17.0
30,36,-10.96910572052002,3.9398324489593506,15.0
30,37,-9.0586576461792,3.6476895809173584,12.0
30,38,-10.289968490600586,4.349215984344482,6.0
30,39,-5.300869464874268,1.9398462772369385,3.0
30,40,-3.876427173614502,1.2741466760635376,2.0
30,41,-25.76527214050293,39.67626953125,186.0
30,42,-6.292466163635254,2.0120677947998047,2.0
30,43,-29.96187400817871,27.91312599182129,2755.0
30,44,-27.1468505859375,4.937571048736572,65.0
30,45,-4.721555233001709,4.825197696685791,7.0
30,46,-0.8996307849884033,1.1617627143859863,1.0
30,47,-3.889629602432251,1.626131296157837,4.0
30,48,-0.5961329936981201,1.0556892156600952,1.0
30,49,-1.7076866626739502,1.5325325727462769,2.0
30,50,-3.889629602432251,1.626131296157837,4.0
30,51,-10.472698211669922,4.464242935180664,26.0
30,52,-11.460570335388184,2.83451247215271,4.0
30,53,-13.850983619689941,7.233420372009277,13.0
30,54,-3.75034761428833,2.117147207260132,2.0
30,55,-6.121459007263184,3.4017560482025146,3.0
30,56,-0.3887729346752167,1.1383626461029053,1.0
30,57,-7.842184066772461,3.6951849460601807,2.0
30,58,-9.488704681396484,3.878812789916992,6.0
30,59,-18.082237243652344,37.20515823364258,27.0
30,60,-18.695999145507812,14.452348709106445,17.0
30,61,-3.124575138092041,4.76971960067749,5.0
30,62,-8.157787322998047,5.111830234527588,14.0
30,63,-12.596925735473633,12.4209566116333,14.0
30,64,-29.60730743408203,26.83483123779297,16.0
30,65,-0.601729154586792,1.08976411819458,1.0
30,66,-8.27417278289795,2.813056468963623,3.0
30,67,-1.7613961696624756,1.5532492399215698,2.0
30,68,-0.6519227027893066,1.1770139932632446,1.0
30,69,-43.74489212036133,11.361970901489258,2591.0
30,70,-7.241077423095703,3.3429253101348877,5.0
30,71,-33.08191680908203,39.47898864746094,9829.0
30,72,-13.266998291015625,4.367151737213135,5.0
30,73,-3.602588176727295,1.6730619668960571,2.0
30,74,-8.369744300842285,16.279634475708008,31.0
32,0,-13.370382308959961,9.284971237182617,12.0
32,1,-12.890676498413086,8.571529388427734,116.0
32,2,-5.390962600708008,3.8487203121185303,2.0
32,3,-22.644824981689453,9.626141548156738,17.0
32,4,-2.4186694622039795,1.6221200227737427,1.0
32,5,-20.705242156982422,31.527923583984375,865.0
32,6,-0.6704220771789551,1.1434893608093262,1.0
32,7,-12.616281509399414,23.431243896484375,52.0
32,8,-0.4798561632633209,1.1734546422958374,1.0
32,9,-11.327105522155762,9.635181427001953,25.0
32,10,-3.0250847339630127,4.538254261016846,5.0
32,11,-0.8497294783592224,1.327427864074707,1.0
32,12,-29.474958419799805,26.443103790283203,951.0
32,13,-4.859222412109375,1.8356577157974243,2.0
32,14,-13.164640426635742,5.184016227722168,7.0
32,15,-14.106860160827637,1156.81982421875,257.0
32,16,-10.382888793945312,31.847631454467773,28.0
32,17,-13.303044319152832,27.82016372680664,11.0
32,18,-9.88375473022461,3.439992666244507,11.0
32,19,-41.684593200683594,64.61582946777344,10924.0
32,20,-2.5265047550201416,1.3713738918304443,1.0
32,21,-14.640793800354004,38.869056701660156,8.0
32,22,-37.2189826965332,10.23882007598877,1471.0
32,23,-13.748479843139648,7.128269672393799,8.0
32,24,-14.596622467041016,18.528766632080078,58.0
32,25,-5.96522331237793,3.2971043586730957,4.0
32,26,-12.220647811889648,5.730523586273193,8.0
32,27,-17.786222457885742,19.382497787475586,34.0
32,28,-15.499802589416504,5.596829414367676,8.0
32,29,-11.647039413452148,3.647768259048462,6.0
32,30,-4.0998358726501465,3.9220399856567383,4.0
32,31,-5.354987144470215,2.9182889461517334,7.0
32,32,-18.881893157958984,112.22135925292969,545.0
32,33,-10.454972267150879,5.711578845977783,3.0
32,34,-1.2645208835601807,1.2877599000930786,1.0
32,35,-14.567436218261719,4.291960716247559,16.0
32,36,-10.994429588317871,3.9523236751556396,15.0
32,37,-9.25738525390625,3.752730131149292,12.0
32,38,-9.965437889099121,4.152182102203369,6.0
32,39,-5.473347187042236,1.9821228981018066,3.0
32,40,-4.205471992492676,1.3006211519241333,2.0
32,41,-25.74616050720215,39.568084716796875,193.0
32,42,-6.43653678894043,2.0445358753204346,2.0
32,43,-29.8719482421875,27.635616302490234,2665.0
32,44,-26.59134864807129,4.778835773468018,51.0
32,45,-4.573814392089844,4.59332799911499,7.0
32,46,-0.9318752884864807,1.1680229902267456,1.0
32,47,-3.9008567333221436,1.6284148693084717,4.0
32,48,-0.6616911888122559,1.061999797821045,1.0
32,49,-1.8228384256362915,1.5772923231124878,2.0
32,50,-3.9008567333221436,1.6284148693084717,4.0
32,51,-10.139053344726562,4.256453037261963,25.0
32,52,-11.577007293701172,2.864675760269165,4.0
32,53,-13.482059478759766,6.86206579208374,11.0
32,54,-3.4234447479248047,1.9831547737121582,2.0
32,55,-5.819060325622559,3.2021164894104004,3.0
32,56,-0.5857527256011963,1.21561598777771,1.0
32,57,-8.009531021118164,3.799698829650879,2.0
32,58,-9.370077133178711,3.813633441925049,6.0
32,59,-17.811307907104492,35.24281311035156,27.0
32,60,-18.43180274963379,13.917048454284668,17.0
32,61,-3.1484391689300537,4.826972961425781,4.0
32,62,-7.9166646003723145,4.871163845062256,13.0
32,63,-12.490192413330078,12.158622741699219,14.0
32,64,-28.6309814453125,24.076108932495117,16.0
32,65,-0.6429654359817505,1.0962028503417969,1.0
32,66,-8.287623405456543,2.8177900314331055,3.0
32,67,-1.866882562637329,1.5947558879852295,2.0
32,68,-0.7736315131187439,1.213377594947815,1.0
32,69,-43.18795394897461,11.015802383422852,2739.0
32,70,-7.318689346313477,3.3864476680755615,5.0
32,71,-32.84839630126953,38.46780776977539,10023.0
32,72,-12.968935012817383,4.224888324737549,4.0
32,73,-3.5394163131713867,1.6580313444137573,2.0
32,74,-8.447339057922363,16.706195831298828,32.0
34,0,-13.10778522491455,8.887367248535156,11.0
34,1,-12.817556381225586,8.467703819274902,117.0
34,2,-5.354381561279297,3.813683032989502,2.0
34,3,-22.44377899169922,9.43454360961914,16.0
34,4,-2.4330482482910156,1.6267914772033691,1.0
34,5,-20.628387451171875,31.126657485961914,855.0
34,6,-0.6621570587158203,1.1416006088256836,1.0
34,7,-12.628238677978516,23.501392364501953,51.0
34,8,-0.43353331089019775,1.1554745435714722,1.0
34,9,-11.21225643157959,9.41638469696045,24.0
34,10,-2.9555039405822754,4.383080959320068,5.0
34,11,-0.9036738276481628,1.3515129089355469,1.0
34,12,-29.800983428955078,27.418567657470703,1037.0
34,13,-4.8303914070129395,1.8290541172027588,2.0
34,14,-13.143589973449707,5.170393466949463,7.0
34,15,-14.084432601928711,1143.9200439453125,265.0
34,16,-10.38232135772705,31.841602325439453,28.0
34,17,-13.125243186950684,26.610631942749023,10.0
34,18,-9.640913963317871,3.3371403217315674,10.0
34,19,-41.580650329589844,63.947654724121094,11018.0
34,20,-2.4738829135894775,1.3623830080032349,1.0
34,21,-14.470691680908203,37.25078201293945,8.0
34,22,-37.0250244140625,10.115449905395508,1423.0
34,23,-13.791753768920898,7.172473430633545,8.0
34,24,-14.507242202758789,18.200490951538086,71.0
34,25,-6.024106502532959,3.336162805557251,4.0
34,26,-12.297780990600586,5.794017314910889,9.0
34,27,-17.81804847717285,19.48558235168457,34.0
34,28,-15.483406066894531,5.586641788482666,8.0
34,29,-11.71052074432373,3.673588275909424,6.0
34,30,-4.063825607299805,3.8752434253692627,4.0
34,31,-5.291933536529541,2.881718158721924,7.0
34,32,-18.646556854248047,105.80938720703125,517.0
34,33,-10.40967845916748,5.668623924255371,3.0
34,34,-1.294124960899353,1.2954070568084717,1.0
34,35,-14.43356704711914,4.234887599945068,16.0
34,36,-10.888294219970703,3.9002346992492676,15.0
34,37,-9.067680358886719,3.6523940563201904,12.0
34,38,-9.811891555786133,4.062094688415527,6.0
34,39,-5.436203479766846,1.972941279411316,3.0
34,40,-4.527640342712402,1.3270752429962158,2.0
34,41,-25.382421493530273,37.56452941894531,186.0
34,42,-6.418827056884766,2.0405166149139404,2.0
34,43,-30.109790802001953,28.37567901611328,2920.0
34,44,-27.011476516723633,4.89840841293335,53.0
34,45,-4.555923938751221,4.5660176277160645,7.0
34,46,-0.9121373891830444,1.164186954498291,1.0
34,47,-3.9480481147766113,1.6380492448806763,5.0
34,48,-0.6851189136505127,1.064264178276062,1.0
34,49,-1.8344032764434814,1.5818591117858887,2.0
34,50,-3.9480481147766113,1.6380492448806763,5.0
34,51,-10.163569450378418,4.271386623382568,24.0
34,52,-11.470918655395508,2.8371806144714355,4.0
34,53,-13.423660278320312,6.805055141448975,11.0
34,54,-3.3457958698272705,1.9525948762893677,2.0
34,55,-5.724973678588867,3.1424245834350586,3.0
34,56,-0.6451740860939026,1.239933967590332,1.0
34,57,-7.950566291809082,3.762540102005005,2.0
34,58,-9.339550018310547,3.7970385551452637,6.0
34,59,-17.748458862304688,34.80258560180664,26.0
34,60,-18.43636703491211,13.926126480102539,19.0
34,61,-3.0705482959747314,4.6425981521606445,4.0
34,62,-7.818085670471191,4.776065826416016,12.0
34,63,-12.394261360168457,11.927567481994629,14.0
34,64,-28.484024047851562,23.686172485351562,15.0
34,65,-0.6453011631965637,1.0965685844421387,1.0
34,66,-8.295778274536133,2.8206639289855957,3.0
34,67,-1.8512908220291138,1.588551640510559,1.0
34,68,-0.8031759858131409,1.2223728895187378,1.0
34,69,-43.17265319824219,11.006441116333008,2649.0
34,70,-7.275408744812012,3.362107992172241,5.0
34,71,-32.71833801269531,37.915916442871094,9751.0
34,72,-12.932554244995117,4.207844257354736,4.0
34,73,-3.4995906352996826,1.6486248970031738,2.0
34,74,-8.463691711425781,16.797510147094727,32.0
36,0,-13.415566444396973,9.355156898498535,11.0
36,1,-12.789020538330078,8.427526473999023,121.0
36,2,-5.4063615798950195,3.86356520652771,2.0
36,3,-22.22024917602539,9.225994110107422,14.0
36,4,-2.360239028930664,1.6032739877700806,2.0
36,5,-20.47857093811035,30.359067916870117,857.0
36,6,-0.6084375381469727,1.1294010877609253,1.0
36,7,-12.729063034057617,24.101299285888672,52.0
36,8,-0.3347480595111847,1.1180461645126343,1.0
36,9,-10.968384742736816,8.968128204345703,24.0
36,10,-2.848081111907959,4.153870582580566,4.0
36,11,-0.7814968228340149,1.2975773811340332,1.0
36,12,-30.377700805664062,29.233057022094727,1146.0
36,13,-4.7033891677856445,1.8002465963363647,2.0
36,14,-12.964363098144531,5.05584716796875,7.0
36,15,-14.119121551513672,1163.933837890625,284.0
36,16,-10.417780876159668,32.22019958496094,29.0
36,17,-13.374015808105469,28.318178176879883,11.0
36,18,-9.533859252929688,3.292780637741089,10.0
36,19,-42.35346984863281,69.08563232421875,11303.0
36,20,-2.356069803237915,1.3424667119979858,1.0
36,21,-14.728479385375977,39.73052978515625,7.0
36,22,-36.76392364501953,9.9517183303833,1386.0
36,23,-13.566715240478516,6.945557117462158,10.0
36,24,-14.747329711914062,19.095752716064453,79.0
36,25,-6.049222946166992,3.35296368598938,4.0
36,26,-12.455381393432617,5.925944805145264,9.0
36,27,-17.768882751464844,19.326560974121094,33.0
36,28,-16.065452575683594,5.9598798751831055,8.0
36,29,-11.81729507446289,3.717430591583252,6.0
36,30,-4.117488384246826,3.945186138153076,4.0
36,31,-5.166603088378906,2.810382604598999,6.0
36,32,-18.81157875061035,110.26589965820312,533.0
36,33,-10.424046516418457,5.682214736938477,3.0
36,34,-1.160129189491272,1.2611522674560547,1.0
36,35,-14.316102981567383,4.185433864593506,17.0
36,36,-10.746374130249023,3.8316547870635986,15.0
36,37,-9.063311576843262,3.650115489959717,12.0
36,38,-9.961150169372559,4.149639129638672,6.0
36,39,-5.260361671447754,1.9300485849380493,3.0
36,40,-4.536380767822266,1.3278003931045532,2.0
36,41,-25.39746856689453,37.64536666870117,192.0
36,42,-6.176429271697998,1.9862927198410034,2.0
36,43,-30.568401336669922,29.85908317565918,3485.0
36,44,-28.26125717163086,5.272090435028076,71.0
36,45,-4.8552021980285645,5.045015335083008,8.0
36,46,-0.8249119520187378,1.1473848819732666,1.0
36,47,-3.9729175567626953,1.6431493759155273,5.0
36,48,-0.6048277616500854,1.0565240383148193,1.0
36,49,-1.8035774230957031,1.5697154998779297,2.0
36,50,-3.9729175567626953,1.6431493759155273,5.0
36,51,-10.417984962463379,4.42948579788208,25.0
36,52,-11.435402870178223,2.8280351161956787,4.0
36,53,-13.845718383789062,7.2279815673828125,12.0
36,54,-3.5872185230255127,2.0491881370544434,2.0
36,55,-5.9290571212768555,3.273341655731201,3.0
36,56,-0.4672508239746094,1.168534278869629,1.0
36,57,-7.685915946960449,3.6001875400543213,2.0
36,58,-9.395059585571289,3.827268600463867,6.0
36,59,-17.888261795043945,35.789424896240234,26.0
36,60,-18.618261337280273,14.292739868164062,18.0
36,61,-3.095503568649292,4.700889587402344,4.0
36,62,-7.8413896560668945,4.798377990722656,12.0
36,63,-12.471258163452148,12.112666130065918,15.0
36,64,-28.981182098388672,25.031408309936523,15.0
36,65,-0.6601125001907349,1.098891258239746,1.0
36,66,-8.432720184326172,2.8693628311157227,3.0
36,67,-1.7845075130462646,1.5622496604919434,1.0
36,68,-0.7307964563369751,1.2004531621932983,1.0
36,69,-43.60353469848633,11.273092269897461,2669.0
36,70,-7.207533836364746,3.3242886066436768,5.0
36,71,-32.92119216918945,38.78022003173828,9737.0
36,72,-12.881589889526367,4.184083938598633,4.0
36,73,-3.353095054626465,1.614480972290039,2.0
36,74,-8.443751335144043,16.686229705810547,31.0
38,0,-13.322468757629395,9.21112060546875,11.0
38,1,-12.834390640258789,8.491495132446289,122.0
38,2,-5.327877998352051,3.78849720954895,2.0
38,3,-22.238208770751953,9.242578506469727,14.0
38,4,-2.3031888008117676,1.5850845575332642,2.0
38,5,-20.568317413330078,30.81658172607422,860.0
38,6,-0.5858675241470337,1.124314546585083,1.0
38,7,-12.682633399963379,23.823162078857422,50.0
38,8,-0.2782950699329376,1.0972038507461548,1.0
38,9,-10.925573348999023,8.891668319702148,25.0
38,10,-2.819260597229004,4.0944414138793945,4.0
38,11,-0.7613929510116577,1.288910984992981,1.0
38,12,-30.93043327331543,31.084671020507812,1196.0
38,13,-4.657747268676758,1.7900049686431885,2.0
38,14,-12.884182929992676,5.005427837371826,7.0
38,15,-14.149625778198242,1181.822265625,266.0
38,16,-10.3926420211792,31.951337814331055,29.0
38,17,-13.205209732055664,27.147974014282227,10.0
38,18,-9.406661987304688,3.2408406734466553,10.0
38,19,-42.59065628051758,70.74385070800781,11325.0
38,20,-2.3096730709075928,1.3347034454345703,1.0
38,21,-14.699092864990234,39.43971252441406,7.0
38,22,-36.75845718383789,9.948318481445312,1363.0
38,23,-13.500553131103516,6.880218982696533,10.0
38,24,-14.834094047546387,19.430011749267578,76.0
38,25,-6.096860408782959,3.385061502456665,4.0
38,26,-12.348163604736328,5.835870742797852,8.0
38,27,-17.84164810180664,19.562374114990234,33.0
38,28,-16.209922790527344,6.056321144104004,8.0
38,29,-11.930152893066406,3.7643396854400635,6.0
38,30,-4.02666711807251,3.827540159225464,4.0
38,31,-5.056831359863281,2.749354839324951,6.0
38,32,-18.856666564941406,111.51583862304688,536.0
38,33,-10.409712791442871,5.668656349182129,3.0
38,34,-1.0815056562423706,1.2414761781692505,1.0
38,35,-14.261640548706055,4.162700653076172,17.0
38,36,-10.657695770263672,3.7894160747528076,15.0
38,37,-8.985270500183105,3.609647512435913,12.0
38,38,-9.975430488586426,4.158113479614258,6.0
38,39,-5.203583717346191,1.9163991212844849,3.0
38,40,-4.31601619720459,1.309638261795044,2.0
38,41,-25.41537857055664,37.74180221557617,182.0
38,42,-5.9713945388793945,1.9415531158447266,2.0
38,43,-30.581449508666992,29.902400970458984,3667.0
38,44,-28.458736419677734,5.333690166473389,69.0
38,45,-4.778166770935059,4.917116641998291,7.0
38,46,-0.7688557505607605,1.1367151737213135,1.0
38,47,-3.9904351234436035,1.6467512845993042,5.0
38,48,-0.5544067025184631,1.0516923666000366,1.0
38,49,-1.7541167736053467,1.5504251718521118,2.0
38,50,-3.9904351234436035,1.6467512845993042,5.0
38,51,-10.339542388916016,4.380125522613525,25.0
38,52,-11.386617660522461,2.8155202865600586,4.0
38,53,-13.850465774536133,7.232884883880615,12.0
38,54,-3.662522077560425,2.0802841186523438,2.0
38,55,-6.007051944732666,3.324802875518799,4.0
38,56,-0.4442068040370941,1.159592866897583,1.0
38,57,-7.633880138397217,3.5690996646881104,2.0
38,58,-9.341265678405762,3.797969341278076,6.0
38,59,-17.962947845458984,36.32802963256836,26.0
38,60,-18.700359344482422,14.461356163024902,18.0
38,61,-3.052074432373047,4.599912166595459,4.0
38,62,-7.835676193237305,4.792897701263428,13.0
38,63,-12.400196075439453,11.941731452941895,14.0
38,64,-29.324138641357422,26.0036678314209,15.0
38,65,-0.619175910949707,1.092483639717102,1.0
38,66,-8.585840225219727,2.924811363220215,3.0
38,67,-1.7438013553619385,1.5464318990707397,1.0
38,68,-0.6987676620483398,1.1908793449401855,1.0
38,69,-43.790199279785156,11.390604972839355,2673.0
38,70,-7.153807640075684,3.294654369354248,4.0
38,71,-32.98781204223633,39.06834411621094,9847.0
38,72,-12.899394989013672,4.1923699378967285,5.0
38,73,-3.2876927852630615,1.5994669198989868,2.0
38,74,-8.454591751098633,16.746633529663086,32.0
40,0,-13.182766914367676,8.999129295349121,12.0
40,1,-12.720423698425293,8.331727027893066,114.0
40,2,-5.3563432693481445,3.815553665161133,2.0
40,3,-22.424789428710938,9.416645050048828,14.0
40,4,-2.2807564735412598,1.577989101409912,1.0
40,5,-20.708728790283203,31.546255111694336,897.0
40,6,-0.6019281148910522,1.1279317140579224,1.0
40,7,-12.706790924072266,23.96747589111328,51.0
40,8,-0.31858280301094055,1.1120378971099854,1.0
40,9,-10.976524353027344,8.982739448547363,25.0
40,10,-2.870677947998047,4.201068878173828,4.0
40,11,-0.8301543593406677,1.31879460811615,1.0
40,12,-30.235363006591797,28.77435874938965,1062.0
40,13,-4.771543502807617,1.8156489133834839,2.0
40,14,-12.810237884521484,4.959374904632568,7.0
40,15,-14.081122398376465,1142.0283203125,259.0
40,16,-10.242652893066406,30.393163681030273,28.0
40,17,-13.14610767364502,26.749797821044922,10.0
40,18,-9.262182235717773,3.1828365325927734,10.0
40,19,-42.52397155761719,70.2736587524414,11191.0
40,20,-2.30173659324646,1.3333799839019775,1.0
40,21,-14.50493049621582,37.571006774902344,7.0
40,22,-36.85255432128906,10.006998062133789,1516.0
40,23,-13.511384963989258,6.890873432159424,10.0
40,24,-14.851932525634766,19.499454498291016,66.0
40,25,-6.067477703094482,3.365227460861206,4.0
40,26,-12.233725547790527,5.741239547729492,8.0
40,27,-17.77288818359375,19.339468002319336,32.0
40,28,-16.236400604248047,6.074164867401123,8.0
40,29,-11.887036323547363,3.746349334716797,6.0
40,30,-3.9936158657073975,3.7856030464172363,4.0
40,31,-5.087284088134766,2.766150712966919,6.0
40,32,-18.757871627807617,108.79527282714844,529.0
40,33,-10.298100471496582,5.564182281494141,3.0
40,34,-1.1136116981506348,1.2494736909866333,1.0
40,35,-14.15420150756836,4.118216514587402,16.0
40,36,-10.735301971435547,3.826355218887329,15.0
40,37,-8.807137489318848,3.518949508666992,12.0
40,38,-9.952677726745605,4.144619941711426,6.0
40,39,-5.050187587738037,1.8800030946731567,3.0
40,40,-4.150702953338623,1.2961766719818115,2.0
40,41,-25.003955841064453,35.58747100830078,164.0
40,42,-6.0009355545043945,1.9479364156723022,2.0
40,43,-30.321348190307617,29.05058479309082,3472.0
40,44,-28.151885986328125,5.238280296325684,59.0
40,45,-4.675567150115967,4.751794815063477,7.0
40,46,-0.799296498298645,1.1424968242645264,1.0
40,47,-4.032865524291992,1.6555083990097046,5.0
40,48,-0.5585337281227112,1.0520869493484497,1.0
40,49,-1.6981827020645142,1.5288957357406616,2.0
40,50,-4.032865524291992,1.6555083990097046,5.0
40,51,-10.29335880279541,4.351322650909424,24.0
40,52,-11.31641960144043,2.797609806060791,4.0
40,53,-13.64161205291748,7.020270824432373,11.0
40,54,-3.730259656906128,2.1086583137512207,2.0
40,55,-6.070145606994629,3.367023229598999,4.0
40,56,-1.7239619493484497,1.7765157222747803,2.0
40,57,-7.699529647827148,3.608365774154663,2.0
40,58,-9.18177318572998,3.712412118911743,6.0
40,59,-17.959199905395508,36.30080795288086,26.0
40,60,-18.638973236083984,14.335090637207031,18.0
40,61,-2.983311414718628,4.444447994232178,4.0
40,62,-7.814507007598877,4.772648334503174,13.0
40,63,-12.313087463378906,11.735487937927246,14.0
40,64,-29.20157241821289,25.651939392089844,17.0
40,65,-0.563469648361206,1.0838241577148438,1.0
40,66,-8.509100914001465,2.8968896865844727,3.0
40,67,-1.77150559425354,1.5571799278259277,2.0
40,68,-0.6983253955841064,1.190747618675232,1.0
40,69,-43.49048614501953,11.202513694763184,2576.0
40,70,-7.048041343688965,3.237086057662964,5.0
40,71,-32.949256896972656,38.901336669921875,9435.0
40,72,-12.740457534790039,4.118983745574951,4.0
40,73,-3.2341222763061523,1.587273120880127,2.0
40,74,-8.36055850982666,16.229860305786133,29.0
42,0,-13.160003662109375,8.965051651000977,13.0
42,1,-12.613100051879883,8.184019088745117,110.0
42,2,-5.334179401397705,3.7944703102111816,2.0
42,3,-22.336402893066406,9.333781242370605,13.0
42,4,-2.2626404762268066,1.572282075881958,1.0
42,5,-20.679243087768555,31.3916072845459,866.0
42,6,-0.6133020520210266,1.1305004358291626,1.0
42,7,-12.705249786376953,23.958242416381836,50.0
42,8,-0.3079667389392853,1.108109712600708,1.0
42,9,-10.98481273651123,8.997642517089844,25.0
42,10,-2.8497354984283447,4.1573076248168945,5.0
42,11,-0.802114725112915,1.3065258264541626,1.0
42,12,-30.80677032470703,30.66048240661621,1055.0
42,13,-4.7448601722717285,1.809602975845337,2.0
42,14,-12.848015785217285,4.982849597930908,7.0
42,15,-14.035623550415039,1116.341064453125,249.0
42,16,-10.340108871459961,31.396703720092773,31.0
42,17,-12.99104118347168,25.732643127441406,9.0
42,18,-9.065040588378906,3.105361223220825,10.0
42,19,-42.44047546386719,69.6893539428711,10747.0
42,20,-2.2342309951782227,1.3221759796142578,1.0
42,21,-14.359458923339844,36.22917556762695,7.0
42,22,-36.87745666503906,10.022584915161133,1545.0
42,23,-13.584186553955078,6.962914943695068,10.0
42,24,-14.876908302307129,19.59709930419922,64.0
42,25,-6.12764835357666,3.4059696197509766,4.0
42,26,-12.159507751464844,5.680689334869385,8.0
42,27,-17.72545623779297,19.18718719482422,32.0
42,28,-16.14833641052246,6.015019416809082,8.0
42,29,-11.937174797058105,3.7672781944274902,6.0
42,30,-3.9530060291290283,3.7347044944763184,4.0
42,31,-5.082241058349609,2.7633626461029053,6.0
42,32,-18.691701889038086,107.01033782958984,537.0
42,33,-10.316047668457031,5.580851078033447,3.0
42,34,-1.0703907012939453,1.2387194633483887,1.0
42,35,-14.216734886169434,4.144049644470215,15.0
42,36,-10.759881973266602,3.838129758834839,15.0
42,37,-8.747984886169434,3.4893381595611572,11.0
42,38,-9.924830436706543,4.128164768218994,6.0
42,39,-5.038339614868164,1.8772209882736206,3.0
42,40,-4.022209644317627,1.2858089208602905,2.0
42,41,-24.952163696289062,35.32513427734375,162.0
42,42,-5.9319047927856445,1.9330527782440186,2.0
42,43,-30.508563995361328,29.661216735839844,3395.0
42,44,-27.70851707458496,5.103429317474365,55.0
42,45,-4.7231059074401855,4.827692031860352,7.0
42,46,-0.8192959427833557,1.1463114023208618,1.0
42,47,-3.987220048904419,1.6460895538330078,5.0
42,48,-0.5645843744277954,1.0526658296585083,1.0
42,49,-1.7064977884292603,1.5320771932601929,2.0
42,50,-3.987220048904419,1.6460895538330078,5.0
42,51,-10.288108825683594,4.348060131072998,24.0
42,52,-11.283770561218262,2.789318561553955,4.0
42,53,-13.714553833007812,7.09380578994751,11.0
42,54,-3.881373405456543,2.173360586166382,3.0
42,55,-6.070300102233887,3.3671276569366455,4.0
42,56,-2.505486011505127,2.305187463760376,3.0
42,57,-7.698412895202637,3.607694149017334,2.0
42,58,-9.080591201782227,3.6591365337371826,6.0
42,59,-17.967920303344727,36.364173889160156,26.0
42,60,-18.597885131835938,14.251195907592773,18.0
42,61,-2.9436824321746826,4.357250213623047,4.0
42,62,-7.828655242919922,4.786172389984131,12.0
42,63,-12.414764404296875,11.976576805114746,14.0
42,64,-29.078842163085938,25.304508209228516,16.0
42,65,-0.5294302105903625,1.078566551208496,1.0
42,66,-8.55198860168457,2.912461519241333,3.0
42,67,-1.8257402181625366,1.5784368515014648,2.0
42,68,-0.7023113965988159,1.1919347047805786,1.0
42,69,-43.24537658691406,11.051000595092773,2520.0
42,70,-7.0430006980896,3.234367847442627,5.0
42,71,-32.94867706298828,38.89882278442383,9807.0
42,72,-12.799768447875977,4.1462178230285645,4.0
42,73,-3.256404399871826,1.5923335552215576,2.0
42,74,-8.358129501342773,16.216724395751953,29.0
44,0,-13.204997062683105,9.032532691955566,12.0
44,1,-12.756834983825684,8.382441520690918,114.0
44,2,-5.311825275421143,3.7733242511749268,2.0
44,3,-22.247600555419922,9.251263618469238,13.0
44,4,-2.2845544815063477,1.5791881084442139,1.0
44,5,-20.69646453857422,31.48183250427246,878.0
44,6,-0.5855185985565186,1.1242361068725586,1.0
44,7,-12.766045570373535,24.325164794921875,50.0
44,8,-0.2568960189819336,1.0894052982330322,1.0
44,9,-10.953532218933105,8.9415283203125,24.0
44,10,-2.8222835063934326,4.100634574890137,5.0
44,11,-0.7727692723274231,1.2938079833984375,1.0
44,12,-31.110885620117188,31.71422004699707,1106.0
44,13,-4.714025497436523,1.8026416301727295,2.0
44,14,-12.662782669067383,4.868801593780518,6.0
44,15,-14.115842819213867,1162.0272216796875,259.0
44,16,-10.307851791381836,31.060922622680664,30.0
44,17,-13.092565536499023,26.394123077392578,9.0
44,18,-9.071981430053711,3.1080567836761475,10.0
44,19,-42.767032623291016,72.002685546875,11108.0
44,20,-2.2150611877441406,1.3190116882324219,1.0
44,21,-14.55260181427002,38.02145004272461,7.0
44,22,-36.902000427246094,10.037971496582031,1506.0
44,23,-13.553579330444336,6.9325361251831055,10.0
44,24,-14.878715515136719,19.604185104370117,60.0
44,25,-6.198578357696533,3.4546313285827637,4.0
44,26,-12.121784210205078,5.650157928466797,8.0
44,27,-17.76592254638672,19.31702995300293,32.0
44,28,-16.202116012573242,6.051070690155029,8.0
44,29,-12.068193435668945,3.8225221633911133,6.0
44,30,-4.019096851348877,3.8178937435150146,4.0
44,31,-5.09478759765625,2.7703051567077637,6.0
44,32,-18.681135177612305,106.72802734375,529.0
44,33,-10.302938461303711,5.568670749664307,3.0
44,34,-1.0738359689712524,1.239573359489441,1.0
44,35,-14.229452133178711,4.149322986602783,15.0
44,36,-10.733264923095703,3.825381278991699,15.0
44,37,-8.720059394836426,3.4754459857940674,11.0
44,38,-9.984781265258789,4.163671970367432,6.0
44,39,-5.092272758483887,1.8899192810058594,3.0
44,40,-4.157854080200195,1.2967561483383179,2.0
44,41,-24.909042358398438,35.10820007324219,161.0
44,42,-5.586766719818115,1.8603262901306152,2.0
44,43,-30.697772979736328,30.291391372680664,3527.0
44,44,-28.207422256469727,5.255421161651611,64.0
44,45,-4.884202003479004,5.094020366668701,7.0
44,46,-0.8061023950576782,1.1437934637069702,1.0
44,47,-4.025266170501709,1.6539366245269775,5.0
44,48,-0.543885350227356,1.0506868362426758,1.0
44,49,-1.7068753242492676,1.532221794128418,2.0
44,50,-4.025266170501709,1.6539366245269775,5.0
44,51,-10.298367500305176,4.354436874389648,25.0
44,52,-11.14031982421875,2.7531793117523193,4.0
44,53,-14.011896133422852,7.4016242027282715,13.0
44,54,-4.113631725311279,2.276698589324951,3.0
44,55,-6.152154922485352,3.4227042198181152,4.0
44,56,-0.8906372785568237,1.34565269947052,1.0
44,57,-7.73940896987915,3.6324286460876465,2.0
44,58,-9.004688262939453,3.61967396736145,6.0
44,59,-18.111812591552734,37.42588424682617,27.0
44,60,-18.98897933959961,15.070079803466797,20.0
44,61,-2.9660487174987793,4.406251907348633,4.0
44,62,-7.776524543762207,4.736530303955078,12.0
44,63,-12.284626007080078,11.668876647949219,14.0
44,64,-29.29291343688965,25.913606643676758,16.0
44,65,-0.5671931505203247,1.0844008922576904,1.0
44,66,-8.568357467651367,2.918426752090454,3.0
44,67,-1.777748703956604,1.5596121549606323,1.0
44,68,-0.6811186075210571,1.185636281967163,1.0
44,69,-43.15263366699219,10.994206428527832,2530.0
44,70,-6.973784446716309,3.197269916534424,4.0
44,71,-32.92250061035156,38.785850524902344,9468.0
44,72,-12.898612976074219,4.192005634307861,5.0
44,73,-3.224940776824951,1.5851924419403076,2.0
44,74,-8.34974193572998,16.17144775390625,29.0
46,0,-13.138790130615234,8.933411598205566,12.0
46,1,-12.677997589111328,8.27302074432373,113.0
46,2,-5.34047794342041,3.800449848175049,2.0
46,3,-22.26141929626465,9.264055252075195,14.0
46,4,-2.3061184883117676,1.5860135555267334,1.0
46,5,-20.758621215820312,31.80966567993164,870.0
46,6,-0.5946820378303528,1.1262983083724976,1.0
46,7,-12.63318157196045,23.530452728271484,50.0
46,8,-0.21755531430244446,1.0752125978469849,1.0
46,9,-11.038613319396973,9.094980239868164,24.0
46,10,-2.7529561519622803,3.9609270095825195,4.0
46,11,-0.7568063139915466,1.2869418859481812,1.0
46,12,-30.763992309570312,30.515092849731445,1063.0
46,13,-4.812802314758301,1.8250371217727661,2.0
46,14,-12.514425277709961,4.779343128204346,7.0
46,15,-14.099054336547852,1152.3138427734375,257.0
46,16,-10.362579345703125,31.632755279541016,32.0
46,17,-13.015335083007812,25.889404296875,9.0
46,18,-9.008465766906738,3.0834779739379883,10.0
46,19,-42.645503997802734,71.13291931152344,10624.0
46,20,-2.1798574924468994,1.3132200241088867,1.0
46,21,-14.418475151062012,36.76766586303711,7.0
46,22,-36.86101150512695,10.012289047241211,1458.0
46,23,-13.70213794708252,7.081234455108643,10.0
46,24,-14.762868881225586,19.15519142150879,68.0
46,25,-6.206943511962891,3.4604156017303467,4.0
46,26,-12.218942642211914,5.729127883911133,8.0
46,27,-17.56548309326172,18.682374954223633,31.0
46,28,-16.177095413208008,6.034271240234375,8.0
46,29,-12.177263259887695,3.8691282272338867,6.0
46,30,-3.974801540374756,3.761936664581299,4.0
46,31,-5.092113971710205,2.768824577331543,6.0
46,32,-18.751937866210938,108.63400268554688,535.0
46,33,-10.266236305236816,5.5347113609313965,3.0
46,34,-1.0998769998550415,1.2460460662841797,1.0
46,35,-14.181604385375977,4.129517078399658,15.0
46,36,-10.77493953704834,3.84536075592041,15.0
46,37,-8.662254333496094,3.446864128112793,11.0
46,38,-9.926572799682617,4.12919282913208,6.0
46,39,-5.059721946716309,1.8822451829910278,3.0
46,40,-4.131260871887207,1.294602632522583,2.0
46,41,-24.801563262939453,34.57326126098633,152.0
46,42,-5.529197692871094,1.8484646081924438,2.0
46,43,-30.490835189819336,29.602846145629883,3625.0
46,44,-28.612449645996094,5.382136344909668,69.0
46,45,-4.905514240264893,5.130337238311768,7.0
46,46,-0.8370134830474854,1.149701476097107,1.0
46,47,-4.041897773742676,1.6573786735534668,6.0
46,48,-0.5554901361465454,1.0517959594726562,1.0
46,49,-1.7264999151229858,1.5397576093673706,2.0
46,50,-4.041897773742676,1.6573786735534668,6.0
46,51,-10.242792129516602,4.320002555847168,25.0
46,52,-11.128978729248047,2.7503421306610107,4.0
46,53,-13.868171691894531,7.251203536987305,13.0
46,54,-4.117432117462158,2.2784297466278076,3.0
46,55,-6.131499290466309,3.4085938930511475,3.0
46,56,-0.6142014861106873,1.2271983623504639,1.0
46,57,-7.70628547668457,3.6124308109283447,2.0
46,58,-9.002616882324219,3.618603229522705,6.0
46,59,-18.074920654296875,37.150753021240234,28.0
46,60,-19.099042892456055,15.308906555175781,18.0
46,61,-2.994631052017212,4.469674110412598,4.0
46,62,-7.873857498168945,4.8296380043029785,13.0
46,63,-12.319722175598145,11.75107192993164,13.0
46,64,-29.353439331054688,26.088462829589844,16.0
46,65,-0.5723294019699097,1.085196852684021,1.0
46,66,-8.472892761230469,2.883807897567749,3.0
46,67,-1.774787187576294,1.558457851409912,1.0
46,68,-0.7014045715332031,1.1916645765304565,1.0
46,69,-43.175811767578125,11.008373260498047,2619.0
46,70,-6.980447292327881,3.2008230686187744,4.0
46,71,-32.91809844970703,38.76689147949219,9340.0
46,72,-12.997822761535645,4.238471031188965,5.0
46,73,-3.257917881011963,1.5926779508590698,2.0
46,74,-8.378032684326172,16.32467269897461,30.0
48,0,-13.25234603881836,9.104094505310059,12.0
48,1,-12.684136390686035,8.281488418579102,107.0
48,2,-5.277136325836182,3.7407424449920654,2.0
48,3,-22.2921142578125,9.292534828186035,14.0
48,4,-2.2827255725860596,1.5786105394363403,1.0
48,5,-20.864116668701172,32.37390899658203,896.0
48,6,-0.6003499031066895,1.1275757551193237,1.0
48,7,-12.725117683410645,24.077539443969727,50.0
48,8,-0.23200172185897827,1.0804027318954468,1.0
48,9,-11.203998565673828,9.400845527648926,25.0
48,10,-2.8077585697174072,4.070961952209473,5.0
48,11,-0.7890333533287048,1.300841212272644,1.0
48,12,-30.888023376464844,30.93853759765625,1085.0
48,13,-4.751792907714844,1.8111718893051147,2.0
48,14,-12.629615783691406,4.848658084869385,7.0
48,15,-14.063079833984375,1131.7720947265625,250.0
48,16,-10.333064079284668,31.32306671142578,30.0
48,17,-13.033592224121094,26.007841110229492,10.0
48,18,-8.998207092285156,3.079526662826538,10.0
48,19,-42.67332458496094,71.33110809326172,10997.0
48,20,-2.1943440437316895,1.3156001567840576,1.0
48,21,-14.325422286987305,35.922203063964844,7.0
48,22,-36.91801452636719,10.048023223876953,1453.0
48,23,-13.745502471923828,7.12523889541626,10.0
48,24,-14.708846092224121,18.9493408203125,64.0
48,25,-6.1677961349487305,3.4334282875061035,4.0
48,26,-12.211986541748047,5.723437309265137,8.0
48,27,-17.551528930664062,18.638975143432617,32.0
48,28,-16.090351104736328,5.976390838623047,8.0
48,29,-12.028520584106445,3.805708885192871,6.0
48,30,-3.9590656757354736,3.742255687713623,4.0
48,31,-5.135082244873047,2.7927210330963135,7.0
48,32,-18.603363037109375,104.67295837402344,516.0
48,33,-10.238609313964844,5.509284973144531,3.0
48,34,-1.1065750122070312,1.2477164268493652,1.0
48,35,-14.14336109161377,4.1137542724609375,15.0
48,36,-10.822457313537598,3.868269205093384,15.0
48,37,-8.655782699584961,3.443679094314575,11.0
48,38,-9.817133903503418,4.06513786315918,5.0
48,39,-5.053623676300049,1.8808107376098633,3.0
48,40,-4.1134161949157715,1.2931596040725708,2.0
48,41,-24.65109634399414,33.83802795410156,154.0
48,42,-5.66724157333374,1.877035140991211,2.0
48,43,-30.80247688293457,30.645858764648438,3572.0
48,44,-28.361295700073242,5.303205490112305,69.0
48,45,-4.80721378326416,4.964957237243652,7.0
48,46,-0.897476077079773,1.1613456010818481,1.0
48,47,-4.143560886383057,1.6785749197006226,8.0
48,48,-0.5668926239013672,1.052886724472046,1.0
48,49,-1.7253297567367554,1.5393071174621582,2.0
48,50,-4.143560886383057,1.6785749197006226,8.0
48,51,-10.139801025390625,4.256907939910889,25.0
48,52,-11.170028686523438,2.760625123977661,4.0
48,53,-13.865697860717773,7.248641014099121,13.0
48,54,-4.155179023742676,2.2956955432891846,3.0
48,55,-6.124105453491211,3.403557062149048,3.0
48,56,-1.9174765348434448,1.8948863744735718,3.0
48,57,-7.786773681640625,3.661216974258423,2.0
48,58,-8.992292404174805,3.6132702827453613,6.0
48,59,-18.038795471191406,36.883304595947266,28.0
48,60,-19.03482437133789,15.169103622436523,18.0
48,61,-2.9834980964660645,4.444863319396973,4.0
48,62,-7.837748050689697,4.794884204864502,12.0
48,63,-12.268535614013672,11.631386756896973,13.0
48,64,-29.26519012451172,25.833906173706055,16.0
48,65,-0.5240100622177124,1.077731728553772,1.0
48,66,-8.467141151428223,2.881735324859619,3.0
48,67,-1.7937936782836914,1.5658807754516602,2.0
48,68,-0.7052801847457886,1.1928198337554932,1.0
48,69,-42.88322448730469,10.830881118774414,2504.0
48,70,-6.960023880004883,3.189946174621582,4.0
48,71,-32.84914016723633,38.47099304199219,9444.0
48,72,-12.97917366027832,4.229697227478027,5.0
48,73,-3.2016425132751465,1.5799251794815063,2.0
48,74,-8.345520973205566,16.148712158203125,29.0
50,0,-13.072651863098145,8.835478782653809,12.0
50,1,-12.740030288696289,8.358997344970703,110.0
50,2,-5.288365840911865,3.7512588500976562,2.0
50,3,-22.369998931884766,9.365193367004395,14.0
50,4,-2.2614827156066895,1.57191801071167,1.0
50,5,-20.79785919189453,32.01837158203125,863.0
50,6,-0.612438440322876,1.1303051710128784,1.0
50,7,-12.674151420593262,23.772701263427734,50.0
50,8,-0.23071277141571045,1.0799386501312256,1.0
50,9,-11.196855545043945,9.387425422668457,25.0
50,10,-2.8377346992492676,4.132436752319336,5.0
50,11,-0.8357947468757629,1.3212764263153076,1.0
50,12,-30.452180862426758,29.47597885131836,1022.0
50,13,-4.7762980461120605,1.8167283535003662,2.0
50,14,-12.469598770141602,4.752638339996338,7.0
50,15,-13.973468780517578,1082.1817626953125,237.0
50,16,-10.231745719909668,30.28285789489746,29.0
50,17,-13.05647087097168,26.15702247619629,11.0
50,18,-8.952313423156738,3.06191086769104,10.0
50,19,-42.54701614379883,70.43579864501953,11294.0
50,20,-2.146881341934204,1.307818055152893,1.0
50,21,-14.266763687133789,35.399261474609375,7.0
50,22,-37.35411071777344,10.32565975189209,1492.0
50,23,-13.821166038513184,7.202673435211182,10.0
50,24,-14.731670379638672,19.036043167114258,73.0
50,25,-6.252676010131836,3.4922115802764893,4.0
50,26,-12.207015991210938,5.719374656677246,8.0
50,27,-17.600963592529297,18.793176651000977,33.0
50,28,-15.995820999145508,5.913947105407715,8.0
50,29,-12.006271362304688,3.796312093734741,6.0
50,30,-3.91280460357666,3.6849915981292725,4.0
50,31,-5.191829204559326,2.8245973587036133,6.0
50,32,-18.558731079101562,103.51150512695312,523.0
50,33,-10.199249267578125,5.473262786865234,3.0
50,34,-1.1559696197509766,1.2601035833358765,1.0
50,35,-14.162103652954102,4.121472358703613,15.0
50,36,-10.84266471862793,3.8780524730682373,15.0
50,37,-8.703441619873047,3.467205286026001,11.0
50,38,-9.788854598999023,4.04874849319458,5.0
50,39,-5.024883270263672,1.87406587600708,3.0
50,40,-4.152149200439453,1.29629385471344,2.0
50,41,-24.66705894470215,33.91527557373047,158.0
50,42,-5.749232292175293,1.894213318824768,2.0
50,43,-30.822513580322266,30.714155197143555,3389.0
50,44,-28.641231536865234,5.391255855560303,69.0
50,45,-4.7910237312316895,4.938234329223633,7.0
50,46,-0.8641780614852905,1.1549184322357178,1.0
50,47,-4.139812469482422,1.677788496017456,8.0
50,48,-0.5614469647407532,1.0523656606674194,1.0
50,49,-1.784574031829834,1.5622756481170654,2.0
50,50,-4.139812469482422,1.677788496017456,8.0
50,51,-10.256752014160156,4.32862663269043,25.0
50,52,-11.254356384277344,2.781869649887085,4.0
50,53,-13.70235538482666,7.081454753875732,13.0
50,54,-3.997926950454712,2.224618434906006,3.0
50,55,-6.074364185333252,3.3698654174804688,4.0
50,56,-1.9616813659667969,1.9230140447616577,2.0
50,57,-7.779224395751953,3.656613349914551,2.0
50,58,-8.892192840576172,3.5619683265686035,6.0
50,59,-17.899375915527344,35.86906433105469,28.0
50,60,-19.396780014038086,15.974101066589355,19.0
50,61,-2.9460127353668213,4.362330436706543,4.0
50,62,-7.872674465179443,4.828495502471924,12.0
50,63,-12.205395698547363,11.485429763793945,13.0
50,64,-29.265670776367188,25.835285186767578,15.0
50,65,-0.5089327096939087,1.0754128694534302,1.0
50,66,-8.429606437683105,2.868246555328369,3.0
50,67,-1.8034908771514893,1.5696815252304077,2.0
50,68,-0.7183799743652344,1.1967326402664185,1.0
50,69,-42.978660583496094,10.888459205627441,2505.0
50,70,-6.972306251525879,3.1964828968048096,4.0
50,71,-32.82709884643555,38.376888275146484,9369.0
50,72,-12.889303207397461,4.187671184539795,4.0
50,73,-3.226522445678711,1.5855507850646973,2.0
50,74,-8.33128833770752,16.072280883789062,29.0
52,0,-13.017799377441406,8.755071640014648,12.0
52,1,-12.628373146057129,8.204878807067871,104.0
52,2,-5.312712669372559,3.7741613388061523,2.0
52,3,-22.350313186645508,9.34677505493164,14.0
52,4,-2.3077971935272217,1.5865461826324463,1.0
52,5,-20.88239097595215,32.47265625,892.0
52,6,-0.6286008954048157,1.1339647769927979,1.0
52,7,-12.727684020996094,24.09299087524414,51.0
52,8,-0.2372545450925827,1.0822961330413818,1.0
52,9,-11.100568771362305,9.208378791809082,25.0
52,10,-2.8070156574249268,4.0694499015808105,5.0
52,11,-0.8664224147796631,1.3348346948623657,1.0
52,12,-30.027517318725586,28.117460250854492,940.0
52,13,-4.802911281585693,1.822782039642334,2.0
52,14,-12.536996841430664,4.792847156524658,7.0
52,15,-13.932231903076172,1060.0972900390625,233.0
52,16,-10.260801315307617,30.57758140563965,29.0
52,17,-12.958015441894531,25.52105712890625,10.0
52,18,-9.013494491577148,3.085416793823242,9.0
52,19,-42.51823425292969,70.23336029052734,11579.0
52,20,-2.186572313308716,1.3143227100372314,1.0
52,21,-14.08178997039795,33.7995491027832,7.0
52,22,-37.241310119628906,10.253118515014648,1434.0
52,23,-13.829668998718262,7.211428165435791,10.0
52,24,-14.65744400024414,18.755531311035156,66.0
52,25,-6.181767463684082,3.44303560256958,4.0
52,26,-12.15301513671875,5.675422668457031,8.0
52,27,-17.628828048706055,18.880659103393555,31.0
52,28,-16.010643005371094,5.923695087432861,8.0
52,29,-12.014664649963379,3.799854278564453,6.0
52,30,-3.912200927734375,3.6842498779296875,4.0
52,31,-5.160963535308838,2.8072147369384766,6.0
52,32,-18.473072052001953,101.31839752197266,519.0
52,33,-10.185246467590332,5.460504055023193,3.0
52,34,-1.1560503244400024,1.2601239681243896,1.0
52,35,-14.224078178405762,4.147093772888184,15.0
52,36,-10.899995803833008,3.9059438705444336,15.0
52,37,-8.705000877380371,3.467977523803711,11.0
52,38,-9.744946479797363,4.023431777954102,5.0
52,39,-5.0726542472839355,1.885290265083313,3.0
52,40,-4.0957417488098145,1.291731834411621,2.0
52,41,-24.725608825683594,34.20014190673828,148.0
52,42,-5.688772201538086,1.881531000137329,2.0
52,43,-30.676551818847656,30.22005271911621,3490.0
52,44,-28.499940872192383,5.346633434295654,67.0
52,45,-4.718480587005615,4.820255279541016,7.0
52,46,-0.9161954522132874,1.164974570274353,1.0
52,47,-4.118299961090088,1.6732829809188843,8.0
52,48,-0.6195003986358643,1.057934284210205,1.0
52,49,-1.7801257371902466,1.5605392456054688,2.0
52,50,-4.118299961090088,1.6732829809188843,8.0
52,51,-10.12165355682373,4.245885848999023,25.0
52,52,-11.255626678466797,2.782191038131714,4.0
52,53,-13.524763107299805,6.904056072235107,11.0
52,54,-3.912839412689209,2.1870810985565186,2.0
52,55,-5.971738338470459,3.301403284072876,4.0
52,56,-1.788103461265564,1.814907431602478,2.0
52,57,-7.814830780029297,3.678377389907837,2.0
52,58,-8.826749801635742,3.528822422027588,6.0
52,59,-17.884639739990234,35.76350402832031,28.0
52,60,-19.054977416992188,15.212836265563965,18.0
52,61,-2.9655380249023438,4.405126571655273,4.0
52,62,-7.819805145263672,4.777708530426025,12.0
52,63,-12.194380760192871,11.46015453338623,13.0
52,64,-29.009902954101562,25.111417770385742,15.0
52,65,-0.47159668803215027,1.0696922540664673,1.0
52,66,-8.465720176696777,2.881223678588867,3.0
52,67,-1.8348268270492554,1.5820266008377075,2.0
52,68,-0.7406144142150879,1.2034032344818115,1.0
52,69,-42.71632766723633,10.730920791625977,2512.0
52,70,-6.889700889587402,3.1527767181396484,4.0
52,71,-32.78719711303711,38.20711898803711,9310.0
52,72,-12.820182800292969,4.155632972717285,4.0
52,73,-3.2615551948547363,1.5935057401657104,2.0
52,74,-8.346970558166504,16.156518936157227,29.0
54,0,-13.002620697021484,8.732953071594238,13.0
54,1,-12.650457382202148,8.23513412475586,103.0
54,2,-5.249271392822266,3.7147741317749023,2.0
54,3,-22.478179931640625,9.467056274414062,14.0
54,4,-2.3087291717529297,1.5868418216705322,1.0
54,5,-20.931442260742188,32.739219665527344,903.0
54,6,-0.6341117024421692,1.1352152824401855,1.0
54,7,-12.789875030517578,24.470510482788086,51.0
54,8,-0.26328155398368835,1.0917266607284546,1.0
54,9,-11.237709045410156,9.464442253112793,25.0
54,10,-2.8256967067718506,4.107638835906982,5.0
54,11,-0.8828215599060059,1.3421515226364136,1.0
54,12,-30.834901809692383,30.756465911865234,1118.0
54,13,-4.799722194671631,1.822055459022522,2.0
54,14,-12.602304458618164,4.8321332931518555,7.0
54,15,-13.925237655639648,1056.396484375,242.0
54,16,-10.276176452636719,30.73469352722168,32.0
54,17,-13.04123306274414,26.05756950378418,11.0
54,18,-8.978584289550781,3.0719823837280273,9.0
54,19,-42.31016159057617,68.78710174560547,11209.0
54,20,-2.177553415298462,1.3128418922424316,1.0
54,21,-14.120516777038574,34.12837600708008,7.0
54,22,-37.209747314453125,10.23291301727295,1427.0
54,23,-13.881007194519043,7.264511585235596,10.0
54,24,-14.593708038330078,18.517972946166992,65.0
54,25,-6.158688068389893,3.4271793365478516,4.0
54,26,-12.132062911987305,5.6584601402282715,8.0
54,27,-17.581247329711914,18.731525421142578,31.0
54,28,-15.912153244018555,5.85922384262085,8.0
54,29,-12.07540512084961,3.8255858421325684,6.0
54,30,-3.90936541557312,3.680769205093384,4.0
54,31,-5.220190048217773,2.8406646251678467,6.0
54,32,-18.397415161132812,99.4200439453125,515.0
54,33,-10.167810440063477,5.444658279418945,3.0
54,34,-1.2107419967651367,1.2739832401275635,1.0
54,35,-14.287395477294922,4.173435688018799,16.0
54,36,-10.943927764892578,3.927452325820923,15.0
54,37,-8.732131004333496,3.4814445972442627,11.0
54,38,-9.68106746673584,3.9868829250335693,5.0
54,39,-5.022235870361328,1.873445987701416,3.0
54,40,-4.059958457946777,1.2888462543487549,2.0
54,41,-24.529380798339844,33.25474166870117,145.0
54,42,-5.772210121154785,1.8990556001663208,2.0
54,43,-30.557357788085938,29.822465896606445,3295.0
54,44,-28.58740997314453,5.374214172363281,69.0
54,45,-4.671067714691162,4.744673252105713,7.0
54,46,-0.9055919051170349,1.1629174947738647,1.0
54,47,-4.201023101806641,1.6906750202178955,8.0
54,48,-0.6273148059844971,1.0586861371994019,1.0
54,49,-1.7923638820648193,1.5653210878372192,2.0
54,50,-4.201023101806641,1.6906750202178955,8.0
54,51,-10.033458709716797,4.1927266120910645,23.0
54,52,-11.23169994354248,2.776146173477173,4.0
54,53,-13.529212951660156,6.908446311950684,11.0
54,54,-4.0543951988220215,2.249885082244873,3.0
54,55,-5.962924003601074,3.295588493347168,4.0
54,56,-2.768589973449707,2.5164856910705566,4.0
54,57,-7.82574462890625,3.6850743293762207,2.0
54,58,-8.805864334106445,3.5183093547821045,5.0
54,59,-17.794010162353516,35.12110137939453,27.0
54,60,-19.026565551757812,15.151214599609375,20.0
54,61,-2.954622268676758,4.3811492919921875,4.0
54,62,-7.802546501159668,4.7612457275390625,12.0
54,63,-12.15107536315918,11.361326217651367,13.0
54,64,-28.8465576171875,24.659767150878906,16.0
54,65,-0.4773254990577698,1.0705679655075073,1.0
54,66,-8.474634170532227,2.8844358921051025,3.0
54,67,-1.8518030643463135,1.5887551307678223,2.0
54,68,-0.7552356719970703,1.2078100442886353,1.0
54,69,-42.578033447265625,10.648791313171387,2397.0
54,70,-6.955087184906006,3.1873223781585693,4.0
54,71,-32.75437927246094,38.06805419921875,9178.0
54,72,-12.814691543579102,4.153098106384277,5.0
54,73,-3.3406600952148438,1.6116156578063965,2.0
54,74,-8.335283279418945,16.093700408935547,29.0
56,0,-13.119380950927734,8.904560089111328,13.0
56,1,-12.52458667755127,8.064173698425293,100.0
56,2,-5.28853702545166,3.7514193058013916,2.0
56,3,-22.469104766845703,9.45846939086914,14.0
56,4,-2.3409934043884277,1.5971146821975708,1.0
56,5,-20.954669952392578,32.866207122802734,911.0
56,6,-0.6345720291137695,1.1353198289871216,1.0
56,7,-12.764334678649902,24.31476402282715,51.0
56,8,-0.23356260359287262,1.0809650421142578,1.0
56,9,-11.30084228515625,9.584704399108887,25.0
56,10,-2.845088243484497,4.147658824920654,5.0
56,11,-0.9018827676773071,1.3507063388824463,1.0
56,12,-30.788005828857422,30.596622467041016,1049.0
56,13,-4.847710609436035,1.8330180644989014,2.0
56,14,-12.609648704528809,4.836571216583252,7.0
56,15,-13.995527267456055,1094.1834716796875,239.0
56,16,-10.280486106872559,30.77887725830078,32.0
56,17,-12.878739356994629,25.020233154296875,9.0
56,18,-9.07497787475586,3.1092212200164795,9.0
56,19,-42.4018669128418,69.42081451416016,11201.0
56,20,-2.2186014652252197,1.319595456123352,1.0
56,21,-14.038919448852539,33.439231872558594,7.0
56,22,-37.314910888671875,10.300392150878906,1440.0
56,23,-13.918000221252441,7.303004264831543,10.0
56,24,-14.685985565185547,18.862903594970703,62.0
56,25,-6.179740905761719,3.4416403770446777,4.0
56,26,-12.055784225463867,5.597135066986084,8.0
56,27,-17.584815979003906,18.742666244506836,32.0
56,28,-15.852746963500977,5.820675849914551,8.0
56,29,-11.999777793884277,3.793574333190918,6.0
56,30,-3.9001522064208984,3.669482946395874,4.0
56,31,-5.22191858291626,2.841646909713745,6.0
56,32,-18.387821197509766,99.18186950683594,521.0
56,33,-10.160284042358398,5.437833309173584,3.0
56,34,-1.2020903825759888,1.2717807292938232,1.0
56,35,-14.277750968933105,4.169412612915039,16.0
56,36,-10.934920310974121,3.923032760620117,15.0
56,37,-8.790260314941406,3.5104753971099854,11.0
56,38,-9.695379257202148,3.995042562484741,6.0
56,39,-5.049426078796387,1.879824161529541,3.0
56,40,-4.128384590148926,1.2943699359893799,2.0
56,41,-24.323022842407227,32.28871154785156,130.0
56,42,-5.702029705047607,1.8843047618865967,2.0
56,43,-30.56670379638672,29.85344696044922,3252.0
56,44,-28.249589920043945,5.268472671508789,64.0
56,45,-4.635549545288086,4.688830375671387,7.0
56,46,-0.9300059676170349,1.167659044265747,1.0
56,47,-4.1828718185424805,1.6868433952331543,8.0
56,48,-0.6182126998901367,1.0578104257583618,1.0
56,49,-1.8309091329574585,1.5804779529571533,2.0
56,50,-4.1828718185424805,1.6868433952331543,8.0
56,51,-10.051959991455078,4.203822612762451,23.0
56,52,-11.258609771728516,2.7829456329345703,4.0
56,53,-13.335549354553223,6.719935417175293,11.0
56,54,-3.9193074703216553,2.1899123191833496,2.0
56,55,-6.0398149490356445,3.3466603755950928,4.0
56,56,-2.7472851276397705,2.4986777305603027,3.0
56,57,-7.893735408782959,3.7270705699920654,2.0
56,58,-8.784843444824219,3.5077595710754395,5.0
56,59,-17.778404235839844,35.01164627075195,28.0
56,60,-18.815141677856445,14.700439453125,17.0
56,61,-2.9590234756469727,4.390800952911377,4.0
56,62,-7.822676658630371,4.780453205108643,12.0
56,63,-12.109585762023926,11.267440795898438,12.0
56,64,-28.880956649780273,24.75419807434082,17.0
56,65,-0.45958590507507324,1.067858338356018,1.0
56,66,-8.380352020263672,2.8506414890289307,3.0
56,67,-1.8772106170654297,1.5988788604736328,2.0
56,68,-0.7623277902603149,1.2099535465240479,1.0
56,69,-42.626041412353516,10.677230834960938,2472.0
56,70,-6.938277721405029,3.178405284881592,4.0
56,71,-32.78849411010742,38.21262741088867,9644.0
56,72,-12.722030639648438,4.11055850982666,4.0
56,73,-3.314347743988037,1.6055691242218018,2.0
56,74,-8.338749885559082,16.1123046875,29.0
58,0,-12.973007202148438,8.68995475769043,12.0
58,1,-12.625568389892578,8.201043128967285,101.0
58,2,-5.276600360870361,3.740241050720215,2.0
58,3,-22.467504501342773,9.456954002380371,14.0
58,4,-2.2989487648010254,1.5837410688400269,1.0
58,5,-21.021760940551758,33.235774993896484,924.0
58,6,-0.6453967690467834,1.1377804279327393,1.0
58,7,-12.745664596557617,24.201536178588867,51.0
58,8,-0.2470562756061554,1.0858380794525146,1.0
58,9,-11.276275634765625,9.537726402282715,25.0
58,10,-2.859926462173462,4.1785454750061035,5.0
58,11,-0.9312458038330078,1.363991379737854,1.0
58,12,-30.653499603271484,30.14274787902832,1071.0
58,13,-4.850176811218262,1.8335832357406616,2.0
58,14,-12.437894821166992,4.7338409423828125,7.0
58,15,-13.881499290466309,1033.5447998046875,226.0
58,16,-10.306511878967285,31.047056198120117,31.0
58,17,-12.97438907623291,25.62574005126953,11.0
58,18,-9.003107070922852,3.0814132690429688,10.0
58,19,-42.2062873840332,68.07627868652344,11090.0
58,20,-2.1635959148406982,1.3105533123016357,1.0
58,21,-13.90093994140625,32.305419921875,7.0
58,22,-37.36485290527344,10.33259391784668,1497.0
58,23,-13.922491073608398,7.307690620422363,10.0
58,24,-14.494526863098145,18.154260635375977,62.0
58,25,-6.153254508972168,3.423457145690918,4.0
58,26,-12.011272430419922,5.561656475067139,8.0
58,27,-17.534879684448242,18.587324142456055,32.0
58,28,-15.76876449584961,5.766613483428955,8.0
58,29,-12.018379211425781,3.801422595977783,6.0
58,30,-3.871342420578003,3.6344125270843506,4.0
58,31,-5.211802959442139,2.8359034061431885,6.0
58,32,-18.36358070373535,98.5826416015625,507.0
58,33,-10.132119178771973,5.41236686706543,3.0
58,34,-1.2085779905319214,1.2734320163726807,1.0
58,35,-14.277032852172852,4.169112682342529,16.0
58,36,-10.944413185119629,3.9276907444000244,15.0
58,37,-8.76549243927002,3.4980766773223877,11.0
58,38,-9.643815040588379,3.965721368789673,5.0
58,39,-4.999407768249512,1.8681076765060425,3.0
58,40,-4.078777313232422,1.290363073348999,2.0
58,41,-24.47258186340332,32.98599624633789,138.0
58,42,-5.813547611236572,1.907797932624817,2.0
58,43,-30.41708755493164,29.361265182495117,3291.0
58,44,-28.411706924438477,5.318955421447754,66.0
58,45,-4.6645355224609375,4.734353542327881,7.0
58,46,-0.9415009021759033,1.169898271560669,1.0
58,47,-4.15556001663208,1.6810944080352783,8.0
58,48,-0.6294726133346558,1.0588937997817993,1.0
58,49,-1.7995121479034424,1.5681208372116089,2.0
58,50,-4.15556001663208,1.6810944080352783,8.0
58,51,-9.862295150756836,4.09144926071167,21.0
58,52,-11.172893524169922,2.7613444328308105,4.0
58,53,-13.276289939880371,6.6632866859436035,11.0
58,54,-3.961655616760254,2.208538770675659,2.0
58,55,-6.019432067871094,3.333045244216919,4.0
58,56,-2.7380754947662354,2.4910190105438232,3.0
58,57,-7.933897495269775,3.7521023750305176,2.0
58,58,-8.791038513183594,3.5108654499053955,5.0
58,59,-17.70250129699707,34.484161376953125,27.0
58,60,-18.88992691040039,14.8583345413208,17.0
58,61,-2.9626924991607666,4.398863792419434,4.0
58,62,-7.791500568389893,4.750738620758057,12.0
58,63,-12.122734069824219,11.297107696533203,13.0
58,64,-28.79246711730957,24.512004852294922,17.0
58,65,-0.4616697132587433,1.06817626953125,1.0
58,66,-8.455757141113281,2.8776376247406006,3.0
58,67,-1.8834664821624756,1.6013814210891724,2.0
58,68,-0.7665297985076904,1.211225152015686,1.0
58,69,-42.3551025390625,10.517717361450195,2342.0
58,70,-6.892259120941162,3.154121160507202,4.0
58,71,-32.798614501953125,38.255619049072266,9951.0
58,72,-12.816879272460938,4.154107570648193,4.0
58,73,-3.352609395980835,1.6143690347671509,2.0
58,74,-8.292454719543457,15.86557388305664,28.0
60,0,-12.859879493713379,8.527644157409668,12.0
60,1,-12.528098106384277,8.068893432617188,99.0
60,2,-5.283279895782471,3.7464919090270996,2.0
60,3,-22.54354476928711,9.529139518737793,14.0
60,4,-2.3105344772338867,1.5874149799346924,1.0
60,5,-20.824060440063477,32.15849685668945,899.0
60,6,-0.6421478986740112,1.1370413303375244,1.0
60,7,-12.842166900634766,24.792512893676758,51.0
60,8,-0.20341773331165314,1.070157527923584,1.0
60,9,-11.269671440124512,9.525137901306152,25.0
60,10,-2.8429441452026367,4.143214702606201,5.0
60,11,-0.8998525738716125,1.34979248046875,1.0
60,12,-30.322162628173828,29.0532169342041,1020.0
60,13,-4.831798076629639,1.8293757438659668,2.0
60,14,-12.562660217285156,4.808246612548828,7.0
60,15,-13.975128173828125,1083.0799560546875,247.0
60,16,-10.25964641571045,30.56580924987793,31.0
60,17,-12.861320495605469,24.911514282226562,10.0
60,18,-9.019774436950684,3.0878398418426514,9.0
60,19,-42.204132080078125,68.06160736083984,11144.0
60,20,-2.163886547088623,1.310600996017456,1.0
60,21,-13.971845626831055,32.883182525634766,7.0
60,22,-37.197052001953125,10.224796295166016,1422.0
60,23,-14.002204895019531,7.391383647918701,10.0
60,24,-14.678744316101074,18.835601806640625,63.0
60,25,-6.167617321014404,3.433305263519287,4.0
60,26,-12.01701545715332,5.566221714019775,8.0
60,27,-17.5786075592041,18.723281860351562,31.0
60,28,-15.720077514648438,5.735502243041992,8.0
60,29,-12.00106430053711,3.794116497039795,6.0
60,30,-3.8633031845092773,3.6246864795684814,4.0
60,31,-5.208670616149902,2.834127187728882,7.0
60,32,-18.270832061767578,96.32308197021484,509.0
60,33,-10.19095230102539,5.465699195861816,3.0
60,34,-1.205666184425354,1.2726905345916748,1.0
60,35,-14.340461730957031,4.195641040802002,16.0
60,36,-10.948039054870605,3.929471254348755,15.0
60,37,-8.810079574584961,3.5204288959503174,11.0
60,38,-9.746392250061035,4.02426290512085,6.0
60,39,-4.968832015991211,1.8609813451766968,3.0
60,40,-4.097496509552002,1.2918736934661865,2.0
60,41,-24.32977294921875,32.31985855102539,132.0
60,42,-5.812778472900391,1.907634973526001,2.0
60,43,-30.50726890563965,29.656953811645508,3116.0
60,44,-28.56189727783203,5.36615514755249,68.0
60,45,-4.654872894287109,4.7191290855407715,7.0
60,46,-0.9328041076660156,1.1682037115097046,1.0
60,47,-4.169531345367432,1.6840327978134155,8.0
60,48,-0.6321895122528076,1.0591554641723633,1.0
60,49,-1.8239166736602783,1.5777174234390259,2.0
60,50,-4.169531345367432,1.6840327978134155,8.0
60,51,-9.94775390625,4.141705513000488,21.0
60,52,-11.140759468078613,2.753289222717285,4.0
60,53,-13.374297142028809,6.757235527038574,11.0
60,54,-4.000714302062988,2.2258589267730713,2.0
60,55,-6.005401611328125,3.3237056732177734,4.0
60,56,-2.3493528366088867,2.188283920288086,3.0
60,57,-7.895228862762451,3.7279982566833496,2.0
60,58,-8.712166786193848,3.471529722213745,5.0
60,59,-17.712732315063477,34.55480194091797,27.0
60,60,-18.990345001220703,15.073019981384277,17.0
60,61,-2.931562900543213,4.330926418304443,4.0
60,62,-7.774735450744629,4.734836578369141,12.0
60,63,-12.125616073608398,11.303622245788574,12.0
60,64,-28.787389755249023,24.498180389404297,17.0
60,65,-0.4560902714729309,1.067325234413147,1.0
60,66,-8.431666374206543,2.8689849376678467,3.0
60,67,-1.8856278657913208,1.6022469997406006,2.0
60,68,-0.7922958731651306,1.2190525531768799,1.0
60,69,-42.519569396972656,10.614259719848633,2427.0
60,70,-6.898087024688721,3.157186269760132,4.0
60,71,-32.66880416870117,37.707801818847656,9344.0
60,72,-12.682028770446777,4.092329502105713,4.0
60,73,-3.3694889545440674,1.6182667016983032,2.0
60,74,-8.303618431091309,15.924723625183105,29.0
62,0,-13.04344654083252,8.79257583618164,13.0
62,1,-12.528813362121582,8.069854736328125,99.0
62,2,-5.278337478637695,3.741865873336792,2.0
62,3,-22.47414207458496,9.463233947753906,14.0
62,4,-2.2999889850616455,1.5840705633163452,1.0
62,5,-20.908292770385742,32.6131477355957,892.0
62,6,-0.6541191935539246,1.1397669315338135,1.0
62,7,-12.751588821411133,24.23740577697754,51.0
62,8,-0.23783530294895172,1.082505702972412,1.0
62,9,-11.273354530334473,9.53215503692627,25.0
62,10,-2.8602890968322754,4.179303169250488,5.0
62,11,-0.8988772630691528,1.3493536710739136,1.0
62,12,-30.867794036865234,30.869077682495117,1037.0
62,13,-4.800154685974121,1.82215416431427,2.0
62,14,-12.537530899047852,4.7931671142578125,7.0
62,15,-13.842192649841309,1013.430419921875,232.0
62,16,-10.25236988067627,30.491764068603516,30.0
62,17,-12.875992774963379,25.00305938720703,10.0
62,18,-9.052190780639648,3.100377321243286,9.0
62,19,-42.34758377075195,69.04499816894531,11741.0
62,20,-2.1689343452453613,1.311428189277649,1.0
62,21,-13.960996627807617,32.79411697387695,7.0
62,22,-37.488975524902344,10.41306209564209,1472.0
62,23,-14.090486526489258,7.485191345214844,10.0
62,24,-14.57359790802002,18.443639755249023,64.0
62,25,-6.12846565246582,3.4065263271331787,4.0
62,26,-11.965731620788574,5.5255913734436035,8.0
62,27,-17.504474639892578,18.493375778198242,31.0
62,28,-15.65533447265625,5.694390773773193,8.0
62,29,-11.987752914428711,3.7885091304779053,6.0
62,30,-3.8784329891204834,3.643012762069702,4.0
62,31,-5.2136945724487305,2.8369765281677246,6.0
62,32,-18.315025329589844,97.39319610595703,511.0
62,33,-10.156534194946289,5.434435844421387,3.0
62,34,-1.214900255203247,1.2750431299209595,1.0
62,35,-14.317434310913086,4.185990810394287,16.0
62,36,-10.980135917663574,3.945268392562866,15.0
62,37,-8.855170249938965,3.5431787967681885,11.0
62,38,-9.730890274047852,4.0153608322143555,5.0
62,39,-5.021711349487305,1.8733230829238892,3.0
62,40,-4.0761494636535645,1.2901511192321777,2.0
62,41,-24.50609016418457,33.14427185058594,142.0
62,42,-5.863126754760742,1.9183367490768433,2.0
62,43,-30.397729873657227,29.29818344116211,3185.0
62,44,-28.407175064086914,5.3175368309021,67.0
62,45,-4.592682838439941,4.622308731079102,7.0
62,46,-0.9310685396194458,1.1678658723831177,1.0
62,47,-4.133909702301025,1.676551103591919,8.0
62,48,-0.6374192237854004,1.0596590042114258,1.0
62,49,-1.7999086380004883,1.5682764053344727,2.0
62,50,-4.133909702301025,1.676551103591919,8.0
62,51,-9.867408752441406,4.094439506530762,21.0
62,52,-11.116933822631836,2.7473323345184326,4.0
62,53,-13.329044342041016,6.713693141937256,11.0
62,54,-3.959317207336426,2.2075061798095703,2.0
62,55,-6.059543609619141,3.359891653060913,4.0
62,56,-2.9631335735321045,2.685081720352173,3.0
62,57,-7.968853950500488,3.7740256786346436,2.0
62,58,-8.771437644958496,3.5010483264923096,6.0
62,59,-17.735736846923828,34.71414566040039,28.0
62,60,-18.836145401000977,14.744614601135254,17.0
62,61,-2.8969266414642334,4.256568908691406,4.0
62,62,-7.797855854034424,4.756780624389648,12.0
62,63,-12.181995391845703,11.431800842285156,12.0
62,64,-28.81561279296875,24.57512664794922,17.0
62,65,-0.4639003872871399,1.068516731262207,1.0
62,66,-8.433390617370605,2.869603395462036,3.0
62,67,-1.8685569763183594,1.5954235792160034,2.0
62,68,-0.793502926826477,1.2194204330444336,1.0
62,69,-42.39112091064453,10.538785934448242,2439.0
62,70,-6.82758903503418,3.120306968688965,4.0
62,71,-32.74184799194336,38.01508712768555,9832.0
62,72,-12.702505111694336,4.101650714874268,4.0
62,73,-3.3828177452087402,1.621350884437561,2.0
62,74,-8.333197593688965,16.082515716552734,29.0
64,0,-12.903607368469238,8.590021133422852,12.0
64,1,-12.63604736328125,8.215378761291504,98.0
64,2,-5.265141010284424,3.729541301727295,2.0
64,3,-22.481849670410156,9.47053050994873,14.0
64,4,-2.3027920722961426,1.584958791732788,1.0
64,5,-20.929710388183594,32.72977066040039,898.0
64,6,-0.645413875579834,1.1377842426300049,1.0
64,7,-12.820171356201172,24.65655517578125,52.0
64,8,-0.22567643225193024,1.0781272649765015,1.0
64,9,-11.350805282592773,9.680960655212402,26.0
64,10,-2.8490664958953857,4.155917644500732,5.0
64,11,-0.9536287784576416,1.3742061853408813,1.0
64,12,-30.782089233398438,30.576509475708008,1089.0
64,13,-4.832204341888428,1.8294684886932373,2.0
64,14,-12.900032043457031,5.015354156494141,7.0
64,15,-13.940851211547852,1064.67578125,244.0
64,16,-10.376033782958984,31.77494239807129,32.0
64,17,-12.910472869873047,25.219518661499023,10.0
64,18,-9.058999061584473,3.1030168533325195,9.0
64,19,-42.304527282714844,68.74833679199219,12006.0
64,20,-2.211425542831421,1.3184123039245605,1.0
64,21,-13.889139175415039,32.21025466918945,7.0
64,22,-37.50145721435547,10.421188354492188,1505.0
64,23,-13.990203857421875,7.378722667694092,10.0
64,24,-14.608458518981934,18.57267951965332,61.0
64,25,-6.12484884262085,3.4040629863739014,4.0
64,26,-11.959999084472656,5.521068096160889,8.0
64,27,-17.53789710998535,18.596677780151367,32.0
64,28,-15.632366180419922,5.679876804351807,8.0
64,29,-12.005218505859375,3.795868158340454,6.0
64,30,-3.832615852355957,3.5877981185913086,4.0
64,31,-5.224863052368164,2.843320846557617,6.0
64,32,-18.198219299316406,94.59028625488281,498.0
64,33,-10.126945495605469,5.407702445983887,3.0
64,34,-1.2236424684524536,1.277274489402771,1.0
64,35,-14.381948471069336,4.213083744049072,16.0
64,36,-10.974668502807617,3.942573070526123,15.0
64,37,-8.763389587402344,3.497025728225708,11.0
64,38,-9.644462585449219,3.96608829498291,6.0
64,39,-5.0058488845825195,1.8696123361587524,3.0
64,40,-4.046237468719482,1.2877414226531982,2.0
64,41,-24.43297004699707,32.79986572265625,137.0
64,42,-5.803741455078125,1.9057204723358154,2.0
64,43,-30.41651153564453,29.359390258789062,3216.0
64,44,-27.964473724365234,5.180849075317383,63.0
64,45,-4.588370323181152,4.615668773651123,7.0
64,46,-0.9491702318191528,1.1713945865631104,1.0
64,47,-4.169091701507568,1.6839402914047241,8.0
64,48,-0.6473394632339478,1.0606151819229126,1.0
64,49,-1.7977102994918823,1.56741464138031,2.0
64,50,-4.169091701507568,1.6839402914047241,8.0
64,51,-9.97346019744873,4.156943321228027,21.0
64,52,-11.10926628112793,2.745417833328247,4.0
64,53,-13.399084091186523,6.781205654144287,11.0
64,54,-3.9536893367767334,2.2050228118896484,2.0
64,55,-5.941686153411865,3.2816200256347656,4.0
64,56,-2.7619941234588623,2.5109589099884033,3.0
64,57,-8.01086139678955,3.800541400909424,2.0
64,58,-8.743249893188477,3.4869790077209473,5.0
64,59,-17.7032413482666,34.4892692565918,28.0
64,60,-18.791316986083984,14.650489807128906,18.0
64,61,-2.9375503063201904,4.343911647796631,4.0
64,62,-7.787108421325684,4.746567249298096,12.0
64,63,-12.152349472045898,11.364221572875977,12.0
64,64,-28.69198226928711,24.239852905273438,17.0
64,65,-0.47721606492996216,1.0705512762069702,1.0
64,66,-8.412022590637207,2.8619487285614014,3.0
64,67,-1.8511021137237549,1.5884767770767212,2.0
64,68,-0.7935419082641602,1.2194323539733887,1.0
64,69,-42.49492645263672,10.599738121032715,2440.0
64,70,-6.857322692871094,3.1358087062835693,4.0
64,71,-32.685264587402344,37.77682876586914,9859.0
64,72,-12.718910217285156,4.109134197235107,4.0
64,73,-3.3700509071350098,1.618396520614624,2.0
64,74,-8.285593032836914,15.829328536987305,29.0
66,0,-12.97377872467041,8.69107437133789,12.0
66,1,-12.662712097167969,8.251970291137695,100.0
66,2,-5.275777816772461,3.739471912384033,2.0
66,3,-22.579891204833984,9.563838005065918,14.0
66,4,-2.3255951404571533,1.5922037363052368,1.0
66,5,-21.012659072875977,33.18539047241211,923.0
66,6,-0.64554762840271,1.1378147602081299,1.0
66,7,-12.817415237426758,24.63957405090332,51.0
66,8,-0.2272755354642868,1.0787019729614258,1.0
66,9,-11.298824310302734,9.58083724975586,25.0
66,10,-2.879734516143799,4.220135688781738,5.0
66,11,-0.9007071256637573,1.3501770496368408,1.0
66,12,-30.571319580078125,29.86876678466797,978.0
66,13,-4.863429069519043,1.8366230726242065,2.0
66,14,-12.880363464355469,5.0030388832092285,7.0
66,15,-13.852887153625488,1018.864013671875,238.0
66,16,-10.267067909240723,30.641517639160156,31.0
66,17,-12.85573673248291,24.87676429748535,10.0
66,18,-9.089784622192383,3.114981174468994,10.0
66,19,-42.16684341430664,67.80828094482422,10984.0
66,20,-2.208676815032959,1.3179594278335571,1.0
66,21,-13.898698806762695,32.28732681274414,7.0
66,22,-37.342044830322266,10.317874908447266,1427.0
66,23,-14.12359619140625,7.5206804275512695,10.0
66,24,-14.598182678222656,18.534549713134766,63.0
66,25,-6.182663440704346,3.443652391433716,4.0
66,26,-11.978760719299316,5.535885334014893,8.0
66,27,-17.530961990356445,18.575193405151367,31.0
66,28,-15.607976913452148,5.664505958557129,8.0
66,29,-11.98045539855957,3.785438299179077,6.0
66,30,-3.8339285850524902,3.5893681049346924,4.0
66,31,-5.222548484802246,2.8420047760009766,6.0
66,32,-18.205615997314453,94.7653579711914,505.0
66,33,-10.202775955200195,5.476480960845947,3.0
66,34,-1.2296677827835083,1.278814673423767,1.0
66,35,-14.308626174926758,4.182305335998535,16.0
66,36,-10.94260025024414,3.9268007278442383,15.0
66,37,-8.84636116027832,3.5387229919433594,11.0
66,38,-9.726187705993652,4.012664318084717,5.0
66,39,-5.017834663391113,1.8724154233932495,3.0
66,40,-4.0305585861206055,1.286480188369751,2.0
66,41,-24.24625015258789,31.9365177154541,126.0
66,42,-5.868439674377441,1.9194694757461548,3.0
66,43,-30.45821762084961,29.495756149291992,3078.0
66,44,-28.45233154296875,5.331681251525879,60.0
66,45,-4.568582057952881,4.585323333740234,7.0
66,46,-0.98114013671875,1.1776528358459473,1.0
66,47,-4.199315071105957,1.6903140544891357,8.0
66,48,-0.6555777788162231,1.0614097118377686,1.0
66,49,-1.7818650007247925,1.5612179040908813,2.0
66,50,-4.199315071105957,1.6903140544891357,8.0
66,51,-9.9796142578125,4.160599708557129,24.0
66,52,-11.09441089630127,2.741712808609009,4.0
66,53,-13.262309074401855,6.649991512298584,11.0
66,54,-3.9043946266174316,2.1833906173706055,2.0
66,55,-5.954289436340332,3.289902448654175,4.0
66,56,-2.9835174083709717,2.703387975692749,3.0
66,57,-7.96685266494751,3.7727673053741455,2.0
66,58,-8.740961074829102,3.4858388900756836,5.0
66,59,-17.768903732299805,34.9451904296875,28.0
66,60,-18.61517333984375,14.286437034606934,17.0
66,61,-2.934720754623413,4.337769985198975,4.0
66,62,-7.802396297454834,4.761102676391602,12.0
66,63,-12.112414360046387,11.273818016052246,12.0
66,64,-28.721128463745117,24.318477630615234,17.0
66,65,-0.4566289186477661,1.0674073696136475,1.0
66,66,-8.393865585327148,2.8554608821868896,3.0
66,67,-1.878360390663147,1.599338412284851,2.0
66,68,-0.7846531867980957,1.2167255878448486,1.0
66,69,-42.134647369384766,10.389686584472656,2447.0
66,70,-6.893333435058594,3.1546859741210938,5.0
66,71,-32.77031707763672,38.135528564453125,9956.0
66,72,-12.688403129577637,4.095228672027588,4.0
66,73,-3.375896453857422,1.6197484731674194,2.0
66,74,-8.261877059936523,15.704682350158691,29.0
68,0,-12.916033744812012,8.607830047607422,12.0
68,1,-12.648249626159668,8.23210334777832,102.0
68,2,-5.272111892700195,3.736046552658081,2.0
68,3,-22.513771057128906,9.500810623168945,14.0
68,4,-2.3163580894470215,1.589264988899231,1.0
68,5,-20.94519805908203,32.81436538696289,898.0
68,6,-0.653816819190979,1.1396980285644531,1.0
68,7,-12.846463203430176,24.81915855407715,52.0
68,8,-0.23250393569469452,1.0805836915969849,1.0
68,9,-11.271848678588867,9.529285430908203,25.0
68,10,-2.8686459064483643,4.196802616119385,5.0
68,11,-0.8960493206977844,1.348082423210144,1.0
68,12,-30.47954750061035,29.565746307373047,995.0
68,13,-4.872593879699707,1.838728427886963,2.0
68,14,-12.711784362792969,4.898715496063232,7.0
68,15,-13.953092575073242,1071.2122802734375,250.0
68,16,-10.262917518615723,30.59916114807129,29.0
68,17,-12.791933059692383,24.483104705810547,10.0
68,18,-8.994203567504883,3.0779857635498047,9.0
68,19,-42.123443603515625,67.51461791992188,11590.0
68,20,-2.1881103515625,1.314575433731079,1.0
68,21,-13.798104286193848,31.48546600341797,7.0
68,22,-37.44874572753906,10.38691234588623,1458.0
68,23,-14.046792984008789,7.438615798950195,10.0
68,24,-14.568380355834961,18.42440414428711,64.0
68,25,-6.156986713409424,3.426013708114624,4.0
68,26,-12.012077331542969,5.562296390533447,8.0
68,27,-17.489513397216797,18.447315216064453,32.0
68,28,-15.627849578857422,5.677027702331543,8.0
68,29,-11.95276165008545,3.773808002471924,6.0
68,30,-3.855351209640503,3.61509108543396,4.0
68,31,-5.228188514709473,2.845212459564209,6.0
68,32,-18.296024322509766,96.931640625,512.0
68,33,-10.20132064819336,5.475152492523193,3.0
68,34,-1.233480453491211,1.2797901630401611,1.0
68,35,-14.373842239379883,4.209670066833496,16.0
68,36,-10.987188339233398,3.9487478733062744,15.0
68,37,-8.787283897399902,3.5089831352233887,11.0
68,38,-9.700958251953125,3.998227596282959,5.0
68,39,-4.992494583129883,1.866494059562683,3.0
68,40,-4.095807075500488,1.2917371988296509,2.0
68,41,-24.283477783203125,32.106815338134766,136.0
68,42,-5.874311447143555,1.920722246170044,3.0
68,43,-30.370437622070312,29.209474563598633,3217.0
68,44,-28.472972869873047,5.33815860748291,68.0
68,45,-4.595705986022949,4.626968860626221,7.0
68,46,-0.9730498790740967,1.1760659217834473,1.0
68,47,-4.159834861755371,1.6819928884506226,8.0
68,48,-0.6539621949195862,1.0612539052963257,1.0
68,49,-1.7979832887649536,1.567521572113037,2.0
68,50,-4.159834861755371,1.6819928884506226,8.0
68,51,-9.938446044921875,4.136201858520508,22.0
68,52,-11.094178199768066,2.741654634475708,4.0
68,53,-13.380247116088867,6.76298189163208,11.0
68,54,-3.96684193611145,2.2108309268951416,2.0
68,55,-6.001440048217773,3.321073293685913,4.0
68,56,-2.2969579696655273,2.150397539138794,3.0
68,57,-7.951661109924316,3.7632269859313965,2.0
68,58,-8.79534912109375,3.513028383255005,5.0
68,59,-17.673572540283203,34.28522491455078,28.0
68,60,-19.019733428955078,15.136434555053711,20.0
68,61,-2.9423775672912598,4.3544087409973145,4.0
68,62,-7.827281951904297,4.784858226776123,12.0
68,63,-12.090599060058594,11.224736213684082,12.0
68,64,-28.640789031982422,24.10236167907715,16.0
68,65,-0.4734190106391907,1.069970726966858,1.0
68,66,-8.403430938720703,2.858876943588257,3.0
68,67,-1.8742502927780151,1.5976959466934204,2.0
68,68,-0.8061560988426208,1.2232840061187744,1.0
68,69,-42.14218521118164,10.39404010772705,2357.0
68,70,-6.87318229675293,3.144108533859253,5.0
68,71,-32.53916549682617,37.16854476928711,9071.0
68,72,-12.649855613708496,4.077725887298584,4.0
68,73,-3.359523296356201,1.615964412689209,2.0
68,74,-8.307622909545898,15.945995330810547,29.0
70,0,-13.015336036682129,8.75147819519043,12.0
70,1,-12.562620162963867,8.115452766418457,100.0
70,2,-5.258030891418457,3.7229177951812744,2.0
70,3,-22.62442398071289,9.606522560119629,14.0
70,4,-2.3045663833618164,1.5855213403701782,1.0
70,5,-20.944499969482422,32.810546875,912.0
70,6,-0.6532118916511536,1.1395602226257324,1.0
70,7,-12.826061248779297,24.692888259887695,51.0
70,8,-0.22290489077568054,1.0771316289901733,1.0
70,9,-11.350489616394043,9.68034839630127,25.0
70,10,-2.8648085594177246,4.18875789642334,5.0
70,11,-0.9167732000350952,1.3574271202087402,1.0
70,12,-30.240921020507812,28.79214096069336,1018.0
70,13,-4.867717266082764,1.837607979774475,2.0
70,14,-12.665592193603516,4.870512008666992,7.0
70,15,-13.834166526794434,1009.3716430664062,231.0
70,16,-10.218067169189453,30.145099639892578,30.0
70,17,-12.84492301940918,24.809602737426758,10.0
70,18,-8.996909141540527,3.079026937484741,9.0
70,19,-42.11856460571289,67.48169708251953,11433.0
70,20,-2.1794471740722656,1.31315279006958,1.0
70,21,-13.826406478881836,31.709033966064453,7.0
70,22,-37.534271240234375,10.442583084106445,1501.0
70,23,-14.116268157958984,7.512811183929443,10.0
70,24,-14.608768463134766,18.57383155822754,64.0
70,25,-6.168298721313477,3.4337732791900635,4.0
70,26,-11.997735977172852,5.550912380218506,8.0
70,27,-17.552234649658203,18.64116668701172,32.0
70,28,-15.61384391784668,5.66819953918457,8.0
70,29,-12.043907165527344,3.812220811843872,6.0
70,30,-3.841336965560913,3.598242998123169,4.0
70,31,-5.250761032104492,2.858086109161377,6.0
70,32,-18.224021911621094,95.20243072509766,499.0
70,33,-10.127167701721191,5.407902717590332,3.0
70,34,-1.2301884889602661,1.2789478302001953,1.0
70,35,-14.376747131347656,4.210893154144287,16.0
70,36,-10.986164093017578,3.9482421875,15.0
70,37,-8.753646850585938,3.492161750793457,11.0
70,38,-9.740321159362793,4.0207743644714355,6.0
70,39,-5.026257038116455,1.8743879795074463,3.0
70,40,-4.018398761749268,1.2855027914047241,2.0
70,41,-24.252769470214844,31.96627426147461,132.0
70,42,-5.927172660827637,1.9320367574691772,3.0
70,43,-30.43472671508789,29.41887092590332,3244.0
70,44,-28.241378784179688,5.265929222106934,62.0
70,45,-4.590896129608154,4.619556427001953,7.0
70,46,-0.9987168908119202,1.181107759475708,1.0
70,47,-4.173052787780762,1.6847742795944214,8.0
70,48,-0.6564189195632935,1.0614910125732422,1.0
70,49,-1.7936315536499023,1.5658172369003296,2.0
70,50,-4.173052787780762,1.6847742795944214,8.0
70,51,-9.906218528747559,4.117203235626221,23.0
70,52,-11.103691101074219,2.7440266609191895,4.0
70,53,-13.165943145751953,6.5590715408325195,11.0
70,54,-3.873326301574707,2.169865846633911,2.0
70,55,-6.032228469848633,3.3415863513946533,4.0
70,56,-2.2103631496429443,2.0892136096954346,3.0
70,57,-8.010271072387695,3.8001675605773926,2.0
70,58,-8.691463470458984,3.4612770080566406,6.0
70,59,-17.700366973876953,34.46944808959961,28.0
70,60,-18.901126861572266,14.88212776184082,19.0
70,61,-2.928518533706665,4.324338912963867,4.0
70,62,-7.816380023956299,4.774436950683594,12.0
70,63,-12.171649932861328,11.408173561096191,12.0
70,64,-28.509838104248047,23.754213333129883,17.0
70,65,-0.46976274251937866,1.0694119930267334,1.0
70,66,-8.380712509155273,2.8507697582244873,3.0
70,67,-1.8683457374572754,1.595339298248291,2.0
70,68,-0.8243063688278198,1.2288472652435303,1.0
70,69,-42.33892059326172,10.508268356323242,2442.0
70,70,-6.878724575042725,3.1470141410827637,4.0
70,71,-32.648983001708984,37.62485122680664,9757.0
70,72,-12.667085647583008,4.085540294647217,4.0
70,73,-3.353297710418701,1.6145278215408325,2.0
70,74,-8.292880058288574,15.86782455444336,29.0
72,0,-12.963227272033691,8.675804138183594,12.0
72,1,-12.631233215332031,8.208789825439453,102.0
72,2,-5.2249298095703125,3.6922366619110107,2.0
72,3,-22.617183685302734,9.599570274353027,14.0
72,4,-2.295901298522949,1.5827760696411133,1.0
72,5,-21.05480194091797,33.4193000793457,904.0
72,6,-0.6652041077613831,1.1422966718673706,1.0
72,7,-12.775482177734375,24.382619857788086,50.0
72,8,-0.20852716267108917,1.0719817876815796,1.0
72,9,-11.376205444335938,9.730264663696289,26.0
72,10,-2.879619836807251,4.219893932342529,5.0
72,11,-0.8718324303627014,1.3372440338134766,1.0
72,12,-30.39313316345215,29.283227920532227,935.0
72,13,-4.914370059967041,1.8483554124832153,2.0
72,14,-12.699560165405273,4.891236305236816,7.0
72,15,-13.871442794799805,1028.36083984375,233.0
72,16,-10.23326301574707,30.29818344116211,30.0
72,17,-12.917548179626465,25.26416778564453,10.0
72,18,-8.989764213562012,3.0762784481048584,9.0
72,19,-42.2099494934082,68.10121154785156,11718.0
72,20,-2.1628384590148926,1.3104292154312134,1.0
72,21,-13.679916381835938,30.568777084350586,7.0
72,22,-37.56657028198242,10.46368408203125,1426.0
72,23,-14.134590148925781,7.5325026512146,10.0
72,24,-14.460227966308594,18.030153274536133,62.0
72,25,-6.20360803604126,3.4581079483032227,4.0
72,26,-11.921136856079102,5.4905009269714355,8.0
72,27,-17.45492935180664,18.341291427612305,31.0
72,28,-15.687990188598633,5.715090274810791,8.0
72,29,-12.051409721374512,3.8154001235961914,6.0
72,30,-3.8140783309936523,3.5656967163085938,4.0
72,31,-5.252814769744873,2.859260320663452,7.0
72,32,-18.266983032226562,96.23043823242188,510.0
72,33,-10.206432342529297,5.479819297790527,3.0
72,34,-1.2287733554840088,1.2785859107971191,1.0
72,35,-14.372184753417969,4.208971977233887,16.0
72,36,-10.94715690612793,3.9290378093719482,15.0
72,37,-8.81926441192627,3.5250511169433594,11.0
72,38,-9.747039794921875,4.024635314941406,5.0
72,39,-4.923851013183594,1.850547194480896,3.0
72,40,-4.00400447845459,1.2843468189239502,2.0
72,41,-24.462963104248047,32.94070053100586,136.0
72,42,-5.897804260253906,1.925742506980896,3.0
72,43,-30.22295570373535,28.734718322753906,3070.0
72,44,-28.111080169677734,5.225721836090088,67.0
72,45,-4.5394511222839355,4.541013717651367,7.0
72,46,-0.9931218028068542,1.180006980895996,1.0
72,47,-4.184933662414551,1.687278151512146,8.0
72,48,-0.6613855361938477,1.0619703531265259,1.0
72,49,-1.8022629022598267,1.5691996812820435,2.0
72,50,-4.184933662414551,1.687278151512146,8.0
72,51,-9.879596710205078,4.101574897766113,21.0
72,52,-11.068464279174805,2.73525333404541,4.0
72,53,-13.215276718139648,6.6054606437683105,11.0
72,54,-3.901447296142578,2.1821038722991943,2.0
72,55,-6.045639991760254,3.3505618572235107,4.0
72,56,-2.7787230014801025,2.5249998569488525,3.0
72,57,-7.980797290802002,3.781545639038086,2.0
72,58,-8.776786804199219,3.503725051879883,6.0
72,59,-17.681583404541016,34.3401985168457,28.0
72,60,-18.796375274658203,14.661080360412598,18.0
72,61,-2.9434776306152344,4.356804370880127,4.0
72,62,-7.783404350280762,4.7430524826049805,12.0
72,63,-12.13837718963623,11.33250904083252,12.0
72,64,-28.673460006713867,24.19001579284668,17.0
72,65,-0.4890385866165161,1.072360873222351,1.0
72,66,-8.358222007751465,2.842766523361206,3.0
72,67,-1.9084112644195557,1.6113991737365723,2.0
72,68,-0.8189118504524231,1.2271912097930908,1.0
72,69,-42.248538970947266,10.455634117126465,2433.0
72,70,-6.8392534255981445,3.1263790130615234,5.0
72,71,-32.531654357910156,37.137542724609375,9205.0
72,72,-12.676445007324219,4.089791297912598,4.0
72,73,-3.3952507972717285,1.6242332458496094,2.0
72,74,-8.290616989135742,15.85585880279541,29.0
74,0,-12.932881355285645,8.632033348083496,12.0
74,1,-12.562171936035156,8.114847183227539,99.0
74,2,-5.278063774108887,3.741609811782837,2.0
74,3,-22.60757827758789,9.590354919433594,14.0
74,4,-2.3102893829345703,1.5873371362686157,1.0
74,5,-21.109275817871094,33.72409439086914,935.0
74,6,-0.6520671844482422,1.1392993927001953,1.0
74,7,-12.76618766784668,24.32602882385254,51.0
74,8,-0.2388686090707779,1.0828787088394165,1.0
74,9,-11.330843925476074,9.642388343811035,25.0
74,10,-2.8799264430999756,4.220540523529053,5.0
74,11,-0.9055825471878052,1.3523730039596558,1.0
74,12,-30.513959884643555,29.679006576538086,965.0
74,13,-4.897558212280273,1.8444751501083374,2.0
74,14,-12.815211296081543,4.962459564208984,7.0
74,15,-13.898340225219727,1042.284423828125,238.0
74,16,-10.236152648925781,30.327381134033203,29.0
74,17,-12.815016746520996,24.62480354309082,10.0
74,18,-8.98043441772461,3.07269287109375,9.0
74,19,-42.084381103515625,67.25140380859375,11451.0
74,20,-2.1897776126861572,1.3148494958877563,1.0
74,21,-13.767278671264648,31.24376106262207,7.0
74,22,-37.45370864868164,10.390134811401367,1502.0
74,23,-14.154154777526855,7.553583145141602,10.0
74,24,-14.554900169372559,18.374797821044922,62.0
74,25,-6.191292762756348,3.449601173400879,4.0
74,26,-12.0355863571167,5.581008434295654,8.0
74,27,-17.42560386657715,18.251867294311523,31.0
74,28,-15.596370697021484,5.657206058502197,8.0
74,29,-12.013176918029785,3.7992260456085205,6.0
74,30,-3.831179141998291,3.5860798358917236,4.0
74,31,-5.249641418457031,2.8574461936950684,6.0
74,32,-18.326725006103516,97.67847442626953,514.0
74,33,-10.19168472290039,5.466366767883301,3.0
74,34,-1.2239457368850708,1.277351975440979,1.0
74,35,-14.433147430419922,4.234709739685059,16.0
74,36,-10.940496444702148,3.9257678985595703,15.0
74,37,-8.746807098388672,3.4887514114379883,11.0
74,38,-9.78278923034668,4.045241355895996,5.0
74,39,-5.055095672607422,1.8811569213867188,3.0
74,40,-3.9849133491516113,1.2828152179718018,2.0
74,41,-24.663244247436523,33.89680099487305,152.0
74,42,-5.807628631591797,1.9065437316894531,3.0
74,43,-30.406986236572266,29.32833480834961,3066.0
74,44,-28.030338287353516,5.200961112976074,68.0
74,45,-4.4701714515686035,4.43734884262085,7.0
74,46,-0.9650493860244751,1.1744989156723022,1.0
74,47,-4.172083854675293,1.6845701932907104,8.0
74,48,-0.6551094055175781,1.0613645315170288,1.0
74,49,-1.8115147352218628,1.5728334188461304,2.0
74,50,-4.172083854675293,1.6845701932907104,8.0
74,51,-9.830259323120117,4.072767734527588,21.0
74,52,-11.137635231018066,2.7525076866149902,4.0
74,53,-13.143562316894531,6.5381340980529785,11.0
74,54,-3.906454086303711,2.1842899322509766,2.0
74,55,-5.957055568695068,3.2917230129241943,4.0
74,56,-2.9332680702209473,2.6584839820861816,3.0
74,57,-7.992480278015137,3.7889158725738525,2.0
74,58,-8.807114601135254,3.5189380645751953,6.0
74,59,-17.71875,34.59641647338867,28.0
74,60,-18.68850326538086,14.436882972717285,19.0
74,61,-2.9049625396728516,4.27370548248291,4.0
74,62,-7.782763957977295,4.7424445152282715,12.0
74,63,-12.06064510345459,11.157689094543457,12.0
74,64,-28.71475601196289,24.301265716552734,18.0
74,65,-0.4571513235569,1.0674870014190674,1.0
74,66,-8.346755027770996,2.8386948108673096,3.0
74,67,-1.8717924356460571,1.5967146158218384,2.0
74,68,-0.7980976104736328,1.2208219766616821,1.0
74,69,-42.23877716064453,10.449965476989746,2438.0
74,70,-6.897303104400635,3.156773805618286,5.0
74,71,-32.67576599121094,37.73699188232422,9877.0
74,72,-12.695533752441406,4.098474502563477,4.0
74,73,-3.3734500408172607,1.6191825866699219,2.0
74,74,-8.317383766174316,15.99795913696289,29.0
76,0,-12.968964576721191,8.684102058410645,12.0
76,1,-12.613964080810547,8.185197830200195,101.0
76,2,-5.255795955657959,3.7208380699157715,2.0
76,3,-22.50037956237793,9.4880952835083,14.0
76,4,-2.2734756469726562,1.5756930112838745,1.0
76,5,-20.998064041137695,33.10477066040039,905.0
76,6,-0.6644230484962463,1.142118215560913,1.0
76,7,-12.883787155151367,25.05182647705078,53.0
76,8,-0.2002764493227005,1.0690375566482544,1.0
76,9,-11.349262237548828,9.677971839904785,25.0
76,10,-2.8603153228759766,4.179358005523682,5.0
76,11,-0.9550201892852783,1.374843716621399,1.0
76,12,-30.432308197021484,29.410966873168945,951.0
76,13,-4.970324993133545,1.8613287210464478,2.0
76,14,-12.702683448791504,4.89314603805542,7.0
76,15,-13.93470573425293,1061.4093017578125,242.0
76,16,-10.3283052444458,31.273414611816406,32.0
76,17,-12.864714622497559,24.932661056518555,11.0
76,18,-9.085697174072266,3.1133899688720703,9.0
76,19,-42.14204025268555,67.64029693603516,11618.0
76,20,-2.1839468479156494,1.3138915300369263,1.0
76,21,-13.817747116088867,31.640460968017578,7.0
76,22,-37.57715606689453,10.470609664916992,1500.0
76,23,-14.117630004882812,7.514272689819336,10.0
76,24,-14.55942440032959,18.391429901123047,62.0
76,25,-6.189415454864502,3.44830584526062,4.0
76,26,-11.89267349243164,5.468221664428711,8.0
76,27,-17.454858779907227,18.34107780456543,31.0
76,28,-15.736143112182617,5.745749473571777,8.0
76,29,-12.01279067993164,3.799062728881836,6.0
76,30,-3.8500311374664307,3.6086857318878174,4.0
76,31,-5.267611503601074,2.867734670639038,7.0
76,32,-18.28325653076172,96.62274169921875,517.0
76,33,-10.14148235321045,5.4208197593688965,3.0
76,34,-1.2447313070297241,1.2826731204986572,1.0
76,35,-14.426750183105469,4.232001304626465,16.0
76,36,-10.989240646362305,3.949760913848877,15.0
76,37,-8.807133674621582,3.5189473628997803,11.0
76,38,-9.790127754211426,4.049485206604004,6.0
76,39,-5.0184783935546875,1.8725661039352417,3.0
76,40,-4.006330490112305,1.2845336198806763,2.0
76,41,-24.310321807861328,32.23017120361328,130.0
76,42,-5.8635735511779785,1.9184319972991943,3.0
76,43,-30.26934051513672,28.883197784423828,3083.0
76,44,-28.14331817626953,5.2356414794921875,65.0
76,45,-4.494053363800049,4.472814083099365,7.0
76,46,-0.9850338697433472,1.1784173250198364,1.0
76,47,-4.155326843261719,1.681045413017273,8.0
76,48,-0.6673263311386108,1.0625439882278442,1.0
76,49,-1.7997331619262695,1.5682076215744019,2.0
76,50,-4.155326843261719,1.681045413017273,8.0
76,51,-9.801852226257324,4.056272983551025,21.0
76,52,-11.099091529846191,2.7428793907165527,4.0
76,53,-13.191476821899414,6.583040714263916,11.0
76,54,-3.878887176513672,2.1722803115844727,2.0
76,55,-6.004404544830322,3.323042869567871,4.0
76,56,-2.8933939933776855,2.623382806777954,3.0
76,57,-7.973837375640869,3.7771620750427246,2.0
76,58,-8.76715087890625,3.4989051818847656,5.0
76,59,-17.726627349853516,34.650962829589844,28.0
76,60,-18.689876556396484,14.439716339111328,19.0
76,61,-2.9046554565429688,4.273049354553223,4.0
76,62,-7.790217399597168,4.749519348144531,12.0
76,63,-12.108009338378906,11.263887405395508,12.0
76,64,-28.658327102661133,24.149375915527344,17.0
76,65,-0.4683128297328949,1.069190502166748,1.0
76,66,-8.349533081054688,2.8396806716918945,3.0
76,67,-1.904703140258789,1.6099059581756592,2.0
76,68,-0.8216129541397095,1.2280200719833374,1.0
76,69,-42.173458099365234,10.412113189697266,2332.0
76,70,-6.873185634613037,3.1441102027893066,5.0
76,71,-32.46061325073242,36.84554672241211,9321.0
76,72,-12.674703598022461,4.0889997482299805,4.0
76,73,-3.3885421752929688,1.6226773262023926,2.0
76,74,-8.301080703735352,15.911258697509766,29.0
78,0,-12.899330139160156,8.58389949798584,12.0
78,1,-12.540274620056152,8.085284233093262,100.0
78,2,-5.278184413909912,3.741722583770752,2.0
78,3,-22.597326278686523,9.580528259277344,14.0
78,4,-2.3012592792510986,1.5844730138778687,1.0
78,5,-21.06250762939453,33.46225357055664,936.0
78,6,-0.6693501472473145,1.1432442665100098,1.0
78,7,-12.799172401428223,24.527456283569336,51.0
78,8,-0.2225062996149063,1.0769885778427124,1.0
78,9,-11.37938404083252,9.736451148986816,26.0
78,10,-2.88277006149292,4.226545810699463,5.0
78,11,-0.9186193943023682,1.3582626581192017,1.0
78,12,-30.367942810058594,29.20137596130371,957.0
78,13,-4.897627830505371,1.8444912433624268,2.0
78,14,-12.8685302734375,4.9956440925598145,7.0
78,15,-13.935352325439453,1061.7525634765625,247.0
78,16,-10.273422241210938,30.70648956298828,30.0
78,17,-12.896485328674316,25.131481170654297,10.0
78,18,-9.012395858764648,3.0849931240081787,9.0
78,19,-41.910186767578125,66.09007263183594,11617.0
78,20,-2.209197998046875,1.3180452585220337,1.0
78,21,-13.747719764709473,31.091358184814453,7.0
78,22,-37.44065475463867,10.381661415100098,1535.0
78,23,-14.094715118408203,7.489715099334717,10.0
78,24,-14.613466262817383,18.591291427612305,65.0
78,25,-6.221806049346924,3.470716714859009,4.0
78,26,-11.89926528930664,5.473372936248779,8.0
78,27,-17.508377075195312,18.505407333374023,32.0
78,28,-15.629161834716797,5.677855491638184,8.0
78,29,-12.054741859436035,3.8168132305145264,6.0
78,30,-3.846945285797119,3.604976177215576,4.0
78,31,-5.298977851867676,2.8857810497283936,7.0
78,32,-18.253395080566406,95.90409851074219,499.0
78,33,-10.14491081237793,5.423917770385742,3.0
78,34,-1.2332251071929932,1.2797248363494873,1.0
78,35,-14.357366561889648,4.202739715576172,16.0
78,36,-11.004216194152832,3.9571616649627686,15.0
78,37,-8.723851203918457,3.4773290157318115,11.0
78,38,-9.735766410827637,4.018158912658691,6.0
78,39,-5.031338691711426,1.8755788803100586,3.0
78,40,-4.001363754272461,1.284134864807129,2.0
78,41,-24.314685821533203,32.250274658203125,132.0
78,42,-5.992239475250244,1.946055293083191,3.0
78,43,-30.41034698486328,29.339284896850586,3187.0
78,44,-28.080860137939453,5.216440677642822,65.0
78,45,-4.5129523277282715,4.50108003616333,7.0
78,46,-0.988299548625946,1.1790589094161987,1.0
78,47,-4.183713436126709,1.6870207786560059,8.0
78,48,-0.678198516368866,1.0635948181152344,1.0
78,49,-1.7949689626693726,1.5663408041000366,2.0
78,50,-4.183713436126709,1.6870207786560059,8.0
78,51,-9.888686180114746,4.106904029846191,22.0
78,52,-11.077527046203613,2.7375078201293945,4.0
78,53,-13.153762817382812,6.54766845703125,11.0
78,54,-3.867283821105957,2.1672449111938477,2.0
78,55,-5.825599193572998,3.2063071727752686,4.0
78,56,-2.646880626678467,2.416435480117798,3.0
78,57,-7.995542526245117,3.7908506393432617,2.0
78,58,-8.790767669677734,3.5107297897338867,5.0
78,59,-17.708934783935547,34.528564453125,28.0
78,60,-18.821834564208984,14.71450138092041,19.0
78,61,-2.8954100608825684,4.253342151641846,4.0
78,62,-7.784158229827881,4.743767261505127,12.0
78,63,-12.129024505615234,11.31132984161377,12.0
78,64,-28.619462966918945,24.04531478881836,17.0
78,65,-0.47301605343818665,1.0699090957641602,1.0
78,66,-8.413690567016602,2.8625457286834717,3.0
78,67,-1.9085357189178467,1.6114492416381836,2.0
78,68,-0.8134738802909851,1.2255239486694336,1.0
78,69,-42.30754089355469,10.489964485168457,2447.0
78,70,-6.837672710418701,3.1255555152893066,4.0
78,71,-32.6090202331543,37.45815658569336,9860.0
78,72,-12.699224472045898,4.100155830383301,4.0
78,73,-3.396785259246826,1.6245893239974976,2.0
78,74,-8.299529075622559,15.903031349182129,29.0
80,0,-12.93542194366455,8.635689735412598,12.0
80,1,-12.51943588256836,8.057252883911133,99.0
80,2,-5.273196697235107,3.7370598316192627,2.0
80,3,-22.437746047973633,9.428854942321777,14.0
80,4,-2.2924914360046387,1.5816969871520996,1.0
80,5,-20.913846969604492,32.64335250854492,902.0
80,6,-0.6615058779716492,1.1414519548416138,1.0
80,7,-12.770336151123047,24.35127067565918,51.0
80,8,-0.23347336053848267,1.0809329748153687,1.0
80,9,-11.346382141113281,9.672398567199707,25.0
80,10,-2.8474254608154297,4.152508735656738,5.0
80,11,-0.9151177406311035,1.3566782474517822,1.0
80,12,-30.518186569213867,29.692949295043945,1012.0
80,13,-4.880439281463623,1.8405324220657349,2.0
80,14,-12.75411605834961,4.924705982208252,7.0
80,15,-13.94267463684082,1065.64697265625,240.0
80,16,-10.226069450378418,30.225614547729492,30.0
80,17,-12.86629867553711,24.942537307739258,10.0
80,18,-9.01022720336914,3.0841572284698486,9.0
80,19,-41.89917755126953,66.01734924316406,11080.0
80,20,-2.193366765975952,1.3154395818710327,1.0
80,21,-13.71003532409668,30.799819946289062,7.0
80,22,-37.57867431640625,10.471603393554688,1523.0
80,23,-14.167320251464844,7.567803859710693,10.0
80,24,-14.538555145263672,18.314828872680664,65.0
80,25,-6.2137227058410645,3.4651107788085938,4.0
80,26,-11.946983337402344,5.510811805725098,8.0
80,27,-17.522390365600586,18.548677444458008,32.0
80,28,-15.572526931762695,5.642238140106201,8.0
80,29,-11.970909118652344,3.7814252376556396,6.0
80,30,-3.829116106033325,3.5836150646209717,4.0
80,31,-5.262458801269531,2.8647806644439697,7.0
80,32,-18.216325759887695,95.0194320678711,502.0
80,33,-10.07719612121582,5.363049030303955,3.0
80,34,-1.247691035270691,1.2834326028823853,1.0
80,35,-14.344045639038086,4.197145462036133,16.0
80,36,-10.933439254760742,3.9223062992095947,15.0
80,37,-8.72783374786377,3.4793081283569336,11.0
80,38,-9.739389419555664,4.020238876342773,5.0
80,39,-4.983316898345947,1.8643540143966675,3.0
80,40,-3.9580585956573486,1.2806639671325684,2.0
80,41,-24.500890731811523,33.119667053222656,143.0
80,42,-5.911495208740234,1.9286742210388184,3.0
80,43,-30.41259002685547,29.346599578857422,3171.0
80,44,-27.979869842529297,5.185544013977051,58.0
80,45,-4.603691101074219,4.63930082321167,7.0
80,46,-0.9636963605880737,1.1742340326309204,1.0
80,47,-4.140498161315918,1.6779322624206543,8.0
80,48,-0.6811822652816772,1.0638833045959473,1.0
80,49,-1.801777958869934,1.5690093040466309,2.0
80,50,-4.140498161315918,1.6779322624206543,8.0
80,51,-9.89175796508789,4.108705997467041,22.0
80,52,-10.976362228393555,2.712446928024292,4.0
80,53,-13.214425086975098,6.604657173156738,11.0
80,54,-3.903975248336792,2.1832075119018555,2.0
80,55,-5.97976016998291,3.30670428276062,4.0
80,56,-3.276984691619873,2.9812066555023193,4.0
80,57,-7.950362205505371,3.7624123096466064,2.0
80,58,-8.762182235717773,3.496422529220581,5.0
80,59,-17.70867919921875,34.52680206298828,28.0
80,60,-18.671798706054688,14.402472496032715,18.0
80,61,-2.904728889465332,4.2732062339782715,4.0
80,62,-7.784723281860352,4.7443037033081055,12.0
80,63,-12.143381118774414,11.343854904174805,12.0
80,64,-28.537899017333984,23.82839012145996,17.0
80,65,-0.4690822958946228,1.0693080425262451,1.0
80,66,-8.39178466796875,2.8547182083129883,3.0
80,67,-1.8961389064788818,1.606462836265564,2.0
80,68,-0.816571831703186,1.2264734506607056,1.0
80,69,-42.32253646850586,10.498706817626953,2444.0
80,70,-6.888250350952148,3.1520144939422607,4.0
80,71,-32.520179748535156,37.09021759033203,9803.0
80,72,-12.696812629699707,4.099057197570801,4.0
80,73,-3.350998878479004,1.6139975786209106,2.0
80,74,-8.288264274597168,15.843426704406738,29.0
82,0,-12.884977340698242,8.563390731811523,12.0
82,1,-12.644645690917969,8.227160453796387,102.0
82,2,-5.255370140075684,3.720442056655884,2.0
82,3,-22.56573486328125,9.550308227539062,14.0
82,4,-2.279459238052368,1.5775796175003052,1.0
82,5,-20.986539840698242,33.0412483215332,916.0
82,6,-0.6675853729248047,1.1428407430648804,1.0
82,7,-12.769428253173828,24.34574317932129,51.0
82,8,-0.20076137781143188,1.069210410118103,1.0
82,9,-11.329102516174316,9.639030456542969,25.0
82,10,-2.890779495239258,4.243505954742432,5.0
82,11,-0.9154257774353027,1.3568174839019775,1.0
82,12,-30.17264175415039,28.57452964782715,953.0
82,13,-4.892175674438477,1.843234658241272,2.0
82,14,-12.960481643676758,5.053394317626953,7.0
82,15,-13.993824005126953,1093.251953125,243.0
82,16,-10.249845504760742,30.466121673583984,31.0
82,17,-12.825704574584961,24.69068717956543,10.0
82,18,-9.077226638793945,3.110095262527466,9.0
82,19,-41.868431091308594,65.81468200683594,11428.0
82,20,-2.1735618114471436,1.3121869564056396,1.0
82,21,-13.702919960021973,30.745080947875977,7.0
82,22,-37.51463317871094,10.429774284362793,1489.0
82,23,-14.129470825195312,7.526994228363037,10.0
82,24,-14.604833602905273,18.559219360351562,66.0
82,25,-6.158384323120117,3.426971197128296,4.0
82,26,-11.957296371459961,5.518936634063721,8.0
82,27,-17.40151596069336,18.17873764038086,31.0
82,28,-15.568849563598633,5.6399335861206055,7.0
82,29,-11.941816329956055,3.769221782684326,6.0
82,30,-3.843949556350708,3.6013777256011963,4.0
82,31,-5.2874298095703125,2.8791236877441406,7.0
82,32,-18.288169860839844,96.74149322509766,517.0
82,33,-10.122026443481445,5.403270721435547,3.0
82,34,-1.2403942346572876,1.281561017036438,1.0
82,35,-14.37202262878418,4.208903789520264,16.0
82,36,-10.923287391662598,3.917332410812378,15.0
82,37,-8.768033981323242,3.4993467330932617,11.0
82,38,-9.78889274597168,4.048770427703857,5.0
82,39,-4.943737030029297,1.8551528453826904,3.0
82,40,-4.005495071411133,1.2844665050506592,2.0
82,41,-24.225976943969727,31.844154357910156,133.0
82,42,-5.9243574142456055,1.9314326047897339,3.0
82,43,-30.384254455566406,29.254350662231445,3145.0
82,44,-27.899639129638672,5.161128520965576,63.0
82,45,-4.539737224578857,4.541446685791016,7.0
82,46,-0.9841318130493164,1.178240180015564,1.0
82,47,-4.127684593200684,1.6752468347549438,8.0
82,48,-0.6849622130393982,1.0642489194869995,1.0
82,49,-1.806437373161316,1.570838212966919,2.0
82,50,-4.127684593200684,1.6752468347549438,8.0
82,51,-9.773429870605469,4.039836883544922,21.0
82,52,-11.096184730529785,2.742155075073242,4.0
82,53,-13.18299674987793,6.575070381164551,11.0
82,54,-3.8936655521392822,2.1787102222442627,2.0
82,55,-6.0067362785339355,3.3245928287506104,4.0
82,56,-2.4038989543914795,2.2284350395202637,3.0
82,57,-8.019989967346191,3.806328058242798,2.0
82,58,-8.768091201782227,3.499375343322754,5.0
82,59,-17.639541625976562,34.052669525146484,28.0
82,60,-18.87374496459961,14.824026107788086,18.0
82,61,-2.9173877239227295,4.300339221954346,4.0
82,62,-7.796760082244873,4.755738735198975,12.0
82,63,-12.139373779296875,11.334768295288086,12.0
82,64,-28.767005920410156,24.44275665283203,17.0
82,65,-0.45612025260925293,1.0673298835754395,1.0
82,66,-8.389533996582031,2.853914976119995,3.0
82,67,-1.8838379383087158,1.6015300750732422,2.0
82,68,-0.806376039981842,1.223351240158081,1.0
82,69,-42.17790985107422,10.414688110351562,2333.0
82,70,-6.846774101257324,3.130300521850586,4.0
82,71,-32.54068374633789,37.17481994628906,9412.0
82,72,-12.659680366516113,4.082180023193359,4.0
82,73,-3.3814406394958496,1.6210319995880127,2.0
82,74,-8.286615371704102,15.834721565246582,29.0
84,0,-12.967989921569824,8.682692527770996,12.0
84,1,-12.550640106201172,8.099264144897461,97.0
84,2,-5.2202019691467285,3.687875270843506,2.0
84,3,-22.450244903564453,9.440646171569824,14.0
84,4,-2.28226375579834,1.5784648656845093,1.0
84,5,-21.022193908691406,33.23817443847656,915.0
84,6,-0.6605889201164246,1.1412427425384521,1.0
84,7,-12.77841567993164,24.4005069732666,53.0
84,8,-0.22366929054260254,1.0774061679840088,1.0
84,9,-11.36703109741211,9.712428092956543,25.0
84,10,-2.8820128440856934,4.224945545196533,5.0
84,11,-0.924514651298523,1.3609343767166138,1.0
84,12,-30.401710510253906,29.311145782470703,999.0
84,13,-4.927804946899414,1.8514621257781982,2.0
84,14,-12.71843147277832,4.902787685394287,7.0
84,15,-13.927973747253418,1057.842529296875,240.0
84,16,-10.309505462646484,31.078048706054688,32.0
84,17,-12.834821701049805,24.747028350830078,10.0
84,18,-9.067410469055176,3.106281280517578,9.0
84,19,-42.06523895263672,67.122802734375,12014.0
84,20,-2.1947996616363525,1.3156752586364746,1.0
84,21,-13.739933013916016,31.030893325805664,7.0
84,22,-37.467044830322266,10.398798942565918,1471.0
84,23,-14.182071685791016,7.583768844604492,10.0
84,24,-14.609922409057617,18.5781192779541,65.0
84,25,-6.169729232788086,3.434755802154541,4.0
84,26,-11.86697006225586,5.448178768157959,8.0
84,27,-17.487926483154297,18.44243812561035,31.0
84,28,-15.689395904541016,5.715982913970947,8.0
84,29,-12.063823699951172,3.820666551589966,6.0
84,30,-3.834242820739746,3.5897443294525146,4.0
84,31,-5.250316143035889,2.8578317165374756,6.0
84,32,-18.351741790771484,98.29129028320312,517.0
84,33,-10.170310974121094,5.446928024291992,3.0
84,34,-1.2392991781234741,1.2812803983688354,1.0
84,35,-14.39229965209961,4.217447280883789,16.0
84,36,-10.990278244018555,3.950273275375366,15.0
84,37,-8.822668075561523,3.5267653465270996,11.0
84,38,-9.68283462524414,3.987889051437378,5.0
84,39,-4.964262962341309,1.8599189519882202,3.0
84,40,-4.001413345336914,1.284138798713684,2.0
84,41,-24.304550170898438,32.20361328125,134.0
84,42,-5.935431480407715,1.9338103532791138,3.0
84,43,-30.380939483642578,29.243576049804688,3172.0
84,44,-28.176006317138672,5.245718002319336,66.0
84,45,-4.537171840667725,4.537565231323242,7.0
84,46,-0.9709279537200928,1.1756501197814941,1.0
84,47,-4.140302658081055,1.6778913736343384,8.0
84,48,-0.6758713722229004,1.0633697509765625,1.0
84,49,-1.828296184539795,1.5794458389282227,2.0
84,50,-4.140302658081055,1.6778913736343384,8.0
84,51,-9.877091407775879,4.100106716156006,21.0
84,52,-11.095968246459961,2.742100954055786,4.0
84,53,-13.29106330871582,6.677364826202393,11.0
84,54,-3.8609633445739746,2.1645071506500244,2.0
84,55,-6.050472259521484,3.3538012504577637,4.0
84,56,-2.647284746170044,2.4167609214782715,3.0
84,57,-8.015789031982422,3.803663730621338,2.0
84,58,-8.742424011230469,3.486567258834839,5.0
84,59,-17.619266510009766,33.914859771728516,28.0
84,60,-18.681236267089844,14.421903610229492,18.0
84,61,-2.9231648445129395,4.312778949737549,4.0
84,62,-7.793687343597412,4.752817153930664,12.0
84,63,-12.132415771484375,11.319005012512207,12.0
84,64,-28.68086051940918,24.209917068481445,17.0
84,65,-0.4658198356628418,1.0688097476959229,1.0
84,66,-8.308561325073242,2.825174570083618,3.0
84,67,-1.9223836660385132,1.6170377731323242,2.0
84,68,-0.8201130628585815,1.2275596857070923,1.0
84,69,-42.18798065185547,10.420517921447754,2369.0
84,70,-6.835809707641602,3.1245856285095215,5.0
84,71,-32.527008056640625,37.11836624145508,9651.0
84,72,-12.614540100097656,4.061756610870361,4.0
84,73,-3.339935064315796,1.6114486455917358,2.0
84,74,-8.297799110412598,15.893861770629883,29.0
86,0,-12.98115062713623,8.70175838470459,12.0
86,1,-12.647289276123047,8.230786323547363,99.0
86,2,-5.2501349449157715,3.715575933456421,2.0
86,3,-22.478757858276367,9.467602729797363,14.0
86,4,-2.3011820316314697,1.5844484567642212,1.0
86,5,-20.980104446411133,33.00582504272461,928.0
86,6,-0.6632570624351501,1.1418519020080566,1.0
86,7,-12.818375587463379,24.645488739013672,53.0
86,8,-0.2458341121673584,1.0853958129882812,1.0
86,9,-11.288713455200195,9.561481475830078,25.0
86,10,-2.8637168407440186,4.186472415924072,5.0
86,11,-0.9338175058364868,1.3651611804962158,1.0
86,12,-30.31753921508789,29.038293838500977,987.0
86,13,-4.920547008514404,1.8497830629348755,2.0
86,14,-12.751213073730469,4.922918796539307,7.0
86,15,-13.926995277404785,1057.3253173828125,252.0
86,16,-10.272295951843262,30.69496726989746,31.0
86,17,-12.825973510742188,24.692346572875977,10.0
86,18,-9.105302810668945,3.1210293769836426,9.0
86,19,-41.967079162597656,66.4671401977539,11080.0
86,20,-2.196204900741577,1.315906286239624,1.0
86,21,-13.77838134765625,31.330602645874023,7.0
86,22,-37.6090087890625,10.491475105285645,1562.0
86,23,-14.09849739074707,7.493762016296387,10.0
86,24,-14.543742179870605,18.333837509155273,64.0
86,25,-6.186359882354736,3.446199417114258,4.0
86,26,-11.943222045898438,5.5078511238098145,8.0
86,27,-17.42505645751953,18.250200271606445,31.0
86,28,-15.646627426147461,5.688884735107422,8.0
86,29,-11.91244888305664,3.7569422721862793,6.0
86,30,-3.8146088123321533,3.5663270950317383,4.0
86,31,-5.269171714782715,2.8686294555664062,7.0
86,32,-18.26707649230957,96.2326889038086,501.0
86,33,-10.121957778930664,5.403209209442139,3.0
86,34,-1.2365388870239258,1.2805732488632202,1.0
86,35,-14.343565940856934,4.196943759918213,16.0
86,36,-10.955636978149414,3.9332051277160645,15.0
86,37,-8.760228157043457,3.4954466819763184,11.0
86,38,-9.642688751220703,3.965083599090576,5.0
86,39,-4.995820045471191,1.8672699928283691,3.0
86,40,-4.037238121032715,1.2870173454284668,2.0
86,41,-24.388151168823242,32.59052658081055,128.0
86,42,-5.945412635803223,1.9359562397003174,3.0
86,43,-30.249637603759766,28.820035934448242,3028.0
86,44,-27.965599060058594,5.181192874908447,67.0
86,45,-4.550214767456055,4.557336330413818,7.0
86,46,-0.9780261516571045,1.17704176902771,1.0
86,47,-4.142474174499512,1.678346872329712,8.0
86,48,-0.672261118888855,1.0630208253860474,1.0
86,49,-1.8214077949523926,1.5767282247543335,2.0
86,50,-4.142474174499512,1.678346872329712,8.0
86,51,-9.827966690063477,4.071434020996094,22.0
86,52,-11.038334846496582,2.727771520614624,4.0
86,53,-13.11639404296875,6.512807369232178,11.0
86,54,-3.9095723628997803,2.185652494430542,2.0
86,55,-5.882613182067871,3.243077039718628,4.0
86,56,-2.897392988204956,2.6268820762634277,3.0
86,57,-7.989336013793945,3.786930799484253,2.0
86,58,-8.753021240234375,3.491849899291992,5.0
86,59,-17.63361358642578,34.0123176574707,27.0
86,60,-18.665714263916016,14.389958381652832,19.0
86,61,-2.8880107402801514,4.237635135650635,4.0
86,62,-7.757638931274414,4.718673229217529,12.0
86,63,-12.089674949645996,11.22265911102295,12.0
86,64,-28.550792694091797,23.862550735473633,17.0
86,65,-0.4800928831100464,1.0709912776947021,1.0
86,66,-8.352444648742676,2.840714454650879,3.0
86,67,-1.8831896781921387,1.6012706756591797,2.0
86,68,-0.8217651844024658,1.2280669212341309,1.0
86,69,-42.21256637573242,10.434761047363281,2381.0
86,70,-6.891246795654297,3.1535887718200684,5.0
86,71,-32.590179443359375,37.379817962646484,9707.0
86,72,-12.728630065917969,4.113574028015137,4.0
86,73,-3.3437376022338867,1.6123242378234863,2.0
86,74,-8.269730567932129,15.745848655700684,29.0
88,0,-13.019675254821777,8.757810592651367,14.0
88,1,-12.543451309204102,8.089567184448242,99.0
88,2,-5.276603698730469,3.740244150161743,2.0
88,3,-22.49702262878418,9.48491096496582,14.0
88,4,-2.296666145324707,1.583018183708191,1.0
88,5,-21.096492767333984,33.652320861816406,946.0
88,6,-0.6632791757583618,1.1418569087982178,1.0
88,7,-12.797222137451172,24.515499114990234,53.0
88,8,-0.21131904423236847,1.0729798078536987,1.0
88,9,-11.319271087646484,9.620096206665039,25.0
88,10,-2.847370147705078,4.1523942947387695,5.0
88,11,-0.91122967004776,1.3549211025238037,1.0
88,12,-30.227519989013672,28.749296188354492,939.0
88,13,-4.8969526290893555,1.8443355560302734,2.0
88,14,-12.716036796569824,4.901320457458496,7.0
88,15,-13.916414260864258,1051.7462158203125,243.0
88,16,-10.186333656311035,29.827911376953125,27.0
88,17,-12.825855255126953,24.69161605834961,10.0
88,18,-8.93132495880127,3.0538880825042725,9.0
88,19,-42.18013381958008,67.89845275878906,11982.0
88,20,-2.234466791152954,1.322214961051941,1.0
88,21,-13.681312561035156,30.579448699951172,7.0
88,22,-37.479827880859375,10.407110214233398,1458.0
88,23,-14.129072189331055,7.526566028594971,10.0
88,24,-14.596588134765625,18.528642654418945,65.0
88,25,-6.2119340896606445,3.4638712406158447,4.0
88,26,-11.848409652709961,5.433752059936523,8.0
88,27,-17.483570098876953,18.429052352905273,31.0
88,28,-15.579577445983887,5.646659851074219,8.0
88,29,-12.051819801330566,3.8155739307403564,6.0
88,30,-3.817107915878296,3.5692992210388184,4.0
88,31,-5.261681079864502,2.864335060119629,7.0
88,32,-18.231204986572266,95.37354278564453,501.0
88,33,-10.146286964416504,5.425161838531494,3.0
88,34,-1.2563539743423462,1.2856582403182983,1.0
88,35,-14.35819149017334,4.203086853027344,16.0
88,36,-11.016158103942871,3.9630727767944336,15.0
88,37,-8.78913688659668,3.5099120140075684,11.0
88,38,-9.75917911529541,4.031620979309082,6.0
88,39,-4.967355728149414,1.8606380224227905,3.0
88,40,-3.9949584007263184,1.283620834350586,2.0
88,41,-24.42342758178711,32.75518035888672,139.0
88,42,-5.852495193481445,1.9160720109939575,3.0
88,43,-30.370941162109375,29.211103439331055,3210.0
88,44,-27.923381805419922,5.168341636657715,63.0
88,45,-4.506258010864258,4.4910478591918945,7.0
88,46,-0.9606044292449951,1.1736290454864502,1.0
88,47,-4.1131672859191895,1.6722097396850586,8.0
88,48,-0.6749459505081177,1.0632803440093994,1.0
88,49,-1.8190151453018188,1.5757852792739868,2.0
88,50,-4.1131672859191895,1.6722097396850586,8.0
88,51,-9.862868309020996,4.091784477233887,21.0
88,52,-11.120590209960938,2.7482454776763916,4.0
88,53,-13.169898986816406,6.562779426574707,11.0
88,54,-3.84782338142395,2.1588263511657715,2.0
88,55,-5.921906471252441,3.2686636447906494,4.0
88,56,-2.4397432804107666,2.255220413208008,3.0
88,57,-8.04158878326416,3.820054769515991,2.0
88,58,-8.77859878540039,3.5046322345733643,6.0
88,59,-17.685535430908203,34.36735153198242,28.0
88,60,-18.757545471191406,14.579980850219727,17.0
88,61,-2.9084632396698,4.281192779541016,4.0
88,62,-7.78501033782959,4.7445759773254395,12.0
88,63,-12.139305114746094,11.334611892700195,12.0
88,64,-28.573001861572266,23.9215087890625,17.0
88,65,-0.4596162736415863,1.0678629875183105,1.0
88,66,-8.40998363494873,2.861219644546509,3.0
88,67,-1.885037899017334,1.602010726928711,2.0
88,68,-0.8143621683120728,1.2257962226867676,1.0
88,69,-42.175933837890625,10.413545608520508,2368.0
88,70,-6.8928117752075195,3.154411554336548,4.0
88,71,-32.48110580444336,36.92953872680664,9430.0
88,72,-12.644596099853516,4.075344085693359,4.0
88,73,-3.397245407104492,1.624696135520935,2.0
88,74,-8.28740406036377,15.838887214660645,29.0
90,0,-12.886812210083008,8.566010475158691,12.0
90,1,-12.576866149902344,8.134744644165039,99.0
90,2,-5.194976329803467,3.6646909713745117,2.0
90,3,-22.58367919921875,9.567461967468262,14.0
90,4,-2.3045482635498047,1.5855156183242798,1.0
90,5,-21.019336700439453,33.22234344482422,910.0
90,6,-0.648445188999176,1.1384743452072144,1.0
90,7,-12.847774505615234,24.827295303344727,53.0
90,8,-0.2378096878528595,1.0824965238571167,1.0
90,9,-11.34397029876709,9.66773509979248,25.0
90,10,-2.852166175842285,4.162363529205322,5.0
90,11,-0.926923930644989,1.362027883529663,1.0
90,12,-30.31943130493164,29.04439926147461,998.0
90,13,-4.920058250427246,1.8496700525283813,2.0
90,14,-12.855697631835938,4.987636566162109,7.0
90,15,-13.92055892944336,1053.9281005859375,240.0
90,16,-10.2643404006958,30.613676071166992,30.0
90,17,-12.867483139038086,24.94992446899414,11.0
90,18,-9.118733406066895,3.1262731552124023,9.0
90,19,-42.101436614990234,67.3662109375,11668.0
90,20,-2.2045793533325195,1.3172844648361206,1.0
90,21,-13.731022834777832,30.96184730529785,7.0
90,22,-37.58729553222656,10.47724723815918,1512.0
90,23,-14.063093185424805,7.455957412719727,10.0
90,24,-14.474287033081055,18.080923080444336,63.0
90,25,-6.150839805603027,3.421804189682007,4.0
90,26,-11.948944091796875,5.512355327606201,8.0
90,27,-17.454727172851562,18.340675354003906,31.0
90,28,-15.67963981628418,5.7097907066345215,7.0
90,29,-11.982643127441406,3.786358594894409,6.0
90,30,-3.829746723175049,3.5843682289123535,4.0
90,31,-5.296034336090088,2.884082555770874,7.0
90,32,-18.254228591918945,95.92408752441406,513.0
90,33,-10.167312622070312,5.444206714630127,3.0
90,34,-1.2102837562561035,1.2738665342330933,1.0
90,35,-14.415304183959961,4.227160453796387,16.0
90,36,-10.956392288208008,3.9335761070251465,15.0
90,37,-8.674338340759277,3.452819585800171,11.0
90,38,-9.718526840209961,4.008275032043457,6.0
90,39,-5.019589900970459,1.8728264570236206,3.0
90,40,-4.003288269042969,1.2842893600463867,2.0
90,41,-24.413558959960938,32.70903778076172,135.0
90,42,-5.862705707550049,1.9182469844818115,3.0
90,43,-30.405637741088867,29.323936462402344,3171.0
90,44,-27.852588653564453,5.14686393737793,64.0
90,45,-4.525839328765869,4.520456790924072,7.0
90,46,-1.0025386810302734,1.181860327720642,1.0
90,47,-4.164524555206299,1.6829792261123657,8.0
90,48,-0.6668837070465088,1.062501311302185,1.0
90,49,-1.78658127784729,1.5630598068237305,2.0
90,50,-4.164524555206299,1.6829792261123657,8.0
90,51,-9.836556434631348,4.076432704925537,21.0
90,52,-11.112466812133789,2.7462165355682373,4.0
90,53,-13.159709930419922,6.5532331466674805,11.0
90,54,-3.8598389625549316,2.164020299911499,2.0
90,55,-5.9495697021484375,3.2867984771728516,4.0
90,56,-2.908756732940674,2.6368517875671387,3.0
90,57,-7.972874641418457,3.7765560150146484,2.0
90,58,-8.750665664672852,3.490675210952759,6.0
90,59,-17.726726531982422,34.651649475097656,28.0
90,60,-18.83612823486328,14.744579315185547,20.0
90,61,-2.9140050411224365,4.293071746826172,4.0
90,62,-7.761092185974121,4.721933841705322,12.0
90,63,-12.13013744354248,11.313848495483398,12.0
90,64,-28.68472671508789,24.220319747924805,17.0
90,65,-0.47679245471954346,1.0704864263534546,1.0
90,66,-8.383292198181152,2.851689338684082,3.0
90,67,-1.8949204683303833,1.6059736013412476,2.0
90,68,-0.8097019195556641,1.224368929862976,1.0
90,69,-42.236534118652344,10.448664665222168,2446.0
90,70,-6.816355228424072,3.1144704818725586,4.0
90,71,-32.655094146728516,37.65040969848633,9651.0
90,72,-12.676856994628906,4.0899786949157715,4.0
90,73,-3.391650676727295,1.6233981847763062,2.0
90,74,-8.288351058959961,15.843887329101562,29.0
92,0,-12.98034954071045,8.700596809387207,12.0
92,1,-12.638633728027344,8.218920707702637,103.0
92,2,-5.268924713134766,3.7330708503723145,2.0
92,3,-22.52772331237793,9.51407527923584,14.0
92,4,-2.3000292778015137,1.5840833187103271,1.0
92,5,-21.11060905456543,33.731590270996094,921.0
92,6,-0.6595389246940613,1.1410030126571655,1.0
92,7,-12.825568199157715,24.68984603881836,53.0
92,8,-0.21285364031791687,1.0735288858413696,1.0
92,9,-11.36946964263916,9.717164993286133,26.0
92,10,-2.8764095306396484,4.213125705718994,5.0
92,11,-0.924728512763977,1.361031413078308,1.0
92,12,-30.415739059448242,29.356870651245117,947.0
92,13,-4.9001617431640625,1.8450754880905151,2.0
92,14,-12.642541885375977,4.856498718261719,7.0
92,15,-13.947029113769531,1067.9696044921875,255.0
92,16,-10.28989315032959,30.87554168701172,29.0
92,17,-12.899689674377441,25.151622772216797,11.0
92,18,-9.102875709533691,3.1200826168060303,9.0
92,19,-42.206905364990234,68.08049774169922,11670.0
92,20,-2.2073800563812256,1.3177458047866821,1.0
92,21,-13.751583099365234,31.121402740478516,7.0
92,22,-37.58391571044922,10.4750337600708,1513.0
92,23,-14.164994239807129,7.56528902053833,10.0
92,24,-14.606632232666016,18.56589698791504,65.0
92,25,-6.169795989990234,3.4348015785217285,4.0
92,26,-11.955324172973633,5.5173821449279785,8.0
92,27,-17.48075294494629,18.420400619506836,31.0
92,28,-15.724230766296387,5.738149166107178,8.0
92,29,-12.047248840332031,3.813636541366577,6.0
92,30,-3.85479474067688,3.6144204139709473,4.0
92,31,-5.283790588378906,2.8770291805267334,6.0
92,32,-18.358558654785156,98.45894622802734,511.0
92,33,-10.171459197998047,5.447970867156982,3.0
92,34,-1.2547974586486816,1.2852579355239868,1.0
92,35,-14.338343620300293,4.1947526931762695,16.0
92,36,-10.978475570678711,3.9444494247436523,15.0
92,37,-8.684609413146973,3.4578897953033447,11.0
92,38,-9.747491836547852,4.024895191192627,5.0
92,39,-4.935922622680664,1.8533416986465454,3.0
92,40,-3.9608185291290283,1.280884861946106,2.0
92,41,-24.266502380371094,32.02904510498047,127.0
92,42,-5.95809268951416,1.9386857748031616,3.0
92,43,-30.48246955871582,29.575340270996094,3076.0
92,44,-27.960342407226562,5.179590702056885,64.0
92,45,-4.565601348876953,4.580770015716553,7.0
92,46,-0.9837664365768433,1.178168535232544,1.0
92,47,-4.110347747802734,1.671620488166809,8.0
92,48,-0.6521532535552979,1.0610793828964233,1.0
92,49,-1.8184090852737427,1.5755466222763062,2.0
92,50,-4.110347747802734,1.671620488166809,8.0
92,51,-9.875662803649902,4.099270343780518,21.0
92,52,-11.06973648071289,2.735569715499878,4.0
92,53,-13.143745422363281,6.538304805755615,11.0
92,54,-3.8350162506103516,2.153303623199463,2.0
92,55,-5.944749355316162,3.2836310863494873,4.0
92,56,-3.0490522384643555,2.7630932331085205,4.0
92,57,-7.960550785064697,3.7688069343566895,2.0
92,58,-8.695302963256836,3.4631762504577637,5.0
92,59,-17.76181983947754,34.89570999145508,28.0
92,60,-18.630924224853516,14.31861686706543,18.0
92,61,-2.896005630493164,4.254609107971191,4.0
92,62,-7.760833740234375,4.721689701080322,12.0
92,63,-12.103485107421875,11.253700256347656,12.0
92,64,-28.611024856567383,24.022785186767578,16.0
92,65,-0.48223209381103516,1.0713186264038086,1.0
92,66,-8.35623836517334,2.842061758041382,3.0
92,67,-1.8936517238616943,1.605464220046997,2.0
92,68,-0.8214356303215027,1.2279657125473022,1.0
92,69,-42.15211486816406,10.399775505065918,2371.0
92,70,-6.838266372680664,3.1258647441864014,5.0
92,71,-32.575618743896484,37.319400787353516,9807.0
92,72,-12.7054443359375,4.10299015045166,4.0
92,73,-3.354085922241211,1.614709496498108,2.0
92,74,-8.29348373413086,15.871017456054688,29.0
94,0,-12.963306427001953,8.675917625427246,12.0
94,1,-12.579837799072266,8.138773918151855,101.0
94,2,-5.264915466308594,3.7293310165405273,2.0
94,3,-22.518653869628906,9.505451202392578,14.0
94,4,-2.311166286468506,1.5876154899597168,1.0
94,5,-21.060630798339844,33.451786041259766,920.0
94,6,-0.6635986566543579,1.1419299840927124,1.0
94,7,-12.76972484588623,24.347549438476562,51.0
94,8,-0.23268745839595795,1.0806498527526855,1.0
94,9,-11.401268005371094,9.779160499572754,26.0
94,10,-2.8386459350585938,4.134320259094238,5.0
94,11,-0.9172962307929993,1.3576637506484985,1.0
94,12,-30.141368865966797,28.475412368774414,987.0
94,13,-4.888984680175781,1.8424993753433228,2.0
94,14,-12.777912139892578,4.939376354217529,7.0
94,15,-13.920184135437012,1053.7305908203125,242.0
94,16,-10.26764965057373,30.6474666595459,31.0
94,17,-12.952594757080078,25.486494064331055,11.0
94,18,-9.05026912689209,3.099632740020752,9.0
94,19,-42.01923370361328,66.8147201538086,11668.0
94,20,-2.2043263912200928,1.3172428607940674,1.0
94,21,-13.761387825012207,31.19778060913086,7.0
94,22,-37.610626220703125,10.492536544799805,1506.0
94,23,-14.10446548461914,7.5001540184021,10.0
94,24,-14.575078010559082,18.4491024017334,66.0
94,25,-6.137091159820557,3.412407875061035,4.0
94,26,-11.883864402770996,5.461343765258789,8.0
94,27,-17.52768898010254,18.565065383911133,31.0
94,28,-15.638296127319336,5.683620452880859,8.0
94,29,-12.056291580200195,3.817470073699951,6.0
94,30,-3.8114755153656006,3.5626044273376465,4.0
94,31,-5.248710632324219,2.8569142818450928,6.0
94,32,-18.218976974487305,95.08243560791016,494.0
94,33,-10.122961044311523,5.404111862182617,3.0
94,34,-1.2296841144561768,1.2788188457489014,1.0
94,35,-14.422491073608398,4.230199337005615,16.0
94,36,-10.95932388305664,3.9350180625915527,15.0
94,37,-8.71603775024414,3.47344970703125,11.0
94,38,-9.640167236328125,3.963655471801758,5.0
94,39,-4.957321643829346,1.858305811882019,3.0
94,40,-4.034287929534912,1.2867799997329712,2.0
94,41,-24.335912704467773,32.34821701049805,136.0
94,42,-5.902586936950684,1.9267661571502686,3.0
94,43,-30.555078506469727,29.814916610717773,3239.0
94,44,-28.2310791015625,5.262739658355713,66.0
94,45,-4.511683940887451,4.499177932739258,7.0
94,46,-1.0163536071777344,1.1845847368240356,1.0
94,47,-4.174714088439941,1.685124158859253,8.0
94,48,-0.6592918038368225,1.0617682933807373,1.0
94,49,-1.817507266998291,1.5751914978027344,2.0
94,50,-4.174714088439941,1.685124158859253,8.0
94,51,-9.801231384277344,4.05591344833374,21.0
94,52,-11.090821266174316,2.7408180236816406,4.0
94,53,-13.203781127929688,6.594621658325195,11.0
94,54,-3.803748607635498,2.1398799419403076,2.0
94,55,-5.949783802032471,3.2869391441345215,4.0
94,56,-3.8197126388549805,3.572399616241455,7.0
94,57,-8.100128173828125,3.8575079441070557,2.0
94,58,-8.714042663574219,3.4724600315093994,6.0
94,59,-17.73696517944336,34.722679138183594,28.0
94,60,-18.710494995117188,14.482309341430664,18.0
94,61,-2.912336826324463,4.289492607116699,4.0
94,62,-7.741135120391846,4.703124523162842,12.0
94,63,-12.067240715026855,11.172418594360352,12.0
94,64,-28.57781219482422,23.93429946899414,17.0
94,65,-0.45101994276046753,1.0665525197982788,1.0
94,66,-8.363813400268555,2.844754219055176,3.0
94,67,-1.8923449516296387,1.6049398183822632,2.0
94,68,-0.8262207508087158,1.2294355630874634,1.0
94,69,-42.352149963378906,10.515992164611816,2478.0
94,70,-6.886314392089844,3.1509974002838135,5.0
94,71,-32.694618225097656,37.81611251831055,9869.0
94,72,-12.703642845153809,4.102169036865234,4.0
94,73,-3.357417583465576,1.6154783964157104,2.0
94,74,-8.289520263671875,15.850061416625977,29.0
96,0,-12.925919532775879,8.622025489807129,12.0
96,1,-12.546053886413574,8.0930757522583,100.0
96,2,-5.3301920890808105,3.790689706802368,2.0
96,3,-22.547100067138672,9.532527923583984,14.0
96,4,-2.2867157459259033,1.5798710584640503,1.0
96,5,-21.074974060058594,33.53185272216797,931.0
96,6,-0.6541926860809326,1.1397837400436401,1.0
96,7,-12.859477043151855,24.90003776550293,52.0
96,8,-0.2182990461587906,1.07547926902771,1.0
96,9,-11.324487686157227,9.630138397216797,25.0
96,10,-2.8731937408447266,4.206357002258301,5.0
96,11,-0.9157321453094482,1.356956124305725,1.0
96,12,-30.109798431396484,28.37569808959961,961.0
96,13,-4.8697614669799805,1.838077425956726,2.0
96,14,-12.710126876831055,4.897700786590576,7.0
96,15,-13.934999465942383,1061.565185546875,242.0
96,16,-10.253244400024414,30.500656127929688,31.0
96,17,-12.808835983276367,24.58678436279297,10.0
96,18,-9.02615737915039,3.090304374694824,9.0
96,19,-41.98445129394531,66.5827407836914,11268.0
96,20,-2.18030047416687,1.3132927417755127,1.0
96,21,-13.715916633605957,30.845138549804688,7.0
96,22,-37.53752136230469,10.444704055786133,1484.0
96,23,-14.20628833770752,7.610050201416016,10.0
96,24,-14.527297019958496,18.273637771606445,63.0
96,25,-6.215117454528809,3.4660775661468506,4.0
96,26,-11.983205795288086,5.539402008056641,8.0
96,27,-17.572559356689453,18.704418182373047,33.0
96,28,-15.631402015686035,5.679269313812256,8.0
96,29,-12.115374565124512,3.842613697052002,6.0
96,30,-3.83077335357666,3.58559513092041,4.0
96,31,-5.223761081695557,2.842694044113159,6.0
96,32,-18.17620086669922,94.07103729248047,500.0
96,33,-10.122074127197266,5.403313159942627,3.0
96,34,-1.2468842267990112,1.2832255363464355,1.0
96,35,-14.409280776977539,4.22461462020874,16.0
96,36,-10.955686569213867,3.933229446411133,15.0
96,37,-8.766515731811523,3.4985878467559814,11.0
96,38,-9.74620246887207,4.024154186248779,7.0
96,39,-4.971595764160156,1.8616243600845337,3.0
96,40,-3.9481353759765625,1.2798700332641602,2.0
96,41,-24.314495086669922,32.24939727783203,130.0
96,42,-5.895133018493652,1.9251708984375,3.0
96,43,-30.337398529052734,29.10243797302246,3161.0
96,44,-28.03902244567871,5.203618049621582,67.0
96,45,-4.560210227966309,4.572545528411865,7.0
96,46,-0.9761536717414856,1.1766746044158936,1.0
96,47,-4.167413711547852,1.6835871934890747,8.0
96,48,-0.6588112115859985,1.0617218017578125,1.0
96,49,-1.8170663118362427,1.5750178098678589,2.0
96,50,-4.167413711547852,1.6835871934890747,8.0
96,51,-9.9232177734375,4.127213478088379,23.0
96,52,-11.088858604431152,2.7403292655944824,4.0
96,53,-13.220612525939941,6.610496997833252,11.0
96,54,-3.8594653606414795,2.163858652114868,2.0
96,55,-5.838232040405273,3.214418411254883,4.0
96,56,-2.7990264892578125,2.5421464443206787,3.0
96,57,-8.040489196777344,3.819355010986328,2.0
96,58,-8.702117919921875,3.4665491580963135,5.0
96,59,-17.677709579467773,34.31360626220703,28.0
96,60,-18.85592269897461,14.786331176757812,19.0
96,61,-2.905667781829834,4.27521276473999,4.0
96,62,-7.772781848907471,4.7329864501953125,12.0
96,63,-12.084671020507812,11.211435317993164,12.0
96,64,-28.61739730834961,24.03980255126953,17.0
96,65,-0.48376667499542236,1.0715535879135132,1.0
96,66,-8.381448745727539,2.851032257080078,3.0
96,67,-1.875723958015442,1.5982847213745117,2.0
96,68,-0.8203020691871643,1.2276177406311035,1.0
96,69,-42.033714294433594,10.33159065246582,2437.0
96,70,-6.912586212158203,3.1648247241973877,5.0
96,71,-32.579322814941406,37.33475875854492,9739.0
96,72,-12.68802261352539,4.09505558013916,4.0
96,73,-3.375566005706787,1.6196720600128174,2.0
96,74,-8.298812866210938,15.899232864379883,29.0
98,0,-12.935075759887695,8.635190963745117,12.0
98,1,-12.542781829833984,8.088664054870605,100.0
98,2,-5.2730712890625,3.736942768096924,2.0
98,3,-22.517322540283203,9.504186630249023,14.0
98,4,-2.3129665851593018,1.588187336921692,1.0
98,5,-21.02362060546875,33.24607467651367,923.0
98,6,-0.648462176322937,1.13847815990448,1.0
98,7,-12.782464027404785,24.425214767456055,52.0
98,8,-0.2052004039287567,1.0707937479019165,1.0
98,9,-11.401893615722656,9.78038501739502,26.0
98,10,-2.879336357116699,4.219295501708984,5.0
98,11,-0.9342065453529358,1.3653382062911987,1.0
98,12,-30.330848693847656,29.081270217895508,984.0
98,13,-4.86801815032959,1.837677001953125,2.0
98,14,-12.889525413513184,5.008771896362305,7.0
98,15,-13.868825912475586,1027.0162353515625,237.0
98,16,-10.299043655395508,30.969863891601562,30.0
98,17,-12.885226249694824,25.060840606689453,11.0
98,18,-9.01006031036377,3.084092617034912,9.0
98,19,-42.030948638916016,66.8930435180664,11523.0
98,20,-2.190255641937256,1.3149280548095703,1.0
98,21,-13.667160034179688,30.471445083618164,7.0
98,22,-37.455631256103516,10.391383171081543,1554.0
98,23,-14.118743896484375,7.515469551086426,10.0
98,24,-14.564248085021973,18.4091854095459,63.0
98,25,-6.1773600578308105,3.4400014877319336,4.0
98,26,-11.924842834472656,5.493409156799316,8.0
98,27,-17.479476928710938,18.416484832763672,31.0
98,28,-15.651498794555664,5.691964626312256,8.0
98,29,-11.994229316711426,3.791236162185669,6.0
98,30,-3.8248703479766846,3.5785470008850098,4.0
98,31,-5.295901298522949,2.8840057849884033,7.0
98,32,-18.234661102294922,95.45598602294922,510.0
98,33,-10.137810707092285,5.417503833770752,3.0
98,34,-1.2424203157424927,1.2820804119110107,1.0
98,35,-14.37303352355957,4.209329128265381,16.0
98,36,-11.00191593170166,3.956023931503296,15.0
98,37,-8.768780708312988,3.4997198581695557,11.0
98,38,-9.642741203308105,3.965113401412964,5.0
98,39,-4.939043998718262,1.85406494140625,3.0
98,40,-4.013585090637207,1.2851160764694214,2.0
98,41,-24.295421600341797,32.16164016723633,135.0
98,42,-5.890240669250488,1.9241247177124023,3.0
98,43,-30.511695861816406,29.67154312133789,3114.0
98,44,-28.069229125976562,5.2128729820251465,66.0
98,45,-4.526721000671387,4.521785259246826,7.0
98,46,-1.0043455362319946,1.1822164058685303,1.0
98,47,-4.15022611618042,1.6799739599227905,8.0
98,48,-0.6629459261894226,1.062121033668518,1.0
98,49,-1.8553016185760498,1.5901453495025635,2.0
98,50,-4.15022611618042,1.6799739599227905,8.0
98,51,-9.889740943908691,4.107522487640381,24.0
98,52,-11.050239562988281,2.7307255268096924,4.0
98,53,-13.205129623413086,6.595892429351807,11.0
98,54,-3.8336849212646484,2.1527304649353027,2.0
98,55,-5.939918518066406,3.2804601192474365,4.0
98,56,-2.9301631450653076,2.655733823776245,3.0
98,57,-8.000650405883789,3.794079065322876,2.0
98,58,-8.74100399017334,3.4858601093292236,5.0
98,59,-17.736143112182617,34.71696853637695,28.0
98,60,-18.79608917236328,14.660483360290527,17.0
98,61,-2.903815984725952,4.271255970001221,4.0
98,62,-7.781286716461182,4.741044044494629,12.0
98,63,-12.082847595214844,11.207345962524414,12.0
98,64,-28.543357849121094,23.842845916748047,17.0
98,65,-0.448580265045166,1.0661808252334595,1.0
98,66,-8.347740173339844,2.8390445709228516,3.0
98,67,-1.8830184936523438,1.601202130317688,2.0
98,68,-0.8328900337219238,1.2314871549606323,1.0
98,69,-42.176856994628906,10.414080619812012,2366.0
98,70,-6.856307029724121,3.1352779865264893,4.0
98,71,-32.53789138793945,37.16328048706055,9339.0
98,72,-12.729966163635254,4.114184379577637,4.0
98,73,-3.3845086097717285,1.621742606163025,2.0
98,74,-8.308426856994629,15.950268745422363,29.0
100,0,-12.93486213684082,8.63488483428955,12.0
100,1,-12.613689422607422,8.184823036193848,102.0
100,2,-5.26323938369751,3.727768659591675,2.0
100,3,-22.49274444580078,9.480854988098145,14.0
100,4,-2.314239025115967,1.5885915756225586,1.0
100,5,-21.127681732177734,33.82770919799805,939.0
100,6,-0.6655031442642212,1.1423648595809937,1.0
100,7,-12.782814025878906,24.427352905273438,51.0
100,8,-0.23836061358451843,1.0826952457427979,1.0
100,9,-11.361148834228516,9.701006889343262,25.0
100,10,-2.886880874633789,4.235241889953613,5.0
100,11,-0.9465318322181702,1.3709591627120972,1.0
100,12,-30.194469451904297,28.643918991088867,968.0
100,13,-4.833183765411377,1.8296926021575928,2.0
100,14,-12.886844635009766,5.00709342956543,7.0
100,15,-13.942741394042969,1065.6824951171875,244.0
100,16,-10.279446601867676,30.76821517944336,31.0
100,17,-12.915480613708496,25.251110076904297,10.0
100,18,-9.069239616394043,3.106991767883301,9.0
100,19,-41.99622344970703,66.66114044189453,11152.0
100,20,-2.175462484359741,1.3124988079071045,1.0
100,21,-13.65040397644043,30.344064712524414,7.0
100,22,-37.480350494384766,10.407450675964355,1494.0
100,23,-14.171222686767578,7.572023391723633,10.0
100,24,-14.553346633911133,18.369089126586914,66.0
100,25,-6.177974224090576,3.4404244422912598,4.0
100,26,-11.980070114135742,5.536920547485352,8.0
100,27,-17.458154678344727,18.35115623474121,31.0
100,28,-15.560083389282227,5.634442329406738,8.0
100,29,-12.029251098632812,3.806018114089966,6.0
100,30,-3.8175060749053955,3.5697731971740723,4.0
100,31,-5.286443710327148,2.8785560131073,7.0
100,32,-18.232858657836914,95.41297912597656,504.0
100,33,-10.163780212402344,5.44100284576416,3.0
100,34,-1.2311874628067017,1.2792034149169922,1.0
100,35,-14.399883270263672,4.220646858215332,16.0
100,36,-10.97557258605957,3.943018674850464,15.0
100,37,-8.743471145629883,3.487089157104492,11.0
100,38,-9.738641738891602,4.019809722900391,5.0
100,39,-4.960936069488525,1.8591456413269043,3.0
100,40,-3.9385833740234375,1.2791061401367188,2.0
100,41,-24.32598876953125,32.302391052246094,134.0
100,42,-5.931646823883057,1.9329973459243774,3.0
100,43,-30.355072021484375,29.159648895263672,3112.0
100,44,-28.027835845947266,5.2001953125,65.0
100,45,-4.557616710662842,4.568594455718994,7.0
100,46,-0.9685106873512268,1.1751765012741089,1.0
100,47,-4.196327209472656,1.6896828413009644,8.0
100,48,-0.6631093621253967,1.0621367692947388,1.0
100,49,-1.8285317420959473,1.5795388221740723,2.0
100,50,-4.196327209472656,1.6896828413009644,8.0
100,51,-9.870468139648438,4.096229076385498,21.0
100,52,-11.129383087158203,2.750443458557129,4.0
100,53,-13.190583229064941,6.582200527191162,11.0
100,54,-3.8647987842559814,2.166168212890625,2.0
100,55,-5.966656684875488,3.2980499267578125,4.0
100,56,-2.849642276763916,2.5854015350341797,3.0
100,57,-7.945001125335693,3.759052276611328,2.0
100,58,-8.745477676391602,3.488089084625244,5.0
100,59,-17.678752899169922,34.32076644897461,28.0
100,60,-18.724233627319336,14.510760307312012,19.0
100,61,-2.935391902923584,4.339225769042969,4.0
100,62,-7.810460567474365,4.768787384033203,12.0
100,63,-12.090652465820312,11.224853515625,12.0
100,64,-28.446609497070312,23.587913513183594,17.0
100,65,-0.4649539887905121,1.068677544593811,1.0
100,66,-8.37600326538086,2.8490922451019287,3.0
100,67,-1.9082351922988892,1.611328125,2.0
100,68,-0.8110507726669312,1.22478187084198,1.0
100,69,-42.12962341308594,10.386788368225098,2435.0
100,70,-6.812465667724609,3.112452268600464,4.0
100,71,-32.51976013183594,37.08849334716797,9408.0
100,72,-12.629817962646484,4.068657398223877,4.0
100,73,-3.373612642288208,1.61922025680542,2.0
100,74,-8.303497314453125,15.924080848693848,29.0
