step,probe_index,log_prob,perplexity,target_rank
0,0,-3.0833332538604736,2.161566734313965,1.0
0,1,-28.129051208496094,12.8994722366333,85.0
0,2,-2.0369341373443604,1.6640151739120483,3.0
0,3,-1.1158360242843628,1.4505537748336792,1.0
0,4,-8.630881309509277,8.651392936706543,13.0
0,5,-14.172178268432617,7.573057651519775,20.0
0,6,-25.013208389282227,12.198596000671387,37.0
0,7,-3.4937942028045654,3.204634666442871,1.0
0,8,-18.75905990600586,42.59819793701172,118.0
0,9,-9.161856651306152,2.499737501144409,12.0
0,10,-4.491583824157715,4.4691338539123535,4.0
0,11,-6.778268814086914,3.87929630279541,5.0
0,12,-27.57817840576172,51.40522003173828,602.0
0,13,-10.495019912719727,13.787398338317871,9.0
0,14,-39.203487396240234,35.302486419677734,581.0
0,15,-6.266666412353516,3.5019967555999756,22.0
0,16,-0.17658624053001404,1.0923082828521729,1.0
0,17,-49.40807342529297,61.395687103271484,9200.0
0,18,-7.7715044021606445,6.978794097900391,19.0
0,19,-12.600810050964355,4.055564880371094,12.0
0,20,-7.559283256530762,4.53514289855957,2.0
0,21,-5.130252361297607,169.05978393554688,7.0
0,22,-26.289823532104492,192.09011840820312,103.0
0,23,-15.704301834106445,50.70758056640625,102.0
0,24,-17.00592613220215,70.2093505859375,90.0
0,25,-6.6729536056518555,28.11988067626953,12.0
0,26,-20.05574607849121,6.191947937011719,20.0
0,27,-2.2103869915008545,2.0892302989959717,1.0
0,28,-9.988240242004395,7.371697425842285,88.0
0,29,-38.387229919433594,46.46609878540039,1605.0
0,30,-15.373893737792969,2179.70947265625,4131.0
0,31,-7.843421936035156,4.800328254699707,6.0
0,32,-20.96825408935547,35743.62109375,3956.0
0,33,-28.90808868408203,62.16093826293945,70.0
0,34,-19.75208282470703,19458.541015625,1885.0
0,35,-18.187454223632812,94.33606719970703,187.0
0,36,-18.120771408081055,8607.4697265625,11618.0
0,37,-14.348395347595215,36.12910461425781,707.0
0,38,-23.238094329833984,18.260892868041992,756.0
0,39,-6.041674613952637,7.492417335510254,4.0
0,40,-31.216358184814453,5.664632797241211,60.0
0,41,-6.554319381713867,5.147853851318359,30.0
0,42,-16.615222930908203,10.736008644104004,54.0
0,43,-8.639850616455078,3.435850143432617,25.0
0,44,-42.40542984008789,69.44554138183594,519.0
0,45,-16.73976707458496,10.928732872009277,31.0
0,46,-1.792262315750122,1.8174251317977905,2.0
0,47,-1.6380321979522705,1.506076693534851,2.0
0,48,-1.8242340087890625,1.5778425931930542,1.0
0,49,-15.538626670837402,13.326720237731934,34.0
0,50,-10.506036758422852,13.825424194335938,31.0
0,51,-8.61808967590332,4.205311298370361,5.0
0,52,-19.022533416748047,23.817541122436523,13.0
0,53,-13.667637825012207,95.19039916992188,117.0
0,54,-62.33064270019531,10.993810653686523,1749.0
0,55,-21.649032592773438,14.971211433410645,250.0
0,56,-7.655065536499023,6.778572082519531,7.0
0,57,-22.54579734802246,1835.855712890625,24670.0
0,58,-28.727052688598633,1315.2252197265625,18700.0
0,59,-5.305739879608154,2.889686107635498,2.0
0,60,-10.421918869018555,8.03963565826416,11.0
0,61,-15.444036483764648,9.081968307495117,25.0
0,62,-22.363059997558594,267.9405212402344,19182.0
0,63,-21.13093376159668,1145.5548095703125,17971.0
0,64,-23.638248443603516,368.5447692871094,380.0
0,65,-7.198685646057129,2.4591989517211914,2.0
0,66,-54.371726989746094,24.491762161254883,163.0
0,67,-48.34782028198242,81.06542205810547,251.0
0,68,-43.30986785888672,123.00287628173828,6799.0
0,69,-28.558425903320312,116.71528625488281,4251.0
0,70,-11.818370819091797,51.39068603515625,423.0
0,71,-13.723052978515625,9.847084045410156,39.0
0,72,-9.562994003295898,6.770662307739258,11.0
0,73,-28.983688354492188,25.038379669189453,51.0
0,74,-43.73394775390625,1464.0933837890625,4468.0
0,75,-15.645669937133789,49.96973419189453,215.0
0,76,-20.62009048461914,19.024492263793945,43.0
0,77,-47.97568130493164,30.779052734375,208.0
0,78,-13.34122085571289,85.37671661376953,58.0
0,79,-45.07200622558594,9.521956443786621,72.0
0,80,-2.173964023590088,2.0640182495117188,1.0
0,81,-9.555946350097656,10.902440071105957,17.0
0,82,-11.850099563598633,2.684537172317505,50.0
0,83,-40.631988525390625,10.914770126342773,1152.0
0,84,-16.766834259033203,16.354000091552734,40.0
0,85,-61.30021667480469,111.65360260009766,248.0
0,86,-29.36534881591797,39.278160095214844,26.0
0,87,-17.90587043762207,87.92353820800781,462.0
0,88,-29.178041458129883,342.27294921875,947.0
0,89,-11.875527381896973,52.379180908203125,107.0
0,90,-13.637614250183105,94.24250030517578,124.0
0,91,-73.73876953125,466.3318176269531,15205.0
0,92,-4.638564586639404,4.693545341491699,3.0
0,93,-13.123350143432617,13.800020217895508,15.0
0,94,-32.557254791259766,25.938425064086914,14905.0
0,95,-25.4022159576416,23.933448791503906,10432.0
0,96,-5.587104797363281,6.438968181610107,6.0
0,97,-44.98947525024414,7.728975296020508,18.0
2,0,-3.0767133235931396,2.157992362976074,1.0
2,1,-28.078227996826172,12.84001350402832,85.0
2,2,-2.047441005706787,1.6683918237686157,3.0
2,3,-1.1508557796478271,1.4675856828689575,1.0
2,4,-8.612342834472656,8.61138916015625,13.0
2,5,-14.1214017868042,7.518322467803955,20.0
2,6,-25.011310577392578,12.196281433105469,35.0
2,7,-3.4801645278930664,3.190108060836792,1.0
2,8,-18.754127502441406,42.55619430541992,117.0
2,9,-9.147132873535156,2.4960594177246094,12.0
2,10,-4.501796722412109,4.484374046325684,4.0
2,11,-6.783097267150879,3.8830442428588867,5.0
2,12,-27.608808517456055,51.63064193725586,621.0
2,13,-10.569158554077148,14.045326232910156,9.0
2,14,-39.01609420776367,34.7061767578125,505.0
2,15,-6.265512943267822,3.5011887550354004,22.0
2,16,-0.16832926869392395,1.0878080129623413,1.0
2,17,-49.272220611572266,60.70454025268555,9304.0
2,18,-7.711483001708984,6.874856472015381,19.0
2,19,-12.605091094970703,4.057494163513184,11.0
2,20,-7.59060001373291,4.563637733459473,2.0
2,21,-5.115736484527588,166.6234588623047,8.0
2,22,-26.22669219970703,189.67999267578125,101.0
2,23,-15.706354141235352,50.73360824584961,101.0
2,24,-16.883747100830078,68.09725189208984,86.0
2,25,-6.64499568939209,27.729530334472656,12.0
2,26,-20.025150299072266,6.17474889755249,20.0
2,27,-2.253018856048584,2.119131326675415,1.0
2,28,-10.017995834350586,7.415698528289795,90.0
2,29,-38.37120056152344,46.39167404174805,1567.0
2,30,-15.406515121459961,2215.5537109375,4140.0
2,31,-7.8953166007995605,4.850409984588623,6.0
2,32,-20.929931640625,35065.24609375,3911.0
2,33,-28.893369674682617,62.030364990234375,69.0
2,34,-19.78963851928711,19827.3828125,1929.0
2,35,-18.162508010864258,93.74956512451172,186.0
2,36,-18.20523452758789,8978.76171875,12127.0
2,37,-14.359021186828613,36.22521209716797,705.0
2,38,-23.163951873779297,18.092435836791992,751.0
2,39,-6.046250343322754,7.503854751586914,4.0
2,40,-31.233314514160156,5.6699724197387695,62.0
2,41,-6.585334777832031,5.187924385070801,30.0
2,42,-16.557405471801758,10.647696495056152,52.0
2,43,-8.65122127532959,3.4414355754852295,25.0
2,44,-42.22719955444336,68.21880340576172,457.0
2,45,-16.8099308013916,11.038826942443848,32.0
2,46,-1.7729464769363403,1.8057610988616943,2.0
2,47,-1.6515543460845947,1.511176586151123,2.0
2,48,-1.823130488395691,1.5774074792861938,1.0
2,49,-15.582027435302734,13.423470497131348,34.0
2,50,-10.485742568969727,13.755457878112793,31.0
2,51,-8.624408721923828,4.209742069244385,5.0
2,52,-18.970855712890625,23.613279342651367,12.0
2,53,-13.675212860107422,95.43109130859375,118.0
2,54,-62.314857482910156,10.987136840820312,1747.0
2,55,-21.653366088867188,14.97932243347168,252.0
2,56,-7.620779037475586,6.72071647644043,7.0
2,57,-22.56358528137207,1846.7728271484375,24733.0
2,58,-28.73331642150879,1317.286376953125,18887.0
2,59,-5.2973175048828125,2.8848228454589844,2.0
2,60,-10.400689125061035,8.005571365356445,10.0
2,61,-15.308877944946289,8.908292770385742,24.0
2,62,-22.294475555419922,263.38555908203125,19241.0
2,63,-21.152660369873047,1153.88134765625,17998.0
2,64,-23.6522216796875,369.8344421386719,391.0
2,65,-7.199464321136475,2.4594383239746094,2.0
2,66,-54.388973236083984,24.516620635986328,177.0
2,67,-48.261775970458984,80.43376159667969,240.0
2,68,-42.948890686035156,118.16702270507812,6087.0
2,69,-28.577119827270508,117.07949829101562,4243.0
2,70,-11.834186553955078,51.662330627441406,428.0
2,71,-13.692100524902344,9.796417236328125,39.0
2,72,-9.551641464233398,6.755306243896484,11.0
2,73,-28.970487594604492,25.001680374145508,48.0
2,74,-43.34010314941406,1371.0751953125,4509.0
2,75,-15.597087860107422,49.366493225097656,214.0
2,76,-20.5347957611084,18.794086456298828,43.0
2,77,-48.02533721923828,30.888418197631836,210.0
2,78,-13.344465255737305,85.46910095214844,58.0
2,79,-45.03254699707031,9.503189086914062,72.0
2,80,-2.197826385498047,2.080501079559326,1.0
2,81,-9.619256019592285,11.076370239257812,17.0
2,82,-11.785316467285156,2.670083522796631,50.0
2,83,-40.690914154052734,10.952670097351074,1157.0
2,84,-16.734283447265625,16.265514373779297,39.0
2,85,-61.155113220214844,110.41427612304688,265.0
2,86,-29.365314483642578,39.277992248535156,26.0
2,87,-17.87316131591797,87.2074966430664,464.0
2,88,-28.807336807250977,317.8143615722656,778.0
2,89,-11.894495010375977,52.71139144897461,109.0
2,90,-13.598538398742676,93.02291870117188,124.0
2,91,-73.46263885498047,455.7237243652344,14995.0
2,92,-4.610651969909668,4.650077819824219,3.0
2,93,-13.1218843460083,13.795973777770996,15.0
2,94,-31.710479736328125,23.832447052001953,10792.0
2,95,-24.67209815979004,21.84587860107422,7808.0
2,96,-5.627146244049072,6.525485515594482,6.0
2,97,-45.01502990722656,7.737957954406738,19.0
4,0,-3.1132936477661133,2.1778180599212646,1.0
4,1,-27.78157615661621,12.498364448547363,85.0
4,2,-2.071073293685913,1.6782780885696411,3.0
4,3,-1.1261742115020752,1.4555610418319702,1.0
4,4,-8.608824729919434,8.603818893432617,13.0
4,5,-13.906558990478516,7.291077613830566,20.0
4,6,-24.953964233398438,12.12653923034668,35.0
4,7,-3.4579458236694336,3.1665687561035156,1.0
4,8,-18.63128662109375,41.523406982421875,113.0
4,9,-9.146554946899414,2.495915174484253,12.0
4,10,-4.476522445678711,4.446753025054932,4.0
4,11,-6.715892314910889,3.8312017917633057,5.0
4,12,-27.525169372558594,51.01741409301758,611.0
4,13,-10.475187301635742,13.719206809997559,9.0
4,14,-36.41950225830078,27.408788681030273,216.0
4,15,-6.312652111053467,3.534353733062744,23.0
4,16,-0.1762523651123047,1.0921260118484497,1.0
4,17,-47.986297607421875,54.53584289550781,9029.0
4,18,-7.666521072387695,6.798012733459473,19.0
4,19,-12.63375473022461,4.070437908172607,11.0
4,20,-7.5500407218933105,4.526767253875732,2.0
4,21,-5.126898288726807,168.49368286132812,8.0
4,22,-25.483427047729492,163.47914123535156,76.0
4,23,-15.657397270202637,50.11644744873047,103.0
4,24,-16.941953659057617,69.09542083740234,86.0
4,25,-6.649814605712891,27.79642105102539,12.0
4,26,-20.06223487854004,6.195601463317871,19.0
4,27,-2.3093643188476562,2.159308671951294,1.0
4,28,-9.983833312988281,7.365203380584717,87.0
4,29,-38.251739501953125,45.84077072143555,1553.0
4,30,-15.324292182922363,2126.315673828125,4136.0
4,31,-7.827857494354248,4.785409450531006,6.0
4,32,-20.944896697998047,35328.609375,4024.0
4,33,-28.822086334228516,61.401893615722656,69.0
4,34,-19.851415634155273,20449.37890625,2011.0
4,35,-18.043956756591797,91.01180267333984,179.0
4,36,-18.09640884399414,8503.255859375,11824.0
4,37,-14.387659072875977,36.485496520996094,699.0
4,38,-23.2979679107666,18.398075103759766,760.0
4,39,-6.008352279663086,7.409656047821045,4.0
4,40,-30.961532592773438,5.58500337600708,61.0
4,41,-6.6048994064331055,5.2133612632751465,30.0
4,42,-15.941465377807617,9.750826835632324,44.0
4,43,-8.741722106933594,3.486217975616455,25.0
4,44,-41.155784606933594,61.28767013549805,294.0
4,45,-16.704757690429688,10.874211311340332,31.0
4,46,-1.7585127353668213,1.7970939874649048,2.0
4,47,-1.643310308456421,1.5080652236938477,2.0
4,48,-1.813936471939087,1.5737860202789307,1.0
4,49,-15.604607582092285,13.474081039428711,34.0
4,50,-10.394813537597656,13.44629192352295,31.0
4,51,-8.551703453063965,4.159038543701172,5.0
4,52,-18.60276222229004,22.20816993713379,13.0
4,53,-13.640308380126953,94.32720184326172,114.0
4,54,-60.877769470214844,10.396327018737793,1594.0
4,55,-20.95794105529785,13.732189178466797,257.0
4,56,-7.655223369598389,6.778839111328125,7.0
4,57,-22.552202224731445,1839.779052734375,25004.0
4,58,-28.45796775817871,1229.6588134765625,17179.0
4,59,-5.274456977844238,2.8716633319854736,2.0
4,60,-10.412399291992188,8.024344444274902,10.0
4,61,-14.811674118041992,8.297492980957031,19.0
4,62,-22.325946807861328,265.4659729003906,18954.0
4,63,-21.12993812561035,1145.1748046875,18277.0
4,64,-23.572498321533203,362.5362854003906,390.0
4,65,-7.19029426574707,2.456620931625366,2.0
4,66,-53.78173065185547,23.656339645385742,140.0
4,67,-47.980552673339844,78.40348815917969,219.0
4,68,-40.42305374145508,89.25079345703125,1556.0
4,69,-28.60028839111328,117.53246307373047,4293.0
4,70,-11.835668563842773,51.6878547668457,420.0
4,71,-13.632030487060547,9.69882869720459,39.0
4,72,-9.536067962646484,6.734298229217529,10.0
4,73,-28.851821899414062,24.674196243286133,54.0
4,74,-40.585105895996094,866.2594604492188,4595.0
4,75,-15.610627174377441,49.53387451171875,216.0
4,76,-20.039525985717773,17.51030158996582,46.0
4,77,-47.79723358154297,30.38922119140625,203.0
4,78,-13.193099021911621,81.26372528076172,55.0
4,79,-44.84480285644531,9.414398193359375,72.0
4,80,-2.1767544746398926,2.065938949584961,1.0
4,81,-9.367254257202148,10.400080680847168,17.0
4,82,-11.991658210754395,2.716392755508423,51.0
4,83,-40.68701171875,10.950155258178711,1129.0
4,84,-16.909461975097656,16.747411727905273,40.0
4,85,-58.715660095214844,91.52289581298828,273.0
4,86,-29.298778533935547,38.95267105102539,25.0
4,87,-17.89128303527832,87.60348510742188,474.0
4,88,-26.817140579223633,213.4554443359375,312.0
4,89,-11.883203506469727,52.51337432861328,107.0
4,90,-13.497711181640625,89.948486328125,119.0
4,91,-71.66236114501953,392.23583984375,15229.0
4,92,-4.59365701675415,4.623809814453125,3.0
4,93,-13.119013786315918,13.788055419921875,15.0
4,94,-26.412212371826172,14.030327796936035,866.0
4,95,-19.928470611572266,12.074054718017578,637.0
4,96,-5.555898666381836,6.3723368644714355,6.0
4,97,-44.78486633300781,7.657425403594971,19.0
6,0,-3.1720144748687744,2.210024356842041,1.0
6,1,-27.132368087768555,11.782072067260742,78.0
6,2,-2.133429527282715,1.7046457529067993,3.0
6,3,-1.0844275951385498,1.4354463815689087,1.0
6,4,-8.343801498413086,8.052241325378418,12.0
6,5,-13.313495635986328,6.69879674911499,19.0
6,6,-24.864803314208984,12.018898010253906,35.0
6,7,-3.409679412841797,3.11603045463562,1.0
6,8,-18.399883270263672,39.645469665527344,112.0
6,9,-9.191424369812012,2.5071394443511963,11.0
6,10,-4.4300923347473145,4.3784613609313965,2.0
6,11,-6.422727584838867,3.613025665283203,4.0
6,12,-26.937013626098633,46.90596008300781,570.0
6,13,-10.379119873046875,13.393640518188477,9.0
6,14,-27.87017059326172,12.599433898925781,202.0
6,15,-6.402615070343018,3.5985214710235596,26.0
6,16,-0.18791277706623077,1.098511815071106,1.0
6,17,-44.66930389404297,41.36528396606445,8964.0
6,18,-7.490419864654541,6.505220890045166,18.0
6,19,-12.738506317138672,4.1180901527404785,12.0
6,20,-7.358256816864014,4.3564229011535645,2.0
6,21,-5.12396240234375,167.99974060058594,10.0
6,22,-23.36810302734375,107.08476257324219,76.0
6,23,-15.640108108520508,49.900299072265625,100.0
6,24,-16.859130859375,67.67945861816406,87.0
6,25,-6.788090705871582,29.786203384399414,12.0
6,26,-20.050392150878906,6.188934803009033,19.0
6,27,-2.4584550857543945,2.2693309783935547,4.0
6,28,-9.94752311706543,7.311910152435303,82.0
6,29,-37.852962493896484,44.04871368408203,1423.0
6,30,-15.086784362792969,1888.2242431640625,4127.0
6,31,-7.765577793121338,4.726171970367432,6.0
6,32,-20.7293643951416,31719.349609375,3915.0
6,33,-28.63976287841797,59.823280334472656,69.0
6,34,-19.827608108520508,20207.396484375,2067.0
6,35,-17.734262466430664,84.23121643066406,163.0
6,36,-17.96601104736328,7966.5400390625,11705.0
6,37,-14.488699913024902,37.41886520385742,663.0
6,38,-23.621009826660156,19.15619659423828,758.0
6,39,-5.905553817749023,7.1600565910339355,4.0
6,40,-30.48751449584961,5.439846515655518,59.0
6,41,-6.587436676025391,5.1906514167785645,29.0
6,42,-13.624292373657227,7.002922058105469,21.0
6,43,-8.924370765686035,3.5783796310424805,27.0
6,44,-36.09165954589844,36.93523406982422,80.0
6,45,-16.610408782958984,10.728626251220703,31.0
6,46,-1.6460322141647339,1.7309621572494507,2.0
6,47,-1.7205631732940674,1.5374740362167358,2.0
6,48,-1.8336896896362305,1.581576943397522,1.0
6,49,-15.531999588012695,13.312010765075684,33.0
6,50,-10.171402931213379,12.715868949890137,31.0
6,51,-8.43247127532959,4.077205657958984,5.0
6,52,-18.031442642211914,20.191070556640625,13.0
6,53,-13.63458251953125,94.14733123779297,116.0
6,54,-57.41822814941406,9.101081848144531,1164.0
6,55,-18.547361373901367,10.159610748291016,263.0
6,56,-7.619917392730713,6.719268798828125,7.0
6,57,-22.48739242553711,1800.460205078125,25615.0
6,58,-27.619461059570312,997.1141357421875,12472.0
6,59,-5.1945037841796875,2.826108455657959,2.0
6,60,-10.591158866882324,8.31641960144043,8.0
6,61,-12.75230884552002,6.18272066116333,16.0
6,62,-22.13351058959961,252.9969940185547,18437.0
6,63,-20.947301864624023,1077.5377197265625,18366.0
6,64,-23.322307586669922,340.5550842285156,390.0
6,65,-7.153072357177734,2.4452176094055176,2.0
6,66,-52.09702682495117,21.42441177368164,84.0
6,67,-46.34739685058594,67.5859375,144.0
6,68,-28.9898738861084,25.05558967590332,192.0
6,69,-28.54131507873535,116.38294982910156,4474.0
6,70,-11.721353530883789,49.75534439086914,398.0
6,71,-13.335760116577148,9.231547355651855,38.0
6,72,-9.490436553955078,6.673118591308594,10.0
6,73,-28.548357009887695,23.856094360351562,56.0
6,74,-30.27879524230957,155.47203063964844,5187.0
6,75,-15.663568496704102,50.19383239746094,231.0
6,76,-17.809633255004883,12.733461380004883,49.0
6,77,-47.4554443359375,29.656301498413086,184.0
6,78,-13.099898338317871,78.77793884277344,54.0
6,79,-44.43498229980469,9.223448753356934,64.0
6,80,-2.1606032848358154,2.0548462867736816,2.0
6,81,-8.979490280151367,9.43921184539795,19.0
6,82,-12.50924301147461,2.8361198902130127,57.0
6,83,-41.02558898925781,11.170429229736328,1054.0
6,84,-17.109920501708984,17.316389083862305,41.0
6,85,-50.73867416381836,49.54963302612305,258.0
6,86,-29.109249114990234,38.040679931640625,24.0
6,87,-17.738492965698242,84.32035064697266,478.0
6,88,-17.949478149414062,36.23029708862305,261.0
6,89,-11.843936920166016,51.830509185791016,105.0
6,90,-13.32356071472168,84.87561798095703,105.0
6,91,-63.648216247558594,201.14340209960938,14908.0
6,92,-4.478635311126709,4.449885845184326,3.0
6,93,-12.979796409606934,13.409442901611328,14.0
6,94,-13.37368392944336,3.8090062141418457,12.0
6,95,-8.157560348510742,2.7723491191864014,3.0
6,96,-5.383755207061768,6.0169782638549805,5.0
6,97,-44.462223052978516,7.545943737030029,19.0
8,0,-3.2459187507629395,2.2512366771698,1.0
8,1,-25.078514099121094,9.775361061096191,72.0
8,2,-2.137181282043457,1.7062454223632812,3.0
8,3,-0.9117497205734253,1.3551559448242188,1.0
8,4,-7.944878578186035,7.287930965423584,12.0
8,5,-12.564859390258789,6.019354343414307,16.0
8,6,-24.660282135009766,11.77558422088623,35.0
8,7,-3.402164936065674,3.1082351207733154,1.0
8,8,-17.860836029052734,35.59364700317383,106.0
8,9,-8.992226600646973,2.4576919078826904,11.0
8,10,-4.3907036781311035,4.32135009765625,2.0
8,11,-6.0814361572265625,3.3746352195739746,4.0
8,12,-25.912878036499023,40.52178192138672,512.0
8,13,-9.626503944396973,11.096457481384277,8.0
8,14,-20.375940322875977,6.374835014343262,157.0
8,15,-6.5993523597717285,3.742936372756958,29.0
8,16,-0.183293417096138,1.095977544784546,1.0
8,17,-36.33076095581055,20.646862030029297,9082.0
8,18,-7.16169548034668,5.9919915199279785,17.0
8,19,-12.667379379272461,4.0856733322143555,10.0
8,20,-6.890892028808594,3.9676673412323,2.0
8,21,-5.0371856689453125,154.03590393066406,8.0
8,22,-19.97847557067871,54.363616943359375,74.0
8,23,-15.373193740844727,46.6791877746582,97.0
8,24,-16.93836212158203,69.03340148925781,100.0
8,25,-6.584113597869873,26.898130416870117,12.0
8,26,-19.393335342407227,5.830079078674316,17.0
8,27,-2.522784948348999,2.3185184001922607,4.0
8,28,-9.784286499023438,7.077051162719727,77.0
8,29,-37.042625427246094,40.620079040527344,1219.0
8,30,-14.947883605957031,1761.53662109375,4058.0
8,31,-7.5120015144348145,4.492459297180176,6.0
8,32,-20.343990325927734,26160.21875,3572.0
8,33,-28.347965240478516,57.380775451660156,66.0
8,34,-20.038145065307617,22450.59765625,2300.0
8,35,-17.14862060546875,72.75918579101562,138.0
8,36,-17.83864974975586,7475.04150390625,11412.0
8,37,-14.484748840332031,37.381919860839844,603.0
8,38,-23.465595245361328,18.787643432617188,728.0
8,39,-5.757815837860107,6.8159942626953125,4.0
8,40,-29.07366371154785,5.028911590576172,56.0
8,41,-6.579042911529541,5.179770469665527,29.0
8,42,-9.759499549865723,4.031805515289307,9.0
8,43,-8.995692253112793,3.615025520324707,31.0
8,44,-30.41594123840332,20.938594818115234,60.0
8,45,-16.195106506347656,10.110623359680176,30.0
8,46,-1.454938292503357,1.6241415739059448,2.0
8,47,-1.6804020404815674,1.5221145153045654,2.0
8,48,-1.8735527992248535,1.5974174737930298,1.0
8,49,-15.025151252746582,12.23366928100586,33.0
8,50,-9.769100189208984,11.499173164367676,26.0
8,51,-8.155303001403809,3.893144369125366,5.0
8,52,-16.92353630065918,16.786739349365234,12.0
8,53,-13.50525951385498,90.17510223388672,115.0
8,54,-54.36470413208008,8.09260082244873,642.0
8,55,-14.656967163085938,6.247121810913086,235.0
8,56,-7.56675910949707,6.630563735961914,7.0
8,57,-22.367280960083008,1729.7989501953125,24711.0
8,58,-26.359664916992188,727.7199096679688,6617.0
8,59,-5.182662010192871,2.8194234371185303,2.0
8,60,-10.658260345458984,8.428781509399414,6.0
8,61,-9.602533340454102,3.9424033164978027,7.0
8,62,-22.028404235839844,246.43569946289062,18446.0
8,63,-20.89684295654297,1059.5655517578125,18527.0
8,64,-22.817867279052734,300.20538330078125,383.0
8,65,-7.014289855957031,2.4031641483306885,2.0
8,66,-48.98951721191406,17.845230102539062,80.0
8,67,-43.86786651611328,53.94622802734375,94.0
8,68,-27.581649780273438,21.426481246948242,127.0
8,69,-28.395267486572266,113.58419799804688,4328.0
8,70,-11.532397270202637,46.718135833740234,351.0
8,71,-13.100719451904297,8.876908302307129,38.0
8,72,-9.170120239257812,6.2590227127075195,8.0
8,73,-27.702049255371094,21.715049743652344,63.0
8,74,-27.02801513671875,90.43841552734375,5349.0
8,75,-15.538726806640625,48.65145492553711,234.0
8,76,-14.684856414794922,8.148523330688477,58.0
8,77,-46.54231643676758,27.783748626708984,164.0
8,78,-12.538290023803711,65.32860565185547,49.0
8,79,-42.8216438293457,8.508641242980957,50.0
8,80,-2.0986149311065674,2.0128231048583984,2.0
8,81,-8.393775939941406,8.153472900390625,19.0
8,82,-12.677896499633789,2.8762617111206055,61.0
8,83,-40.97392654418945,11.136530876159668,1025.0
8,84,-17.34121322631836,17.996950149536133,44.0
8,85,-44.4260368347168,30.489654541015625,243.0
8,86,-28.784475326538086,36.52728271484375,24.0
8,87,-17.70316505432129,83.57891845703125,513.0
8,88,-16.962839126586914,29.74222755432129,202.0
8,89,-11.738317489624023,50.03748321533203,96.0
8,90,-13.094191551208496,78.6281967163086,93.0
8,91,-60.37754440307617,153.1567840576172,14495.0
8,92,-4.183808326721191,4.033372402191162,3.0
8,93,-12.782161712646484,12.889747619628906,14.0
8,94,-11.835578918457031,3.2659733295440674,12.0
8,95,-7.232654094696045,2.469663143157959,3.0
8,96,-5.0455780029296875,5.375541687011719,4.0
8,97,-43.2299690246582,7.1349029541015625,17.0
10,0,-3.227957010269165,2.241150140762329,1.0
10,1,-22.03887367248535,7.415215969085693,59.0
10,2,-1.9444873332977295,1.6259981393814087,2.0
10,3,-0.5359330773353577,1.1955955028533936,1.0
10,4,-7.5317487716674805,6.572782039642334,12.0
10,5,-11.46304702758789,5.142699718475342,16.0
10,6,-23.5288028717041,10.515813827514648,29.0
10,7,-3.3141098022460938,3.0183286666870117,1.0
10,8,-16.866249084472656,29.173179626464844,75.0
10,9,-8.30183219909668,2.293738842010498,11.0
10,10,-4.367424011230469,4.287946701049805,2.0
10,11,-5.887070178985596,3.245969533920288,4.0
10,12,-24.242015838623047,31.917198181152344,506.0
10,13,-8.033065795898438,7.450390338897705,6.0
10,14,-15.235175132751465,3.994889736175537,99.0
10,15,-6.729560375213623,3.841688871383667,32.0
10,16,-0.10994575172662735,1.0565118789672852,1.0
10,17,-27.43911361694336,9.841347694396973,9429.0
10,18,-6.559733867645264,5.154826641082764,14.0
10,19,-11.957893371582031,3.7759602069854736,8.0
10,20,-5.969188690185547,3.299720525741577,2.0
10,21,-4.873253345489502,130.74559020996094,6.0
10,22,-16.347579956054688,26.298606872558594,74.0
10,23,-14.709819793701172,39.54561996459961,89.0
10,24,-17.226472854614258,74.18917083740234,121.0
10,25,-5.840849876403809,18.549169540405273,10.0
10,26,-18.196836471557617,5.229197978973389,19.0
10,27,-2.3033108711242676,2.154956102371216,3.0
10,28,-9.428912162780762,6.59151029586792,67.0
10,29,-35.1900634765625,33.75087356567383,1055.0
10,30,-14.955235481262207,1768.02392578125,3620.0
10,31,-6.839268684387207,3.9269134998321533,5.0
10,32,-20.158533096313477,23843.490234375,3266.0
10,33,-27.661537170410156,52.02103805541992,59.0
10,34,-20.160579681396484,23867.90234375,2370.0
10,35,-16.283618927001953,58.60996627807617,126.0
10,36,-17.97083282470703,7985.76953125,11017.0
10,37,-14.311037063598633,35.79324722290039,479.0
10,38,-22.875743865966797,17.452239990234375,704.0
10,39,-5.545516014099121,6.3503217697143555,4.0
10,40,-26.567951202392578,4.375397205352783,47.0
10,41,-6.410566329956055,4.966134071350098,32.0
10,42,-5.926314353942871,2.3317434787750244,3.0
10,43,-8.252921104431152,3.251084566116333,29.0
10,44,-29.444217681884766,18.99967384338379,35.0
10,45,-15.425029754638672,9.057340621948242,29.0
10,46,-1.184478998184204,1.4841264486312866,2.0
10,47,-1.492872953414917,1.4524012804031372,2.0
10,48,-1.6723370552062988,1.5190485715866089,1.0
10,49,-13.508417129516602,9.501054763793945,23.0
10,50,-9.350788116455078,10.357357025146484,24.0
10,51,-7.684660911560059,3.5994348526000977,5.0
10,52,-16.44988250732422,15.512513160705566,10.0
10,53,-13.430871963500977,87.96661376953125,116.0
10,54,-50.002620697021484,6.842668056488037,290.0
10,55,-10.865294456481934,3.889037847518921,194.0
10,56,-7.073320388793945,5.861057758331299,7.0
10,57,-22.362743377685547,1727.1845703125,24315.0
10,58,-24.858909606933594,500.05963134765625,2590.0
10,59,-4.9550580978393555,2.6939585208892822,2.0
10,60,-10.378138542175293,7.969548225402832,6.0
10,61,-6.091982841491699,2.387587070465088,7.0
10,62,-21.712535858154297,227.7239227294922,17010.0
10,63,-20.69050407409668,989.1389770507812,17245.0
10,64,-22.102664947509766,251.0535430908203,330.0
10,65,-6.593711853027344,2.280087947845459,2.0
10,66,-43.598388671875,12.99560546875,83.0
10,67,-38.658416748046875,33.5958137512207,49.0
10,68,-26.525421142578125,19.053844451904297,71.0
10,69,-28.283864974975586,111.49473571777344,3866.0
10,70,-11.715127944946289,49.652198791503906,344.0
10,71,-12.533489227294922,8.076147079467773,34.0
10,72,-8.631511688232422,5.619835376739502,8.0
10,73,-26.199443817138672,18.37607192993164,49.0
10,74,-26.772899627685547,86.67366790771484,5648.0
10,75,-15.292458534240723,45.7464714050293,229.0
10,76,-10.956010818481445,4.783365726470947,46.0
10,77,-45.558250427246094,25.897869110107422,147.0
10,78,-12.046269416809082,55.44676208496094,44.0
10,79,-40.39668655395508,7.537075996398926,36.0
10,80,-1.9289779663085938,1.9021649360656738,2.0
10,81,-7.577228546142578,6.6479411125183105,14.0
10,82,-12.07351016998291,2.7349846363067627,62.0
10,83,-40.14997100830078,10.609639167785645,899.0
10,84,-17.065876007080078,17.189739227294922,47.0
10,85,-37.92350769042969,18.48931312561035,244.0
10,86,-28.449527740478516,35.02951431274414,24.0
10,87,-17.74615478515625,84.48201751708984,549.0
10,88,-15.857070922851562,23.841175079345703,116.0
10,89,-11.638298034667969,48.396751403808594,87.0
10,90,-13.143244743347168,79.92443084716797,85.0
10,91,-58.94633865356445,135.93743896484375,13897.0
10,92,-3.688661813735962,3.419703722000122,3.0
10,93,-12.306869506835938,11.720903396606445,13.0
10,94,-11.182541847229004,3.0595083236694336,12.0
10,95,-6.941781997680664,2.381481647491455,3.0
10,96,-4.644425868988037,4.702723979949951,4.0
10,97,-41.15073013305664,6.491461753845215,16.0
12,0,-3.2750658988952637,2.2677009105682373,2.0
12,1,-18.600845336914062,5.424826622009277,43.0
12,2,-1.7097852230072021,1.533336877822876,2.0
12,3,-0.2977339029312134,1.1043363809585571,1.0
12,4,-7.0867533683776855,5.880774021148682,11.0
12,5,-9.375578880310059,3.8166325092315674,11.0
12,6,-21.597850799560547,8.66927433013916,19.0
12,7,-3.126875400543213,2.8357081413269043,1.0
12,8,-15.720784187316895,23.200109481811523,61.0
12,9,-7.718358039855957,2.1637349128723145,11.0
12,10,-4.228402137756348,4.093774318695068,4.0
12,11,-5.695119857788086,3.12371826171875,4.0
12,12,-23.020294189453125,26.805673599243164,495.0
12,13,-6.1936492919921875,4.703995704650879,6.0
12,14,-13.284074783325195,3.345590114593506,72.0
12,15,-6.758690357208252,3.864135980606079,32.0
12,16,-0.05202239006757736,1.0263524055480957,1.0
12,17,-23.0068359375,6.802133560180664,9682.0
12,18,-5.88286018371582,4.352346420288086,12.0
12,19,-11.30923080444336,3.5133891105651855,8.0
12,20,-4.770108699798584,2.5961296558380127,2.0
12,21,-4.623141288757324,101.8133544921875,4.0
12,22,-14.6484956741333,18.721996307373047,67.0
12,23,-13.920854568481445,32.46665573120117,63.0
12,24,-17.219484329223633,74.0596694946289,128.0
12,25,-4.486544132232666,9.424117088317871,8.0
12,26,-15.900228500366211,4.243869304656982,17.0
12,27,-2.0847115516662598,2.003516435623169,1.0
12,28,-9.07552719116211,6.141724109649658,66.0
12,29,-32.50313949584961,25.798439025878906,972.0
12,30,-14.819018363952637,1651.615478515625,3270.0
12,31,-6.268515110015869,3.503291606903076,5.0
12,32,-19.554908752441406,17631.712890625,2543.0
12,33,-26.693031311035156,45.299232482910156,54.0
12,34,-20.095600128173828,23104.900390625,2196.0
12,35,-15.659784317016602,50.146366119384766,119.0
12,36,-18.18710708618164,8897.7490234375,10693.0
12,37,-14.458057403564453,37.13330841064453,419.0
12,38,-22.35160255432129,16.345462799072266,674.0
12,39,-5.4260687828063965,6.102445602416992,4.0
12,40,-23.74930191040039,3.741197109222412,44.0
12,41,-6.145755767822266,4.648008823394775,30.0
12,42,-4.300161838531494,1.8483786582946777,3.0
12,43,-7.471508502960205,2.9076881408691406,18.0
12,44,-27.836790084838867,16.178430557250977,31.0
12,45,-14.214911460876465,7.6194305419921875,27.0
12,46,-1.0052517652511597,1.3980575799942017,1.0
12,47,-1.2616770267486572,1.3708338737487793,2.0
12,48,-1.4588651657104492,1.4401054382324219,1.0
12,49,-11.680938720703125,7.006393909454346,14.0
12,50,-9.168411254882812,9.895724296569824,25.0
12,51,-7.112595558166504,3.272101879119873,5.0
12,52,-15.526389122009277,13.299568176269531,10.0
12,53,-13.42707347869873,87.85531616210938,116.0
12,54,-45.07546615600586,5.661403179168701,255.0
12,55,-9.360811233520508,3.2223191261291504,150.0
12,56,-6.46381139755249,5.032680988311768,6.0
12,57,-22.302640914916992,1692.9259033203125,22385.0
12,58,-23.19029426574707,329.49908447265625,927.0
12,59,-4.675900936126709,2.5476725101470947,2.0
12,60,-9.620704650878906,6.849262237548828,5.0
12,61,-5.040928363800049,2.0547056198120117,7.0
12,62,-21.40041732788086,210.63026428222656,15361.0
12,63,-20.59596824645996,958.4549560546875,15751.0
12,64,-20.972057342529297,189.23968505859375,271.0
12,65,-6.263082504272461,2.1877756118774414,2.0
12,66,-41.907623291015625,11.765298843383789,81.0
12,67,-38.11549377441406,31.97789764404297,33.0
12,68,-26.107078552246094,18.188444137573242,65.0
12,69,-28.359832763671875,112.91539001464844,3333.0
12,70,-11.855111122131348,52.023929595947266,362.0
12,71,-12.043044090270996,7.442255973815918,31.0
12,72,-7.99633264541626,4.949400901794434,8.0
12,73,-23.62177085876465,13.799622535705566,30.0
12,74,-26.762224197387695,86.51956176757812,5367.0
12,75,-14.777528762817383,40.2207145690918,215.0
12,76,-9.00072193145752,3.617623805999756,38.0
12,77,-44.4689826965332,23.95928192138672,130.0
12,78,-11.468050003051758,45.72674560546875,35.0
12,79,-35.81513595581055,5.993987083435059,22.0
12,80,-1.8047547340393066,1.8250089883804321,2.0
12,81,-6.343864440917969,4.884007930755615,11.0
12,82,-11.102313041687012,2.5223546028137207,49.0
12,83,-39.044769287109375,9.941828727722168,772.0
12,84,-16.53510093688965,15.734410285949707,46.0
12,85,-33.44813537597656,13.104208946228027,199.0
12,86,-27.255626678466797,30.17317771911621,23.0
12,87,-17.04690933227539,70.93240356445312,528.0
12,88,-14.891494750976562,19.654354095458984,70.0
12,89,-11.780223846435547,50.74135971069336,84.0
12,90,-12.973491668701172,75.52753448486328,77.0
12,91,-57.86241149902344,124.19681549072266,13381.0
12,92,-3.0170388221740723,2.7337646484375,3.0
12,93,-11.84620475769043,10.689276695251465,11.0
12,94,-10.495288848876953,2.8563051223754883,11.0
12,95,-6.869835376739502,2.3601598739624023,3.0
12,96,-4.161038398742676,4.002874851226807,3.0
12,97,-38.292396545410156,5.700554847717285,13.0
14,0,-3.618302345275879,2.4708828926086426,2.0
14,1,-16.64273452758789,4.540221214294434,36.0
14,2,-1.6819671392440796,1.5227103233337402,2.0
14,3,-0.22081254422664642,1.0763806104660034,1.0
14,4,-6.672842025756836,5.302670001983643,9.0
14,5,-7.577847003936768,2.9521965980529785,7.0
14,6,-20.10396385192871,7.466277122497559,18.0
14,7,-2.950230121612549,2.673557758331299,1.0
14,8,-14.661643981933594,18.771291732788086,49.0
14,9,-7.407712936401367,2.09755277633667,10.0
14,10,-4.180184841156006,4.02850341796875,4.0
14,11,-5.356141090393066,2.9189627170562744,3.0
14,12,-22.398168563842773,24.52610969543457,439.0
14,13,-5.790162086486816,4.252642631530762,7.0
14,14,-12.309313774108887,3.0618784427642822,57.0
14,15,-6.612839698791504,3.7530465126037598,33.0
14,16,-0.02997228130698204,1.0150989294052124,1.0
14,17,-22.17062759399414,6.344271659851074,10047.0
14,18,-5.079472064971924,3.560382604598999,10.0
14,19,-11.02170181274414,3.402918815612793,8.0
14,20,-3.945612907409668,2.2014639377593994,2.0
14,21,-4.387052059173584,80.40304565429688,4.0
14,22,-13.693981170654297,15.468353271484375,63.0
14,23,-13.282292366027832,27.67620849609375,52.0
14,24,-17.23859977722168,74.41443634033203,140.0
14,25,-3.9649133682250977,7.260558128356934,8.0
14,26,-14.374640464782715,3.694279193878174,16.0
14,27,-2.0102241039276123,1.954383373260498,1.0
14,28,-8.806272506713867,5.8197340965271,61.0
14,29,-30.524600982666016,21.167356491088867,917.0
14,30,-14.859613418579102,1685.4818115234375,3209.0
14,31,-5.978527545928955,3.305889368057251,5.0
14,32,-18.543289184570312,10632.22265625,1550.0
14,33,-25.909603118896484,40.502830505371094,47.0
14,34,-20.086009979248047,22994.376953125,2132.0
14,35,-15.29078483581543,45.727333068847656,116.0
14,36,-18.427030563354492,10031.7998046875,11041.0
14,37,-14.574324607849121,38.228492736816406,397.0
14,38,-21.924299240112305,15.495309829711914,616.0
14,39,-5.426418781280518,6.1031575202941895,4.0
14,40,-21.48485565185547,3.298945903778076,40.0
14,41,-5.912770748138428,4.385013580322266,30.0
14,42,-3.866945743560791,1.7374539375305176,4.0
14,43,-6.83701753616333,2.6557226181030273,13.0
14,44,-26.255355834960938,13.811968803405762,27.0
14,45,-13.051168441772461,6.4524030685424805,23.0
14,46,-0.9179807305335999,1.357973575592041,1.0
14,47,-1.0027034282684326,1.28489351272583,2.0
14,48,-1.4358255863189697,1.4318344593048096,1.0
14,49,-10.405115127563477,5.664314270019531,10.0
14,50,-8.94297981262207,9.353446960449219,26.0
14,51,-6.615264892578125,3.0118188858032227,5.0
14,52,-15.023528099060059,12.230359077453613,10.0
14,53,-13.559698104858398,91.82636260986328,117.0
14,54,-42.04016876220703,5.037598609924316,220.0
14,55,-8.970178604125977,3.068756103515625,143.0
14,56,-5.740959167480469,4.200652122497559,5.0
14,57,-22.27678108215332,1678.39599609375,20801.0
14,58,-21.121238708496094,196.43069458007812,352.0
14,59,-4.573654651641846,2.496103525161743,2.0
14,60,-8.829935073852539,5.847341060638428,6.0
14,61,-4.73774528503418,1.9676122665405273,7.0
14,62,-21.21503257751465,201.0911102294922,13812.0
14,63,-20.395111083984375,896.3853149414062,14084.0
14,64,-19.825355529785156,142.0727081298828,196.0
14,65,-6.089509963989258,2.140819549560547,2.0
14,66,-41.68194580078125,11.610145568847656,76.0
14,67,-38.4654655456543,33.01165008544922,34.0
14,68,-25.88622283935547,17.747539520263672,60.0
14,69,-28.213685989379883,110.19824981689453,2851.0
14,70,-11.644033432006836,48.4893684387207,323.0
14,71,-11.750205039978027,7.087746620178223,30.0
14,72,-7.7058916091918945,4.6700897216796875,7.0
14,73,-21.05675506591797,10.377493858337402,18.0
14,74,-26.042282104492188,76.73670959472656,4351.0
14,75,-14.178118705749512,34.62339782714844,186.0
14,76,-8.30536937713623,3.2755353450775146,36.0
14,77,-43.15285110473633,21.80951690673828,107.0
14,78,-11.183116912841797,41.58359146118164,38.0
14,79,-32.08445739746094,4.973992824554443,17.0
14,80,-1.8224506378173828,1.835805892944336,2.0
14,81,-5.355146408081055,3.8144123554229736,8.0
14,82,-10.03588581085205,2.3078672885894775,36.0
14,83,-38.01744842529297,9.358832359313965,753.0
14,84,-15.976325988769531,14.335241317749023,41.0
14,85,-30.488670349121094,10.436219215393066,160.0
14,86,-26.010478973388672,25.824142456054688,24.0
14,87,-16.460308074951172,61.256935119628906,531.0
14,88,-14.125898361206055,16.86397361755371,48.0
14,89,-11.909280776977539,52.97182846069336,82.0
14,90,-12.56969928741455,66.01618957519531,68.0
14,91,-56.72041320800781,112.92244720458984,12637.0
14,92,-2.692887544631958,2.4537789821624756,3.0
14,93,-11.671762466430664,10.322773933410645,12.0
14,94,-9.782269477844238,2.659736156463623,10.0
14,95,-6.765923976898193,2.329702377319336,3.0
14,96,-3.602757692337036,3.3231704235076904,3.0
14,97,-35.728790283203125,5.073525905609131,13.0
16,0,-3.8403637409210205,2.611933946609497,3.0
16,1,-15.040838241577148,3.924931526184082,28.0
16,2,-1.4585206508636475,1.439981460571289,2.0
16,3,-0.1362135410308838,1.0464510917663574,1.0
16,4,-6.075172424316406,4.566709995269775,5.0
16,5,-6.181842803955078,2.4184343814849854,8.0
16,6,-17.434343338012695,5.716943740844727,16.0
16,7,-2.892730712890625,2.622802972793579,1.0
16,8,-13.225259780883789,14.084177017211914,30.0
16,9,-6.909910678863525,1.995692491531372,12.0
16,10,-4.148697853088379,3.986442804336548,4.0
16,11,-4.981024742126465,2.7079854011535645,3.0
16,12,-20.330251693725586,18.252857208251953,374.0
16,13,-4.600159645080566,3.1583189964294434,3.0
16,14,-11.44739055633545,2.83111834526062,25.0
16,15,-6.689975738525391,3.811394691467285,31.0
16,16,-0.017186231911182404,1.0086301565170288,1.0
16,17,-22.042057037353516,6.276660919189453,10720.0
16,18,-4.170107841491699,2.8363754749298096,5.0
16,19,-10.636676788330078,3.2604098320007324,8.0
16,20,-3.0284392833709717,1.8325122594833374,2.0
16,21,-4.229730129241943,68.69869232177734,4.0
16,22,-12.835548400878906,13.028114318847656,50.0
16,23,-12.011128425598145,20.141494750976562,38.0
16,24,-17.317909240722656,75.90460205078125,146.0
16,25,-3.6470229625701904,6.193568706512451,7.0
16,26,-13.661608695983887,3.4624085426330566,15.0
16,27,-1.7638438940048218,1.8002903461456299,1.0
16,28,-8.396873474121094,5.362201690673828,46.0
16,29,-29.229738235473633,18.596508026123047,959.0
16,30,-15.465734481811523,2282.13623046875,2884.0
16,31,-5.393563270568848,2.9408915042877197,3.0
16,32,-17.61044692993164,6668.98828125,783.0
16,33,-25.50875473022461,38.248634338378906,49.0
16,34,-20.116436004638672,23346.865234375,1865.0
16,35,-14.898005485534668,41.4505615234375,120.0
16,36,-18.895307540893555,12678.3837890625,10877.0
16,37,-14.78947639465332,40.341033935546875,395.0
16,38,-21.327852249145508,14.382059097290039,561.0
16,39,-5.212402820587158,5.682933807373047,4.0
16,40,-17.568193435668945,2.653848171234131,35.0
16,41,-5.644262313842773,4.100322246551514,28.0
16,42,-3.7316994667053223,1.7042070627212524,4.0
16,43,-5.967733383178711,2.345581293106079,12.0
16,44,-24.976537704467773,12.15394401550293,20.0
16,45,-11.468017578125,5.146352767944336,16.0
16,46,-0.7309184670448303,1.2758842706680298,1.0
16,47,-0.7520843744277954,1.2068589925765991,1.0
16,48,-1.3086110353469849,1.38701331615448,1.0
16,49,-8.545955657958984,4.155055999755859,7.0
16,50,-8.667556762695312,8.731081008911133,23.0
16,51,-6.100119113922119,2.764021158218384,5.0
16,52,-15.422369003295898,13.070982933044434,10.0
16,53,-13.672018051147461,95.32948303222656,116.0
16,54,-38.01076126098633,4.3143744468688965,168.0
16,55,-8.377473831176758,2.849616050720215,107.0
16,56,-5.204671859741211,3.6735849380493164,4.0
16,57,-22.670425415039062,1913.72802734375,21177.0
16,58,-18.757373809814453,108.78173828125,96.0
16,59,-4.388775825500488,2.40549373626709,2.0
16,60,-8.007135391235352,4.960105895996094,8.0
16,61,-4.498150825500488,1.9014047384262085,7.0
16,62,-21.583301544189453,220.4840545654297,13947.0
16,63,-20.349231719970703,882.7810668945312,13301.0
16,64,-18.54688262939453,103.2053451538086,148.0
16,65,-5.733208656311035,2.047564744949341,2.0
16,66,-41.84398651123047,11.721339225769043,77.0
16,67,-39.620765686035156,36.66738510131836,37.0
16,68,-26.86394691467285,19.784189224243164,61.0
16,69,-28.061275482177734,107.43429565429688,2258.0
16,70,-11.958549499511719,53.84896469116211,306.0
16,71,-11.762466430664062,7.102246284484863,30.0
16,72,-7.549860954284668,4.526604652404785,7.0
16,73,-18.7042236328125,7.990449905395508,12.0
16,74,-26.33242416381836,80.53865051269531,4307.0
16,75,-13.712359428405762,30.81772232055664,182.0
16,76,-7.828080654144287,3.0596399307250977,31.0
16,77,-42.07640838623047,20.195457458496094,80.0
16,78,-10.724530220031738,35.689029693603516,33.0
16,79,-26.177291870117188,3.701968193054199,10.0
16,80,-1.7483797073364258,1.7910343408584595,2.0
16,81,-4.14235258102417,2.8167624473571777,4.0
16,82,-8.957502365112305,2.109515905380249,25.0
16,83,-36.62437438964844,8.622499465942383,750.0
16,84,-14.969182014465332,12.120081901550293,39.0
16,85,-28.180715560913086,8.73857593536377,124.0
16,86,-25.05207633972168,22.90853500366211,24.0
16,87,-16.434961318969727,60.869991302490234,542.0
16,88,-13.584818840026855,15.13430118560791,40.0
16,89,-12.14102554321289,57.22601318359375,76.0
16,90,-13.093694686889648,78.61518859863281,66.0
16,91,-56.673492431640625,112.48178100585938,12839.0
16,92,-2.583932399749756,2.366260290145874,2.0
16,93,-11.906763076782227,10.819527626037598,12.0
16,94,-8.79140853881836,2.4088292121887207,5.0
16,95,-6.409729957580566,2.2282493114471436,2.0
16,96,-3.2486732006073,2.9532053470611572,3.0
16,97,-31.83977508544922,4.251460552215576,9.0
18,0,-3.9235150814056396,2.6667988300323486,3.0
18,1,-14.314119338989258,3.6740095615386963,23.0
18,2,-1.4337631464004517,1.4310963153839111,2.0
18,3,-0.14933902025222778,1.051039457321167,1.0
18,4,-5.6568450927734375,4.113241195678711,4.0
18,5,-5.133066654205322,2.081929922103882,7.0
18,6,-14.4856595993042,4.25700569152832,11.0
18,7,-3.0111775398254395,2.728428602218628,2.0
18,8,-12.232100486755371,11.546936988830566,26.0
18,9,-6.558255195617676,1.9267324209213257,10.0
18,10,-3.9800992012023926,3.768585443496704,4.0
18,11,-4.690433502197266,2.5550880432128906,3.0
18,12,-18.626585006713867,14.309743881225586,320.0
18,13,-3.1373703479766846,2.1909661293029785,2.0
18,14,-10.712969779968262,2.6482694149017334,14.0
18,15,-6.699154376983643,3.8183975219726562,30.0
18,16,-0.015808390453457832,1.0079355239868164,1.0
18,17,-21.96349334716797,6.235702037811279,11018.0
18,18,-3.607755422592163,2.464376449584961,4.0
18,19,-10.564775466918945,3.234466075897217,8.0
18,20,-2.4139316082000732,1.6205836534500122,2.0
18,21,-4.138009548187256,62.677940368652344,4.0
18,22,-11.92626953125,10.861820220947266,43.0
18,23,-11.045610427856445,15.822019577026367,31.0
18,24,-17.160512924194336,72.97582244873047,142.0
18,25,-3.476811408996582,5.688267707824707,7.0
18,26,-12.860407829284668,3.219183921813965,13.0
18,27,-1.6964223384857178,1.760282039642334,1.0
18,28,-8.095094680786133,5.048134803771973,40.0
18,29,-28.23042869567871,16.827978134155273,969.0
18,30,-16.01605796813965,3004.988525390625,2682.0
18,31,-5.16507625579834,2.8095245361328125,3.0
18,32,-16.0814208984375,3104.818115234375,343.0
18,33,-24.92072296142578,35.16682815551758,45.0
18,34,-20.029996871948242,22359.318359375,1706.0
18,35,-14.655492782592773,39.012149810791016,125.0
18,36,-19.13765525817871,14311.62890625,10793.0
18,37,-14.998897552490234,42.50936508178711,389.0
18,38,-21.149110794067383,14.064288139343262,502.0
18,39,-4.7918829917907715,4.9396491050720215,3.0
18,40,-15.373292922973633,2.3491930961608887,30.0
18,41,-5.377648830413818,3.8359310626983643,27.0
18,42,-3.8134260177612305,1.724220633506775,4.0
18,43,-5.594358921051025,2.223748207092285,10.0
18,44,-23.423095703125,10.40523910522461,15.0
18,45,-10.068391799926758,4.21370267868042,15.0
18,46,-0.6221989393234253,1.2304742336273193,1.0
18,47,-0.6221423149108887,1.168283462524414,1.0
18,48,-1.2409662008285522,1.3637545108795166,1.0
18,49,-7.560154914855957,3.525512456893921,5.0
18,50,-8.530267715454102,8.436494827270508,23.0
18,51,-5.791660308837891,2.625514268875122,3.0
18,52,-15.124547004699707,12.438019752502441,10.0
18,53,-13.762788772583008,98.25797271728516,111.0
18,54,-35.166259765625,3.8672685623168945,144.0
18,55,-8.12665843963623,2.7616610527038574,89.0
18,56,-4.878604412078857,3.3860061168670654,4.0
18,57,-22.932321548461914,2088.3037109375,21358.0
18,58,-16.73834991455078,65.6664047241211,43.0
18,59,-4.1584343910217285,2.2971906661987305,2.0
18,60,-7.473690986633301,4.458168983459473,7.0
18,61,-4.567471504211426,1.92032790184021,7.0
18,62,-21.958345413208008,242.15701293945312,15153.0
18,63,-20.53285789489746,938.5029296875,13535.0
18,64,-17.37685775756836,77.03150177001953,116.0
18,65,-5.415041923522949,1.9677293300628662,2.0
18,66,-41.86872100830078,11.7384033203125,76.0
18,67,-39.83699035644531,37.39528274536133,40.0
18,68,-26.792465209960938,19.627676010131836,72.0
18,69,-27.936264038085938,105.21900939941406,2079.0
18,70,-12.542023658752441,65.40995788574219,362.0
18,71,-11.925281524658203,7.297610759735107,34.0
18,72,-7.604433059692383,4.5762810707092285,7.0
18,73,-16.629737854003906,6.345517635345459,10.0
18,74,-26.436279296875,81.9448471069336,4285.0
18,75,-13.348459243774414,28.137826919555664,176.0
18,76,-7.536534309387207,2.9348247051239014,26.0
18,77,-40.67314147949219,18.26934242248535,72.0
18,78,-10.31907844543457,31.17737579345703,26.0
18,79,-20.953283309936523,2.8509838581085205,8.0
18,80,-1.8488035202026367,1.8520030975341797,2.0
18,81,-3.591515302658081,2.4543914794921875,4.0
18,82,-8.355036735534668,2.0062215328216553,21.0
18,83,-35.73574447631836,8.183357238769531,722.0
18,84,-14.464279174804688,11.141904830932617,39.0
18,85,-26.404727935791016,7.622717380523682,116.0
18,86,-23.824657440185547,19.650094985961914,21.0
18,87,-16.11699676513672,56.218685150146484,537.0
18,88,-12.740880966186523,12.783768653869629,26.0
18,89,-12.285514831542969,60.04963302612305,70.0
18,90,-13.124065399169922,79.41510772705078,52.0
18,91,-56.38200378417969,109.78239440917969,12164.0
18,92,-2.7240166664123535,2.47937273979187,3.0
18,93,-12.199337005615234,11.471521377563477,13.0
18,94,-7.987025260925293,2.2226552963256836,3.0
18,95,-5.960004806518555,2.10644268989563,2.0
18,96,-3.0067431926727295,2.724398612976074,3.0
18,97,-29.240737915039062,3.7777345180511475,7.0
20,0,-3.8481199741363525,2.6170036792755127,3.0
20,1,-13.489274978637695,3.4085865020751953,17.0
20,2,-1.4935911893844604,1.4526621103286743,2.0
20,3,-0.15953361988067627,1.0546172857284546,1.0
20,4,-5.406936168670654,3.8641204833984375,4.0
20,5,-4.425325393676758,1.881725788116455,4.0
20,6,-13.380792617797852,3.8117148876190186,10.0
20,7,-2.9114551544189453,2.6392242908477783,2.0
20,8,-11.999370574951172,11.021790504455566,26.0
20,9,-6.374414920806885,1.8916349411010742,10.0
20,10,-3.7986021041870117,3.547349214553833,3.0
20,11,-4.447005271911621,2.433671474456787,3.0
20,12,-17.62250328063965,12.397568702697754,276.0
20,13,-2.1351990699768066,1.7054001092910767,2.0
20,14,-10.272582054138184,2.544339418411255,12.0
20,15,-6.673708438873291,3.7990145683288574,29.0
20,16,-0.015970489010214806,1.0080173015594482,1.0
20,17,-22.18218994140625,6.350388050079346,11266.0
20,18,-3.425468921661377,2.3545916080474854,4.0
20,19,-10.545745849609375,3.2276346683502197,8.0
20,20,-2.069499969482422,1.5127058029174805,1.0
20,21,-4.274555206298828,71.84817504882812,4.0
20,22,-11.068037033081055,9.148658752441406,39.0
20,23,-10.548686981201172,13.973627090454102,25.0
20,24,-16.982389450073242,69.79743957519531,134.0
20,25,-3.330078601837158,5.285881042480469,7.0
20,26,-11.67985725402832,2.8915863037109375,11.0
20,27,-1.7462843656539917,1.7897837162017822,1.0
20,28,-7.833103179931641,4.790431976318359,35.0
20,29,-27.78496742248535,16.09480857849121,1005.0
20,30,-16.085861206054688,3111.718994140625,2626.0
20,31,-5.206340312957764,2.8328070640563965,2.0
20,32,-13.705047607421875,946.26611328125,80.0
20,33,-24.455535888671875,32.90576934814453,42.0
20,34,-20.13137435913086,23521.900390625,1804.0
20,35,-14.609875679016113,38.56977081298828,125.0
20,36,-19.290321350097656,15446.85546875,11169.0
20,37,-14.968173027038574,42.1840934753418,376.0
20,38,-21.186609268188477,14.130366325378418,441.0
20,39,-4.561282634735107,4.574180603027344,2.0
20,40,-14.65755844116211,2.2576146125793457,28.0
20,41,-5.236405372619629,3.7028446197509766,24.0
20,42,-4.000252723693848,1.7708587646484375,4.0
20,43,-5.346086502075195,2.1462597846984863,7.0
20,44,-22.088272094726562,9.105032920837402,14.0
20,45,-9.099411010742188,3.6689882278442383,11.0
20,46,-0.5521823763847351,1.2020889520645142,1.0
20,47,-0.5060560703277588,1.134865403175354,1.0
20,48,-1.071203351020813,1.3070868253707886,1.0
20,49,-7.299075126647949,3.3753957748413086,5.0
20,50,-8.483816146850586,8.339089393615723,24.0
20,51,-5.498961448669434,2.500507116317749,3.0
20,52,-14.812325477600098,11.807334899902344,9.0
20,53,-13.878568649291992,102.12419891357422,108.0
20,54,-33.34175491333008,3.6051926612854004,120.0
20,55,-8.13979721069336,2.766200542449951,87.0
20,56,-4.625519752502441,3.1784064769744873,2.0
20,57,-22.99333953857422,2131.21240234375,21615.0
20,58,-15.210107803344727,44.81428527832031,28.0
20,59,-3.924492835998535,2.1921846866607666,2.0
20,60,-7.088957786560059,4.127994537353516,6.0
20,61,-4.787445545196533,1.981632113456726,7.0
20,62,-21.921953201293945,239.9638671875,15371.0
20,63,-20.606258392333984,961.7484741210938,14016.0
20,64,-16.337678909301758,59.40745544433594,92.0
20,65,-5.149807929992676,1.9035602807998657,2.0
20,66,-41.527015686035156,11.504817008972168,71.0
20,67,-39.71955871582031,36.99818801879883,33.0
20,68,-26.891523361206055,19.844900131225586,78.0
20,69,-27.92178726196289,104.96544647216797,1943.0
20,70,-12.541803359985352,65.40515899658203,380.0
20,71,-11.89610481262207,7.262209892272949,35.0
20,72,-7.491378307342529,4.473967552185059,9.0
20,73,-15.2179594039917,5.424275875091553,10.0
20,74,-26.48021697998047,82.54715728759766,4563.0
20,75,-13.008092880249023,25.842571258544922,170.0
20,76,-7.333691596984863,2.851001262664795,25.0
20,77,-39.22581481933594,16.47499656677246,66.0
20,78,-10.142242431640625,29.39273452758789,25.0
20,79,-17.82148551940918,2.4377472400665283,6.0
20,80,-1.923670768737793,1.8988027572631836,2.0
20,81,-3.2774910926818848,2.269076108932495,3.0
20,82,-8.112489700317383,1.9660781621932983,19.0
20,83,-35.369056701660156,8.008734703063965,685.0
20,84,-14.45401668548584,11.12286376953125,40.0
20,85,-24.854923248291016,6.766048431396484,113.0
20,86,-22.87596893310547,17.45273208618164,19.0
20,87,-15.8106689453125,52.07407760620117,521.0
20,88,-12.2138671875,11.504903793334961,21.0
20,89,-12.44654655456543,63.36103057861328,69.0
20,90,-12.989435195922852,75.92997741699219,48.0
20,91,-55.7755012512207,104.37166595458984,11900.0
20,92,-2.7451813220977783,2.4969260692596436,3.0
20,93,-12.071117401123047,11.181083679199219,13.0
20,94,-7.548610210418701,2.1273159980773926,3.0
20,95,-5.622591018676758,2.0194473266601562,2.0
20,96,-2.948974609375,2.6724390983581543,3.0
20,97,-27.062938690185547,3.4216861724853516,6.0
22,0,-3.6005780696868896,2.459958791732788,2.0
22,1,-12.768860816955566,3.1925041675567627,14.0
22,2,-1.3999077081680298,1.4190348386764526,2.0
22,3,-0.16494667530059814,1.0565218925476074,1.0
22,4,-5.257325172424316,3.7222609519958496,4.0
22,5,-3.82131290435791,1.72616446018219,4.0
22,6,-12.387300491333008,3.451227903366089,8.0
22,7,-2.9889707565307617,2.7083065509796143,2.0
22,8,-11.876450538635254,10.754134178161621,27.0
22,9,-6.150450706481934,1.849739909172058,10.0
22,10,-3.7562191486358643,3.497586250305176,3.0
22,11,-4.311779975891113,2.368734836578369,3.0
22,12,-16.915197372436523,11.206082344055176,250.0
22,13,-1.3788926601409912,1.411599040031433,1.0
22,14,-9.916385650634766,2.4632697105407715,8.0
22,15,-6.695034980773926,3.815253257751465,29.0
22,16,-0.013172091916203499,1.0066077709197998,1.0
22,17,-22.507177352905273,6.524720191955566,11350.0
22,18,-3.419567584991455,2.3511202335357666,3.0
22,19,-10.620247840881348,3.2544636726379395,8.0
22,20,-1.7574716806411743,1.421189785003662,1.0
22,21,-4.455264568328857,86.07892608642578,4.0
22,22,-10.216169357299805,7.715519905090332,29.0
22,23,-10.071248054504395,12.401432991027832,24.0
22,24,-16.892230987548828,68.24182891845703,135.0
22,25,-3.0801451206207275,4.664928913116455,6.0
22,26,-10.590982437133789,2.619062900543213,7.0
22,27,-1.7050836086273193,1.7653716802597046,1.0
22,28,-7.778217315673828,4.738134384155273,36.0
22,29,-27.49847984313965,15.640253067016602,1064.0
22,30,-16.09292221069336,3122.724609375,2368.0
22,31,-5.020406723022461,2.729398727416992,2.0
22,32,-10.960969924926758,239.9630584716797,42.0
22,33,-24.41831398010254,32.73126220703125,42.0
22,34,-20.133682250976562,23549.05859375,1742.0
22,35,-14.689748764038086,39.347686767578125,130.0
22,36,-19.275959014892578,15336.3251953125,10452.0
22,37,-15.25501823425293,45.32027816772461,384.0
22,38,-21.218143463134766,14.186175346374512,404.0
22,39,-4.4375433921813965,4.389349937438965,3.0
22,40,-14.001348495483398,2.176793098449707,29.0
22,41,-5.041501045227051,3.5267446041107178,20.0
22,42,-4.137103080749512,1.8058198690414429,5.0
22,43,-5.779383182525635,2.2833099365234375,11.0
22,44,-21.07455062866211,8.227275848388672,11.0
22,45,-8.069350242614746,3.166935443878174,9.0
22,46,-0.5153892636299133,1.1874361038208008,1.0
22,47,-0.42872366309165955,1.1131356954574585,1.0
22,48,-0.9243588447570801,1.2599722146987915,1.0
22,49,-7.18309211730957,3.310774087905884,6.0
22,50,-8.494756698608398,8.361928939819336,24.0
22,51,-4.92783784866333,2.273467779159546,3.0
22,52,-15.19970417022705,12.594799041748047,10.0
22,53,-13.900440216064453,102.87144470214844,106.0
22,54,-31.50653839111328,3.359492540359497,110.0
22,55,-8.110187530517578,2.755980968475342,85.0
22,56,-4.578388214111328,3.1411755084991455,3.0
22,57,-23.167699813842773,2258.74951171875,21847.0
22,58,-13.990436553955078,33.036373138427734,18.0
22,59,-3.9061930179595947,2.184175968170166,2.0
22,60,-6.835014343261719,3.9235734939575195,4.0
22,61,-5.0314130783081055,2.0519144535064697,7.0
22,62,-21.976072311401367,243.23257446289062,14986.0
22,63,-20.60015296936035,959.793212890625,14163.0
22,64,-15.422541618347168,47.258636474609375,73.0
22,65,-4.924177169799805,1.8506226539611816,2.0
22,66,-41.2583122253418,11.324398040771484,68.0
22,67,-39.78014373779297,37.20252227783203,30.0
22,68,-27.42026138305664,21.04568862915039,88.0
22,69,-27.882566452026367,104.28153228759766,1885.0
22,70,-12.579380989074707,66.22957611083984,393.0
22,71,-11.921727180480957,7.2932891845703125,37.0
22,72,-7.423633575439453,4.413758754730225,9.0
22,73,-13.979669570922852,4.727027416229248,10.0
22,74,-26.385833740234375,81.25877380371094,4734.0
22,75,-12.811442375183105,24.602807998657227,175.0
22,76,-7.236660957336426,2.8117547035217285,22.0
22,77,-38.55326843261719,15.702263832092285,66.0
22,78,-10.05284595489502,28.529783248901367,23.0
22,79,-14.224140167236328,2.036447763442993,8.0
22,80,-1.923446536064148,1.8986607789993286,2.0
22,81,-3.054861068725586,2.146235227584839,3.0
22,82,-8.128538131713867,1.9687093496322632,22.0
22,83,-35.23247528076172,7.944648742675781,671.0
22,84,-14.648042678833008,11.488430976867676,40.0
22,85,-23.476947784423828,6.085561752319336,106.0
22,86,-21.916309356689453,15.479842185974121,16.0
22,87,-15.328569412231445,46.16132736206055,490.0
22,88,-11.970794677734375,10.958975791931152,21.0
22,89,-12.531217575073242,65.17477416992188,69.0
22,90,-12.959491729736328,75.1758804321289,47.0
22,91,-55.48491668701172,101.8746337890625,11700.0
22,92,-2.530529022216797,2.3245110511779785,3.0
22,93,-12.078882217407227,11.19846248626709,16.0
22,94,-7.1831512451171875,2.0509746074676514,2.0
22,95,-5.566209316253662,2.0052649974823,2.0
22,96,-2.849409818649292,2.5852012634277344,3.0
22,97,-24.585845947265625,3.057319164276123,6.0
24,0,-3.3883631229400635,2.332850217819214,2.0
24,1,-12.213778495788574,3.035400867462158,10.0
24,2,-1.303191065788269,1.3851351737976074,2.0
24,3,-0.1835664063692093,1.0630996227264404,1.0
24,4,-5.060345649719238,3.54339861869812,4.0
24,5,-3.5367302894592285,1.6573952436447144,4.0
24,6,-11.285686492919922,3.091228723526001,7.0
24,7,-3.045454263687134,2.7597811222076416,2.0
24,8,-11.74099349975586,10.46669864654541,26.0
24,9,-5.966636657714844,1.8160496950149536,15.0
24,10,-3.8171591758728027,3.5693604946136475,3.0
24,11,-4.168326377868652,2.3017399311065674,3.0
24,12,-16.1093807220459,9.987557411193848,229.0
24,13,-1.0303106307983398,1.2937923669815063,1.0
24,14,-9.718393325805664,2.4193291664123535,8.0
24,15,-6.724208354949951,3.8375790119171143,29.0
24,16,-0.010666252113878727,1.0053473711013794,1.0
24,17,-23.272756576538086,6.954552173614502,11346.0
24,18,-3.6126561164855957,2.467397689819336,2.0
24,19,-10.804839134216309,3.3219025135040283,8.0
24,20,-1.453502893447876,1.3373640775680542,1.0
24,21,-4.487177848815918,88.87028503417969,4.0
24,22,-9.36326789855957,6.5055365562438965,23.0
24,23,-9.47726821899414,10.690089225769043,22.0
24,24,-16.549516677856445,62.63844299316406,130.0
24,25,-2.909303903579712,4.282992362976074,5.0
24,26,-9.371262550354004,2.3441736698150635,5.0
24,27,-1.7203370332717896,1.7743704319000244,1.0
24,28,-7.803758144378662,4.762399673461914,36.0
24,29,-27.388017654418945,15.468439102172852,1112.0
24,30,-16.140430450439453,3197.7900390625,2195.0
24,31,-4.916951656341553,2.6735048294067383,2.0
24,32,-8.53061580657959,71.18683624267578,35.0
24,33,-24.541316986083984,33.311492919921875,38.0
24,34,-20.3800048828125,26635.560546875,1726.0
24,35,-14.834630966186523,40.799007415771484,133.0
24,36,-19.643085479736328,18426.45703125,10996.0
24,37,-15.591190338134766,49.293766021728516,387.0
24,38,-21.46177101135254,14.624838829040527,382.0
24,39,-4.361557483673096,4.279569625854492,3.0
24,40,-12.901819229125977,2.0478034019470215,28.0
24,41,-4.8683953285217285,3.3773751258850098,18.0
24,42,-4.395971775054932,1.8738514184951782,5.0
24,43,-6.058366775512695,2.3761487007141113,12.0
24,44,-20.592086791992188,7.839763164520264,10.0
24,45,-7.015303134918213,2.724231004714966,9.0
24,46,-0.43380823731422424,1.1555804014205933,1.0
24,47,-0.3591246008872986,1.0939347743988037,1.0
24,48,-0.8494119644165039,1.2365843057632446,1.0
24,49,-7.253222942352295,3.349699020385742,7.0
24,50,-8.602486610412598,8.590197563171387,26.0
24,51,-4.64946985244751,2.170400381088257,3.0
24,52,-16.288841247558594,15.101692199707031,10.0
24,53,-14.056962966918945,108.38115692138672,108.0
24,54,-29.313913345336914,3.0877978801727295,83.0
24,55,-8.103838920593262,2.7537949085235596,83.0
24,56,-4.488079071044922,3.0710508823394775,2.0
24,57,-23.524765014648438,2544.2431640625,22226.0
24,58,-12.988121032714844,25.713865280151367,16.0
24,59,-3.8548781871795654,2.161874294281006,2.0
24,60,-6.653721332550049,3.78385853767395,4.0
24,61,-5.138601303100586,2.0835764408111572,7.0
24,62,-22.181135177612305,256.0272521972656,14809.0
24,63,-20.628801345825195,969.0022583007812,14458.0
24,64,-14.336344718933105,36.02042770385742,56.0
24,65,-4.776279449462891,1.816724181175232,2.0
24,66,-41.274295806884766,11.335051536560059,63.0
24,67,-40.501522064208984,39.724037170410156,32.0
24,68,-29.137939453125,25.471210479736328,104.0
24,69,-27.883098602294922,104.29077911376953,1720.0
24,70,-12.55598258972168,65.71502685546875,340.0
24,71,-12.010025024414062,7.401412487030029,37.0
24,72,-7.452416896820068,4.4392409324646,9.0
24,73,-12.767104148864746,4.131196975708008,11.0
24,74,-26.809423446655273,87.202880859375,5609.0
24,75,-12.604330062866211,23.36134147644043,180.0
24,76,-7.028597354888916,2.729409694671631,19.0
24,77,-37.672462463378906,14.744793891906738,59.0
24,78,-9.929632186889648,27.38176727294922,17.0
24,79,-11.805824279785156,1.8045138120651245,14.0
24,80,-1.8931894302368164,1.8796077966690063,2.0
24,81,-2.850888252258301,2.0395355224609375,3.0
24,82,-8.059701919555664,1.9574483633041382,22.0
24,83,-35.169105529785156,7.915088653564453,697.0
24,84,-14.953178405761719,12.087796211242676,44.0
24,85,-22.530765533447266,5.658370018005371,88.0
24,86,-21.228811264038086,14.20510482788086,15.0
24,87,-15.24567985534668,45.214595794677734,461.0
24,88,-11.952000617980957,10.917861938476562,21.0
24,89,-12.604477882385254,66.78595733642578,66.0
24,90,-13.345643043518066,85.502685546875,46.0
24,91,-55.638938903808594,103.19062805175781,11293.0
24,92,-2.454869270324707,2.266619920730591,2.0
24,93,-12.483271598815918,12.141802787780762,24.0
24,94,-6.829076290130615,1.9796254634857178,2.0
24,95,-5.617474555969238,2.0181562900543213,2.0
24,96,-2.686685085296631,2.4487109184265137,3.0
24,97,-21.612295150756836,2.670797348022461,6.0
26,0,-3.3009417057037354,2.2824180126190186,2.0
26,1,-11.753658294677734,2.9110515117645264,8.0
26,2,-1.3793665170669556,1.4117662906646729,2.0
26,3,-0.46070873737335205,1.1659889221191406,1.0
26,4,-4.857667446136475,3.3683292865753174,2.0
26,5,-3.887239456176758,1.7424983978271484,5.0
26,6,-10.868795394897461,2.9650073051452637,7.0
26,7,-3.130624771118164,2.839254379272461,2.0
26,8,-11.817646026611328,10.628395080566406,29.0
26,9,-6.0101799964904785,1.8239747285842896,16.0
26,10,-3.8885605335235596,3.655331611633301,4.0
26,11,-4.109821319580078,2.2749640941619873,2.0
26,12,-15.612345695495605,9.302982330322266,212.0
26,13,-1.0413154363632202,1.2973566055297852,1.0
26,14,-9.6165771484375,2.3970389366149902,7.0
26,15,-6.8093342781066895,3.9034736156463623,29.0
26,16,-0.010074043646454811,1.0050498247146606,1.0
26,17,-23.934049606323242,7.34855842590332,11375.0
26,18,-3.7704734802246094,2.5666933059692383,2.0
26,19,-11.095086097717285,3.430779218673706,8.0
26,20,-1.2403850555419922,1.281558632850647,1.0
26,21,-4.533799171447754,93.11163330078125,4.0
26,22,-8.707642555236816,5.706058979034424,19.0
26,23,-8.838125228881836,9.111444473266602,17.0
26,24,-16.502328872680664,61.903839111328125,127.0
26,25,-2.744990825653076,3.945183277130127,4.0
26,26,-8.246136665344238,2.1162567138671875,6.0
26,27,-1.7304326295852661,1.7803516387939453,1.0
26,28,-7.724471092224121,4.687475681304932,32.0
26,29,-27.60520362854004,15.80806827545166,1182.0
26,30,-16.228763580322266,3342.19091796875,2151.0
26,31,-4.731167793273926,2.575989246368408,2.0
26,32,-6.942099094390869,32.17049026489258,28.0
26,33,-24.3125,32.240211486816406,35.0
26,34,-20.596237182617188,29676.732421875,1670.0
26,35,-14.854013442993164,40.99718475341797,130.0
26,36,-19.887548446655273,20822.18359375,11283.0
26,37,-15.919707298278809,53.513118743896484,404.0
26,38,-21.633438110351562,14.942055702209473,338.0
26,39,-4.325869560241699,4.22896146774292,3.0
26,40,-12.092490196228027,1.9577680826187134,25.0
26,41,-4.6547651290893555,3.2017300128936768,16.0
26,42,-4.574550628662109,1.9222708940505981,5.0
26,43,-6.375265598297119,2.486191987991333,13.0
26,44,-20.140567779541016,7.493655204772949,8.0
26,45,-6.15006160736084,2.4074792861938477,9.0
26,46,-0.37423041462898254,1.1328577995300293,1.0
26,47,-0.3072255253791809,1.0798330307006836,1.0
26,48,-0.8008541464805603,1.2216635942459106,1.0
26,49,-7.443271636962891,3.457498073577881,8.0
26,50,-8.604095458984375,8.593652725219727,27.0
26,51,-4.435647487640381,2.0944154262542725,3.0
26,52,-16.972230911254883,16.923532485961914,10.0
26,53,-14.297645568847656,117.43465423583984,113.0
26,54,-27.755399703979492,2.908144950866699,68.0
26,55,-8.066177368164062,2.740861177444458,74.0
26,56,-4.363518714904785,2.97689151763916,2.0
26,57,-23.96096420288086,2942.42138671875,22771.0
26,58,-12.252147674560547,21.392425537109375,13.0
26,59,-3.958714008331299,2.207239866256714,2.0
26,60,-6.566678524017334,3.7185566425323486,5.0
26,61,-5.044592380523682,2.055781364440918,7.0
26,62,-22.370649337768555,268.4493713378906,14522.0
26,63,-20.424518585205078,905.2152099609375,14013.0
26,64,-13.716880798339844,30.852575302124023,43.0
26,65,-4.632816314697266,1.7844353914260864,2.0
26,66,-41.043643951416016,11.182296752929688,57.0
26,67,-41.66995620727539,44.17582702636719,35.0
26,68,-30.41417121887207,29.351755142211914,110.0
26,69,-27.984222412109375,106.06342315673828,1511.0
26,70,-12.582978248596191,66.30902099609375,290.0
26,71,-12.013344764709473,7.4055094718933105,37.0
26,72,-7.652235984802246,4.620242595672607,9.0
26,73,-11.937943458557129,3.7676000595092773,11.0
26,74,-27.434467315673828,96.77716064453125,6696.0
26,75,-12.532294273376465,22.944395065307617,197.0
26,76,-6.783279895782471,2.63541316986084,17.0
26,77,-36.97063064575195,14.023847579956055,59.0
26,78,-9.793013572692871,26.16278076171875,14.0
26,79,-10.685254096984863,1.7061898708343506,14.0
26,80,-1.8145853281021118,1.8309991359710693,2.0
26,81,-2.8127875328063965,2.020200729370117,3.0
26,82,-7.94832706451416,1.9393649101257324,21.0
26,83,-35.31678771972656,7.9841485023498535,678.0
26,84,-15.131762504577637,12.452986717224121,52.0
26,85,-22.24045181274414,5.5334086418151855,103.0
26,86,-20.607072830200195,13.142932891845703,14.0
26,87,-15.214170455932617,44.859825134277344,453.0
26,88,-11.970073699951172,10.957398414611816,20.0
26,89,-12.711766242980957,69.2176284790039,67.0
26,90,-13.505749702453613,90.18981170654297,46.0
26,91,-55.594024658203125,102.80514526367188,11235.0
26,92,-2.3919265270233154,2.219559669494629,2.0
26,93,-12.970222473144531,13.383792877197266,27.0
26,94,-6.477987766265869,1.911328911781311,2.0
26,95,-5.706250190734863,2.0406763553619385,2.0
26,96,-2.588493824005127,2.369860887527466,3.0
26,97,-19.000991821289062,2.3718767166137695,5.0
28,0,-3.2650465965270996,2.2620277404785156,2.0
28,1,-11.23259162902832,2.7763712406158447,8.0
28,2,-1.4465088844299316,1.4356637001037598,2.0
28,3,-1.206006407737732,1.4948145151138306,1.0
28,4,-4.813138961791992,3.331040620803833,2.0
28,5,-4.341099262237549,1.8592199087142944,7.0
28,6,-10.59319019317627,2.884406328201294,9.0
28,7,-3.09130859375,2.8022878170013428,2.0
28,8,-11.872385025024414,10.745391845703125,29.0
28,9,-5.954836368560791,1.8139079809188843,17.0
28,10,-3.8940062522888184,3.661973237991333,3.0
28,11,-4.016635894775391,2.2329580783843994,2.0
28,12,-15.354232788085938,8.96619987487793,193.0
28,13,-0.671576738357544,1.1828114986419678,1.0
28,14,-9.831291198730469,2.4442877769470215,7.0
28,15,-6.754690170288086,3.8610458374023438,28.0
28,16,-0.009344097226858139,1.004683017730713,1.0
28,17,-24.06260871887207,7.427707672119141,11366.0
28,18,-3.818992853164673,2.5980165004730225,2.0
28,19,-11.147759437561035,3.4509167671203613,8.0
28,20,-1.2131975889205933,1.274609088897705,1.0
28,21,-4.540938377380371,93.77875518798828,4.0
28,22,-8.28625202178955,5.244869709014893,17.0
28,23,-8.587732315063477,8.55856990814209,16.0
28,24,-16.301029205322266,58.86561965942383,116.0
28,25,-2.656669855117798,3.7747530937194824,3.0
28,26,-9.509763717651367,2.373875856399536,6.0
28,27,-1.8007614612579346,1.8225812911987305,1.0
28,28,-7.477903366088867,4.4619269371032715,28.0
28,29,-27.710674285888672,15.975677490234375,1279.0
28,30,-16.070518493652344,3087.939453125,1967.0
28,31,-4.564373016357422,2.491474151611328,2.0
28,32,-6.014826774597168,20.2349910736084,25.0
28,33,-24.101543426513672,31.2830867767334,36.0
28,34,-20.621231079101562,30049.9296875,1638.0
28,35,-14.76001262664795,40.04497146606445,124.0
28,36,-19.745054244995117,19390.279296875,10981.0
28,37,-16.07190704345703,55.588523864746094,408.0
28,38,-21.497779846191406,14.690814971923828,305.0
28,39,-4.261074066162109,4.138601779937744,3.0
28,40,-11.69998836517334,1.9155396223068237,23.0
28,41,-4.593100547790527,3.152750253677368,15.0
28,42,-4.603430271148682,1.9302178621292114,5.0
28,43,-6.404999732971191,2.4967751502990723,13.0
28,44,-19.68086051940918,7.156965732574463,7.0
28,45,-5.688252925872803,2.253777265548706,8.0
28,46,-0.3508836328983307,1.1240758895874023,1.0
28,47,-0.24327993392944336,1.062707543373108,1.0
28,48,-0.7977463006973267,1.220714807510376,1.0
28,49,-7.20435905456543,3.3225300312042236,7.0
28,50,-8.442474365234375,8.253345489501953,25.0
28,51,-4.322131633758545,2.0551631450653076,3.0
28,52,-17.727680206298828,19.19430160522461,11.0
28,53,-14.389699935913086,121.09392547607422,119.0
28,54,-26.914020538330078,2.8155415058135986,63.0
28,55,-8.031126976013184,2.728878974914551,68.0
28,56,-4.314140319824219,2.940368890762329,3.0
28,57,-24.179424285888672,3164.681884765625,23017.0
28,58,-11.54975700378418,17.94729232788086,11.0
28,59,-3.8524866104125977,2.1608407497406006,2.0
28,60,-6.500646114349365,3.6697707176208496,4.0
28,61,-4.911026954650879,2.016927480697632,6.0
28,62,-22.38446807861328,269.3783874511719,14325.0
28,63,-20.361370086669922,886.3600463867188,14233.0
28,64,-12.95222282409668,25.4841251373291,38.0
28,65,-4.617208480834961,1.7809573411941528,2.0
28,66,-41.04543685913086,11.183477401733398,57.0
28,67,-42.23535919189453,46.50585174560547,38.0
28,68,-30.936176300048828,31.10451316833496,112.0
28,69,-28.086101531982422,107.87972259521484,1480.0
28,70,-12.70557975769043,69.07502746582031,277.0
28,71,-11.923604965209961,7.295571804046631,38.0
28,72,-7.682552814483643,4.648342132568359,9.0
28,73,-11.445199966430664,3.5668716430664062,12.0
28,74,-27.528369903564453,98.30371856689453,7112.0
28,75,-12.308124542236328,21.69390106201172,187.0
28,76,-6.599119186401367,2.566983222961426,13.0
28,77,-36.45914840698242,13.52074146270752,59.0
28,78,-9.545844078063965,24.09364128112793,11.0
28,79,-10.43806266784668,1.6852319240570068,14.0
28,80,-1.7533681392669678,1.794014811515808,2.0
28,81,-2.683962345123291,1.9561741352081299,3.0
28,82,-7.900232315063477,1.931607723236084,20.0
28,83,-35.48142623901367,8.061847686767578,653.0
28,84,-15.22103500366211,12.639657020568848,54.0
28,85,-21.519596099853516,5.234930515289307,103.0
28,86,-20.296092987060547,12.641836166381836,13.0
28,87,-15.224445343017578,44.97520446777344,453.0
28,88,-11.804086685180664,10.59961223602295,20.0
28,89,-12.74740219116211,70.04473114013672,73.0
28,90,-13.381377220153809,86.52723693847656,46.0
28,91,-55.611568450927734,102.95555114746094,10974.0
28,92,-2.3586668968200684,2.1950881481170654,2.0
28,93,-12.926430702209473,13.267085075378418,28.0
28,94,-6.697946548461914,1.9538360834121704,2.0
28,95,-5.738059043884277,2.0488064289093018,2.0
28,96,-2.5989413261413574,2.3781285285949707,3.0
28,97,-18.3056640625,2.298083782196045,6.0
30,0,-3.296220302581787,2.2797255516052246,2.0
30,1,-10.964509963989258,2.7095258235931396,7.0
30,2,-1.4612923860549927,1.4409795999526978,2.0
30,3,-1.9230947494506836,1.8984382152557373,3.0
30,4,-4.687280654907227,3.2278623580932617,2.0
30,5,-4.624096870422363,1.935925006866455,7.0
30,6,-10.379158020019531,2.823326587677002,9.0
30,7,-3.0192363262176514,2.7357678413391113,2.0
30,8,-11.628164291381836,10.233154296875,27.0
30,9,-5.907530784606934,1.8053474426269531,16.0
30,10,-3.909839630126953,3.6813509464263916,3.0
30,11,-3.9658851623535156,2.2104077339172363,2.0
30,12,-15.144086837768555,8.70102596282959,184.0
30,13,-0.3396819829940796,1.0886305570602417,1.0
30,14,-9.876543045043945,2.4543635845184326,7.0
30,15,-6.784700870513916,3.8842897415161133,28.0
30,16,-0.008948205038905144,1.0044841766357422,1.0
30,17,-24.343955993652344,7.603912830352783,11572.0
30,18,-3.9133076667785645,2.6600022315979004,2.0
30,19,-11.133552551269531,3.4454736709594727,8.0
30,20,-1.1682530641555786,1.2632031440734863,1.0
30,21,-4.567902088165283,96.34178161621094,4.0
30,22,-7.9976806640625,4.950735569000244,15.0
30,23,-8.338047981262207,8.040666580200195,14.0
30,24,-16.14317512512207,56.58782196044922,107.0
30,25,-2.5328457355499268,3.5481374263763428,2.0
30,26,-11.306249618530273,2.7950243949890137,14.0
30,27,-1.8144361972808838,1.8309080600738525,1.0
30,28,-7.276856422424316,4.286074161529541,24.0
30,29,-27.55162239074707,15.723591804504395,1262.0
30,30,-15.875617980957031,2801.21630859375,1852.0
30,31,-4.269831657409668,2.348945140838623,2.0
30,32,-5.500218868255615,15.644344329833984,22.0
30,33,-23.95618438720703,30.640174865722656,35.0
30,34,-20.771453857421875,32393.94921875,1662.0
30,35,-14.786096572875977,40.30696105957031,127.0
30,36,-19.813446044921875,20064.814453125,11025.0
30,37,-16.225786209106445,57.76866912841797,389.0
30,38,-21.211679458618164,14.174717903137207,276.0
30,39,-4.131008148193359,3.963005304336548,3.0
30,40,-11.290657043457031,1.872470498085022,21.0
30,41,-4.576898574829102,3.1400058269500732,16.0
30,42,-4.636077880859375,1.9392412900924683,5.0
30,43,-6.477157115936279,2.5226454734802246,13.0
30,44,-19.309789657592773,6.896258354187012,6.0
30,45,-5.4272589683532715,2.171292781829834,8.0
30,46,-0.334871768951416,1.1180922985076904,1.0
30,47,-0.1920434832572937,1.0491820573806763,1.0
30,48,-0.7874555587768555,1.2175782918930054,1.0
30,49,-7.0102667808532715,3.2167701721191406,7.0
30,50,-8.322500228881836,8.00947380065918,22.0
30,51,-4.233863830566406,2.0251502990722656,3.0
30,52,-18.304214477539062,21.13018035888672,12.0
30,53,-14.449884414672852,123.54778289794922,119.0
30,54,-26.407703399658203,2.7612428665161133,59.0
30,55,-7.927079200744629,2.693617105484009,62.0
30,56,-4.194056034088135,2.853407859802246,2.0
30,57,-24.180191040039062,3165.49072265625,22785.0
30,58,-11.16927433013916,16.318811416625977,11.0
30,59,-3.895995855331421,2.1797258853912354,2.0
30,60,-6.433155536651611,3.6205687522888184,4.0
30,61,-4.610602378845215,1.9321964979171753,6.0
30,62,-22.444480895996094,273.45037841796875,14370.0
30,63,-20.36925506591797,888.6927490234375,14425.0
30,64,-12.560590744018555,23.10727882385254,32.0
30,65,-4.646721839904785,1.7875397205352783,2.0
30,66,-41.44580841064453,11.449989318847656,59.0
30,67,-42.3847541809082,47.14176940917969,36.0
30,68,-31.037036895751953,31.45505714416504,111.0
30,69,-28.050914764404297,107.2489013671875,1400.0
30,70,-12.668310165405273,68.22221374511719,238.0
30,71,-11.938172340393066,7.313305854797363,38.0
30,72,-7.67431640625,4.640690803527832,9.0
30,73,-10.994451522827148,3.3926312923431396,11.0
30,74,-27.557384490966797,98.78022003173828,7206.0
30,75,-12.221965789794922,21.231616973876953,185.0
30,76,-6.3827104568481445,2.488837480545044,13.0
30,77,-35.89154052734375,12.983527183532715,55.0
30,78,-9.487951278686523,23.633150100708008,11.0
30,79,-10.041910171508789,1.6521798372268677,14.0
30,80,-1.6770071983337402,1.7489268779754639,2.0
30,81,-2.643929958343506,1.9366941452026367,3.0
30,82,-7.897757530212402,1.9312094449996948,20.0
30,83,-35.58197784423828,8.109673500061035,627.0
30,84,-15.188335418701172,12.570958137512207,53.0
30,85,-21.3365421295166,5.161733627319336,102.0
30,86,-20.030929565429688,12.229684829711914,13.0
30,87,-15.24898910522461,45.252017974853516,453.0
30,88,-11.786653518676758,10.56272029876709,20.0
30,89,-12.721242904663086,69.43660736083984,73.0
30,90,-13.37697982788086,86.40049743652344,46.0
30,91,-55.50079345703125,102.00952911376953,10733.0
30,92,-2.293374538421631,2.1478304862976074,2.0
30,93,-12.627731323242188,12.497720718383789,27.0
30,94,-6.633262634277344,1.9412386417388916,2.0
30,95,-5.772158145904541,2.0575578212738037,2.0
30,96,-2.6301732063293457,2.403015613555908,3.0
30,97,-17.79595184326172,2.2454521656036377,6.0
32,0,-3.15024733543396,2.198030710220337,2.0
32,1,-10.930055618286133,2.70105242729187,7.0
32,2,-1.5818455219268799,1.4850692749023438,2.0
32,3,-2.0905139446258545,2.0073952674865723,3.0
32,4,-4.656355857849121,3.2030036449432373,2.0
32,5,-4.685695171356201,1.953035831451416,7.0
32,6,-9.753454208374023,2.652083158493042,8.0
32,7,-2.9980154037475586,2.716484308242798,2.0
32,8,-11.490447044372559,9.955144882202148,26.0
32,9,-5.826281547546387,1.790738582611084,16.0
32,10,-3.978471517562866,3.7665417194366455,3.0
32,11,-3.857804775238037,2.163140296936035,2.0
32,12,-14.903388023376465,8.406923294067383,174.0
32,13,-0.18520677089691162,1.047390341758728,1.0
32,14,-9.914341926574707,2.4628121852874756,6.0
32,15,-6.905301570892334,3.979118824005127,28.0
32,16,-0.009078722447156906,1.0045497417449951,1.0
32,17,-24.55751609802246,7.740448951721191,11219.0
32,18,-3.8082237243652344,2.591031312942505,2.0
32,19,-11.142085075378418,3.4487416744232178,8.0
32,20,-1.0648066997528076,1.2373368740081787,1.0
32,21,-4.5713348388671875,96.67306518554688,4.0
32,22,-7.898721694946289,4.853714942932129,15.0
32,23,-7.911602020263672,7.227553367614746,11.0
32,24,-16.07505226135254,55.63225173950195,106.0
32,25,-2.515127420425415,3.516842842102051,2.0
32,26,-12.093725204467773,3.002452850341797,22.0
32,27,-1.7844946384429932,1.81272554397583,1.0
32,28,-7.326023578643799,4.328429698944092,26.0
32,29,-27.89999771118164,16.281015396118164,1432.0
32,30,-16.20094108581543,3296.0185546875,1804.0
32,31,-4.2945122718811035,2.3605685234069824,2.0
32,32,-5.308121681213379,14.21163272857666,19.0
32,33,-23.731067657470703,29.670475006103516,39.0
32,34,-20.702220916748047,31291.771484375,1560.0
32,35,-14.828874588012695,40.74033737182617,126.0
32,36,-19.783191680908203,19763.57421875,10535.0
32,37,-16.293621063232422,58.75670623779297,409.0
32,38,-20.933120727539062,13.689650535583496,276.0
32,39,-3.979158639907837,3.767404079437256,3.0
32,40,-10.960010528564453,1.8383886814117432,20.0
32,41,-4.5195183753967285,3.0952837467193604,15.0
32,42,-4.662681579589844,1.9466254711151123,5.0
32,43,-6.496419429779053,2.529597043991089,13.0
32,44,-18.982315063476562,6.674080848693848,6.0
32,45,-5.123398303985596,2.0790562629699707,7.0
32,46,-0.31352928280830383,1.1101661920547485,1.0
32,47,-0.15230479836463928,1.0388103723526,1.0
32,48,-0.7480614185333252,1.2056457996368408,1.0
32,49,-6.787652492523193,3.099607229232788,9.0
32,50,-8.3951416015625,8.156257629394531,22.0
32,51,-4.067643642425537,1.9698169231414795,2.0
32,52,-18.958633422851562,23.56522560119629,12.0
32,53,-14.452753067016602,123.66602325439453,118.0
32,54,-25.637128829956055,2.680607318878174,53.0
32,55,-8.038443565368652,2.7313756942749023,63.0
32,56,-4.26896858215332,2.9073503017425537,2.0
32,57,-24.349353790283203,3349.114501953125,22726.0
32,58,-11.102178573608398,16.047365188598633,11.0
32,59,-4.066847801208496,2.255495309829712,2.0
32,60,-6.252554893493652,3.492126703262329,3.0
32,61,-4.543890953063965,1.913869857788086,6.0
32,62,-22.305635452270508,264.12139892578125,14257.0
32,63,-20.268718719482422,859.404296875,13894.0
32,64,-12.07469367980957,20.464126586914062,27.0
32,65,-4.5788702964782715,1.7724429368972778,2.0
32,66,-41.5092887878418,11.49282455444336,59.0
32,67,-42.94942855834961,49.624942779541016,40.0
32,68,-31.55493927001953,33.31822204589844,123.0
32,69,-28.0201416015625,106.70024108886719,1369.0
32,70,-12.714927673339844,69.29061126708984,230.0
32,71,-11.979666709899902,7.364057540893555,39.0
32,72,-7.8525590896606445,4.809109210968018,9.0
32,73,-10.606446266174316,3.249476671218872,11.0
32,74,-27.97500228881836,105.90055084228516,7928.0
32,75,-12.236588478088379,21.309375762939453,193.0
32,76,-6.409700870513916,2.498452663421631,13.0
32,77,-35.82976531982422,12.92636489868164,54.0
32,78,-9.530433654785156,23.970195770263672,11.0
32,79,-9.5684232711792,1.6135249137878418,14.0
32,80,-1.748453140258789,1.7910780906677246,2.0
32,81,-2.523763418197632,1.8793779611587524,2.0
32,82,-7.616603374481201,1.8864880800247192,19.0
32,83,-35.74602508544922,8.188308715820312,636.0
32,84,-15.20118522644043,12.59791088104248,52.0
32,85,-21.153881072998047,5.0897135734558105,104.0
32,86,-19.30836296081543,11.173504829406738,12.0
32,87,-15.282968521118164,45.638065338134766,443.0
32,88,-11.770074844360352,10.527752876281738,19.0
32,89,-12.789341926574707,71.03083038330078,70.0
32,90,-13.648569107055664,94.58726501464844,43.0
32,91,-55.73408889770508,104.01212310791016,10808.0
32,92,-2.2490382194519043,2.116321563720703,2.0
32,93,-12.400802612304688,11.943181037902832,27.0
32,94,-6.716364860534668,1.9574379920959473,2.0
32,95,-5.773813247680664,2.057983636856079,2.0
32,96,-2.647202253341675,2.4166946411132812,3.0
32,97,-16.554244995117188,2.1222262382507324,5.0
34,0,-3.1233997344970703,2.1833271980285645,2.0
34,1,-10.92901611328125,2.7007970809936523,7.0
34,2,-1.543341875076294,1.470842719078064,2.0
34,3,-1.7911555767059326,1.816754937171936,3.0
34,4,-4.658321380615234,3.204577684402466,2.0
34,5,-5.019380569458008,2.0483903884887695,8.0
34,6,-9.66624641418457,2.6290552616119385,9.0
34,7,-3.0230965614318848,2.739290237426758,2.0
34,8,-11.45238208770752,9.879642486572266,26.0
34,9,-5.721141815185547,1.7720094919204712,16.0
34,10,-4.0212507247924805,3.820636034011841,4.0
34,11,-3.8611741065979004,2.1645984649658203,2.0
34,12,-14.74728775024414,8.22152328491211,167.0
34,13,-0.14638569951057434,1.0372743606567383,1.0
34,14,-9.850427627563477,2.4485437870025635,5.0
34,15,-6.969855308532715,4.030825138092041,29.0
34,16,-0.009339625015854836,1.0046807527542114,1.0
34,17,-25.017377853393555,8.04283332824707,12002.0
34,18,-3.7016491889953613,2.5229082107543945,2.0
34,19,-11.073678970336914,3.422628402709961,8.0
34,20,-1.0068073272705078,1.223066806793213,1.0
34,21,-4.642726898193359,103.82709503173828,4.0
34,22,-7.83820915222168,4.7953267097473145,14.0
34,23,-7.683597564697266,6.827095985412598,10.0
34,24,-15.986830711364746,54.4186897277832,105.0
34,25,-2.448763132095337,3.4020614624023438,2.0
34,26,-12.35307502746582,3.0740835666656494,28.0
34,27,-1.6821868419647217,1.7519493103027344,1.0
34,28,-7.321935653686523,4.324892044067383,25.0
34,29,-28.22471809387207,16.818370819091797,1408.0
34,30,-16.123050689697266,3170.121826171875,1802.0
34,31,-4.031608581542969,2.239654779434204,2.0
34,32,-5.176021099090576,13.303278923034668,18.0
34,33,-23.78681182861328,29.907695770263672,42.0
34,34,-20.738826751708984,31869.775390625,1557.0
34,35,-14.945611953735352,41.946834564208984,125.0
34,36,-19.805404663085938,19984.30078125,10647.0
34,37,-16.58295440673828,63.16425704956055,410.0
34,38,-21.11899185180664,14.011438369750977,264.0
34,39,-3.9447927474975586,3.7244937419891357,3.0
34,40,-10.795771598815918,1.8216907978057861,20.0
34,41,-4.474864959716797,3.060922145843506,14.0
34,42,-4.776900291442871,1.9786491394042969,5.0
34,43,-6.620004177093506,2.574653387069702,13.0
34,44,-18.518251419067383,6.3714375495910645,5.0
34,45,-4.922627925872803,2.020272970199585,6.0
34,46,-0.29848146438598633,1.1046116352081299,1.0
34,47,-0.12891368567943573,1.032753348350525,1.0
34,48,-0.7083344459533691,1.1937308311462402,1.0
34,49,-6.702873229980469,3.0561182498931885,7.0
34,50,-8.480188369750977,8.33152961730957,24.0
34,51,-4.001902103424072,1.948351502418518,2.0
34,52,-19.365549087524414,25.21884536743164,13.0
34,53,-14.517782211303711,126.3758773803711,118.0
34,54,-25.369403839111328,2.653146266937256,46.0
34,55,-8.029187202453613,2.728217363357544,63.0
34,56,-4.175415515899658,2.840141534805298,2.0
34,57,-24.41708755493164,3425.592041015625,22656.0
34,58,-10.831281661987305,14.996554374694824,11.0
34,59,-4.216756343841553,2.3241426944732666,2.0
34,60,-6.325508117675781,3.5434529781341553,3.0
34,61,-4.345922946929932,1.8605016469955444,5.0
34,62,-22.24021339416504,259.8367004394531,14223.0
34,63,-20.226886749267578,847.5042114257812,13702.0
34,64,-11.820496559143066,19.204105377197266,26.0
34,65,-4.58196496963501,1.7731287479400635,2.0
34,66,-41.185760498046875,11.276171684265137,58.0
34,67,-43.238677978515625,50.94715881347656,41.0
34,68,-31.702590942382812,33.86933517456055,126.0
34,69,-28.01864242553711,106.67359161376953,1390.0
34,70,-12.749013900756836,70.08238220214844,225.0
34,71,-12.081854820251465,7.4905524253845215,40.0
34,72,-7.958230495452881,4.911827564239502,9.0
34,73,-10.340978622436523,3.155029058456421,11.0
34,74,-28.25,110.86724853515625,8169.0
34,75,-12.128602981567383,20.74179458618164,189.0
34,76,-6.384434700012207,2.489450693130493,13.0
34,77,-35.76426696777344,12.866029739379883,50.0
34,78,-9.468279838562012,23.478694915771484,11.0
34,79,-9.381874084472656,1.5985448360443115,14.0
34,80,-1.7058868408203125,1.7658443450927734,2.0
34,81,-2.4755115509033203,1.85684335231781,2.0
34,82,-7.525278091430664,1.8721855878829956,18.0
34,83,-35.79298400878906,8.210959434509277,673.0
34,84,-15.23005485534668,12.658671379089355,55.0
34,85,-21.09934425354004,5.068406581878662,100.0
34,86,-19.166479110717773,10.97708511352539,12.0
34,87,-15.242286682128906,45.1762580871582,429.0
34,88,-11.775860786437988,10.53994369506836,19.0
34,89,-12.821531295776367,71.79707336425781,70.0
34,90,-13.599451065063477,93.05123138427734,43.0
34,91,-55.68382263183594,103.57731628417969,10484.0
34,92,-2.015350580215454,1.9577257633209229,2.0
34,93,-12.161787033081055,11.385690689086914,28.0
34,94,-6.718969821929932,1.957948088645935,2.0
34,95,-5.782557010650635,2.0602340698242188,3.0
34,96,-2.680940628051758,2.4440267086029053,3.0
34,97,-15.86019229888916,2.0563197135925293,5.0
36,0,-3.220588445663452,2.237025499343872,2.0
36,1,-10.606331825256348,2.6227200031280518,7.0
36,2,-1.5124144554138184,1.4595141410827637,2.0
36,3,-1.5700398683547974,1.6876661777496338,2.0
36,4,-4.609041690826416,3.165339708328247,2.0
36,5,-5.152426242828369,2.087695598602295,8.0
36,6,-9.50491714477539,2.5869815349578857,8.0
36,7,-2.951817512512207,2.6749725341796875,2.0
36,8,-11.46928882598877,9.913106918334961,25.0
36,9,-5.718682289123535,1.7715736627578735,16.0
36,10,-3.9392318725585938,3.7175962924957275,3.0
36,11,-3.883791446685791,2.1744120121002197,2.0
36,12,-14.708878517150879,8.176533699035645,164.0
36,13,-0.1289646327495575,1.032766580581665,1.0
36,14,-9.815646171569824,2.4408137798309326,5.0
36,15,-6.970559120178223,4.031393051147461,29.0
36,16,-0.009866143576800823,1.0049452781677246,1.0
36,17,-24.97599220275879,8.015143394470215,12267.0
36,18,-3.713563919067383,2.5304343700408936,2.0
36,19,-11.091508865356445,3.4294159412384033,9.0
36,20,-1.0453474521636963,1.2325305938720703,1.0
36,21,-4.725732326507568,112.8130874633789,4.0
36,22,-7.784867763519287,4.744441032409668,12.0
36,23,-7.641419887542725,6.755486488342285,10.0
36,24,-15.8636474609375,52.76836395263672,98.0
36,25,-2.4481589794158936,3.401033878326416,2.0
36,26,-13.031909942626953,3.269768238067627,33.0
36,27,-1.6292352676391602,1.7212976217269897,1.0
36,28,-7.27244758605957,4.282296657562256,24.0
36,29,-28.131389617919922,16.662137985229492,1534.0
36,30,-16.30670928955078,3475.01708984375,1774.0
36,31,-4.065916538238525,2.255075216293335,2.0
36,32,-5.135623455047607,13.037263870239258,19.0
36,33,-23.877681732177734,30.298471450805664,47.0
36,34,-20.804115295410156,32927.30859375,1591.0
36,35,-14.901979446411133,41.49176025390625,123.0
36,36,-19.752593994140625,19463.515625,10398.0
36,37,-16.400432586669922,60.3468132019043,397.0
36,38,-20.957477569580078,13.731393814086914,252.0
36,39,-3.854248523712158,3.613762617111206,3.0
36,40,-10.75360107421875,1.8174279928207397,20.0
36,41,-4.476465225219727,3.0621469020843506,14.0
36,42,-4.66029167175293,1.9459608793258667,5.0
36,43,-6.518990993499756,2.537766695022583,13.0
36,44,-18.334653854370117,6.255526542663574,5.0
36,45,-4.822226524353027,1.9915026426315308,6.0
36,46,-0.29819455742836,1.104506015777588,1.0
36,47,-0.12236142158508301,1.0310630798339844,1.0
36,48,-0.6861581206321716,1.1871311664581299,1.0
36,49,-6.5845232009887695,2.996426820755005,7.0
36,50,-8.500190734863281,8.373296737670898,26.0
36,51,-3.9479870796203613,1.9309223890304565,2.0
36,52,-19.045194625854492,23.907665252685547,12.0
36,53,-14.600223541259766,129.89691162109375,118.0
36,54,-25.33551788330078,2.649690866470337,45.0
36,55,-7.934969425201416,2.696274995803833,63.0
36,56,-4.207813262939453,2.8632383346557617,2.0
36,57,-24.407934188842773,3415.15380859375,22627.0
36,58,-10.63392162322998,14.274581909179688,9.0
36,59,-4.226905345916748,2.3288650512695312,2.0
36,60,-6.062679290771484,3.361999273300171,2.0
36,61,-4.164468288421631,1.8128931522369385,4.0
36,62,-22.163795471191406,254.91978454589844,14153.0
36,63,-20.320880889892578,874.4776611328125,14347.0
36,64,-11.628050804138184,18.302043914794922,25.0
36,65,-4.5964531898498535,1.7763428688049316,2.0
36,66,-41.412376403808594,11.42749309539795,61.0
36,67,-43.44950485229492,51.93302917480469,42.0
36,68,-31.58897590637207,33.44446563720703,120.0
36,69,-28.024944305419922,106.78570556640625,1451.0
36,70,-12.689723014831543,68.71087646484375,216.0
36,71,-12.080999374389648,7.489484786987305,41.0
36,72,-7.988738536834717,4.94188928604126,9.0
36,73,-10.117426872253418,3.0776259899139404,10.0
36,74,-28.155628204345703,109.13706970214844,8339.0
36,75,-12.204187393188477,21.137460708618164,194.0
36,76,-6.359541893005371,2.480613946914673,13.0
36,77,-35.447086334228516,12.5778169631958,49.0
36,78,-9.397459030151367,22.930923461914062,11.0
36,79,-9.334095001220703,1.5947304964065552,14.0
36,80,-1.6889475584030151,1.755901575088501,2.0
36,81,-2.353426218032837,1.8010261058807373,2.0
36,82,-7.488105773925781,1.866395115852356,16.0
36,83,-35.5657958984375,8.101956367492676,641.0
36,84,-15.116735458374023,12.421836853027344,51.0
36,85,-20.885948181152344,4.985887050628662,102.0
36,86,-18.830760955810547,10.525965690612793,12.0
36,87,-15.221817016601562,44.94566345214844,438.0
36,88,-11.771236419677734,10.530200004577637,19.0
36,89,-12.865078926086426,72.84687805175781,74.0
36,90,-13.583765029907227,92.56597900390625,44.0
36,91,-55.5341911315918,102.29380798339844,10128.0
36,92,-2.0056371688842773,1.95139741897583,2.0
36,93,-11.989337921142578,10.999696731567383,28.0
36,94,-6.7307586669921875,1.9602574110031128,2.0
36,95,-5.711517333984375,2.042020320892334,3.0
36,96,-2.6285812854766846,2.401740789413452,3.0
36,97,-15.943523406982422,2.0641233921051025,5.0
38,0,-3.2478127479553223,2.252302885055542,2.0
38,1,-10.445941925048828,2.5847561359405518,7.0
38,2,-1.473066806793213,1.4452275037765503,2.0
38,3,-1.3462215662002563,1.5663381814956665,2.0
38,4,-4.567914009094238,3.132960557937622,2.0
38,5,-5.285552024841309,2.127779245376587,8.0
38,6,-9.621015548706055,2.6171908378601074,9.0
38,7,-2.957569122314453,2.6801061630249023,2.0
38,8,-11.462313652038574,9.899287223815918,23.0
38,9,-5.750479698181152,1.777215838432312,15.0
38,10,-3.916520833969116,3.689558982849121,3.0
38,11,-3.853431224822998,2.1612489223480225,2.0
38,12,-14.585872650146484,8.034109115600586,159.0
38,13,-0.13510537147521973,1.034353256225586,1.0
38,14,-9.701157569885254,2.415541410446167,5.0
38,15,-6.88921594619751,3.9663374423980713,28.0
38,16,-0.009605146944522858,1.0048141479492188,1.0
38,17,-24.971660614013672,8.012250900268555,12005.0
38,18,-3.5895447731018066,2.4531826972961426,2.0
38,19,-11.090397834777832,3.42899227142334,9.0
38,20,-1.0155491828918457,1.2252070903778076,1.0
38,21,-4.718307971954346,111.97863006591797,4.0
38,22,-7.710025310516357,4.673952102661133,11.0
38,23,-7.685423851013184,6.83021354675293,10.0
38,24,-15.9534330368042,53.96622085571289,99.0
38,25,-2.4042506217956543,3.3271806240081787,2.0
38,26,-13.1608247756958,3.3083138465881348,40.0
38,27,-1.5791678428649902,1.6928091049194336,1.0
38,28,-7.275172710418701,4.284631252288818,24.0
38,29,-28.165119171142578,16.718433380126953,1500.0
38,30,-16.401586532592773,3643.83984375,1806.0
38,31,-3.7986409664154053,2.137695074081421,2.0
38,32,-5.126391887664795,12.977226257324219,19.0
38,33,-23.59446144104004,29.097068786621094,43.0
38,34,-20.69924545288086,31245.251953125,1589.0
38,35,-15.082741737365723,43.40980911254883,126.0
38,36,-19.920061111450195,21163.443359375,11082.0
38,37,-16.57268524169922,63.0023078918457,405.0
38,38,-20.980201721191406,13.770453453063965,259.0
38,39,-3.8078384399414062,3.5582878589630127,3.0
38,40,-10.690336227416992,1.8110514879226685,20.0
38,41,-4.443460941314697,3.036984920501709,13.0
38,42,-4.605004787445068,1.930652141571045,5.0
38,43,-6.608429908752441,2.570399761199951,13.0
38,44,-18.061363220214844,6.086884498596191,5.0
38,45,-4.599710464477539,1.9291925430297852,6.0
38,46,-0.30033764243125916,1.1052953004837036,1.0
38,47,-0.12831488251686096,1.032598853111267,1.0
38,48,-0.685482382774353,1.186930537223816,1.0
38,49,-6.554547309875488,2.9814939498901367,8.0
38,50,-8.467958450317383,8.306095123291016,24.0
38,51,-3.9498744010925293,1.9315299987792969,2.0
38,52,-19.52071189880371,25.87952423095703,13.0
38,53,-14.565957069396973,128.42166137695312,115.0
38,54,-25.429168701171875,2.659252166748047,47.0
38,55,-7.890726089477539,2.6814045906066895,60.0
38,56,-4.200478553771973,2.8579931259155273,2.0
38,57,-24.463729858398438,3479.264892578125,22741.0
38,58,-10.494583129882812,13.785892486572266,9.0
38,59,-4.198761940002441,2.315793514251709,2.0
38,60,-6.236132621765137,3.4806759357452393,3.0
38,61,-4.02705717086792,1.7776528596878052,4.0
38,62,-22.301048278808594,263.8186950683594,14434.0
38,63,-20.257965087890625,856.329345703125,14285.0
38,64,-11.445985794067383,17.4876766204834,25.0
38,65,-4.58873176574707,1.7746291160583496,2.0
38,66,-41.29780578613281,11.350736618041992,60.0
38,67,-43.59318161010742,52.615806579589844,41.0
38,68,-31.642013549804688,33.64213180541992,128.0
38,69,-28.012109756469727,106.55752563476562,1370.0
38,70,-12.800358772277832,71.29214477539062,220.0
38,71,-12.120857238769531,7.539401531219482,42.0
38,72,-8.026565551757812,4.97941780090332,9.0
38,73,-10.085376739501953,3.066685676574707,10.0
38,74,-28.51200294494629,115.81571960449219,8362.0
38,75,-12.1395845413208,20.798816680908203,193.0
38,76,-6.374000072479248,2.4857425689697266,13.0
38,77,-35.464866638183594,12.593802452087402,48.0
38,78,-9.342704772949219,22.516197204589844,11.0
38,79,-9.130596160888672,1.578586459159851,14.0
38,80,-1.6888171434402466,1.7558252811431885,2.0
38,81,-2.317516326904297,1.784929871559143,2.0
38,82,-7.434219837188721,1.8580328226089478,17.0
38,83,-35.599403381347656,8.117990493774414,627.0
38,84,-15.065568923950195,12.31635570526123,51.0
38,85,-20.92724609375,5.00175142288208,106.0
38,86,-18.958345413208008,10.69517993927002,12.0
38,87,-15.091811180114746,43.50834655761719,431.0
38,88,-11.755865097045898,10.497875213623047,19.0
38,89,-12.657915115356445,67.98622131347656,70.0
38,90,-13.511028289794922,90.34864044189453,45.0
38,91,-55.48533630371094,101.87818908691406,10102.0
38,92,-1.9688313007354736,1.927602767944336,2.0
38,93,-11.841703414916992,10.679656982421875,28.0
38,94,-6.727376937866211,1.9595947265625,2.0
38,95,-5.80972146987915,2.067241668701172,3.0
38,96,-2.6596314907073975,2.4267280101776123,3.0
38,97,-15.64531135559082,2.036332845687866,6.0
40,0,-3.358654022216797,2.3155877590179443,2.0
40,1,-10.261970520019531,2.5418860912323,7.0
40,2,-1.4660588502883911,1.4426976442337036,2.0
40,3,-1.2940094470977783,1.539313554763794,2.0
40,4,-4.521854400634766,3.0970919132232666,2.0
40,5,-5.379396438598633,2.156497001647949,8.0
40,6,-9.552660942077637,2.5993621349334717,10.0
40,7,-2.901642084121704,2.630605697631836,2.0
40,8,-11.468133926391602,9.91081714630127,23.0
40,9,-5.734004020690918,1.7742900848388672,16.0
40,10,-3.9136099815368652,3.685981035232544,3.0
40,11,-3.787292957305908,2.1328489780426025,2.0
40,12,-14.508283615112305,7.945550441741943,152.0
40,13,-0.12191807478666306,1.0309487581253052,1.0
40,14,-9.785233497619629,2.434074640274048,5.0
40,15,-6.981268882751465,4.040037155151367,29.0
40,16,-0.010086298920214176,1.0050559043884277,1.0
40,17,-24.939573287963867,7.990856170654297,12124.0
40,18,-3.632265090942383,2.479523181915283,2.0
40,19,-11.081323623657227,3.425536632537842,9.0
40,20,-1.0126593112945557,1.2244991064071655,1.0
40,21,-4.7655181884765625,117.39193725585938,4.0
40,22,-7.7243194580078125,4.687333583831787,11.0
40,23,-7.598498344421387,6.683385372161865,10.0
40,24,-15.974414825439453,54.250038146972656,99.0
40,25,-2.402280569076538,3.3239047527313232,2.0
40,26,-13.524593353271484,3.419548273086548,44.0
40,27,-1.5850903987884521,1.696154236793518,1.0
40,28,-7.202607154846191,4.222897529602051,24.0
40,29,-28.170434951782227,16.727325439453125,1502.0
40,30,-16.308162689208984,3477.543212890625,1795.0
40,31,-3.75807785987854,2.1204230785369873,2.0
40,32,-5.1035380363464355,12.829780578613281,18.0
40,33,-23.8968505859375,30.38155746459961,45.0
40,34,-20.750804901123047,32061.21875,1585.0
40,35,-15.04163646697998,42.96600341796875,126.0
40,36,-19.961660385131836,21608.244140625,11058.0
40,37,-16.4293270111084,60.7843132019043,381.0
40,38,-20.960559844970703,13.736684799194336,250.0
40,39,-3.7873668670654297,3.5340888500213623,3.0
40,40,-10.555400848388672,1.7975258827209473,19.0
40,41,-4.365699291229248,2.9785149097442627,13.0
40,42,-4.684082508087158,1.9525859355926514,5.0
40,43,-6.591630458831787,2.5642383098602295,13.0
40,44,-17.75681495666504,5.904303550720215,5.0
40,45,-4.524677276611328,1.9086236953735352,6.0
40,46,-0.3043343126773834,1.1067688465118408,1.0
40,47,-0.1290816217660904,1.0327967405319214,1.0
40,48,-0.7029256820678711,1.1921178102493286,1.0
40,49,-6.517660140991211,2.9632203578948975,8.0
40,50,-8.521600723266602,8.418234825134277,26.0
40,51,-3.949432373046875,1.9313875436782837,2.0
40,52,-19.531782150268555,25.92731285095215,13.0
40,53,-14.597526550292969,129.78021240234375,116.0
40,54,-25.208436965942383,2.6367714405059814,44.0
40,55,-7.896209716796875,2.6832432746887207,63.0
40,56,-4.222463607788086,2.8737447261810303,2.0
40,57,-24.513620376586914,3537.609619140625,22745.0
40,58,-10.445333480834961,13.617196083068848,9.0
40,59,-4.161067008972168,2.298400402069092,2.0
40,60,-6.186895847320557,3.446568727493286,3.0
40,61,-3.9980766773223877,1.7703083753585815,4.0
40,62,-22.25440216064453,260.7600402832031,14397.0
40,63,-20.35505485534668,884.4963989257812,14488.0
40,64,-11.393815994262695,17.261075973510742,24.0
40,65,-4.581510543823242,1.773028016090393,2.0
40,66,-41.1591796875,11.25855541229248,60.0
40,67,-43.684364318847656,53.053768157958984,43.0
40,68,-31.481327056884766,33.046817779541016,127.0
40,69,-28.07141876220703,107.61605072021484,1422.0
40,70,-12.6444091796875,67.68084716796875,210.0
40,71,-12.143086433410645,7.567386627197266,42.0
40,72,-8.014124870300293,4.967044353485107,9.0
40,73,-9.946236610412598,3.019639015197754,10.0
40,74,-28.55881118774414,116.7228012084961,8311.0
40,75,-12.157546043395996,20.892423629760742,188.0
40,76,-6.397604942321777,2.4941389560699463,12.0
40,77,-35.39822006225586,12.533990859985352,48.0
40,78,-9.377063751220703,22.775556564331055,11.0
40,79,-9.04937744140625,1.5721889734268188,14.0
40,80,-1.7262773513793945,1.7778874635696411,2.0
40,81,-2.340963363647461,1.7954232692718506,2.0
40,82,-7.476160049438477,1.8645379543304443,18.0
40,83,-35.661338806152344,8.14762020111084,636.0
40,84,-15.14507007598877,12.480635643005371,49.0
40,85,-20.834636688232422,4.966246604919434,101.0
40,86,-18.93090057373047,10.658551216125488,12.0
40,87,-15.13123893737793,43.93932342529297,431.0
40,88,-11.69786548614502,10.376806259155273,18.0
40,89,-12.673665046691895,68.34408569335938,70.0
40,90,-13.556620597839355,91.73222351074219,43.0
40,91,-55.610572814941406,102.94701385498047,10107.0
40,92,-1.9135010242462158,1.8923768997192383,2.0
40,93,-11.65572738647461,10.289721488952637,26.0
40,94,-6.758447647094727,1.9656928777694702,2.0
40,95,-5.8633036613464355,2.081134080886841,3.0
40,96,-2.710451364517212,2.468186855316162,3.0
40,97,-15.423683166503906,2.0159218311309814,6.0
42,0,-3.35764741897583,2.31500506401062,2.0
42,1,-10.41206169128418,2.5768070220947266,7.0
42,2,-1.406277060508728,1.4212961196899414,2.0
42,3,-1.2305995225906372,1.507119059562683,1.0
42,4,-4.56289529800415,3.1290323734283447,2.0
42,5,-5.530134201049805,2.2034385204315186,8.0
42,6,-9.48996353149414,2.583116054534912,9.0
42,7,-2.903017997741699,2.631812334060669,2.0
42,8,-11.41780948638916,9.811566352844238,24.0
42,9,-5.712700843811035,1.7705143690109253,16.0
42,10,-3.892138719558716,3.659694194793701,3.0
42,11,-3.7983102798461914,2.1375536918640137,2.0
42,12,-14.573490142822266,8.019908905029297,159.0
42,13,-0.11777368187904358,1.029881238937378,1.0
42,14,-9.789731979370117,2.435070276260376,5.0
42,15,-6.99084997177124,4.047785758972168,29.0
42,16,-0.009967273101210594,1.0049960613250732,1.0
42,17,-25.035877227783203,8.055242538452148,12134.0
42,18,-3.5912981033325195,2.4542582035064697,2.0
42,19,-11.017513275146484,3.4013357162475586,8.0
42,20,-1.053164005279541,1.2344590425491333,1.0
42,21,-4.789761543273926,120.27268981933594,4.0
42,22,-7.6463165283203125,4.614775657653809,11.0
42,23,-7.563902378082275,6.625830173492432,10.0
42,24,-15.83572006225586,52.40122604370117,100.0
42,25,-2.3922243118286133,3.3072338104248047,2.0
42,26,-13.553457260131836,3.4285330772399902,46.0
42,27,-1.6412749290466309,1.7282195091247559,1.0
42,28,-7.207918167114258,4.227385520935059,24.0
42,29,-28.27420997619629,16.901813507080078,1734.0
42,30,-16.291812896728516,3449.230712890625,1813.0
42,31,-3.768516778945923,2.124854803085327,2.0
42,32,-5.064374923706055,12.5809965133667,19.0
42,33,-23.93999481201172,30.56939697265625,43.0
42,34,-20.734634399414062,31803.041015625,1627.0
42,35,-14.905128479003906,41.524436950683594,125.0
42,36,-19.910898208618164,21066.705078125,10794.0
42,37,-16.381473541259766,60.06146240234375,380.0
42,38,-21.042285919189453,13.877735137939453,256.0
42,39,-3.704652786254883,3.4379806518554688,3.0
42,40,-10.623440742492676,1.8043333292007446,20.0
42,41,-4.364495277404785,2.977618455886841,13.0
42,42,-4.603036403656006,1.9301093816757202,5.0
42,43,-6.656481742858887,2.5881052017211914,13.0
42,44,-17.689971923828125,5.864968776702881,5.0
42,45,-4.557565689086914,1.9176123142242432,6.0
42,46,-0.28783494234085083,1.100698471069336,1.0
42,47,-0.12040621042251587,1.0305591821670532,1.0
42,48,-0.7070189714431763,1.1933382749557495,1.0
42,49,-6.464104175567627,2.9368886947631836,9.0
42,50,-8.507719993591309,8.38907241821289,25.0
42,51,-3.937082290649414,1.9274163246154785,2.0
42,52,-19.5052433013916,25.812885284423828,12.0
42,53,-14.665366172790527,132.7483673095703,117.0
42,54,-25.125558853149414,2.6283798217773438,47.0
42,55,-7.932394981384277,2.6954076290130615,65.0
42,56,-4.203834533691406,2.860391855239868,2.0
42,57,-24.494579315185547,3515.228515625,22862.0
42,58,-10.363700866699219,13.342109680175781,9.0
42,59,-4.163333892822266,2.299442768096924,2.0
42,60,-5.883761405944824,3.2438220977783203,2.0
42,61,-3.9794633388519287,1.765607237815857,4.0
42,62,-22.13504409790039,253.09402465820312,14687.0
42,63,-20.27029037475586,859.854736328125,14391.0
42,64,-11.358591079711914,17.109737396240234,21.0
42,65,-4.573978424072266,1.7713594436645508,2.0
42,66,-41.48511505126953,11.476494789123535,60.0
42,67,-43.46986389160156,52.029239654541016,44.0
42,68,-31.549549102783203,33.298274993896484,123.0
42,69,-28.114927291870117,108.39923858642578,1532.0
42,70,-12.684677124023438,68.59541320800781,219.0
42,71,-12.064908027648926,7.469425201416016,41.0
42,72,-8.041226387023926,4.994040012359619,9.0
42,73,-10.017083168029785,3.0435030460357666,10.0
42,74,-28.16748046875,109.3528823852539,8267.0
42,75,-12.113325119018555,20.662723541259766,188.0
42,76,-6.382487773895264,2.4887585639953613,12.0
42,77,-35.275596618652344,12.424689292907715,54.0
42,78,-9.37956714630127,22.79456901550293,10.0
42,79,-8.892416954040527,1.5598987340927124,14.0
42,80,-1.7310380935668945,1.780711054801941,2.0
42,81,-2.287651538848877,1.7716528177261353,2.0
42,82,-7.3746337890625,1.8488295078277588,18.0
42,83,-35.63695526123047,8.135942459106445,645.0
42,84,-15.093910217285156,12.37467098236084,48.0
42,85,-20.871814727783203,4.980469226837158,103.0
42,86,-18.744556427001953,10.413151741027832,12.0
42,87,-15.045226097106934,43.004573822021484,408.0
42,88,-11.708244323730469,10.398366928100586,18.0
42,89,-12.79713249206543,71.21552276611328,70.0
42,90,-13.577203750610352,92.36373138427734,43.0
42,91,-55.57301330566406,102.62528991699219,9688.0
42,92,-1.8633233308792114,1.8609883785247803,2.0
42,93,-11.523848533630371,10.021870613098145,25.0
42,94,-6.707757949829102,1.9557539224624634,3.0
42,95,-5.7869133949279785,2.06135630607605,3.0
42,96,-2.690077543258667,2.451481580734253,3.0
42,97,-15.578817367553711,2.0301871299743652,6.0
44,0,-3.3745017051696777,2.324779987335205,2.0
44,1,-10.398905754089355,2.5737271308898926,8.0
44,2,-1.427851915359497,1.4289829730987549,2.0
44,3,-1.1595473289489746,1.4718436002731323,1.0
44,4,-4.568093299865723,3.133101224899292,2.0
44,5,-5.395963668823242,2.161607265472412,8.0
44,6,-9.531078338623047,2.5937581062316895,10.0
44,7,-2.8323299884796143,2.5705244541168213,2.0
44,8,-11.447388648986816,9.869782447814941,23.0
44,9,-5.7367167472839355,1.7747714519500732,15.0
44,10,-3.8695287704467773,3.632215976715088,3.0
44,11,-3.8226218223571777,2.147972345352173,2.0
44,12,-14.457228660583496,7.887808799743652,151.0
44,13,-0.11784306168556213,1.0298991203308105,1.0
44,14,-9.81751823425293,2.4412291049957275,5.0
44,15,-6.9203290939331055,3.991096019744873,29.0
44,16,-0.010393710806965828,1.0052103996276855,1.0
44,17,-24.770967483520508,7.87936544418335,11367.0
44,18,-3.486856698989868,2.3910059928894043,2.0
44,19,-11.090578079223633,3.4290611743927,9.0
44,20,-0.9912064075469971,1.2192565202713013,1.0
44,21,-4.7240190505981445,112.6199722290039,4.0
44,22,-7.650201797485352,4.618363380432129,10.0
44,23,-7.5854811668396,6.661670207977295,10.0
44,24,-15.970331192016602,54.19468307495117,103.0
44,25,-2.374206781387329,3.277573585510254,2.0
44,26,-13.780678749084473,3.500091314315796,47.0
44,27,-1.5833185911178589,1.695152759552002,1.0
44,28,-7.25853967666626,4.270401954650879,24.0
44,29,-28.471534729003906,17.2386417388916,1596.0
44,30,-16.39950180053711,3640.04345703125,1800.0
44,31,-3.6600120067596436,2.079239845275879,2.0
44,32,-5.027493953704834,12.351122856140137,17.0
44,33,-23.7672061920166,29.824052810668945,42.0
44,34,-20.756061553955078,32145.595703125,1636.0
44,35,-15.074471473693848,43.32014846801758,127.0
44,36,-19.95136260986328,21497.271484375,10913.0
44,37,-16.701505661010742,65.06432342529297,393.0
44,38,-20.920066833496094,13.667330741882324,248.0
44,39,-3.7136263847351074,3.448279619216919,3.0
44,40,-10.651153564453125,1.8071134090423584,19.0
44,41,-4.347594738006592,2.96506404876709,13.0
44,42,-4.698728084564209,1.9566755294799805,5.0
44,43,-6.704345226287842,2.6058623790740967,13.0
44,44,-17.724857330322266,5.885465145111084,5.0
44,45,-4.394137859344482,1.8733606338500977,5.0
44,46,-0.3031667172908783,1.1063381433486938,1.0
44,47,-0.12002122402191162,1.030460000038147,1.0
44,48,-0.7353101968765259,1.2018085718154907,1.0
44,49,-6.407890319824219,2.909501314163208,10.0
44,50,-8.537736892700195,8.452262878417969,26.0
44,51,-3.8705506324768066,1.906161904335022,2.0
44,52,-19.446313858032227,25.56060791015625,13.0
44,53,-14.612059593200684,130.41041564941406,117.0
44,54,-25.293548583984375,2.6454174518585205,44.0
44,55,-7.9820098876953125,2.7121758460998535,64.0
44,56,-4.232026100158691,2.8806228637695312,2.0
44,57,-24.465770721435547,3481.635009765625,23098.0
44,58,-10.321084976196289,13.200718879699707,9.0
44,59,-4.173829555511475,2.304274559020996,2.0
44,60,-6.196271896362305,3.453037977218628,3.0
44,61,-3.956613540649414,1.7598533630371094,4.0
44,62,-22.142471313476562,253.56439208984375,14231.0
44,63,-20.274877548217773,861.170654296875,14397.0
44,64,-11.326911926269531,16.974767684936523,22.0
44,65,-4.651004791259766,1.788496971130371,2.0
44,66,-41.28314208984375,11.340950012207031,60.0
44,67,-43.902645111083984,54.117069244384766,43.0
44,68,-31.639892578125,33.634212493896484,127.0
44,69,-28.049457550048828,107.2228775024414,1416.0
44,70,-12.414604187011719,62.68995666503906,196.0
44,71,-12.036152839660645,7.433713912963867,41.0
44,72,-8.029552459716797,4.982394218444824,9.0
44,73,-10.045293807983398,3.053057909011841,11.0
44,74,-28.67664909362793,119.03783416748047,8510.0
44,75,-12.088275909423828,20.53373146057129,190.0
44,76,-6.506914138793945,2.5333921909332275,14.0
44,77,-35.508201599121094,12.632845878601074,52.0
44,78,-9.43173599243164,23.194427490234375,11.0
44,79,-8.848723411560059,1.5564944744110107,14.0
44,80,-1.770861268043518,1.8045064210891724,2.0
44,81,-2.3087451457977295,1.7810200452804565,2.0
44,82,-7.465023517608643,1.8628084659576416,19.0
44,83,-35.51921844482422,8.079789161682129,594.0
44,84,-15.072612762451172,12.33082389831543,49.0
44,85,-20.82649803161621,4.963138580322266,102.0
44,86,-18.897632598876953,10.614319801330566,12.0
44,87,-15.244306564331055,45.199073791503906,445.0
44,88,-11.775995254516602,10.540227890014648,18.0
44,89,-12.689437866210938,68.70435333251953,64.0
44,90,-13.627230644226074,93.91690826416016,48.0
44,91,-55.639320373535156,103.19392395019531,9953.0
44,92,-1.7872624397277832,1.8143987655639648,2.0
44,93,-11.472780227661133,9.920032501220703,26.0
44,94,-6.785929203033447,1.971102237701416,3.0
44,95,-5.85621452331543,2.0792906284332275,3.0
44,96,-2.6931393146514893,2.4539847373962402,3.0
44,97,-15.401657104492188,2.013904333114624,5.0
46,0,-3.4881274700164795,2.391765832901001,2.0
46,1,-10.270047187805176,2.5437533855438232,7.0
46,2,-1.3780152797698975,1.4112895727157593,2.0
46,3,-1.1106173992156982,1.4480324983596802,1.0
46,4,-4.518253803253174,3.0943052768707275,2.0
46,5,-5.437179088592529,2.1743721961975098,8.0
46,6,-9.62741756439209,2.6188669204711914,9.0
46,7,-2.847477436065674,2.5835366249084473,2.0
46,8,-11.580780982971191,10.136635780334473,26.0
46,9,-5.701716899871826,1.7685707807540894,14.0
46,10,-3.8956007957458496,3.663919687271118,3.0
46,11,-3.844813346862793,2.157526969909668,2.0
46,12,-14.546489715576172,7.989034652709961,152.0
46,13,-0.11586537212133408,1.0293899774551392,1.0
46,14,-9.905914306640625,2.460926055908203,5.0
46,15,-6.938586235046387,4.005695819854736,28.0
46,16,-0.011348462663590908,1.005690336227417,1.0
46,17,-24.843809127807617,7.927339553833008,11811.0
46,18,-3.5519213676452637,2.4302165508270264,2.0
46,19,-10.897285461425781,3.3562004566192627,9.0
46,20,-1.047845721244812,1.2331466674804688,1.0
46,21,-4.829270362854004,125.11963653564453,4.0
46,22,-7.604975700378418,4.576777458190918,10.0
46,23,-7.610199928283691,6.702965259552002,10.0
46,24,-15.85807991027832,52.694969177246094,101.0
46,25,-2.3857760429382324,3.296588182449341,2.0
46,26,-13.791139602661133,3.5034210681915283,47.0
46,27,-1.5543829202651978,1.6788811683654785,1.0
46,28,-7.29348611831665,4.300353050231934,24.0
46,29,-28.48541259765625,17.262582778930664,1633.0
46,30,-16.478038787841797,3785.825927734375,1822.0
46,31,-3.630127429962158,2.06684947013855,2.0
46,32,-5.072755813598633,12.633828163146973,18.0
46,33,-23.820831298828125,30.05340003967285,45.0
46,34,-20.702510833740234,31296.30859375,1635.0
46,35,-15.135854721069336,43.99005889892578,127.0
46,36,-19.95423126220703,21528.126953125,11079.0
46,37,-16.51105308532715,62.03900146484375,387.0
46,38,-20.946001052856445,13.711709022521973,248.0
46,39,-3.7038140296936035,3.4370198249816895,3.0
46,40,-10.696615219116211,1.811683177947998,20.0
46,41,-4.3804731369018555,2.9895362854003906,13.0
46,42,-4.685943603515625,1.9531052112579346,5.0
46,43,-6.700424671173096,2.604403018951416,13.0
46,44,-17.56481170654297,5.792020797729492,5.0
46,45,-4.435615539550781,1.8844940662384033,5.0
46,46,-0.3027247190475464,1.106175184249878,1.0
46,47,-0.13147123157978058,1.0334138870239258,1.0
46,48,-0.7340757846832275,1.2014377117156982,1.0
46,49,-6.406573295593262,2.908862829208374,10.0
46,50,-8.581623077392578,8.545507431030273,26.0
46,51,-3.8363327980041504,1.8953220844268799,2.0
46,52,-19.973562240600586,27.908382415771484,13.0
46,53,-14.600666046142578,129.91604614257812,113.0
46,54,-25.468929290771484,2.6633219718933105,47.0
46,55,-7.8951497077941895,2.6828877925872803,64.0
46,56,-4.262496471405029,2.9026498794555664,2.0
46,57,-24.508724212646484,3531.841796875,23033.0
46,58,-10.301193237304688,13.135234832763672,9.0
46,59,-4.201735496520996,2.317171096801758,2.0
46,60,-6.180302619934082,3.4420268535614014,3.0
46,61,-3.827004909515381,1.727568507194519,4.0
46,62,-22.208654403686523,257.7947082519531,14791.0
46,63,-20.360198974609375,886.0143432617188,14499.0
46,64,-11.465614318847656,17.573701858520508,23.0
46,65,-4.628355026245117,1.7834404706954956,2.0
46,66,-41.03535079956055,11.176843643188477,59.0
46,67,-43.88777542114258,54.04396438598633,44.0
46,68,-31.597822189331055,33.47734832763672,123.0
46,69,-28.137699127197266,108.81147003173828,1531.0
46,70,-12.59809684753418,66.64403533935547,213.0
46,71,-12.1058349609375,7.520549297332764,42.0
46,72,-8.013540267944336,4.966464042663574,9.0
46,73,-10.002130508422852,3.0384507179260254,11.0
46,74,-28.6769962310791,119.04475402832031,8543.0
46,75,-12.137578964233398,20.78839111328125,193.0
46,76,-6.488031387329102,2.5265674591064453,12.0
46,77,-35.51868438720703,12.642306327819824,51.0
46,78,-9.463199615478516,23.438966751098633,10.0
46,79,-8.915973663330078,1.561737060546875,14.0
46,80,-1.794711947441101,1.818909764289856,2.0
46,81,-2.359778642654419,1.8038885593414307,2.0
46,82,-7.528387069702148,1.8726705312728882,18.0
46,83,-35.365142822265625,8.006890296936035,604.0
46,84,-15.058910369873047,12.302695274353027,46.0
46,85,-21.12423324584961,5.078119277954102,107.0
46,86,-18.77813148498535,10.45694637298584,12.0
46,87,-15.144387245178223,44.0839958190918,434.0
46,88,-11.740428924560547,10.4655179977417,18.0
46,89,-12.626472473144531,67.27738952636719,67.0
46,90,-13.61834716796875,93.63920593261719,47.0
46,91,-55.517173767089844,102.14884185791016,9671.0
46,92,-1.8276474475860596,1.8389886617660522,2.0
46,93,-11.382538795471191,9.742598533630371,26.0
46,94,-6.722456932067871,1.9586308002471924,2.0
46,95,-5.85013484954834,2.0777111053466797,3.0
46,96,-2.6591928005218506,2.426373243331909,3.0
46,97,-15.638028144836426,2.035658597946167,6.0
48,0,-3.4682350158691406,2.3799006938934326,2.0
48,1,-10.344759941101074,2.561089515686035,7.0
48,2,-1.4048782587051392,1.4207992553710938,2.0
48,3,-1.072128176689148,1.4295732975006104,1.0
48,4,-4.563985824584961,3.12988543510437,2.0
48,5,-5.420780181884766,2.1692841053009033,8.0
48,6,-9.477029800415039,2.579777240753174,9.0
48,7,-2.800330638885498,2.5432517528533936,2.0
48,8,-11.601152420043945,10.178019523620605,26.0
48,9,-5.678196907043457,1.7644158601760864,14.0
48,10,-3.8481698036193848,3.60644793510437,3.0
48,11,-3.829517364501953,2.1509368419647217,2.0
48,12,-14.527036666870117,7.966863632202148,157.0
48,13,-0.10121221840381622,1.0256258249282837,1.0
48,14,-9.929510116577148,2.46621036529541,5.0
48,15,-6.9109392166137695,3.983607769012451,30.0
48,16,-0.010198603384196758,1.0051122903823853,1.0
48,17,-24.736392974853516,7.856695175170898,11706.0
48,18,-3.622323751449585,2.4733684062957764,2.0
48,19,-11.030662536621094,3.40630841255188,8.0
48,20,-1.0597782135009766,1.2360930442810059,1.0
48,21,-4.80165958404541,121.71224212646484,4.0
48,22,-7.6031904220581055,4.575143814086914,10.0
48,23,-7.672626972198486,6.8083977699279785,11.0
48,24,-15.870231628417969,52.85529327392578,102.0
48,25,-2.350165605545044,3.2384109497070312,2.0
48,26,-13.770685195922852,3.496912956237793,47.0
48,27,-1.575226068496704,1.6905863285064697,1.0
48,28,-7.268586158752441,4.278991222381592,25.0
48,29,-28.401819229125977,17.118877410888672,1681.0
48,30,-16.36159324645996,3571.698974609375,1834.0
48,31,-3.5579023361206055,2.0372085571289062,2.0
48,32,-4.986405372619629,12.099966049194336,17.0
48,33,-23.805397033691406,29.98720932006836,43.0
48,34,-20.630599975585938,30191.025390625,1598.0
48,35,-15.091047286987305,43.500038146972656,126.0
48,36,-19.98224449157715,21831.78515625,11284.0
48,37,-16.679134368896484,64.70144653320312,394.0
48,38,-20.728788375854492,13.344423294067383,249.0
48,39,-3.7171034812927246,3.4522786140441895,3.0
48,40,-10.669891357421875,1.8089956045150757,20.0
48,41,-4.333922863006592,2.954946994781494,13.0
48,42,-4.687315940856934,1.9534882307052612,5.0
48,43,-6.7780070304870605,2.6334288120269775,13.0
48,44,-17.518861770629883,5.765467166900635,5.0
48,45,-4.409090518951416,1.8773666620254517,5.0
48,46,-0.30258700251579285,1.1061244010925293,1.0
48,47,-0.13715213537216187,1.0348825454711914,1.0
48,48,-0.739311695098877,1.2030115127563477,1.0
48,49,-6.490200519561768,2.949690103530884,10.0
48,50,-8.573150634765625,8.527426719665527,26.0
48,51,-3.8307409286499023,1.8935564756393433,2.0
48,52,-19.63995361328125,26.398988723754883,13.0
48,53,-14.61080551147461,130.3558807373047,110.0
48,54,-25.533287048339844,2.6699228286743164,47.0
48,55,-7.913912773132324,2.689187526702881,64.0
48,56,-4.324427604675293,2.9479408264160156,2.0
48,57,-24.49945068359375,3520.942138671875,23135.0
48,58,-10.2554931640625,12.986019134521484,9.0
48,59,-4.208423614501953,2.32027268409729,2.0
48,60,-6.156993865966797,3.426018476486206,3.0
48,61,-3.8596303462982178,1.735639214515686,4.0
48,62,-22.213720321655273,258.1214294433594,14496.0
48,63,-20.42831802368164,906.3623657226562,14806.0
48,64,-11.335500717163086,17.011255264282227,21.0
48,65,-4.648569583892822,1.7879526615142822,2.0
48,66,-41.09461975097656,11.215879440307617,59.0
48,67,-43.99180603027344,54.5574951171875,43.0
48,68,-31.437088012695312,32.8847770690918,122.0
48,69,-28.144466400146484,108.93424224853516,1520.0
48,70,-12.494446754455566,64.38079833984375,208.0
48,71,-12.032872200012207,7.429649353027344,41.0
48,72,-7.989809989929199,4.942948818206787,9.0
48,73,-10.174051284790039,3.097050189971924,11.0
48,74,-28.673248291015625,118.97042083740234,8954.0
48,75,-12.105084419250488,20.62019920349121,190.0
48,76,-6.534343719482422,2.5433387756347656,14.0
48,77,-35.60957336425781,12.724648475646973,55.0
48,78,-9.391937255859375,22.888755798339844,10.0
48,79,-8.889541625976562,1.5596743822097778,14.0
48,80,-1.7585623264312744,1.797123670578003,2.0
48,81,-2.4394445419311523,1.840175747871399,2.0
48,82,-7.57573127746582,1.8800736665725708,19.0
48,83,-35.4910888671875,8.066431045532227,592.0
48,84,-15.03112506866455,12.245855331420898,48.0
48,85,-20.98394775390625,5.02361536026001,108.0
48,86,-18.847064971923828,10.547439575195312,12.0
48,87,-15.09298324584961,43.521095275878906,439.0
48,88,-11.66654109954834,10.312000274658203,18.0
48,89,-12.692934036254883,68.78446960449219,68.0
48,90,-13.458250999450684,88.77308654785156,47.0
48,91,-55.33929443359375,100.64585876464844,9773.0
48,92,-1.7466495037078857,1.790001630783081,2.0
48,93,-11.338675498962402,9.657501220703125,26.0
48,94,-6.827852725982666,1.9793832302093506,2.0
48,95,-5.915334701538086,2.0947134494781494,3.0
48,96,-2.777127504348755,2.5236573219299316,3.0
48,97,-15.53123664855957,2.025801181793213,5.0
50,0,-3.518010377883911,2.409700870513916,2.0
50,1,-10.238507270812988,2.5364701747894287,7.0
50,2,-1.3777530193328857,1.4111969470977783,2.0
50,3,-1.1232713460922241,1.4541531801223755,1.0
50,4,-4.54812479019165,3.117499351501465,2.0
50,5,-5.3988447189331055,2.162497043609619,8.0
50,6,-9.375946044921875,2.553831100463867,8.0
50,7,-2.816303253173828,2.5568289756774902,2.0
50,8,-11.43348217010498,9.842369079589844,25.0
50,9,-5.704718589782715,1.769101619720459,14.0
50,10,-3.8631787300109863,3.6245360374450684,3.0
50,11,-3.8192031383514404,2.1465044021606445,2.0
50,12,-14.522661209106445,7.961885452270508,152.0
50,13,-0.10797443985939026,1.027361273765564,1.0
50,14,-9.916199684143066,2.4632279872894287,5.0
50,15,-6.943400859832764,4.009554862976074,29.0
50,16,-0.01010095328092575,1.0050632953643799,1.0
50,17,-25.004032135009766,8.033894538879395,12069.0
50,18,-3.6667799949645996,2.5010108947753906,2.0
50,19,-11.098899841308594,3.4322328567504883,9.0
50,20,-1.0497889518737793,1.233625888824463,1.0
50,21,-4.841413497924805,126.64824676513672,4.0
50,22,-7.624865531921387,4.595020294189453,10.0
50,23,-7.614750862121582,6.710595607757568,10.0
50,24,-15.91232681274414,53.41447067260742,102.0
50,25,-2.367633819580078,3.266819477081299,2.0
50,26,-13.938885688781738,3.5507946014404297,49.0
50,27,-1.583301067352295,1.6951428651809692,1.0
50,28,-7.293036460876465,4.299966812133789,25.0
50,29,-28.500232696533203,17.288185119628906,1752.0
50,30,-16.261016845703125,3396.526123046875,1782.0
50,31,-3.6033153533935547,2.055795907974243,2.0
50,32,-4.98935604095459,12.117831230163574,17.0
50,33,-23.797077178955078,29.951587677001953,44.0
50,34,-20.56973648071289,29286.099609375,1606.0
50,35,-15.0800142288208,43.38021469116211,127.0
50,36,-19.9488525390625,21470.30859375,10896.0
50,37,-16.58148193359375,63.14100646972656,392.0
50,38,-20.966384887695312,13.74669075012207,253.0
50,39,-3.701293706893921,3.434133291244507,3.0
50,40,-10.784841537475586,1.820585012435913,21.0
50,41,-4.309697151184082,2.9371047019958496,13.0
50,42,-4.718854904174805,1.9623095989227295,5.0
50,43,-6.8538618087768555,2.662120819091797,13.0
50,44,-17.57834815979004,5.799866199493408,5.0
50,45,-4.4220099449157715,1.8808348178863525,5.0
50,46,-0.2911534607410431,1.1019166707992554,1.0
50,47,-0.13815049827098846,1.0351409912109375,1.0
50,48,-0.7619850635528564,1.2098498344421387,1.0
50,49,-6.421848297119141,2.9162778854370117,10.0
50,50,-8.563081741333008,8.505988121032715,26.0
50,51,-3.8222599029541016,1.8908817768096924,2.0
50,52,-19.689041137695312,26.6158447265625,13.0
50,53,-14.550029754638672,127.74166107177734,116.0
50,54,-25.50687026977539,2.6672112941741943,51.0
50,55,-7.974413871765137,2.709601879119873,64.0
50,56,-4.299592018127441,2.929694175720215,2.0
50,57,-24.488933563232422,3508.620361328125,23230.0
50,58,-10.279132843017578,13.062992095947266,9.0
50,59,-4.0941877365112305,2.26786208152771,2.0
50,60,-6.043764114379883,3.3493049144744873,3.0
50,61,-3.753331422805786,1.7094817161560059,4.0
50,62,-22.260740280151367,261.1735534667969,14805.0
50,63,-20.352588653564453,883.76953125,14430.0
50,64,-11.423503875732422,17.389663696289062,22.0
50,65,-4.6721391677856445,1.7932281494140625,2.0
50,66,-41.009498596191406,11.159860610961914,60.0
50,67,-44.15626525878906,55.379302978515625,44.0
50,68,-31.629150390625,33.59408187866211,121.0
50,69,-28.158798217773438,109.19474029541016,1594.0
50,70,-12.483475685119629,64.14579772949219,210.0
50,71,-12.007061958312988,7.397758483886719,41.0
50,72,-7.958166599273682,4.911764621734619,9.0
50,73,-10.206348419189453,3.1081840991973877,11.0
50,74,-28.749835968017578,120.4987564086914,8913.0
50,75,-12.102720260620117,20.608015060424805,193.0
50,76,-6.5063934326171875,2.533203601837158,14.0
50,77,-35.434715270996094,12.5667085647583,51.0
50,78,-9.464366912841797,23.448089599609375,10.0
50,79,-8.910140991210938,1.561281681060791,14.0
50,80,-1.817181944847107,1.8325846195220947,2.0
50,81,-2.387549638748169,1.8164560794830322,2.0
50,82,-7.693495750427246,1.8986150026321411,19.0
50,83,-35.337303161621094,7.993788242340088,594.0
50,84,-15.233708381652832,12.6663818359375,48.0
50,85,-21.094200134277344,5.066401958465576,107.0
50,86,-18.726898193359375,10.390192031860352,12.0
50,87,-15.28260326385498,45.6338996887207,439.0
50,88,-11.6980562210083,10.377202033996582,18.0
50,89,-12.714437484741211,69.2792739868164,67.0
50,90,-13.641555786132812,94.3664321899414,48.0
50,91,-55.423805236816406,101.35714721679688,9545.0
50,92,-1.7515904903411865,1.792952060699463,2.0
50,93,-11.344414710998535,9.668594360351562,26.0
50,94,-6.789277076721191,1.9717622995376587,3.0
50,95,-5.945528984069824,2.1026344299316406,3.0
50,96,-2.8053503036499023,2.547510862350464,3.0
50,97,-15.502981185913086,2.0232012271881104,5.0
52,0,-3.5008716583251953,2.3993980884552,2.0
52,1,-10.304019927978516,2.551621675491333,8.0
52,2,-1.4021074771881104,1.4198154211044312,2.0
52,3,-1.0578560829162598,1.4227886199951172,1.0
52,4,-4.5731916427612305,3.137097120285034,2.0
52,5,-5.453164577484131,2.1793432235717773,8.0
52,6,-9.54290771484375,2.596827983856201,9.0
52,7,-2.8294014930725098,2.568016529083252,2.0
52,8,-11.581911087036133,10.138927459716797,27.0
52,9,-5.721223831176758,1.7720239162445068,14.0
52,10,-3.8635358810424805,3.624967098236084,3.0
52,11,-3.8160228729248047,2.145139455795288,2.0
52,12,-14.582585334777832,8.030336380004883,157.0
52,13,-0.10260020941495895,1.0259819030761719,1.0
52,14,-9.89316177368164,2.4580745697021484,5.0
52,15,-6.877745628356934,3.9572489261627197,28.0
52,16,-0.00957509595900774,1.0047990083694458,1.0
52,17,-24.604270935058594,7.770666599273682,11427.0
52,18,-3.720694065093994,2.5349490642547607,2.0
52,19,-11.11402416229248,3.4380056858062744,9.0
52,20,-1.0835626125335693,1.2419869899749756,1.0
52,21,-4.7549967765808105,116.16328430175781,4.0
52,22,-7.621750831604004,4.592158794403076,10.0
52,23,-7.765804290771484,6.968855857849121,11.0
52,24,-15.984560012817383,54.38780975341797,101.0
52,25,-2.3331918716430664,3.2110435962677,2.0
52,26,-13.894631385803223,3.5365378856658936,47.0
52,27,-1.628575325012207,1.7209190130233765,1.0
52,28,-7.235610008239746,4.250863075256348,25.0
52,29,-28.375473022460938,17.073837280273438,1679.0
52,30,-16.447391510009766,3728.255859375,1854.0
52,31,-3.537290573120117,2.028827667236328,2.0
52,32,-4.975216865539551,12.032464981079102,16.0
52,33,-23.74700927734375,29.738122940063477,43.0
52,34,-20.59296417236328,29628.20703125,1603.0
52,35,-15.050775527954102,43.06428146362305,125.0
52,36,-20.095348358154297,23101.994140625,11518.0
52,37,-16.517059326171875,62.132225036621094,389.0
52,38,-20.79010009765625,13.447087287902832,248.0
52,39,-3.694946765899658,3.426875591278076,3.0
52,40,-10.687918663024902,1.8108081817626953,21.0
52,41,-4.350635051727295,2.9673187732696533,13.0
52,42,-4.692214012145996,1.9548554420471191,5.0
52,43,-6.880108833312988,2.672121286392212,13.0
52,44,-17.3794002532959,5.685619831085205,5.0
52,45,-4.350048065185547,1.8615983724594116,5.0
52,46,-0.2973311245441437,1.104188084602356,1.0
52,47,-0.13244837522506714,1.0336663722991943,1.0
52,48,-0.7790776491165161,1.2150307893753052,1.0
52,49,-6.477969169616699,2.943682909011841,10.0
52,50,-8.571332931518555,8.523552894592285,26.0
52,51,-3.7924270629882812,1.8815035820007324,2.0
52,52,-19.843276977539062,27.308902740478516,13.0
52,53,-14.627449035644531,131.08111572265625,116.0
52,54,-25.563779830932617,2.67305588722229,47.0
52,55,-7.994368076324463,2.7163689136505127,66.0
52,56,-4.339504241943359,2.959073066711426,2.0
52,57,-24.51370620727539,3537.710693359375,23335.0
52,58,-10.225457191467285,12.888872146606445,9.0
52,59,-4.142895698547363,2.290062427520752,2.0
52,60,-6.078212261199951,3.372459888458252,3.0
52,61,-3.840824842453003,1.7309826612472534,4.0
52,62,-22.153240203857422,254.2479705810547,14498.0
52,63,-20.362106323242188,886.5776977539062,14498.0
52,64,-11.280170440673828,16.777565002441406,21.0
52,65,-4.690932273864746,1.7974456548690796,2.0
52,66,-41.04450607299805,11.182865142822266,60.0
52,67,-44.038116455078125,54.78767395019531,43.0
52,68,-31.448598861694336,32.926856994628906,121.0
52,69,-28.148239135742188,109.00277709960938,1533.0
52,70,-12.348016738891602,61.31382751464844,198.0
52,71,-11.993818283081055,7.381446838378906,41.0
52,72,-8.017250061035156,4.970149993896484,9.0
52,73,-10.198570251464844,3.105499267578125,12.0
52,74,-28.789377212524414,121.29550170898438,8980.0
52,75,-12.098958969116211,20.588645935058594,188.0
52,76,-6.5473761558532715,2.5480782985687256,14.0
52,77,-35.46413040161133,12.593138694763184,54.0
52,78,-9.385860443115234,22.842437744140625,10.0
52,79,-9.0216064453125,1.57000732421875,14.0
52,80,-1.7697744369506836,1.8038527965545654,2.0
52,81,-2.3760409355163574,1.8112373352050781,2.0
52,82,-7.6507110595703125,1.891857624053955,20.0
52,83,-35.53876495361328,8.08908462524414,564.0
52,84,-15.114886283874512,12.418007850646973,46.0
52,85,-21.196514129638672,5.1064324378967285,113.0
52,86,-18.97450828552246,10.71681022644043,12.0
52,87,-15.205527305603027,44.762996673583984,449.0
52,88,-11.709417343139648,10.40080738067627,18.0
52,89,-12.696453094482422,68.86520385742188,68.0
52,90,-13.493454933166504,89.82097625732422,47.0
52,91,-55.464744567871094,101.70354461669922,9740.0
52,92,-1.8458188772201538,1.8501615524291992,2.0
52,93,-11.342924118041992,9.665711402893066,25.0
52,94,-6.671748161315918,1.9487240314483643,2.0
52,95,-5.868923664093018,2.08259654045105,3.0
52,96,-2.7890684604644775,2.533722400665283,3.0
52,97,-15.594377517700195,2.031623601913452,6.0
54,0,-3.494271755218506,2.395442485809326,2.0
54,1,-10.296199798583984,2.5498082637786865,7.0
54,2,-1.3509385585784912,1.401768445968628,2.0
54,3,-1.050778865814209,1.4194360971450806,1.0
54,4,-4.5539350509643555,3.122030735015869,2.0
54,5,-5.494217395782471,2.192161798477173,8.0
54,6,-9.445488929748535,2.571652889251709,9.0
54,7,-2.858074188232422,2.5926780700683594,2.0
54,8,-11.629977226257324,10.236865043640137,26.0
54,9,-5.720269203186035,1.7718548774719238,14.0
54,10,-3.8479104042053223,3.606135606765747,3.0
54,11,-3.8461365699768066,2.1580982208251953,2.0
54,12,-14.477821350097656,7.911047458648682,142.0
54,13,-0.09871850907802582,1.0249866247177124,1.0
54,14,-9.891307830810547,2.45766019821167,5.0
54,15,-6.9188618659973145,3.989924669265747,28.0
54,16,-0.010118919424712658,1.0050722360610962,1.0
54,17,-24.72532844543457,7.849454879760742,11793.0
54,18,-3.6819050312042236,2.5104856491088867,2.0
54,19,-10.979925155639648,3.387159585952759,8.0
54,20,-1.1081485748291016,1.2481091022491455,1.0
54,21,-4.751389026641846,115.74494934082031,4.0
54,22,-7.63688850402832,4.606082439422607,10.0
54,23,-7.741532325744629,6.926697254180908,11.0
54,24,-15.901206016540527,53.26617431640625,100.0
54,25,-2.2977678775787354,3.154670000076294,2.0
54,26,-14.020933151245117,3.577378511428833,47.0
54,27,-1.5526772737503052,1.677927017211914,1.0
54,28,-7.223636627197266,4.240695476531982,25.0
54,29,-28.443769454956055,17.190845489501953,1701.0
54,30,-16.183948516845703,3268.13330078125,1821.0
54,31,-3.5464184284210205,2.0325348377227783,2.0
54,32,-4.979093551635742,12.055810928344727,17.0
54,33,-23.74622344970703,29.734785079956055,43.0
54,34,-20.573692321777344,29344.08203125,1596.0
54,35,-15.170103073120117,44.368324279785156,128.0
54,36,-20.00118064880371,22039.47265625,11184.0
54,37,-16.507896423339844,61.99006652832031,394.0
54,38,-20.925600051879883,13.676787376403809,253.0
54,39,-3.725210428237915,3.461620330810547,3.0
54,40,-10.777908325195312,1.819883942604065,21.0
54,41,-4.335709095001221,2.9562668800354004,13.0
54,42,-4.67162561416626,1.949114441871643,5.0
54,43,-6.955920696258545,2.701218605041504,13.0
54,44,-17.425888061523438,5.712111949920654,5.0
54,45,-4.394063472747803,1.8733407258987427,5.0
54,46,-0.2937459647655487,1.1028693914413452,1.0
54,47,-0.1310860961675644,1.0333143472671509,1.0
54,48,-0.7704552412033081,1.2124145030975342,1.0
54,49,-6.449734687805176,2.929863452911377,10.0
54,50,-8.581840515136719,8.54597282409668,25.0
54,51,-3.8264055252075195,1.8921887874603271,2.0
54,52,-19.866743087768555,27.415918350219727,13.0
54,53,-14.708702087402344,134.6798858642578,117.0
54,54,-25.619369506835938,2.678776979446411,51.0
54,55,-7.958584785461426,2.7042460441589355,65.0
54,56,-4.433307647705078,3.0292859077453613,2.0
54,57,-24.396509170532227,3402.17333984375,22831.0
54,58,-10.240022659301758,12.935890197753906,9.0
54,59,-4.165491580963135,2.3004350662231445,2.0
54,60,-6.20417594909668,3.458500862121582,3.0
54,61,-3.693114757537842,1.6948391199111938,4.0
54,62,-22.186098098754883,256.3450927734375,14714.0
54,63,-20.37686538696289,890.9500122070312,14756.0
54,64,-11.385717391967773,17.226163864135742,23.0
54,65,-4.621464729309082,1.781905174255371,2.0
54,66,-41.10765838623047,11.22448444366455,59.0
54,67,-43.856895446777344,53.892452239990234,42.0
54,68,-31.54111671447754,33.267086029052734,121.0
54,69,-28.106191635131836,108.24154663085938,1540.0
54,70,-12.368993759155273,61.74406051635742,202.0
54,71,-11.935644149780273,7.310225009918213,40.0
54,72,-8.010766983032227,4.963710308074951,9.0
54,73,-10.284114837646484,3.135157346725464,12.0
54,74,-28.744518280029297,120.39198303222656,8643.0
54,75,-12.124486923217773,20.720462799072266,191.0
54,76,-6.630801677703857,2.578627824783325,14.0
54,77,-35.509979248046875,12.634448051452637,54.0
54,78,-9.466808319091797,23.467178344726562,10.0
54,79,-8.824308395385742,1.5545955896377563,14.0
54,80,-1.8376131057739258,1.8451076745986938,2.0
54,81,-2.4191641807556152,1.8308696746826172,2.0
54,82,-7.687673568725586,1.8976939916610718,20.0
54,83,-35.458858489990234,8.051152229309082,612.0
54,84,-15.284245491027832,12.773520469665527,47.0
54,85,-21.095563888549805,5.0669331550598145,112.0
54,86,-18.852853775024414,10.555074691772461,12.0
54,87,-15.042497634887695,42.975250244140625,430.0
54,88,-11.69529914855957,10.371480941772461,18.0
54,89,-12.734284400939941,69.73912048339844,68.0
54,90,-13.46916389465332,89.09661102294922,47.0
54,91,-55.495445251464844,101.96406555175781,9434.0
54,92,-1.7644166946411133,1.8006341457366943,2.0
54,93,-11.158964157104492,9.31655502319336,25.0
54,94,-6.7714715003967285,1.968254566192627,3.0
54,95,-5.875954627990723,2.08442759513855,3.0
54,96,-2.7816483974456787,2.52746319770813,3.0
54,97,-15.488892555236816,2.0219058990478516,6.0
56,0,-3.4926586151123047,2.3944766521453857,2.0
56,1,-10.414446830749512,2.5773658752441406,8.0
56,2,-1.3299261331558228,1.3944242000579834,2.0
56,3,-1.054185390472412,1.4210487604141235,1.0
56,4,-4.565754413604736,3.1312694549560547,2.0
56,5,-5.454315185546875,2.179701328277588,8.0
56,6,-9.394308090209961,2.5585248470306396,9.0
56,7,-2.8175034523010254,2.557852029800415,2.0
56,8,-11.60128116607666,10.178281784057617,26.0
56,9,-5.772302627563477,1.781098484992981,14.0
56,10,-3.878721237182617,3.6433627605438232,3.0
56,11,-3.75417423248291,2.1187682151794434,2.0
56,12,-14.439595222473145,7.8679633140563965,142.0
56,13,-0.09764214605093002,1.0247108936309814,1.0
56,14,-10.011476516723633,2.4846560955047607,5.0
56,15,-6.8924055099487305,3.9688687324523926,29.0
56,16,-0.010978976264595985,1.0055046081542969,1.0
56,17,-24.682178497314453,7.8212809562683105,12111.0
56,18,-3.7293033599853516,2.5404107570648193,2.0
56,19,-10.934353828430176,3.370051860809326,8.0
56,20,-1.110871434211731,1.2487889528274536,1.0
56,21,-4.775372505187988,118.55447387695312,4.0
56,22,-7.596370220184326,4.568906784057617,10.0
56,23,-7.7489848136901855,6.939614772796631,11.0
56,24,-15.945486068725586,53.859107971191406,103.0
56,25,-2.3295140266418457,3.205144166946411,2.0
56,26,-14.071499824523926,3.5938615798950195,48.0
56,27,-1.5864747762680054,1.696937084197998,1.0
56,28,-7.2621612548828125,4.273496150970459,25.0
56,29,-28.353519439697266,17.036396026611328,1648.0
56,30,-16.297868728637695,3459.6904296875,1875.0
56,31,-3.581871747970581,2.0469980239868164,2.0
56,32,-4.985434532165527,12.094095230102539,17.0
56,33,-23.876754760742188,30.294464111328125,44.0
56,34,-20.63241195678711,30218.388671875,1635.0
56,35,-15.045812606811523,43.01088333129883,126.0
56,36,-19.98888397216797,21904.3828125,11260.0
56,37,-16.567306518554688,62.91764450073242,384.0
56,38,-20.883861541748047,13.60561752319336,254.0
56,39,-3.7198636531829834,3.455456495285034,3.0
56,40,-10.824623107910156,1.824613094329834,23.0
56,41,-4.341732501983643,2.960721969604492,13.0
56,42,-4.665764331817627,1.947482943534851,5.0
56,43,-6.982596397399902,2.7115318775177,13.0
56,44,-17.362714767456055,5.676140308380127,5.0
56,45,-4.367189407348633,1.8661625385284424,5.0
56,46,-0.3124621510505676,1.1097713708877563,1.0
56,47,-0.13683244585990906,1.0347999334335327,1.0
56,48,-0.8091958165168762,1.22421395778656,1.0
56,49,-6.5326642990112305,2.970639944076538,10.0
56,50,-8.633295059204102,8.656615257263184,26.0
56,51,-3.8346691131591797,1.89479660987854,2.0
56,52,-19.88866424560547,27.516267776489258,13.0
56,53,-14.640954971313477,131.67254638671875,118.0
56,54,-25.70237922668457,2.6873433589935303,50.0
56,55,-8.078609466552734,2.7451236248016357,67.0
56,56,-4.407876014709473,3.010087013244629,2.0
56,57,-24.377777099609375,3380.997314453125,22952.0
56,58,-10.209793090820312,12.838497161865234,9.0
56,59,-4.228498935699463,2.3296074867248535,2.0
56,60,-6.169097900390625,3.4343221187591553,3.0
56,61,-3.796396255493164,1.7200309038162231,4.0
56,62,-22.201519012451172,257.33526611328125,14760.0
56,63,-20.425159454345703,905.4085693359375,14772.0
56,64,-11.396993637084961,17.27479362487793,21.0
56,65,-4.602740287780762,1.777739405632019,2.0
56,66,-40.98661422729492,11.144848823547363,60.0
56,67,-44.11661911010742,55.1800537109375,42.0
56,68,-31.47368621826172,33.01877212524414,125.0
56,69,-28.114845275878906,108.39779663085938,1565.0
56,70,-12.407405853271484,62.53971481323242,207.0
56,71,-11.993191719055176,7.380675792694092,40.0
56,72,-7.982733249664307,4.935957431793213,9.0
56,73,-10.267603874206543,3.129410743713379,12.0
56,74,-28.75210189819336,120.54426574707031,9147.0
56,75,-12.01108455657959,20.141273498535156,187.0
56,76,-6.5323710441589355,2.5426220893859863,13.0
56,77,-35.49311828613281,12.619242668151855,51.0
56,78,-9.353757858276367,22.599306106567383,10.0
56,79,-8.924198150634766,1.5623793601989746,14.0
56,80,-1.8081529140472412,1.8270773887634277,2.0
56,81,-2.4066884517669678,1.8251681327819824,2.0
56,82,-7.742187976837158,1.9063345193862915,20.0
56,83,-35.45608901977539,8.049840927124023,585.0
56,84,-15.216937065124512,12.631026268005371,49.0
56,85,-21.26886749267578,5.134932518005371,113.0
56,86,-18.822078704833984,10.514548301696777,12.0
56,87,-15.043319702148438,42.98408508300781,430.0
56,88,-11.679725646972656,10.339227676391602,18.0
56,89,-12.607999801635742,66.8644027709961,68.0
56,90,-13.45517635345459,88.68215942382812,47.0
56,91,-55.36624526977539,100.87215423583984,9603.0
56,92,-1.7152477502822876,1.7713629007339478,2.0
56,93,-11.133644104003906,9.269495010375977,25.0
56,94,-6.633066654205322,1.941200613975525,3.0
56,95,-5.830708980560303,2.072672128677368,3.0
56,96,-2.7772090435028076,2.523725986480713,3.0
56,97,-15.562183380126953,2.0286529064178467,6.0
58,0,-3.466498851776123,2.3788681030273438,2.0
58,1,-10.309442520141602,2.552880048751831,8.0
58,2,-1.3547885417938232,1.4031182527542114,2.0
58,3,-1.037471890449524,1.413153886795044,1.0
58,4,-4.641258716583252,3.1909372806549072,2.0
58,5,-5.454699516296387,2.179821014404297,8.0
58,6,-9.470685958862305,2.5781409740448,9.0
58,7,-2.8326146602630615,2.5707685947418213,2.0
58,8,-11.464521408081055,9.90365982055664,25.0
58,9,-5.748770236968994,1.776911973953247,14.0
58,10,-3.902333974838257,3.6721527576446533,3.0
58,11,-3.8458125591278076,2.1579582691192627,2.0
58,12,-14.537555694580078,7.978845119476318,155.0
58,13,-0.10332681983709335,1.0261682271957397,1.0
58,14,-9.96972942352295,2.4752442836761475,5.0
58,15,-6.905965805053711,3.979647159576416,29.0
58,16,-0.010337726213037968,1.0051822662353516,1.0
58,17,-24.54620361328125,7.733155727386475,11476.0
58,18,-3.761796474456787,2.561131477355957,2.0
58,19,-11.01370620727539,3.3998968601226807,9.0
58,20,-1.1238974332809448,1.2520467042922974,1.0
58,21,-4.7356672286987305,113.93946075439453,4.0
58,22,-7.54742956161499,4.524404048919678,10.0
58,23,-7.707378387451172,6.867805480957031,11.0
58,24,-15.77627944946289,51.628292083740234,101.0
58,25,-2.355368137359619,3.2468459606170654,2.0
58,26,-14.10379695892334,3.604429006576538,49.0
58,27,-1.5701968669891357,1.687754511833191,1.0
58,28,-7.251944065093994,4.264772415161133,25.0
58,29,-28.42003631591797,17.15009307861328,1712.0
58,30,-16.38687515258789,3617.135009765625,1832.0
58,31,-3.5768837928771973,2.044956922531128,2.0
58,32,-4.954888820648193,11.910786628723145,17.0
58,33,-23.8382568359375,30.128313064575195,44.0
58,34,-20.61212921142578,29913.482421875,1647.0
58,35,-15.08997917175293,43.48842239379883,126.0
58,36,-19.962736129760742,21619.87109375,11113.0
58,37,-16.481874465942383,61.588096618652344,401.0
58,38,-20.906251907348633,13.643749237060547,250.0
58,39,-3.6947996616363525,3.4267075061798096,3.0
58,40,-10.842606544494629,1.826436996459961,21.0
58,41,-4.333745002746582,2.954815626144409,13.0
58,42,-4.627613067626953,1.9368977546691895,4.0
58,43,-6.977646827697754,2.709615468978882,13.0
58,44,-17.36450958251953,5.677159309387207,5.0
58,45,-4.285834789276123,1.8445993661880493,5.0
58,46,-0.3038058280944824,1.1065738201141357,1.0
58,47,-0.13659526407718658,1.034738540649414,1.0
58,48,-0.8020427227020264,1.2220267057418823,1.0
58,49,-6.412830829620361,2.911897897720337,11.0
58,50,-8.634260177612305,8.658703804016113,26.0
58,51,-3.8191652297973633,1.8899067640304565,2.0
58,52,-19.77292823791504,26.990583419799805,13.0
58,53,-14.58974838256836,129.44412231445312,112.0
58,54,-25.668554306030273,2.683849334716797,55.0
58,55,-8.003599166870117,2.7195050716400146,67.0
58,56,-4.439913272857666,3.034292697906494,2.0
58,57,-24.434316635131836,3445.32177734375,23006.0
58,58,-10.26861572265625,13.028691291809082,9.0
58,59,-4.205431938171387,2.31888484954834,2.0
58,60,-6.19404935836792,3.451503276824951,3.0
58,61,-3.781914710998535,1.716476321220398,4.0
58,62,-22.197683334350586,257.088623046875,14698.0
58,63,-20.37991714477539,891.8570556640625,14604.0
58,64,-11.463863372802734,17.566009521484375,22.0
58,65,-4.665579795837402,1.791758418083191,2.0
58,66,-41.02777099609375,11.17186164855957,59.0
58,67,-43.95188903808594,54.35987091064453,42.0
58,68,-31.329442977905273,32.493797302246094,116.0
58,69,-28.10102081298828,108.14832305908203,1539.0
58,70,-12.307275772094727,60.48679733276367,195.0
58,71,-11.950414657592773,7.328243255615234,40.0
58,72,-7.980517387390137,4.933770179748535,9.0
58,73,-10.308564186096191,3.143686056137085,12.0
58,74,-28.78847885131836,121.27734375,9263.0
58,75,-12.01862907409668,20.179298400878906,180.0
58,76,-6.614840984344482,2.5727550983428955,14.0
58,77,-35.57746124267578,12.695494651794434,54.0
58,78,-9.393575668334961,22.901262283325195,10.0
58,79,-8.8936767578125,1.5599969625473022,14.0
58,80,-1.8619356155395508,1.8601278066635132,2.0
58,81,-2.4446969032287598,1.8425936698913574,2.0
58,82,-7.7935638427734375,1.9145137071609497,20.0
58,83,-35.45562744140625,8.049622535705566,569.0
58,84,-15.318790435791016,12.84727668762207,48.0
58,85,-21.314697265625,5.153067111968994,117.0
58,86,-18.82663345336914,10.520536422729492,12.0
58,87,-15.030670166015625,42.84836959838867,432.0
58,88,-11.724127769470215,10.431451797485352,18.0
58,89,-12.610669136047363,66.9239273071289,68.0
58,90,-13.464991569519043,88.97277069091797,48.0
58,91,-55.486610412597656,101.8890151977539,9577.0
58,92,-1.795275330543518,1.8192514181137085,2.0
58,93,-11.095781326293945,9.199565887451172,23.0
58,94,-6.669015884399414,1.9481916427612305,2.0
58,95,-5.859220504760742,2.0800721645355225,3.0
58,96,-2.8840248584747314,2.6152026653289795,3.0
58,97,-15.613399505615234,2.0333809852600098,5.0
60,0,-3.479642391204834,2.38669753074646,2.0
60,1,-10.341338157653809,2.560292959213257,7.0
60,2,-1.3621373176574707,1.4056984186172485,2.0
60,3,-1.068302035331726,1.4277513027191162,1.0
60,4,-4.59813928604126,3.156724214553833,2.0
60,5,-5.487504959106445,2.190060615539551,8.0
60,6,-9.346086502075195,2.5462167263031006,9.0
60,7,-2.815634250640869,2.5562589168548584,1.0
60,8,-11.520062446594238,10.014284133911133,26.0
60,9,-5.749582290649414,1.777056336402893,14.0
60,10,-3.877366542816162,3.6417179107666016,3.0
60,11,-3.848395586013794,2.1590733528137207,2.0
60,12,-14.488921165466309,7.92360258102417,149.0
60,13,-0.0967942625284195,1.02449369430542,1.0
60,14,-9.937499046325684,2.4680023193359375,5.0
60,15,-6.894514083862305,3.9705424308776855,28.0
60,16,-0.01073689479380846,1.0053828954696655,1.0
60,17,-24.471839904785156,7.685381889343262,11654.0
60,18,-3.7355360984802246,2.544372320175171,2.0
60,19,-10.935288429260254,3.3704023361206055,8.0
60,20,-1.1249759197235107,1.2523167133331299,1.0
60,21,-4.7805376052856445,119.16839599609375,4.0
60,22,-7.5428690910339355,4.520279407501221,10.0
60,23,-7.773017883300781,6.9814348220825195,11.0
60,24,-15.987957000732422,54.434017181396484,108.0
60,25,-2.3266425132751465,3.2005455493927,2.0
60,26,-14.273736000061035,3.660545825958252,50.0
60,27,-1.5171469449996948,1.6581717729568481,1.0
60,28,-7.316250324249268,4.319976806640625,25.0
60,29,-28.42755889892578,17.16299819946289,1676.0
60,30,-16.2452392578125,3369.837158203125,1848.0
60,31,-3.632473945617676,2.067819595336914,2.0
60,32,-4.952917098999023,11.899049758911133,16.0
60,33,-23.82140350341797,30.055858612060547,43.0
60,34,-20.56494903564453,29216.080078125,1634.0
60,35,-15.059703826904297,43.1605110168457,125.0
60,36,-19.94850730895996,21466.603515625,11195.0
60,37,-16.539527893066406,62.48221206665039,397.0
60,38,-20.824352264404297,13.504785537719727,249.0
60,39,-3.7768239974975586,3.521691083908081,3.0
60,40,-10.897573471069336,1.8320229053497314,23.0
60,41,-4.3555426597595215,2.970961570739746,13.0
60,42,-4.679366111755371,1.9512708187103271,5.0
60,43,-6.906890392303467,2.6823644638061523,13.0
60,44,-17.468076705932617,5.73626184463501,5.0
60,45,-4.405263900756836,1.8763407468795776,5.0
60,46,-0.29821309447288513,1.1045128107070923,1.0
60,47,-0.13662394881248474,1.0347459316253662,1.0
60,48,-0.77512127161026,1.213829517364502,1.0
60,49,-6.484312057495117,2.946796417236328,10.0
60,50,-8.632043838500977,8.653907775878906,25.0
60,51,-3.8309948444366455,1.8936365842819214,2.0
60,52,-19.887380599975586,27.51038360595703,13.0
60,53,-14.581497192382812,129.08859252929688,117.0
60,54,-25.617347717285156,2.6785688400268555,49.0
60,55,-8.057188987731934,2.737783432006836,67.0
60,56,-4.455141067504883,3.045866012573242,2.0
60,57,-24.42547035217285,3435.17724609375,23223.0
60,58,-10.235268592834473,12.920525550842285,9.0
60,59,-4.197529315948486,2.31522274017334,2.0
60,60,-6.203055381774902,3.457725763320923,3.0
60,61,-3.769881010055542,1.713528037071228,4.0
60,62,-22.2037410736084,257.478271484375,14489.0
60,63,-20.352149963378906,883.6402587890625,14539.0
60,64,-11.45907974243164,17.545015335083008,23.0
60,65,-4.656095027923584,1.789635419845581,2.0
60,66,-41.12140655517578,11.233565330505371,59.0
60,67,-43.79945373535156,53.61176681518555,42.0
60,68,-31.663700103759766,33.72330093383789,121.0
60,69,-28.10292625427246,108.18267822265625,1551.0
60,70,-12.253372192382812,59.40969467163086,198.0
60,71,-11.969501495361328,7.351592540740967,40.0
60,72,-7.912303924560547,4.866917133331299,9.0
60,73,-10.349157333374023,3.1578972339630127,12.0
60,74,-28.789363861083984,121.29521179199219,8823.0
60,75,-12.031891822814941,20.24631690979004,184.0
60,76,-6.529346466064453,2.5415234565734863,13.0
60,77,-35.66287612915039,12.773187637329102,53.0
60,78,-9.436379432678223,23.230356216430664,10.0
60,79,-8.896778106689453,1.5602388381958008,14.0
60,80,-1.8434067964553833,1.8486746549606323,2.0
60,81,-2.416991710662842,1.8298754692077637,2.0
60,82,-7.857587814331055,1.924755573272705,20.0
60,83,-35.474937438964844,8.058771133422852,581.0
60,84,-15.305545806884766,12.818947792053223,47.0
60,85,-21.389753341674805,5.182904243469238,116.0
60,86,-18.822784423828125,10.51547622680664,12.0
60,87,-15.117969512939453,43.79380416870117,437.0
60,88,-11.711533546447754,10.4052095413208,18.0
60,89,-12.632174491882324,67.40538024902344,68.0
60,90,-13.452653884887695,88.6076431274414,48.0
60,91,-55.39046096801758,101.07592010498047,9487.0
60,92,-1.8140504360198975,1.8306726217269897,2.0
60,93,-11.128622055053711,9.260189056396484,24.0
60,94,-6.674194812774658,1.9492008686065674,3.0
60,95,-5.8622517585754395,2.0808603763580322,3.0
60,96,-2.7267580032348633,2.4816393852233887,3.0
60,97,-15.593398094177246,2.0315332412719727,6.0
62,0,-3.459850549697876,2.3749172687530518,2.0
62,1,-10.320148468017578,2.555365800857544,7.0
62,2,-1.3666954040527344,1.4073013067245483,2.0
62,3,-1.0878181457519531,1.4370696544647217,1.0
62,4,-4.6567888259887695,3.203350305557251,2.0
62,5,-5.478593349456787,2.18727445602417,8.0
62,6,-9.467142105102539,2.5772275924682617,9.0
62,7,-2.828946113586426,2.567626714706421,1.0
62,8,-11.493104934692383,9.960436820983887,26.0
62,9,-5.754510879516602,1.7779322862625122,14.0
62,10,-3.895695209503174,3.664034843444824,3.0
62,11,-3.8429691791534424,2.156731367111206,2.0
62,12,-14.52829647064209,7.968298435211182,152.0
62,13,-0.10824187099933624,1.0274299383163452,1.0
62,14,-9.958149909973145,2.472639799118042,6.0
62,15,-6.96445894241333,4.026477336883545,29.0
62,16,-0.010121325962245464,1.0050735473632812,1.0
62,17,-24.249040603637695,7.544006824493408,11491.0
62,18,-3.797706127166748,2.5842273235321045,2.0
62,19,-10.922113418579102,3.3654720783233643,9.0
62,20,-1.1552176475524902,1.2599140405654907,1.0
62,21,-4.84522008895874,127.13126373291016,4.0
62,22,-7.6035919189453125,4.5755109786987305,9.0
62,23,-7.713895797729492,6.87900447845459,11.0
62,24,-15.845134735107422,52.52471160888672,104.0
62,25,-2.2930915355682373,3.1473023891448975,2.0
62,26,-14.118151664733887,3.609135627746582,45.0
62,27,-1.6417139768600464,1.728472352027893,1.0
62,28,-7.305433750152588,4.310641288757324,25.0
62,29,-28.37851333618164,17.07902717590332,1772.0
62,30,-16.24846076965332,3375.26953125,1838.0
62,31,-3.626276969909668,2.065258502960205,2.0
62,32,-4.992812633514404,12.138792037963867,17.0
62,33,-23.9693603515625,30.69790267944336,46.0
62,34,-20.604555130004883,29800.4140625,1663.0
62,35,-15.017654418945312,42.70916748046875,125.0
62,36,-20.043636322021484,22512.32421875,11193.0
62,37,-16.489822387695312,61.710594177246094,389.0
62,38,-20.68065643310547,13.26437759399414,250.0
62,39,-3.7508652210235596,3.491349458694458,3.0
62,40,-10.936994552612305,1.8360395431518555,23.0
62,41,-4.352494239807129,2.968698263168335,13.0
62,42,-4.555936813354492,1.917165994644165,4.0
62,43,-6.906675815582275,2.6822822093963623,13.0
62,44,-17.559301376342773,5.788830280303955,5.0
62,45,-4.395076274871826,1.8736118078231812,5.0
62,46,-0.29061463475227356,1.1017189025878906,1.0
62,47,-0.13242794573307037,1.033661127090454,1.0
62,48,-0.7863246202468872,1.2172341346740723,1.0
62,49,-6.504095554351807,2.956528902053833,11.0
62,50,-8.644001007080078,8.679816246032715,25.0
62,51,-3.832218647003174,1.894022822380066,2.0
62,52,-19.82440185546875,27.223129272460938,13.0
62,53,-14.57603645324707,128.85385131835938,113.0
62,54,-25.72881317138672,2.6900768280029297,55.0
62,55,-8.071256637573242,2.7426018714904785,70.0
62,56,-4.442409992218018,3.036187171936035,2.0
62,57,-24.284299850463867,3277.27197265625,22863.0
62,58,-10.367134094238281,13.353567123413086,9.0
62,59,-4.173285961151123,2.3040239810943604,2.0
62,60,-6.08070182800293,3.3741397857666016,2.0
62,61,-3.615117073059082,1.6760591268539429,3.0
62,62,-22.202924728393555,257.42572021484375,14637.0
62,63,-20.40620231628418,899.705322265625,14639.0
62,64,-11.454437255859375,17.5246639251709,22.0
62,65,-4.618321418762207,1.781205177307129,2.0
62,66,-41.1014289855957,11.220372200012207,59.0
62,67,-43.78523635864258,53.54252243041992,42.0
62,68,-31.301403045654297,32.39271545410156,113.0
62,69,-28.095802307128906,108.05430603027344,1578.0
62,70,-12.314123153686523,60.62501907348633,203.0
62,71,-11.875418663024902,7.237215518951416,40.0
62,72,-8.017070770263672,4.969972133636475,9.0
62,73,-10.390725135803223,3.172516107559204,12.0
62,74,-28.458364486694336,114.78498077392578,8774.0
62,75,-12.0265474319458,20.21928596496582,181.0
62,76,-6.637325286865234,2.5810320377349854,14.0
62,77,-35.33195495605469,12.474804878234863,52.0
62,78,-9.414697647094727,23.063068389892578,10.0
62,79,-8.946324348449707,1.5641088485717773,14.0
62,80,-1.838523268699646,1.8456676006317139,2.0
62,81,-2.485241413116455,1.8613654375076294,2.0
62,82,-7.822038650512695,1.9190620183944702,20.0
62,83,-35.509544372558594,8.07519245147705,568.0
62,84,-15.255369186401367,12.71219253540039,47.0
62,85,-21.247169494628906,5.126369476318359,115.0
62,86,-18.77633285522461,10.454595565795898,12.0
62,87,-15.219366073608398,44.91813278198242,441.0
62,88,-11.797804832458496,10.586302757263184,18.0
62,89,-12.761898040771484,70.38399505615234,68.0
62,90,-13.473552703857422,89.22705078125,47.0
62,91,-55.177459716796875,99.29762268066406,9566.0
62,92,-1.8347454071044922,1.8433449268341064,2.0
62,93,-11.107728958129883,9.221573829650879,21.0
62,94,-6.682906150817871,1.9508994817733765,3.0
62,95,-5.800619125366211,2.0648908615112305,3.0
62,96,-2.8060829639434814,2.548133134841919,3.0
62,97,-15.733516693115234,2.044513463973999,6.0
64,0,-3.4512035846710205,2.369788885116577,2.0
64,1,-10.336759567260742,2.559227466583252,7.0
64,2,-1.303385853767395,1.3852027654647827,2.0
64,3,-1.0888140201568604,1.437546730041504,1.0
64,4,-4.627801418304443,3.180219888687134,2.0
64,5,-5.512498378753662,2.197894334793091,8.0
64,6,-9.468743324279785,2.5776402950286865,9.0
64,7,-2.8917837142944336,2.6219751834869385,2.0
64,8,-11.682655334472656,10.34528923034668,28.0
64,9,-5.72206449508667,1.7721729278564453,14.0
64,10,-3.885721206665039,3.651873826980591,3.0
64,11,-3.8611197471618652,2.1645748615264893,2.0
64,12,-14.606096267700195,8.057354927062988,157.0
64,13,-0.09551239758729935,1.0241655111312866,1.0
64,14,-10.040919303894043,2.4913153648376465,6.0
64,15,-6.876895427703857,3.956576347351074,29.0
64,16,-0.009857699275016785,1.0049409866333008,1.0
64,17,-24.328357696533203,7.5940351486206055,11436.0
64,18,-3.7951297760009766,2.5825634002685547,2.0
64,19,-10.81491756439209,3.325624704360962,8.0
64,20,-1.1454858779907227,1.2574641704559326,1.0
64,21,-4.715819358825684,111.70030212402344,4.0
64,22,-7.6294050216674805,4.599194049835205,10.0
64,23,-7.765844821929932,6.968926906585693,11.0
64,24,-15.805163383483887,52.00244903564453,105.0
64,25,-2.248406410217285,3.077763557434082,2.0
64,26,-14.001867294311523,3.571183443069458,46.0
64,27,-1.5944888591766357,1.7014763355255127,1.0
64,28,-7.311474800109863,4.315852642059326,25.0
64,29,-28.350765228271484,17.03170394897461,1645.0
64,30,-16.14746856689453,3209.063232421875,1779.0
64,31,-3.602484703063965,2.0554544925689697,2.0
64,32,-4.977967262268066,12.049023628234863,17.0
64,33,-23.99655532836914,30.817398071289062,48.0
64,34,-20.578502655029297,29414.74609375,1680.0
64,35,-15.102142333984375,43.62086486816406,126.0
64,36,-19.992902755737305,21948.439453125,11246.0
64,37,-16.535112380981445,62.41328048706055,392.0
64,38,-20.716007232666016,13.323121070861816,251.0
64,39,-3.7475368976593018,3.487478733062744,3.0
64,40,-10.897141456604004,1.8319789171218872,23.0
64,41,-4.325014114379883,2.9483730792999268,13.0
64,42,-4.578849792480469,1.9234519004821777,4.0
64,43,-6.944187164306641,2.6966946125030518,13.0
64,44,-17.422075271606445,5.709934234619141,5.0
64,45,-4.3553080558776855,1.8629976511001587,5.0
64,46,-0.3098025619983673,1.108788013458252,1.0
64,47,-0.1387922465801239,1.0353070497512817,1.0
64,48,-0.8112304210662842,1.224836826324463,1.0
64,49,-6.512372016906738,2.9606099128723145,11.0
64,50,-8.625972747802734,8.640783309936523,24.0
64,51,-3.854830741882324,1.9011744260787964,2.0
64,52,-19.809429168701172,27.155282974243164,13.0
64,53,-14.598812103271484,129.83578491210938,114.0
64,54,-25.793519973754883,2.696780204772949,55.0
64,55,-8.097372055053711,2.7515695095062256,70.0
64,56,-4.500703811645508,3.080759048461914,2.0
64,57,-24.270206451416016,3261.911865234375,22874.0
64,58,-10.265825271606445,13.01960563659668,9.0
64,59,-4.227827072143555,2.329294443130493,2.0
64,60,-6.205580711364746,3.459472894668579,3.0
64,61,-3.718069314956665,1.7008919715881348,4.0
64,62,-22.224666595458984,258.8287353515625,14591.0
64,63,-20.39283561706543,895.70556640625,14563.0
64,64,-11.491288185119629,17.686861038208008,24.0
64,65,-4.650895118713379,1.7884724140167236,2.0
64,66,-41.071189880371094,11.200432777404785,59.0
64,67,-43.99382019042969,54.56748580932617,42.0
64,68,-30.992244720458984,31.29889488220215,116.0
64,69,-28.097991943359375,108.0937271118164,1599.0
64,70,-12.34049129486084,61.16023635864258,203.0
64,71,-11.953954696655273,7.3325676918029785,40.0
64,72,-7.952041149139404,4.9057512283325195,9.0
64,73,-10.388073921203613,3.171581745147705,12.0
64,74,-28.699312210083008,119.48834228515625,8731.0
64,75,-12.066458702087402,20.422039031982422,188.0
64,76,-6.634355068206787,2.579936981201172,14.0
64,77,-35.596153259277344,12.712455749511719,54.0
64,78,-9.45858383178711,23.40293312072754,11.0
64,79,-8.965538024902344,1.5656120777130127,14.0
64,80,-1.87598717212677,1.8688608407974243,2.0
64,81,-2.4407074451446533,1.840756893157959,2.0
64,82,-7.854160308837891,1.9242058992385864,20.0
64,83,-35.19568634033203,7.927474021911621,574.0
64,84,-15.231807708740234,12.662369728088379,46.0
64,85,-21.38289451599121,5.180171012878418,117.0
64,86,-18.93724250793457,10.667004585266113,12.0
64,87,-15.068792343139648,43.25868606567383,424.0
64,88,-11.75401496887207,10.49399185180664,18.0
64,89,-12.574494361877441,66.12178039550781,65.0
64,90,-13.497505187988281,89.94230651855469,47.0
64,91,-55.28425598144531,100.18528747558594,9717.0
64,92,-1.88517165184021,1.8745911121368408,2.0
64,93,-11.086847305297852,9.183143615722656,21.0
64,94,-6.578024864196777,1.9305453300476074,2.0
64,95,-5.846470355987549,2.0767595767974854,3.0
64,96,-2.8151309490203857,2.5558297634124756,3.0
64,97,-15.763155937194824,2.047269821166992,6.0
66,0,-3.4851770401000977,2.3900022506713867,2.0
66,1,-10.30849838256836,2.5526607036590576,8.0
66,2,-1.3566758632659912,1.403780460357666,2.0
66,3,-1.0407675504684448,1.414707064628601,1.0
66,4,-4.609312057495117,3.1655538082122803,2.0
66,5,-5.4825639724731445,2.1885154247283936,8.0
66,6,-9.520727157592773,2.5910747051239014,9.0
66,7,-2.841414213180542,2.578320264816284,1.0
66,8,-11.56362533569336,10.10191535949707,26.0
66,9,-5.781174182891846,1.7826792001724243,14.0
66,10,-3.8965044021606445,3.6650235652923584,3.0
66,11,-3.8344788551330566,2.1530723571777344,2.0
66,12,-14.542688369750977,7.984696865081787,154.0
66,13,-0.10499179363250732,1.0265954732894897,1.0
66,14,-9.879384994506836,2.454998016357422,6.0
66,15,-6.906455993652344,3.980037212371826,30.0
66,16,-0.009730244986712933,1.004876971244812,1.0
66,17,-24.559478759765625,7.741714954376221,11810.0
66,18,-3.679145336151123,2.5087544918060303,2.0
66,19,-10.932944297790527,3.3695244789123535,8.0
66,20,-1.1550360918045044,1.2598683834075928,1.0
66,21,-4.786375522613525,119.86612701416016,4.0
66,22,-7.627896308898926,4.597805976867676,9.0
66,23,-7.824616432189941,7.072075843811035,11.0
66,24,-15.813804626464844,52.11491394042969,101.0
66,25,-2.301837921142578,3.1610965728759766,2.0
66,26,-13.99599838256836,3.5692789554595947,44.0
66,27,-1.5739681720733643,1.6898775100708008,1.0
66,28,-7.294865608215332,4.301540374755859,25.0
66,29,-28.427141189575195,17.162282943725586,1668.0
66,30,-16.239900588989258,3360.853759765625,1789.0
66,31,-3.522033214569092,2.022646188735962,2.0
66,32,-4.999232769012451,12.177821159362793,17.0
66,33,-23.932876586914062,30.538320541381836,48.0
66,34,-20.469989776611328,27861.326171875,1604.0
66,35,-15.02901840209961,42.8306770324707,123.0
66,36,-20.026649475097656,22321.927734375,11338.0
66,37,-16.519399642944336,62.16858673095703,393.0
66,38,-20.63180923461914,13.183632850646973,252.0
66,39,-3.735914707183838,3.473994016647339,3.0
66,40,-10.869722366333008,1.8291903734207153,21.0
66,41,-4.340485572814941,2.95979905128479,13.0
66,42,-4.623373031616211,1.9357247352600098,4.0
66,43,-7.030771255493164,2.730257272720337,13.0
66,44,-17.20084571838379,5.585000514984131,5.0
66,45,-4.421011924743652,1.8805667161941528,5.0
66,46,-0.3126928508281708,1.1098567247390747,1.0
66,47,-0.1339564174413681,1.0340560674667358,1.0
66,48,-0.7689035534858704,1.2119442224502563,1.0
66,49,-6.543357849121094,2.9759387969970703,11.0
66,50,-8.646924018859863,8.68616008758545,25.0
66,51,-3.8255486488342285,1.891918659210205,2.0
66,52,-19.81761932373047,27.19237518310547,13.0
66,53,-14.626632690429688,131.04542541503906,114.0
66,54,-25.81781768798828,2.6993014812469482,54.0
66,55,-8.069567680358887,2.74202299118042,69.0
66,56,-4.432217597961426,3.0284605026245117,2.0
66,57,-24.336132049560547,3334.387939453125,23050.0
66,58,-10.215906143188477,12.858133316040039,9.0
66,59,-4.238898754119873,2.3344578742980957,2.0
66,60,-6.138461589813232,3.413343667984009,3.0
66,61,-3.826988697052002,1.7275646924972534,4.0
66,62,-22.265525817871094,261.4862060546875,14739.0
66,63,-20.423444747924805,904.8915405273438,14703.0
66,64,-11.374993324279785,17.180042266845703,22.0
66,65,-4.637622833251953,1.7855077981948853,2.0
66,66,-41.00941848754883,11.159807205200195,59.0
66,67,-43.725982666015625,53.2548713684082,42.0
66,68,-31.06604766845703,31.55661392211914,117.0
66,69,-28.09161949157715,107.97900390625,1595.0
66,70,-12.208772659301758,58.53302001953125,199.0
66,71,-11.929908752441406,7.303239822387695,40.0
66,72,-7.956851005554199,4.910472393035889,9.0
66,73,-10.470539093017578,3.2007758617401123,12.0
66,74,-28.748489379882812,120.47169494628906,9297.0
66,75,-12.053125381469727,20.354080200195312,187.0
66,76,-6.622258186340332,2.5754823684692383,14.0
66,77,-35.461856842041016,12.591094017028809,52.0
66,78,-9.454943656921387,23.374549865722656,10.0
66,79,-8.977523803710938,1.5665507316589355,14.0
66,80,-1.806087613105774,1.825819969177246,2.0
66,81,-2.506598711013794,1.8713303804397583,2.0
66,82,-7.86264181137085,1.9255664348602295,20.0
66,83,-35.471534729003906,8.057158470153809,597.0
66,84,-15.36153793334961,12.939132690429688,47.0
66,85,-21.275419235229492,5.137521266937256,114.0
66,86,-18.912525177001953,10.634098052978516,12.0
66,87,-15.0103759765625,42.63152313232422,436.0
66,88,-11.710820198059082,10.403726577758789,18.0
66,89,-12.617241859436035,67.07069396972656,68.0
66,90,-13.38999080657959,86.77600860595703,46.0
66,91,-55.33317565917969,100.59452056884766,9770.0
66,92,-1.8544635772705078,1.85550057888031,2.0
66,93,-11.085245132446289,9.180201530456543,24.0
66,94,-6.61180305480957,1.937077283859253,3.0
66,95,-5.909127235412598,2.0930888652801514,3.0
66,96,-2.7956738471984863,2.539307117462158,3.0
66,97,-15.775477409362793,2.0484166145324707,6.0
68,0,-3.5130295753479004,2.4067020416259766,2.0
68,1,-10.342145919799805,2.560481071472168,7.0
68,2,-1.3532522916793823,1.4025795459747314,2.0
68,3,-1.0281559228897095,1.408772349357605,1.0
68,4,-4.639959335327148,3.1899008750915527,2.0
68,5,-5.47630500793457,2.1865594387054443,8.0
68,6,-9.54836654663086,2.5982460975646973,9.0
68,7,-2.8382763862609863,2.575624942779541,1.0
68,8,-11.660676956176758,10.29991340637207,28.0
68,9,-5.734410285949707,1.7743620872497559,14.0
68,10,-3.900407552719116,3.669795274734497,3.0
68,11,-3.851128578186035,2.1602537631988525,2.0
68,12,-14.533546447753906,7.974277019500732,150.0
68,13,-0.1027149111032486,1.0260112285614014,1.0
68,14,-9.888015747070312,2.4569246768951416,7.0
68,15,-6.880565643310547,3.959481954574585,29.0
68,16,-0.010227426886558533,1.0051268339157104,1.0
68,17,-24.465063095092773,7.681041717529297,11914.0
68,18,-3.723708391189575,2.536860227584839,2.0
68,19,-10.906681060791016,3.359706163406372,9.0
68,20,-1.1566011905670166,1.2602627277374268,1.0
68,21,-4.748351097106934,115.39385986328125,4.0
68,22,-7.52923583984375,4.507971286773682,9.0
68,23,-7.7775068283081055,6.989274501800537,11.0
68,24,-15.813078880310059,52.1054573059082,103.0
68,25,-2.268587350845337,3.1089768409729004,2.0
68,26,-14.091629981994629,3.6004443168640137,45.0
68,27,-1.6026651859283447,1.7061197757720947,1.0
68,28,-7.30623722076416,4.311334133148193,25.0
68,29,-28.452699661254883,17.206201553344727,1645.0
68,30,-16.059005737304688,3070.215087890625,1848.0
68,31,-3.4997217655181885,2.013640880584717,2.0
68,32,-4.948633670806885,11.8735933303833,17.0
68,33,-23.811481475830078,30.013286590576172,43.0
68,34,-20.506750106811523,28378.16015625,1627.0
68,35,-15.10068416595459,43.60496520996094,126.0
68,36,-19.887012481689453,20816.603515625,10858.0
68,37,-16.472270965576172,61.440406799316406,382.0
68,38,-20.662784576416016,13.23477840423584,250.0
68,39,-3.7792115211486816,3.5244946479797363,3.0
68,40,-10.957414627075195,1.8381236791610718,23.0
68,41,-4.32574987411499,2.948915719985962,13.0
68,42,-4.578003406524658,1.9232192039489746,4.0
68,43,-6.964709281921387,2.7046120166778564,13.0
68,44,-17.334699630737305,5.660261154174805,5.0
68,45,-4.375946521759033,1.8684985637664795,5.0
68,46,-0.31445881724357605,1.110510230064392,1.0
68,47,-0.14137649536132812,1.0359760522842407,1.0
68,48,-0.7777644395828247,1.2146319150924683,1.0
68,49,-6.474737167358398,2.9420979022979736,11.0
68,50,-8.713896751403809,8.832818984985352,25.0
68,51,-3.872065782546997,1.9066433906555176,2.0
68,52,-19.879281997680664,27.4732723236084,13.0
68,53,-14.61297607421875,130.45028686523438,116.0
68,54,-25.841251373291016,2.701735496520996,57.0
68,55,-8.019266128540039,2.7248361110687256,67.0
68,56,-4.455925941467285,3.04646372795105,2.0
68,57,-24.410608291625977,3418.2001953125,23666.0
68,58,-10.276700973510742,13.055052757263184,9.0
68,59,-4.201345443725586,2.316990375518799,2.0
68,60,-6.198071479797363,3.4542806148529053,3.0
68,61,-3.7318949699401855,1.7042545080184937,4.0
68,62,-22.205923080444336,257.6187744140625,14781.0
68,63,-20.406578063964844,899.8181762695312,14722.0
68,64,-11.529043197631836,17.85459327697754,23.0
68,65,-4.689474105834961,1.797118067741394,2.0
68,66,-41.012657165527344,11.161932945251465,59.0
68,67,-43.7357292175293,53.30207443237305,42.0
68,68,-30.92789077758789,31.075891494750977,116.0
68,69,-28.030288696289062,106.880859375,1585.0
68,70,-12.156475067138672,57.5214729309082,203.0
68,71,-11.943744659423828,7.320100784301758,40.0
68,72,-7.964118480682373,4.9176154136657715,9.0
68,73,-10.525634765625,3.220430374145508,12.0
68,74,-28.79547119140625,121.41875457763672,9227.0
68,75,-11.983088493347168,20.000797271728516,182.0
68,76,-6.596571922302246,2.566049098968506,14.0
68,77,-35.54788589477539,12.66870403289795,54.0
68,78,-9.482711791992188,23.59191131591797,11.0
68,79,-8.946895599365234,1.5641534328460693,14.0
68,80,-1.8495168685913086,1.8524435758590698,2.0
68,81,-2.4990718364715576,1.8678123950958252,2.0
68,82,-7.825055122375488,1.9195444583892822,20.0
68,83,-35.184814453125,7.922406196594238,544.0
68,84,-15.270294189453125,12.743851661682129,47.0
68,85,-21.28133773803711,5.1398606300354,116.0
68,86,-18.956798553466797,10.69311237335205,12.0
68,87,-14.931638717651367,41.80055618286133,428.0
68,88,-11.70163345336914,10.384629249572754,18.0
68,89,-12.596059799194336,66.59880828857422,68.0
68,90,-13.432351112365723,88.00999450683594,48.0
68,91,-55.398719787597656,101.1454849243164,9616.0
68,92,-1.8565266132354736,1.8567769527435303,2.0
68,93,-11.020134925842285,9.061429023742676,20.0
68,94,-6.564739227294922,1.927982211112976,2.0
68,95,-5.884548664093018,2.0866682529449463,3.0
68,96,-2.7847840785980225,2.53010630607605,3.0
68,97,-15.836544036865234,2.054110527038574,6.0
70,0,-3.4777276515960693,2.3855552673339844,2.0
70,1,-10.469270706176758,2.5902435779571533,7.0
70,2,-1.2884668111801147,1.380045771598816,2.0
70,3,-1.0302178859710693,1.409740924835205,1.0
70,4,-4.656412124633789,3.2030487060546875,2.0
70,5,-5.401667594909668,2.1633691787719727,8.0
70,6,-9.547407150268555,2.597996950149536,9.0
70,7,-2.8547284603118896,2.5897884368896484,1.0
70,8,-11.617950439453125,10.212270736694336,28.0
70,9,-5.769290447235107,1.7805620431900024,14.0
70,10,-3.9092817306518555,3.68066668510437,3.0
70,11,-3.886902332305908,2.1757652759552,2.0
70,12,-14.516462326049805,7.954837799072266,151.0
70,13,-0.10527583956718445,1.0266683101654053,1.0
70,14,-9.95633602142334,2.4722321033477783,7.0
70,15,-6.843838691711426,3.930504322052002,29.0
70,16,-0.009870076552033424,1.0049471855163574,1.0
70,17,-24.419519424438477,7.651946544647217,11618.0
70,18,-3.758373498916626,2.558940887451172,2.0
70,19,-10.897615432739258,3.356323480606079,9.0
70,20,-1.1932345628738403,1.269530177116394,1.0
70,21,-4.788663387298584,120.14067840576172,4.0
70,22,-7.557333946228027,4.533375263214111,10.0
70,23,-7.833367347717285,7.0875654220581055,11.0
70,24,-15.822380065917969,52.22675704956055,100.0
70,25,-2.3097798824310303,3.1736741065979004,2.0
70,26,-14.1172456741333,3.6088385581970215,47.0
70,27,-1.6175355911254883,1.7145978212356567,1.0
70,28,-7.316407203674316,4.320112228393555,25.0
70,29,-28.304065704345703,16.952354431152344,1617.0
70,30,-16.19635581970215,3288.470703125,1863.0
70,31,-3.5736165046691895,2.043621063232422,2.0
70,32,-4.969454288482666,11.997846603393555,17.0
70,33,-23.863468170166016,30.237016677856445,45.0
70,34,-20.523183822631836,28612.298828125,1635.0
70,35,-15.093050956726074,43.52183532714844,126.0
70,36,-19.995018005371094,21971.66796875,11413.0
70,37,-16.40864372253418,60.470821380615234,388.0
70,38,-20.57980728149414,13.098214149475098,242.0
70,39,-3.753159761428833,3.49402117729187,3.0
70,40,-10.995664596557617,1.8420336246490479,23.0
70,41,-4.355453014373779,2.9708950519561768,13.0
70,42,-4.583181858062744,1.924642562866211,4.0
70,43,-7.002856731414795,2.719391107559204,13.0
70,44,-17.367839813232422,5.679050445556641,5.0
70,45,-4.422915935516357,1.8810782432556152,5.0
70,46,-0.30935153365135193,1.10862135887146,1.0
70,47,-0.14578133821487427,1.037117600440979,1.0
70,48,-0.765345573425293,1.2108666896820068,1.0
70,49,-6.359946250915527,2.886345148086548,11.0
70,50,-8.704277038574219,8.811601638793945,26.0
70,51,-3.883382558822632,1.910243034362793,2.0
70,52,-19.697574615478516,26.653732299804688,13.0
70,53,-14.629352569580078,131.16433715820312,115.0
70,54,-25.889310836791992,2.7067341804504395,57.0
70,55,-7.994598388671875,2.716446876525879,67.0
70,56,-4.481629848480225,3.066103219985962,2.0
70,57,-24.320293426513672,3316.830078125,23215.0
70,58,-10.297072410583496,13.121709823608398,9.0
70,59,-4.239962577819824,2.3349549770355225,2.0
70,60,-6.22900390625,3.4757168292999268,3.0
70,61,-3.7599408626556396,1.7110964059829712,4.0
70,62,-22.21518898010254,258.2162170410156,14784.0
70,63,-20.420249938964844,903.9281005859375,14782.0
70,64,-11.479732513427734,17.63583755493164,24.0
70,65,-4.658617973327637,1.7901997566223145,2.0
70,66,-41.10521697998047,11.22287368774414,59.0
70,67,-43.794097900390625,53.58565902709961,42.0
70,68,-30.973344802856445,31.23323631286621,116.0
70,69,-28.073623657226562,107.65562438964844,1590.0
70,70,-12.150469779968262,57.40644836425781,197.0
70,71,-11.946939468383789,7.323999404907227,40.0
70,72,-7.955358028411865,4.909006595611572,9.0
70,73,-10.499364852905273,3.2110438346862793,12.0
70,74,-28.68291664123535,119.16226196289062,8822.0
70,75,-11.985365867614746,20.012187957763672,183.0
70,76,-6.597309589385986,2.566319465637207,14.0
70,77,-35.527915954589844,12.650646209716797,54.0
70,78,-9.452594757080078,23.35625457763672,11.0
70,79,-9.049525260925293,1.5722005367279053,14.0
70,80,-1.8373162746429443,1.8449252843856812,2.0
70,81,-2.510544776916504,1.873177409172058,2.0
70,82,-7.750453472137451,1.9076480865478516,20.0
70,83,-35.28812789916992,7.970699787139893,550.0
70,84,-15.261661529541016,12.725531578063965,48.0
70,85,-21.388397216796875,5.182363986968994,117.0
70,86,-18.953777313232422,10.689075469970703,12.0
70,87,-14.998777389526367,42.50808334350586,430.0
70,88,-11.78095817565918,10.550694465637207,18.0
70,89,-12.713891983032227,69.26669311523438,68.0
70,90,-13.297825813293457,84.15065002441406,45.0
70,91,-55.177249908447266,99.29586791992188,9607.0
70,92,-1.8037500381469727,1.8243978023529053,2.0
70,93,-11.116410255432129,9.237600326538086,24.0
70,94,-6.64015531539917,1.9425772428512573,2.0
70,95,-5.852968215942383,2.078447103500366,3.0
70,96,-2.722637414932251,2.4782330989837646,3.0
70,97,-15.824949264526367,2.0530283451080322,6.0
72,0,-3.428798198699951,2.3565521240234375,2.0
72,1,-10.411189079284668,2.5766026973724365,8.0
72,2,-1.355219841003418,1.403269648551941,2.0
72,3,-1.0780836343765259,1.432414174079895,1.0
72,4,-4.685279846191406,3.2262485027313232,2.0
72,5,-5.487543106079102,2.190072536468506,8.0
72,6,-9.594340324401855,2.6102187633514404,9.0
72,7,-2.829143524169922,2.567795753479004,1.0
72,8,-11.73161506652832,10.4470853805542,28.0
72,9,-5.760511875152588,1.7789995670318604,14.0
72,10,-3.899402618408203,3.6685662269592285,3.0
72,11,-3.896116256713867,2.179778575897217,2.0
72,12,-14.584808349609375,8.03288745880127,149.0
72,13,-0.09817598015069962,1.0248476266860962,1.0
72,14,-9.91825008392334,2.4636871814727783,7.0
72,15,-6.817028522491455,3.909485101699829,28.0
72,16,-0.010099036619067192,1.0050623416900635,1.0
72,17,-24.237701416015625,7.536881923675537,11128.0
72,18,-3.692361831665039,2.517057180404663,2.0
72,19,-10.777329444885254,3.3117640018463135,9.0
72,20,-1.1844433546066284,1.267300009727478,1.0
72,21,-4.7859206199646,119.81161499023438,4.0
72,22,-7.5886311531066895,4.561840534210205,9.0
72,23,-7.808628082275391,7.043865203857422,11.0
72,24,-15.796696662902832,51.89249801635742,105.0
72,25,-2.307828903198242,3.1705799102783203,2.0
72,26,-14.160757064819336,3.6231420040130615,46.0
72,27,-1.661369800567627,1.7398344278335571,1.0
72,28,-7.326162815093994,4.328549861907959,25.0
72,29,-28.331830978393555,16.99948501586914,1601.0
72,30,-16.18964195251465,3277.4501953125,1797.0
72,31,-3.6092820167541504,2.058250665664673,2.0
72,32,-4.9518632888793945,11.892782211303711,17.0
72,33,-23.896926879882812,30.38188934326172,43.0
72,34,-20.561885833740234,29171.365234375,1674.0
72,35,-15.111459732055664,43.722591400146484,127.0
72,36,-19.89698600769043,20920.671875,10897.0
72,37,-16.47406768798828,61.468013763427734,382.0
72,38,-20.550874710083008,13.050929069519043,249.0
72,39,-3.741619825363159,3.4806065559387207,3.0
72,40,-11.054978370666504,1.8481136560440063,23.0
72,41,-4.359698295593262,2.9740498065948486,13.0
72,42,-4.557141304016113,1.9174959659576416,4.0
72,43,-7.078307151794434,2.748861312866211,13.0
72,44,-17.287555694580078,5.633638858795166,5.0
72,45,-4.421271324157715,1.88063645362854,5.0
72,46,-0.3115960359573364,1.1094510555267334,1.0
72,47,-0.1465458869934082,1.037315845489502,1.0
72,48,-0.7934002876281738,1.2193892002105713,1.0
72,49,-6.453584671020508,2.931743860244751,11.0
72,50,-8.641578674316406,8.674560546875,26.0
72,51,-3.8472795486450195,1.8987832069396973,2.0
72,52,-19.958059310913086,27.836366653442383,13.0
72,53,-14.566843032836914,128.45956420898438,114.0
72,54,-25.98794174194336,2.7170214653015137,58.0
72,55,-7.970576286315918,2.7083022594451904,67.0
72,56,-4.455665588378906,3.0462653636932373,2.0
72,57,-24.316944122314453,3313.1279296875,23207.0
72,58,-10.210144996643066,12.839627265930176,9.0
72,59,-4.198696136474609,2.315762996673584,2.0
72,60,-6.190079689025879,3.448763847351074,3.0
72,61,-3.7683005332946777,1.7131412029266357,4.0
72,62,-22.21802520751953,258.39935302734375,14845.0
72,63,-20.3518009185791,883.5374145507812,14553.0
72,64,-11.481172561645508,17.642189025878906,24.0
72,65,-4.625107765197754,1.7827167510986328,2.0
72,66,-41.01187515258789,11.161419868469238,59.0
72,67,-43.712162017822266,53.1879997253418,41.0
72,68,-31.038314819335938,31.459518432617188,118.0
72,69,-28.066856384277344,107.53423309326172,1597.0
72,70,-12.183892250061035,58.04957580566406,199.0
72,71,-11.956442832946777,7.335609436035156,41.0
72,72,-7.932425498962402,4.886543273925781,9.0
72,73,-10.578229904174805,3.2393054962158203,12.0
72,74,-28.694854736328125,119.39962005615234,8765.0
72,75,-12.009878158569336,20.13520050048828,181.0
72,76,-6.677303314208984,2.5958147048950195,14.0
72,77,-35.533180236816406,12.655403137207031,54.0
72,78,-9.418333053588867,23.091033935546875,11.0
72,79,-8.976064682006836,1.5664364099502563,14.0
72,80,-1.8374139070510864,1.8449852466583252,2.0
72,81,-2.499169111251831,1.8678579330444336,2.0
72,82,-7.899166107177734,1.93143630027771,20.0
72,83,-35.148468017578125,7.905485153198242,554.0
72,84,-15.306649208068848,12.821304321289062,48.0
72,85,-21.302249908447266,5.148135185241699,115.0
72,86,-18.931785583496094,10.659730911254883,12.0
72,87,-14.97127628326416,42.216835021972656,418.0
72,88,-11.760397911071777,10.50739860534668,18.0
72,89,-12.692527770996094,68.77515411376953,68.0
72,90,-13.36455249786377,86.04330444335938,46.0
72,91,-55.32947540283203,100.56353759765625,9703.0
72,92,-1.8625024557113647,1.8604793548583984,2.0
72,93,-11.045639038085938,9.107769966125488,22.0
72,94,-6.623683929443359,1.939380168914795,2.0
72,95,-5.8748250007629395,2.0841333866119385,3.0
72,96,-2.7968878746032715,2.540334939956665,3.0
72,97,-15.809464454650879,2.0515835285186768,6.0
74,0,-3.504260540008545,2.4014317989349365,2.0
74,1,-10.291565895080566,2.548734188079834,7.0
74,2,-1.3441230058670044,1.3993819952011108,2.0
74,3,-1.0502375364303589,1.419179916381836,1.0
74,4,-4.651025772094727,3.1987380981445312,2.0
74,5,-5.470874309539795,2.184863567352295,8.0
74,6,-9.561153411865234,2.6015706062316895,9.0
74,7,-2.879303455352783,2.6110901832580566,1.0
74,8,-11.715231895446777,10.412910461425781,28.0
74,9,-5.757307529449463,1.778429627418518,14.0
74,10,-3.9072844982147217,3.6782166957855225,3.0
74,11,-3.8533852100372314,2.161229133605957,2.0
74,12,-14.54391860961914,7.986102104187012,149.0
74,13,-0.10940100252628326,1.027727723121643,1.0
74,14,-9.863938331604004,2.4515528678894043,7.0
74,15,-6.833786964416504,3.9226105213165283,29.0
74,16,-0.009380974806845188,1.0047014951705933,1.0
74,17,-24.15593147277832,7.485698223114014,11287.0
74,18,-3.723496913909912,2.5367259979248047,2.0
74,19,-10.823143005371094,3.328665256500244,8.0
74,20,-1.1889936923980713,1.26845383644104,1.0
74,21,-4.826893329620361,124.82257843017578,4.0
74,22,-7.619016170501709,4.5896477699279785,10.0
74,23,-7.832730293273926,7.0864362716674805,11.0
74,24,-15.769596099853516,51.54210662841797,103.0
74,25,-2.279984951019287,3.1267447471618652,2.0
74,26,-14.071455955505371,3.5938472747802734,47.0
74,27,-1.6158077716827393,1.7136106491088867,1.0
74,28,-7.337797164916992,4.3386335372924805,25.0
74,29,-28.279674530029297,16.911052703857422,1681.0
74,30,-16.358888626098633,3566.872314453125,1831.0
74,31,-3.591437339782715,2.050917863845825,2.0
74,32,-4.981734275817871,12.071739196777344,17.0
74,33,-23.951637268066406,30.620281219482422,47.0
74,34,-20.497915267944336,28253.076171875,1646.0
74,35,-15.077314376831055,43.350948333740234,126.0
74,36,-19.868976593017578,20629.724609375,11025.0
74,37,-16.39856719970703,60.31867980957031,387.0
74,38,-20.714088439941406,13.319925308227539,250.0
74,39,-3.7477669715881348,3.487745761871338,3.0
74,40,-10.976095199584961,1.8400321006774902,23.0
74,41,-4.371660232543945,2.982956886291504,13.0
74,42,-4.508039474487305,1.904092788696289,4.0
74,43,-6.929042816162109,2.690866708755493,13.0
74,44,-17.316158294677734,5.649775505065918,5.0
74,45,-4.392343997955322,1.8728805780410767,5.0
74,46,-0.310006707906723,1.1088634729385376,1.0
74,47,-0.1513708531856537,1.0385679006576538,1.0
74,48,-0.8027227520942688,1.2222344875335693,1.0
74,49,-6.420965671539307,2.915848731994629,11.0
74,50,-8.675700187683105,8.74887466430664,25.0
74,51,-3.8751931190490723,1.907637357711792,2.0
74,52,-19.474746704101562,25.682022094726562,13.0
74,53,-14.49749755859375,125.52426147460938,111.0
74,54,-25.972963333129883,2.715456485748291,58.0
74,55,-8.022266387939453,2.725858211517334,68.0
74,56,-4.451748847961426,3.0432841777801514,2.0
74,57,-24.30411720275879,3298.993408203125,23278.0
74,58,-10.253521919250488,12.979620933532715,9.0
74,59,-4.254720211029053,2.3418564796447754,2.0
74,60,-6.192904949188232,3.4507133960723877,3.0
74,61,-3.727492094039917,1.7031829357147217,4.0
74,62,-22.202428817749023,257.3938293457031,14829.0
74,63,-20.479755401611328,922.0369873046875,14743.0
74,64,-11.451666831970215,17.512531280517578,24.0
74,65,-4.666403293609619,1.791942834854126,2.0
74,66,-40.923431396484375,11.10350227355957,59.0
74,67,-43.813751220703125,53.68149185180664,41.0
74,68,-30.960800170898438,31.189733505249023,117.0
74,69,-28.11432456970215,108.38838958740234,1607.0
74,70,-12.164546966552734,57.67646408081055,204.0
74,71,-11.897747039794922,7.264197826385498,40.0
74,72,-7.9504594802856445,4.904199600219727,9.0
74,73,-10.559844970703125,3.2326948642730713,12.0
74,74,-28.666776657104492,118.8421630859375,8668.0
74,75,-12.086240768432617,20.523286819458008,190.0
74,76,-6.631586074829102,2.5789167881011963,14.0
74,77,-35.57381820678711,12.692193031311035,54.0
74,78,-9.415389060974121,23.06838607788086,10.0
74,79,-9.02130126953125,1.5699834823608398,14.0
74,80,-1.8551112413406372,1.8559012413024902,2.0
74,81,-2.5329031944274902,1.8836772441864014,2.0
74,82,-7.8344645500183105,1.9210503101348877,20.0
74,83,-35.165977478027344,7.913631916046143,574.0
74,84,-15.189400672912598,12.573190689086914,47.0
74,85,-21.312992095947266,5.15239143371582,116.0
74,86,-18.905195236206055,10.624359130859375,12.0
74,87,-14.97300910949707,42.23512649536133,425.0
74,88,-11.755434036254883,10.496973037719727,18.0
74,89,-12.678808212280273,68.46134185791016,67.0
74,90,-13.347694396972656,85.5611801147461,46.0
74,91,-55.21215057373047,99.58511352539062,9421.0
74,92,-1.809723138809204,1.8280339241027832,2.0
74,93,-11.022127151489258,9.065040588378906,21.0
74,94,-6.646261692047119,1.9437637329101562,2.0
74,95,-5.9224042892456055,2.0965654850006104,3.0
74,96,-2.815455913543701,2.5561070442199707,3.0
74,97,-15.894980430603027,2.0595738887786865,6.0
76,0,-3.478848695755005,2.386223793029785,2.0
76,1,-10.3032808303833,2.551450252532959,7.0
76,2,-1.339654564857483,1.3978195190429688,2.0
76,3,-1.029317021369934,1.4093177318572998,1.0
76,4,-4.633383750915527,3.1846611499786377,2.0
76,5,-5.517252445220947,2.199387550354004,8.0
76,6,-9.640680313110352,2.622342586517334,9.0
76,7,-2.872335910797119,2.6050331592559814,2.0
76,8,-11.63037109375,10.2376708984375,27.0
76,9,-5.7915730476379395,1.784533977508545,14.0
76,10,-3.901312828063965,3.6709024906158447,3.0
76,11,-3.8211591243743896,2.1473441123962402,2.0
76,12,-14.551067352294922,7.994261264801025,148.0
76,13,-0.10221923142671585,1.0258841514587402,1.0
76,14,-9.889724731445312,2.4573068618774414,7.0
76,15,-6.859760284423828,3.943040132522583,29.0
76,16,-0.01107141375541687,1.0055510997772217,1.0
76,17,-24.041473388671875,7.414638042449951,11395.0
76,18,-3.723524808883667,2.536743640899658,2.0
76,19,-10.742021560668945,3.298797369003296,8.0
76,20,-1.183631420135498,1.2670942544937134,1.0
76,21,-4.791046619415283,120.42735290527344,4.0
76,22,-7.612222194671631,4.583415508270264,10.0
76,23,-7.82633638381958,7.075117588043213,11.0
76,24,-15.783023834228516,51.71541976928711,105.0
76,25,-2.267437219619751,3.107189655303955,2.0
76,26,-14.011770248413086,3.574399948120117,43.0
76,27,-1.6119869947433472,1.7114295959472656,1.0
76,28,-7.298036575317383,4.304269313812256,25.0
76,29,-28.17821502685547,16.74034309387207,1625.0
76,30,-16.043254852294922,3046.130859375,1800.0
76,31,-3.471780300140381,2.0024192333221436,2.0
76,32,-4.955885410308838,11.916723251342773,16.0
76,33,-24.056434631347656,31.0821475982666,44.0
76,34,-20.466020584106445,27806.087890625,1617.0
76,35,-15.072973251342773,43.30392837524414,126.0
76,36,-19.836706161499023,20299.533203125,10987.0
76,37,-16.410005569458008,60.49141311645508,395.0
76,38,-20.71399688720703,13.31977367401123,250.0
76,39,-3.778097629547119,3.523186683654785,3.0
76,40,-11.007654190063477,1.8432610034942627,23.0
76,41,-4.3492608070373535,2.966299295425415,13.0
76,42,-4.58044958114624,1.9238914251327515,4.0
76,43,-7.017397403717041,2.725046396255493,13.0
76,44,-17.46050262451172,5.731918811798096,5.0
76,45,-4.4144134521484375,1.87879478931427,5.0
76,46,-0.3136149048805237,1.110197901725769,1.0
76,47,-0.1484459638595581,1.0378086566925049,1.0
76,48,-0.8019893169403076,1.2220103740692139,1.0
76,49,-6.394181251525879,2.9028611183166504,11.0
76,50,-8.669512748718262,8.7353515625,25.0
76,51,-3.873854637145996,1.9072118997573853,2.0
76,52,-19.736351013183594,26.826541900634766,13.0
76,53,-14.562620162963867,128.27886962890625,114.0
76,54,-25.98150062561035,2.71634840965271,58.0
76,55,-8.046765327453613,2.7342185974121094,69.0
76,56,-4.447811603546143,3.040289878845215,2.0
76,57,-24.28705406188965,3280.283447265625,23317.0
76,58,-10.236414909362793,12.92422866821289,9.0
76,59,-4.233615875244141,2.3319928646087646,2.0
76,60,-6.191542625427246,3.4497733116149902,3.0
76,61,-3.780688762664795,1.7161756753921509,4.0
76,62,-22.223331451416016,258.74237060546875,14886.0
76,63,-20.468170166015625,918.4829711914062,14821.0
76,64,-11.446905136108398,17.491695404052734,21.0
76,65,-4.655117988586426,1.7894169092178345,2.0
76,66,-40.97979736328125,11.140378952026367,59.0
76,67,-43.51714324951172,52.25334930419922,42.0
76,68,-30.83684539794922,30.763111114501953,115.0
76,69,-28.11191177368164,108.34477233886719,1623.0
76,70,-12.208038330078125,58.5186767578125,207.0
76,71,-11.948858261108398,7.326342582702637,40.0
76,72,-7.863092422485352,4.819250583648682,9.0
76,73,-10.537740707397461,3.224764823913574,12.0
76,74,-28.608610153198242,117.69560241699219,9087.0
76,75,-11.994733810424805,20.059110641479492,178.0
76,76,-6.626413345336914,2.577011823654175,14.0
76,77,-35.4703369140625,12.598724365234375,53.0
76,78,-9.422263145446777,23.12130355834961,10.0
76,79,-9.185770034790039,1.5829473733901978,14.0
76,80,-1.842393159866333,1.8480499982833862,2.0
76,81,-2.5489203929901123,1.891235113143921,2.0
76,82,-7.803348541259766,1.9160754680633545,20.0
76,83,-35.02556228637695,7.848537921905518,557.0
76,84,-15.282232284545898,12.769235610961914,47.0
76,85,-21.35669708251953,5.169742584228516,117.0
76,86,-18.915788650512695,10.638436317443848,12.0
76,87,-14.926292419433594,41.74472427368164,421.0
76,88,-11.693530082702637,10.367812156677246,18.0
76,89,-12.700347900390625,68.95468139648438,68.0
76,90,-13.293855667114258,84.03937530517578,46.0
76,91,-55.298309326171875,100.30268096923828,9697.0
76,92,-1.842042326927185,1.8478338718414307,2.0
76,93,-11.050739288330078,9.117064476013184,20.0
76,94,-6.548494815826416,1.924852728843689,2.0
76,95,-5.843520164489746,2.075993776321411,3.0
76,96,-2.745765447616577,2.4974122047424316,3.0
76,97,-16.12289810180664,2.081021785736084,6.0
78,0,-3.450826644897461,2.369565725326538,2.0
78,1,-10.261018753051758,2.541666269302368,7.0
78,2,-1.3608334064483643,1.4052402973175049,2.0
78,3,-0.9993768930435181,1.395322561264038,1.0
78,4,-4.643472194671631,3.1927034854888916,2.0
78,5,-5.440534591674805,2.175414562225342,8.0
78,6,-9.6815767288208,2.6330888271331787,9.0
78,7,-2.875934362411499,2.6081595420837402,1.0
78,8,-11.603147506713867,10.182082176208496,26.0
78,9,-5.763139724731445,1.7794671058654785,14.0
78,10,-3.9219770431518555,3.696275472640991,3.0
78,11,-3.841865062713623,2.1562552452087402,2.0
78,12,-14.563148498535156,8.00806999206543,151.0
78,13,-0.10210928320884705,1.0258558988571167,1.0
78,14,-9.831912994384766,2.4444258213043213,7.0
78,15,-6.874364852905273,3.9545741081237793,29.0
78,16,-0.009543884545564651,1.0047833919525146,1.0
78,17,-24.112953186035156,7.458935737609863,11162.0
78,18,-3.6717052459716797,2.504092216491699,2.0
78,19,-10.952108383178711,3.376706838607788,8.0
78,20,-1.2106385231018066,1.2739568948745728,1.0
78,21,-4.712830543518066,111.36695098876953,4.0
78,22,-7.556992530822754,4.5330657958984375,10.0
78,23,-7.8426666259765625,7.104061603546143,11.0
78,24,-15.855749130249023,52.66427230834961,106.0
78,25,-2.2712314128875732,3.1130897998809814,2.0
78,26,-14.202043533325195,3.636766195297241,48.0
78,27,-1.6216377019882202,1.7169438600540161,1.0
78,28,-7.308222770690918,4.313046932220459,25.0
78,29,-28.13060760498047,16.66083526611328,1622.0
78,30,-16.11113929748535,3151.2978515625,1826.0
78,31,-3.5752267837524414,2.0442793369293213,2.0
78,32,-4.999417781829834,12.178948402404785,18.0
78,33,-23.846412658691406,30.163429260253906,45.0
78,34,-20.55694580078125,29099.40234375,1711.0
78,35,-15.073049545288086,43.304752349853516,126.0
78,36,-19.90033531188965,20955.736328125,11081.0
78,37,-16.378984451293945,60.02409744262695,386.0
78,38,-20.678056716918945,13.2600679397583,255.0
78,39,-3.8023526668548584,3.5517871379852295,3.0
78,40,-10.994132995605469,1.8418769836425781,23.0
78,41,-4.342857360839844,2.961554527282715,13.0
78,42,-4.607710361480713,1.9313983917236328,4.0
78,43,-6.982409954071045,2.7114598751068115,13.0
78,44,-17.363906860351562,5.676817417144775,5.0
78,45,-4.485179424285889,1.8978846073150635,5.0
78,46,-0.314571350812912,1.1105519533157349,1.0
78,47,-0.1503540277481079,1.0383038520812988,1.0
78,48,-0.7964428663253784,1.2203171253204346,1.0
78,49,-6.451733589172363,2.9308395385742188,11.0
78,50,-8.672235488891602,8.741299629211426,25.0
78,51,-3.8564486503601074,1.9016870260238647,2.0
78,52,-19.666133880615234,26.514427185058594,13.0
78,53,-14.564226150512695,128.3475799560547,112.0
78,54,-26.089092254638672,2.7276124954223633,58.0
78,55,-8.084680557250977,2.7472078800201416,72.0
78,56,-4.5074262619018555,3.0859408378601074,2.0
78,57,-24.202709197998047,3189.341552734375,22780.0
78,58,-10.224797248840332,12.88674545288086,9.0
78,59,-4.228274345397949,2.329502820968628,2.0
78,60,-6.215087890625,3.4660568237304688,3.0
78,61,-3.6796152591705322,1.6915738582611084,4.0
78,62,-22.214149475097656,258.14910888671875,14965.0
78,63,-20.379722595214844,891.7992553710938,14609.0
78,64,-11.571029663085938,18.042993545532227,24.0
78,65,-4.631451606750488,1.7841310501098633,2.0
78,66,-40.97349166870117,11.136247634887695,59.0
78,67,-43.69175338745117,53.08940887451172,42.0
78,68,-30.85843276977539,30.836984634399414,116.0
78,69,-28.047237396240234,107.18321228027344,1539.0
78,70,-12.035531997680664,55.24866485595703,193.0
78,71,-11.94894790649414,7.326451301574707,40.0
78,72,-7.921735763549805,4.8761067390441895,9.0
78,73,-10.556236267089844,3.231398582458496,12.0
78,74,-28.57677459716797,117.07279968261719,9152.0
78,75,-12.06208610534668,20.39972686767578,182.0
78,76,-6.60148811340332,2.567852020263672,14.0
78,77,-35.4075927734375,12.54238510131836,52.0
78,78,-9.409772872924805,23.025239944458008,10.0
78,79,-9.104005813598633,1.5764890909194946,14.0
78,80,-1.8138242959976196,1.8305346965789795,2.0
78,81,-2.468183755874634,1.8534448146820068,2.0
78,82,-7.886715888977051,1.9294332265853882,20.0
78,83,-35.10741424560547,7.886416912078857,554.0
78,84,-15.244871139526367,12.68996810913086,48.0
78,85,-21.297286987304688,5.146170139312744,117.0
78,86,-18.929584503173828,10.656798362731934,12.0
78,87,-14.928991317749023,41.77289962768555,420.0
78,88,-11.722848892211914,10.428783416748047,18.0
78,89,-12.680253028869629,68.49432373046875,68.0
78,90,-13.276812553405762,83.56329345703125,47.0
78,91,-55.15683364868164,99.1270751953125,9390.0
78,92,-1.8038558959960938,1.8244621753692627,2.0
78,93,-11.102928161621094,9.212723731994629,21.0
78,94,-6.6396379470825195,1.9424766302108765,2.0
78,95,-5.82288932800293,2.0706470012664795,3.0
78,96,-2.7789671421051025,2.525205612182617,3.0
78,97,-15.79140853881836,2.049900770187378,5.0
80,0,-3.45268177986145,2.3706648349761963,2.0
80,1,-10.315693855285645,2.554331064224243,7.0
80,2,-1.3530499935150146,1.4025086164474487,2.0
80,3,-1.0141019821166992,1.4021881818771362,1.0
80,4,-4.677474021911621,3.219958543777466,2.0
80,5,-5.483066082000732,2.1886725425720215,8.0
80,6,-9.540043830871582,2.5960845947265625,9.0
80,7,-2.8223938941955566,2.5620250701904297,1.0
80,8,-11.668267250061035,10.315560340881348,28.0
80,9,-5.785275459289551,1.7834105491638184,14.0
80,10,-3.9209234714508057,3.6949777603149414,3.0
80,11,-3.857473850250244,2.162997007369995,2.0
80,12,-14.619071006774902,8.07230281829834,155.0
80,13,-0.1075422465801239,1.0272501707077026,1.0
80,14,-9.865837097167969,2.4519760608673096,7.0
80,15,-6.862273693084717,3.9450228214263916,29.0
80,16,-0.010461867786943913,1.0052446126937866,1.0
80,17,-24.18413734436035,7.503314971923828,11645.0
80,18,-3.6199913024902344,2.47192645072937,2.0
80,19,-10.920414924621582,3.3648364543914795,8.0
80,20,-1.2058513164520264,1.272737741470337,1.0
80,21,-4.790009021759033,120.30245208740234,4.0
80,22,-7.611749649047852,4.582982540130615,10.0
80,23,-7.818181037902832,7.0607075691223145,11.0
80,24,-15.782783508300781,51.712310791015625,103.0
80,25,-2.2850711345672607,3.134706497192383,2.0
80,26,-13.901033401489258,3.5385966300964355,44.0
80,27,-1.6587412357330322,1.738310694694519,1.0
80,28,-7.318042755126953,4.321525573730469,25.0
80,29,-28.271026611328125,16.896434783935547,1666.0
80,30,-16.060962677001953,3073.220703125,1844.0
80,31,-3.582576274871826,2.0472865104675293,2.0
80,32,-5.032500267028809,12.382078170776367,18.0
80,33,-23.896482467651367,30.379962921142578,46.0
80,34,-20.48236083984375,28034.19921875,1646.0
80,35,-15.122732162475586,43.84598159790039,126.0
80,36,-19.867998123168945,20619.634765625,11043.0
80,37,-16.366804122924805,59.84159851074219,382.0
80,38,-20.569082260131836,13.080665588378906,259.0
80,39,-3.802766799926758,3.5522775650024414,3.0
80,40,-11.07870864868164,1.850551724433899,23.0
80,41,-4.340047359466553,2.959474802017212,13.0
80,42,-4.5601725578308105,1.9183266162872314,4.0
80,43,-7.025665283203125,2.728266716003418,13.0
80,44,-17.400094985961914,5.6973981857299805,5.0
80,45,-4.416988849639893,1.8794862031936646,5.0
80,46,-0.3189524710178375,1.1121748685836792,1.0
80,47,-0.14923688769340515,1.0380139350891113,1.0
80,48,-0.7968029975891113,1.2204270362854004,1.0
80,49,-6.490457057952881,2.9498164653778076,11.0
80,50,-8.737764358520508,8.885680198669434,25.0
80,51,-3.8727879524230957,1.9068728685379028,2.0
80,52,-19.55917739868164,26.04596710205078,13.0
80,53,-14.626562118530273,131.04237365722656,115.0
80,54,-26.098785400390625,2.7286293506622314,58.0
80,55,-7.9919304847717285,2.715541362762451,67.0
80,56,-4.436502456665039,3.0317063331604004,2.0
80,57,-24.31519317626953,3311.195068359375,23437.0
80,58,-10.306604385375977,13.153017044067383,10.0
80,59,-4.207277297973633,2.3197407722473145,2.0
80,60,-6.239305019378662,3.4828851222991943,3.0
80,61,-3.696871757507324,1.695749044418335,4.0
80,62,-22.1201229095459,252.1516571044922,14585.0
80,63,-20.386463165283203,893.8052978515625,14621.0
80,64,-11.427621841430664,17.407575607299805,22.0
80,65,-4.647931098937988,1.78780996799469,2.0
80,66,-40.91333770751953,11.09691333770752,59.0
80,67,-43.362083435058594,51.52193069458008,41.0
80,68,-30.80803108215332,30.664772033691406,118.0
80,69,-28.05870819091797,107.3883056640625,1622.0
80,70,-12.176380157470703,57.90441131591797,203.0
80,71,-12.001502990722656,7.390908241271973,41.0
80,72,-7.887928485870361,4.84324836730957,9.0
80,73,-10.60947322845459,3.250570058822632,12.0
80,74,-28.610919952392578,117.74090576171875,8523.0
80,75,-12.069038391113281,20.43521499633789,186.0
80,76,-6.656139373779297,2.5879786014556885,14.0
80,77,-35.457027435302734,12.586750984191895,53.0
80,78,-9.446343421936035,23.30763816833496,10.0
80,79,-9.02411937713623,1.5702046155929565,14.0
80,80,-1.821004867553711,1.8349212408065796,2.0
80,81,-2.5315568447113037,1.8830431699752808,2.0
80,82,-7.837018013000488,1.9214590787887573,20.0
80,83,-35.12346649169922,7.893868446350098,572.0
80,84,-15.253631591796875,12.708510398864746,48.0
80,85,-21.24889373779297,5.127048969268799,115.0
80,86,-18.964771270751953,10.703774452209473,12.0
80,87,-14.883844375610352,41.304073333740234,433.0
80,88,-11.708297729492188,10.398478507995605,18.0
80,89,-12.594825744628906,66.57140350341797,67.0
80,90,-13.316182136535645,84.66712188720703,47.0
80,91,-55.30134582519531,100.32807922363281,9609.0
80,92,-1.7385904788970947,1.7851996421813965,2.0
80,93,-11.096548080444336,9.200976371765137,21.0
80,94,-6.674941062927246,1.9493463039398193,2.0
80,95,-5.85489559173584,2.0789480209350586,3.0
80,96,-2.841125965118408,2.5780723094940186,3.0
80,97,-16.07597541809082,2.0765879154205322,6.0
82,0,-3.4466450214385986,2.3670897483825684,2.0
82,1,-10.230055809020996,2.53452205657959,8.0
82,2,-1.3373223543167114,1.3970048427581787,2.0
82,3,-1.0080790519714355,1.3993759155273438,1.0
82,4,-4.648148536682129,3.1964383125305176,2.0
82,5,-5.4571614265441895,2.1805877685546875,8.0
82,6,-9.520257949829102,2.5909531116485596,9.0
82,7,-2.884855270385742,2.615926742553711,2.0
82,8,-11.671934127807617,10.323127746582031,27.0
82,9,-5.757082939147949,1.7783896923065186,14.0
82,10,-3.9163856506347656,3.689392566680908,3.0
82,11,-3.8496322631835938,2.159607410430908,2.0
82,12,-14.606525421142578,8.057848930358887,153.0
82,13,-0.10816632211208344,1.0274105072021484,1.0
82,14,-9.797173500061035,2.436718225479126,6.0
82,15,-6.7973809242248535,3.894153118133545,28.0
82,16,-0.010133189149200916,1.0050793886184692,1.0
82,17,-24.023883819580078,7.403777122497559,11023.0
82,18,-3.7215516567230225,2.5354926586151123,2.0
82,19,-10.966466903686523,3.382098436355591,8.0
82,20,-1.1894291639328003,1.2685643434524536,1.0
82,21,-4.786591053009033,119.89196014404297,4.0
82,22,-7.593207836151123,4.566018581390381,10.0
82,23,-7.8494954109191895,7.116199970245361,11.0
82,24,-15.767693519592285,51.51759338378906,103.0
82,25,-2.2702488899230957,3.111560821533203,2.0
82,26,-13.945843696594238,3.553041458129883,44.0
82,27,-1.616240382194519,1.7138577699661255,1.0
82,28,-7.300670146942139,4.306536674499512,25.0
82,29,-28.24823760986328,16.85797691345215,1635.0
82,30,-16.222164154052734,3331.180908203125,1774.0
82,31,-3.560462474822998,2.0382518768310547,2.0
82,32,-4.9567742347717285,11.922019958496094,17.0
82,33,-23.774005889892578,29.85303497314453,45.0
82,34,-20.485380172729492,28076.552734375,1655.0
82,35,-15.113937377929688,43.74968338012695,127.0
82,36,-19.912975311279297,21088.595703125,11083.0
82,37,-16.417373657226562,60.602935791015625,396.0
82,38,-20.567672729492188,13.078361511230469,253.0
82,39,-3.8109591007232666,3.5619912147521973,3.0
82,40,-11.078022003173828,1.8504810333251953,23.0
82,41,-4.343321800231934,2.9618983268737793,13.0
82,42,-4.607956409454346,1.9314664602279663,4.0
82,43,-6.895040512084961,2.6778273582458496,13.0
82,44,-17.349206924438477,5.668478488922119,5.0
82,45,-4.4365034103393555,1.8847330808639526,5.0
82,46,-0.3152104914188385,1.1107885837554932,1.0
82,47,-0.1550270915031433,1.0395176410675049,1.0
82,48,-0.7942725419998169,1.219655156135559,1.0
82,49,-6.419631004333496,2.9152002334594727,11.0
82,50,-8.668540954589844,8.733229637145996,25.0
82,51,-3.8535640239715576,1.900773048400879,2.0
82,52,-19.546567916870117,25.991283416748047,13.0
82,53,-14.570067405700684,128.5977020263672,114.0
82,54,-25.94021224975586,2.712038040161133,58.0
82,55,-7.979071140289307,2.711179733276367,67.0
82,56,-4.471095085144043,3.0580387115478516,2.0
82,57,-24.174785614013672,3159.793212890625,22732.0
82,58,-10.311408996582031,13.168824195861816,10.0
82,59,-4.171832084655762,2.303354263305664,2.0
82,60,-6.198387145996094,3.4544990062713623,3.0
82,61,-3.73565411567688,1.7051700353622437,4.0
82,62,-22.16669464111328,255.10459899902344,14763.0
82,63,-20.38790512084961,894.2349853515625,14687.0
82,64,-11.504157066345215,17.743854522705078,24.0
82,65,-4.666179656982422,1.791892647743225,2.0
82,66,-40.92378234863281,11.10373306274414,58.0
82,67,-43.33946228027344,51.41609191894531,40.0
82,68,-30.881210327148438,30.91512680053711,119.0
82,69,-28.100170135498047,108.1329574584961,1555.0
82,70,-12.261844635009766,59.577720642089844,207.0
82,71,-11.968435287475586,7.35028600692749,40.0
82,72,-7.867680549621582,4.823675155639648,9.0
82,73,-10.551959991455078,3.2298638820648193,12.0
82,74,-28.710525512695312,119.71184539794922,9090.0
82,75,-12.030183792114258,20.237674713134766,183.0
82,76,-6.580665588378906,2.560224771499634,14.0
82,77,-35.37297439575195,12.5114107131958,53.0
82,78,-9.462672233581543,23.43484878540039,11.0
82,79,-8.932122230529785,1.5629984140396118,14.0
82,80,-1.895120620727539,1.880818247795105,2.0
82,81,-2.503269672393799,1.8697736263275146,2.0
82,82,-7.826820373535156,1.9198269844055176,20.0
82,83,-35.196624755859375,7.92791223526001,577.0
82,84,-15.233170509338379,12.665246963500977,47.0
82,85,-21.215763092041016,5.113999366760254,114.0
82,86,-19.017101287841797,10.774020195007324,12.0
82,87,-14.923070907592773,41.71112060546875,423.0
82,88,-11.670047760009766,10.319235801696777,18.0
82,89,-12.643735885620117,67.6656494140625,67.0
82,90,-13.232372283935547,82.33455657958984,46.0
82,91,-55.211936950683594,99.58331298828125,9598.0
82,92,-1.83645761013031,1.8443971872329712,2.0
82,93,-10.984548568725586,8.997166633605957,20.0
82,94,-6.607611179351807,1.9362655878067017,2.0
82,95,-5.8008856773376465,2.064959764480591,3.0
82,96,-2.8479275703430176,2.5839240550994873,3.0
82,97,-15.944743156433105,2.0642378330230713,6.0
84,0,-3.4512779712677,2.369832992553711,2.0
84,1,-10.308945655822754,2.552764654159546,7.0
84,2,-1.3666776418685913,1.4072949886322021,2.0
84,3,-1.06768798828125,1.4274591207504272,1.0
84,4,-4.708325386047363,3.244889736175537,2.0
84,5,-5.407379150390625,2.165135145187378,8.0
84,6,-9.750139236450195,2.6512041091918945,9.0
84,7,-2.896897792816162,2.626448631286621,2.0
84,8,-11.691280364990234,10.36314868927002,28.0
84,9,-5.7571916580200195,1.7784091234207153,14.0
84,10,-3.8960375785827637,3.6644532680511475,3.0
84,11,-3.8642284870147705,2.1659209728240967,2.0
84,12,-14.555574417114258,7.999410629272461,149.0
84,13,-0.11001279950141907,1.0278849601745605,1.0
84,14,-9.904622077941895,2.460636854171753,7.0
84,15,-6.8688740730285645,3.9502336978912354,29.0
84,16,-0.011101527139544487,1.0055662393569946,1.0
84,17,-24.24536895751953,7.541699409484863,11561.0
84,18,-3.693476676940918,2.517758846282959,2.0
84,19,-10.907876968383789,3.360152244567871,8.0
84,20,-1.200524926185608,1.2713825702667236,1.0
84,21,-4.754042625427246,116.05249786376953,4.0
84,22,-7.572600841522217,4.547238349914551,9.0
84,23,-7.842370986938477,7.103537082672119,11.0
84,24,-15.724586486816406,50.96538162231445,101.0
84,25,-2.277564525604248,3.1229629516601562,2.0
84,26,-14.099441528320312,3.6030020713806152,46.0
84,27,-1.630982518196106,1.7223002910614014,1.0
84,28,-7.325388431549072,4.327879428863525,25.0
84,29,-28.25628662109375,16.871549606323242,1648.0
84,30,-16.137603759765625,3193.273681640625,1771.0
84,31,-3.6134092807769775,2.059950351715088,2.0
84,32,-4.977063179016113,12.0435791015625,17.0
84,33,-23.987689971923828,30.778390884399414,48.0
84,34,-20.483800888061523,28054.392578125,1642.0
84,35,-15.109489440917969,43.7010612487793,126.0
84,36,-19.99281120300293,21947.435546875,11581.0
84,37,-16.392980575561523,60.234493255615234,397.0
84,38,-20.67848014831543,13.260769844055176,246.0
84,39,-3.7694530487060547,3.513049364089966,3.0
84,40,-10.96387004852295,1.8387829065322876,22.0
84,41,-4.374446392059326,2.9850351810455322,13.0
84,42,-4.546339988708496,1.9145395755767822,4.0
84,43,-6.970150470733643,2.7067151069641113,13.0
84,44,-17.349231719970703,5.668491840362549,5.0
84,45,-4.45598840713501,1.8899867534637451,5.0
84,46,-0.31627005338668823,1.1111809015274048,1.0
84,47,-0.14111971855163574,1.0359095335006714,1.0
84,48,-0.8089598417282104,1.2241417169570923,1.0
84,49,-6.444903373718262,2.9275050163269043,11.0
84,50,-8.676674842834473,8.751006126403809,25.0
84,51,-3.879051685333252,1.9088646173477173,2.0
84,52,-19.905561447143555,27.593868255615234,13.0
84,53,-14.552160263061523,127.83238983154297,115.0
84,54,-26.07513427734375,2.7261483669281006,58.0
84,55,-7.975871562957764,2.7100956439971924,68.0
84,56,-4.493476867675781,3.075197696685791,2.0
84,57,-24.298866271972656,3293.222412109375,23337.0
84,58,-10.244331359863281,12.949832916259766,10.0
84,59,-4.2127251625061035,2.3222696781158447,2.0
84,60,-6.192055702209473,3.450127363204956,3.0
84,61,-3.838604688644409,1.730433702468872,4.0
84,62,-22.203319549560547,257.4511413574219,15012.0
84,63,-20.392257690429688,895.5330200195312,14541.0
84,64,-11.619438171386719,18.262678146362305,24.0
84,65,-4.675510406494141,1.7939839363098145,2.0
84,66,-41.039493560791016,11.179567337036133,59.0
84,67,-43.561378479003906,52.46389389038086,40.0
84,68,-30.757061004638672,30.49159812927246,117.0
84,69,-28.093244552612305,108.00824737548828,1563.0
84,70,-12.144360542297363,57.28965377807617,201.0
84,71,-11.973074913024902,7.355971813201904,40.0
84,72,-7.863315105438232,4.819465637207031,9.0
84,73,-10.600915908813477,3.247480869293213,12.0
84,74,-28.499309539794922,115.57100677490234,8528.0
84,75,-12.00141429901123,20.092639923095703,180.0
84,76,-6.629120349884033,2.5780084133148193,14.0
84,77,-35.46533966064453,12.594228744506836,54.0
84,78,-9.432538986206055,23.200634002685547,11.0
84,79,-9.06558609008789,1.5734636783599854,14.0
84,80,-1.856637716293335,1.856845736503601,2.0
84,81,-2.521909475326538,1.878507137298584,2.0
84,82,-7.915022850036621,1.9339900016784668,20.0
84,83,-35.14713668823242,7.904867649078369,575.0
84,84,-15.197591781616211,12.590368270874023,44.0
84,85,-21.244482040405273,5.125309467315674,117.0
84,86,-18.945117950439453,10.677511215209961,12.0
84,87,-14.931083679199219,41.79475784301758,423.0
84,88,-11.698114395141602,10.377323150634766,18.0
84,89,-12.65607738494873,67.944580078125,68.0
84,90,-13.302967071533203,84.29499053955078,47.0
84,91,-55.303871154785156,100.34918212890625,9682.0
84,92,-1.7723335027694702,1.8053921461105347,2.0
84,93,-11.083717346191406,9.177395820617676,22.0
84,94,-6.713167190551758,1.9568121433258057,2.0
84,95,-5.853067398071289,2.078472852706909,3.0
84,96,-2.7246532440185547,2.479898691177368,3.0
84,97,-16.048442840576172,2.073990821838379,6.0
86,0,-3.4825844764709473,2.388453483581543,2.0
86,1,-10.375956535339355,2.5683631896972656,7.0
86,2,-1.3324520587921143,1.3953049182891846,2.0
86,3,-1.0415339469909668,1.415068507194519,1.0
86,4,-4.685029029846191,3.226046085357666,2.0
86,5,-5.430136680603027,2.1721856594085693,8.0
86,6,-9.63851261138916,2.621774196624756,9.0
86,7,-2.8952229022979736,2.6249825954437256,2.0
86,8,-11.734803199768066,10.453747749328613,27.0
86,9,-5.758403301239014,1.7786246538162231,14.0
86,10,-3.912097692489624,3.6841232776641846,3.0
86,11,-3.8808202743530273,2.1731204986572266,2.0
86,12,-14.678438186645508,8.1410551071167,155.0
86,13,-0.10111270844936371,1.0256003141403198,1.0
86,14,-9.88564682006836,2.4563958644866943,7.0
86,15,-6.851683616638184,3.936676263809204,29.0
86,16,-0.010737791657447815,1.0053833723068237,1.0
86,17,-24.309642791748047,7.5822014808654785,11447.0
86,18,-3.755352020263672,2.5570085048675537,2.0
86,19,-10.964570045471191,3.381385564804077,8.0
86,20,-1.220454454421997,1.2764602899551392,1.0
86,21,-4.746727466583252,115.20664978027344,4.0
86,22,-7.5654096603393555,4.540703296661377,9.0
86,23,-7.804666996002197,7.036892890930176,11.0
86,24,-15.732606887817383,51.06767654418945,102.0
86,25,-2.2983078956604004,3.155522108078003,2.0
86,26,-14.035529136657715,3.5821285247802734,44.0
86,27,-1.6848647594451904,1.7535136938095093,1.0
86,28,-7.290147304534912,4.297482967376709,25.0
86,29,-28.126440048217773,16.653894424438477,1771.0
86,30,-16.20403289794922,3301.117919921875,1851.0
86,31,-3.66467022895813,2.0811779499053955,2.0
86,32,-5.012479305267334,12.258746147155762,19.0
86,33,-24.191192626953125,31.686307907104492,47.0
86,34,-20.50135040283203,28301.64453125,1664.0
86,35,-14.958024978637695,42.07720947265625,124.0
86,36,-19.838680267333984,20319.578125,10854.0
86,37,-16.142601013183594,56.5797004699707,381.0
86,38,-20.482582092285156,12.939993858337402,245.0
86,39,-3.75748610496521,3.499063491821289,3.0
86,40,-11.00202465057373,1.8426847457885742,23.0
86,41,-4.3665056228637695,2.9791152477264404,13.0
86,42,-4.501979351043701,1.9024449586868286,4.0
86,43,-6.887185573577881,2.6748242378234863,13.0
86,44,-17.41373062133789,5.705172061920166,5.0
86,45,-4.4224138259887695,1.8809434175491333,5.0
86,46,-0.3028511106967926,1.1062216758728027,1.0
86,47,-0.1509028673171997,1.0384464263916016,1.0
86,48,-0.7965919971466064,1.2203625440597534,1.0
86,49,-6.413111686706543,2.912034511566162,11.0
86,50,-8.739814758300781,8.890236854553223,25.0
86,51,-3.882169723510742,1.9098567962646484,2.0
86,52,-19.245473861694336,24.719165802001953,12.0
86,53,-14.576623916625977,128.8791046142578,113.0
86,54,-26.026647567749023,2.7210693359375,59.0
86,55,-7.95098876953125,2.7016794681549072,70.0
86,56,-4.436825752258301,3.0319511890411377,2.0
86,57,-24.301204681396484,3295.79248046875,23503.0
86,58,-10.450950622558594,13.636331558227539,11.0
86,59,-4.1435627937316895,2.2903683185577393,2.0
86,60,-5.962496757507324,3.295307159423828,2.0
86,61,-3.802994966506958,1.7216532230377197,4.0
86,62,-22.00090789794922,244.7474822998047,14529.0
86,63,-20.440353393554688,910.0060424804688,14836.0
86,64,-11.576138496398926,18.06605339050293,24.0
86,65,-4.641490936279297,1.7863713502883911,2.0
86,66,-40.91767883300781,11.099747657775879,58.0
86,67,-43.3635139465332,51.52863693237305,41.0
86,68,-30.998157501220703,31.319459915161133,115.0
86,69,-28.135154724121094,108.76529693603516,1790.0
86,70,-12.249650001525879,59.33602523803711,210.0
86,71,-11.972780227661133,7.355610370635986,40.0
86,72,-7.907627105712891,4.862367630004883,9.0
86,73,-10.498147964477539,3.2106096744537354,12.0
86,74,-28.268524169921875,111.21002960205078,8845.0
86,75,-12.105938911437988,20.624605178833008,191.0
86,76,-6.602612018585205,2.5682642459869385,14.0
86,77,-35.39439010620117,12.530564308166504,54.0
86,78,-9.472066879272461,23.50834846496582,11.0
86,79,-9.018294334411621,1.5697473287582397,14.0
86,80,-1.8293575048446655,1.8400373458862305,2.0
86,81,-2.47076678276062,1.8546420335769653,2.0
86,82,-7.835692405700684,1.921246886253357,20.0
86,83,-35.15019989013672,7.906291961669922,586.0
86,84,-15.181559562683105,12.556769371032715,44.0
86,85,-21.23500633239746,5.121575355529785,115.0
86,86,-18.690462112426758,10.342977523803711,12.0
86,87,-14.956960678100586,42.066017150878906,409.0
86,88,-11.712628364562988,10.407489776611328,18.0
86,89,-12.719844818115234,69.40426635742188,68.0
86,90,-13.46034049987793,88.83495330810547,49.0
86,91,-54.96825408935547,97.58150482177734,9285.0
86,92,-1.7364435195922852,1.7839223146438599,2.0
86,93,-10.934457778930664,8.90748119354248,19.0
86,94,-6.497236728668213,1.9150115251541138,2.0
86,95,-5.7903547286987305,2.0622432231903076,3.0
86,96,-2.7217965126037598,2.477538585662842,3.0
86,97,-16.069290161132812,2.0759570598602295,6.0
88,0,-3.4880716800689697,2.3917324542999268,2.0
88,1,-10.392455101013184,2.572218179702759,8.0
88,2,-1.360664963722229,1.4051812887191772,2.0
88,3,-1.017356038093567,1.4037100076675415,1.0
88,4,-4.693160057067871,3.2326104640960693,2.0
88,5,-5.461332321166992,2.181887626647949,8.0
88,6,-9.68609619140625,2.634279251098633,9.0
88,7,-2.8590338230133057,2.593507766723633,1.0
88,8,-11.550454139709473,10.075338363647461,26.0
88,9,-5.7625732421875,1.779366374015808,14.0
88,10,-3.9180314540863037,3.6914172172546387,3.0
88,11,-3.870732069015503,2.1687402725219727,2.0
88,12,-14.564332008361816,8.009424209594727,151.0
88,13,-0.10272154957056046,1.0260130167007446,1.0
88,14,-9.890911102294922,2.4575717449188232,7.0
88,15,-6.840707302093506,3.9280431270599365,29.0
88,16,-0.010101783089339733,1.0050636529922485,1.0
88,17,-24.09242820739746,7.4461894035339355,11393.0
88,18,-3.6751232147216797,2.506232976913452,2.0
88,19,-10.869678497314453,3.345921277999878,8.0
88,20,-1.1947063207626343,1.2699038982391357,1.0
88,21,-4.796751976013184,121.11639404296875,4.0
88,22,-7.574619770050049,4.549075126647949,10.0
88,23,-7.862333297729492,7.139076232910156,11.0
88,24,-15.848875045776367,52.57384490966797,105.0
88,25,-2.301409959793091,3.1604201793670654,2.0
88,26,-14.010828971862793,3.574093818664551,43.0
88,27,-1.6605304479599,1.7393476963043213,1.0
88,28,-7.326236248016357,4.328613758087158,25.0
88,29,-28.260025024414062,16.877859115600586,1632.0
88,30,-16.070560455322266,3088.004150390625,1820.0
88,31,-3.5889804363250732,2.049910545349121,2.0
88,32,-4.991657733917236,12.13178539276123,18.0
88,33,-23.93014907836914,30.526424407958984,48.0
88,34,-20.44086265563965,27458.5078125,1626.0
88,35,-15.130269050598145,43.928672790527344,126.0
88,36,-19.83374786376953,20269.529296875,11009.0
88,37,-16.356979370117188,59.694793701171875,390.0
88,38,-20.669902801513672,13.246559143066406,245.0
88,39,-3.740415573120117,3.4792096614837646,3.0
88,40,-10.9957857131958,1.8420461416244507,23.0
88,41,-4.371768951416016,2.9830379486083984,13.0
88,42,-4.552571773529053,1.9162447452545166,4.0
88,43,-6.887328147888184,2.6748785972595215,13.0
88,44,-17.386367797851562,5.689581871032715,5.0
88,45,-4.475701332092285,1.895316481590271,5.0
88,46,-0.3188212811946869,1.1121262311935425,1.0
88,47,-0.15263992547988892,1.0388973951339722,1.0
88,48,-0.7712910175323486,1.2126678228378296,1.0
88,49,-6.505617141723633,2.9572789669036865,11.0
88,50,-8.666412353515625,8.728583335876465,24.0
88,51,-3.8727364540100098,1.9068564176559448,2.0
88,52,-19.542654037475586,25.974336624145508,13.0
88,53,-14.554459571838379,127.9304428100586,111.0
88,54,-26.06402587890625,2.7249839305877686,58.0
88,55,-8.049001693725586,2.734982967376709,69.0
88,56,-4.472808837890625,3.059349298477173,2.0
88,57,-24.29762840270996,3291.86572265625,23313.0
88,58,-10.276119232177734,13.053154945373535,10.0
88,59,-4.206437110900879,2.3193511962890625,2.0
88,60,-6.221439361572266,3.4704625606536865,3.0
88,61,-3.659498691558838,1.686719536781311,4.0
88,62,-22.212854385375977,258.0655517578125,15014.0
88,63,-20.41231346130371,901.5399169921875,14518.0
88,64,-11.578012466430664,18.07451820373535,24.0
88,65,-4.660457611083984,1.7906115055084229,2.0
88,66,-40.86219787597656,11.063580513000488,59.0
88,67,-43.492427825927734,52.136077880859375,41.0
88,68,-30.63688850402832,30.087167739868164,118.0
88,69,-28.03961944580078,107.04718780517578,1552.0
88,70,-12.207352638244629,58.505313873291016,208.0
88,71,-11.919801712036133,7.290948867797852,40.0
88,72,-7.832071304321289,4.789443492889404,9.0
88,73,-10.543989181518555,3.2270045280456543,12.0
88,74,-28.401473999023438,113.70179748535156,8424.0
88,75,-12.039679527282715,20.285776138305664,186.0
88,76,-6.657236099243164,2.588383913040161,14.0
88,77,-35.37849044799805,12.516340255737305,51.0
88,78,-9.496652603149414,23.701797485351562,11.0
88,79,-9.118230819702148,1.5776108503341675,14.0
88,80,-1.8405334949493408,1.8469047546386719,2.0
88,81,-2.5102226734161377,1.8730266094207764,2.0
88,82,-7.832097053527832,1.9206712245941162,20.0
88,83,-35.17890548706055,7.919652938842773,571.0
88,84,-15.220697402954102,12.638946533203125,45.0
88,85,-21.4057674407959,5.189292907714844,116.0
88,86,-18.926136016845703,10.652206420898438,12.0
88,87,-14.910273551940918,41.577880859375,430.0
88,88,-11.715702056884766,10.413887977600098,18.0
88,89,-12.604872703552246,66.79474639892578,67.0
88,90,-13.306002616882324,84.38031768798828,47.0
88,91,-55.1530876159668,99.0961685180664,9683.0
88,92,-1.852142572402954,1.8540655374526978,2.0
88,93,-10.984153747558594,8.99645709991455,20.0
88,94,-6.654283046722412,1.9453234672546387,2.0
88,95,-5.870398998260498,2.0829806327819824,3.0
88,96,-2.778965711593628,2.5252041816711426,3.0
88,97,-15.984119415283203,2.0679357051849365,6.0
90,0,-3.5040109157562256,2.4012820720672607,2.0
90,1,-10.350046157836914,2.5623204708099365,8.0
90,2,-1.4180340766906738,1.4254798889160156,2.0
90,3,-1.001134991645813,1.396140456199646,1.0
90,4,-4.687819957733154,3.228297710418701,2.0
90,5,-5.416311264038086,2.1678996086120605,8.0
90,6,-9.61521053314209,2.6156721115112305,9.0
90,7,-2.8920793533325195,2.6222336292266846,2.0
90,8,-11.598947525024414,10.173531532287598,28.0
90,9,-5.74786376953125,1.776750922203064,14.0
90,10,-3.886272430419922,3.6525447368621826,3.0
90,11,-3.8536624908447266,2.161348819732666,2.0
90,12,-14.630104064941406,8.085036277770996,156.0
90,13,-0.10821723937988281,1.027423620223999,1.0
90,14,-9.848600387573242,2.448137044906616,7.0
90,15,-6.829975128173828,3.919621229171753,29.0
90,16,-0.009575680829584599,1.0047993659973145,1.0
90,17,-24.205039978027344,7.516395568847656,11475.0
90,18,-3.735358476638794,2.544259548187256,2.0
90,19,-10.92566967010498,3.3668019771575928,8.0
90,20,-1.1811336278915405,1.2664613723754883,1.0
90,21,-4.725270748138428,112.76103210449219,4.0
90,22,-7.637428283691406,4.606579780578613,10.0
90,23,-7.861843585968018,7.13820219039917,11.0
90,24,-15.758604049682617,51.40066146850586,107.0
90,25,-2.291046380996704,3.1440858840942383,2.0
90,26,-14.08847713470459,3.599412441253662,43.0
90,27,-1.607996940612793,1.709154725074768,1.0
90,28,-7.337161064147949,4.3380818367004395,25.0
90,29,-28.30381965637207,16.951932907104492,1661.0
90,30,-15.98281192779541,2955.44921875,1827.0
90,31,-3.6135685443878174,2.060015916824341,2.0
90,32,-5.046988487243652,12.472101211547852,18.0
90,33,-23.995887756347656,30.814456939697266,45.0
90,34,-20.52359962463379,28618.248046875,1658.0
90,35,-15.114959716796875,43.7608642578125,126.0
90,36,-19.950164794921875,21484.400390625,11021.0
90,37,-16.496885299682617,61.81965255737305,392.0
90,38,-20.410667419433594,12.824193000793457,250.0
90,39,-3.8029696941375732,3.5525176525115967,3.0
90,40,-11.041146278381348,1.846693992614746,23.0
90,41,-4.355344295501709,2.9708142280578613,13.0
90,42,-4.600437641143799,1.92939293384552,4.0
90,43,-6.924216270446777,2.689012050628662,13.0
90,44,-17.45102310180664,5.726487159729004,5.0
90,45,-4.397119522094727,1.8741587400436401,5.0
90,46,-0.3152726888656616,1.1108115911483765,1.0
90,47,-0.14967532455921173,1.0381277799606323,1.0
90,48,-0.8099977970123291,1.2244594097137451,1.0
90,49,-6.520129203796387,2.964439868927002,11.0
90,50,-8.69604206085205,8.793479919433594,26.0
90,51,-3.84202241897583,1.8971202373504639,2.0
90,52,-19.540817260742188,25.966384887695312,12.0
90,53,-14.550745010375977,127.77212524414062,114.0
90,54,-26.058656692504883,2.724421262741089,57.0
90,55,-7.993876934051514,2.7162020206451416,68.0
90,56,-4.493768215179443,3.0754218101501465,2.0
90,57,-24.161739349365234,3146.08203125,22743.0
90,58,-10.3392333984375,13.260747909545898,10.0
90,59,-4.220818042755127,2.326031446456909,2.0
90,60,-6.241296291351318,3.4842724800109863,3.0
90,61,-3.676558017730713,1.6908351182937622,4.0
90,62,-22.12699317932129,252.5851287841797,14647.0
90,63,-20.367536544799805,888.1838989257812,14591.0
90,64,-11.590633392333984,18.131637573242188,25.0
90,65,-4.62797737121582,1.7833564281463623,2.0
90,66,-40.93247604370117,11.109413146972656,59.0
90,67,-43.35956573486328,51.51013946533203,42.0
90,68,-30.83233070373535,30.747682571411133,116.0
90,69,-27.983875274658203,106.05725860595703,1531.0
90,70,-12.084765434265137,56.16282272338867,198.0
90,71,-11.913793563842773,7.283651351928711,40.0
90,72,-7.844028472900391,4.800910949707031,9.0
90,73,-10.608352661132812,3.2501652240753174,12.0
90,74,-28.566513061523438,116.87272644042969,8743.0
90,75,-12.051704406738281,20.34684944152832,184.0
90,76,-6.644215106964111,2.583573818206787,14.0
90,77,-35.43309020996094,12.5652494430542,54.0
90,78,-9.51931381225586,23.88150978088379,11.0
90,79,-9.015403747558594,1.5695204734802246,14.0
90,80,-1.83327054977417,1.842438817024231,2.0
90,81,-2.5216357707977295,1.8783786296844482,2.0
90,82,-7.897208213806152,1.9311211109161377,20.0
90,83,-35.07693862915039,7.8722920417785645,535.0
90,84,-15.240840911865234,12.681448936462402,47.0
90,85,-21.351829528808594,5.167807102203369,119.0
90,86,-18.918886184692383,10.642557144165039,12.0
90,87,-14.981138229370117,42.321048736572266,426.0
90,88,-11.67906379699707,10.337860107421875,18.0
90,89,-12.667623519897461,68.20660400390625,66.0
90,90,-13.262205123901367,83.1573715209961,46.0
90,91,-55.18303680419922,99.34379577636719,9632.0
90,92,-1.7992417812347412,1.8216583728790283,2.0
90,93,-10.950698852539062,8.936461448669434,20.0
90,94,-6.580239295959473,1.9309728145599365,2.0
90,95,-5.855909824371338,2.079211473464966,3.0
90,96,-2.7474751472473145,2.4988362789154053,3.0
90,97,-16.02372932434082,2.071662425994873,6.0
92,0,-3.5038280487060547,2.401172161102295,2.0
92,1,-10.311240196228027,2.5532970428466797,7.0
92,2,-1.358530044555664,1.4044313430786133,2.0
92,3,-0.9918676614761353,1.3918342590332031,1.0
92,4,-4.671525001525879,3.2151734828948975,2.0
92,5,-5.451171875,2.178722858428955,8.0
92,6,-9.713644027709961,2.6415462493896484,9.0
92,7,-2.860807418823242,2.595041513442993,1.0
92,8,-11.658926010131836,10.296306610107422,27.0
92,9,-5.7528228759765625,1.7776323556900024,14.0
92,10,-3.8765921592712402,3.640777587890625,3.0
92,11,-3.864987373352051,2.1662497520446777,2.0
92,12,-14.557856559753418,8.002017974853516,154.0
92,13,-0.09970726817846298,1.0252400636672974,1.0
92,14,-9.885424613952637,2.456346273422241,7.0
92,15,-6.860151290893555,3.9433484077453613,29.0
92,16,-0.01071150228381157,1.0053701400756836,1.0
92,17,-24.152978897094727,7.483856678009033,11724.0
92,18,-3.667957305908203,2.5017471313476562,2.0
92,19,-10.89416217803955,3.3550357818603516,9.0
92,20,-1.19623601436615,1.2702925205230713,1.0
92,21,-4.714966773986816,111.60511016845703,4.0
92,22,-7.589162349700928,4.562325477600098,10.0
92,23,-7.876565933227539,7.164523124694824,11.0
92,24,-15.824434280395508,52.25358581542969,103.0
92,25,-2.2746777534484863,3.1184587478637695,2.0
92,26,-13.94604778289795,3.553107261657715,46.0
92,27,-1.5924376249313354,1.7003133296966553,1.0
92,28,-7.311755180358887,4.316094875335693,25.0
92,29,-28.336151123046875,17.006832122802734,1691.0
92,30,-16.206586837768555,3305.3359375,1833.0
92,31,-3.617793321609497,2.0617573261260986,2.0
92,32,-5.010469913482666,12.24643611907959,18.0
92,33,-23.909616470336914,30.437013626098633,45.0
92,34,-20.525190353393555,28641.017578125,1687.0
92,35,-15.146574020385742,44.10810470581055,126.0
92,36,-19.906766891479492,21023.232421875,10962.0
92,37,-16.340482711791992,59.44911193847656,374.0
92,38,-20.340824127197266,12.712719917297363,238.0
92,39,-3.767590045928955,3.5108678340911865,3.0
92,40,-11.017580032348633,1.8442777395248413,23.0
92,41,-4.36931037902832,2.9812049865722656,13.0
92,42,-4.556970119476318,1.9174491167068481,4.0
92,43,-6.942531108856201,2.696056604385376,13.0
92,44,-17.3475341796875,5.667530059814453,5.0
92,45,-4.42083215713501,1.8805183172225952,5.0
92,46,-0.316340833902359,1.111207127571106,1.0
92,47,-0.14866745471954346,1.0378661155700684,1.0
92,48,-0.8154004216194153,1.2261143922805786,1.0
92,49,-6.374837875366211,2.8935177326202393,11.0
92,50,-8.681278228759766,8.761083602905273,25.0
92,51,-3.8864481449127197,1.9112191200256348,2.0
92,52,-19.488237380981445,25.739826202392578,12.0
92,53,-14.574798583984375,128.80072021484375,115.0
92,54,-26.03404426574707,2.7218434810638428,56.0
92,55,-8.119236946105957,2.7591004371643066,71.0
92,56,-4.5019025802612305,3.0816822052001953,2.0
92,57,-24.25379753112793,3244.12060546875,23575.0
92,58,-10.306705474853516,13.153348922729492,10.0
92,59,-4.226145267486572,2.3285112380981445,2.0
92,60,-6.26020622253418,3.4974749088287354,3.0
92,61,-3.8351855278015137,1.7295887470245361,4.0
92,62,-22.220884323120117,258.5841369628906,14772.0
92,63,-20.366666793823242,887.926513671875,14575.0
92,64,-11.47716236114502,17.624509811401367,24.0
92,65,-4.666820526123047,1.7920362949371338,2.0
92,66,-40.90650939941406,11.092456817626953,59.0
92,67,-43.64859390258789,52.881526947021484,42.0
92,68,-30.737884521484375,30.42669677734375,119.0
92,69,-28.168949127197266,109.37963104248047,1658.0
92,70,-12.185578346252441,58.08222198486328,204.0
92,71,-11.95840072631836,7.338003635406494,40.0
92,72,-7.865208625793457,4.821290969848633,9.0
92,73,-10.60759449005127,3.249891519546509,12.0
92,74,-28.590007781982422,117.3312759399414,8728.0
92,75,-12.00377082824707,20.104480743408203,176.0
92,76,-6.618245601654053,2.5740065574645996,14.0
92,77,-35.46076965332031,12.590116500854492,54.0
92,78,-9.502275466918945,23.746261596679688,11.0
92,79,-9.013395309448242,1.569362998008728,14.0
92,80,-1.8194215297698975,1.8339532613754272,2.0
92,81,-2.552037477493286,1.892709493637085,2.0
92,82,-7.830756187438965,1.9204567670822144,20.0
92,83,-34.99943542480469,7.836483478546143,557.0
92,84,-15.175047874450684,12.543148040771484,47.0
92,85,-21.19057273864746,5.104100227355957,114.0
92,86,-18.952308654785156,10.687112808227539,12.0
92,87,-14.897689819335938,41.447288513183594,422.0
92,88,-11.701513290405273,10.384380340576172,18.0
92,89,-12.555646896362305,65.70765686035156,65.0
92,90,-13.236947059631348,82.460205078125,46.0
92,91,-55.13043975830078,98.90931701660156,9545.0
92,92,-1.8810116052627563,1.8719934225082397,2.0
92,93,-11.12271499633789,9.249256134033203,22.0
92,94,-6.556864261627197,1.9264644384384155,2.0
92,95,-5.904940128326416,2.091993808746338,3.0
92,96,-2.7414467334747314,2.4938197135925293,3.0
92,97,-16.127052307128906,2.0814146995544434,6.0
94,0,-3.4234206676483154,2.353386163711548,2.0
94,1,-10.357616424560547,2.564084768295288,8.0
94,2,-1.32909095287323,1.3941329717636108,2.0
94,3,-1.0492535829544067,1.4187145233154297,1.0
94,4,-4.708758354187012,3.2452409267425537,2.0
94,5,-5.483129501342773,2.188692092895508,8.0
94,6,-9.73071575164795,2.64605975151062,9.0
94,7,-2.8929741382598877,2.6230156421661377,1.0
94,8,-11.642864227294922,10.263282775878906,27.0
94,9,-5.788326263427734,1.7839547395706177,14.0
94,10,-3.9302077293395996,3.706430196762085,3.0
94,11,-3.867262125015259,2.1672356128692627,2.0
94,12,-14.642550468444824,8.099422454833984,155.0
94,13,-0.10275096446275711,1.0260205268859863,1.0
94,14,-9.942909240722656,2.4692165851593018,7.0
94,15,-6.83858060836792,3.926372766494751,28.0
94,16,-0.010824919678270817,1.0054271221160889,1.0
94,17,-24.08258819580078,7.440086364746094,11481.0
94,18,-3.689706802368164,2.5153870582580566,2.0
94,19,-10.92125415802002,3.3651506900787354,8.0
94,20,-1.191864252090454,1.2691823244094849,1.0
94,21,-4.743223190307617,114.80364227294922,4.0
94,22,-7.617220878601074,4.5879998207092285,10.0
94,23,-7.856287956237793,7.128294467926025,11.0
94,24,-15.780866622924805,51.68753433227539,103.0
94,25,-2.29427170753479,3.149160385131836,2.0
94,26,-14.300938606262207,3.669609785079956,46.0
94,27,-1.5903470516204834,1.6991288661956787,1.0
94,28,-7.34050989151001,4.3409881591796875,25.0
94,29,-28.19808578491211,16.773637771606445,1656.0
94,30,-15.9488525390625,2905.6904296875,1758.0
94,31,-3.5821406841278076,2.0471081733703613,2.0
94,32,-5.001878261566162,12.193940162658691,17.0
94,33,-23.9751033782959,30.723098754882812,46.0
94,34,-20.444869995117188,27513.580078125,1615.0
94,35,-15.088050842285156,43.467464447021484,126.0
94,36,-19.859270095825195,20529.845703125,11068.0
94,37,-16.38861656188965,60.1688117980957,398.0
94,38,-20.534420013427734,13.024113655090332,255.0
94,39,-3.813744306564331,3.5652995109558105,3.0
94,40,-11.020002365112305,1.8445260524749756,21.0
94,41,-4.3598785400390625,2.9741837978363037,13.0
94,42,-4.561232566833496,1.9186171293258667,4.0
94,43,-6.973577976226807,2.708040714263916,13.0
94,44,-17.361679077148438,5.675552845001221,5.0
94,45,-4.4261322021484375,1.881942629814148,5.0
94,46,-0.3190407454967499,1.1122076511383057,1.0
94,47,-0.14533238112926483,1.037001132965088,1.0
94,48,-0.8009545803070068,1.2216942310333252,1.0
94,49,-6.441473960876465,2.9258320331573486,11.0
94,50,-8.686875343322754,8.773350715637207,24.0
94,51,-3.8767552375793457,1.90813410282135,2.0
94,52,-19.54916763305664,26.002553939819336,13.0
94,53,-14.574660301208496,128.7947540283203,115.0
94,54,-25.97519302368164,2.7156894207000732,56.0
94,55,-8.046602249145508,2.7341630458831787,72.0
94,56,-4.46341609954834,3.0521738529205322,2.0
94,57,-24.355728149414062,3356.23828125,23325.0
94,58,-10.420648574829102,13.533419609069824,10.0
94,59,-4.235607147216797,2.3329217433929443,2.0
94,60,-6.225919723510742,3.473573684692383,3.0
94,61,-3.725843906402588,1.7027819156646729,4.0
94,62,-22.185321807861328,256.2953186035156,14771.0
94,63,-20.42600440979004,905.663818359375,14660.0
94,64,-11.603850364685059,18.191648483276367,23.0
94,65,-4.691922187805176,1.7976679801940918,2.0
94,66,-40.987754821777344,11.145594596862793,59.0
94,67,-43.42319107055664,51.80895233154297,41.0
94,68,-30.67939567565918,30.2296085357666,117.0
94,69,-28.14426040649414,108.93049621582031,1660.0
94,70,-12.160531044006348,57.59928512573242,206.0
94,71,-11.969632148742676,7.351752758026123,40.0
94,72,-7.886896133422852,4.842248439788818,9.0
94,73,-10.609761238098145,3.25067400932312,12.0
94,74,-28.559066772460938,116.7277603149414,8761.0
94,75,-12.058785438537598,20.38290023803711,185.0
94,76,-6.577428817749023,2.5590415000915527,14.0
94,77,-35.462677001953125,12.591833114624023,54.0
94,78,-9.509368896484375,23.802474975585938,11.0
94,79,-9.084920883178711,1.5749855041503906,14.0
94,80,-1.79587721824646,1.819616436958313,2.0
94,81,-2.4718258380889893,1.855133056640625,2.0
94,82,-7.904623031616211,1.9323147535324097,20.0
94,83,-35.071044921875,7.869563102722168,566.0
94,84,-15.177499771118164,12.548274993896484,47.0
94,85,-21.199718475341797,5.107691764831543,114.0
94,86,-18.81348419189453,10.50325870513916,12.0
94,87,-14.916006088256836,41.63751220703125,421.0
94,88,-11.636707305908203,10.250655174255371,18.0
94,89,-12.650745391845703,67.82393646240234,67.0
94,90,-13.30224609375,84.27472686767578,45.0
94,91,-55.2367057800293,99.78907775878906,9791.0
94,92,-1.8500823974609375,1.8527929782867432,2.0
94,93,-11.05992317199707,9.133825302124023,21.0
94,94,-6.584015846252441,1.9317023754119873,2.0
94,95,-5.893094062805176,2.088898181915283,3.0
94,96,-2.7325823307037354,2.486461877822876,3.0
94,97,-16.125232696533203,2.081242561340332,6.0
96,0,-3.513134002685547,2.4067649841308594,2.0
96,1,-10.407557487487793,2.5757522583007812,7.0
96,2,-1.3251270055770874,1.3927521705627441,2.0
96,3,-1.0646147727966309,1.4259976148605347,1.0
96,4,-4.681049346923828,3.2228379249572754,2.0
96,5,-5.427257537841797,2.171292304992676,8.0
96,6,-9.594772338867188,2.6103315353393555,8.0
96,7,-2.892611265182495,2.6226985454559326,1.0
96,8,-11.699337005615234,10.379859924316406,27.0
96,9,-5.719378471374512,1.7716970443725586,14.0
96,10,-3.880060911178589,3.6449899673461914,3.0
96,11,-3.869784355163574,2.1683292388916016,2.0
96,12,-14.560945510864258,8.005550384521484,149.0
96,13,-0.09824470430612564,1.0248652696609497,1.0
96,14,-9.988824844360352,2.4795448780059814,7.0
96,15,-6.871301651000977,3.9521522521972656,29.0
96,16,-0.010408837348222733,1.0052180290222168,1.0
96,17,-24.315061569213867,7.585625648498535,11316.0
96,18,-3.785954236984253,2.576646089553833,2.0
96,19,-10.892372131347656,3.3543689250946045,8.0
96,20,-1.2151780128479004,1.2751140594482422,1.0
96,21,-4.764893054962158,117.31857299804688,4.0
96,22,-7.654629707336426,4.62245512008667,10.0
96,23,-7.843386173248291,7.105339527130127,11.0
96,24,-15.697198867797852,50.617618560791016,101.0
96,25,-2.271369218826294,3.1133041381835938,2.0
96,26,-14.055063247680664,3.5884952545166016,43.0
96,27,-1.666770577430725,1.7429693937301636,1.0
96,28,-7.316039085388184,4.319794654846191,25.0
96,29,-28.029722213745117,16.49359893798828,1744.0
96,30,-16.109058380126953,3148.02099609375,1832.0
96,31,-3.672427177429199,2.084409236907959,2.0
96,32,-5.014343738555908,12.270179748535156,19.0
96,33,-24.36203384399414,32.46915817260742,49.0
96,34,-20.47506332397461,27932.095703125,1652.0
96,35,-14.906806945800781,41.541866302490234,124.0
96,36,-19.905508041381836,21010.005859375,11102.0
96,37,-16.197126388549805,57.35623550415039,379.0
96,38,-20.608930587768555,13.145984649658203,245.0
96,39,-3.784184217453003,3.530341863632202,3.0
96,40,-10.917149543762207,1.8340163230895996,22.0
96,41,-4.326499938964844,2.9494686126708984,13.0
96,42,-4.4815826416015625,1.8969097137451172,4.0
96,43,-6.927862167358398,2.690412759780884,13.0
96,44,-17.482227325439453,5.744384288787842,5.0
96,45,-4.395996570587158,1.873858094215393,5.0
96,46,-0.3058011829853058,1.1073100566864014,1.0
96,47,-0.14856532216072083,1.037839651107788,1.0
96,48,-0.8022783398628235,1.2220985889434814,1.0
96,49,-6.358888626098633,2.885836601257324,11.0
96,50,-8.704915046691895,8.813007354736328,26.0
96,51,-3.8765320777893066,1.9080631732940674,2.0
96,52,-19.483055114746094,25.71761131286621,12.0
96,53,-14.603317260742188,130.0309600830078,112.0
96,54,-25.980083465576172,2.716200351715088,58.0
96,55,-8.057552337646484,2.737907886505127,72.0
96,56,-4.474451541900635,3.060605764389038,2.0
96,57,-24.33779525756836,3336.235595703125,23450.0
96,58,-10.341460227966309,13.268132209777832,11.0
96,59,-4.263534069061279,2.3459882736206055,2.0
96,60,-5.970699310302734,3.300717353820801,2.0
96,61,-3.7397942543029785,1.706178903579712,4.0
96,62,-21.99772834777832,244.55300903320312,14537.0
96,63,-20.371158599853516,889.2569580078125,14628.0
96,64,-11.55111312866211,17.953378677368164,23.0
96,65,-4.649145126342773,1.7880812883377075,2.0
96,66,-40.919227600097656,11.100757598876953,59.0
96,67,-43.2717170715332,51.10040283203125,42.0
96,68,-30.752653121948242,30.476667404174805,114.0
96,69,-28.09676742553711,108.07166290283203,1663.0
96,70,-12.226652145385742,58.88288497924805,218.0
96,71,-11.92536449432373,7.297711372375488,39.0
96,72,-7.910915851593018,4.865566253662109,9.0
96,73,-10.499687194824219,3.2111589908599854,12.0
96,74,-28.166027069091797,109.3263931274414,8892.0
96,75,-12.075824737548828,20.46991539001465,185.0
96,76,-6.726494789123535,2.6141209602355957,15.0
96,77,-35.219207763671875,12.374744415283203,52.0
96,78,-9.509313583374023,23.802038192749023,11.0
96,79,-9.092941284179688,1.5756171941757202,14.0
96,80,-1.8061364889144897,1.8258496522903442,2.0
96,81,-2.5144784450531006,1.8750205039978027,2.0
96,82,-7.871676921844482,1.9270167350769043,20.0
96,83,-35.14141082763672,7.902204990386963,557.0
96,84,-15.21066665649414,12.617833137512207,46.0
96,85,-21.31490707397461,5.15315055847168,118.0
96,86,-18.832820892333984,10.528676986694336,12.0
96,87,-14.996761322021484,42.48666763305664,417.0
96,88,-11.674642562866211,10.32872200012207,18.0
96,89,-12.695008277893066,68.83204650878906,68.0
96,90,-13.34014892578125,85.34623718261719,47.0
96,91,-55.005558013916016,97.88530731201172,9595.0
96,92,-1.8369059562683105,1.8446729183197021,2.0
96,93,-10.934685707092285,8.90788745880127,20.0
96,94,-6.625931262969971,1.939815878868103,2.0
96,95,-5.830733776092529,2.072678327560425,3.0
96,96,-2.746687650680542,2.498180389404297,3.0
96,97,-16.351768493652344,2.1027841567993164,6.0
98,0,-3.476364850997925,2.3847427368164062,2.0
98,1,-10.269583702087402,2.5436460971832275,7.0
98,2,-1.3214932680130005,1.3914874792099,2.0
98,3,-1.0317102670669556,1.4104424715042114,1.0
98,4,-4.6803507804870605,3.2222752571105957,2.0
98,5,-5.468446254730225,2.1841061115264893,8.0
98,6,-9.737744331359863,2.6479201316833496,9.0
98,7,-2.868457317352295,2.6016671657562256,1.0
98,8,-11.70744800567627,10.396711349487305,28.0
98,9,-5.8212151527404785,1.789831519126892,14.0
98,10,-3.8945813179016113,3.662675142288208,3.0
98,11,-3.8639674186706543,2.1658079624176025,2.0
98,12,-14.648406982421875,8.106203079223633,154.0
98,13,-0.10652568936347961,1.026989221572876,1.0
98,14,-9.90153980255127,2.4599475860595703,7.0
98,15,-6.805822849273682,3.900733232498169,29.0
98,16,-0.010671641677618027,1.005350112915039,1.0
98,17,-24.17112159729004,7.495179176330566,11588.0
98,18,-3.725658416748047,2.5380969047546387,2.0
98,19,-10.8712797164917,3.3465163707733154,8.0
98,20,-1.2094782590866089,1.2736612558364868,1.0
98,21,-4.771906852722168,118.1443099975586,4.0
98,22,-7.656630039215088,4.624305248260498,10.0
98,23,-7.895737648010254,7.198944568634033,11.0
98,24,-15.814332962036133,52.121795654296875,104.0
98,25,-2.2770326137542725,3.1221325397491455,2.0
98,26,-14.098860740661621,3.602811813354492,43.0
98,27,-1.6425117254257202,1.7289320230484009,1.0
98,28,-7.327847480773926,4.330008506774902,25.0
98,29,-28.2255802154541,16.819820404052734,1656.0
98,30,-16.147315979003906,3208.818115234375,1821.0
98,31,-3.61661958694458,2.0612733364105225,2.0
98,32,-5.0292558670043945,12.362008094787598,18.0
98,33,-23.834550857543945,30.112363815307617,45.0
98,34,-20.474952697753906,27930.548828125,1654.0
98,35,-15.134281158447266,43.972755432128906,128.0
98,36,-19.88597869873047,20805.84765625,11018.0
98,37,-16.39409637451172,60.25129699707031,386.0
98,38,-20.72943687438965,13.345504760742188,251.0
98,39,-3.7825686931610107,3.5284414291381836,3.0
98,40,-11.083634376525879,1.8510582447052002,23.0
98,41,-4.334811210632324,2.9556033611297607,13.0
98,42,-4.465789318084717,1.8926347494125366,4.0
98,43,-6.94569730758667,2.6972761154174805,13.0
98,44,-17.260759353637695,5.618562698364258,5.0
98,45,-4.3624982833862305,1.8649123907089233,5.0
98,46,-0.3095202147960663,1.1086835861206055,1.0
98,47,-0.15575304627418518,1.0397062301635742,1.0
98,48,-0.8175999522209167,1.2267887592315674,1.0
98,49,-6.4439592361450195,2.927044630050659,11.0
98,50,-8.679351806640625,8.756864547729492,25.0
98,51,-3.845771312713623,1.8983060121536255,2.0
98,52,-19.812192916870117,27.167795181274414,12.0
98,53,-14.524820327758789,126.6727066040039,115.0
98,54,-26.09823226928711,2.728571653366089,58.0
98,55,-8.00018310546875,2.71834397315979,69.0
98,56,-4.481873512268066,3.0662901401519775,2.0
98,57,-24.252534866333008,3242.753173828125,23523.0
98,58,-10.331500053405762,13.235135078430176,10.0
98,59,-4.276061534881592,2.3518736362457275,2.0
98,60,-6.270048141479492,3.504366159439087,3.0
98,61,-3.767998695373535,1.7130674123764038,4.0
98,62,-22.194194793701172,256.864501953125,14662.0
98,63,-20.3946533203125,896.24853515625,14558.0
98,64,-11.548135757446289,17.940019607543945,24.0
98,65,-4.637914180755615,1.78557288646698,2.0
98,66,-40.748374938964844,10.989750862121582,59.0
98,67,-43.670310974121094,52.98602294921875,41.0
98,68,-30.733261108398438,30.411073684692383,116.0
98,69,-27.98375129699707,106.05508422851562,1566.0
98,70,-12.226109504699707,58.87224578857422,208.0
98,71,-11.951385498046875,7.329428672790527,40.0
98,72,-7.859958171844482,4.816230773925781,9.0
98,73,-10.589149475097656,3.2432379722595215,12.0
98,74,-28.611133575439453,117.7451171875,8661.0
98,75,-11.986700057983398,20.018863677978516,177.0
98,76,-6.67569637298584,2.595219135284424,15.0
98,77,-35.58766174316406,12.704748153686523,54.0
98,78,-9.43741226196289,23.23835563659668,11.0
98,79,-9.08864974975586,1.5752791166305542,14.0
98,80,-1.8396153450012207,1.8463397026062012,2.0
98,81,-2.5182905197143555,1.8768084049224854,2.0
98,82,-7.860479354858398,1.9252194166183472,20.0
98,83,-35.03468704223633,7.8527512550354,560.0
98,84,-15.131314277648926,12.452054977416992,44.0
98,85,-21.298139572143555,5.14650821685791,117.0
98,86,-18.912878036499023,10.634567260742188,12.0
98,87,-14.992076873779297,42.43693923950195,445.0
98,88,-11.689001083374023,10.35842514038086,18.0
98,89,-12.652191162109375,67.85663604736328,67.0
98,90,-13.344675064086914,85.47509765625,47.0
98,91,-55.11903762817383,98.81536102294922,9604.0
98,92,-1.8137518167495728,1.8304903507232666,2.0
98,93,-11.040748596191406,9.098865509033203,21.0
98,94,-6.632532596588135,1.9410969018936157,2.0
98,95,-5.859375953674316,2.0801124572753906,3.0
98,96,-2.7957522869110107,2.5393736362457275,3.0
98,97,-16.073392868041992,2.0763442516326904,6.0
100,0,-3.5212295055389404,2.4116408824920654,2.0
100,1,-10.322938919067383,2.556014060974121,7.0
100,2,-1.343080997467041,1.399017572402954,2.0
100,3,-1.0699398517608643,1.4285310506820679,1.0
100,4,-4.683677673339844,3.2249562740325928,2.0
100,5,-5.39645528793335,2.1617588996887207,8.0
100,6,-9.700126647949219,2.6379778385162354,9.0
100,7,-2.8808329105377197,2.612421751022339,1.0
100,8,-11.587730407714844,10.150735855102539,28.0
100,9,-5.76095724105835,1.7790788412094116,14.0
100,10,-3.9200563430786133,3.6939096450805664,3.0
100,11,-3.912508726119995,2.186936616897583,2.0
100,12,-14.537196159362793,7.97843599319458,145.0
100,13,-0.10985415428876877,1.0278441905975342,1.0
100,14,-9.904287338256836,2.460561752319336,7.0
100,15,-6.880584239959717,3.959496259689331,28.0
100,16,-0.01027063000947237,1.0051485300064087,1.0
100,17,-24.127761840820312,7.468146324157715,11359.0
100,18,-3.7494711875915527,2.5532519817352295,2.0
100,19,-10.913124084472656,3.362111806869507,8.0
100,20,-1.172316074371338,1.2642300128936768,1.0
100,21,-4.773543834686279,118.3378677368164,4.0
100,22,-7.550914764404297,4.527559280395508,9.0
100,23,-7.812271595001221,7.050283908843994,11.0
100,24,-15.855281829833984,52.658119201660156,107.0
100,25,-2.264972686767578,3.103362798690796,2.0
100,26,-13.950850486755371,3.554659128189087,43.0
100,27,-1.60892653465271,1.7096844911575317,1.0
100,28,-7.3912577629089355,4.3852715492248535,27.0
100,29,-28.334026336669922,17.003219604492188,1682.0
100,30,-15.962639808654785,2925.79052734375,1759.0
100,31,-3.609034538269043,2.0581486225128174,2.0
100,32,-4.998439311981201,12.172991752624512,17.0
100,33,-24.045909881591797,31.035442352294922,47.0
100,34,-20.503395080566406,28330.59375,1676.0
100,35,-15.05032730102539,43.05945587158203,125.0
100,36,-19.849225997924805,20427.001953125,11071.0
100,37,-16.35231590270996,59.625240325927734,381.0
100,38,-20.635066986083984,13.189002990722656,251.0
100,39,-3.760951519012451,3.503107786178589,3.0
100,40,-10.99322509765625,1.8417840003967285,23.0
100,41,-4.364361763000488,2.9775192737579346,13.0
100,42,-4.5841498374938965,1.9249087572097778,4.0
100,43,-6.936474800109863,2.693725109100342,13.0
100,44,-17.33466339111328,5.660240650177002,5.0
100,45,-4.41823148727417,1.8798198699951172,5.0
100,46,-0.3177872896194458,1.1117430925369263,1.0
100,47,-0.1519848257303238,1.0387272834777832,1.0
100,48,-0.8049143552780151,1.2229043245315552,1.0
100,49,-6.457672119140625,2.933741807937622,11.0
100,50,-8.682266235351562,8.7632474899292,25.0
100,51,-3.9032888412475586,1.9165911674499512,2.0
100,52,-19.467891693115234,25.65269660949707,12.0
100,53,-14.559477806091309,128.14462280273438,115.0
100,54,-25.965660095214844,2.714694023132324,56.0
100,55,-8.032320022583008,2.729285955429077,68.0
100,56,-4.520970821380615,3.096407890319824,2.0
100,57,-24.293994903564453,3287.881103515625,23453.0
100,58,-10.291885375976562,13.104705810546875,10.0
100,59,-4.23138427734375,2.3309521675109863,2.0
100,60,-6.179898738861084,3.441748857498169,3.0
100,61,-3.698803424835205,1.6962170600891113,4.0
100,62,-22.1669864654541,255.1232147216797,14751.0
100,63,-20.421932220458984,904.4351196289062,14745.0
100,64,-11.56346321105957,18.008895874023438,24.0
100,65,-4.6601243019104,1.7905369997024536,2.0
100,66,-40.833465576171875,11.044897079467773,58.0
100,67,-43.682830810546875,53.04636764526367,42.0
100,68,-30.800079345703125,30.6376895904541,116.0
100,69,-28.06027603149414,107.41636657714844,1625.0
100,70,-12.149807929992676,57.393775939941406,201.0
100,71,-11.960290908813477,7.340315818786621,40.0
100,72,-7.832380771636963,4.789740085601807,9.0
100,73,-10.596601486206055,3.245924234390259,12.0
100,74,-28.623775482177734,117.99348449707031,8663.0
100,75,-11.991804122924805,20.044424057006836,179.0
100,76,-6.616275787353516,2.573282480239868,14.0
100,77,-35.66161346435547,12.7720365524292,54.0
100,78,-9.501782417297363,23.742361068725586,11.0
100,79,-9.070465087890625,1.5738474130630493,14.0
100,80,-1.800701379776001,1.822544813156128,2.0
100,81,-2.5315017700195312,1.8830174207687378,2.0
100,82,-7.934514045715332,1.937134027481079,20.0
100,83,-35.003150939941406,7.838197231292725,566.0
100,84,-15.271064758300781,12.745490074157715,46.0
100,85,-21.297039031982422,5.1460723876953125,116.0
100,86,-18.915447235107422,10.637983322143555,12.0
100,87,-14.965993881225586,42.1611213684082,425.0
100,88,-11.694419860839844,10.369656562805176,18.0
100,89,-12.662517547607422,68.09059143066406,68.0
100,90,-13.440923690795898,88.26185607910156,48.0
100,91,-55.01960754394531,97.99996185302734,9576.0
100,92,-1.893532156944275,1.8798224925994873,2.0
100,93,-10.884891510009766,8.819616317749023,20.0
100,94,-6.606510162353516,1.9360523223876953,2.0
100,95,-5.887661933898926,2.087480306625366,3.0
100,96,-2.8202805519104004,2.560220718383789,3.0
100,97,-15.9415283203125,2.0639359951019287,6.0
