step,probe_index,log_prob,perplexity,target_rank
0,0,-61.285545349121094,36.782859802246094,189.0
0,1,-10.081565856933594,3.526111364364624,12.0
0,2,-13.592597961425781,29.908700942993164,375.0
0,3,-108.54985046386719,55.72142791748047,16013.0
0,4,-5.011298656463623,5.314467906951904,6.0
0,5,-5.229763984680176,2.84610915184021,4.0
0,6,-17.098899841308594,11.504058837890625,91.0
0,7,-3.0565826892852783,2.1471593379974365,2.0
0,8,-8.001435279846191,3.1363577842712402,14.0
0,9,-17.564464569091797,80.73047637939453,2872.0
0,10,-6.368496894836426,4.9141764640808105,8.0
0,11,-22.194913864135742,9.20265007019043,33.0
0,12,-15.178596496582031,20.815946578979492,705.0
0,13,-7.892815589904785,7.193687438964844,11.0
0,14,-4.220307350158691,8.24950885772705,3.0
0,15,-8.629781723022461,2.370209217071533,11.0
0,16,-8.153207778930664,15.145992279052734,6.0
0,17,-1.5717133283615112,1.299464464187622,1.0
0,18,-6.805581092834473,9.665153503417969,12.0
0,19,-3.3669958114624023,3.072009801864624,2.0
0,20,-27.175891876220703,229.333740234375,5546.0
0,21,-48.65996551513672,32.32082748413086,3883.0
0,22,-10.036603927612305,12.294487953186035,12.0
0,23,-12.233062744140625,21.290599822998047,6.0
0,24,-38.535003662109375,123.57836151123047,4146.0
0,25,-1.0473214387893677,1.1398711204528809,2.0
0,26,-21.516155242919922,14.724597930908203,113.0
0,27,-45.59479522705078,7.944585800170898,701.0
0,28,-27.699199676513672,21.708173751831055,618.0
0,29,-30.190298080444336,7.483394622802734,10545.0
0,30,-11.763686180114746,4.3512396812438965,13.0
0,31,-1.2582052946090698,1.8759264945983887,1.0
0,32,-3.163275718688965,2.8703250885009766,2.0
0,33,-27.32160186767578,94.9737319946289,216.0
0,34,-15.80648136138916,9.564599990844727,35.0
0,35,-59.4276123046875,16.943532943725586,163.0
0,36,-12.06389045715332,55.773399353027344,1506.0
0,37,-28.780746459960938,24.480104446411133,155.0
0,38,-17.26634407043457,74.932373046875,2499.0
0,39,-38.683929443359375,251.20657348632812,727.0
0,40,-24.76380157470703,9.499648094177246,26.0
0,41,-39.735389709472656,21.254493713378906,1769.0
0,42,-17.47695541381836,8.887266159057617,31.0
0,43,-11.399404525756836,2.5855813026428223,8.0
0,44,-6.788741111755371,9.611052513122559,4.0
0,45,-13.306427001953125,27.843700408935547,22.0
0,46,-60.43183135986328,24.061735153198242,250.0
0,47,-21.763336181640625,15.186653137207031,126.0
0,48,-67.24793243408203,52.23541259765625,928.0
0,49,-5.526620388031006,15.852230072021484,24.0
0,50,-13.163841247558594,8.97078800201416,30.0
0,51,-14.960057258605957,12.101662635803223,12.0
0,52,-81.5657958984375,59.04441833496094,2158.0
0,53,-14.445446014404297,37.01641845703125,2291.0
0,54,-37.93492126464844,225.71527099609375,2256.0
0,55,-14.338641166687012,119.05043029785156,1439.0
0,56,-13.012571334838867,13.497632026672363,139.0
0,57,-6.930302143096924,1022.802978515625,99.0
0,58,-32.455406188964844,7.602391719818115,287.0
0,59,-15.035527229309082,4.4976396560668945,20.0
0,60,-8.542083740234375,5.520214557647705,4.0
0,61,-36.251304626464844,92.88972473144531,193.0
0,62,-20.256948471069336,18.062713623046875,98.0
0,63,-6.71996545791626,28.788692474365234,24.0
0,64,-2.6100306510925293,2.386935234069824,3.0
0,65,-15.809758186340332,5.79293966293335,8.0
0,66,-21.801124572753906,1432.3070068359375,571.0
0,67,-14.330938339233398,10.897024154663086,324.0
0,68,-2.5224926471710205,1.8787809610366821,1.0
0,69,-28.12455940246582,4.77061653137207,20.0
0,70,-39.625144958496094,141.619384765625,417.0
0,71,-6.015317440032959,7.426879405975342,7.0
0,72,-23.98735809326172,14.37171459197998,33.0
0,73,-30.677038192749023,16.2618465423584,119.0
2,0,-60.405723571777344,34.92761993408203,191.0
2,1,-10.082772254943848,3.5266432762145996,12.0
2,2,-13.608359336853027,30.026784896850586,384.0
2,3,-107.10353088378906,52.81510925292969,15139.0
2,4,-5.0064778327941895,5.305934906005859,6.0
2,5,-5.1894426345825195,2.823249578475952,4.0
2,6,-17.08061981201172,11.4740571975708,91.0
2,7,-3.0788285732269287,2.1591339111328125,2.0
2,8,-8.032490730285645,3.1503031253814697,14.0
2,9,-17.5009708404541,79.4591293334961,2863.0
2,10,-6.331179618835449,4.86854362487793,8.0
2,11,-22.119861602783203,9.133838653564453,35.0
2,12,-15.245203971862793,21.09510040283203,700.0
2,13,-7.909270763397217,7.223341941833496,10.0
2,14,-4.2178144454956055,8.239233016967773,3.0
2,15,-8.554967880249023,2.3525426387786865,10.0
2,16,-8.185283660888672,15.30880069732666,6.0
2,17,-1.5503971576690674,1.294856071472168,1.0
2,18,-6.872977256774902,9.884742736816406,12.0
2,19,-3.361267566680908,3.0661492347717285,2.0
2,20,-27.148000717163086,228.0580596923828,5503.0
2,21,-48.56474304199219,32.101741790771484,3900.0
2,22,-9.993071556091309,12.161410331726074,12.0
2,23,-12.228218078613281,21.264829635620117,5.0
2,24,-38.58354568481445,124.33049011230469,4075.0
2,25,-1.0462764501571655,1.139722228050232,2.0
2,26,-21.389789581298828,14.493839263916016,113.0
2,27,-44.92729568481445,7.707159996032715,541.0
2,28,-27.349140167236328,20.880033493041992,482.0
2,29,-29.995647430419922,7.386912822723389,10412.0
2,30,-11.77139663696289,4.355435371398926,12.0
2,31,-1.2596547603607178,1.8772865533828735,1.0
2,32,-3.174053430557251,2.880655527114868,2.0
2,33,-27.255352020263672,93.93083190917969,203.0
2,34,-15.720622062683105,9.447999954223633,35.0
2,35,-59.302085876464844,16.842557907104492,158.0
2,36,-12.07333755493164,55.94930648803711,1474.0
2,37,-28.572452545166016,23.920047760009766,153.0
2,38,-17.22745132446289,74.20732879638672,2472.0
2,39,-38.49003982543945,244.34400939941406,720.0
2,40,-24.847991943359375,9.572632789611816,26.0
2,41,-39.623069763183594,21.07164764404297,1738.0
2,42,-17.432632446289062,8.838163375854492,29.0
2,43,-11.304386138916016,2.5651888847351074,8.0
2,44,-6.706859111785889,9.352275848388672,4.0
2,45,-13.29726791381836,27.780017852783203,22.0
2,46,-60.39600372314453,24.016399383544922,251.0
2,47,-21.01536750793457,13.8311185836792,77.0
2,48,-66.88041687011719,51.11827850341797,918.0
2,49,-5.542935371398926,15.982073783874512,24.0
2,50,-13.1216402053833,8.907912254333496,29.0
2,51,-14.966242790222168,12.114145278930664,12.0
2,52,-81.29583740234375,58.252769470214844,2088.0
2,53,-14.428492546081543,36.859859466552734,2240.0
2,54,-37.683006286621094,217.73667907714844,2297.0
2,55,-14.347184181213379,119.38993072509766,1431.0
2,56,-13.027339935302734,13.537559509277344,136.0
2,57,-6.908905029296875,1001.150390625,98.0
2,58,-32.409141540527344,7.580440998077393,285.0
2,59,-15.005346298217773,4.484086036682129,20.0
2,60,-8.55798625946045,5.537799835205078,4.0
2,61,-35.974021911621094,89.72529602050781,195.0
2,62,-20.326265335083008,18.242464065551758,98.0
2,63,-6.707496166229248,28.609764099121094,23.0
2,64,-2.619184970855713,2.3942298889160156,3.0
2,65,-15.743844985961914,5.750669002532959,8.0
2,66,-21.77346420288086,1419.16162109375,573.0
2,67,-14.26788330078125,10.78310489654541,308.0
2,68,-2.5818800926208496,1.9068831205368042,1.0
2,69,-28.024890899658203,4.744274139404297,20.0
2,70,-39.293968200683594,135.87646484375,424.0
2,71,-6.044863700866699,7.500386714935303,7.0
2,72,-23.97657012939453,14.354499816894531,33.0
2,73,-30.611434936523438,16.165149688720703,118.0
4,0,-54.565574645996094,24.77263641357422,146.0
4,1,-10.076099395751953,3.52370285987854,12.0
4,2,-13.606410026550293,30.012155532836914,380.0
4,3,-96.37484741210938,35.49666213989258,10792.0
4,4,-4.912380695343018,5.142093181610107,6.0
4,5,-5.105594158172607,2.776299476623535,4.0
4,6,-17.07135581970215,11.458881378173828,91.0
4,7,-3.0550360679626465,2.146329164505005,2.0
4,8,-7.99195671081543,3.1321136951446533,14.0
4,9,-17.416454315185547,77.79783630371094,2818.0
4,10,-6.342898368835449,4.882828235626221,8.0
4,11,-22.012107849121094,9.0359468460083,33.0
4,12,-15.191200256347656,20.86848258972168,704.0
4,13,-7.885673522949219,7.180854797363281,11.0
4,14,-4.2333879470825195,8.303640365600586,3.0
4,15,-8.711033821105957,2.3895459175109863,11.0
4,16,-8.109996795654297,14.929396629333496,6.0
4,17,-1.4548786878585815,1.2744054794311523,1.0
4,18,-6.879559516906738,9.906454086303711,12.0
4,19,-3.377347469329834,3.082628011703491,2.0
4,20,-26.789505004882812,212.2789306640625,5361.0
4,21,-48.01670455932617,30.869373321533203,3750.0
4,22,-10.090612411499023,12.461614608764648,12.0
4,23,-12.253204345703125,21.39807891845703,6.0
4,24,-38.524925231933594,123.42278289794922,4080.0
4,25,-1.0297048091888428,1.1373637914657593,2.0
4,26,-21.226884841918945,14.201684951782227,112.0
4,27,-40.08037185668945,6.183194637298584,116.0
4,28,-25.408979415893555,16.83095932006836,134.0
4,29,-29.84332847595215,7.312281131744385,10475.0
4,30,-11.559343338012695,4.241504192352295,12.0
4,31,-1.3018815517425537,1.9173437356948853,1.0
4,32,-3.2052760124206543,2.910792350769043,2.0
4,33,-26.101186752319336,77.49378967285156,155.0
4,34,-15.617570877075195,9.309929847717285,35.0
4,35,-58.83829879760742,16.474666595458984,155.0
4,36,-12.071184158325195,55.909141540527344,1514.0
4,37,-28.497238159179688,23.72098159790039,157.0
4,38,-17.169857025146484,73.14649963378906,2474.0
4,39,-36.67797088623047,188.61546325683594,709.0
4,40,-24.606109619140625,9.364436149597168,26.0
4,41,-39.45364761352539,20.798810958862305,1669.0
4,42,-17.381990432739258,8.782391548156738,29.0
4,43,-11.17105484008789,2.5368452072143555,8.0
4,44,-6.683793544769287,9.280647277832031,4.0
4,45,-13.25621223449707,27.4963436126709,22.0
4,46,-59.482398986816406,22.888914108276367,247.0
4,47,-14.769377708435059,6.335522174835205,25.0
4,48,-63.41291809082031,41.68626403808594,867.0
4,49,-5.497066497802734,15.619705200195312,24.0
4,50,-12.820945739746094,8.472489356994629,28.0
4,51,-14.958237648010254,12.097993850708008,12.0
4,52,-79.98897552490234,54.568058013916016,2117.0
4,53,-14.349468231201172,36.13880157470703,2207.0
4,54,-35.545249938964844,160.43563842773438,2200.0
4,55,-14.265695571899414,116.19058990478516,1386.0
4,56,-12.888370513916016,13.166479110717773,139.0
4,57,-6.895074367523193,987.3991088867188,98.0
4,58,-32.33500671386719,7.545398712158203,281.0
4,59,-14.975187301635742,4.470582485198975,20.0
4,60,-8.58689022064209,5.569904804229736,5.0
4,61,-34.062713623046875,70.65714263916016,202.0
4,62,-20.396604537963867,18.426700592041016,97.0
4,63,-6.756059646606445,29.31296157836914,22.0
4,64,-2.6385672092437744,2.4097483158111572,3.0
4,65,-15.722158432006836,5.736828804016113,8.0
4,66,-21.69700050354004,1383.447265625,564.0
4,67,-14.257209777832031,10.763940811157227,317.0
4,68,-2.582258939743042,1.907063603401184,1.0
4,69,-27.827592849731445,4.692555904388428,20.0
4,70,-37.317039489746094,106.12630462646484,377.0
4,71,-6.036448955535889,7.479377746582031,7.0
4,72,-23.862361907958984,14.173494338989258,31.0
4,73,-30.719482421875,16.32471466064453,120.0
6,0,-34.48796844482422,7.60422420501709,32.0
6,1,-10.007181167602539,3.4934775829315186,12.0
6,2,-13.348746299743652,28.139846801757812,344.0
6,3,-57.197872161865234,8.318148612976074,1136.0
6,4,-4.664695739746094,4.734606742858887,6.0
6,5,-4.711068153381348,2.565654754638672,2.0
6,6,-16.798568725585938,11.020922660827637,85.0
6,7,-2.8608150482177734,2.0446033477783203,2.0
6,8,-7.715334892272949,3.0107545852661133,13.0
6,9,-17.17902946472168,73.31442260742188,2807.0
6,10,-6.4089250564575195,4.964096546173096,8.0
6,11,-21.423141479492188,8.519129753112793,35.0
6,12,-15.074657440185547,20.387693405151367,734.0
6,13,-7.482687950134277,6.4926581382751465,10.0
6,14,-4.1534104347229,7.978139400482178,2.0
6,15,-9.044295310974121,2.470522165298462,9.0
6,16,-8.144601821899414,15.102606773376465,6.0
6,17,-1.2773698568344116,1.2372547388076782,1.0
6,18,-6.526709079742432,8.807201385498047,11.0
6,19,-3.4177956581115723,3.124471426010132,2.0
6,20,-27.068359375,224.4542694091797,5087.0
6,21,-45.949161529541016,26.631187438964844,3462.0
6,22,-10.037514686584473,12.297286987304688,12.0
6,23,-12.351866722106934,21.932437896728516,5.0
6,24,-37.68589782714844,111.13406372070312,3424.0
6,25,-0.9918226599693298,1.131990671157837,1.0
6,26,-20.547836303710938,13.045973777770996,111.0
6,27,-24.117401123046875,2.992908239364624,11.0
6,28,-18.072938919067383,7.449182510375977,73.0
6,29,-29.096837997436523,6.957284450531006,9649.0
6,30,-11.108847618103027,4.0092573165893555,12.0
6,31,-1.3482043743133545,1.9622703790664673,1.0
6,32,-3.194589614868164,2.900442123413086,2.0
6,33,-21.963125228881836,38.881587982177734,179.0
6,34,-14.86993408203125,8.366841316223145,32.0
6,35,-56.704429626464844,14.882871627807617,145.0
6,36,-12.12297248840332,56.8826789855957,1548.0
6,37,-27.767288208007812,21.873027801513672,156.0
6,38,-17.045061111450195,70.8996353149414,2560.0
6,39,-29.38494300842285,66.54302978515625,639.0
6,40,-23.857879638671875,8.748638153076172,26.0
6,41,-38.42264938354492,19.213022232055664,1548.0
6,42,-16.506824493408203,7.872322082519531,25.0
6,43,-10.182037353515625,2.3361473083496094,8.0
6,44,-6.306394100189209,8.18359375,3.0
6,45,-13.448272705078125,28.84879493713379,20.0
6,46,-55.94922637939453,19.0048885345459,244.0
6,47,-9.708629608154297,3.3655073642730713,21.0
6,48,-53.698524475097656,23.54083824157715,686.0
6,49,-5.340322494506836,14.44229793548584,23.0
6,50,-11.985604286193848,7.3713483810424805,25.0
6,51,-14.866703987121582,11.914831161499023,11.0
6,52,-73.75149536132812,39.94784927368164,1943.0
6,53,-14.036584854125977,33.41972351074219,2110.0
6,54,-26.442615509033203,43.70736312866211,2077.0
6,55,-13.970248222351074,105.29324340820312,1333.0
6,56,-12.491775512695312,12.162471771240234,134.0
6,57,-6.909449100494385,1001.6951904296875,98.0
6,58,-31.514148712158203,7.168054580688477,246.0
6,59,-14.190658569335938,4.1332573890686035,15.0
6,60,-8.370281219482422,5.333759307861328,5.0
6,61,-27.82590103149414,32.402565002441406,208.0
6,62,-20.54909324645996,18.8325138092041,98.0
6,63,-6.804525375366211,30.0319766998291,19.0
6,64,-2.5887928009033203,2.3700971603393555,3.0
6,65,-15.70845890045166,5.728103160858154,8.0
6,66,-21.474136352539062,1284.3978271484375,539.0
6,67,-14.032752990722656,10.368704795837402,301.0
6,68,-2.4999895095825195,1.8682410717010498,1.0
6,69,-27.546096801757812,4.619741439819336,21.0
6,70,-29.98183250427246,42.42462921142578,291.0
6,71,-6.004083633422852,7.399120807647705,7.0
6,72,-23.706974029541016,13.930885314941406,28.0
6,73,-30.451868057250977,15.93234920501709,130.0
8,0,-15.470434188842773,2.4843859672546387,13.0
8,1,-10.003843307495117,3.49202036857605,12.0
8,2,-13.189184188842773,27.039424896240234,338.0
8,3,-28.944690704345703,2.921290636062622,33.0
8,4,-4.319080352783203,4.219402313232422,6.0
8,5,-4.071417331695557,2.2575576305389404,1.0
8,6,-16.470252990722656,10.515952110290527,65.0
8,7,-2.7928295135498047,2.010146141052246,2.0
8,8,-7.426414489746094,2.88901686668396,11.0
8,9,-16.76858139038086,66.16458129882812,2812.0
8,10,-6.395762920379639,4.947788715362549,8.0
8,11,-20.464183807373047,7.740129470825195,36.0
8,12,-14.78371524810791,19.235219955444336,716.0
8,13,-6.910647392272949,5.627480506896973,7.0
8,14,-4.137410640716553,7.914569854736328,3.0
8,15,-9.697205543518066,2.637207508087158,13.0
8,16,-8.256664276123047,15.67741870880127,5.0
8,17,-1.236847996711731,1.2289268970489502,1.0
8,18,-5.773994445800781,6.852851867675781,8.0
8,19,-3.465663433074951,3.174725294113159,2.0
8,20,-27.480968475341797,243.7623748779297,4521.0
8,21,-40.014984130859375,17.43035316467285,3083.0
8,22,-10.004831314086914,12.197216987609863,12.0
8,23,-12.861898422241211,24.915115356445312,6.0
8,24,-37.03323745727539,102.42744445800781,3144.0
8,25,-0.9372588396072388,1.1242964267730713,1.0
8,26,-20.04545021057129,12.251903533935547,115.0
8,27,-24.5884952545166,3.057687282562256,8.0
8,28,-17.842754364013672,7.261077404022217,66.0
8,29,-28.099193572998047,6.509610652923584,7523.0
8,30,-10.438739776611328,3.687108039855957,11.0
8,31,-1.4304651021957397,2.0446622371673584,2.0
8,32,-3.152846336364746,2.860363721847534,2.0
8,33,-15.60234260559082,13.468996047973633,180.0
8,34,-14.260926246643066,7.669681549072266,31.0
8,35,-54.223690032958984,13.224621772766113,141.0
8,36,-12.364973068237305,61.661380767822266,1769.0
8,37,-27.25426483154297,20.66107749938965,160.0
8,38,-16.65728759765625,64.34903717041016,2334.0
8,39,-18.4348087310791,13.923028945922852,597.0
8,40,-23.17621612548828,8.22294807434082,27.0
8,41,-38.058475494384766,18.68227195739746,1666.0
8,42,-15.504624366760254,6.945389270782471,20.0
8,43,-9.33957576751709,2.177762508392334,6.0
8,44,-6.0290913581848145,7.461058139801025,3.0
8,45,-13.627643585205078,30.171897888183594,22.0
8,46,-48.50377655029297,12.843405723571777,251.0
8,47,-9.704408645629883,3.363732099533081,22.0
8,48,-52.394615173339844,21.802753448486328,585.0
8,49,-5.092981338500977,12.762238502502441,20.0
8,50,-10.99091625213623,6.2452392578125,20.0
8,51,-14.7079496383667,11.603711128234863,9.0
8,52,-67.56973266601562,29.32635498046875,1783.0
8,53,-13.602264404296875,29.981067657470703,1959.0
8,54,-24.938138961791992,35.254432678222656,2110.0
8,55,-13.457535743713379,88.75192260742188,1172.0
8,56,-11.752331733703613,10.490459442138672,126.0
8,57,-6.912212371826172,1004.467041015625,95.0
8,58,-30.957599639892578,6.9230055809021,194.0
8,59,-13.252222061157227,3.763021469116211,12.0
8,60,-7.941253185272217,4.895177841186523,3.0
8,61,-25.733232498168945,24.94451904296875,227.0
8,62,-20.561386108398438,18.865615844726562,97.0
8,63,-6.812150001525879,30.146686553955078,22.0
8,64,-2.626138925552368,2.3997862339019775,2.0
8,65,-15.570859909057617,5.64119291305542,8.0
8,66,-21.186647415161133,1167.0281982421875,492.0
8,67,-13.836055755615234,10.034300804138184,262.0
8,68,-2.4660513401031494,1.8524569272994995,1.0
8,69,-26.928604125976562,4.463947772979736,20.0
8,70,-29.125680923461914,38.118896484375,172.0
8,71,-6.068746089935303,7.560334205627441,6.0
8,72,-23.53030776977539,13.6600923538208,21.0
8,73,-30.53873062133789,16.058658599853516,160.0
10,0,-11.464803695678711,1.962855339050293,8.0
10,1,-9.60271167755127,3.321242570877075,8.0
10,2,-12.284646987915039,21.566944122314453,354.0
10,3,-22.768428802490234,2.3239657878875732,17.0
10,4,-4.121352672576904,3.950270891189575,6.0
10,5,-3.274840831756592,1.9250811338424683,1.0
10,6,-15.852775573730469,9.62806510925293,48.0
10,7,-2.6881399154663086,1.9582180976867676,2.0
10,8,-6.487344741821289,2.5263195037841797,6.0
10,9,-16.5246524810791,62.250282287597656,2883.0
10,10,-6.340503692626953,4.879906177520752,9.0
10,11,-18.917884826660156,6.631218433380127,30.0
10,12,-13.777070045471191,15.727550506591797,596.0
10,13,-6.14634895324707,4.648697853088379,5.0
10,14,-4.222618579864502,8.259047508239746,3.0
10,15,-10.255790710449219,2.788709878921509,13.0
10,16,-8.173789978027344,15.250263214111328,4.0
10,17,-0.8782921433448792,1.1576383113861084,1.0
10,18,-4.620269775390625,4.66500997543335,7.0
10,19,-3.6887996196746826,3.41986083984375,3.0
10,20,-27.521137237548828,245.7285919189453,3941.0
10,21,-36.04048156738281,13.122391700744629,2949.0
10,22,-9.68982982635498,11.273530006408691,7.0
10,23,-13.669373512268066,30.488311767578125,11.0
10,24,-35.343536376953125,82.92545318603516,3220.0
10,25,-0.8824188709259033,1.116615653038025,1.0
10,26,-18.732929229736328,10.398027420043945,111.0
10,27,-22.392860412597656,2.767259120941162,8.0
10,28,-16.9498291015625,6.575262069702148,40.0
10,29,-25.438011169433594,5.4513726234436035,2473.0
10,30,-10.164583206176758,3.5628931522369385,12.0
10,31,-1.3302050828933716,1.9446898698806763,1.0
10,32,-2.923703908920288,2.650022029876709,2.0
10,33,-13.146286010742188,8.944579124450684,160.0
10,34,-12.663154602050781,6.104475021362305,28.0
10,35,-49.19427490234375,10.408102989196777,125.0
10,36,-12.01718521118164,54.911800384521484,1445.0
10,37,-25.714202880859375,17.41154670715332,141.0
10,38,-16.188133239746094,57.2274284362793,1933.0
10,39,-15.814496994018555,9.57555866241455,552.0
10,40,-22.415489196777344,7.673491477966309,28.0
10,41,-37.77210998535156,18.275236129760742,1349.0
10,42,-12.948835372924805,5.046043395996094,13.0
10,43,-5.663365364074707,1.6031125783920288,3.0
10,44,-5.520237445831299,6.297037124633789,2.0
10,45,-13.597951889038086,29.948760986328125,20.0
10,46,-46.92577362060547,11.819817543029785,236.0
10,47,-9.226673126220703,3.1687405109405518,15.0
10,48,-50.40829849243164,19.398466110229492,514.0
10,49,-4.354633808135986,8.822602272033691,12.0
10,50,-9.696407318115234,5.033259868621826,11.0
10,51,-14.128448486328125,10.535404205322266,8.0
10,52,-64.97676086425781,25.76038932800293,1674.0
10,53,-13.126310348510742,26.61773109436035,1869.0
10,54,-24.605361938476562,33.61766052246094,2993.0
10,55,-13.061015129089355,77.7634506225586,1107.0
10,56,-10.974468231201172,8.979045867919922,114.0
10,57,-6.964072227478027,1057.932861328125,96.0
10,58,-28.54738998413086,5.954885482788086,122.0
10,59,-10.729971885681152,2.92413067817688,10.0
10,60,-7.138813495635986,4.169360637664795,3.0
10,61,-24.356544494628906,21.000957489013672,241.0
10,62,-20.599977493286133,18.969907760620117,107.0
10,63,-7.0052642822265625,33.202728271484375,24.0
10,64,-2.5273945331573486,2.3220834732055664,2.0
10,65,-15.250009536743164,5.443626403808594,6.0
10,66,-20.922077178955078,1068.5157470703125,462.0
10,67,-12.733652114868164,8.350115776062012,182.0
10,68,-1.9474115371704102,1.6271872520446777,1.0
10,69,-24.99264144897461,4.008752346038818,19.0
10,70,-27.905651092529297,32.727195739746094,210.0
10,71,-6.113535404205322,7.674055099487305,5.0
10,72,-23.28591537475586,13.294147491455078,18.0
10,73,-30.70028305053711,16.296245574951172,183.0
12,0,-9.559612274169922,1.7547565698623657,6.0
12,1,-9.046996116638184,3.09836483001709,5.0
12,2,-10.99763298034668,15.633378028869629,367.0
12,3,-19.944705963134766,2.0931975841522217,10.0
12,4,-4.031790733337402,3.83408260345459,6.0
12,5,-2.6437366008758545,1.696805477142334,1.0
12,6,-15.314016342163086,8.914834976196289,47.0
12,7,-2.5186188220977783,1.876962423324585,2.0
12,8,-5.494121551513672,2.192131757736206,4.0
12,9,-16.50497817993164,61.94485092163086,2685.0
12,10,-6.165844917297363,4.671411514282227,8.0
12,11,-17.568992614746094,5.794442176818848,30.0
12,12,-12.705324172973633,12.6931791305542,544.0
12,13,-5.332521438598633,3.792897939682007,5.0
12,14,-4.388970375061035,8.97537899017334,3.0
12,15,-10.612836837768555,2.890078544616699,14.0
12,16,-7.7961578369140625,13.44650650024414,4.0
12,17,-0.6221886873245239,1.1092655658721924,1.0
12,18,-3.446916103363037,3.1549482345581055,2.0
12,19,-4.114107131958008,3.940741777420044,6.0
12,20,-27.48459243774414,243.93911743164062,3222.0
12,21,-33.96416473388672,11.31367015838623,2835.0
12,22,-9.4771728515625,10.689834594726562,7.0
12,23,-14.265110969543457,35.38463592529297,15.0
12,24,-33.3073616027832,64.2910385131836,3204.0
12,25,-0.912087082862854,1.1207642555236816,1.0
12,26,-16.685653686523438,8.050278663635254,98.0
12,27,-20.609207153320312,2.5517568588256836,7.0
12,28,-15.717727661132812,5.734004974365234,24.0
12,29,-22.950172424316406,4.61823034286499,504.0
12,30,-10.141263008117676,3.5525224208831787,10.0
12,31,-1.1604809761047363,1.7864680290222168,1.0
12,32,-2.4995265007019043,2.300612688064575,1.0
12,33,-11.288849830627441,6.563178062438965,154.0
12,34,-10.379490852355957,4.4051947593688965,17.0
12,35,-42.729087829589844,7.65009880065918,103.0
12,36,-11.299182891845703,43.223934173583984,933.0
12,37,-23.625892639160156,13.805943489074707,116.0
12,38,-15.503586769104004,48.225921630859375,1467.0
12,39,-14.159724235534668,7.559597492218018,557.0
12,40,-21.652206420898438,7.15908670425415,30.0
12,41,-37.40094757080078,17.760839462280273,1282.0
12,42,-8.976545333862305,3.071199417114258,8.0
12,43,-1.977691650390625,1.179166316986084,2.0
12,44,-4.817964553833008,4.982780456542969,2.0
12,45,-13.372580528259277,28.30801773071289,21.0
12,46,-45.31596374511719,10.859614372253418,199.0
12,47,-8.99370288848877,3.0777933597564697,12.0
12,48,-48.50939178466797,17.348285675048828,480.0
12,49,-3.297354221343994,5.200096130371094,5.0
12,50,-8.236053466796875,3.9458940029144287,6.0
12,51,-13.60277271270752,9.65164852142334,7.0
12,52,-62.247432708740234,22.47428321838379,1409.0
12,53,-12.998147964477539,25.77840232849121,1742.0
12,54,-24.398174285888672,32.6372184753418,3267.0
12,55,-12.673239707946777,68.33440399169922,1013.0
12,56,-10.600750923156738,8.332387924194336,101.0
12,57,-6.94730806350708,1040.3453369140625,95.0
12,58,-24.729778289794922,4.690837383270264,79.0
12,59,-8.220215797424316,2.275094509124756,10.0
12,60,-6.058545112609863,3.359220504760742,1.0
12,61,-23.21752166748047,18.2139949798584,235.0
12,62,-20.44593048095703,18.557003021240234,108.0
12,63,-7.176154136657715,36.164466857910156,22.0
12,64,-2.3262624740600586,2.171505928039551,2.0
12,65,-14.888887405395508,5.229526996612549,6.0
12,66,-21.058149337768555,1118.096435546875,468.0
12,67,-11.442441940307617,6.733355522155762,132.0
12,68,-1.5224579572677612,1.4631835222244263,1.0
12,69,-23.043127059936523,3.5972647666931152,13.0
12,70,-25.932418823242188,25.57339096069336,236.0
12,71,-6.063924312591553,7.548192977905273,4.0
12,72,-22.344446182250977,11.97374439239502,20.0
12,73,-30.574050903320312,16.110307693481445,171.0
14,0,-8.753835678100586,1.6735237836837769,6.0
14,1,-8.632560729980469,2.9419426918029785,5.0
14,2,-10.577877044677734,14.075972557067871,339.0
14,3,-9.947978019714355,1.4454832077026367,3.0
14,4,-3.8798766136169434,3.644766092300415,6.0
14,5,-2.3936736583709717,1.6140309572219849,1.0
14,6,-15.11772632598877,8.66832160949707,42.0
14,7,-2.263746976852417,1.761096715927124,2.0
14,8,-5.220398902893066,2.1080667972564697,3.0
14,9,-16.703767776489258,65.10112762451172,2561.0
14,10,-6.134267330169678,4.634678840637207,7.0
14,11,-16.08885383605957,4.9972381591796875,27.0
14,12,-12.14136028289795,11.33927059173584,513.0
14,13,-4.844760894775391,3.357478380203247,2.0
14,14,-4.291874885559082,8.550052642822266,4.0
14,15,-10.514047622680664,2.861668109893799,12.0
14,16,-7.647454261779785,12.79624080657959,4.0
14,17,-0.45777279138565063,1.0792814493179321,1.0
14,18,-3.045837879180908,2.760134220123291,2.0
14,19,-3.8952202796936035,3.663455009460449,5.0
14,20,-26.763633728027344,211.18341064453125,3212.0
14,21,-32.70786666870117,10.342652320861816,2822.0
14,22,-9.272640228271484,10.156968116760254,7.0
14,23,-14.17581558227539,34.60346984863281,15.0
14,24,-31.9186954498291,54.046077728271484,2805.0
14,25,-0.9391381144523621,1.1245604753494263,1.0
14,26,-15.104156494140625,6.606272220611572,90.0
14,27,-19.23687171936035,2.397444009780884,7.0
14,28,-14.221029281616211,4.85551118850708,11.0
14,29,-22.20703125,4.395005226135254,416.0
14,30,-9.914124488830566,3.4530763626098633,10.0
14,31,-1.038472056388855,1.6807430982589722,1.0
14,32,-2.3948819637298584,2.221747398376465,1.0
14,33,-11.049251556396484,6.3062543869018555,164.0
14,34,-8.767300605773926,3.4989802837371826,12.0
14,35,-37.437782287597656,5.946195602416992,68.0
14,36,-11.509156227111816,46.357608795166016,1062.0
14,37,-22.312570571899414,11.931412696838379,95.0
14,38,-15.258922576904297,45.36453628540039,1486.0
14,39,-13.618616104125977,6.997245788574219,527.0
14,40,-20.12850570678711,6.2330403327941895,29.0
14,41,-36.15528106689453,16.13797950744629,1218.0
14,42,-8.125415802001953,2.7612321376800537,4.0
14,43,-1.2778044939041138,1.1123597621917725,1.0
14,44,-4.522284507751465,4.515103816986084,2.0
14,45,-13.306587219238281,27.844816207885742,19.0
14,46,-43.930137634277344,10.095730781555176,207.0
14,47,-8.786624908447266,2.999147653579712,10.0
14,48,-46.87428665161133,15.75741195678711,457.0
14,49,-1.8195768594741821,2.483797073364258,3.0
14,50,-7.287452697753906,3.368863344192505,2.0
14,51,-13.170974731445312,8.981461524963379,7.0
14,52,-60.58092498779297,20.67750358581543,1394.0
14,53,-13.082406997680664,26.327178955078125,1749.0
14,54,-23.1413631439209,27.273319244384766,2837.0
14,55,-12.331774711608887,60.98277282714844,864.0
14,56,-9.577736854553223,6.79065465927124,62.0
14,57,-7.019769668579102,1118.5289306640625,99.0
14,58,-20.9483585357666,3.7034780979156494,40.0
14,59,-6.239701747894287,1.8663228750228882,8.0
14,60,-5.559986114501953,3.0404248237609863,1.0
14,61,-22.442901611328125,16.533071517944336,219.0
14,62,-20.524662017822266,18.766897201538086,108.0
14,63,-7.1880083084106445,36.379451751708984,28.0
14,64,-2.086980104446411,2.0050320625305176,2.0
14,65,-14.411605834960938,4.959424018859863,6.0
14,66,-21.20771026611328,1175.250732421875,488.0
14,67,-10.770768165588379,6.020245552062988,100.0
14,68,-1.4127328395843506,1.4235919713974,1.0
14,69,-21.61542510986328,3.322963237762451,13.0
14,70,-23.21902084350586,18.2174072265625,219.0
14,71,-5.500182628631592,6.255081653594971,4.0
14,72,-21.70400047302246,11.151293754577637,16.0
14,73,-30.558074951171875,16.086925506591797,149.0
16,0,-8.485334396362305,1.6472995281219482,6.0
16,1,-8.26705551147461,2.8105549812316895,4.0
16,2,-10.423468589782715,13.542963981628418,309.0
16,3,-7.3530144691467285,1.3130252361297607,3.0
16,4,-3.7060048580169678,3.439530611038208,4.0
16,5,-2.382352113723755,1.6103802919387817,1.0
16,6,-14.66767406463623,8.128544807434082,37.0
16,7,-2.096292018890381,1.6888926029205322,2.0
16,8,-4.9082932472229,2.0161399841308594,2.0
16,9,-17.064716339111328,71.2488784790039,2498.0
16,10,-5.965301990509033,4.442980766296387,7.0
16,11,-14.317323684692383,4.185944557189941,19.0
16,12,-11.571545600891113,10.11793041229248,401.0
16,13,-4.456920146942139,3.0472211837768555,2.0
16,14,-4.269043922424316,8.453004837036133,3.0
16,15,-10.55703353881836,2.8739962577819824,10.0
16,16,-7.689393043518066,12.976384162902832,4.0
16,17,-0.3663601875305176,1.0629627704620361,1.0
16,18,-2.779529333114624,2.525678873062134,1.0
16,19,-3.358544111251831,3.0633671283721924,3.0
16,20,-26.297937393188477,192.40206909179688,3084.0
16,21,-31.82950210571289,9.713687896728516,2916.0
16,22,-8.933088302612305,9.33034610748291,7.0
16,23,-14.103304862976074,33.981842041015625,15.0
16,24,-31.910274505615234,53.98921585083008,4106.0
16,25,-0.9645357131958008,1.1281362771987915,1.0
16,26,-13.893952369689941,5.678823471069336,82.0
16,27,-17.585969924926758,2.2241220474243164,6.0
16,28,-12.804669380187988,4.1484761238098145,6.0
16,29,-20.925752639770508,4.035177230834961,233.0
16,30,-9.912171363830566,3.4522335529327393,9.0
16,31,-0.9175311326980591,1.5821198225021362,1.0
16,32,-2.205625057220459,2.085916519165039,1.0
16,33,-11.574152946472168,6.882800102233887,213.0
16,34,-7.030420303344727,2.7301206588745117,6.0
16,35,-32.61096954345703,4.725168704986572,38.0
16,36,-12.073521614074707,55.95271682739258,1483.0
16,37,-21.68872833251953,11.132387161254883,85.0
16,38,-14.916646957397461,41.64418411254883,1483.0
16,39,-13.593680381774902,6.97236442565918,518.0
16,40,-19.083881378173828,5.668351650238037,29.0
16,41,-35.007877349853516,14.774659156799316,1162.0
16,42,-7.023628234863281,2.405971050262451,3.0
16,43,-0.7151373624801636,1.0614063739776611,1.0
16,44,-4.252424716949463,4.1266865730285645,2.0
16,45,-13.227338790893555,27.298580169677734,16.0
16,46,-42.29872131347656,9.265043258666992,175.0
16,47,-8.519667625427246,2.9007184505462646,10.0
16,48,-45.604820251464844,14.623598098754883,404.0
16,49,-0.8056031465530396,1.4960099458694458,1.0
16,50,-6.424106597900391,2.9173755645751953,2.0
16,51,-12.80607795715332,8.451519012451172,7.0
16,52,-60.356109619140625,20.446374893188477,1399.0
16,53,-13.169307708740234,26.905397415161133,1763.0
16,54,-22.418712615966797,24.59819793701172,3344.0
16,55,-12.431831359863281,63.05099105834961,916.0
16,56,-8.546236038208008,5.524801254272461,29.0
16,57,-7.226632118225098,1375.5819091796875,111.0
16,58,-17.616153717041016,3.0072007179260254,20.0
16,59,-5.030554294586182,1.6537666320800781,8.0
16,60,-4.866464614868164,2.6466455459594727,1.0
16,61,-21.9805908203125,15.604726791381836,209.0
16,62,-21.113651275634766,20.414302825927734,111.0
16,63,-7.097320079803467,34.766700744628906,27.0
16,64,-1.950738549232483,1.9160124063491821,2.0
16,65,-14.119905471801758,4.801259994506836,6.0
16,66,-21.570899963378906,1326.5010986328125,498.0
16,67,-9.793023109436035,5.114964962005615,63.0
16,68,-1.2740910053253174,1.3750948905944824,1.0
16,69,-20.317642211914062,3.0918140411376953,12.0
16,70,-21.041690826416016,13.876703262329102,214.0
16,71,-5.235163688659668,5.726214408874512,3.0
16,72,-22.0794677734375,11.626352310180664,16.0
16,73,-31.35051918029785,17.288597106933594,142.0
18,0,-8.45604133605957,1.6444635391235352,6.0
18,1,-7.90867280960083,2.6874265670776367,4.0
18,2,-10.172357559204102,12.718903541564941,266.0
18,3,-7.0839691162109375,1.30000638961792,3.0
18,4,-3.6303250789642334,3.3538479804992676,4.0
18,5,-2.2000725269317627,1.552729845046997,1.0
18,6,-14.240137100219727,7.646938323974609,38.0
18,7,-1.9914671182632446,1.6452080011367798,2.0
18,8,-4.979251861572266,2.0366814136505127,2.0
18,9,-17.378589630126953,77.06485748291016,2455.0
18,10,-5.867046356201172,4.3351731300354,7.0
18,11,-12.97311782836914,3.6594460010528564,11.0
18,12,-11.260029792785645,9.506787300109863,319.0
18,13,-4.174081802368164,2.8391945362091064,2.0
18,14,-4.117595195770264,7.836541652679443,3.0
18,15,-10.440495491027832,2.8406972885131836,10.0
18,16,-7.50633430480957,12.208244323730469,5.0
18,17,-0.3368103802204132,1.0577404499053955,1.0
18,18,-2.474613666534424,2.2815868854522705,1.0
18,19,-2.766364812850952,2.5146195888519287,1.0
18,20,-25.82168197631836,174.92129516601562,3105.0
18,21,-31.137678146362305,9.245342254638672,3048.0
18,22,-8.859540939331055,9.160358428955078,5.0
18,23,-13.446784973144531,28.83806610107422,12.0
18,24,-30.968994140625,47.996315002441406,2973.0
18,25,-0.9746291637420654,1.1295605897903442,1.0
18,26,-12.74730396270752,4.92051362991333,69.0
18,27,-16.2764892578125,2.0956010818481445,5.0
18,28,-11.532382011413574,3.601591110229492,5.0
18,29,-19.779510498046875,3.738311529159546,178.0
18,30,-10.002063751220703,3.491243362426758,7.0
18,31,-0.7712599635124207,1.4705405235290527,1.0
18,32,-2.0955021381378174,2.0107357501983643,1.0
18,33,-12.022634506225586,7.4169840812683105,249.0
18,34,-5.082245826721191,2.0668694972991943,3.0
18,35,-28.726579666137695,3.9272217750549316,19.0
18,36,-11.956713676452637,53.81601333618164,1432.0
18,37,-21.234825134277344,10.584864616394043,81.0
18,38,-14.691495895385742,39.3648796081543,1415.0
18,39,-13.662611961364746,7.041362285614014,514.0
18,40,-18.093036651611328,5.1800856590271,24.0
18,41,-34.24286651611328,13.930304527282715,1033.0
18,42,-6.2412872314453125,2.181823253631592,2.0
18,43,-0.3602713942527771,1.03047776222229,1.0
18,44,-3.738701581954956,3.477222204208374,2.0
18,45,-13.111700057983398,26.52068519592285,17.0
18,46,-40.265663146972656,8.324853897094727,123.0
18,47,-8.420722007751465,2.865062952041626,8.0
18,48,-44.99978256225586,14.112290382385254,374.0
18,49,-0.4639226794242859,1.261070966720581,1.0
18,50,-5.784099578857422,2.6222078800201416,2.0
18,51,-12.407795906066895,7.908720016479492,7.0
18,52,-58.90108871459961,19.011699676513672,1415.0
18,53,-13.445802688598633,28.83098602294922,1875.0
18,54,-22.04523277282715,23.32017707824707,3985.0
18,55,-12.286231994628906,60.06400680541992,837.0
18,56,-7.813971519470215,4.772137641906738,18.0
18,57,-7.239085674285889,1392.81982421875,106.0
18,58,-15.886622428894043,2.6990878582000732,12.0
18,59,-4.524126052856445,1.5721005201339722,8.0
18,60,-4.438675880432129,2.4296207427978516,1.0
18,61,-20.785884857177734,13.440003395080566,166.0
18,62,-20.98192024230957,20.033727645874023,105.0
18,63,-6.940976142883301,32.15243148803711,28.0
18,64,-1.92096745967865,1.897092580795288,2.0
18,65,-13.845067977905273,4.656857967376709,6.0
18,66,-21.598758697509766,1338.876953125,493.0
18,67,-8.99785041809082,4.48008394241333,38.0
18,68,-1.310619831085205,1.3877099752426147,1.0
18,69,-19.470577239990234,2.949686288833618,10.0
18,70,-19.33840560913086,11.215544700622559,201.0
18,71,-5.137290954589844,5.542415142059326,4.0
18,72,-22.987926483154297,12.861187934875488,19.0
18,73,-31.047517776489258,16.818872451782227,133.0
20,0,-8.541698455810547,1.6527702808380127,7.0
20,1,-7.796061038970947,2.649862051010132,4.0
20,2,-10.008901596069336,12.209634780883789,233.0
20,3,-7.17902135848999,1.3045910596847534,3.0
20,4,-3.5047483444213867,3.216357469558716,4.0
20,5,-2.073347568511963,1.5138702392578125,1.0
20,6,-13.834609031677246,7.216519355773926,38.0
20,7,-1.9605813026428223,1.6325534582138062,2.0
20,8,-5.061079978942871,2.060629367828369,3.0
20,9,-17.249765396118164,74.62244415283203,2322.0
20,10,-5.6852006912231445,4.142502784729004,5.0
20,11,-12.106508255004883,3.35566782951355,11.0
20,12,-11.115238189697266,9.235435485839844,295.0
20,13,-3.8317325115203857,2.6063039302825928,2.0
20,14,-3.894508123397827,7.009413719177246,3.0
20,15,-10.345062255859375,2.8137166500091553,11.0
20,16,-7.511741638183594,12.230268478393555,5.0
20,17,-0.2900382876396179,1.0495271682739258,1.0
20,18,-2.223989248275757,2.098724365234375,1.0
20,19,-2.340474843978882,2.1818177700042725,2.0
20,20,-25.091949462890625,151.1676788330078,3205.0
20,21,-30.64301300048828,8.924378395080566,3076.0
20,22,-8.718120574951172,8.842150688171387,7.0
20,23,-12.503141403198242,22.77777671813965,7.0
20,24,-28.979759216308594,37.429901123046875,1025.0
20,25,-0.9936373233795166,1.1322475671768188,1.0
20,26,-11.973546028137207,4.466893672943115,63.0
20,27,-15.499166488647461,2.022850275039673,5.0
20,28,-10.358799934387207,3.1612823009490967,5.0
20,29,-19.13827133178711,3.581869125366211,138.0
20,30,-9.865967750549316,3.4323527812957764,6.0
20,31,-0.6650304198265076,1.3944710493087769,1.0
20,32,-2.110196113586426,2.02060866355896,1.0
20,33,-12.234783172607422,7.683925151824951,290.0
20,34,-3.8975682258605957,1.745071530342102,2.0
20,35,-27.281044006347656,3.6659858226776123,16.0
20,36,-11.291150093078613,43.10835266113281,982.0
20,37,-21.19060516357422,10.532984733581543,85.0
20,38,-14.428230285644531,36.857444763183594,1263.0
20,39,-13.698614120483398,7.077670574188232,492.0
20,40,-16.922327041625977,4.657102108001709,18.0
20,41,-33.77894592285156,13.441951751708984,951.0
20,42,-6.342097282409668,2.209491014480591,2.0
20,43,-0.3396386504173279,1.0287076234817505,1.0
20,44,-3.306650400161743,3.010833263397217,2.0
20,45,-12.99767017364502,25.77532196044922,18.0
20,46,-38.75554275512695,7.688805103302002,91.0
20,47,-8.339603424072266,2.836158275604248,8.0
20,48,-44.75341033935547,13.9092435836792,386.0
20,49,-0.41196879744529724,1.2287341356277466,1.0
20,50,-5.41772985458374,2.4668819904327393,2.0
20,51,-11.793140411376953,7.13864803314209,6.0
20,52,-57.14671325683594,17.415063858032227,1520.0
20,53,-13.586233139038086,29.861148834228516,1999.0
20,54,-21.69953155517578,22.19646644592285,4165.0
20,55,-11.832540512084961,51.63399124145508,665.0
20,56,-7.42476749420166,4.414760112762451,11.0
20,57,-7.1121625900268555,1226.7977294921875,100.0
20,58,-15.124159812927246,2.5734822750091553,12.0
20,59,-3.990008592605591,1.4903348684310913,7.0
20,60,-4.076881408691406,2.260025978088379,1.0
20,61,-19.74755096435547,11.80406379699707,130.0
20,62,-20.68794822692871,19.209814071655273,99.0
20,63,-6.889336109161377,31.3328800201416,30.0
20,64,-1.9929991960525513,1.943194031715393,2.0
20,65,-13.48184585571289,4.472657680511475,7.0
20,66,-21.601367950439453,1340.0418701171875,504.0
20,67,-8.550642967224121,4.158303260803223,31.0
20,68,-1.5241446495056152,1.4638005495071411,1.0
20,69,-19.05276107788086,2.8820064067840576,9.0
20,70,-17.63714599609375,9.067015647888184,128.0
20,71,-5.066585540771484,5.413316249847412,4.0
20,72,-23.875900268554688,14.194829940795898,20.0
20,73,-29.82339096069336,15.047584533691406,99.0
22,0,-8.64548397064209,1.6628912687301636,7.0
22,1,-7.443724632263184,2.53568959236145,2.0
22,2,-9.860631942749023,11.765341758728027,214.0
22,3,-7.233434677124023,1.3072229623794556,3.0
22,4,-3.6107356548309326,3.332019329071045,4.0
22,5,-2.1450414657592773,1.5357338190078735,1.0
22,6,-13.644585609436035,7.023252964019775,37.0
22,7,-1.9981474876403809,1.6479578018188477,2.0
22,8,-5.062302589416504,2.0609891414642334,2.0
22,9,-17.45802879333496,78.61064910888672,2259.0
22,10,-5.436660289764404,3.892941474914551,5.0
22,11,-11.612007141113281,3.193765878677368,11.0
22,12,-11.19345760345459,9.381049156188965,316.0
22,13,-3.584038734436035,2.449808120727539,1.0
22,14,-3.881695032119751,6.964651584625244,3.0
22,15,-10.693217277526855,2.913402795791626,10.0
22,16,-7.697287082672119,13.01057243347168,4.0
22,17,-0.2629574239253998,1.044800877571106,1.0
22,18,-1.774031639099121,1.8064143657684326,1.0
22,19,-2.151402473449707,2.048553943634033,1.0
22,20,-24.841691970825195,143.78778076171875,3343.0
22,21,-29.908788681030273,8.468403816223145,3051.0
22,22,-8.631401062011719,8.652517318725586,6.0
22,23,-12.273750305175781,21.508272171020508,7.0
22,24,-28.152057647705078,33.75090408325195,644.0
22,25,-0.9641693830490112,1.128084659576416,1.0
22,26,-11.666112899780273,4.298491477966309,66.0
22,27,-14.44043254852295,1.927807331085205,5.0
22,28,-9.78957748413086,2.9675328731536865,5.0
22,29,-18.33095932006836,3.394185781478882,111.0
22,30,-9.60501480102539,3.3221988677978516,4.0
22,31,-0.6171236038208008,1.361465573310852,1.0
22,32,-2.2962656021118164,2.1499011516571045,1.0
22,33,-12.256013870239258,7.711163520812988,316.0
22,34,-3.2063398361206055,1.5809857845306396,2.0
22,35,-25.61117172241211,3.3857638835906982,12.0
22,36,-10.991326332092285,39.008338928222656,818.0
22,37,-21.233659744262695,10.58349323272705,93.0
22,38,-14.341436386108398,36.066307067871094,1190.0
22,39,-13.820854187011719,7.202353000640869,522.0
22,40,-16.163320541381836,4.34659481048584,17.0
22,41,-33.79573059082031,13.459318161010742,973.0
22,42,-6.600712299346924,2.2820839881896973,2.0
22,43,-0.29345405101776123,1.0247559547424316,1.0
22,44,-3.038994789123535,2.75384521484375,2.0
22,45,-12.956485748291016,25.51129722595215,18.0
22,46,-37.632606506347656,7.2475504875183105,84.0
22,47,-8.118532180786133,2.758857011795044,7.0
22,48,-44.886314392089844,14.01840877532959,391.0
22,49,-0.37138789892196655,1.2040536403656006,1.0
22,50,-5.243556022644043,2.3963003158569336,2.0
22,51,-11.468043327331543,6.762147903442383,6.0
22,52,-56.90829086303711,17.20869255065918,1526.0
22,53,-13.698744773864746,30.7130069732666,2012.0
22,54,-21.502965927124023,21.58184051513672,4355.0
22,55,-11.63638687133789,48.365928649902344,636.0
22,56,-7.165358543395996,4.191555023193359,7.0
22,57,-7.055999755859375,1159.79638671875,97.0
22,58,-14.67425537109375,2.502126455307007,11.0
22,59,-3.594562530517578,1.432550311088562,7.0
22,60,-3.864239454269409,2.165925979614258,1.0
22,61,-19.35711097717285,11.241799354553223,112.0
22,62,-20.480083465576172,18.647762298583984,99.0
22,63,-6.860360145568848,30.882204055786133,31.0
22,64,-2.094264507293701,2.009906530380249,2.0
22,65,-13.330817222595215,4.398228645324707,7.0
22,66,-21.61248779296875,1345.0179443359375,491.0
22,67,-8.42798900604248,4.074161052703857,31.0
22,68,-1.6167043447494507,1.4980677366256714,1.0
22,69,-18.253225326538086,2.756793260574341,9.0
22,70,-16.719566345214844,8.084477424621582,110.0
22,71,-5.283295154571533,5.8188252449035645,4.0
22,72,-23.866981506347656,14.180770874023438,18.0
22,73,-30.009628295898438,15.304516792297363,94.0
24,0,-8.934663772583008,1.691420078277588,7.0
24,1,-6.887032985687256,2.365239143371582,1.0
24,2,-9.813106536865234,11.62637996673584,199.0
24,3,-7.193772792816162,1.3053041696548462,3.0
24,4,-3.6188924312591553,3.3410913944244385,4.0
24,5,-2.3573150634765625,1.6023367643356323,2.0
24,6,-13.482934951782227,6.862923622131348,32.0
24,7,-1.936905860900879,1.6229192018508911,2.0
24,8,-4.905466079711914,2.0153257846832275,2.0
24,9,-17.612688064575195,81.70964813232422,2225.0
24,10,-5.207389831542969,3.676081657409668,6.0
24,11,-10.83751106262207,2.9557459354400635,7.0
24,12,-11.179675102233887,9.355224609375,313.0
24,13,-3.479011297225952,2.3863208293914795,1.0
24,14,-4.017549514770508,7.454178333282471,3.0
24,15,-11.10998821258545,3.037390947341919,10.0
24,16,-8.033551216125488,14.553775787353516,5.0
24,17,-0.3061653673648834,1.0523518323898315,1.0
24,18,-1.405539631843567,1.5976171493530273,1.0
24,19,-1.8468422889709473,1.8507928848266602,1.0
24,20,-24.728023529052734,140.5558319091797,3262.0
24,21,-29.277048110961914,8.094766616821289,3124.0
24,22,-8.559019088745117,8.497354507446289,5.0
24,23,-12.62125015258789,23.460369110107422,7.0
24,24,-27.595064163208008,31.4809627532959,512.0
24,25,-0.914188027381897,1.121058702468872,1.0
24,26,-11.482220649719238,4.20081090927124,65.0
24,27,-13.337003707885742,1.8335014581680298,3.0
24,28,-9.118642807006836,2.7543528079986572,4.0
24,29,-17.608537673950195,3.234591007232666,93.0
24,30,-9.556962966918945,3.3023037910461426,4.0
24,31,-0.5761207938194275,1.333837866783142,1.0
24,32,-2.3531453609466553,2.191051959991455,1.0
24,33,-12.383987426757812,7.877400875091553,337.0
24,34,-2.3217124938964844,1.3932974338531494,2.0
24,35,-21.977725982666016,2.8478331565856934,7.0
24,36,-10.864596366882324,37.39482116699219,762.0
24,37,-21.017196655273438,10.331982612609863,93.0
24,38,-13.977235794067383,32.92752456665039,1027.0
24,39,-13.855061531066895,7.237635612487793,560.0
24,40,-15.894478797912598,4.24165153503418,17.0
24,41,-34.159202575683594,13.840941429138184,1020.0
24,42,-6.269784450531006,2.1896090507507324,2.0
24,43,-0.21505238115787506,1.0180824995040894,1.0
24,44,-2.837850570678711,2.575259208679199,2.0
24,45,-13.106618881225586,26.487018585205078,18.0
24,46,-35.79594039916992,6.579751014709473,80.0
24,47,-7.9866204261779785,2.7137393951416016,5.0
24,48,-45.24033737182617,14.313401222229004,371.0
24,49,-0.29253265261650085,1.1575044393539429,1.0
24,50,-5.007033348083496,2.3036746978759766,2.0
24,51,-11.281061172485352,6.554664611816406,5.0
24,52,-57.229888916015625,17.48764419555664,1543.0
24,53,-13.954214096069336,32.73855972290039,2162.0
24,54,-21.3682918548584,21.17059326171875,5367.0
24,55,-11.433991432189941,45.21055221557617,600.0
24,56,-6.580251693725586,3.7286651134490967,2.0
24,57,-7.2153520584106445,1360.15234375,102.0
24,58,-13.98640251159668,2.3968377113342285,11.0
24,59,-3.2791635990142822,1.3880728483200073,6.0
24,60,-3.7047955989837646,2.0979466438293457,1.0
24,61,-19.061439514160156,10.833897590637207,98.0
24,62,-20.583847045898438,18.926244735717773,97.0
24,63,-6.908173561096191,31.629392623901367,29.0
24,64,-1.9758217334747314,1.932099461555481,2.0
24,65,-13.076148986816406,4.275518417358398,6.0
24,66,-21.46826934814453,1281.888671875,470.0
24,67,-8.123017311096191,3.8722517490386963,20.0
24,68,-1.6253702640533447,1.501316785812378,1.0
24,69,-16.863937377929688,2.55202054977417,8.0
24,70,-16.174331665039062,7.551841735839844,118.0
24,71,-5.591692924499512,6.44882345199585,4.0
24,72,-24.48708724975586,15.192281723022461,21.0
24,73,-30.4141845703125,15.877863883972168,94.0
26,0,-9.306039810180664,1.7287769317626953,7.0
26,1,-6.516841888427734,2.258284091949463,1.0
26,2,-9.767004013061523,11.493148803710938,181.0
26,3,-7.265651226043701,1.3087836503982544,3.0
26,4,-3.654961347579956,3.3815038204193115,4.0
26,5,-2.5598673820495605,1.6685808897018433,2.0
26,6,-13.077274322509766,6.4765119552612305,27.0
26,7,-1.855867624282837,1.5903702974319458,2.0
26,8,-4.806303024291992,1.9869775772094727,2.0
26,9,-17.593645095825195,81.32156372070312,2154.0
26,10,-5.139187812805176,3.61393404006958,6.0
26,11,-10.2872314453125,2.7974915504455566,7.0
26,12,-11.170547485351562,9.33816146850586,301.0
26,13,-3.6411547660827637,2.485039710998535,2.0
26,14,-4.157668113708496,7.995141983032227,3.0
26,15,-10.409716606140137,2.831967353820801,11.0
26,16,-8.158418655395508,15.172322273254395,5.0
26,17,-0.3517104983329773,1.0603705644607544,1.0
26,18,-1.338026762008667,1.5620653629302979,1.0
26,19,-1.6649878025054932,1.7419339418411255,1.0
26,20,-24.59119987487793,136.76170349121094,3215.0
26,21,-28.623641967773438,7.725649833679199,3208.0
26,22,-8.378223419189453,8.121832847595215,4.0
26,23,-12.406492233276367,22.2340087890625,7.0
26,24,-27.10854148864746,29.623491287231445,423.0
26,25,-0.9199562072753906,1.121867299079895,1.0
26,26,-11.46929931640625,4.194031238555908,60.0
26,27,-12.800785064697266,1.789352536201477,3.0
26,28,-8.655425071716309,2.6161766052246094,4.0
26,29,-17.121156692504883,3.131181478500366,82.0
26,30,-9.512548446655273,3.2840209007263184,4.0
26,31,-0.584686815738678,1.3395628929138184,1.0
26,32,-2.3292605876922607,2.1736769676208496,1.0
26,33,-12.410491943359375,7.912275314331055,351.0
26,34,-1.806615948677063,1.2944527864456177,2.0
26,35,-19.53189468383789,2.534738063812256,6.0
26,36,-10.836185455322266,37.0423469543457,752.0
26,37,-20.859909057617188,10.152983665466309,82.0
26,38,-13.85860824584961,31.965335845947266,981.0
26,39,-13.83987808227539,7.22195291519165,587.0
26,40,-14.9591703414917,3.8958992958068848,16.0
26,41,-34.11354446411133,13.792415618896484,1014.0
26,42,-6.05703067779541,2.132145881652832,1.0
26,43,-0.21195033192634583,1.0178194046020508,1.0
26,44,-2.746530771255493,2.498049736022949,2.0
26,45,-12.804422378540039,24.559669494628906,18.0
26,46,-34.703609466552734,6.212142467498779,79.0
26,47,-7.8894782066345215,2.6809864044189453,6.0
26,48,-45.446380615234375,14.48793888092041,350.0
26,49,-0.3137308955192566,1.1698381900787354,1.0
26,50,-4.751628875732422,2.2076711654663086,2.0
26,51,-11.172099113464355,6.436704158782959,5.0
26,52,-56.76423645019531,17.085186004638672,1526.0
26,53,-13.909128189086914,32.37161636352539,2087.0
26,54,-21.327335357666016,21.047088623046875,5750.0
26,55,-11.28024673461914,42.95195770263672,561.0
26,56,-6.246580123901367,3.4879562854766846,2.0
26,57,-7.191141128540039,1327.6173095703125,100.0
26,58,-13.543067932128906,2.331336736679077,11.0
26,59,-3.151149034500122,1.3704167604446411,5.0
26,60,-3.7022476196289062,2.0968778133392334,1.0
26,61,-19.03211212158203,10.794255256652832,86.0
26,62,-20.944591522216797,19.92717742919922,99.0
26,63,-7.006087779998779,33.21640396118164,30.0
26,64,-1.9902838468551636,1.9414359331130981,2.0
26,65,-12.938375473022461,4.210566997528076,7.0
26,66,-21.477142333984375,1285.6859130859375,471.0
26,67,-8.01883602142334,3.805596113204956,18.0
26,68,-1.5251812934875488,1.4641799926757812,1.0
26,69,-15.7991361618042,2.40543270111084,7.0
26,70,-15.340887069702148,6.804681777954102,89.0
26,71,-5.817644119262695,6.953288555145264,4.0
26,72,-24.67129135131836,15.506427764892578,18.0
26,73,-29.96125602722168,15.237364768981934,92.0
28,0,-9.394033432006836,1.7377482652664185,7.0
28,1,-6.441677570343018,2.2371654510498047,1.0
28,2,-9.696428298950195,11.292141914367676,168.0
28,3,-7.4094743728637695,1.315773844718933,3.0
28,4,-3.68857741355896,3.419607639312744,4.0
28,5,-2.61714243888855,1.6878044605255127,2.0
28,6,-12.958846092224121,6.367861747741699,25.0
28,7,-1.8071846961975098,1.571131706237793,2.0
28,8,-4.7581377029418945,1.9733526706695557,2.0
28,9,-17.35755729675293,76.66071319580078,2066.0
28,10,-4.967191696166992,3.461832046508789,6.0
28,11,-10.231974601745605,2.782075881958008,7.0
28,12,-10.993647575378418,9.013554573059082,271.0
28,13,-3.570266008377075,2.441387414932251,1.0
28,14,-4.197510242462158,8.156010627746582,3.0
28,15,-9.536476135253906,2.595158576965332,9.0
28,16,-8.089353561401367,14.827020645141602,4.0
28,17,-0.3479068875312805,1.0596985816955566,1.0
28,18,-1.336225152015686,1.5611275434494019,1.0
28,19,-1.6590430736541748,1.73848557472229,1.0
28,20,-24.463603973388672,133.3157958984375,3287.0
28,21,-28.437246322631836,7.623472213745117,3262.0
28,22,-8.295480728149414,7.95555305480957,3.0
28,23,-11.867076873779297,19.429046630859375,7.0
28,24,-26.972484588623047,29.123943328857422,409.0
28,25,-0.921446681022644,1.1220762729644775,1.0
28,26,-11.356592178344727,4.1353583335876465,59.0
28,27,-12.795919418334961,1.7889567613601685,3.0
28,28,-8.3392333984375,2.525859832763672,4.0
28,29,-16.84589195251465,3.0742454528808594,76.0
28,30,-9.471476554870605,3.2672038078308105,4.0
28,31,-0.5978915095329285,1.3484365940093994,1.0
28,32,-2.360522985458374,2.1964468955993652,1.0
28,33,-12.233389854431152,7.682141304016113,346.0
28,34,-1.7182776927947998,1.2782196998596191,2.0
28,35,-19.09469223022461,2.4825124740600586,5.0
28,36,-10.781692504882812,36.37557601928711,711.0
28,37,-20.715282440185547,9.991132736206055,80.0
28,38,-13.829017639160156,31.729740142822266,932.0
28,39,-14.097391128540039,7.49257755279541,641.0
28,40,-13.791288375854492,3.5034689903259277,15.0
28,41,-33.256248474121094,12.912203788757324,1019.0
28,42,-6.298475742340088,2.1974761486053467,2.0
28,43,-0.22828805446624756,1.019206166267395,1.0
28,44,-2.6224515438079834,2.396838426589966,2.0
28,45,-12.489350318908691,22.699378967285156,18.0
28,46,-33.955116271972656,5.972176551818848,77.0
28,47,-7.75327205657959,2.6357269287109375,5.0
28,48,-45.514564514160156,14.546165466308594,350.0
28,49,-0.31734180450439453,1.1719521284103394,1.0
28,50,-4.550165176391602,2.1347742080688477,2.0
28,51,-11.080822944641113,6.33952522277832,5.0
28,52,-56.25843048095703,16.65851593017578,1442.0
28,53,-13.921215057373047,32.469581604003906,2114.0
28,54,-20.962148666381836,19.97722053527832,4638.0
28,55,-11.398862838745117,44.68423843383789,588.0
28,56,-6.317150115966797,3.537534236907959,2.0
28,57,-6.988429069519043,1084.0172119140625,92.0
28,58,-13.299497604370117,2.2961151599884033,11.0
28,59,-3.125659227371216,1.3669281005859375,5.0
28,60,-3.7761504650115967,2.128101110458374,1.0
28,61,-18.864097595214844,10.56991958618164,76.0
28,62,-20.83937644958496,19.629899978637695,102.0
28,63,-6.9095964431762695,31.651901245117188,32.0
28,64,-1.9584481716156006,1.9209426641464233,2.0
28,65,-12.85145378112793,4.1700968742370605,6.0
28,66,-21.48764419555664,1290.1943359375,484.0
28,67,-7.971957206726074,3.7759783267974854,16.0
28,68,-1.468207836151123,1.443472981452942,1.0
28,69,-15.047399520874023,2.3070430755615234,7.0
28,70,-14.878864288330078,6.422825336456299,86.0
28,71,-5.670407772064209,6.62026834487915,4.0
28,72,-24.2045841217041,14.722813606262207,18.0
28,73,-30.43153190612793,15.902921676635742,95.0
30,0,-9.257820129394531,1.7238801717758179,7.0
30,1,-6.293645858764648,2.1961498260498047,1.0
30,2,-9.569873809814453,10.94046688079834,158.0
30,3,-7.485132694244385,1.3194661140441895,3.0
30,4,-3.622255325317383,3.3448386192321777,4.0
30,5,-2.5645155906677246,1.6701326370239258,2.0
30,6,-12.73109245300293,6.164010047912598,24.0
30,7,-1.8948944807052612,1.605963110923767,2.0
30,8,-4.617244720458984,1.9340308904647827,2.0
30,9,-17.22785758972168,74.2148666381836,2019.0
30,10,-4.8054680824279785,3.3246586322784424,6.0
30,11,-10.100204467773438,2.745657205581665,7.0
30,12,-10.798855781555176,8.669154167175293,241.0
30,13,-3.5054423809051514,2.402141571044922,1.0
30,14,-4.135577201843262,7.907317638397217,3.0
30,15,-9.230257987976074,2.5168943405151367,9.0
30,16,-8.169078826904297,15.22633171081543,5.0
30,17,-0.3616372346878052,1.0621263980865479,1.0
30,18,-1.3551416397094727,1.5710023641586304,1.0
30,19,-1.6682343482971191,1.743820071220398,1.0
30,20,-24.432497024536133,132.4889678955078,3323.0
30,21,-28.21150779724121,7.501534938812256,3157.0
30,22,-8.14521598815918,7.662237644195557,3.0
30,23,-11.624003410339355,18.283533096313477,7.0
30,24,-27.111873626708984,29.635833740234375,447.0
30,25,-0.923427939414978,1.12235426902771,1.0
30,26,-11.09627914428711,4.002963542938232,58.0
30,27,-12.350366592407227,1.7530906200408936,3.0
30,28,-8.085031509399414,2.4555158615112305,4.0
30,29,-16.563894271850586,3.0169899463653564,72.0
30,30,-9.417800903320312,3.245356321334839,4.0
30,31,-0.6229138970375061,1.3654130697250366,1.0
30,32,-2.379032611846924,2.21004056930542,1.0
30,33,-12.136702537536621,7.55933952331543,338.0
30,34,-1.4365123510360718,1.227790355682373,2.0
30,35,-18.135095596313477,2.371626615524292,5.0
30,36,-10.74462890625,35.92893600463867,675.0
30,37,-20.52206039428711,9.778918266296387,76.0
30,38,-13.843780517578125,31.847063064575195,903.0
30,39,-14.067106246948242,7.460232734680176,620.0
30,40,-13.101574897766113,3.2905421257019043,13.0
30,41,-33.03118896484375,12.69058895111084,1000.0
30,42,-6.117020606994629,2.1481943130493164,2.0
30,43,-0.203014075756073,1.017061710357666,1.0
30,44,-2.534611225128174,2.327676296234131,2.0
30,45,-12.32252025604248,21.77211570739746,16.0
30,46,-33.38087463378906,5.794378280639648,70.0
30,47,-7.57242488861084,2.576812505722046,5.0
30,48,-45.21985626220703,14.296167373657227,337.0
30,49,-0.3359493017196655,1.1829066276550293,1.0
30,50,-4.33976936340332,2.061213731765747,2.0
30,51,-10.8792085647583,6.130041122436523,5.0
30,52,-55.53561019897461,16.067211151123047,1368.0
30,53,-13.850170135498047,31.89797592163086,1979.0
30,54,-20.73215103149414,19.331501007080078,4268.0
30,55,-11.524670600891113,46.59796142578125,601.0
30,56,-6.5037641525268555,3.672060251235962,2.0
30,57,-6.79460334777832,893.0150146484375,84.0
30,58,-13.024494171142578,2.2569873332977295,11.0
30,59,-3.080404758453369,1.3607560396194458,4.0
30,60,-3.6708600521087646,2.0837559700012207,1.0
30,61,-18.644336700439453,10.283514976501465,75.0
30,62,-20.58269500732422,18.923131942749023,101.0
30,63,-6.905501842498779,31.587167739868164,31.0
30,64,-1.9984599351882935,1.9467343091964722,2.0
30,65,-12.799405097961426,4.146049976348877,6.0
30,66,-21.510894775390625,1300.232177734375,481.0
30,67,-7.878502368927002,3.7176201343536377,14.0
30,68,-1.4161608219146729,1.4248124361038208,1.0
30,69,-14.159256935119629,2.1959733963012695,7.0
30,70,-14.509881973266602,6.13331413269043,73.0
30,71,-5.386221885681152,6.021927356719971,4.0
30,72,-24.2707462310791,14.831446647644043,16.0
30,73,-30.189449310302734,15.556761741638184,86.0
32,0,-9.141155242919922,1.712090253829956,7.0
32,1,-5.823231220245361,2.070735454559326,1.0
32,2,-9.48099136352539,10.700044631958008,141.0
32,3,-7.472497940063477,1.318848729133606,3.0
32,4,-3.6474859714508057,3.3730878829956055,4.0
32,5,-2.5888118743896484,1.6782680749893188,2.0
32,6,-12.811724662780762,6.235422611236572,24.0
32,7,-1.9407498836517334,1.6244795322418213,2.0
32,8,-4.496516704559326,1.900960922241211,2.0
32,9,-17.170352935791016,73.15557098388672,1912.0
32,10,-4.633426666259766,3.184695243835449,6.0
32,11,-9.92583179473877,2.698195457458496,7.0
32,12,-10.85347843170166,8.764379501342773,232.0
32,13,-3.541226625442505,2.423727512359619,2.0
32,14,-4.17143440246582,8.050363540649414,3.0
32,15,-9.435868263244629,2.5691800117492676,10.0
32,16,-8.166919708251953,15.215375900268555,5.0
32,17,-0.34122273325920105,1.058518648147583,1.0
32,18,-1.3680622577667236,1.5777831077575684,1.0
32,19,-1.5746378898620605,1.6902546882629395,1.0
32,20,-24.521350860595703,134.8644561767578,3218.0
32,21,-27.93841552734375,7.35662317276001,3143.0
32,22,-7.975956916809082,7.344775676727295,3.0
32,23,-11.518196105957031,17.806241989135742,7.0
32,24,-27.289344787597656,30.300617218017578,515.0
32,25,-0.909440279006958,1.1203935146331787,1.0
32,26,-10.990443229675293,3.950354814529419,56.0
32,27,-11.892793655395508,1.7170050144195557,3.0
32,28,-7.942989826202393,2.4170660972595215,4.0
32,29,-16.503173828125,3.0048017501831055,69.0
32,30,-9.386469841003418,3.232671022415161,4.0
32,31,-0.6560384631156921,1.3882156610488892,1.0
32,32,-2.3606696128845215,2.196553945541382,1.0
32,33,-12.360549926757812,7.846689701080322,350.0
32,34,-0.9138996601104736,1.139462947845459,1.0
32,35,-16.302669525146484,2.1734540462493896,5.0
32,36,-10.668954849243164,35.033973693847656,627.0
32,37,-20.702373504638672,9.976811408996582,81.0
32,38,-13.891605377197266,32.23011779785156,911.0
32,39,-14.008148193359375,7.397662162780762,601.0
32,40,-12.567231178283691,3.1345183849334717,11.0
32,41,-33.18415832519531,12.840799331665039,989.0
32,42,-5.528496742248535,1.9958341121673584,2.0
32,43,-0.16173729300498962,1.0135692358016968,1.0
32,44,-2.3647279739379883,2.1995275020599365,1.0
32,45,-12.236541748046875,21.309125900268555,16.0
32,46,-33.247314453125,5.75378942489624,63.0
32,47,-7.450288772583008,2.537770986557007,4.0
32,48,-45.40549850463867,14.453142166137695,334.0
32,49,-0.32097169756889343,1.1740812063217163,1.0
32,50,-4.2235918045043945,2.021686315536499,2.0
32,51,-10.794200897216797,6.043803691864014,5.0
32,52,-55.034828186035156,15.66989517211914,1397.0
32,53,-13.97021484375,32.869781494140625,1978.0
32,54,-20.993637084960938,20.067285537719727,4973.0
32,55,-11.45625114440918,45.54726028442383,549.0
32,56,-6.682804107666016,3.805931568145752,5.0
32,57,-6.771004676818848,872.1876831054688,82.0
32,58,-12.580544471740723,2.195223808288574,11.0
32,59,-2.895846128463745,1.3358724117279053,4.0
32,60,-3.638835906982422,2.0704524517059326,1.0
32,61,-18.290090560913086,9.83808708190918,69.0
32,62,-20.659399032592773,19.13162612915039,99.0
32,63,-6.758875370025635,29.354259490966797,30.0
32,64,-2.0143895149230957,1.9570988416671753,2.0
32,65,-12.658346176147461,4.0815749168396,6.0
32,66,-21.588096618652344,1334.1265869140625,491.0
32,67,-7.83510160446167,3.690825939178467,13.0
32,68,-1.3820072412490845,1.4126986265182495,1.0
32,69,-13.359989166259766,2.1005969047546387,6.0
32,70,-14.048528671264648,5.789616584777832,64.0
32,71,-5.338871955871582,5.927627086639404,4.0
32,72,-24.763582229614258,15.666257858276367,16.0
32,73,-30.102252960205078,15.433932304382324,85.0
34,0,-8.995711326599121,1.6975048780441284,7.0
34,1,-5.5478925704956055,2.0006790161132812,1.0
34,2,-9.455965042114258,10.633306503295898,137.0
34,3,-7.49603271484375,1.3199987411499023,3.0
34,4,-3.495126724243164,3.2060585021972656,4.0
34,5,-2.712496042251587,1.7203007936477661,2.0
34,6,-12.895994186401367,6.310941696166992,27.0
34,7,-1.935248851776123,1.6222469806671143,2.0
34,8,-4.56281852722168,1.9190517663955688,3.0
34,9,-17.142045974731445,72.63968658447266,1839.0
34,10,-4.476998329162598,3.0625550746917725,6.0
34,11,-9.945535659790039,2.703517198562622,7.0
34,12,-10.876161575317383,8.804230690002441,235.0
34,13,-3.6397948265075684,2.4841952323913574,2.0
34,14,-4.144045352935791,7.940868377685547,3.0
34,15,-9.698057174682617,2.637432098388672,9.0
34,16,-8.107884407043457,14.918889999389648,5.0
34,17,-0.3238999843597412,1.0554670095443726,1.0
34,18,-1.418285846710205,1.604419469833374,1.0
34,19,-1.4971319437026978,1.6471457481384277,1.0
34,20,-24.57398223876953,136.29156494140625,3324.0
34,21,-27.82421112060547,7.296856880187988,3102.0
34,22,-7.9143805503845215,7.232574939727783,2.0
34,23,-11.534948348999023,17.880971908569336,7.0
34,24,-27.106475830078125,29.615842819213867,475.0
34,25,-0.8645238280296326,1.1141207218170166,1.0
34,26,-11.101543426513672,4.005598068237305,56.0
34,27,-11.641862869262695,1.697532296180725,3.0
34,28,-7.854238510131836,2.393347978591919,4.0
34,29,-16.41379737854004,2.9869511127471924,68.0
34,30,-9.23916244506836,3.1736910343170166,4.0
34,31,-0.6784259080886841,1.4038423299789429,1.0
34,32,-2.327202558517456,2.1721863746643066,1.0
34,33,-12.274666786193848,7.735172271728516,351.0
34,34,-0.8322542309761047,1.12624990940094,1.0
34,35,-15.734369277954102,2.115424871444702,5.0
34,36,-10.575644493103027,33.96107482910156,610.0
34,37,-21.035194396972656,10.352663040161133,87.0
34,38,-13.819199562072754,31.651954650878906,893.0
34,39,-13.968990325927734,7.356395244598389,607.0
34,40,-12.281325340270996,3.0540976524353027,10.0
34,41,-32.927146911621094,12.589427947998047,1002.0
34,42,-5.33639669418335,1.9484798908233643,2.0
34,43,-0.14749810099601746,1.0123673677444458,1.0
34,44,-2.2222957611083984,2.0975399017333984,1.0
34,45,-12.447174072265625,22.461292266845703,17.0
34,46,-33.1103401184082,5.71245813369751,66.0
34,47,-7.334057331085205,2.501166343688965,4.0
34,48,-45.877532958984375,14.86008071899414,344.0
34,49,-0.32877904176712036,1.1786733865737915,1.0
34,50,-4.269773960113525,2.0373072624206543,2.0
34,51,-10.62785530090332,5.878544807434082,5.0
34,52,-55.196876525878906,15.797374725341797,1344.0
34,53,-13.897298812866211,32.27602767944336,1899.0
34,54,-20.931589126586914,19.890195846557617,4964.0
34,55,-11.44228458404541,45.33570098876953,563.0
34,56,-6.827603340148926,3.917762517929077,5.0
34,57,-6.732754230499268,839.4561157226562,79.0
34,58,-12.514490127563477,2.1861798763275146,11.0
34,59,-2.641087770462036,1.3022698163986206,3.0
34,60,-3.515376329421997,2.0199551582336426,1.0
34,61,-18.127273559570312,9.639884948730469,69.0
34,62,-20.62540054321289,19.038928985595703,97.0
34,63,-6.737792491912842,29.046451568603516,30.0
34,64,-2.0595040321350098,1.9867522716522217,2.0
34,65,-12.591920852661133,4.05156135559082,6.0
34,66,-21.56476593017578,1323.7916259765625,480.0
34,67,-7.946564674377441,3.7600321769714355,14.0
34,68,-1.420074462890625,1.426207184791565,1.0
34,69,-13.016918182373047,2.0609397888183594,6.0
34,70,-13.771644592285156,5.592663288116455,65.0
34,71,-5.3724870681762695,5.994420051574707,4.0
34,72,-24.996965408325195,16.077817916870117,17.0
34,73,-30.42110824584961,15.887861251831055,81.0
36,0,-8.731036186218262,1.671280860900879,7.0
36,1,-5.467577934265137,1.9806939363479614,1.0
36,2,-9.52823257446289,10.827163696289062,138.0
36,3,-7.542343616485596,1.3222647905349731,4.0
36,4,-3.3807966709136963,3.086174488067627,4.0
36,5,-2.774799346923828,1.7418711185455322,2.0
36,6,-13.205765724182129,6.596491813659668,30.0
36,7,-1.8434138298034668,1.5854265689849854,2.0
36,8,-4.587843418121338,1.92592453956604,2.0
36,9,-17.26190948486328,74.84934997558594,1816.0
36,10,-4.393863201141357,2.999560594558716,6.0
36,11,-9.925375938415527,2.698072671890259,8.0
36,12,-10.817367553710938,8.701310157775879,227.0
36,13,-3.7834627628326416,2.5750415325164795,2.0
36,14,-4.141694068908691,7.931538105010986,3.0
36,15,-9.930281639099121,2.6993963718414307,9.0
36,16,-8.172466278076172,15.243534088134766,5.0
36,17,-0.29014790058135986,1.0495463609695435,1.0
36,18,-1.448519229888916,1.620670199394226,1.0
36,19,-1.4402650594711304,1.6162171363830566,1.0
36,20,-24.540542602539062,135.38311767578125,3363.0
36,21,-27.642337799072266,7.202676773071289,3106.0
36,22,-7.8882155418396,7.18541955947876,2.0
36,23,-11.591976165771484,18.137723922729492,7.0
36,24,-27.1467227935791,29.765213012695312,479.0
36,25,-0.8518640995025635,1.1123590469360352,1.0
36,26,-11.291937828063965,4.102071762084961,64.0
36,27,-11.60427474975586,1.6946344375610352,3.0
36,28,-7.904425144195557,2.406731128692627,3.0
36,29,-16.31740951538086,2.9678189754486084,69.0
36,30,-9.064725875854492,3.105239152908325,4.0
36,31,-0.6621626019477844,1.3924729824066162,1.0
36,32,-2.3853423595428467,2.214693784713745,1.0
36,33,-12.244302749633789,7.696126461029053,345.0
36,34,-0.8958910703659058,1.1365352869033813,1.0
36,35,-15.959463119506836,2.138221502304077,4.0
36,36,-10.71261978149414,35.54762268066406,629.0
36,37,-21.347373962402344,10.718062400817871,90.0
36,38,-13.716415405273438,30.84898567199707,854.0
36,39,-13.879302978515625,7.26274299621582,609.0
36,40,-12.264738082885742,3.0494956970214844,10.0
36,41,-32.874481201171875,12.538528442382812,1007.0
36,42,-5.432914733886719,1.972130298614502,2.0
36,43,-0.1404733657836914,1.0117748975753784,1.0
36,44,-2.1977579593658447,2.080453634262085,1.0
36,45,-12.382368087768555,22.100318908691406,17.0
36,46,-32.9332275390625,5.659456253051758,71.0
36,47,-7.317906856536865,2.496122121810913,6.0
36,48,-45.891380310058594,14.872188568115234,341.0
36,49,-0.3242913782596588,1.1760315895080566,1.0
36,50,-4.315804481506348,2.05299711227417,2.0
36,51,-10.49041748046875,5.745419979095459,5.0
36,52,-54.98058319091797,15.627452850341797,1290.0
36,53,-13.991657257080078,33.04645538330078,1935.0
36,54,-20.775421142578125,19.451364517211914,4826.0
36,55,-11.597099304199219,47.73666763305664,637.0
36,56,-6.704718589782715,3.8226492404937744,3.0
36,57,-6.7073750495910645,818.4194946289062,77.0
36,58,-12.649112701416016,2.2046518325805664,11.0
36,59,-2.5331618785858154,1.2882906198501587,3.0
36,60,-3.59295916557312,2.051542282104492,1.0
36,61,-18.44213104248047,10.026849746704102,86.0
36,62,-20.557003021240234,18.853803634643555,93.0
36,63,-6.628877639770508,27.506954193115234,27.0
36,64,-1.934248685836792,1.9055097103118896,2.0
36,65,-12.536495208740234,4.026686668395996,6.0
36,66,-21.430301666259766,1265.7677001953125,440.0
36,67,-7.926241397857666,3.747317314147949,13.0
36,68,-1.4413014650344849,1.4337958097457886,1.0
36,69,-12.711752891540527,2.0262937545776367,6.0
36,70,-13.48849868774414,5.3981828689575195,55.0
36,71,-5.361220836639404,5.971951007843018,4.0
36,72,-24.78352928161621,15.701018333435059,16.0
36,73,-30.901844024658203,16.597604751586914,88.0
38,0,-8.156704902648926,1.6157612800598145,7.0
38,1,-5.056138038635254,1.8814020156860352,1.0
38,2,-9.478718757629395,10.69396686553955,136.0
38,3,-7.437502861022949,1.3171404600143433,3.0
38,4,-3.365180015563965,3.07015061378479,4.0
38,5,-2.7985055446624756,1.7501493692398071,2.0
38,6,-13.17837142944336,6.570727348327637,29.0
38,7,-1.8351761102676392,1.5821647644042969,2.0
38,8,-4.648545265197754,1.9426982402801514,2.0
38,9,-17.25043296813965,74.63490295410156,1796.0
38,10,-4.270923614501953,2.9087717533111572,6.0
38,11,-9.638253211975098,2.621706247329712,7.0
38,12,-10.71395492553711,8.523193359375,217.0
38,13,-3.6243228912353516,2.474604845046997,2.0
38,14,-4.103652000427246,7.782098293304443,3.0
38,15,-9.847671508789062,2.6771883964538574,8.0
38,16,-8.24244499206543,15.603286743164062,5.0
38,17,-0.2970805764198303,1.0507596731185913,1.0
38,18,-1.3628113269805908,1.575023889541626,1.0
38,19,-1.4028246402740479,1.5961718559265137,1.0
38,20,-24.553462982177734,135.7333984375,3441.0
38,21,-27.517656326293945,7.138815402984619,3081.0
38,22,-7.745871067047119,6.9342145919799805,2.0
38,23,-11.648324966430664,18.395042419433594,7.0
38,24,-27.062301635742188,29.452762603759766,482.0
38,25,-0.8571774959564209,1.11309814453125,1.0
38,26,-11.146234512329102,4.028038024902344,60.0
38,27,-11.252246856689453,1.6677340269088745,3.0
38,28,-7.762720108032227,2.369133949279785,3.0
38,29,-16.02977752685547,2.911451578140259,65.0
38,30,-9.091721534729004,3.1157352924346924,4.0
38,31,-0.6535521149635315,1.3864909410476685,1.0
38,32,-2.417919158935547,2.2388739585876465,1.0
38,33,-12.200064659118652,7.639590740203857,353.0
38,34,-0.758971095085144,1.1145206689834595,1.0
38,35,-15.291834831237793,2.071312665939331,4.0
38,36,-10.789410591125488,36.469276428222656,667.0
38,37,-21.354015350341797,10.725974082946777,88.0
38,38,-13.881412506103516,32.148094177246094,932.0
38,39,-13.956527709960938,7.343310356140137,657.0
38,40,-11.937919616699219,2.9602253437042236,10.0
38,41,-32.850704193115234,12.515618324279785,981.0
38,42,-5.357479572296143,1.953621745109558,2.0
38,43,-0.12379004061222076,1.0103693008422852,1.0
38,44,-2.1460840702056885,2.0449254512786865,1.0
38,45,-12.35340404510498,21.940868377685547,17.0
38,46,-32.670387268066406,5.581704139709473,64.0
38,47,-7.3026251792907715,2.4913582801818848,5.0
38,48,-45.696529388427734,14.702699661254883,333.0
38,49,-0.3136894404888153,1.169813871383667,1.0
38,50,-4.314806938171387,2.0526556968688965,2.0
38,51,-10.390357971191406,5.650399684906006,5.0
38,52,-55.027706146240234,15.664316177368164,1269.0
38,53,-13.973417282104492,32.8961067199707,1866.0
38,54,-20.939353942871094,19.912275314331055,5092.0
38,55,-11.701861381530762,49.433109283447266,682.0
38,56,-6.566863536834717,3.7186946868896484,3.0
38,57,-6.627233982086182,755.389892578125,75.0
38,58,-12.451005935668945,2.177522659301758,11.0
38,59,-2.5090394020080566,1.2851866483688354,3.0
38,60,-3.5006370544433594,2.014009475708008,1.0
38,61,-18.271778106689453,9.815593719482422,78.0
38,62,-20.39737319946289,18.428722381591797,95.0
38,63,-6.718468189239502,28.767148971557617,28.0
38,64,-1.8990074396133423,1.8832565546035767,2.0
38,65,-12.684059143066406,4.093252658843994,6.0
38,66,-21.556896209716797,1320.32373046875,445.0
38,67,-7.835310935974121,3.6909546852111816,14.0
38,68,-1.5125398635864258,1.4595599174499512,1.0
38,69,-12.2795991897583,1.9782248735427856,4.0
38,70,-13.315860748291016,5.2829389572143555,46.0
38,71,-5.353314399719238,5.95623254776001,4.0
38,72,-24.649658203125,15.469198226928711,16.0
38,73,-31.14816665649414,16.973468780517578,92.0
40,0,-7.939412593841553,1.5952401161193848,7.0
40,1,-4.868257999420166,1.8377320766448975,1.0
40,2,-9.306487083435059,10.243279457092285,124.0
40,3,-7.335397720336914,1.312168836593628,3.0
40,4,-3.441645622253418,3.1494104862213135,4.0
40,5,-2.7753429412841797,1.7420605421066284,2.0
40,6,-13.001740455627441,6.4070024490356445,28.0
40,7,-1.856024980545044,1.5904330015182495,2.0
40,8,-4.631062984466553,1.9378526210784912,2.0
40,9,-17.253915786743164,74.69991302490234,1743.0
40,10,-4.2259931564331055,2.87628173828125,6.0
40,11,-9.337539672851562,2.544041633605957,7.0
40,12,-10.556059837341309,8.258244514465332,206.0
40,13,-3.5518648624420166,2.4301822185516357,2.0
40,14,-4.132773399353027,7.896240234375,3.0
40,15,-9.919686317443848,2.696537971496582,8.0
40,16,-8.300214767456055,15.90666389465332,5.0
40,17,-0.3070763647556305,1.0525116920471191,1.0
40,18,-1.2744793891906738,1.529325008392334,1.0
40,19,-1.3301000595092773,1.5579434633255005,1.0
40,20,-24.442277908325195,132.7483673095703,3495.0
40,21,-27.45060920715332,7.104709625244141,3069.0
40,22,-7.676627159118652,6.81520938873291,2.0
40,23,-11.643831253051758,18.3743896484375,7.0
40,24,-27.1168212890625,29.65416717529297,496.0
40,25,-0.8430294990539551,1.1111313104629517,1.0
40,26,-11.050185203552246,3.9799654483795166,56.0
40,27,-10.805334091186523,1.6341968774795532,3.0
40,28,-7.651728630065918,2.3400962352752686,3.0
40,29,-16.129732131958008,2.930917501449585,69.0
40,30,-9.02118968963623,3.088386058807373,4.0
40,31,-0.6134501695632935,1.3589673042297363,1.0
40,32,-2.4650421142578125,2.2743191719055176,1.0
40,33,-12.2421875,7.693413257598877,355.0
40,34,-0.6556411385536194,1.0981895923614502,1.0
40,35,-14.349044799804688,1.9803781509399414,5.0
40,36,-10.86453628540039,37.394073486328125,663.0
40,37,-21.380653381347656,10.757769584655762,89.0
40,38,-13.850358009338379,31.899473190307617,912.0
40,39,-14.025491714477539,7.416013717651367,674.0
40,40,-11.737804412841797,2.9068589210510254,10.0
40,41,-32.72266387939453,12.392952919006348,999.0
40,42,-5.1082682609558105,1.8937016725540161,2.0
40,43,-0.09264983236789703,1.0077507495880127,1.0
40,44,-2.0067760944366455,1.9521383047103882,1.0
40,45,-12.155776023864746,20.8831787109375,16.0
40,46,-32.39015197753906,5.499981880187988,58.0
40,47,-7.2082672119140625,2.462146282196045,5.0
40,48,-45.35486602783203,14.41015625,333.0
40,49,-0.29221197962760925,1.1573188304901123,1.0
40,50,-4.274266719818115,2.0388333797454834,2.0
40,51,-10.30522346496582,5.570792198181152,5.0
40,52,-54.67338180541992,15.38924789428711,1298.0
40,53,-14.02302074432373,33.30658721923828,1874.0
40,54,-21.15226173400879,20.5272159576416,5166.0
40,55,-11.582155227661133,47.49946594238281,602.0
40,56,-6.671765327453613,3.7975385189056396,4.0
40,57,-6.504624366760254,668.224609375,70.0
40,58,-12.195528030395508,2.1430294513702393,11.0
40,59,-2.3988006114959717,1.2710967063903809,3.0
40,60,-3.4526736736297607,1.9947818517684937,1.0
40,61,-18.066301345825195,9.566694259643555,73.0
40,62,-20.443161010742188,18.549663543701172,92.0
40,63,-6.743223190307617,29.12542724609375,28.0
40,64,-1.9660735130310059,1.9258315563201904,2.0
40,65,-12.791671752929688,4.142488956451416,6.0
40,66,-21.793445587158203,1428.6453857421875,461.0
40,67,-7.790091514587402,3.6632418632507324,13.0
40,68,-1.5491176843643188,1.4729681015014648,1.0
40,69,-11.831809997558594,1.929619312286377,5.0
40,70,-13.214822769165039,5.2166361808776855,44.0
40,71,-5.412583351135254,6.075076103210449,4.0
40,72,-24.861576080322266,15.83776569366455,18.0
40,73,-31.049854278564453,16.822446823120117,87.0
42,0,-8.181747436523438,1.618143081665039,7.0
42,1,-5.21420955657959,1.9189462661743164,1.0
42,2,-9.283916473388672,10.18564224243164,123.0
42,3,-7.216043472290039,1.3063812255859375,3.0
42,4,-3.3661205768585205,3.071113348007202,4.0
42,5,-2.806867837905884,1.7530789375305176,2.0
42,6,-12.847782135009766,6.267624855041504,26.0
42,7,-1.8671197891235352,1.5948503017425537,2.0
42,8,-4.824579238891602,1.9921722412109375,3.0
42,9,-17.239120483398438,74.42411804199219,1743.0
42,10,-4.14786434173584,2.8206465244293213,6.0
42,11,-9.58079719543457,2.6066861152648926,7.0
42,12,-10.55849552154541,8.26226806640625,215.0
42,13,-3.6327152252197266,2.479802370071411,2.0
42,14,-4.102776050567627,7.778690814971924,3.0
42,15,-9.729326248168945,2.6456918716430664,8.0
42,16,-8.23465633392334,15.562830924987793,5.0
42,17,-0.2787281274795532,1.0475506782531738,1.0
42,18,-1.2790530920028687,1.531658411026001,1.0
42,19,-1.3228163719177246,1.5541657209396362,1.0
42,20,-24.18030548095703,125.97217559814453,3502.0
42,21,-27.248130798339844,7.002695083618164,3002.0
42,22,-7.677023887634277,6.815885543823242,2.0
42,23,-11.508675575256348,17.7639102935791,7.0
42,24,-26.919322967529297,28.931049346923828,443.0
42,25,-0.8277397155761719,1.1090097427368164,1.0
42,26,-11.104537963867188,4.0070977210998535,57.0
42,27,-10.92270565032959,1.6429389715194702,3.0
42,28,-7.647254467010498,2.338933229446411,3.0
42,29,-16.09504508972168,2.924147844314575,71.0
42,30,-8.988805770874023,3.0759098529815674,4.0
42,31,-0.6153499484062195,1.3602588176727295,1.0
42,32,-2.398527145385742,2.2244484424591064,1.0
42,33,-12.079283714294434,7.48734188079834,338.0
42,34,-0.6396793723106384,1.0956882238388062,1.0
42,35,-14.41419506072998,1.9865317344665527,5.0
42,36,-10.85604476928711,37.28837585449219,655.0
42,37,-21.529420852661133,10.937067985534668,90.0
42,38,-13.888306617736816,32.20355224609375,931.0
42,39,-14.019340515136719,7.409500598907471,677.0
42,40,-11.346683502197266,2.8053174018859863,10.0
42,41,-32.634674072265625,12.309355735778809,993.0
42,42,-5.150103569030762,1.9036307334899902,2.0
42,43,-0.0895601361989975,1.0074912309646606,1.0
42,44,-1.9964953660964966,1.9454599618911743,1.0
42,45,-12.069206237792969,20.436071395874023,16.0
42,46,-32.77927780151367,5.613784313201904,64.0
42,47,-7.181483268737793,2.4539167881011963,6.0
42,48,-45.436920166015625,14.479878425598145,336.0
42,49,-0.307323694229126,1.1660964488983154,1.0
42,50,-4.31535005569458,2.0528414249420166,2.0
42,51,-10.277458190917969,5.545072555541992,5.0
42,52,-54.74883270263672,15.447412490844727,1271.0
42,53,-13.9497652053833,32.70216751098633,1805.0
42,54,-21.0474853515625,20.22225570678711,4695.0
42,55,-11.446124076843262,45.39375686645508,555.0
42,56,-6.6799540519714355,3.803762435913086,3.0
42,57,-6.454751014709473,635.7154541015625,65.0
42,58,-12.280197143554688,2.154400110244751,11.0
42,59,-2.415881395339966,1.2732696533203125,3.0
42,60,-3.499107837677002,2.0133936405181885,1.0
42,61,-17.952646255493164,9.431741714477539,71.0
42,62,-20.52520179748535,18.768342971801758,91.0
42,63,-6.789546966552734,29.807899475097656,27.0
42,64,-2.0065698623657227,1.952004075050354,2.0
42,65,-12.725189208984375,4.112001895904541,6.0
42,66,-21.840600967407227,1451.2789306640625,450.0
42,67,-7.812333106994629,3.6768462657928467,15.0
42,68,-1.5709848403930664,1.4810423851013184,1.0
42,69,-11.798728942871094,1.9260762929916382,6.0
42,70,-13.288070678710938,5.26461935043335,48.0
42,71,-5.33667516708374,5.923288345336914,4.0
42,72,-24.74238395690918,15.629401206970215,17.0
42,73,-31.073806762695312,16.85911750793457,84.0
44,0,-8.474287986755371,1.6462295055389404,7.0
44,1,-5.426089286804199,1.9704484939575195,2.0
44,2,-9.337200164794922,10.322232246398926,129.0
44,3,-7.278834819793701,1.3094228506088257,4.0
44,4,-3.3337175846099854,3.038120746612549,4.0
44,5,-2.855684518814087,1.7702784538269043,2.0
44,6,-12.906694412231445,6.320596218109131,30.0
44,7,-1.9174686670303345,1.6150521039962769,2.0
44,8,-4.98170804977417,2.037396192550659,3.0
44,9,-17.42251968383789,77.9158935546875,1790.0
44,10,-4.073063850402832,2.76839017868042,6.0
44,11,-9.795928955078125,2.6633718013763428,7.0
44,12,-10.652220726013184,8.418603897094727,227.0
44,13,-3.626386880874634,2.475882053375244,2.0
44,14,-4.079562664031982,7.688928127288818,3.0
44,15,-9.772743225097656,2.6572036743164062,9.0
44,16,-8.025303840637207,14.513819694519043,5.0
44,17,-0.23691387474536896,1.0402755737304688,1.0
44,18,-1.318771243095398,1.5520713329315186,1.0
44,19,-1.309584617614746,1.5473259687423706,1.0
44,20,-23.897789001464844,119.05168151855469,3609.0
44,21,-27.14153289794922,6.949577808380127,2967.0
44,22,-7.688000679016113,6.8346147537231445,2.0
44,23,-11.517975807189941,17.805259704589844,7.0
44,24,-26.934722900390625,28.98679542541504,450.0
44,25,-0.8205416202545166,1.108012318611145,1.0
44,26,-11.205683708190918,4.058082103729248,62.0
44,27,-11.208186149597168,1.6643972396850586,3.0
44,28,-7.739589691162109,2.3630530834198,3.0
44,29,-16.26642608642578,2.9577488899230957,73.0
44,30,-8.942621231079102,3.0582034587860107,4.0
44,31,-0.6516246199607849,1.3851553201675415,1.0
44,32,-2.4386637210845947,2.254409074783325,1.0
44,33,-11.952154159545898,7.3303680419921875,333.0
44,34,-0.7034506797790527,1.1057158708572388,1.0
44,35,-15.390143394470215,2.0810320377349854,4.0
44,36,-10.900354385375977,37.843204498291016,670.0
44,37,-21.767047882080078,11.229687690734863,97.0
44,38,-13.981718063354492,32.96444320678711,1033.0
44,39,-13.955376625061035,7.342103004455566,672.0
44,40,-11.312355041503906,2.7965762615203857,10.0
44,41,-32.91073989868164,12.573551177978516,1025.0
44,42,-5.071408271789551,1.8849966526031494,2.0
44,43,-0.09402568638324738,1.0078662633895874,1.0
44,44,-2.066869020462036,1.991635799407959,1.0
44,45,-12.255250930786133,21.409029006958008,16.0
44,46,-33.3218879699707,5.776416778564453,74.0
44,47,-7.10223913192749,2.429729461669922,6.0
44,48,-45.849449157714844,14.835552215576172,348.0
44,49,-0.2911941111087799,1.156730055809021,1.0
44,50,-4.323149681091309,2.055511951446533,2.0
44,51,-10.193120002746582,5.467674255371094,5.0
44,52,-55.0826416015625,15.707401275634766,1287.0
44,53,-13.999998092651367,33.11543655395508,1860.0
44,54,-20.945350646972656,19.929338455200195,4424.0
44,55,-11.43189811706543,45.17901611328125,563.0
44,56,-6.560129165649414,3.713689088821411,3.0
44,57,-6.51171875,672.9821166992188,70.0
44,58,-12.734895706176758,2.216503620147705,11.0
44,59,-2.290611743927002,1.2574188709259033,3.0
44,60,-3.4956741333007812,2.0120112895965576,1.0
44,61,-18.059465408325195,9.55852222442627,80.0
44,62,-20.50160026550293,18.705171585083008,90.0
44,63,-6.77163028717041,29.542062759399414,27.0
44,64,-1.965979814529419,1.9257713556289673,2.0
44,65,-12.736749649047852,4.1172871589660645,6.0
44,66,-21.773548126220703,1419.2008056640625,438.0
44,67,-7.9406914710998535,3.7563531398773193,18.0
44,68,-1.5655442476272583,1.4790292978286743,1.0
44,69,-11.996475219726562,1.947352647781372,6.0
44,70,-13.04174518585205,5.1049885749816895,44.0
44,71,-5.436714172363281,6.124138832092285,4.0
44,72,-24.59476089477539,15.375127792358398,17.0
44,73,-30.68379783630371,16.271841049194336,82.0
46,0,-8.365561485290527,1.6357343196868896,7.0
46,1,-5.727893829345703,2.0462045669555664,2.0
46,2,-9.359813690185547,10.380752563476562,131.0
46,3,-7.179769515991211,1.3046272993087769,4.0
46,4,-3.3424296379089355,3.046956777572632,4.0
46,5,-2.8870906829833984,1.78143310546875,2.0
46,6,-12.965601921081543,6.3740105628967285,32.0
46,7,-1.8615788221359253,1.5926426649093628,2.0
46,8,-4.949892044067383,2.0281569957733154,3.0
46,9,-17.290517807006836,75.38658905029297,1754.0
46,10,-4.060251235961914,2.7595367431640625,6.0
46,11,-9.920291900634766,2.6967012882232666,8.0
46,12,-10.617464065551758,8.360286712646484,223.0
46,13,-3.675182819366455,2.506270408630371,2.0
46,14,-4.084964752197266,7.709724426269531,3.0
46,15,-9.588134765625,2.6085994243621826,8.0
46,16,-8.143871307373047,15.09892749786377,5.0
46,17,-0.2478501796722412,1.0421735048294067,1.0
46,18,-1.309041142463684,1.5470455884933472,1.0
46,19,-1.3642702102661133,1.5757900476455688,1.0
46,20,-23.823366165161133,117.29277801513672,3619.0
46,21,-27.21139907836914,6.98434591293335,2957.0
46,22,-7.686944961547852,6.83281135559082,2.0
46,23,-11.445978164672852,17.48764419555664,7.0
46,24,-26.860271453857422,28.718280792236328,431.0
46,25,-0.821086049079895,1.1080876588821411,1.0
46,26,-11.128490447998047,4.019113540649414,63.0
46,27,-11.308026313781738,1.6719677448272705,3.0
46,28,-7.703160762786865,2.3535075187683105,3.0
46,29,-16.276323318481445,2.9597010612487793,70.0
46,30,-8.903514862060547,3.043290615081787,4.0
46,31,-0.6282556653022766,1.3690646886825562,1.0
46,32,-2.437150478363037,2.253272294998169,1.0
46,33,-12.173822402954102,7.6062517166137695,354.0
46,34,-0.6679952144622803,1.10012948513031,1.0
46,35,-15.291479110717773,2.0712778568267822,4.0
46,36,-10.942270278930664,38.37566375732422,669.0
46,37,-21.648487091064453,11.082723617553711,93.0
46,38,-14.04963493347168,33.528934478759766,1082.0
46,39,-13.933584213256836,7.319280624389648,662.0
46,40,-11.474658966064453,2.8381452560424805,10.0
46,41,-32.9963493347168,12.656625747680664,1000.0
46,42,-5.179024696350098,1.9105250835418701,2.0
46,43,-0.08648644387722015,1.0072332620620728,1.0
46,44,-2.0683209896087646,1.9925999641418457,1.0
46,45,-12.066817283630371,20.423870086669922,16.0
46,46,-33.15625,5.726278781890869,74.0
46,47,-7.1288957595825195,2.4378390312194824,6.0
46,48,-45.6910285949707,14.697944641113281,348.0
46,49,-0.31006771326065063,1.167697548866272,1.0
46,50,-4.451821327209473,2.100069046020508,2.0
46,51,-10.225893020629883,5.497621536254883,5.0
46,52,-54.465354919433594,15.230010032653809,1260.0
46,53,-13.848160743713379,31.881954193115234,1733.0
46,54,-20.892942428588867,19.780689239501953,4416.0
46,55,-11.525201797485352,46.60621643066406,579.0
46,56,-6.607714653015137,3.749201774597168,3.0
46,57,-6.527097702026367,683.411865234375,71.0
46,58,-12.521356582641602,2.1871182918548584,11.0
46,59,-2.336193084716797,1.2631635665893555,3.0
46,60,-3.470174789428711,2.0017762184143066,1.0
46,61,-18.12289810180664,9.634613990783691,85.0
46,62,-20.532312393188477,18.787418365478516,89.0
46,63,-6.674290657043457,28.13868522644043,27.0
46,64,-1.9794838428497314,1.9344595670700073,2.0
46,65,-12.689282417297363,4.095628261566162,6.0
46,66,-21.85614585876465,1458.8179931640625,447.0
46,67,-8.053178787231445,3.8274412155151367,18.0
46,68,-1.557956337928772,1.4762264490127563,1.0
46,69,-12.116147994995117,1.9603426456451416,6.0
46,70,-12.9246826171875,5.030831336975098,41.0
46,71,-5.340855121612549,5.931547164916992,4.0
46,72,-24.741241455078125,15.62741470336914,17.0
46,73,-30.762792587280273,16.389116287231445,84.0
48,0,-7.960063934326172,1.5971791744232178,7.0
48,1,-5.592601776123047,2.0118913650512695,2.0
48,2,-9.310626983642578,10.253886222839355,126.0
48,3,-7.079923152923584,1.2998117208480835,4.0
48,4,-3.399068832397461,3.1050286293029785,4.0
48,5,-2.9432780742645264,1.8015646934509277,2.0
48,6,-12.902541160583496,6.3168463706970215,30.0
48,7,-1.8336087465286255,1.5815449953079224,2.0
48,8,-4.830458164215088,1.99384605884552,2.0
48,9,-17.246458053588867,74.5607681274414,1759.0
48,10,-4.014688491821289,2.7282822132110596,6.0
48,11,-9.589214324951172,2.6088812351226807,8.0
48,12,-10.64111614227295,8.399928092956543,221.0
48,13,-3.719980239868164,2.534496784210205,2.0
48,14,-4.112470626831055,7.8164873123168945,3.0
48,15,-9.357959747314453,2.549241781234741,8.0
48,16,-8.045654296875,14.612608909606934,4.0
48,17,-0.2522865831851959,1.042944312095642,1.0
48,18,-1.2488691806793213,1.5163249969482422,1.0
48,19,-1.29737389087677,1.5410406589508057,1.0
48,20,-23.510414123535156,110.1763916015625,3487.0
48,21,-27.226951599121094,6.992109775543213,3018.0
48,22,-7.62186336517334,6.722538948059082,2.0
48,23,-11.518394470214844,17.807125091552734,7.0
48,24,-26.859874725341797,28.71685791015625,436.0
48,25,-0.8233232498168945,1.1083977222442627,1.0
48,26,-11.045846939086914,3.9778077602386475,57.0
48,27,-10.898380279541016,1.6411232948303223,3.0
48,28,-7.538785934448242,2.310913562774658,3.0
48,29,-16.187734603881836,2.942272663116455,70.0
48,30,-9.023207664489746,3.089165210723877,4.0
48,31,-0.5897687077522278,1.3429710865020752,1.0
48,32,-2.346768379211426,2.186399459838867,1.0
48,33,-12.127817153930664,7.548153877258301,358.0
48,34,-0.5730717182159424,1.0853118896484375,1.0
48,35,-14.048641204833984,1.9522507190704346,4.0
48,36,-11.018025398254395,39.35704803466797,700.0
48,37,-21.56033706665039,10.974702835083008,89.0
48,38,-14.250877380371094,35.258949279785156,1162.0
48,39,-13.97454833984375,7.36223840713501,679.0
48,40,-11.556085586547852,2.8592324256896973,10.0
48,41,-32.8382453918457,12.50362777709961,977.0
48,42,-4.9323039054870605,1.8525035381317139,2.0
48,43,-0.06981347501277924,1.0058348178863525,1.0
48,44,-2.0562992095947266,1.984631061553955,1.0
48,45,-11.948023796081543,19.82623291015625,15.0
48,46,-32.92839813232422,5.658018112182617,71.0
48,47,-7.225188255310059,2.4673595428466797,6.0
48,48,-45.468807220458984,14.507062911987305,354.0
48,49,-0.33303555846214294,1.1811845302581787,1.0
48,50,-4.41136360168457,2.08595609664917,2.0
48,51,-10.250650405883789,5.520352840423584,5.0
48,52,-54.145164489746094,14.98812484741211,1281.0
48,53,-13.872804641723633,32.07898712158203,1742.0
48,54,-20.89008140563965,19.77260398864746,4710.0
48,55,-11.561336517333984,47.17097854614258,573.0
48,56,-6.51751708984375,3.68217396736145,3.0
48,57,-6.530875205993652,685.9983520507812,71.0
48,58,-12.254966735839844,2.151005744934082,11.0
48,59,-2.2040839195251465,1.246585726737976,1.0
48,60,-3.4502084255218506,1.9937986135482788,1.0
48,61,-18.002941131591797,9.49122428894043,76.0
48,62,-20.385498046875,18.39748764038086,89.0
48,63,-6.676115989685059,28.164379119873047,27.0
48,64,-1.8960998058319092,1.8814321756362915,2.0
48,65,-12.709550857543945,4.104862689971924,6.0
48,66,-21.840551376342773,1451.2547607421875,456.0
48,67,-8.069128036499023,3.8376288414001465,17.0
48,68,-1.558548927307129,1.4764450788497925,1.0
48,69,-11.76595401763916,1.9225724935531616,6.0
48,70,-12.93899154663086,5.0398383140563965,42.0
48,71,-5.32982063293457,5.9097700119018555,4.0
48,72,-24.635971069335938,15.445693016052246,18.0
48,73,-30.853538513183594,16.524877548217773,86.0
50,0,-7.9904093742370605,1.6000328063964844,7.0
50,1,-5.6184563636779785,2.018404006958008,2.0
50,2,-9.300267219543457,10.227363586425781,124.0
50,3,-6.911357879638672,1.291722059249878,3.0
50,4,-3.4281327724456787,3.135256052017212,4.0
50,5,-2.974841356277466,1.8129732608795166,2.0
50,6,-13.040105819702148,6.442214012145996,35.0
50,7,-1.8230232000350952,1.5773651599884033,2.0
50,8,-4.714751720428467,1.9611594676971436,2.0
50,9,-17.299842834472656,75.56254577636719,1777.0
50,10,-3.9924769401550293,2.7131741046905518,6.0
50,11,-9.483624458312988,2.581479072570801,8.0
50,12,-10.664323806762695,8.439007759094238,217.0
50,13,-3.7291383743286133,2.5403060913085938,2.0
50,14,-4.0849456787109375,7.70965051651001,3.0
50,15,-9.477180480957031,2.5798161029815674,8.0
50,16,-8.08433723449707,14.802249908447266,5.0
50,17,-0.27643826603889465,1.04715096950531,1.0
50,18,-1.2941460609436035,1.5393836498260498,1.0
50,19,-1.3351233005523682,1.5605542659759521,1.0
50,20,-23.492782592773438,109.78856658935547,3476.0
50,21,-27.121641159057617,6.9397101402282715,2969.0
50,22,-7.601825714111328,6.6889472007751465,2.0
50,23,-11.542518615722656,17.914844512939453,7.0
50,24,-26.587827682495117,27.756732940673828,365.0
50,25,-0.8472604155540466,1.1117191314697266,1.0
50,26,-10.940336227416992,3.925689458847046,56.0
50,27,-10.861001968383789,1.638337254524231,3.0
50,28,-7.477280616760254,2.2951745986938477,3.0
50,29,-16.114360809326172,2.927915573120117,70.0
50,30,-8.988651275634766,3.075850486755371,4.0
50,31,-0.5801729559898376,1.336543083190918,1.0
50,32,-2.426760673522949,2.2454819679260254,1.0
50,33,-12.115849494934082,7.533113479614258,357.0
50,34,-0.5864880084991455,1.0873939990997314,1.0
50,35,-13.466839790344238,1.8989062309265137,5.0
50,36,-11.043822288513184,39.69694137573242,696.0
50,37,-21.37982940673828,10.756784439086914,89.0
50,38,-14.35164737701416,36.15849304199219,1240.0
50,39,-14.054900169372559,7.447234630584717,688.0
50,40,-11.529914855957031,2.852437973022461,10.0
50,41,-32.8985710144043,12.561784744262695,962.0
50,42,-4.852910995483398,1.8342100381851196,2.0
50,43,-0.0640149787068367,1.0053489208221436,1.0
50,44,-2.0560975074768066,1.9844976663589478,1.0
50,45,-11.809301376342773,19.150434494018555,14.0
50,46,-32.90082550048828,5.6498122215271,70.0
50,47,-7.2404398918151855,2.4720678329467773,6.0
50,48,-45.359615325927734,14.414182662963867,352.0
50,49,-0.32492896914482117,1.1764066219329834,1.0
50,50,-4.511600971221924,2.1210973262786865,2.0
50,51,-10.308490753173828,5.573826313018799,5.0
50,52,-54.33654022216797,15.132229804992676,1283.0
50,53,-13.774367332458496,31.299179077148438,1690.0
50,54,-20.840234756469727,19.632305145263672,4575.0
50,55,-11.568427085876465,47.282596588134766,584.0
50,56,-6.478569984436035,3.6536037921905518,2.0
50,57,-6.525137424468994,682.073486328125,69.0
50,58,-12.167813301086426,2.1393206119537354,11.0
50,59,-2.174062967300415,1.2428489923477173,2.0
50,60,-3.471188545227051,2.0021822452545166,1.0
50,61,-17.892093658447266,9.360621452331543,68.0
50,62,-20.42885971069336,18.51180648803711,89.0
50,63,-6.693857669830322,28.41533088684082,27.0
50,64,-1.9021503925323486,1.885230541229248,2.0
50,65,-12.703974723815918,4.102320671081543,6.0
50,66,-21.957462310791016,1508.92724609375,459.0
50,67,-8.118460655212402,3.869312286376953,17.0
50,68,-1.569521188735962,1.4805006980895996,2.0
50,69,-11.685569763183594,1.9140057563781738,6.0
50,70,-13.049253463745117,5.109781742095947,45.0
50,71,-5.506762981414795,6.2688164710998535,4.0
50,72,-24.663827896118164,15.493574142456055,18.0
50,73,-30.89763641357422,16.591259002685547,85.0
52,0,-7.795973777770996,1.5818368196487427,7.0
52,1,-5.790493011474609,2.062278985977173,2.0
52,2,-9.29301643371582,10.208841323852539,125.0
52,3,-6.881145000457764,1.290277361869812,4.0
52,4,-3.364323139190674,3.0692737102508545,4.0
52,5,-2.9705870151519775,1.8114314079284668,2.0
52,6,-13.149043083190918,6.54325532913208,36.0
52,7,-1.8393986225128174,1.5838359594345093,2.0
52,8,-4.943783760070801,2.0263876914978027,3.0
52,9,-17.219255447387695,74.05543518066406,1747.0
52,10,-3.985489845275879,2.7084391117095947,6.0
52,11,-9.631648063659668,2.6199750900268555,7.0
52,12,-10.635358810424805,8.390262603759766,213.0
52,13,-3.794985294342041,2.582469940185547,2.0
52,14,-4.131994247436523,7.89316463470459,3.0
52,15,-9.47089672088623,2.578195333480835,9.0
52,16,-8.067390441894531,14.718865394592285,4.0
52,17,-0.27342671155929565,1.0466253757476807,1.0
52,18,-1.3074456453323364,1.5462230443954468,1.0
52,19,-1.3727138042449951,1.5802313089370728,1.0
52,20,-23.064220428466797,100.77033233642578,3475.0
52,21,-27.08936882019043,6.923731803894043,3021.0
52,22,-7.579866409301758,6.652326583862305,2.0
52,23,-11.430564880371094,17.420387268066406,7.0
52,24,-26.400798797607422,27.115346908569336,354.0
52,25,-0.836507260799408,1.110225796699524,1.0
52,26,-10.916702270507812,3.914109230041504,54.0
52,27,-10.96264362335205,1.6459242105484009,3.0
52,28,-7.440061569213867,2.285702705383301,3.0
52,29,-16.163976669311523,2.9376163482666016,71.0
52,30,-8.9581298828125,3.0641379356384277,4.0
52,31,-0.5958625674247742,1.347069263458252,1.0
52,32,-2.435786724090576,2.2522480487823486,1.0
52,33,-11.97830867767334,7.362390995025635,348.0
52,34,-0.5786335468292236,1.0861746072769165,1.0
52,35,-14.108076095581055,1.957783818244934,4.0
52,36,-11.030019760131836,39.51471710205078,679.0
52,37,-21.401023864746094,10.782145500183105,90.0
52,38,-14.234220504760742,35.1124267578125,1178.0
52,39,-13.996091842651367,7.384932041168213,683.0
52,40,-11.148370742797852,2.755195140838623,10.0
52,41,-32.82072830200195,12.486790657043457,985.0
52,42,-5.019369125366211,1.8727747201919556,2.0
52,43,-0.07225276529788971,1.0060392618179321,1.0
52,44,-2.0563864707946777,1.9846888780593872,1.0
52,45,-11.927753448486328,19.726016998291016,15.0
52,46,-32.86786651611328,5.640020370483398,74.0
52,47,-7.218318939208984,2.4652416706085205,6.0
52,48,-45.59272766113281,14.613198280334473,359.0
52,49,-0.3373972177505493,1.1837632656097412,1.0
52,50,-4.573451519012451,2.143075466156006,2.0
52,51,-10.389214515686035,5.649323463439941,5.0
52,52,-54.46251678466797,15.227849006652832,1279.0
52,53,-13.78869342803955,31.41147804260254,1729.0
52,54,-20.840808868408203,19.633914947509766,4665.0
52,55,-11.628755569458008,48.24305725097656,613.0
52,56,-6.628435134887695,3.7647712230682373,3.0
52,57,-6.4208574295043945,614.5298461914062,63.0
52,58,-12.124467849731445,2.133533000946045,11.0
52,59,-2.2151777744293213,1.247969388961792,1.0
52,60,-3.5200209617614746,2.021832227706909,1.0
52,61,-17.97590446472168,9.459202766418457,72.0
52,62,-20.40585708618164,18.451072692871094,89.0
52,63,-6.736382484436035,29.025976181030273,27.0
52,64,-1.8798692226409912,1.8712807893753052,2.0
52,65,-12.664624214172363,4.084423065185547,6.0
52,66,-21.890907287597656,1475.81982421875,475.0
52,67,-8.184946060180664,3.912425994873047,17.0
52,68,-1.5586960315704346,1.4764994382858276,1.0
52,69,-11.86979866027832,1.9336961507797241,6.0
52,70,-13.095254898071289,5.139248371124268,49.0
52,71,-5.508368968963623,6.2721734046936035,4.0
52,72,-24.530492782592773,15.265727043151855,16.0
52,73,-30.871227264404297,16.55147361755371,84.0
54,0,-7.9075117111206055,1.5922493934631348,7.0
54,1,-5.983633995056152,2.11267352104187,2.0
54,2,-9.24287223815918,10.081661224365234,124.0
54,3,-6.883131504058838,1.290372371673584,4.0
54,4,-3.345688819885254,3.0502684116363525,4.0
54,5,-2.9507434368133545,1.8042566776275635,2.0
54,6,-13.047106742858887,6.448660850524902,35.0
54,7,-1.8542954921722412,1.5897454023361206,2.0
54,8,-4.962299346923828,2.031754732131958,4.0
54,9,-17.293514251708984,75.44308471679688,1774.0
54,10,-3.947420120239258,2.682784080505371,6.0
54,11,-9.7047758102417,2.639204740524292,8.0
54,12,-10.746003150939941,8.577999114990234,227.0
54,13,-3.7837557792663574,2.575230360031128,2.0
54,14,-4.117439270019531,7.835930347442627,3.0
54,15,-9.681744575500488,2.6331334114074707,9.0
54,16,-7.962510585784912,14.213189125061035,4.0
54,17,-0.24585551023483276,1.0418269634246826,1.0
54,18,-1.3627086877822876,1.574970006942749,1.0
54,19,-1.394622802734375,1.5918140411376953,1.0
54,20,-23.244361877441406,104.46711730957031,3517.0
54,21,-27.12773895263672,6.942734241485596,2971.0
54,22,-7.634316444396973,6.743500232696533,2.0
54,23,-11.424720764160156,17.394954681396484,7.0
54,24,-26.23248863220215,26.550832748413086,331.0
54,25,-0.8304080963134766,1.1093796491622925,1.0
54,26,-10.8787841796875,3.895601272583008,55.0
54,27,-11.005181312561035,1.6491094827651978,3.0
54,28,-7.469052314758301,2.293077230453491,3.0
54,29,-16.2115421295166,2.946946144104004,71.0
54,30,-8.94561767578125,3.059349298477173,4.0
54,31,-0.5928590297698975,1.3450478315353394,1.0
54,32,-2.451768159866333,2.2642781734466553,1.0
54,33,-12.000724792480469,7.389949321746826,340.0
54,34,-0.5939832329750061,1.0885589122772217,1.0
54,35,-14.2960205078125,1.9753841161727905,5.0
54,36,-10.980854988098145,38.87241744995117,663.0
54,37,-21.593767166137695,11.015544891357422,90.0
54,38,-14.244823455810547,35.205623626708984,1194.0
54,39,-13.982619285583496,7.370731353759766,676.0
54,40,-11.004125595092773,2.719301462173462,10.0
54,41,-32.87411880493164,12.538179397583008,989.0
54,42,-5.08940315246582,1.8892415761947632,2.0
54,43,-0.07333852350711823,1.006130337715149,1.0
54,44,-2.0292487144470215,1.9668164253234863,1.0
54,45,-12.029911994934082,20.236299514770508,15.0
54,46,-32.704566955566406,5.5917534828186035,73.0
54,47,-7.22141170501709,2.4661951065063477,6.0
54,48,-45.86521911621094,14.849321365356445,370.0
54,49,-0.3209534287452698,1.1740703582763672,1.0
54,50,-4.567222595214844,2.1408517360687256,2.0
54,51,-10.323138236999512,5.587449550628662,5.0
54,52,-54.53265380859375,15.281341552734375,1252.0
54,53,-13.80801010131836,31.56353759765625,1730.0
54,54,-20.82649040222168,19.593793869018555,4470.0
54,55,-11.582582473754883,47.506229400634766,601.0
54,56,-6.654817581176758,3.7846879959106445,3.0
54,57,-6.400121688842773,601.9182739257812,61.0
54,58,-12.241004943847656,2.1491293907165527,11.0
54,59,-2.2091691493988037,1.2472198009490967,1.0
54,60,-3.516655445098877,2.0204720497131348,1.0
54,61,-17.909404754638672,9.380898475646973,72.0
54,62,-20.398529052734375,18.431766510009766,90.0
54,63,-6.785141944885254,29.742321014404297,27.0
54,64,-1.907052755355835,1.888313889503479,2.0
54,65,-12.604737281799316,4.057335376739502,6.0
54,66,-21.93680191040039,1498.571044921875,464.0
54,67,-8.284191131591797,3.9776792526245117,18.0
54,68,-1.5842297077178955,1.4859546422958374,1.0
54,69,-11.982057571411133,1.9457935094833374,6.0
54,70,-13.138839721679688,5.167324066162109,50.0
54,71,-5.540065765380859,6.338794708251953,4.0
54,72,-24.509916305541992,15.230866432189941,16.0
54,73,-30.87331199645996,16.554611206054688,84.0
56,0,-7.7940354347229,1.5816564559936523,7.0
56,1,-6.0116658210754395,2.120089530944824,2.0
56,2,-9.32833194732666,10.299372673034668,129.0
56,3,-6.8433356285095215,1.2884718179702759,4.0
56,4,-3.315436601638794,3.0196640491485596,4.0
56,5,-2.9638328552246094,1.8089861869812012,2.0
56,6,-13.128689765930176,6.524257183074951,37.0
56,7,-1.8671530485153198,1.5948636531829834,2.0
56,8,-5.056222438812256,2.0592000484466553,4.0
56,9,-17.22235679626465,74.11286926269531,1747.0
56,10,-3.9565670490264893,2.6889257431030273,6.0
56,11,-9.85927963256836,2.6802978515625,9.0
56,12,-10.723007202148438,8.538636207580566,216.0
56,13,-3.7701447010040283,2.5664823055267334,2.0
56,14,-4.122132778167725,7.85434103012085,3.0
56,15,-9.630621910095215,2.619706153869629,8.0
56,16,-7.997544288635254,14.380139350891113,5.0
56,17,-0.2608177363872528,1.0444283485412598,1.0
56,18,-1.3280048370361328,1.5568557977676392,1.0
56,19,-1.3898648023605347,1.5892914533615112,1.0
56,20,-23.243606567382812,104.45133209228516,3401.0
56,21,-27.2198543548584,6.988565444946289,3028.0
56,22,-7.610904216766357,6.704145431518555,2.0
56,23,-11.38119888305664,17.206714630126953,7.0
56,24,-26.25624656677246,26.629796981811523,328.0
56,25,-0.8094911575317383,1.1064828634262085,1.0
56,26,-10.73935317993164,3.828293561935425,54.0
56,27,-10.914947509765625,1.6423596143722534,3.0
56,28,-7.442159652709961,2.2862355709075928,3.0
56,29,-16.112449645996094,2.9275424480438232,74.0
56,30,-8.94845199584961,3.0604333877563477,4.0
56,31,-0.5872098207473755,1.3412538766860962,1.0
56,32,-2.389726161956787,2.2179322242736816,1.0
56,33,-12.012885093688965,7.404941082000732,355.0
56,34,-0.5749257802963257,1.085599422454834,1.0
56,35,-14.348694801330566,1.9803451299667358,5.0
56,36,-10.974675178527832,38.79242706298828,645.0
56,37,-21.76126480102539,11.222472190856934,93.0
56,38,-14.219999313354492,34.987815856933594,1185.0
56,39,-14.073064804077148,7.466585159301758,699.0
56,40,-11.035009384155273,2.726947069168091,10.0
56,41,-32.922603607177734,12.585028648376465,1019.0
56,42,-4.9905595779418945,1.8660424947738647,2.0
56,43,-0.07161781191825867,1.005985975265503,1.0
56,44,-2.074261426925659,1.9965496063232422,1.0
56,45,-12.023435592651367,20.203561782836914,15.0
56,46,-32.84358596801758,5.63281774520874,76.0
56,47,-7.13099479675293,2.438478708267212,6.0
56,48,-45.81805419921875,14.80817985534668,363.0
56,49,-0.3273552656173706,1.1778346300125122,1.0
56,50,-4.596519470214844,2.1513307094573975,2.0
56,51,-10.30163288116455,5.5674591064453125,5.0
56,52,-54.788726806640625,15.478260040283203,1267.0
56,53,-13.821202278137207,31.667804718017578,1731.0
56,54,-20.627582550048828,19.04486656188965,4138.0
56,55,-11.482094764709473,45.94131851196289,552.0
56,56,-6.720319747924805,3.8345956802368164,3.0
56,57,-6.377137184143066,588.2412719726562,61.0
56,58,-12.311344146728516,2.1585981845855713,11.0
56,59,-2.182553291320801,1.2439045906066895,1.0
56,60,-3.5436313152313232,2.031402111053467,1.0
56,61,-18.060352325439453,9.559581756591797,76.0
56,62,-20.55804443359375,18.85660743713379,89.0
56,63,-6.759561061859131,29.36432456970215,27.0
56,64,-1.9268642663955688,1.9008251428604126,2.0
56,65,-12.614267349243164,4.061633586883545,6.0
56,66,-21.924135208129883,1492.2568359375,458.0
56,67,-8.0853853225708,3.848041296005249,17.0
56,68,-1.5526849031448364,1.4742822647094727,1.0
56,69,-12.026752471923828,1.950631022453308,6.0
56,70,-13.090606689453125,5.136263370513916,51.0
56,71,-5.65392541885376,6.583995342254639,4.0
56,72,-24.570470809936523,15.333688735961914,16.0
56,73,-31.232067108154297,17.10342788696289,83.0
58,0,-7.794999122619629,1.5817461013793945,7.0
58,1,-5.771787643432617,2.057462692260742,2.0
58,2,-9.310317039489746,10.253091812133789,127.0
58,3,-6.866528511047363,1.289579153060913,4.0
58,4,-3.257199287414551,2.9616100788116455,4.0
58,5,-2.962634325027466,1.808552622795105,2.0
58,6,-13.042913436889648,6.444798946380615,36.0
58,7,-1.8514901399612427,1.5886307954788208,2.0
58,8,-4.9426445960998535,2.0260579586029053,2.0
58,9,-17.34942626953125,76.50503540039062,1761.0
58,10,-3.975553512573242,2.7017195224761963,6.0
58,11,-9.850688934326172,2.6779963970184326,7.0
58,12,-10.737380027770996,8.563217163085938,220.0
58,13,-3.7748451232910156,2.5694997310638428,2.0
58,14,-4.149140357971191,7.961123943328857,3.0
58,15,-9.749116897583008,2.650933027267456,8.0
58,16,-8.012626647949219,14.452617645263672,5.0
58,17,-0.2444687783718109,1.0415862798690796,1.0
58,18,-1.3538631200790405,1.5703330039978027,1.0
58,19,-1.367635726928711,1.5775588750839233,1.0
58,20,-23.236995697021484,104.31330871582031,3424.0
58,21,-27.213592529296875,6.985440254211426,3030.0
58,22,-7.624608993530273,6.727154731750488,2.0
58,23,-11.363960266113281,17.132719039916992,7.0
58,24,-26.202983856201172,26.45309066772461,312.0
58,25,-0.8112867474555969,1.1067311763763428,1.0
58,26,-10.72506046295166,3.821460008621216,52.0
58,27,-10.798869132995605,1.6337168216705322,3.0
58,28,-7.460102558135986,2.2907981872558594,3.0
58,29,-16.241199493408203,2.9527785778045654,76.0
58,30,-8.93913745880127,3.0568721294403076,4.0
58,31,-0.6097382307052612,1.356447458267212,1.0
58,32,-2.330421209335327,2.17451810836792,1.0
58,33,-12.001205444335938,7.3905415534973145,351.0
58,34,-0.5404413938522339,1.0802644491195679,1.0
58,35,-14.209720611572266,1.9672828912734985,5.0
58,36,-11.029213905334473,39.50410842895508,680.0
58,37,-21.736278533935547,11.191360473632812,91.0
58,38,-14.279672622680664,35.51368713378906,1195.0
58,39,-14.040879249572754,7.432333469390869,683.0
58,40,-11.06944465637207,2.735497236251831,10.0
58,41,-32.801849365234375,12.468670845031738,1010.0
58,42,-4.831758499145508,1.829366683959961,2.0
58,43,-0.06444504112005234,1.0053848028182983,1.0
58,44,-2.0329837799072266,1.9692667722702026,1.0
58,45,-12.035018920898438,20.26215362548828,15.0
58,46,-32.785919189453125,5.615747928619385,76.0
58,47,-7.149875640869141,2.4442405700683594,6.0
58,48,-45.797019958496094,14.789867401123047,360.0
58,49,-0.3300275504589081,1.179409384727478,1.0
58,50,-4.539566993713379,2.1310067176818848,2.0
58,51,-10.391742706298828,5.651703834533691,5.0
58,52,-54.73286056518555,15.435083389282227,1289.0
58,53,-13.834814071655273,31.7757511138916,1749.0
58,54,-20.616426467895508,19.014537811279297,4148.0
58,55,-11.64648723602295,48.52903747558594,610.0
58,56,-6.674368858337402,3.799516201019287,3.0
58,57,-6.384194850921631,592.4075927734375,60.0
58,58,-12.224828720092773,2.1469576358795166,11.0
58,59,-2.1168160438537598,1.235754370689392,1.0
58,60,-3.518903970718384,2.021380662918091,1.0
58,61,-17.97114372253418,9.453575134277344,74.0
58,62,-20.556312561035156,18.851945877075195,90.0
58,63,-6.759994983673096,29.370697021484375,27.0
58,64,-1.8993054628372192,1.8834437131881714,2.0
58,65,-12.577417373657227,4.045037746429443,6.0
58,66,-21.950334548950195,1505.3463134765625,463.0
58,67,-8.261955261230469,3.962965488433838,18.0
58,68,-1.5455491542816162,1.4716545343399048,1.0
58,69,-11.949688911437988,1.9422974586486816,6.0
58,70,-13.189838409423828,5.2003703117370605,53.0
58,71,-5.68743371963501,6.657947063446045,4.0
58,72,-24.419452667236328,15.078540802001953,16.0
58,73,-30.925966262817383,16.634044647216797,87.0
60,0,-7.66481876373291,1.569679856300354,7.0
60,1,-5.690918922424316,2.036769390106201,2.0
60,2,-9.341769218444824,10.334030151367188,128.0
60,3,-6.944611549377441,1.2933138608932495,4.0
60,4,-3.2804477214813232,2.984650135040283,4.0
60,5,-2.9661965370178223,1.809841513633728,2.0
60,6,-13.07437515258789,6.473830699920654,36.0
60,7,-1.830091953277588,1.5801551342010498,2.0
60,8,-4.867133617401123,2.004319906234741,2.0
60,9,-17.299779891967773,75.56135559082031,1762.0
60,10,-3.92606520652771,2.66849946975708,6.0
60,11,-9.729183197021484,2.6456542015075684,7.0
60,12,-10.683673858642578,8.47173023223877,210.0
60,13,-3.7234556674957275,2.5366997718811035,2.0
60,14,-4.127280235290527,7.874582290649414,3.0
60,15,-9.646795272827148,2.62394642829895,8.0
60,16,-8.027488708496094,14.524395942687988,5.0
60,17,-0.24305173754692078,1.0413403511047363,1.0
60,18,-1.3249233961105347,1.5552574396133423,1.0
60,19,-1.3736302852630615,1.5807141065597534,1.0
60,20,-23.313568115234375,105.9231185913086,3366.0
60,21,-27.26528549194336,7.0112810134887695,3070.0
60,22,-7.5442094802856445,6.593289375305176,2.0
60,23,-11.331298828125,16.99339485168457,7.0
60,24,-26.447071075439453,27.27263641357422,357.0
60,25,-0.8090535998344421,1.1064223051071167,1.0
60,26,-10.752269744873047,3.834479570388794,51.0
60,27,-10.550378799438477,1.6153678894042969,3.0
60,28,-7.3860578536987305,2.272028684616089,3.0
60,29,-16.21929168701172,2.9484689235687256,75.0
60,30,-9.004786491394043,3.0820603370666504,4.0
60,31,-0.5938891172409058,1.3457406759262085,1.0
60,32,-2.3821375370025635,2.212329149246216,1.0
60,33,-12.1152925491333,7.532412528991699,358.0
60,34,-0.4829513430595398,1.0714287757873535,1.0
60,35,-14.09718132019043,1.9567683935165405,5.0
60,36,-11.006108283996582,39.20102310180664,664.0
60,37,-21.485736846923828,10.884112358093262,90.0
60,38,-14.236295700073242,35.130645751953125,1198.0
60,39,-14.081380844116211,7.475461006164551,698.0
60,40,-11.238411903381348,2.7778403759002686,10.0
60,41,-32.945343017578125,12.607063293457031,996.0
60,42,-4.715106010437012,1.8028851747512817,2.0
60,43,-0.058108553290367126,1.0048542022705078,1.0
60,44,-1.977571725845337,1.9332269430160522,1.0
60,45,-12.042108535766602,20.298097610473633,15.0
60,46,-32.95472717285156,5.665863513946533,76.0
60,47,-7.149336814880371,2.4440760612487793,6.0
60,48,-45.74788284301758,14.747180938720703,363.0
60,49,-0.35226500034332275,1.1925960779190063,1.0
60,50,-4.543153285980225,2.1322808265686035,2.0
60,51,-10.390490531921387,5.650524616241455,5.0
60,52,-54.734947204589844,15.436692237854004,1264.0
60,53,-13.778329849243164,31.330198287963867,1723.0
60,54,-20.62803840637207,19.046106338500977,4106.0
60,55,-11.639087677001953,48.40949249267578,608.0
60,56,-6.692989349365234,3.813692331314087,4.0
60,57,-6.415205955505371,611.0665893554688,61.0
60,58,-12.332311630249023,2.161428689956665,11.0
60,59,-2.124505043029785,1.23670494556427,1.0
60,60,-3.5047178268432617,2.0156538486480713,1.0
60,61,-18.049320220947266,9.546408653259277,74.0
60,62,-20.427955627441406,18.50941276550293,90.0
60,63,-6.789294719696045,29.804141998291016,27.0
60,64,-1.929304599761963,1.9023720026016235,2.0
60,65,-12.605852127075195,4.057837963104248,6.0
60,66,-22.0504150390625,1556.4114990234375,471.0
60,67,-8.348691940307617,4.020670413970947,18.0
60,68,-1.5266151428222656,1.4647048711776733,1.0
60,69,-11.71492862701416,1.9171302318572998,6.0
60,70,-13.067007064819336,5.121133804321289,50.0
60,71,-5.623212814331055,6.516936302185059,4.0
60,72,-24.55599594116211,15.309049606323242,16.0
60,73,-31.30600929260254,17.21878433227539,89.0
62,0,-7.6236891746521,1.5658866167068481,7.0
62,1,-5.745019912719727,2.0505897998809814,2.0
62,2,-9.293906211853027,10.211112022399902,125.0
62,3,-6.846181869506836,1.2886077165603638,4.0
62,4,-3.305541515350342,3.0097203254699707,4.0
62,5,-3.0165090560913086,1.828145146369934,2.0
62,6,-13.115316390991211,6.511804103851318,35.0
62,7,-1.8488266468048096,1.5875734090805054,2.0
62,8,-4.883185386657715,2.0089213848114014,2.0
62,9,-17.280656814575195,75.20097351074219,1758.0
62,10,-3.961709499359131,2.692384958267212,6.0
62,11,-9.615716934204102,2.615804672241211,7.0
62,12,-10.73362922668457,8.556796073913574,211.0
62,13,-3.7823891639709473,2.574350595474243,2.0
62,14,-4.166713714599609,8.031383514404297,3.0
62,15,-9.64484977722168,2.623436212539673,8.0
62,16,-8.069124221801758,14.727374076843262,5.0
62,17,-0.2519971430301666,1.0428940057754517,1.0
62,18,-1.3187808990478516,1.5520763397216797,1.0
62,19,-1.3147821426391602,1.55000901222229,1.0
62,20,-23.371910095214844,107.16634368896484,3411.0
62,21,-27.308664321899414,7.033039093017578,3081.0
62,22,-7.515702247619629,6.546467304229736,2.0
62,23,-11.29713249206543,16.84886360168457,7.0
62,24,-26.242643356323242,26.584556579589844,328.0
62,25,-0.8094127178192139,1.1064720153808594,1.0
62,26,-10.679594993591309,3.7998034954071045,49.0
62,27,-10.456523895263672,1.6084911823272705,3.0
62,28,-7.269465446472168,2.2427849769592285,3.0
62,29,-16.180904388427734,2.9409334659576416,75.0
62,30,-9.061890602111816,3.1041388511657715,4.0
62,31,-0.5888692736625671,1.342367172241211,1.0
62,32,-2.315152406692505,2.1634788513183594,1.0
62,33,-12.05147933959961,7.4527268409729,355.0
62,34,-0.45717698335647583,1.0674909353256226,1.0
62,35,-13.807412147521973,1.9299532175064087,5.0
62,36,-11.069574356079102,40.03916931152344,686.0
62,37,-21.455774307250977,10.847938537597656,89.0
62,38,-14.276546478271484,35.48594284057617,1198.0
62,39,-14.10142993927002,7.4969024658203125,709.0
62,40,-11.114873886108398,2.7468178272247314,10.0
62,41,-33.097328186035156,12.755317687988281,1024.0
62,42,-4.736574172973633,1.8077298402786255,2.0
62,43,-0.0573953315615654,1.0047944784164429,1.0
62,44,-2.011151075363159,1.9549871683120728,1.0
62,45,-12.058769226074219,20.3828182220459,14.0
62,46,-32.87309646606445,5.641572952270508,74.0
62,47,-7.1896185874938965,2.456413507461548,6.0
62,48,-45.81595993041992,14.806354522705078,367.0
62,49,-0.35294052958488464,1.192999005317688,1.0
62,50,-4.573296070098877,2.143019914627075,2.0
62,51,-10.388275146484375,5.648438453674316,5.0
62,52,-54.76091003417969,15.456745147705078,1291.0
62,53,-13.753076553344727,31.13302230834961,1701.0
62,54,-20.611099243164062,19.000072479248047,4233.0
62,55,-11.580011367797852,47.46552658081055,592.0
62,56,-6.634366989135742,3.769240140914917,3.0
62,57,-6.479602336883545,651.7117309570312,66.0
62,58,-12.188344955444336,2.1420676708221436,11.0
62,59,-2.102846384048462,1.2340292930603027,1.0
62,60,-3.4654951095581055,1.999903678894043,1.0
62,61,-17.982166290283203,9.466609001159668,66.0
62,62,-20.501625061035156,18.70524024963379,91.0
62,63,-6.773544788360596,29.570356369018555,27.0
62,64,-1.8789256811141968,1.870692253112793,2.0
62,65,-12.584684371948242,4.048304557800293,6.0
62,66,-22.0377254486084,1549.842529296875,478.0
62,67,-8.37564468383789,4.0387725830078125,18.0
62,68,-1.5021817684173584,1.4557852745056152,1.0
62,69,-11.672210693359375,1.9125858545303345,6.0
62,70,-13.150890350341797,5.175113677978516,56.0
62,71,-5.861725807189941,7.05621337890625,4.0
62,72,-24.5212345123291,15.250033378601074,16.0
62,73,-31.19133186340332,17.040205001831055,91.0
64,0,-7.611994743347168,1.5648099184036255,7.0
64,1,-5.648567199707031,2.026015043258667,2.0
64,2,-9.367554664611816,10.400861740112305,129.0
64,3,-6.795886039733887,1.2862094640731812,4.0
64,4,-3.3506290912628174,3.055295467376709,4.0
64,5,-3.025533676147461,1.8314476013183594,2.0
64,6,-13.062357902526855,6.4627251625061035,35.0
64,7,-1.8032803535461426,1.5695987939834595,2.0
64,8,-4.8079729080200195,1.9874517917633057,2.0
64,9,-17.274822235107422,75.09136199951172,1743.0
64,10,-3.9634580612182617,2.6935620307922363,6.0
64,11,-9.556476593017578,2.6003541946411133,8.0
64,12,-10.707810401916504,8.512724876403809,212.0
64,13,-3.735881805419922,2.5445923805236816,2.0
64,14,-4.177574634552002,8.075117111206055,3.0
64,15,-9.814337730407715,2.6682791709899902,8.0
64,16,-8.04273796081543,14.598411560058594,5.0
64,17,-0.25683480501174927,1.043735146522522,1.0
64,18,-1.2989593744277954,1.5418553352355957,1.0
64,19,-1.3116446733474731,1.5483887195587158,1.0
64,20,-23.500980377197266,109.96875762939453,3401.0
64,21,-27.32281494140625,7.040151119232178,3053.0
64,22,-7.492228984832764,6.508162975311279,2.0
64,23,-11.333269119262695,17.001768112182617,7.0
64,24,-26.339757919311523,26.90924072265625,353.0
64,25,-0.8111557960510254,1.106713056564331,1.0
64,26,-10.635990142822266,3.779148817062378,49.0
64,27,-10.545985221862793,1.6150453090667725,3.0
64,28,-7.323811054229736,2.256368637084961,3.0
64,29,-16.231626510620117,2.950894594192505,75.0
64,30,-9.036802291870117,3.094419479370117,4.0
64,31,-0.5828825235366821,1.3383550643920898,1.0
64,32,-2.3937485218048096,2.2209081649780273,1.0
64,33,-12.086262702941895,7.49605655670166,350.0
64,34,-0.4502097964286804,1.0664290189743042,1.0
64,35,-13.449413299560547,1.8973312377929688,5.0
64,36,-11.04452133178711,39.70619201660156,679.0
64,37,-21.54736328125,10.958894729614258,90.0
64,38,-14.310476303100586,35.78822708129883,1216.0
64,39,-14.186124801635742,7.588160514831543,731.0
64,40,-11.09808349609375,2.742628335952759,10.0
64,41,-33.017669677734375,12.677397727966309,1002.0
64,42,-4.687402725219727,1.7966526746749878,2.0
64,43,-0.05687034875154495,1.0047504901885986,1.0
64,44,-1.9895035028457642,1.9409312009811401,1.0
64,45,-12.016135215759277,20.16672134399414,13.0
64,46,-32.76659393310547,5.6100382804870605,71.0
64,47,-7.098100185394287,2.4284727573394775,6.0
64,48,-45.81111145019531,14.802132606506348,376.0
64,49,-0.352382093667984,1.1926658153533936,1.0
64,50,-4.706461429595947,2.1911144256591797,2.0
64,51,-10.382259368896484,5.6427788734436035,5.0
64,52,-54.440399169921875,15.211016654968262,1292.0
64,53,-13.805322647094727,31.54233741760254,1724.0
64,54,-20.72222137451172,19.30409812927246,4506.0
64,55,-11.571216583251953,47.32658004760742,596.0
64,56,-6.651101112365723,3.7818760871887207,4.0
64,57,-6.4684858322143555,644.507080078125,67.0
64,58,-12.159320831298828,2.1381852626800537,11.0
64,59,-2.0711607933044434,1.2301253080368042,1.0
64,60,-3.4640181064605713,1.9993129968643188,1.0
64,61,-18.027925491333008,9.520913124084473,69.0
64,62,-20.641048431396484,19.08153533935547,91.0
64,63,-6.783871650695801,29.723434448242188,28.0
64,64,-1.8324767351150513,1.8419513702392578,2.0
64,65,-12.666914939880371,4.08546257019043,6.0
64,66,-22.08307647705078,1573.4490966796875,486.0
64,67,-8.462034225463867,4.097344398498535,18.0
64,68,-1.5018863677978516,1.4556777477264404,1.0
64,69,-11.586182594299316,1.9034667015075684,6.0
64,70,-13.134241104125977,5.1643548011779785,51.0
64,71,-5.798128128051758,6.908201694488525,4.0
64,72,-24.366146087646484,14.989493370056152,16.0
64,73,-31.289339065551758,17.192707061767578,92.0
66,0,-7.730705738067627,1.5757752656936646,7.0
66,1,-5.719781875610352,2.04413104057312,2.0
66,2,-9.31048583984375,10.253524780273438,124.0
66,3,-6.814619064331055,1.287102222442627,4.0
66,4,-3.3492746353149414,3.0539166927337646,4.0
66,5,-3.0494327545166016,1.8402224779129028,2.0
66,6,-13.140372276306152,6.535154819488525,34.0
66,7,-1.8356637954711914,1.5823577642440796,2.0
66,8,-4.853695869445801,2.0004758834838867,2.0
66,9,-17.3143253326416,75.83662414550781,1798.0
66,10,-3.985325813293457,2.7083277702331543,6.0
66,11,-9.655405044555664,2.626206636428833,7.0
66,12,-10.702195167541504,8.50317096710205,214.0
66,13,-3.7540769577026367,2.5561935901641846,2.0
66,14,-4.152932167053223,7.976231575012207,3.0
66,15,-9.6733980178833,2.63093638420105,8.0
66,16,-8.016589164733887,14.471719741821289,4.0
66,17,-0.2613554000854492,1.0445219278335571,1.0
66,18,-1.3244519233703613,1.5550130605697632,1.0
66,19,-1.3451318740844727,1.5657693147659302,1.0
66,20,-23.37156105041504,107.1588363647461,3437.0
66,21,-27.267475128173828,7.012377738952637,3029.0
66,22,-7.513385772705078,6.542677402496338,2.0
66,23,-11.33212661743164,16.996912002563477,7.0
66,24,-26.354076385498047,26.95744514465332,354.0
66,25,-0.8110581040382385,1.1066995859146118,1.0
66,26,-10.610047340393066,3.766913414001465,49.0
66,27,-10.668699264526367,1.6240791082382202,3.0
66,28,-7.254826545715332,2.239140033721924,3.0
66,29,-16.156278610229492,2.9361090660095215,73.0
66,30,-9.091068267822266,3.115480899810791,4.0
66,31,-0.5967548489570618,1.3476704359054565,1.0
66,32,-2.363405704498291,2.1985583305358887,1.0
66,33,-12.061087608337402,7.464669704437256,353.0
66,34,-0.48316606879234314,1.0714616775512695,1.0
66,35,-13.520069122314453,1.903725504875183,5.0
66,36,-11.185262680053711,41.61334991455078,727.0
66,37,-21.458555221557617,10.851289749145508,90.0
66,38,-14.204584121704102,34.85323715209961,1176.0
66,39,-14.155280113220215,7.5547990798950195,720.0
66,40,-11.182860374450684,2.7638471126556396,10.0
66,41,-33.003639221191406,12.663724899291992,994.0
66,42,-4.82912540435791,1.8287646770477295,2.0
66,43,-0.05868206545710564,1.0049021244049072,1.0
66,44,-2.0172853469848633,1.9589887857437134,1.0
66,45,-11.927656173706055,19.725536346435547,13.0
66,46,-32.79668045043945,5.618929386138916,73.0
66,47,-7.261938095092773,2.47871994972229,6.0
66,48,-45.805030822753906,14.796839714050293,383.0
66,49,-0.3468468487262726,1.1893696784973145,1.0
66,50,-4.6246232986450195,2.161431074142456,2.0
66,51,-10.412405967712402,5.671201705932617,5.0
66,52,-54.57113265991211,15.310772895812988,1306.0
66,53,-13.81085205078125,31.585969924926758,1729.0
66,54,-20.63006591796875,19.051624298095703,4309.0
66,55,-11.561689376831055,47.1765251159668,578.0
66,56,-6.653336524963379,3.783567190170288,4.0
66,57,-6.4434075355529785,628.5449829101562,66.0
66,58,-12.077892303466797,2.127331495285034,11.0
66,59,-2.0308494567871094,1.2251765727996826,1.0
66,60,-3.4640536308288574,1.999327301979065,1.0
66,61,-18.07452964782715,9.5765380859375,70.0
66,62,-20.49085807800293,18.67648696899414,90.0
66,63,-6.8086090087890625,30.09335708618164,28.0
66,64,-1.8873037099838257,1.875923752784729,2.0
66,65,-12.696102142333984,4.098733425140381,6.0
66,66,-22.068462371826172,1565.802734375,504.0
66,67,-8.392871856689453,4.050384998321533,18.0
66,68,-1.5258984565734863,1.464442491531372,1.0
66,69,-11.746545791625977,1.9205005168914795,6.0
66,70,-13.050760269165039,5.110744476318359,50.0
66,71,-5.866739749908447,7.068016529083252,4.0
66,72,-24.3193359375,14.911733627319336,16.0
66,73,-30.993114471435547,16.73589515686035,83.0
68,0,-7.566798210144043,1.5606552362442017,7.0
68,1,-5.757773399353027,2.053861379623413,2.0
68,2,-9.326963424682617,10.295849800109863,127.0
68,3,-6.728221416473389,1.2829900979995728,3.0
68,4,-3.358287811279297,3.063105583190918,4.0
68,5,-3.016709327697754,1.8282183408737183,2.0
68,6,-13.145417213439941,6.539865970611572,36.0
68,7,-1.835873007774353,1.5824404954910278,2.0
68,8,-4.934051513671875,2.0235724449157715,3.0
68,9,-17.258621215820312,74.787841796875,1732.0
68,10,-4.025222301483154,2.73547625541687,6.0
68,11,-9.761240005493164,2.654148817062378,8.0
68,12,-10.719517707824707,8.532679557800293,215.0
68,13,-3.79219913482666,2.580672025680542,2.0
68,14,-4.182652473449707,8.0956449508667,3.0
68,15,-9.724390029907227,2.6443862915039062,8.0
68,16,-8.072521209716797,14.744062423706055,5.0
68,17,-0.2601144313812256,1.0443059206008911,1.0
68,18,-1.3210924863815308,1.5532727241516113,1.0
68,19,-1.3377923965454102,1.5619434118270874,1.0
68,20,-23.28567123413086,105.3337631225586,3404.0
68,21,-27.247135162353516,7.002197742462158,3028.0
68,22,-7.534214019775391,6.576834201812744,2.0
68,23,-11.394453048706055,17.263824462890625,7.0
68,24,-26.32477378845215,26.85888671875,328.0
68,25,-0.8003249764442444,1.1052157878875732,1.0
68,26,-10.621757507324219,3.7724313735961914,50.0
68,27,-10.610904693603516,1.619818091392517,3.0
68,28,-7.203969955444336,2.22652268409729,3.0
68,29,-16.14642333984375,2.934180498123169,76.0
68,30,-9.07307243347168,3.108480453491211,4.0
68,31,-0.5933706164360046,1.345391869544983,1.0
68,32,-2.372983455657959,2.2055888175964355,1.0
68,33,-12.067234992980957,7.472322463989258,354.0
68,34,-0.4757959544658661,1.0703340768814087,1.0
68,35,-13.632821083068848,1.9139745235443115,6.0
68,36,-11.097622871398926,40.41526412963867,683.0
68,37,-21.434795379638672,10.822680473327637,90.0
68,38,-14.291757583618164,35.62114334106445,1218.0
68,39,-14.20175838470459,7.605127334594727,727.0
68,40,-11.194788932800293,2.766845941543579,10.0
68,41,-33.10462188720703,12.76247501373291,1034.0
68,42,-4.732726097106934,1.806860327720642,2.0
68,43,-0.05655115470290184,1.0047236680984497,1.0
68,44,-1.9886668920516968,1.94038987159729,1.0
68,45,-11.9769868850708,19.97031021118164,13.0
68,46,-32.77046203613281,5.611180305480957,71.0
68,47,-7.161262035369873,2.4477219581604004,6.0
68,48,-45.705745697021484,14.710674285888672,380.0
68,49,-0.348610520362854,1.1904188394546509,1.0
68,50,-4.662808418273926,2.1752307415008545,2.0
68,51,-10.396890640258789,5.656555652618408,5.0
68,52,-54.65154266357422,15.372452735900879,1266.0
68,53,-13.828760147094727,31.727697372436523,1726.0
68,54,-20.586524963378906,18.93348503112793,4292.0
68,55,-11.563478469848633,47.204673767089844,575.0
68,56,-6.723801612854004,3.837266683578491,4.0
68,57,-6.459779739379883,638.9202880859375,66.0
68,58,-12.126543045043945,2.133809804916382,11.0
68,59,-2.094611167907715,1.2330135107040405,1.0
68,60,-3.4496617317199707,1.99358069896698,1.0
68,61,-18.014373779296875,9.50479793548584,65.0
68,62,-20.49296760559082,18.68211555480957,90.0
68,63,-6.817220211029053,30.223209381103516,28.0
68,64,-1.817686676979065,1.832892894744873,2.0
68,65,-12.670104026794434,4.086910724639893,6.0
68,66,-22.109798431396484,1587.52685546875,500.0
68,67,-8.448110580444336,4.0878472328186035,18.0
68,68,-1.5179389715194702,1.4615312814712524,1.0
68,69,-11.615741729736328,1.9065951108932495,6.0
68,70,-13.013259887695312,5.086843490600586,47.0
68,71,-5.761712551116943,6.824853420257568,4.0
68,72,-24.433000564575195,15.101256370544434,16.0
68,73,-31.031991958618164,16.795150756835938,88.0
70,0,-7.628478050231934,1.5663279294967651,7.0
70,1,-5.737341403961182,2.0486226081848145,2.0
70,2,-9.314276695251465,10.263246536254883,128.0
70,3,-6.777900695800781,1.2853529453277588,3.0
70,4,-3.326751947402954,3.0310750007629395,4.0
70,5,-3.046126127243042,1.839005947113037,2.0
70,6,-12.943063735961914,6.35352087020874,31.0
70,7,-1.8491475582122803,1.5877008438110352,2.0
70,8,-4.875995635986328,2.006859064102173,2.0
70,9,-17.380834579467773,77.10812377929688,1788.0
70,10,-4.009900093078613,2.72501802444458,6.0
70,11,-9.712968826293945,2.6413679122924805,8.0
70,12,-10.692313194274902,8.486380577087402,215.0
70,13,-3.7545347213745117,2.556486129760742,2.0
70,14,-4.154355525970459,7.981910228729248,3.0
70,15,-9.77177619934082,2.6569466590881348,8.0
70,16,-7.876682281494141,13.812317848205566,5.0
70,17,-0.24521653354167938,1.0417160987854004,1.0
70,18,-1.3427340984344482,1.5645183324813843,1.0
70,19,-1.321644902229309,1.5535588264465332,1.0
70,20,-23.413768768310547,108.0672378540039,3405.0
70,21,-27.23775863647461,6.997508525848389,3025.0
70,22,-7.527872085571289,6.566414833068848,2.0
70,23,-11.249940872192383,16.651248931884766,7.0
70,24,-26.2550106048584,26.62568473815918,325.0
70,25,-0.8003004193305969,1.1052123308181763,1.0
70,26,-10.678890228271484,3.799468755722046,49.0
70,27,-10.66631031036377,1.6239027976989746,3.0
70,28,-7.285820484161377,2.2468643188476562,3.0
70,29,-16.099933624267578,2.925100326538086,76.0
70,30,-9.057395935058594,3.1023952960968018,4.0
70,31,-0.5911080837249756,1.343870759010315,1.0
70,32,-2.4030609130859375,2.2278127670288086,1.0
70,33,-12.068036079406738,7.473320484161377,348.0
70,34,-0.4769103527069092,1.0705045461654663,1.0
70,35,-13.760477066040039,1.9256447553634644,6.0
70,36,-11.010266304016113,39.25539016723633,666.0
70,37,-21.434558868408203,10.822394371032715,89.0
70,38,-14.330650329589844,35.96918487548828,1229.0
70,39,-14.106951713562012,7.502819538116455,706.0
70,40,-11.332448959350586,2.801689624786377,10.0
70,41,-33.085670471191406,12.743885040283203,990.0
70,42,-4.830775260925293,1.8291418552398682,2.0
70,43,-0.058496758341789246,1.0048866271972656,1.0
70,44,-1.9616886377334595,1.9230186939239502,1.0
70,45,-11.987837791442871,20.024559020996094,13.0
70,46,-32.69967269897461,5.59031343460083,72.0
70,47,-7.161087512969971,2.4476685523986816,6.0
70,48,-45.75974655151367,14.757475852966309,387.0
70,49,-0.3444633483886719,1.187952995300293,1.0
70,50,-4.640373229980469,2.167112350463867,2.0
70,51,-10.39710807800293,5.656760215759277,5.0
70,52,-54.706581115722656,15.414816856384277,1294.0
70,53,-13.837614059448242,31.798004150390625,1775.0
70,54,-20.61531639099121,19.01152229309082,4255.0
70,55,-11.525083541870117,46.6043815612793,577.0
70,56,-6.69868278503418,3.818037748336792,4.0
70,57,-6.42725133895874,618.4716186523438,63.0
70,58,-12.067625999450684,2.125966787338257,11.0
70,59,-2.0816197395324707,1.2314125299453735,1.0
70,60,-3.4677205085754395,2.000793933868408,1.0
70,61,-17.9212703704834,9.394822120666504,65.0
70,62,-20.46811294555664,18.615901947021484,89.0
70,63,-6.816966533660889,30.219375610351562,27.0
70,64,-1.8309472799301147,1.8410125970840454,2.0
70,65,-12.636007308959961,4.071456432342529,6.0
70,66,-22.117982864379883,1591.8642578125,500.0
70,67,-8.470932006835938,4.103425025939941,18.0
70,68,-1.5207170248031616,1.462546706199646,1.0
70,69,-11.788015365600586,1.9249303340911865,6.0
70,70,-13.12876033782959,5.160817623138428,51.0
70,71,-5.92315673828125,7.202193737030029,4.0
70,72,-24.220090866088867,14.748200416564941,16.0
70,73,-31.217788696289062,17.081239700317383,86.0
72,0,-7.678812026977539,1.5709724426269531,7.0
72,1,-5.6289825439453125,2.021061420440674,2.0
72,2,-9.318147659301758,10.27318286895752,124.0
72,3,-6.689484596252441,1.2811508178710938,3.0
72,4,-3.339783191680908,3.0442700386047363,4.0
72,5,-2.972442150115967,1.8121037483215332,2.0
72,6,-13.182861328125,6.5749430656433105,36.0
72,7,-1.805211067199707,1.5703566074371338,2.0
72,8,-4.8994460105896,2.0135934352874756,2.0
72,9,-17.366605758666992,76.83432006835938,1777.0
72,10,-3.9813907146453857,2.705665111541748,6.0
72,11,-9.717632293701172,2.6426000595092773,7.0
72,12,-10.696706771850586,8.493841171264648,215.0
72,13,-3.740234851837158,2.547363042831421,2.0
72,14,-4.186061382293701,8.109455108642578,3.0
72,15,-9.730460166931152,2.6459920406341553,8.0
72,16,-8.082354545593262,14.79246997833252,5.0
72,17,-0.2480531930923462,1.0422086715698242,1.0
72,18,-1.3798054456710815,1.5839712619781494,1.0
72,19,-1.316871166229248,1.5510886907577515,1.0
72,20,-23.34082794189453,106.50220489501953,3416.0
72,21,-27.235456466674805,6.996358394622803,3022.0
72,22,-7.541532516479492,6.588878631591797,2.0
72,23,-11.290435791015625,16.820676803588867,7.0
72,24,-26.305871963500977,26.795501708984375,351.0
72,25,-0.7939079403877258,1.1043295860290527,1.0
72,26,-10.709144592285156,3.8138647079467773,50.0
72,27,-10.659323692321777,1.6233869791030884,3.0
72,28,-7.299304962158203,2.2502334117889404,3.0
72,29,-16.11461639404297,2.9279654026031494,76.0
72,30,-9.069059371948242,3.106921672821045,4.0
72,31,-0.5998620390892029,1.3497657775878906,1.0
72,32,-2.3716378211975098,2.204599618911743,1.0
72,33,-12.083626747131348,7.492763519287109,353.0
72,34,-0.45575734972953796,1.0672744512557983,1.0
72,35,-13.54393482208252,1.9058903455734253,6.0
72,36,-11.058072090148926,39.88594055175781,693.0
72,37,-21.566564559936523,10.982301712036133,90.0
72,38,-14.257387161254883,35.31637954711914,1220.0
72,39,-14.137458801269531,7.53558874130249,713.0
72,40,-11.13767147064209,2.752516508102417,10.0
72,41,-33.027713775634766,12.6871976852417,1024.0
72,42,-4.665927886962891,1.7918363809585571,2.0
72,43,-0.05644317716360092,1.0047146081924438,1.0
72,44,-1.9810986518859863,1.935500979423523,1.0
72,45,-12.012933731079102,20.15058708190918,14.0
72,46,-32.80510711669922,5.621421813964844,76.0
72,47,-7.165914535522461,2.449145793914795,6.0
72,48,-45.732818603515625,14.73411750793457,384.0
72,49,-0.36669421195983887,1.2012313604354858,1.0
72,50,-4.662412166595459,2.1750872135162354,2.0
72,51,-10.401262283325195,5.660678863525391,5.0
72,52,-54.85454559326172,15.529280662536621,1324.0
72,53,-13.762166023254395,31.20384979248047,1695.0
72,54,-20.51744842529297,18.747568130493164,4050.0
72,55,-11.56119441986084,47.16874313354492,593.0
72,56,-6.689601898193359,3.8111095428466797,3.0
72,57,-6.409669399261475,607.6927490234375,62.0
72,58,-12.12936019897461,2.134185314178467,11.0
72,59,-2.0841641426086426,1.2317259311676025,1.0
72,60,-3.4442756175994873,1.9914342164993286,1.0
72,61,-18.091957092285156,9.59742259979248,72.0
72,62,-20.521835327148438,18.759319305419922,90.0
72,63,-6.77596378326416,29.606143951416016,27.0
72,64,-1.883497953414917,1.873545527458191,2.0
72,65,-12.594810485839844,4.052862167358398,6.0
72,66,-22.069761276245117,1566.48095703125,501.0
72,67,-8.517345428466797,4.135290622711182,18.0
72,68,-1.5677562952041626,1.4798475503921509,2.0
72,69,-11.75302505493164,1.9211920499801636,6.0
72,70,-13.11854362487793,5.154231548309326,50.0
72,71,-5.911170959472656,7.173476219177246,4.0
72,72,-24.270065307617188,14.830322265625,16.0
72,73,-31.23133659362793,17.102291107177734,85.0
74,0,-7.721619606018066,1.574933409690857,7.0
74,1,-5.744518756866455,2.0504612922668457,2.0
74,2,-9.328178405761719,10.29897689819336,126.0
74,3,-6.764387130737305,1.2847098112106323,3.0
74,4,-3.340973138809204,3.0454773902893066,4.0
74,5,-3.01625394821167,1.8280516862869263,2.0
74,6,-13.167171478271484,6.560222148895264,35.0
74,7,-1.8480446338653564,1.5872631072998047,2.0
74,8,-4.930627346038818,2.022582769393921,3.0
74,9,-17.34158706665039,76.3552474975586,1770.0
74,10,-4.015425205230713,2.7287847995758057,6.0
74,11,-9.710786819458008,2.640791416168213,7.0
74,12,-10.6867036819458,8.476865768432617,210.0
74,13,-3.7417688369750977,2.548340082168579,2.0
74,14,-4.176009654998779,8.068800926208496,4.0
74,15,-9.736035346984863,2.647467613220215,8.0
74,16,-7.995139122009277,14.368617057800293,4.0
74,17,-0.25023287534713745,1.042587399482727,1.0
74,18,-1.356528639793396,1.5717288255691528,1.0
74,19,-1.3065718412399292,1.5457727909088135,1.0
74,20,-23.374698638916016,107.2260971069336,3344.0
74,21,-27.280492782592773,7.0189008712768555,3064.0
74,22,-7.505044937133789,6.529048919677734,2.0
74,23,-11.332685470581055,16.999286651611328,7.0
74,24,-26.267065048217773,26.66583251953125,326.0
74,25,-0.8029255867004395,1.1055752038955688,1.0
74,26,-10.63131332397461,3.776940107345581,50.0
74,27,-10.528253555297852,1.6137441396713257,3.0
74,28,-7.189644813537598,2.2229816913604736,3.0
74,29,-16.146883010864258,2.9342703819274902,77.0
74,30,-9.092209815979004,3.1159255504608154,4.0
74,31,-0.5829448103904724,1.338396668434143,1.0
74,32,-2.367732048034668,2.2017312049865723,1.0
74,33,-12.0452880859375,7.445040702819824,356.0
74,34,-0.44965025782585144,1.0663437843322754,1.0
74,35,-13.608850479125977,1.9117909669876099,6.0
74,36,-11.171493530273438,41.42279052734375,716.0
74,37,-21.611440658569336,11.03719711303711,90.0
74,38,-14.348527908325195,36.130306243896484,1248.0
74,39,-14.17414665222168,7.575186729431152,712.0
74,40,-11.282102584838867,2.788895845413208,10.0
74,41,-33.02350997924805,12.683096885681152,1010.0
74,42,-4.708171844482422,1.8013231754302979,2.0
74,43,-0.0555834025144577,1.0046427249908447,1.0
74,44,-1.9846566915512085,1.9377979040145874,1.0
74,45,-12.051828384399414,20.34748077392578,14.0
74,46,-32.86840057373047,5.640179634094238,76.0
74,47,-7.154010772705078,2.4455041885375977,6.0
74,48,-45.86871337890625,14.852374076843262,384.0
74,49,-0.3482833206653595,1.1902241706848145,1.0
74,50,-4.655257225036621,2.172494888305664,2.0
74,51,-10.38925552368164,5.649362087249756,5.0
74,52,-54.738739013671875,15.439621925354004,1277.0
74,53,-13.793645858764648,31.45039176940918,1725.0
74,54,-20.47226333618164,18.626941680908203,4052.0
74,55,-11.57492733001709,47.385154724121094,582.0
74,56,-6.688371658325195,3.8101723194122314,4.0
74,57,-6.443690299987793,628.7227172851562,65.0
74,58,-12.10097885131836,2.1304030418395996,11.0
74,59,-2.0659384727478027,1.2294831275939941,1.0
74,60,-3.4280152320861816,1.9849684238433838,1.0
74,61,-17.99752426147461,9.484800338745117,69.0
74,62,-20.423086166381836,18.496540069580078,91.0
74,63,-6.827450275421143,30.378196716308594,28.0
74,64,-1.8355237245559692,1.8438231945037842,2.0
74,65,-12.603580474853516,4.0568132400512695,6.0
74,66,-22.066864013671875,1564.968994140625,476.0
74,67,-8.401569366455078,4.056260585784912,18.0
74,68,-1.5244892835617065,1.4639266729354858,1.0
74,69,-11.605854988098145,1.9055482149124146,6.0
74,70,-13.129829406738281,5.1615071296691895,53.0
74,71,-5.8507232666015625,7.0303826332092285,4.0
74,72,-24.35826873779297,14.976380348205566,16.0
74,73,-31.475574493408203,17.48626708984375,92.0
76,0,-7.6409149169921875,1.567474126815796,7.0
76,1,-5.630208969116211,2.021371364593506,2.0
76,2,-9.279871940612793,10.175348281860352,124.0
76,3,-6.715939044952393,1.2824065685272217,3.0
76,4,-3.3313369750976562,3.0357108116149902,4.0
76,5,-2.9935343265533447,1.8197640180587769,2.0
76,6,-13.173999786376953,6.566625118255615,36.0
76,7,-1.8243591785430908,1.5778920650482178,2.0
76,8,-5.054952621459961,2.058826446533203,3.0
76,9,-17.288911819458008,75.35633087158203,1776.0
76,10,-4.010774612426758,2.725613832473755,6.0
76,11,-9.75006103515625,2.6511833667755127,8.0
76,12,-10.737208366394043,8.562922477722168,223.0
76,13,-3.7913613319396973,2.5801315307617188,2.0
76,14,-4.157773494720459,7.995563507080078,3.0
76,15,-9.800002098083496,2.664456844329834,8.0
76,16,-7.925560474395752,14.039201736450195,4.0
76,17,-0.2462310492992401,1.0418922901153564,1.0
76,18,-1.3321770429611206,1.5590224266052246,1.0
76,19,-1.299830436706543,1.5423030853271484,1.0
76,20,-23.348323822021484,106.66199493408203,3369.0
76,21,-27.248138427734375,7.002699375152588,3017.0
76,22,-7.557162284851074,6.6146745681762695,2.0
76,23,-11.247636795043945,16.641660690307617,7.0
76,24,-26.405025482177734,27.129676818847656,377.0
76,25,-0.7849839925765991,1.1030985116958618,1.0
76,26,-10.60037612915039,3.762362241744995,50.0
76,27,-10.570189476013184,1.6168230772018433,3.0
76,28,-7.238677024841309,2.235125780105591,3.0
76,29,-16.1486759185791,2.9346213340759277,77.0
76,30,-9.064410209655762,3.105116605758667,4.0
76,31,-0.5812844634056091,1.337286114692688,1.0
76,32,-2.355398178100586,2.192697763442993,1.0
76,33,-12.011720657348633,7.403503894805908,349.0
76,34,-0.4572383761405945,1.067500352859497,1.0
76,35,-13.307027816772461,1.8845103979110718,6.0
76,36,-11.195673942565918,41.75801467895508,742.0
76,37,-21.529184341430664,10.936781883239746,90.0
76,38,-14.300054550170898,35.695106506347656,1247.0
76,39,-14.180998802185059,7.582606792449951,736.0
76,40,-11.10543441772461,2.7444615364074707,10.0
76,41,-33.192962646484375,12.84950065612793,1043.0
76,42,-4.655311107635498,1.7894600629806519,2.0
76,43,-0.053832732141017914,1.0044962167739868,1.0
76,44,-1.9803379774093628,1.935010313987732,1.0
76,45,-11.9801664352417,19.98619270324707,13.0
76,46,-32.878475189208984,5.6431708335876465,75.0
76,47,-7.152327537536621,2.4449899196624756,6.0
76,48,-45.70827865600586,14.712865829467773,384.0
76,49,-0.343766450881958,1.1875391006469727,1.0
76,50,-4.658356189727783,2.173617362976074,2.0
76,51,-10.39126205444336,5.651251316070557,5.0
76,52,-55.13182830810547,15.746077537536621,1352.0
76,53,-13.848298072814941,31.8830509185791,1794.0
76,54,-20.65847396850586,19.12909507751465,4198.0
76,55,-11.609679222106934,47.937259674072266,600.0
76,56,-6.736433029174805,3.846972703933716,4.0
76,57,-6.4302520751953125,620.330322265625,63.0
76,58,-12.134592056274414,2.134883403778076,11.0
76,59,-2.062443256378174,1.2290533781051636,1.0
76,60,-3.5013020038604736,2.014277219772339,1.0
76,61,-18.106304168701172,9.61465072631836,73.0
76,62,-20.507484436035156,18.720897674560547,90.0
76,63,-6.77758264541626,29.630117416381836,27.0
76,64,-1.8866674900054932,1.8755260705947876,2.0
76,65,-12.70355224609375,4.102128028869629,6.0
76,66,-22.053932189941406,1558.2376708984375,494.0
76,67,-8.525099754333496,4.1406378746032715,19.0
76,68,-1.5029418468475342,1.4560619592666626,1.0
76,69,-11.793802261352539,1.9255492687225342,6.0
76,70,-13.151506423950195,5.175512313842773,53.0
76,71,-5.826023101806641,6.97273588180542,4.0
76,72,-24.231369018554688,14.766694068908691,16.0
76,73,-31.18509864807129,17.03055191040039,93.0
78,0,-7.674862384796143,1.5706075429916382,7.0
78,1,-5.730433464050293,2.0468544960021973,2.0
78,2,-9.305340766906738,10.240344047546387,126.0
78,3,-6.736150741577148,1.2833670377731323,3.0
78,4,-3.3287456035614014,3.0330896377563477,4.0
78,5,-2.985137939453125,1.8167108297348022,2.0
78,6,-13.113865852355957,6.51045560836792,34.0
78,7,-1.8494943380355835,1.5878384113311768,2.0
78,8,-4.970158576965332,2.0340373516082764,3.0
78,9,-17.426692962646484,77.99722290039062,1799.0
78,10,-4.022805690765381,2.7338242530822754,6.0
78,11,-9.755329132080078,2.6525802612304688,7.0
78,12,-10.692354202270508,8.486451148986816,208.0
78,13,-3.743925094604492,2.5497140884399414,2.0
78,14,-4.163669586181641,8.019168853759766,3.0
78,15,-9.627401351928711,2.6188626289367676,8.0
78,16,-7.988250732421875,14.335661888122559,5.0
78,17,-0.2355446219444275,1.0400382280349731,1.0
78,18,-1.3119868040084839,1.54856538772583,1.0
78,19,-1.3062154054641724,1.5455890893936157,1.0
78,20,-23.443077087402344,108.70256042480469,3345.0
78,21,-27.18950653076172,6.973432540893555,2967.0
78,22,-7.555383682250977,6.611733913421631,2.0
78,23,-11.304821014404297,16.88127899169922,7.0
78,24,-26.265525817871094,26.660703659057617,323.0
78,25,-0.7969880700111389,1.1047548055648804,1.0
78,26,-10.614299774169922,3.768916130065918,50.0
78,27,-10.423382759094238,1.6060699224472046,3.0
78,28,-7.2760539054870605,2.244427442550659,3.0
78,29,-16.113473892211914,2.9277424812316895,76.0
78,30,-9.058666229248047,3.1028878688812256,4.0
78,31,-0.6004128456115723,1.3501375913619995,1.0
78,32,-2.324575424194336,2.1702849864959717,1.0
78,33,-12.03352165222168,7.430453777313232,354.0
78,34,-0.4602115750312805,1.0679538249969482,1.0
78,35,-13.275066375732422,1.8816442489624023,5.0
78,36,-11.031891822814941,39.53938674926758,677.0
78,37,-21.556808471679688,10.970401763916016,90.0
78,38,-14.295055389404297,35.6505241394043,1241.0
78,39,-14.182485580444336,7.584217071533203,740.0
78,40,-11.311991691589355,2.7964837551116943,10.0
78,41,-33.063331604003906,12.722006797790527,1027.0
78,42,-4.724245071411133,1.8049458265304565,2.0
78,43,-0.05487099662423134,1.0045831203460693,1.0
78,44,-1.9986467361450195,1.9468556642532349,1.0
78,45,-12.109562873840332,20.643299102783203,14.0
78,46,-32.84949493408203,5.634570121765137,76.0
78,47,-7.178098201751709,2.452878713607788,6.0
78,48,-45.69893264770508,14.704778671264648,390.0
78,49,-0.373500257730484,1.2053260803222656,1.0
78,50,-4.575809001922607,2.1439175605773926,2.0
78,51,-10.411316871643066,5.670172214508057,5.0
78,52,-55.11066436767578,15.729426383972168,1327.0
78,53,-13.827033996582031,31.714008331298828,1766.0
78,54,-20.501205444335938,18.704116821289062,4047.0
78,55,-11.585102081298828,47.546146392822266,614.0
78,56,-6.730916976928711,3.842731475830078,4.0
78,57,-6.436124801635742,623.9840698242188,65.0
78,58,-12.212586402893066,2.145315647125244,11.0
78,59,-2.0805819034576416,1.231284737586975,1.0
78,60,-3.464334011077881,1.9994392395019531,1.0
78,61,-18.144975662231445,9.661238670349121,69.0
78,62,-20.45494842529297,18.5809268951416,90.0
78,63,-6.851373672485352,30.743755340576172,29.0
78,64,-1.8579484224319458,1.8576573133468628,2.0
78,65,-12.676578521728516,4.0898518562316895,6.0
78,66,-22.024337768554688,1542.9415283203125,493.0
78,67,-8.45866870880127,4.0950469970703125,18.0
78,68,-1.528425693511963,1.4653680324554443,1.0
78,69,-11.662532806396484,1.9115577936172485,6.0
78,70,-13.078120231628418,5.128252983093262,47.0
78,71,-5.917294025421143,7.188131809234619,4.0
78,72,-24.299741744995117,14.879302978515625,16.0
78,73,-31.35316276550293,17.29275131225586,92.0
80,0,-7.633152008056641,1.566758632659912,7.0
80,1,-5.553308010101318,2.0020337104797363,2.0
80,2,-9.361495018005371,10.385116577148438,130.0
80,3,-6.717127323150635,1.2824630737304688,3.0
80,4,-3.303354263305664,3.0075266361236572,4.0
80,5,-3.054128408432007,1.841951608657837,2.0
80,6,-13.10860538482666,6.5055646896362305,35.0
80,7,-1.876608967781067,1.5986382961273193,2.0
80,8,-4.859371185302734,2.002098560333252,3.0
80,9,-17.332778930664062,76.18730163574219,1773.0
80,10,-4.014183521270752,2.727937698364258,6.0
80,11,-9.792423248291016,2.662438154220581,7.0
80,12,-10.725600242614746,8.54306697845459,214.0
80,13,-3.787153720855713,2.5774190425872803,2.0
80,14,-4.171637535095215,8.051180839538574,3.0
80,15,-9.817914962768555,2.669234037399292,8.0
80,16,-7.967228889465332,14.23555850982666,4.0
80,17,-0.24680060148239136,1.0419912338256836,1.0
80,18,-1.3404722213745117,1.563339114189148,1.0
80,19,-1.3127278089523315,1.5489479303359985,1.0
80,20,-23.3895320892334,107.54469299316406,3402.0
80,21,-27.1715030670166,6.964471340179443,2969.0
80,22,-7.573929309844971,6.642459869384766,2.0
80,23,-11.334070205688477,17.005172729492188,7.0
80,24,-26.153751373291016,26.290796279907227,334.0
80,25,-0.7897683382034302,1.1037583351135254,1.0
80,26,-10.684539794921875,3.802152633666992,50.0
80,27,-10.506284713745117,1.612133502960205,3.0
80,28,-7.213436126708984,2.2288658618927,3.0
80,29,-16.300304412841797,2.9644365310668945,79.0
80,30,-9.085973739624023,3.113497495651245,4.0
80,31,-0.582412600517273,1.3380405902862549,1.0
80,32,-2.393094062805176,2.220423698425293,1.0
80,33,-12.078481674194336,7.486342430114746,352.0
80,34,-0.4842259883880615,1.0716239213943481,1.0
80,35,-13.406105041503906,1.893422245979309,6.0
80,36,-11.157028198242188,41.22353744506836,737.0
80,37,-21.462600708007812,10.856167793273926,90.0
80,38,-14.30733871459961,35.760169982910156,1254.0
80,39,-14.168164253234863,7.568717002868652,720.0
80,40,-11.261295318603516,2.7836251258850098,10.0
80,41,-33.1424560546875,12.799673080444336,1019.0
80,42,-4.722414970397949,1.8045331239700317,2.0
80,43,-0.054334551095962524,1.0045381784439087,1.0
80,44,-1.9989219903945923,1.947034239768982,1.0
80,45,-12.0228910446167,20.2008113861084,13.0
80,46,-32.852943420410156,5.635591983795166,74.0
80,47,-7.174099445343018,2.451653003692627,6.0
80,48,-45.775001525878906,14.77072525024414,389.0
80,49,-0.37072867155075073,1.203656792640686,1.0
80,50,-4.645002365112305,2.1687850952148438,2.0
80,51,-10.456707954406738,5.713230609893799,5.0
80,52,-55.07339859008789,15.70014476776123,1349.0
80,53,-13.882964134216309,32.16056823730469,1760.0
80,54,-20.619579315185547,19.023103713989258,4255.0
80,55,-11.49282455444336,46.10592269897461,564.0
80,56,-6.744081497192383,3.8528621196746826,4.0
80,57,-6.4369916915893555,624.5252075195312,64.0
80,58,-12.211044311523438,2.145108699798584,11.0
80,59,-2.03374981880188,1.2255319356918335,1.0
80,60,-3.5484862327575684,2.0333755016326904,1.0
80,61,-18.013484954833984,9.503742218017578,70.0
80,62,-20.48664093017578,18.665239334106445,90.0
80,63,-6.841153144836426,30.587045669555664,28.0
80,64,-1.8290444612503052,1.8398452997207642,2.0
80,65,-12.631595611572266,4.069461345672607,6.0
80,66,-21.972837448120117,1516.680419921875,493.0
80,67,-8.50739860534668,4.1284403800964355,19.0
80,68,-1.5693596601486206,1.4804408550262451,2.0
80,69,-11.69702434539795,1.9152241945266724,6.0
80,70,-13.160778045654297,5.181513786315918,55.0
80,71,-5.943711757659912,7.251709938049316,4.0
80,72,-24.093181610107422,14.541696548461914,16.0
80,73,-31.187301635742188,17.03396224975586,91.0
82,0,-7.578770160675049,1.5617547035217285,7.0
82,1,-5.684548854827881,2.0351481437683105,2.0
82,2,-9.36116886138916,10.384270668029785,128.0
82,3,-6.733000755310059,1.2832173109054565,3.0
82,4,-3.341900110244751,3.0464186668395996,4.0
82,5,-3.011699914932251,1.8263875246047974,2.0
82,6,-13.189515113830566,6.581195831298828,36.0
82,7,-1.83553147315979,1.5823053121566772,2.0
82,8,-4.928800582885742,2.022055149078369,2.0
82,9,-17.41128158569336,77.6972885131836,1783.0
82,10,-4.069031238555908,2.7656004428863525,6.0
82,11,-9.787593841552734,2.6611528396606445,7.0
82,12,-10.651666641235352,8.417673110961914,208.0
82,13,-3.8400912284851074,2.6117560863494873,2.0
82,14,-4.154416084289551,7.982152462005615,3.0
82,15,-9.760331153869629,2.653907299041748,8.0
82,16,-7.975042343139648,14.272683143615723,5.0
82,17,-0.24632765352725983,1.041909098625183,1.0
82,18,-1.3661302328109741,1.5767674446105957,1.0
82,19,-1.294353723526001,1.5394901037216187,1.0
82,20,-23.331315994262695,106.29977416992188,3340.0
82,21,-27.258886337280273,7.008077144622803,3079.0
82,22,-7.557865619659424,6.615837574005127,2.0
82,23,-11.206153869628906,16.4699649810791,7.0
82,24,-26.121519088745117,26.185081481933594,327.0
82,25,-0.8043918013572693,1.1057778596878052,1.0
82,26,-10.677408218383789,3.798764944076538,50.0
82,27,-10.43482780456543,1.6069056987762451,3.0
82,28,-7.242854118347168,2.236163377761841,3.0
82,29,-16.239898681640625,2.9525225162506104,76.0
82,30,-9.03528881072998,3.0938339233398438,4.0
82,31,-0.5791884064674377,1.3358851671218872,1.0
82,32,-2.4308722019195557,2.2485616207122803,1.0
82,33,-12.02806282043457,7.423696041107178,351.0
82,34,-0.4463997781276703,1.065848708152771,1.0
82,35,-13.550005912780762,1.9064414501190186,6.0
82,36,-11.216288566589355,42.04594039916992,739.0
82,37,-21.608840942382812,11.034010887145996,90.0
82,38,-14.313288688659668,35.81340408325195,1259.0
82,39,-14.147104263305664,7.545979976654053,731.0
82,40,-11.220966339111328,2.7734384536743164,10.0
82,41,-33.23951721191406,12.895597457885742,1030.0
82,42,-4.742276191711426,1.809018611907959,2.0
82,43,-0.05481325089931488,1.0045782327651978,1.0
82,44,-1.9701274633407593,1.9284356832504272,1.0
82,45,-12.01498031616211,20.160900115966797,14.0
82,46,-32.85150909423828,5.635167121887207,74.0
82,47,-7.146602153778076,2.4432406425476074,6.0
82,48,-45.8272705078125,14.81620979309082,387.0
82,49,-0.39489084482192993,1.2182865142822266,1.0
82,50,-4.588602066040039,2.148493766784668,2.0
82,51,-10.390901565551758,5.650911331176758,5.0
82,52,-54.86304473876953,15.535879135131836,1315.0
82,53,-13.75300407409668,31.13245964050293,1747.0
82,54,-20.60993003845215,18.996896743774414,4308.0
82,55,-11.52019214630127,46.5284538269043,572.0
82,56,-6.747899055480957,3.8558051586151123,4.0
82,57,-6.435741424560547,623.744873046875,61.0
82,58,-12.20005989074707,2.143636703491211,11.0
82,59,-2.085080862045288,1.2318389415740967,1.0
82,60,-3.462359666824341,1.998650074005127,1.0
82,61,-17.95438003540039,9.433786392211914,67.0
82,62,-20.569982528686523,18.8887939453125,89.0
82,63,-6.811434745788574,30.135906219482422,28.0
82,64,-1.8397475481033325,1.8464210033416748,2.0
82,65,-12.64391040802002,4.075033664703369,6.0
82,66,-22.15172576904297,1609.8699951171875,498.0
82,67,-8.45893669128418,4.0952301025390625,19.0
82,68,-1.5266788005828857,1.4647282361984253,1.0
82,69,-11.717560768127441,1.9174104928970337,6.0
82,70,-13.216087341308594,5.217461109161377,55.0
82,71,-5.964587211608887,7.302347183227539,4.0
82,72,-24.148818969726562,14.63187026977539,16.0
82,73,-31.386951446533203,17.34595489501953,94.0
84,0,-7.576044082641602,1.5615042448043823,7.0
84,1,-5.652191162109375,2.026932954788208,2.0
84,2,-9.288040161132812,10.196148872375488,124.0
84,3,-6.666858673095703,1.280077576637268,3.0
84,4,-3.3546621799468994,3.05940580368042,4.0
84,5,-3.007819175720215,1.8249704837799072,2.0
84,6,-13.211124420166016,6.601543426513672,36.0
84,7,-1.8512213230133057,1.5885241031646729,2.0
84,8,-4.8877739906311035,2.0102388858795166,2.0
84,9,-17.291269302368164,75.4007568359375,1774.0
84,10,-4.011908054351807,2.726386308670044,6.0
84,11,-9.679594039916992,2.6325669288635254,7.0
84,12,-10.6654052734375,8.44083309173584,211.0
84,13,-3.7778444290161133,2.571427345275879,2.0
84,14,-4.15955924987793,8.002705574035645,3.0
84,15,-9.775959014892578,2.6580584049224854,8.0
84,16,-7.910577774047852,13.969260215759277,5.0
84,17,-0.2491081804037094,1.0423920154571533,1.0
84,18,-1.307584285736084,1.5462944507598877,1.0
84,19,-1.3242616653442383,1.5549145936965942,1.0
84,20,-23.479907989501953,109.50623321533203,3363.0
84,21,-27.205942153930664,6.981624126434326,2955.0
84,22,-7.591039657592773,6.670934200286865,2.0
84,23,-11.254500389099121,16.67024040222168,7.0
84,24,-26.293987274169922,26.75572395324707,348.0
84,25,-0.7963095307350159,1.104661226272583,1.0
84,26,-10.609565734863281,3.7666866779327393,49.0
84,27,-10.545270919799805,1.6149928569793701,3.0
84,28,-7.205296993255615,2.226851224899292,3.0
84,29,-16.140422821044922,2.93300724029541,77.0
84,30,-9.103728294372559,3.120415210723877,4.0
84,31,-0.5926544070243835,1.3449102640151978,1.0
84,32,-2.4674463272094727,2.2761423587799072,1.0
84,33,-12.06820297241211,7.473527431488037,357.0
84,34,-0.4696651101112366,1.0693970918655396,1.0
84,35,-13.305521011352539,1.8843750953674316,6.0
84,36,-11.117463111877441,40.68343734741211,711.0
84,37,-21.45189094543457,10.843257904052734,90.0
84,38,-14.398120880126953,36.58104705810547,1297.0
84,39,-14.157416343688965,7.557104587554932,727.0
84,40,-11.289935111999512,2.790882110595703,10.0
84,41,-32.98756408691406,12.64807415008545,1026.0
84,42,-4.7151780128479,1.8029013872146606,2.0
84,43,-0.054162122309207916,1.004523754119873,1.0
84,44,-2.012712240219116,1.9560048580169678,1.0
84,45,-12.142709732055664,20.815074920654297,14.0
84,46,-32.775386810302734,5.612635612487793,75.0
84,47,-7.151671886444092,2.444789409637451,6.0
84,48,-45.68960952758789,14.696714401245117,385.0
84,49,-0.3839280903339386,1.2116268873214722,1.0
84,50,-4.657696723937988,2.1733784675598145,2.0
84,51,-10.376243591308594,5.6371235847473145,5.0
84,52,-55.04744338989258,15.679783821105957,1313.0
84,53,-13.83913803100586,31.810121536254883,1743.0
84,54,-20.67302703857422,19.16890525817871,4177.0
84,55,-11.551422119140625,47.015350341796875,589.0
84,56,-6.95560884475708,4.0193562507629395,5.0
84,57,-6.439603328704834,626.1583862304688,64.0
84,58,-12.213113784790039,2.1453864574432373,11.0
84,59,-2.0312182903289795,1.2252217531204224,1.0
84,60,-3.479067325592041,2.0053398609161377,1.0
84,61,-18.127052307128906,9.639617919921875,75.0
84,62,-20.447391510009766,18.56087875366211,91.0
84,63,-6.754846096038818,29.295183181762695,27.0
84,64,-1.8381974697113037,1.8454670906066895,2.0
84,65,-12.705879211425781,4.103188514709473,6.0
84,66,-22.08877182006836,1576.439453125,501.0
84,67,-8.5160551071167,4.134401321411133,18.0
84,68,-1.5514919757843018,1.4738426208496094,1.0
84,69,-11.589877128601074,1.9038573503494263,6.0
84,70,-13.115894317626953,5.152524471282959,51.0
84,71,-5.937760829925537,7.237339496612549,4.0
84,72,-24.086212158203125,14.530439376831055,16.0
84,73,-31.580984115600586,17.654640197753906,93.0
86,0,-7.543608665466309,1.558527946472168,7.0
86,1,-5.696475982666016,2.038184642791748,2.0
86,2,-9.276572227478027,10.16695785522461,123.0
86,3,-6.714983940124512,1.2823612689971924,3.0
86,4,-3.3702683448791504,3.07536244392395,4.0
86,5,-3.031809091567993,1.8337476253509521,2.0
86,6,-13.172260284423828,6.564992904663086,36.0
86,7,-1.814491629600525,1.5740042924880981,2.0
86,8,-4.905783176422119,2.0154170989990234,3.0
86,9,-17.352493286132812,76.56371307373047,1783.0
86,10,-4.035195827484131,2.7423055171966553,6.0
86,11,-9.70359992980957,2.6388943195343018,8.0
86,12,-10.681337356567383,8.467772483825684,207.0
86,13,-3.7490086555480957,2.5529568195343018,2.0
86,14,-4.143867015838623,7.940160751342773,3.0
86,15,-9.888556480407715,2.6881566047668457,8.0
86,16,-7.972639083862305,14.261253356933594,5.0
86,17,-0.2473529577255249,1.0420870780944824,1.0
86,18,-1.3067007064819336,1.5458391904830933,1.0
86,19,-1.3094193935394287,1.5472406148910522,1.0
86,20,-23.384323120117188,107.43270874023438,3426.0
86,21,-27.226613998413086,6.991940975189209,2932.0
86,22,-7.525955677032471,6.563270092010498,2.0
86,23,-11.297872543334961,16.851980209350586,7.0
86,24,-26.114578247070312,26.16237449645996,327.0
86,25,-0.8027477264404297,1.1055506467819214,1.0
86,26,-10.610939979553223,3.767333507537842,51.0
86,27,-10.553178787231445,1.6155734062194824,3.0
86,28,-7.238964557647705,2.235197067260742,3.0
86,29,-16.049312591552734,2.915245771408081,76.0
86,30,-9.094551086425781,3.116837739944458,4.0
86,31,-0.5886651277542114,1.342230200767517,1.0
86,32,-2.376356601715088,2.2080700397491455,1.0
86,33,-12.101751327514648,7.515431880950928,356.0
86,34,-0.444735586643219,1.0655953884124756,1.0
86,35,-13.363729476928711,1.8896056413650513,6.0
86,36,-11.1276216506958,40.821434020996094,725.0
86,37,-21.579814910888672,10.998482704162598,92.0
86,38,-14.371938705444336,36.342384338378906,1278.0
86,39,-14.149190902709961,7.548229217529297,723.0
86,40,-11.321266174316406,2.798842668533325,10.0
86,41,-33.12562942504883,12.783117294311523,1010.0
86,42,-4.688226699829102,1.7968378067016602,2.0
86,43,-0.055231399834156036,1.0046132802963257,1.0
86,44,-2.0055971145629883,1.9513713121414185,1.0
86,45,-12.03400993347168,20.257041931152344,13.0
86,46,-32.75279998779297,5.605966567993164,75.0
86,47,-7.128111362457275,2.4375998973846436,6.0
86,48,-45.786277770996094,14.780526161193848,388.0
86,49,-0.37990957498550415,1.2091948986053467,1.0
86,50,-4.690061092376709,2.185133218765259,2.0
86,51,-10.36336898803711,5.625040531158447,5.0
86,52,-54.89109802246094,15.55768871307373,1324.0
86,53,-13.822732925415039,31.6799259185791,1750.0
86,54,-20.49188804626465,18.679235458374023,4020.0
86,55,-11.637283325195312,48.3803825378418,620.0
86,56,-6.743610382080078,3.85249924659729,4.0
86,57,-6.453423023223877,634.8717651367188,67.0
86,58,-12.295818328857422,2.1565043926239014,11.0
86,59,-2.038740873336792,1.226143717765808,1.0
86,60,-3.473594903945923,2.003145933151245,1.0
86,61,-18.15500259399414,9.673356056213379,76.0
86,62,-20.494548797607422,18.68634033203125,88.0
86,63,-6.773699760437012,29.572647094726562,27.0
86,64,-1.8371124267578125,1.8447997570037842,2.0
86,65,-12.698370933532715,4.099767208099365,6.0
86,66,-22.086606979370117,1575.3018798828125,490.0
86,67,-8.465024948120117,4.099387168884277,18.0
86,68,-1.542778730392456,1.4706356525421143,1.0
86,69,-11.599987030029297,1.904927134513855,6.0
86,70,-13.173620223999023,5.18983793258667,51.0
86,71,-5.937409400939941,7.236491680145264,4.0
86,72,-24.168750762939453,14.664310455322266,16.0
86,73,-31.15752410888672,16.9879150390625,94.0
88,0,-7.511561393737793,1.555592656135559,7.0
88,1,-5.711681365966797,2.042062282562256,2.0
88,2,-9.336334228515625,10.319997787475586,128.0
88,3,-6.657969951629639,1.2796562910079956,3.0
88,4,-3.329481840133667,3.033834218978882,4.0
88,5,-3.0108771324157715,1.8260869979858398,2.0
88,6,-13.166781425476074,6.559857368469238,36.0
88,7,-1.8086497783660889,1.5717071294784546,2.0
88,8,-4.871372699737549,2.0055339336395264,3.0
88,9,-17.322385787963867,75.9896011352539,1788.0
88,10,-4.001165390014648,2.719074010848999,6.0
88,11,-9.791637420654297,2.662229061126709,8.0
88,12,-10.666431427001953,8.44256591796875,209.0
88,13,-3.7884936332702637,2.578282594680786,2.0
88,14,-4.207639694213867,8.197422981262207,3.0
88,15,-9.830191612243652,2.6725127696990967,8.0
88,16,-8.031484603881836,14.543752670288086,5.0
88,17,-0.2492699921131134,1.0424201488494873,1.0
88,18,-1.331953525543213,1.5589063167572021,1.0
88,19,-1.328202724456787,1.5569584369659424,1.0
88,20,-23.310302734375,105.85399627685547,3409.0
88,21,-27.195358276367188,6.976348876953125,3073.0
88,22,-7.563450813293457,6.625082015991211,2.0
88,23,-11.297881126403809,16.85201644897461,7.0
88,24,-26.27039909362793,26.67694854736328,341.0
88,25,-0.787554144859314,1.1034529209136963,1.0
88,26,-10.487794876098633,3.7097866535186768,49.0
88,27,-10.548182487487793,1.6152064800262451,3.0
88,28,-7.208144187927246,2.227555751800537,3.0
88,29,-16.152286529541016,2.9353277683258057,77.0
88,30,-9.076730728149414,3.1099023818969727,4.0
88,31,-0.5734946727752686,1.3320876359939575,1.0
88,32,-2.4629249572753906,2.272714614868164,1.0
88,33,-12.151034355163574,7.577417850494385,355.0
88,34,-0.460332989692688,1.0679723024368286,1.0
88,35,-13.327316284179688,1.8863319158554077,6.0
88,36,-11.065313339233398,39.98233413696289,706.0
88,37,-21.44896697998047,10.83973503112793,90.0
88,38,-14.331197738647461,35.97410583496094,1268.0
88,39,-14.10771369934082,7.503636360168457,724.0
88,40,-11.362744331359863,2.8094162940979004,10.0
88,41,-33.0340690612793,12.693399429321289,1014.0
88,42,-4.7424798011779785,1.8090646266937256,2.0
88,43,-0.05499282479286194,1.0045932531356812,1.0
88,44,-1.9831818342208862,1.9368455410003662,1.0
88,45,-12.12088394165039,20.70180892944336,14.0
88,46,-32.843772888183594,5.632873058319092,74.0
88,47,-7.200688362121582,2.4598147869110107,6.0
88,48,-45.772666931152344,14.768697738647461,385.0
88,49,-0.3804422616958618,1.209517002105713,1.0
88,50,-4.607280731201172,2.1551926136016846,2.0
88,51,-10.402505874633789,5.661851406097412,5.0
88,52,-54.87166213989258,15.542577743530273,1312.0
88,53,-13.750960350036621,31.116558074951172,1721.0
88,54,-20.640640258789062,19.080425262451172,4322.0
88,55,-11.623872756958008,48.16460037231445,622.0
88,56,-6.730640411376953,3.8425188064575195,4.0
88,57,-6.452863693237305,634.5167846679688,66.0
88,58,-12.221451759338379,2.1465046405792236,11.0
88,59,-2.0113537311553955,1.2227903604507446,1.0
88,60,-3.4549951553344727,1.9957082271575928,1.0
88,61,-18.111841201782227,9.621307373046875,65.0
88,62,-20.495203018188477,18.688087463378906,88.0
88,63,-6.797141075134277,29.92129898071289,28.0
88,64,-1.7922664880752563,1.8174277544021606,2.0
88,65,-12.707286834716797,4.103830337524414,6.0
88,66,-21.997081756591797,1528.987060546875,497.0
88,67,-8.523317337036133,4.139408111572266,19.0
88,68,-1.5366246700286865,1.4683748483657837,1.0
88,69,-11.699851989746094,1.9155250787734985,6.0
88,70,-13.070674896240234,5.123482704162598,48.0
88,71,-5.854500770568848,7.039240837097168,4.0
88,72,-24.081571578979492,14.52295207977295,16.0
88,73,-31.540517807006836,17.589811325073242,94.0
90,0,-7.422525405883789,1.547466516494751,7.0
90,1,-5.735403060913086,2.048126220703125,2.0
90,2,-9.279930114746094,10.175496101379395,123.0
90,3,-6.732830047607422,1.2832090854644775,4.0
90,4,-3.326930522918701,3.0312554836273193,4.0
90,5,-3.1133458614349365,1.863896369934082,2.0
90,6,-13.084404945373535,6.483112812042236,36.0
90,7,-1.8331776857376099,1.5813745260238647,2.0
90,8,-4.925220012664795,2.0210211277008057,2.0
90,9,-17.341346740722656,76.35066223144531,1768.0
90,10,-4.048304557800293,2.751307249069214,6.0
90,11,-9.727956771850586,2.645329475402832,8.0
90,12,-10.745501518249512,8.57713794708252,221.0
90,13,-3.766470432281494,2.5641257762908936,2.0
90,14,-4.144665718078613,7.943332195281982,3.0
90,15,-9.84152889251709,2.675544500350952,8.0
90,16,-8.005842208862305,14.419971466064453,5.0
90,17,-0.24587827920913696,1.0418310165405273,1.0
90,18,-1.2984806299209595,1.5416091680526733,1.0
90,19,-1.2826815843582153,1.533511996269226,1.0
90,20,-23.22730255126953,104.11131286621094,3383.0
90,21,-27.298301696777344,7.027835369110107,3045.0
90,22,-7.638195991516113,6.750043869018555,2.0
90,23,-11.28245735168457,16.787160873413086,7.0
90,24,-26.26184844970703,26.648452758789062,333.0
90,25,-0.7781705856323242,1.1021593809127808,1.0
90,26,-10.632989883422852,3.7777316570281982,50.0
90,27,-10.496355056762695,1.6114059686660767,3.0
90,28,-7.185545444488525,2.2219696044921875,3.0
90,29,-16.09156036376953,2.9234683513641357,77.0
90,30,-9.091150283813477,3.1155128479003906,4.0
90,31,-0.605821430683136,1.3537936210632324,1.0
90,32,-2.415724754333496,2.237236976623535,1.0
90,33,-12.151749610900879,7.5783209800720215,359.0
90,34,-0.4551348090171814,1.067179560661316,1.0
90,35,-13.524291038513184,1.9041082859039307,6.0
90,36,-11.190664291381836,41.68833923339844,728.0
90,37,-21.404800415039062,10.78667163848877,90.0
90,38,-14.306684494018555,35.75431823730469,1264.0
90,39,-14.194473266601562,7.597216606140137,735.0
90,40,-11.333088874816895,2.8018527030944824,10.0
90,41,-33.148643493652344,12.805768966674805,1038.0
90,42,-4.719106674194336,1.8037869930267334,2.0
90,43,-0.05451200157403946,1.0045530796051025,1.0
90,44,-1.9764001369476318,1.9324721097946167,1.0
90,45,-11.967087745666504,19.920948028564453,14.0
90,46,-32.88694763183594,5.645687580108643,75.0
90,47,-7.191061019897461,2.4568562507629395,6.0
90,48,-45.70606231689453,14.71094799041748,382.0
90,49,-0.3682841658592224,1.2021865844726562,1.0
90,50,-4.6125664710998535,2.157092332839966,2.0
90,51,-10.30803108215332,5.573399066925049,5.0
90,52,-54.78815460205078,15.477815628051758,1325.0
90,53,-13.802268028259277,31.518259048461914,1742.0
90,54,-20.461156845092773,18.597414016723633,4056.0
90,55,-11.573850631713867,47.36815643310547,591.0
90,56,-6.699225425720215,3.8184518814086914,4.0
90,57,-6.416469573974609,611.8392333984375,63.0
90,58,-12.200243949890137,2.1436612606048584,11.0
90,59,-2.0637898445129395,1.2292189598083496,1.0
90,60,-3.541426420211792,2.0305063724517822,1.0
90,61,-18.183122634887695,9.707417488098145,74.0
90,62,-20.56055450439453,18.863370895385742,88.0
90,63,-6.759146690368652,29.358243942260742,27.0
90,64,-1.7847509384155273,1.8128803968429565,2.0
90,65,-12.685853958129883,4.094069004058838,6.0
90,66,-22.04632568359375,1554.2918701171875,505.0
90,67,-8.52093505859375,4.137765407562256,19.0
90,68,-1.5311176776885986,1.4663546085357666,1.0
90,69,-11.768804550170898,1.9228769540786743,6.0
90,70,-13.274423599243164,5.255646228790283,55.0
90,71,-5.89135217666626,7.126242637634277,4.0
90,72,-24.09204864501953,14.539865493774414,16.0
90,73,-31.155223846435547,16.98436164855957,93.0
92,0,-7.609808921813965,1.5646086931228638,7.0
92,1,-5.670200347900391,2.031501054763794,2.0
92,2,-9.328536033630371,10.299898147583008,128.0
92,3,-6.731461048126221,1.2831441164016724,3.0
92,4,-3.3344860076904297,3.0388991832733154,4.0
92,5,-3.037081718444824,1.8356825113296509,2.0
92,6,-13.116265296936035,6.512687683105469,35.0
92,7,-1.812166452407837,1.573089599609375,2.0
92,8,-4.958752155303955,2.0307254791259766,3.0
92,9,-17.223682403564453,74.13744354248047,1731.0
92,10,-4.032724380493164,2.7406115531921387,6.0
92,11,-9.719929695129395,2.64320707321167,7.0
92,12,-10.707999229431152,8.513047218322754,216.0
92,13,-3.720012903213501,2.534517526626587,2.0
92,14,-4.165743827819824,8.027490615844727,3.0
92,15,-9.754124641418457,2.6522610187530518,8.0
92,16,-7.931257247924805,14.065885543823242,5.0
92,17,-0.2456233948469162,1.0417866706848145,1.0
92,18,-1.3265926837921143,1.55612313747406,1.0
92,19,-1.3116319179534912,1.54838228225708,1.0
92,20,-23.39095115661621,107.5752182006836,3363.0
92,21,-27.241893768310547,6.999576091766357,3064.0
92,22,-7.57151985168457,6.638460159301758,2.0
92,23,-11.383443832397461,17.21637535095215,7.0
92,24,-26.276321411132812,26.696704864501953,356.0
92,25,-0.800861656665802,1.1052899360656738,1.0
92,26,-10.654306411743164,3.787810802459717,51.0
92,27,-10.509506225585938,1.612369418144226,3.0
92,28,-7.225106239318848,2.231757879257202,3.0
92,29,-16.095657348632812,2.924266815185547,77.0
92,30,-9.086690902709961,3.113776683807373,4.0
92,31,-0.5895597338676453,1.3428306579589844,1.0
92,32,-2.3914647102355957,2.2192180156707764,1.0
92,33,-12.051858901977539,7.453197479248047,352.0
92,34,-0.45169007778167725,1.0666545629501343,1.0
92,35,-13.405920028686523,1.893405556678772,6.0
92,36,-11.142353057861328,41.02238082885742,730.0
92,37,-21.45923614501953,10.852110862731934,90.0
92,38,-14.367056846618652,36.298057556152344,1278.0
92,39,-14.183241844177246,7.585036754608154,731.0
92,40,-11.235941886901855,2.777216672897339,10.0
92,41,-33.087486267089844,12.74566650390625,1021.0
92,42,-4.644567489624023,1.7870584726333618,2.0
92,43,-0.0562727265059948,1.0047004222869873,1.0
92,44,-2.008350133895874,1.9531627893447876,1.0
92,45,-12.173559188842773,20.976226806640625,14.0
92,46,-32.769596099853516,5.61092472076416,73.0
92,47,-7.091377258300781,2.4264328479766846,6.0
92,48,-45.78260040283203,14.77733039855957,388.0
92,49,-0.3785473704338074,1.2083715200424194,1.0
92,50,-4.637337684631348,2.1660163402557373,2.0
92,51,-10.390801429748535,5.650816917419434,5.0
92,52,-54.843658447265625,15.520829200744629,1324.0
92,53,-13.787362098693848,31.401023864746094,1740.0
92,54,-20.53656578063965,18.798839569091797,4038.0
92,55,-11.509261131286621,46.359222412109375,569.0
92,56,-6.807634353637695,3.902146577835083,4.0
92,57,-6.441638469696045,627.4340209960938,65.0
92,58,-12.077048301696777,2.1272192001342773,11.0
92,59,-2.0215113162994385,1.224032998085022,1.0
92,60,-3.4552674293518066,1.9958170652389526,1.0
92,61,-18.065244674682617,9.5654296875,70.0
92,62,-20.51211929321289,18.73330307006836,89.0
92,63,-6.803933620452881,30.02309226989746,27.0
92,64,-1.7918109893798828,1.817151665687561,2.0
92,65,-12.659554481506348,4.082122802734375,6.0
92,66,-22.014041900634766,1537.6553955078125,484.0
92,67,-8.540260314941406,4.151113510131836,18.0
92,68,-1.5298669338226318,1.4658961296081543,1.0
92,69,-11.670083045959473,1.9123597145080566,6.0
92,70,-13.223213195800781,5.222110748291016,54.0
92,71,-5.979429244995117,7.338563442230225,4.0
92,72,-24.153751373291016,14.639891624450684,16.0
92,73,-31.098726272583008,16.897354125976562,92.0
94,0,-7.56486701965332,1.5604780912399292,7.0
94,1,-5.673120975494385,2.032243013381958,2.0
94,2,-9.312986373901367,10.259936332702637,129.0
94,3,-6.705759048461914,1.2819231748580933,3.0
94,4,-3.3577709197998047,3.062577724456787,4.0
94,5,-3.024127244949341,1.8309326171875,2.0
94,6,-13.05451488494873,6.455489158630371,35.0
94,7,-1.839521884918213,1.5838847160339355,2.0
94,8,-4.903926372528076,2.0148825645446777,3.0
94,9,-17.29616928100586,75.49317932128906,1771.0
94,10,-4.030500888824463,2.739088535308838,6.0
94,11,-9.751479148864746,2.651559352874756,7.0
94,12,-10.662384033203125,8.435734748840332,208.0
94,13,-3.6943471431732178,2.5183069705963135,2.0
94,14,-4.171421527862549,8.050312042236328,3.0
94,15,-9.710443496704102,2.6407010555267334,8.0
94,16,-7.958830833435059,14.19576358795166,4.0
94,17,-0.2439945638179779,1.0415040254592896,1.0
94,18,-1.3189082145690918,1.5521422624588013,1.0
94,19,-1.3076541423797607,1.546330451965332,1.0
94,20,-23.27625846862793,105.13565826416016,3445.0
94,21,-27.1949462890625,6.976142883300781,2958.0
94,22,-7.572792053222656,6.640571594238281,2.0
94,23,-11.30123519897461,16.866153717041016,7.0
94,24,-26.213233947753906,26.48700523376465,337.0
94,25,-0.7961583137512207,1.104640245437622,1.0
94,26,-10.604364395141602,3.7642383575439453,50.0
94,27,-10.504176139831543,1.6119790077209473,3.0
94,28,-7.255233287811279,2.239241123199463,3.0
94,29,-16.2369384765625,2.951939821243286,78.0
94,30,-9.113308906555176,3.1241540908813477,4.0
94,31,-0.600701630115509,1.350332498550415,1.0
94,32,-2.457087755203247,2.268296718597412,1.0
94,33,-12.106026649475098,7.520790100097656,360.0
94,34,-0.4590085446834564,1.06777024269104,1.0
94,35,-13.291543960571289,1.8831212520599365,6.0
94,36,-11.222147941589355,42.128143310546875,734.0
94,37,-21.435890197753906,10.823997497558594,90.0
94,38,-14.384847640991211,36.459861755371094,1291.0
94,39,-14.172642707824707,7.573559761047363,733.0
94,40,-11.295880317687988,2.792391061782837,10.0
94,41,-32.915008544921875,12.577679634094238,1014.0
94,42,-4.681405544281006,1.7953064441680908,2.0
94,43,-0.05324160307645798,1.0044467449188232,1.0
94,44,-1.9608241319656372,1.9224647283554077,1.0
94,45,-12.146289825439453,20.833711624145508,14.0
94,46,-32.82795715332031,5.628186225891113,75.0
94,47,-7.168313503265381,2.449880361557007,6.0
94,48,-45.837432861328125,14.825068473815918,385.0
94,49,-0.3820085823535919,1.210464596748352,1.0
94,50,-4.615443229675293,2.1581265926361084,2.0
94,51,-10.439859390258789,5.69720983505249,5.0
94,52,-54.91671371459961,15.577627182006836,1318.0
94,53,-13.89411449432373,32.250343322753906,1774.0
94,54,-20.53363037109375,18.790958404541016,4094.0
94,55,-11.605365753173828,47.868377685546875,605.0
94,56,-6.798730373382568,3.8952040672302246,4.0
94,57,-6.442497730255127,627.973388671875,64.0
94,58,-12.265243530273438,2.1523876190185547,11.0
94,59,-2.109626293182373,1.2348661422729492,1.0
94,60,-3.479071617126465,2.0053415298461914,1.0
94,61,-18.08966636657715,9.59467601776123,69.0
94,62,-20.511943817138672,18.73282814025879,89.0
94,63,-6.839408874511719,30.560382843017578,28.0
94,64,-1.8150516748428345,1.831283688545227,2.0
94,65,-12.702646255493164,4.101714611053467,6.0
94,66,-22.138179779052734,1602.6168212890625,502.0
94,67,-8.543399810791016,4.153286933898926,18.0
94,68,-1.5378354787826538,1.468819260597229,1.0
94,69,-11.647256851196289,1.9099361896514893,6.0
94,70,-13.159594535827637,5.180747032165527,54.0
94,71,-5.852214336395264,7.033876895904541,4.0
94,72,-24.092288970947266,14.540253639221191,16.0
94,73,-31.177978515625,17.019535064697266,89.0
96,0,-7.650861740112305,1.5683915615081787,7.0
96,1,-5.620745658874512,2.018981695175171,2.0
96,2,-9.327051162719727,10.296075820922852,127.0
96,3,-6.714763164520264,1.282350778579712,3.0
96,4,-3.339069366455078,3.043545722961426,4.0
96,5,-3.0643253326416016,1.8457118272781372,2.0
96,6,-13.16004467010498,6.553547382354736,35.0
96,7,-1.853065013885498,1.5892564058303833,2.0
96,8,-4.828113555908203,1.993178367614746,2.0
96,9,-17.20489501953125,73.7900390625,1753.0
96,10,-4.056595325469971,2.7570157051086426,6.0
96,11,-9.778549194335938,2.6587467193603516,8.0
96,12,-10.781083106994629,8.63839340209961,224.0
96,13,-3.7520341873168945,2.5548884868621826,2.0
96,14,-4.132365703582764,7.8946309089660645,3.0
96,15,-9.744943618774414,2.649827003479004,8.0
96,16,-7.981734275817871,14.30455493927002,4.0
96,17,-0.23993395268917084,1.0407992601394653,1.0
96,18,-1.338334321975708,1.5622254610061646,1.0
96,19,-1.323533535003662,1.5545371770858765,1.0
96,20,-23.34545135498047,106.60072326660156,3426.0
96,21,-27.188453674316406,6.972908973693848,2970.0
96,22,-7.543701648712158,6.592452049255371,2.0
96,23,-11.304082870483398,16.878164291381836,7.0
96,24,-26.294315338134766,26.756820678710938,347.0
96,25,-0.7922454476356506,1.104100227355957,1.0
96,26,-10.614412307739258,3.7689690589904785,51.0
96,27,-10.480611801147461,1.6102532148361206,3.0
96,28,-7.225011348724365,2.231734275817871,3.0
96,29,-16.14592742919922,2.9340834617614746,78.0
96,30,-9.060554504394531,3.1036202907562256,4.0
96,31,-0.5784702897071838,1.335405707359314,1.0
96,32,-2.4046075344085693,2.22896146774292,1.0
96,33,-12.066349983215332,7.471220016479492,357.0
96,34,-0.46708613634109497,1.0690031051635742,1.0
96,35,-13.434051513671875,1.8959437608718872,6.0
96,36,-11.111379623413086,40.60102462768555,696.0
96,37,-21.482376098632812,10.880048751831055,90.0
96,38,-14.332221984863281,35.98331832885742,1278.0
96,39,-14.102483749389648,7.498032093048096,717.0
96,40,-11.245214462280273,2.7795588970184326,10.0
96,41,-33.073692321777344,12.732147216796875,1028.0
96,42,-4.653227806091309,1.7889940738677979,2.0
96,43,-0.055395204573869705,1.004626989364624,1.0
96,44,-1.9807429313659668,1.9352715015411377,1.0
96,45,-12.122336387634277,20.709325790405273,14.0
96,46,-32.610328674316406,5.564087867736816,73.0
96,47,-7.188194274902344,2.4559760093688965,6.0
96,48,-45.750938415527344,14.749832153320312,394.0
96,49,-0.3726409673690796,1.2048083543777466,1.0
96,50,-4.674283981323242,2.1793949604034424,2.0
96,51,-10.462640762329102,5.718883037567139,5.0
96,52,-55.0640869140625,15.69283676147461,1310.0
96,53,-13.891681671142578,32.23073196411133,1763.0
96,54,-20.508956909179688,18.72484016418457,4096.0
96,55,-11.579792976379395,47.46207809448242,590.0
96,56,-6.738110542297363,3.848264217376709,4.0
96,57,-6.432657241821289,621.8240966796875,62.0
96,58,-12.164772987365723,2.138914108276367,11.0
96,59,-2.0488851070404053,1.2273882627487183,1.0
96,60,-3.442828416824341,1.9908578395843506,1.0
96,61,-18.044830322265625,9.541051864624023,64.0
96,62,-20.480087280273438,18.64777183532715,89.0
96,63,-6.781694412231445,29.69109535217285,27.0
96,64,-1.8112696409225464,1.8289765119552612,2.0
96,65,-12.711762428283691,4.105871200561523,6.0
96,66,-22.01889419555664,1540.14453125,491.0
96,67,-8.524702072143555,4.140363693237305,19.0
96,68,-1.5195238590240479,1.4621105194091797,1.0
96,69,-11.536073684692383,1.8981751203536987,6.0
96,70,-13.051307678222656,5.111093997955322,49.0
96,71,-5.9081010818481445,7.166139602661133,4.0
96,72,-24.027851104736328,14.436521530151367,16.0
96,73,-31.338899612426758,17.27034568786621,92.0
98,0,-7.514583587646484,1.555869221687317,7.0
98,1,-5.649250507354736,2.0261881351470947,2.0
98,2,-9.317726135253906,10.272100448608398,125.0
98,3,-6.701047897338867,1.2816996574401855,3.0
98,4,-3.342162847518921,3.0466854572296143,4.0
98,5,-3.0224032402038574,1.8303014039993286,2.0
98,6,-13.147095680236816,6.5414347648620605,36.0
98,7,-1.8568756580352783,1.5907710790634155,2.0
98,8,-4.957974910736084,2.0305001735687256,3.0
98,9,-17.35675621032715,76.64535522460938,1803.0
98,10,-4.049378871917725,2.7520461082458496,6.0
98,11,-9.721914291381836,2.6437318325042725,8.0
98,12,-10.744302749633789,8.575080871582031,222.0
98,13,-3.7673871517181396,2.564713716506958,2.0
98,14,-4.1328630447387695,7.896594047546387,3.0
98,15,-9.98852252960205,2.7151637077331543,8.0
98,16,-7.895074367523193,13.897255897521973,4.0
98,17,-0.24247366189956665,1.0412399768829346,1.0
98,18,-1.3383705615997314,1.5622444152832031,1.0
98,19,-1.3536343574523926,1.5702131986618042,1.0
98,20,-23.381349563598633,107.36884307861328,3362.0
98,21,-27.18816375732422,6.972764015197754,2972.0
98,22,-7.588064670562744,6.6659746170043945,2.0
98,23,-11.33306884765625,17.000917434692383,7.0
98,24,-26.31903839111328,26.839635848999023,359.0
98,25,-0.7996495962142944,1.1051225662231445,1.0
98,26,-10.648282051086426,3.7849597930908203,52.0
98,27,-10.396236419677734,1.604089379310608,3.0
98,28,-7.196567058563232,2.2246921062469482,3.0
98,29,-16.202804565429688,2.94523024559021,80.0
98,30,-9.11253547668457,3.123852252960205,4.0
98,31,-0.5950125455856323,1.346496820449829,1.0
98,32,-2.4597206115722656,2.2702884674072266,1.0
98,33,-12.156155586242676,7.583888053894043,356.0
98,34,-0.4424087405204773,1.0652412176132202,1.0
98,35,-13.4622802734375,1.8984938859939575,6.0
98,36,-11.116016387939453,40.663814544677734,699.0
98,37,-21.475011825561523,10.871149063110352,90.0
98,38,-14.350652694702148,36.14950180053711,1278.0
98,39,-14.175899505615234,7.577085494995117,731.0
98,40,-11.189996719360352,2.765641212463379,10.0
98,41,-33.077362060546875,12.73574161529541,1032.0
98,42,-4.719444274902344,1.8038631677627563,2.0
98,43,-0.05519697070121765,1.0046104192733765,1.0
98,44,-1.9674080610275269,1.9266884326934814,1.0
98,45,-12.025877952575684,20.215900421142578,13.0
98,46,-32.735435485839844,5.600845813751221,74.0
98,47,-7.152413845062256,2.4450161457061768,6.0
98,48,-45.61911392211914,14.635900497436523,385.0
98,49,-0.3873822093009949,1.2137213945388794,1.0
98,50,-4.634808540344238,2.1651034355163574,2.0
98,51,-10.446369171142578,5.703395366668701,5.0
98,52,-55.0263786315918,15.663276672363281,1327.0
98,53,-13.707284927368164,30.778648376464844,1718.0
98,54,-20.525869369506836,18.770132064819336,4105.0
98,55,-11.597792625427246,47.74769592285156,610.0
98,56,-6.908273220062256,3.9814836978912354,6.0
98,57,-6.44741153717041,631.0667114257812,66.0
98,58,-12.183696746826172,2.1414453983306885,11.0
98,59,-2.053873062133789,1.2280006408691406,1.0
98,60,-3.449655294418335,1.9935779571533203,1.0
98,61,-18.021263122558594,9.51298713684082,66.0
98,62,-20.43163299560547,18.519136428833008,89.0
98,63,-6.854784965515137,30.79623794555664,29.0
98,64,-1.8604280948638916,1.8591933250427246,2.0
98,65,-12.660924911499023,4.082744598388672,6.0
98,66,-22.010845184326172,1536.0177001953125,489.0
98,67,-8.531476020812988,4.145040988922119,20.0
98,68,-1.5051993131637573,1.4568839073181152,1.0
98,69,-11.633384704589844,1.908464789390564,6.0
98,70,-13.109169006347656,5.148194789886475,49.0
98,71,-6.033998966217041,7.473272323608398,4.0
98,72,-24.0745849609375,14.51168155670166,16.0
98,73,-31.401077270507812,17.368242263793945,94.0
100,0,-7.537731170654297,1.5579891204833984,7.0
100,1,-5.670144557952881,2.031486988067627,2.0
100,2,-9.303251266479492,10.23499584197998,127.0
100,3,-6.701592445373535,1.2817254066467285,3.0
100,4,-3.3448336124420166,3.0493991374969482,4.0
100,5,-3.0451197624206543,1.838635802268982,2.0
100,6,-13.139667510986328,6.534496784210205,35.0
100,7,-1.805593490600586,1.5705066919326782,2.0
100,8,-4.872176170349121,2.0057644844055176,2.0
100,9,-17.355453491210938,76.62039947509766,1783.0
100,10,-4.020825386047363,2.732470989227295,6.0
100,11,-9.83106803894043,2.6727471351623535,7.0
100,12,-10.709999084472656,8.516450881958008,214.0
100,13,-3.703780174255371,2.5242526531219482,2.0
100,14,-4.145941257476807,7.948400020599365,3.0
100,15,-9.77914810180664,2.6589059829711914,8.0
100,16,-8.063935279846191,14.701926231384277,5.0
100,17,-0.24423563480377197,1.0415457487106323,1.0
100,18,-1.3107695579528809,1.5479371547698975,1.0
100,19,-1.2667222023010254,1.5253757238388062,1.0
100,20,-23.401168823242188,107.7952880859375,3425.0
100,21,-27.29344940185547,7.025400161743164,3036.0
100,22,-7.578551769256592,6.650140285491943,2.0
100,23,-11.327916145324707,16.97903060913086,7.0
100,24,-26.177139282226562,26.367769241333008,346.0
100,25,-0.796903133392334,1.1047431230545044,1.0
100,26,-10.548564910888672,3.73807430267334,50.0
100,27,-10.504937171936035,1.6120346784591675,3.0
100,28,-7.206154823303223,2.2270634174346924,3.0
100,29,-16.051801681518555,2.915729522705078,75.0
100,30,-9.128961563110352,3.13027286529541,4.0
100,31,-0.5779300928115845,1.3350449800491333,1.0
100,32,-2.453433036804199,2.2655351161956787,1.0
100,33,-12.056120872497559,7.458493232727051,355.0
100,34,-0.4781850278377533,1.0706994533538818,1.0
100,35,-13.431171417236328,1.895683765411377,6.0
100,36,-11.067605972290039,40.01290512084961,702.0
100,37,-21.49725914001465,10.898055076599121,91.0
100,38,-14.38205337524414,36.43439865112305,1311.0
100,39,-14.16384506225586,7.5640482902526855,726.0
100,40,-11.293705940246582,2.7918388843536377,10.0
100,41,-32.93603515625,12.598039627075195,985.0
100,42,-4.6634416580200195,1.7912795543670654,2.0
100,43,-0.05382469296455383,1.0044955015182495,1.0
100,44,-1.9766632318496704,1.9326415061950684,1.0
100,45,-12.035881996154785,20.266525268554688,13.0
100,46,-32.97820281982422,5.672868728637695,75.0
100,47,-7.160767555236816,2.44757080078125,6.0
100,48,-45.85356903076172,14.839146614074707,382.0
100,49,-0.3481973707675934,1.1901730298995972,1.0
100,50,-4.657687187194824,2.173374891281128,2.0
100,51,-10.44672966003418,5.703737735748291,5.0
100,52,-55.12282943725586,15.738994598388672,1347.0
100,53,-13.771181106567383,31.27425765991211,1718.0
100,54,-20.503185272216797,18.70940589904785,4115.0
100,55,-11.500296592712402,46.22090530395508,567.0
100,56,-6.702441215515137,3.820908308029175,4.0
100,57,-6.454583168029785,635.6087036132812,67.0
100,58,-12.228654861450195,2.1474711894989014,11.0
100,59,-2.040477752685547,1.2263567447662354,1.0
100,60,-3.4940571784973145,2.0113606452941895,1.0
100,61,-18.09585952758789,9.602106094360352,68.0
100,62,-20.491655349731445,18.67861557006836,90.0
100,63,-6.756499290466309,29.319406509399414,27.0
100,64,-1.8139941692352295,1.8306382894515991,2.0
100,65,-12.661260604858398,4.082896709442139,6.0
100,66,-22.076595306396484,1570.053955078125,506.0
100,67,-8.497723579406738,4.12178897857666,19.0
100,68,-1.5558589696884155,1.4754525423049927,2.0
100,69,-11.683443069458008,1.9137797355651855,6.0
100,70,-13.015705108642578,5.088398456573486,47.0
100,71,-5.843116760253906,7.012579917907715,4.0
100,72,-24.14224624633789,14.62118911743164,16.0
100,73,-31.45557403564453,17.454504013061523,93.0
